name,place_id
Accounts Bureau Victoria Pty Ltd,ChIJ3fDKwcFs1moRZTYqnakRedc
Taxassist (Aust) Pty Ltd,ChIJLzumuv5o1moRVjQhOa2jvKE
Tailored Accounting Solutions - Bayswater,ChIJQXBMaYcl1moRBBMKSzXNNIg
Print Strategy Management,ChIJZzD5tYhd1moRcTto4j-XSOg
Live Well Financial Planning,ChIJExr_dYNB1moRYBtTMwQaopY
Andrew Cook & Associates | Accounting,ChIJJTxisSFv1moR1wT3lGVGOOI
H&R Block Melbourne,ChIJ-0nIFbZC1moROzkjulm0kho
Accountancy Options Pty Ltd,ChIJv5CgtExd1moR8OTKPNfIdw0
Don't Risk iT,ChIJsSPf6iM71moRtUPD8cExup4
Tapps Bookkeeping Services,ChIJqYyQGHU71moRTnTVs36iFvc
EH TAX ACCOUNTANTS,ChIJ8_Mdm9sd1moRFP51JiUJfnQ
Accsum,ChIJNXLU-RUb1moRaYl2rKWhGxo
Bizpath Accounting & Taxation Services,ChIJiWh8mBM91moRIrb38-eT09M
Positive Outcomes Australia,ChIJJdIWLU061moReMAzD8OYkzI
Access Audits Australia,ChIJ-_9vVtJc1moRzBVcQk15NfI
Top Accountants,ChIJ_86pn9hp1moRK11qdZn_Jus
Success Tax Professionals Narre Warren,ChIJC8w37A0R1moRp4b7QGaxKxU
Business Lighthouse,ChIJ0xL0Kog_1moR7oBc36FrYfU
Felix & Co Accounting,ChIJVVXhPWZq1moREtxGGw8smTQ
Armstrong Dubois - Chartered Accountants,ChIJzY_sFLJC1moRMg65bGQlrvg
After Dark Bookkeeping,ChIJCw08uhwh1moRBoNnxtmKxgU
Morgan Business Sales,ChIJje5B8Yhp1moRWqX288bka_k
Hyper Consulting Pty Ltd,ChIJIU84NXFd1moRDGHoAjGVvyg
Insight Accounting - Pakenham,ChIJ-6nYWgYe1moR60ztxpO4gFk
Balci and Associates,ChIJ_9QX_gBb1moRfdY4MJKP73k
New Era Accounting,ChIJ__9jVTJq1moRXC-5g9SWW6s
H&R Block Tax Accountants - Oakleigh,ChIJvQPN82Vq1moRXtCAwSAHclI
La Trobe Taxation Services,ChIJE1W3C65I1moRJTw82e2hEZ4
Taxticians,ChIJXXtAftRB1moR-aeWBe0L6Os
Super Sphere PTY Ltd.,ChIJzSZVvSpC1moRCfYe9RCDlHA
"Accountants & Tax Agents - Tax Accountants, Tax Returns, ABN Registration | Mobile Accountants",ChIJ-TPdzJxJ1moRNCqKEWhmNOw
Invigor8 Accountants & Advisors,ChIJqTJ3VyRq1moR2-VSWIBCXZM
JUST NUMBERS,ChIJAzn-O84_1moR7T_1H5-ZSU0
Absolute Accounting Solutions,ChIJBxtxvzpJ1moRbrgrg5Z5BwM
Malvern East Business Centre,ChIJW5aHB_Vp1moRSw64rxB_nhY
Mathers Accounting,ChIJ5RUGzjEN1moRCjm2JeU6Z90
TJS Accounting,ChIJV7U1ycwK1moRwkY63iQoPlA
RVP Care,ChIJ_f_rvdBF1moRs18avwyEOWo
Expert Business & Accounting Solutions,ChIJMxzsv0N1bqoRkQp6q3Xzals
PMP Accountants,ChIJV5PqfSZp1moRO7Yjjr3ObvE
Crawford Accountants,ChIJd6HMhFRC1moRff-47l5KGUc
Free Tutorials | Arrow Accounting Software,ChIJAQBQ2lJq1moRRqaKfe_idAU
JTCA ACCOUNTANTS & FINANCIAL ADVISERS,ChIJhTI6ljlB1moRWD_dVLlFBtk
Flanigan's Accountants,ChIJg21cAORA1moRjBYpPpgLTXY
Epic Tax & Accounting Advisory,ChIJdUFY_B5p1moR_F6J1k1k7rU
Wise Choice Partners,ChIJVUbQhBpB1moR82euUvnwHU4
Hawkins Consulting,ChIJDwzft4VB1moRov_bAC7Tec0
S & H Tax Accountants,ChIJYy7TgxRr1moRzvWQlrdmmLc
Hamilton Reid,ChIJGbJ39oBB1moRc_5n4h1LsCA
Calm Accounts,ChIJp-nCQz8L1moRjk2tmHnUshk
Maddick Consulting Group,ChIJFYLPIrBv1moRiCQ45K4k_ts
Lisa Stoneham,ChIJNQgKKcxt1moRQmSOrIXmNF0
Bruce Edmunds& Associates (incorporating May Klye & Associates),ChIJudBKqihs1moRA5tn77TMy-g
SharpBooks Business Solutions,ChIJEwt0yNNv1moR41IuFqtkX-A
Coutts Partners Pty Ltd,ChIJS6McWwJv1moRlXd7HHAH3I8
Monami Accounting and Tax Solutions,ChIJM9z5TNht1moR9AS6fV0tGiU
VS EYEWEAR,ChIJLfox1sEM1moR-0bLfyYSynE
All your accounting and business solutions in one place!,ChIJ0dPDZfNr1moRSg_K0kVSDKQ
Superannuation Warehouse,ChIJoeO3rE1d1moRdcZlt5auYG4
Straight Forward Accounting Solutions,ChIJUxVHczcN1moR1fs-1Lpc1KY
CBH Business Services PTY Ltd.,ChIJRUyppU9s1moR2QLOXA-SpEk
AccBook Business Solutions,ChIJewvrW-dr1moRU13fvuxjWAs
BaysideSOS,ChIJd8teB05d1moR-XzlJybwX1s
Active Business Advisory,ChIJlbjI1DwV1moRj5fvaDTjBX0
DJA Capital Pty Ltd,ChIJvwlIw_Zu1moRaEaQSkUNwLE
"Morton, Watson & Young Chartered Accountants",ChIJDTvMzA4U1moRUOCFwqy3Rt0
Social Value Accounting,ChIJUXXnprZq1moRlqz2qsywDPY
OnBookkeeping,ChIJKTEqCfP6KgIRbV5gb-73dig
GF Galbraith & Associates,ChIJ0aTSF6xq1moRpRDuXTxtJno
Uplift Accounting - Oakleigh,ChIJGyps-_MV1moRd7ErXfyS73I
Business Success Systems,ChIJuWpv3zkV1moRraODoEQztIk
ZT Partners,ChIJv5qG_QVF1moRWC1Sy0VFxJQ
Wisdom Tax Accountants,ChIJbTkRTwxA1moRu0Ck_1aW4EU
USQ Ledgerbrains,ChIJ--LrcLFq1moRoE8L10oC5tQ
Forum Group,ChIJ2zdkBkoV1moRRyOH7VV-g6c
Success Tax Professionals Cranbourne North,ChIJC_RLakAb1moR6CH3ulS5Vbo
Ready1,ChIJYyuf7rJF1moR566jStoOK6Y
Quintessential Taxation,ChIJwS_eSeNR1moRRu3bQ0IIuYw
ACCOUNTANTS & BUSINESS PARTNERS,ChIJKUp4IQkU1moRpGBXkCKobSc
Tax Orbit,ChIJVfHExkUF1moR1lGGppnzgdQ
TAX INN - Accountants Caroline Springs,ChIJX38nH8P11moRndYecvGdZX8
Taxtralia Accounting & Advisory,ChIJIU_gZK6J1moR68n9NEN5DZg
Grace Accountants Pty Ltd,ChIJy3oic_Rf1moRqcsqMCu2jCI
BMD Accounting Pty Ltd,ChIJeW6zIXFf1moRMdlWV6tU5qg
Simple Stacks,ChIJBeAAjqY51moRKcWQT0hzS8U
CSG EXPRESS ACCOUNTANTS,ChIJp8tJOACz12oR-R38MGBFjDY
✅Pender - Accountants & Advisors Frankston,ChIJVbJUw9h01moR7uEoQUc9xgc
General Bearing Co PTY Ltd.,ChIJPa1GbXwR1moRezKGsEdDJHk
Daytons Accountants,ChIJUeU_DMhD1moR89CPs9RmfDk
Gallacher Accountants,ChIJh2BLP-0L1moRAAI_a6Y2P10
Gambit Financial,ChIJ4UA122sR1moRJbcDzm-gL14
Tax Today,ChIJI34QEgYU1moR5HOuYdL-n-c
Leading Business Services,ChIJ__-_iYQ41moR86UNnYrAWg8
H&R Block Tax Accountants - Epping VIC,ChIJPfXbNupO1moRGK3exeRC54M
Taxman Accounting & Tax Professionals,ChIJr3CsiA0a1moRfe6PxfWpI_E
Tax Experts Accountants | Werribee,ChIJucgcUqSF1moRZosO80b12k8
Tax Planet,ChIJ__-Ds5L11moRNXVLwblWgek
Lofa Consulting,ChIJu70D_nVh1moRP_sipt6fTWs
MHLUNGU CONSULTING,ChIJq6pm43lg1moR4S3dVKpfftM
Minimal Accountant,ChIJEXhFVQWL1moRFOATDYz2CTs
Sunshine Tax Accounting,ChIJ2_LkaCpe1moRxNPp1v-l2KY
Fusion Accountants & Partners,ChIJNxGH2NtA1moRs-C7BlTHhcc
TAX CIRCLE PTY LTD,ChIJdwGw3nUP1moR72PUYb4QHJQ
Highview Accounting & Financial Prahran,ChIJF67pHzto1moRPLx2RbVP144
ZAQ Accounting,ChIJbQKqipFB1moRHMoAIijv74s
Clear Tax Accountants Broadmeadows,ChIJo2h9kyVb1moR0QyfPsHxuqE
Suewin Box Hill,ChIJA7mnfLBA1moR3fo1PCVi6V8
Versicom Pty Ltd,ChIJbyRvKjgT1moRiJP1gr46Re8
rubyaccountant com au,ChIJq6pm4WsT1moRT6oSJxFhQeg
Ladybug Counts - Bookkeeper,ChIJaQ2C5htJ1moRQcPBRQ3HbVA
CM Financial Services,ChIJq6qqqj1B1moR3tcDDiqEpKA
G Philp & Associates Pty Ltd,ChIJP7vf4Tw51moRK8KoMiXLJ10
Levi Accounting,ChIJq6p-0m8T1moRAzDiXY4xCAM
network financial group,ChIJvW4EqSxO1moRdplmgjoaq88
RPS Accountants & Business Advisors,ChIJRRqbpYRJ1moR3oRrJZCCciE
Top Order Accounting Echuca,ChIJay1hnb8D2WoRRG2W48tnz_E
Kelly+Partners Accountants Castlemaine,ChIJxZDevt4w12oRs5z2ZydQA3g
Horsley Ryan & Associates,ChIJM2jJTe401moR88hkGBZNgOE
Capstone Tax Advisors Pty Ltd - Corporate Tax Accountant | Individual Tax Agent | Bookkeeping in Doreen,ChIJY3yqBJZO1moR72HvABT4Dqs
Jtax Essendon | Accountants,ChIJ___vrQxc1moRtErCM80MLAo
H & A Public Accountants Pty Ltd,ChIJVVUJXq5O1moRBlibaCva_Ds
Jtax Essendon,ChIJU8Hvjoxd1moRpf_oeQQksNw
Q6 Accounting,ChIJVVUF2dk41moRzp7YzZVDRaU
Top Order Accounting,ChIJsTEpPyhd1moRjCWovLvhAn4
STA Accounting,ChIJkccDvvoC2WoRLHcJC7zaDCA
LG Advice,ChIJkRAlaUNJ1moRRWz7GMYLBbo
Worrells Essendon – Insolvency and Turnaround Specialists,ChIJ3xwYPD1d1moR4xuOzOrH1T8
HBT ACCOUNTING t/as HBT &ASSOCIATES,ChIJCefooDVJ1moRt5xUKb4cA5E
Quicktax Returns,ChIJ56uNWwBb1moRSt0b7_2W44Y
Your Business Angels,ChIJY-DnerdA1moR8KVlW4XXexw
Jessica Pena Consulting Services,ChIJo4ssOa891moRVv7ZudkJACI
Pearsons Lawyers,ChIJoyocw1Rd1moRxjKKN_0_U90
"Daryl, Jenkins & Associates",ChIJPQHE8kRb1moR7mEvcgqIh4k
H&R Block Frankston,ChIJw-91Dtp01moRRMCJKRdadzc
PETRIE & ASSOCIATES,ChIJx7TmGB6zJwARi2Xu3-DQyQ4
accountantdn,ChIJR0oe_Qln1moRVGbkCncS8YE
The Fifth Element Alliance Pty Ltd,ChIJ-yiV5VFd1moRIOiXTpb7lns
Drakkar Financial Planning,ChIJq6paaR1o1moRfmwX9nP0vNo
Zensun Accounting & Consulting Pty Ltd,ChIJs02-e2M71moRYJe7YrDX3fM
Supplementary,ChIJUbFkFVZc1moRkZndRjSgLTM
VICPROP FERNTREE GULLY,ChIJZ0kB07s91moRxFwSCYUm55g
Supernova Consulting,ChIJkaadzBVb1moRw42-mwbobso
Unfair Advantage Accounting,ChIJhx3uoZ_f1WoRSkgPJcZagMg
Day One Advisory,ChIJ39R9y7hD1moRKD89HOXg5ms
H&R Block,ChIJRxN6PH5A1moRgJ5cOPTfLME
Sayers Partners,ChIJIWDb0etC1moR9Tc_gD7lNGY
Warnock Accounting (Geelong),ChIJHb-cGQcU1GoRkFsIWDbjVzY
Robert J Nixon & Associates,ChIJxyNIrn4_1moRXnFGxnylMyo
PPR Accountants & Tax Advisers,ChIJMWbahRpC1moRGjg4bcSxxKI
Finn Mergers & Acquisitions,ChIJz-7cSh0U1GoRdiBU9jnjyGI
3B CORPORATION,ChIJ-f8_bLlB1moRX9l3FJU8lIg
Napier & Blakeley Pty Ltd,ChIJ0fikPshC1moRFDq0e3CgOzA
H&R Block,ChIJm0TCeYG7MioRNXv1eN-V69Y
Astera Accountants,ChIJTyXGYVNC1moRE3V3oS_myDg
Profit First Professionals Australia,ChIJuyCRBmxr1moRolFIPwBATYY
Apex Professional Services,ChIJM20t_RoU1GoRp9FwedysxFk
Bayshore Bookkeeping,ChIJl9LqTv7t1moRrB5FsCS8P2A
Cambe Group,ChIJfV3mUw0V1GoRBZ86fkzmd-U
Partners OHM Financial services,ChIJr65hDulp1moRwJnvGqMcgaw
Leer Institute,ChIJndAfMqgW1GoRJSvNfWXhviI
idaws,ChIJL7dj2AwU1GoRs5gSKEDafp4
KnowledgEquity,ChIJx2wyyihA1moRqVPvajX-fdk
Perta Thomson Partners (PTP) - Geelong,ChIJBXqDUwQU1GoR595eLKxlUmY
Top Class Accounts,ChIJVVV5R8ZC1moRMWsEjn3c-YI
SF Audits 360,ChIJq6r6SVng1WoRmCDzUBj0ha0
Meow Business Services,ChIJzb_JFj6McwkROi80y8VXk14
eTaxAustralia.net.au,ChIJeS7zoh0U1GoRxjldSJw8ZHA
Liston Newton Advisory (Geelong),ChIJ41MGu0YX1GoR7MXWmjxHLKM
Gateway Cloud Bookkeeping,ChIJi-PgQSs_1GoRBMRmlYFP-X4
MY BOOKKEEPING SOLUTIONS,ChIJIZU2rEo61GoRjJyMJgs5hYQ
Lowell Accounting Services,ChIJl3Ooukxd1moRT6Iyi_VLGfM
YZ Accounting Services,ChIJI9ISjr18TWIROVEzakwwuy8
Newage Accounting Pty Ltd,ChIJAQBQB35C1moRZhQDK2KzQFc
DFK Collins Chartered Accountants,ChIJJUet1MdC1moRHDi4b4YTxNY
Bellmonts Accountants & Advisors,ChIJs9XncxFp1moRlYRZWpmOZ3M
Architax,ChIJVxkWbgIR1moRlkUxmn8y6vA
Toorak Bookkeeping Services,ChIJURCuTrVD1moRa19tO3aYVn8
LC CAPITAL GROUP,ChIJ1eMdgHgR1moRFCo0DodDX3k
Bon Conseil Accounting,ChIJ9VCm9P9n1moREe2z-yuiZhM
Expert Tax Pty Ltd | Tax Agent | Accountants for Sole Trader | Personal Tax Return | Individual Tax Return,ChIJCeDT9neJ1moRtZDRhd92_QM
POS ALLIANCE PTY LTD,ChIJIw1VKSIT1moRB8AqumyXqnM
AUGE ACCOUNTANTS,ChIJIbz9lDtD1moRWDlX9bAldrE
I-Finance Services Pty Ltd,ChIJrxb0kZiP1moRYHxORq5Y4-k
Achieve Business Bookkeeping,ChIJTZ8E7Gtt1moR804u09vbicQ
Naptix Advisory,ChIJu-3TUd9o1moRjOso1YfrPYM
R&K Taxation Experts - Corio,ChIJAf7TpzYX1GoRfwOE4R2DTa4
HTA Finance,ChIJWRYkSNJD1moRqH2kOvMq8UE
Ryan Group Accounting,ChIJOdt7APpG1moRb_fz0UJdzCs
Health Provider Services,ChIJ43jk_jFb1moRDYLmCgQ9L30
Accounting & Bookkeeping Services,ChIJq6pquTgT1moRrN8CXQny3Z0
Abbott Cheeseman & Co,ChIJr_SU451C1moRnw5_BEtSsII
Axis Consulting Group,ChIJvwdnVbqvJwARXAPgBzgQgAY
Super Sphere Pty Ltd,ChIJT_9wo5xC1moR_LopNCr_tuQ
Skilton Accounting,ChIJE78JZBaP1moRW5t_keiaMnA
Syracuse,ChIJAQDQmUxd1moR2da34CgiOrE
FMW Accountants Pty Ltd,ChIJWWAV0htE1moRpxCk8YkdW8w
Anjie Accounting Solutions Pty Ltd,ChIJy6Acn-MT1GoRqOgf3-TPQH0
The Assignment Helpline,ChIJq7FwmsxY4ogRUvtZPITTows
DBM Advisory Pty Ltd,ChIJVVWFgLFC1moRI2FejE-0PvA
Heffer David J & Associates,ChIJWWsFHbcY1GoRl2Dmkku0JEg
HNH Accounting & Associates - Werribee Office,ChIJF3K1fTqF1moRH-VgMpjhpUY
Smart Tax People,ChIJB6Q40N-P1moRxLpfZRtCazo
Shreeji Accounting,ChIJj_iddR6P1moR1h8pUSWlv8o
Anson & Co Accountant Pty Ltd,ChIJtVeLHQJD1moRSG3qkh1a83Y
Appreciate Financial Solutions,ChIJj-CH4m6u5aoRUqNTK51GTEQ
Consolidated Platform Aggregation Pty Ltd,ChIJQVaClUlC1moR7mJXKzLI5_M
Jason Tabrett FGIA CPA MBA,ChIJHVQyxvND1moRJ9_uY33Itgo
Assistance on Demand Plan Management,ChIJZ4vhDTxo1moRCFzoTQ2xS4k
BusinessBooks,ChIJw5_Zf9-J1moRX2rWYInSUqY
Churchill & Way Bookkeeping Services,ChIJqZkJ7FrX5QQRRZHu5zZDxxI
Rosier Owner Corporation Management,ChIJLxcbeKY71moRu29ElACuAtA
Wealthlord Accountants,ChIJq6p6yUxd1moRQEJLmXjXcss
Red Consulting International,ChIJpcKXnkhd1moRDhQ7Co0UoM8
Smart Business Advisors Pty Ltd,ChIJdb6jB2pn1moR4ooVWDPWztk
Australia Post - Launching Place CPA,ChIJ5WNCSXzUKWsR6_BI_d2BHMI
Bortell PTY Ltd.,ChIJBXxPN0Bo1moRTWBMHXfFROg
RA Advisory | Business Accountants | Melbourne CBD,ChIJWZmH1i5D1moRskC1Blng2i0
Charles & Co.,ChIJBfO84Epd1moRtFX7NuUhTg0
the D & Y practice,ChIJpxmOR0xd1moRulP3wQgeaRM
Liston Newton Advisory (Head Office),ChIJYQ6wl-5D1moR2uvf2QQODr4
Baron Accounting,ChIJsVV167RC1moRWgAOAnmERZc
Accountable Tax & Bookkeeping,ChIJpYPVdeEv1moRmEuqYoNGKg8
Ostendo Consultants Melbourne,ChIJ3X1QVNZo1moRDSuSBO7nP_I
OnVenture Accountants & Advisory,ChIJdbNwfMtd1moR6lTpK52R7Qs
ESF Partners,ChIJUSxmg1pd1moRd5nYE0aAS6U
Diggerson & Associates,ChIJV5TI2jZd1moRNy6U17g0hsU
City Tax Accountants,ChIJxWLMi7RC1moRxS99ovVdAZc
Stevenson G I,ChIJLXBV7iKuJwARvocUIliv3TE
Accountancy Group Services Pty Ltd.,ChIJWyx5r-dC1moR6viw_lBtheM
BRI Ferrier Melbourne,ChIJ8Uu-x01d1moR0q9FIfIx8OA
Charteris & Co Pty Ltd,ChIJkyVLgA9q1moRFo3GwXSZx-I
UniSuper Office - RMIT University (City),ChIJOVsLiahD1moROy7Qt5F9fIU
john grosfeld accountant,ChIJ6XfsfX0Ew2oR3i9EH4zfcCU
ESD ACCOUNTANTS,ChIJbWeplbWT1moRgm2QSFiqDGI
Donegan's Edmondson Turner Accountants,ChIJu9PEVzVd1moRcq52xij5OFo
SMSF Works,ChIJFYVWBMVC1moR0OU-x0Y90Pg
Oke Financial Services,ChIJ95c5Lh1p1moRpO5z2Hu0s_A
Proclaim PTY Ltd.,ChIJxaPHvrdC1moRzyPWpRM_znQ
Payroo Australia,ChIJW60dgFxD1moRIWN33cS-wvI
Boutique Corporate Advisory Pty Ltd,ChIJVZThLMZC1moRHFWKd3sJcg0
DMP Consulting,ChIJazDPaG8JKWsRz_40lryLngY
Mcorist & Associates,ChIJe4lsO1DZ1WoRcs9k1g0EKic
Wise Consultants,ChIJW4YXC_Dt1moRuqUjYehLtM8
Nixon Financial Services Pty Ltd,ChIJaRkg66Lk1moRnLJvlBiR3sU
Accountability BAS & Bookkeeping Services - Casey Area,ChIJG-HfrT0H1moRYfuVd9JV0WA
Local Presence,ChIJiWI8A-7b1WoR5dhU9WOvbXQ
Savi Advisory,ChIJAQCE0YrF1WoR83BbXSGBypA
Mex Accounting (Au) Pty Ltd,ChIJzxfBLD8V1moRnbJ44FPyKbc
Precise Bookkeeping,ChIJcZzlsPMN1moRv5pli9GNSGg
anti piracy content summit,ChIJ__9PK4xC1moRK2sOhphQSOI
VSW Accounting and Business Consultants,ChIJzUWILEhD1moROLzNeqY55k0
DAM Accountants Pty Ltd,ChIJq6rqXtc41moR0nJwo5ujWOo
36. Digital | DRC36 Consulting,ChIJvV1edInb1WoRrN7EJdCZU58
Balance and Flow Accounting Logo,ChIJI6bWzSBD1moR3eBHY9RdOwc
Sample Assignment,ChIJXcyLM3RF1moRoVAT46czWVA
Loc Trinh & Associates,ChIJQZ2LAChe1moR7Hi4prnowG4
Technicorum Australia,ChIJHbAxnS5p1moRvNzKl65_VSA
N & B Training and Recruitment,ChIJm9bfRhdo1moR3NgqJJxxd-A
Outlook Reuse Warehouse,ChIJTx0_uQYe1moR9Ud1t6UbDxs
Aruma,ChIJazhKjYJF1moRA5iY1pP6zM4
Smart Financial Advisory - Financial Planning & Advisor Mentone,ChIJuznDZBRt1moRlIPvDNLsKb8
H&R Block Tax Accountants - Shepparton,ChIJPY3y4veD2GoRKfOB355TeGg
MTSE Accounting,ChIJt95UXI0d1moR7iLWlfFnLJA
Monash Business Awards,ChIJV8wt3U4V1moRImN4PAoTzxM
The Proven Group,ChIJVVWlhaSF1moRvkqzusvz2CM
Universal Business Services Pty Ltd,ChIJ0xIZt-hD1moRqJ8e__jdHNI
"Sartori Freeman, Chartered Accountants",ChIJ763VsE1d1moREDIBLLoDA_8
Junecorp Pty Ltd,ChIJje-6gRlo1moR9hVEWZeySEQ
FirstEden,ChIJM4H7u9Jp1moRnpmVPYFlp28
Dollars + Sense,ChIJq6oT9I1C1moR9rb6UA53SzU
Entrust Your Books,ChIJnzKrMLZC1moRWydzZElakeA
Archa,ChIJrbtIbStd1moRs8QCHkWLNlM
Tradewise Solutions Chartered Accountants,ChIJDwIDowdh1moRW9r7-Se11kw
Koustas & Co,ChIJ3V08bRVo1moRNZ3oPgQy3G8
Beacon Lighting- Head Office,ChIJ23fVuSQV1moRD0wPrLYbtJA
Tree Trunk & Co Accounting,ChIJ__-vXo5C1moRdiJ7VpKeE1M
"SaaSy Management - Bookkeeping, Payroll, BAS",ChIJAV7IENNp1moR5v7qe3rTS0U
Unitix,ChIJvepV-D9o1moRWtNJ_2_f1yM
Hatcher Advisory,ChIJt-R-kwNo1moR5ZpSYV579jA
360 Accounting,ChIJMSP-dWFp1moRMR5WkU_M5oA
Perta Thomson Partners (PTP) - Shepparton,ChIJDRTGqQiE2GoRbFQDg9Qxp_g
Success Tax Professionals Dandenong North,ChIJR32w1_wV1moR_Gl5By12sys
Clear Tax Accountants Pakenham,ChIJZSTAWMcd1moRquozWODBpTQ
Patison Accountants & Advisors,ChIJif8UjfuVKWsRe9DPn3rpEFo
TH White & Co,ChIJH4saF2do1moRSR5SRnYwVNU
Comsource Pty Ltd.,ChIJH4saF2do1moRh7sZCOQqB9Q
Ubt Accountants,ChIJTXBWt2YV1moRag-xDa4aAro
Bilton's Business Services,ChIJh_9A0yMh1moRp1F_Q7O9NZU
H&R Block,ChIJ95RVNPlo1moRzWfJKlfq_Io
Degraves Group - Learning by Example,ChIJh6U-M-Zp1moReAAXrYPrdMo
Business Solutions International Pty Ltd (BSI),ChIJqUf4vos_1moRuJGG-IiC11M
Predikkta,ChIJfzPeijBD1moRql3DchqS1hI
Pakenham Taxation & Accounting,ChIJw7XrV8LhKWsRtzmS-wNe5Uw
TaxSmart Cafe,ChIJr6a3Xzpf1moRpf2-Z_A2gEo
My People Solutions,ChIJwZQt9AcV1moR4ax6u9yURlQ
| Digit Plus,ChIJoxVJKWOI1moR7gpjah4gJpk
Agile Services,ChIJxRVCg9dP1moRXb3USLilkL0
Vendaval,ChIJS7xjGANp1moRPaShCPOT_EU
BJS Insurance Brokers,ChIJ8WouRbjlk2sRynRw0pT_2UI
JV Tax Accountants,ChIJX0mH8UuF1moR2TABh_2cAyE
Eastern Accounting,ChIJd_lcCsj91moRxRYaIuBp7O8
competent financial services,ChIJF41NuxT71moRE8DAwdMFUvk
Geoff Trewarn Accountants,ChIJ17piNtY-1moRbeYrFMGkkzM
GRO Financial Services,ChIJMaa4WIBg1moR2fM_XAmIaYI
Eartrak,ChIJz5WsrRgYKWsRoo8iAQ8xFx4
PSMJ Melbourne Accountants and Bookkeepers,ChIJDV0tuMY_1moRZcF05kVlli4
Stunning Accounting,ChIJR7t_nXijEmsRFjUam2kgodE
Smart Lodge Tax & Accounting,ChIJp5Xb4gCP1moR2QMgTua13Ww
Amber Business Support,ChIJO__weAxT1moRD5YcKEYqpYs
Mas Tax Accountants,ChIJxbBldvOP1moR-qlX1vFLZt8
Just The Right Balance,ChIJ0WfYSIxZ1moRa0tYvxXKyC4
ozi accounting,ChIJEXdPziVd1moR3oU81vum0BI
Succession Plus,ChIJ4bsC9Kc91moRktThqb60F2M
Perta Thomson Partners (PTP) - Cobram,ChIJs5roJkGtIGsRekTL0U2pdvI
Kennedy Tax and Business services,ChIJLYn2fI1d1moRzErkl4PHZDM
Nurobodi,ChIJ1ZUaq5ZE1moRvI_GX0eO88M
Zonk Advertising,ChIJbc8CjZ4iKWsRTlFIkG_OtKA
Tax Ready Consulting Pty Ltd,ChIJPX5Vtx2b1moRLX5Fp8nRmkY
Blossom Accountants & Business Advisers,ChIJvcGxX-OTMioR6WQeBnExW-o
H&R Block Albany,ChIJzUhIMS8nOSoROxAX9wcnKlQ
ATM Warrnambool Gateway Plaza,ChIJ-bgWOpJNzWoRfT_P45ta5UU
Tax Accountants & Business Advisors Manor Lakes | Alexander Bright,ChIJUzFiflyA9CUR2TOwz8LGJPU
H&R Block Armadale,ChIJnehqLWuTMioRaQ4onJbpjmc
Maggie Hill Accounting and Tax,ChIJy1yfDRgnOSoRCAsgcaR7t3s
Rural Bank,ChIJ1zC7PldMzWoRpcB7hmVhRLM
Carbon Forrestdale,ChIJg0gGNgqUMioRcjyaJCRhQrc
Grant Financial Consulting,ChIJq6o6oKSF1moRoGfOYfnUazY
POS Bookkeeping,ChIJB2nBeDNc1moRUEUh8dM52_U
Bunbury Bookkeeping Service - Bunbury WA,ChIJzxxzRDgdLioRf0VjrfpxICg
Hall Chadwick,ChIJmyx9_r0dLioR4hfetSIV4YY
Its In The Numbers - Forensic Accounting,ChIJSZb6gCmXMioRP78vo42qk_0
H&R Block Busselton,ChIJGw8UFhc5LioR_ymLkMdMoX8
LWD Accounting,ChIJm3c3BL6XMioR8axi21lSjw8
Perth Mobile Tax and Business Services,ChIJCfWxgzqlMioR8EZNpsSavFA
GeersSullivan,ChIJz0LpAk2jMioRI-IJDkBP8Ns
Elevate Accounting - Perth,ChIJ24I7TUyjMioRdjy_kALfhUA
H&R Block Bunbury,ChIJHfjm9UAdLioRhzUqnf5fMHc
AccounTopia,ChIJuzbnRlI5LioRmfziWEn0eLU
Mani Business Services,ChIJRyyIyAsdLioRbMZXlSg4RRg
Symmetry Accounting & Tax,ChIJp7HLcpeXMioRR0ivin-IwYs
Kennerlys Accounting,ChIJy5vVRiWlMioRvZ3qp5vSiSo
Strategic Integrative Accountants,ChIJXRq2IQWjMioR0A-s9AQ1CRI
Hire An Accountant,ChIJSReATWiXMioRvBPjd_2yfOg
Strategy Bugs,ChIJAd-t832hMioRIGF0Dk-CL3M
Accountants Direct - Income Tax Accountant Gosnells,ChIJl20l-PCVMioRuPDiaGxwEGg
Lawrence Corporate Solutions,ChIJQ82_NWWhMioRQJBBwGDS9Ec
Fortview Group,ChIJa8P3f3OhMioRRj4823UBChY
Gabcor Trading Business Improvement Specialist,ChIJV5gZyPBD2isRh3GROAbeK88
iqCron Accounting,ChIJb3cV3NKbMioR6gZJzmKqUgo
Melville Cockburn Chamber of Commerce,ChIJcS4ZRpYNrwERkpafneQ8Ujc
Easy Tax Solutionz,ChIJzxcfSv65MioRvYvDG0OtNrk
Total Accounts,ChIJz6ObtxyjMioRYm5h4qp8EtI
JC Finance and Taxation,ChIJ3b68N8W7MioRXKWgQomHoec
H&R Block Fremantle,ChIJHxcgJmWhMioRMc-Jg2CRkeQ
Lavery Bookkeeping.,ChIJLz-BN-GZMioRDO-4NCYT8Pg
The Tax Place,ChIJ__-viPuDMioRQZTG5c8j8q8
Accountants Direct Rockingham,ChIJUd4yvLuDMioRvPjmtPOHnqY
KPC Accounting,ChIJrf8wOduaMioRY7w1ky5m23o
PERTH MANAGEMENT CONSULTANTS,ChIJwT-B8nGZMioRmKOz69VFq_c
Balancing Act Bookkeeping,ChIJV87Eu9mjMioRByuIOyvC0Wo
H&R Block Kardinya,ChIJMwzAOEmiMioRexEjyKE3rs8
H&R Block Tax Accountants - Mandurah,ChIJu3fpAEx5MioRMBegTR9ygmc
MD Business Accountants,ChIJYbbQvFt5MioRB5UOITkRJVg
Prouse Family Accountants Marmion,ChIJcaXj-virMioRIX6lcqLTFyU
Willetton Girl Guide Hall,ChIJD0RYxBm9MioRrZEeDvEgXU4
VOMA Partners,ChIJl_2LN8R_MioRC33sfYf9q-o
McKinley Plowman,ChIJdf2M1Ce7MioRfq2F_M9eGLw
ABE 360 Accounting and Taxation Services,ChIJ__8LPpS6MioRArc1WVS4GnM
PB Accounting,ChIJv-z58PxMFmsRX1RSyqNbYNM
Tax Fast,ChIJiY90BIcEkWsRv4FcUjy765o
The Book Balancer,ChIJBZ3-yxuZEmsRwVOnG_Vp50A
Family Estates Consulting,ChIJAQCU_27IEmsR4Qn5wRwjrDI
B2B Bookkeeping Services,ChIJlYM_H6WUEmsRRpH3euy86nk
GC Accounting,ChIJaVCE1oC9EmsREHQ1kwX_n58
SNA Advisory,ChIJ1zRWciGwDGsRNALU5HUxBEU
Plexus Global Consultants,ChIJLz56K5WvMioRk31QaLSw7N8
Tax123 Online Tax Return,ChIJqeYjFNi6EmsRplK9zfdTymw
Fred Accounting & Tax,ChIJZyZ196K5EmsRxHazaXTucOo
THM Accounting,ChIJyQWYyoC5EmsRDJcJbGAwbGA
悉尼华人会计,ChIJDa1weqO5EmsRTdc0o4Cs3Og
Yellow Brick Road Manly,ChIJXyZvI4aqEmsRqonuWNWdCVQ
RYA Pty Ltd,ChIJFzFffDClMioR57-eCFu2KWE
Bookkeeping Perth,ChIJhQYS3Jm7MioRKQaEAbVvN2A
Elite Combined Financial Services,ChIJ2RQk_5WiEmsRdsn9HByXaN8
Good Thinking Accounting,ChIJyQMTf6O5EmsRb13ZpjK-xtg
online company registration,ChIJH9xlhHqjEmsR5kWxv9DYVOA
Cashflow Bookkeeping & Business Services,ChIJOdGN2Db1m2sR67Bc3nSvcPY
KP Mobile Taxation Services,ChIJ-21abm-4EmsRsU83fIw_CDs
ASM Accounting Solutions,ChIJz9wHLgC6EmsRxwZZfgBybg8
ATB Accounting,ChIJHRcHj6K5EmsRU0eYqHLSwbo
HAZ Accountants,ChIJSS8sFgC6EmsRhXPssyS9DlM
Wards Accounting Group,ChIJgUOYpMPwEmsRUDv_1oeE880
CGM ACCOUNTANTS,ChIJjW_H2H6oEmsR1OgZAFCjdCs
H&R Block Tax Accountants - Gordon,ChIJFTF-fYioEmsRU-NfEBT30vY
JMC Accounting Group,ChIJ-SdkmTOuEmsRVQuE19pNtRg
Camden Professionals,ChIJa_DfWCG7MioRuRK60y690jE
Ironbridge Group,ChIJIcEU7BmlMioR2KJEUGSGBNk
J&N Accountants,ChIJy3EdIBS7MioRZl0fBr2djmw
Etax Local Accountants,ChIJU5oUYBqwEmsRDW_NK1OA4KE
United Business Services Pty Ltd,ChIJe1UDxzW5EmsRAwBmbLsgMVM
ITP Accounting Professionals Hurstville,ChIJl3HWGKO5EmsR2fAOWw4Fu0Y
Stellar Accounts,ChIJXaQswnz-kGsRt9umPuWVqjI
EC Accounting,ChIJ7-NeFr25EmsRsUfeHT6ADOE
Aquarius Accounting & Tax Services,ChIJrWnewOjvEmsRFbqFuZAG3ww
Diane Wills Accountant CPA Tax Agent for individuals and business accounting,ChIJmVdEEsWUEmsRVeftbC3_0tY
Wize Mentoring,ChIJwdFhFjWpEmsR_LCtO8TCicY
Client Focused Accountancy Services,ChIJfZAe39OoEmsRNh_x895NuGU
House of Numbers,ChIJLaPlXn-9MioRaDI8nGvEEyk
AccounTax WA Advisors,ChIJ8fdHauO8MioReRWSU6WjSSM
Bookkeeping And More ACT,ChIJzZLDSK3KF2sRcTN8o_Oue4U
3E Accounting Solutions,ChIJt1rwueuXEmsREsMwMdkPzAQ
GPL Partners,ChIJN1Ls0j-5EmsRnsdWBlYGIHM
ANE Advisory,ChIJy8sLPxC8EmsRSo6PpLmBTNE
SIGANOS SYDNEY ACCOUNTANTS & BUSINESS ADVISORS * AUDITORS,ChIJ__9j5wu5EmsRpAiZ9MIyS94
TaxPlus Accountants & Advisors,ChIJPZNp0yWTEmsRAmkLtGF7Yx0
TaxPlus Accountants & Advisors,ChIJcXk_X9yTEmsRF9tAxqyoPnQ
Accountable Recruitment Solutions,ChIJnQVC0aBGc2sRPP-Yx3aRD3Y
TLK Partners Chartered Accountants,ChIJq3L6gRqxEmsRwhNq1GZAozs
Intelligent Accounts,ChIJrTgcSIeoEmsRSwBAjEWipCU
Legal Trust Audits,ChIJ35480aBGc2sRnITvt8NFkA0
Bondi Tax Advisory,ChIJDfQkY5GtEmsR9huPL_QypPM
"McGrathNicol, Perth",ChIJkzq_4Cm7MioRmtI1crkE63M
Quinlan Consulting Team Pty Ltd,ChIJ6cZHgby9EmsRCPAFQf676EU
Tax Vision,ChIJtbm0LT-uEmsRJFaOH89tkdY
Bilateral Solutions,ChIJHQC7ccevEmsRuiC6FNiqDZI
Accountants Direct - Income Tax Accountants Penrith,ChIJJ4aAQH-FEmsRHtBAORMw2bk
R and S Accountants,ChIJYbf4DZqbEmsRVplMt8c7KTQ
OzTax Accounting and Taxation Services,ChIJRfY8isCFEmsRYi8UC7AcSuw
One Solutions,ChIJi-A2frS6EmsRZnI4ROkAEyQ
GPA Accountants,ChIJUQehcRq5EmsRRCAURw2fhaw
H&R Block Tax Accountants - Earlwood,ChIJaX3w_2y6EmsRC_xXUdyzv3Y
3E Accounting Solutions,ChIJ8bc34ZrAEmsRPR-7pERXYeo
ECC ACCOUNTANTS (TAX AGENTS),ChIJoRrCyUbvEmsRUANbiOEaASU
Pinnacle Tax & Accounting,ChIJWaN5_cLwEmsRFt9qilyl2sI
Ruby Payroll Solutions,ChIJswFWgIevFmsRds0lrsEElPI
Ablaze Consulting Pty Ltd,ChIJB6IHog-iEmsR8DPoeWKPsVw
DP Tax & Accounting Services Pty Ltd,ChIJKdWjss9hDWsR6i2JHPgNxWA
Peter G Clarke Consulting,ChIJ6eSGzQW4EmsRzS3rxJtujLg
Busy bas tax,ChIJE6EHty-5EmsRmoYhDt-BjsM
HLV Partners,ChIJ8eup90k9nGsR369RxzMtguQ
BCU Bank Coffs Harbour Central Branch,ChIJFbOpQdkNnGsRIfMEwHOAFtE
SRVS & Co Pty Ltd,ChIJ6b6QzK2wEmsRiP0oEluQILE
Asset Accounting,ChIJaxtSCsHvEmsReR7AnG4WDq0
MRH Business Accountants,ChIJoyakJJ7tEmsRfI-LxXwwXAs
Business As Usual Accounting,ChIJl8PGIcivEmsRlvrS7ZeSwG0
Bookkeeping Service,ChIJJ-yONdm7MioRlxUtW36WyHs
Dymond Foulds & Vaughan,ChIJUZoYy5OvEmsRkqs6bZueJSM
AIMS AUSTRALIA,ChIJY3ey_silMioRhW16RMv2RA0
MGI Parkinson,ChIJ0TzxBBalMioRH9IxrAACIqQ
FG Wealth Pty Ltd,ChIJdYxg8j-xEmsR_YtSl3z91no
Quantified Accounting Group,ChIJVVWhgRujEmsRJD9BpgWHviQ
MBA Accountants & Business Advisers,ChIJHRcHj6K5EmsRr_bgA10C5RY
Kepco Accounting Pty Ltd,ChIJE1313Qu5EmsRqer1f_SqD8w
Indiana Advisory | Small Business Accountant & Adviser,ChIJcSI5HjujEmsR-ZzeH5PQvEo
Across The Board Taxation & Accounting Services,ChIJqwLCQ6K5EmsRhZQhP1BfSGM
悉尼会计 Hurstville Accountant,ChIJD18OZaO5EmsRziacsYqxzw4
VOMA Partners - Mandurah,ChIJXWMeVDZ_MioRSlxfCMqtPnM
Fiducia Advisors,ChIJu-KApsavEmsRB8sfG0DCjWo
Profit Services,ChIJgVp7VVylEmsR7U0RYTzIp5o
Higher Purpose Accounting,ChIJo9Tj8fa5EmsRuU32oE0sqjE
appleby bookkeeping,ChIJ0x8jE5v5m2sRaGd4hSCG9FE
HLV Partners,ChIJBR1ha1UpnGsRLdpsQoEEO1w
Moneywise Bookkeeping,ChIJTY86IMpZDWsRfRCrxuXR30U
BICANIC INCOME TAX SERVICES,ChIJOwz8wqSWEmsRHtqv5cGzc3A
Clare Cant,ChIJa0ROSaNDc2sRwDRQbnO4PwI
CNR Accounting & Taxation,ChIJc10YBZaiEmsRRTCO6j0JGs0
Cessnock Business Chamber,ChIJEcTeMqEQh4MR2o-yP86ducI
Accountant First,ChIJf6gPCbi7EmsRwzvvCKp9BAY
Pinpoint Accounting Services,ChIJVatG-a2aEmsRJ0tyJ_FzEuo
Shuriken Consulting Sydney CBD Tax Accountants,ChIJ2dLLdgGnEmsR2zCAotVkSu8
IMB,ChIJq6qq7bpGc2sRhXEDvkSFs-4
Tan & Associates,ChIJ2ctL6QaxEmsRJrtFlz20SeE
Sawires + Co - Tax Accountants,ChIJEQ6N5xWxEmsRdfxCUTjW1e4
Acute Debt Solutions,ChIJITN993-lMioRjJ1Sh-ZAvrM
Australian Superannuation & Compliance,ChIJlZJpai-lMioRR6GOW9mUfic
Business As Usual Accounting,ChIJi7iUxwy7EmsR0bU7gsgqwYA
ACP ACCOUNTANTS PTY LTD,ChIJYwMBbk6vEmsRPPX7nC6sBig
StreamSuper,ChIJj4EfZP7HEmsR-qs7HcTfprY
Messenger Murray Picello Pty Ltd,ChIJPTqoGgarEmsRbR7_6A_2dao
Garry Kandil & Co,ChIJsTun3sa7EmsRk0AD3II3xfo
The Capstone Group,ChIJ2Y0EivWtEmsRzS6BGwfq97Y
TFP Tax Accountants Perth WA | Tax Return Services | Tax Agents | Bookkeeping In Perth WA,ChIJK4ga7halMioR4o7j4co9FB8
Ledger Financial Group,ChIJ8WTjNSWlMioRXCQRSxTmvEM
A to Z Accounting Services,ChIJzVjqFry7MioRZDPr0HhXGvI
Accounting & Bookkeeping,ChIJi06CPQC6EmsRf7Tl0O1WjUg
Next Level Accounting,ChIJqaduso5UDWsRfne-htgE1aQ
Financial Guidance,ChIJVVXhKvZ1mmsRajUHzYUeJTA
GM Tax Perth » UK & Australian Tax - Advisory - Accounting Services,ChIJbYCwgSulMioRWA-jRz32x6w
AGR Wealth Group,ChIJq1tFELKlMioREfefuwevfHc
Eric Green Taxation Accountants and Business Advisors,ChIJX_jm_GVNFmsRR1iUFnmn-FY
Good Tax Accountants,ChIJ9QQ0fie7EmsRZt1xzCoU-mk
Allpluz Accountants,ChIJa6oZ856vEmsR8HrKcmLArbM
TAXBoost Professionals,ChIJN-YWhuWTEmsRAxMAn05gymI
Coal Miner Accountants,ChIJ35480aBGc2sREzBF6GD4lRM
Enhance Accounting & Taxation Services,ChIJmf6bdNqkEmsRFjECOXCKcos
ASTA Services SMSF Auditors & Chartered Accountants,ChIJ88WWeGquEmsRNndXBVINFrY
Optimum Accounting,ChIJw2Z8Q1m-EmsRcH9fV1MOUd4
JMK Accountants,ChIJAWZEyRiqEmsRFVqrBSagu2A
Accounting Mastery Pty Limited.,ChIJIc7iY9e5EmsR-VCkk_dbFgI
Your Webaccountant t/as BIG BOSS Accountants,ChIJt6N8ZTSbEmsRvlvChmR0JVU
YCL Accounting & Tax Solutions Pty Ltd,ChIJFzrXlZ1itAERk6IlsZeJW8A
Hassos & Associates Accounting,ChIJk9IdLEKuEmsRdCvTB7RkfWU
Fiducian Financial Services - Hunter,ChIJC-GDLccVc2sR_dWw7G0zKpA
Paragon Accountants,ChIJ8wOci-zjdWsRrp-rDV2R7DI
ITP Accounting Professionals Chatswood,ChIJrfmqodaoEmsREzvxe4wYXc0
Red Fox Accounting,ChIJ__8_ziGuEmsRUXY1j0WO7xw
NumberX,ChIJd4GsRx9LFmsRwgMTl-v3kEQ
PROCESS DRIVEN ACCOUNTING,ChIJ0Z743vmvEmsRo2QLFGQtxNo
eCount Accounting & Taxation,ChIJ20XnG7qlEmsROec7zL24njE
Kirk Davis Accounting,ChIJq6xDSMKuEmsRzFdZ7ITO0c4
Yunari Pty Limited,ChIJ1yYkL6atEmsRYdouvaK0nC8
Allround Accounts Solutions,ChIJm-zbPeOuEmsR6Ev7RxWBcJM
Totekko Group,ChIJVVXRgkSwEmsRWt8qVHZPSyk
Thomco Tax & Accounting Serices,ChIJ35bhGQI9c2sRCsd6JssHdPY
Mid Coast Accountants,ChIJVVXlc_gUc2sRIQfK5IVeVBU
xyZED Accounting,ChIJVVVl0DJMFmsRL0-05uTE0SQ
Classic Accounting,ChIJ2fQUb6O0F2sRKumeoZoqLDE
Accounting Leverage Pty Ltd.,ChIJPdrJEy-mEmsRsyJamBDOx8Q
Superco - SMSF Specialists,ChIJxVY4wELnWEERfQwjzAezY-k
Strive Tax Advisory,ChIJERshaaO0F2sR0XizpYOwtvg
ENKE & CO,ChIJi1rRsCGuEmsRLiES4L14NGc
XCHEQER - Fund Services | Fund Accounting | Fund Administrator Australia,ChIJVVUJ0UGuEmsRyTR7_6NdjZw
Isaacs & Cole,ChIJhUy4APTidWsRddddCF1wi88
MSI Tax and Accounting,ChIJd-AyEFuaEmsRJPFVYWPsS64
Prowess Partners,ChIJ7SC3oz1NFmsR17_x2T5R46M
Chifley Advisory Australia,ChIJu4s3HkCuEmsRT9ApK76QCdg
GM Tax Sydney » UK & Australian Tax - Advisory - Accounting Services,ChIJdy4t5OivEmsRm0tEE0a0G7M
MNSA Pty Ltd.,ChIJ0zrqqkGuEmsR3PxEu0nn-9I
Start Grow Run,ChIJHxD0dQGfEmsRO-l_rt78vmY
Infinium Advisory,ChIJx6G6PRZNFmsR2ug9ksHLmC4
Figures by Numbers,ChIJeQ5Lq_xNFmsRAI-fbJXC34k
Accross Business,ChIJPXnKQvxMFmsREPxY9tJHZfc
PROSET SYSTEMS,ChIJf_7SVcGlEmsRXRX0lWdVShY
The StartUp Factory,ChIJj227K4aoEmsRcLaOC5T6gLw
One Stop Business Solutions (Newcastle) Pty Ltd,ChIJZVFnR1tlc2sRe9OxTxnMc5I
My Virtual Accountant,ChIJyWpVCDRMFmsR8uTDqm_00Wc
Stellar Self Managed Super,ChIJaVomz_lMFmsRA4eikA9V4SQ
Infinity Financial,ChIJBQ0ZCDyvEmsRAr8G6Far1Zs
Charterpoint,ChIJZ4ea9ElMFmsR4BGEkkF9M0k
Shield Wealth,ChIJ-2frzGNNFmsR_VMhmlmsAWQ
Know Your Numbers Accounting,ChIJ88oF3NU5c2sRLmeQLBQm8QI
MagnifyUp,ChIJ4XOIz_k81moRsogxTbp9YJU
Express Mobile Bookkeeping Randwick,ChIJl-3xNMW7EmsRht4jWhrMdL0
Financial Excellence Pty Ltd,ChIJG_JcvTI8c2sRY6AhfmDoc28
Regional Australia Bank,ChIJWywteCb_nWsRBQs19-_woU0
Tofayel & Co. Business Accountant,ChIJ_ayPTnc1FmsRq8ys_3_JeYk
First Class Accounts,ChIJbxMTuDyuEmsRtDEqIYCpIrE
Accolade Advisory,ChIJIfjFfd-xEmsRe4UoZQH8Lx8
First Point Accounting,ChIJtSkkaTP_dWsRlzCLBY1s8us
Ace Accountants & Associates,ChIJ_YyXp8SvEmsRRSKbPqGHf1g
ACE BOOKS & BAS,ChIJ5S8gg6JNDWsRWmv6tQvalyY
Wollcom Credit Management Services,ChIJp7VdLa8ZE2sRXyTYfuMsdvY
Green Lens Accounting,ChIJ747O5jZQkWsR-kSy_Uy1HfA
Rodgers Reidy,ChIJ19r3nxtakWsRlSFFA88-2Mk
KOI,ChIJLylYjjyuEmsRbHKd83tSICg
Control Your Business Wollongong,ChIJpW6XcgYZE2sRx5wXOJYjnUc
Austi Bookkeeping,ChIJK184kOAfE2sR3N2yo8b715g
RDJ plus,ChIJ_VVwK5FmeGkRNHrr2_slrFE
Elevated Bookkeeping & BAS Services,ChIJuTQgjh8RE2sR6C88AcZhtHM
Mind Your Admin,ChIJh3WWjf6bGGsRmTAz0brM1NE
Quest Accounting & Financial Services,ChIJ52xJA1IfE2sRqDCok14LFWg
Executive Strategies,ChIJr4lP6HpbkWsR_ybIUgJwI0o
H&R Block,ChIJIwKNaIkRE2sR69if9ed5UaA
Hot Octopus,ChIJkQlFNPX9MSoRCvSCuWFc3zk
Tax & Legal Services Pty Ltd,ChIJK3ynGAVakWsRIaRSLavYyhY
H&R Block Tax Accountants - Sherwood,ChIJ0_YX3SRQkWsRD_7lId3wZ_w
Stirling Accounting & Financial Solutions,ChIJCY9fxL8RE2sRo9SiXoaFz3E
EYS Bookkeeping,ChIJ0xnIn9sfE2sR24dAWv1Lm3A
GMH Consulting & Bookkeeping,ChIJfR7e3m0TE2sRRdEHM-K2xAg
Cheque Mate Accounts,ChIJg2a0h-rik2sRIQxDg7Y8yus
Blaze Accountants and Business Consultants,ChIJ91rkW_tZkWsRleOej3naaL4
Metro Accounting,ChIJAQAMuT6pEmsR_k5n7dhLFYA
"J. Kopke & Co., Accountant",ChIJh86tkb4RE2sRTSE1Z2FiLVM
ZenBook,ChIJXQIVYo5jeGkRudbMC2xdRD8
Lockhart Business Advisors | Accountants & Business Valuation Specialist,ChIJmQLzQ8qYCmsRfRuV_OG9ztU
Financial Strategies Group Qld - Bribie Is,ChIJzS4sAaPBk2sRRD8mFg0wnJ4
Smart Wealth Financial Solutions,ChIJ_6i_RO9neGkR_8E_oWUYb7w
KIS Accounting & Bookkeeping Professionals,ChIJX3aSi6UZE2sRBA7ZLcFkEx4
ICap Partners Pty Ltd,ChIJdQ2V9h0ZE2sRXwUov99hJ5U
Northern Accountants - Casaurina,ChIJEci_MaqVwCwRUpUgW_PBM2A
Value Plus Financial Services,ChIJGSrSVJFmeGkRKSmJlyEHoJo
Maxmillion Accounting & Services,ChIJ2cYr2beTwCwRbAtnCfAtwWY
Muscillo Romano,ChIJi6o9-vQEkWsRlzy4aSGepG0
FILEforce,ChIJ7RgN7W1akWsRYd8UK6rDusU
EEA Advisory,ChIJZyfLtpNdkWsRCeh5jGtTSFI
AUSPRO ACCOUNTING,ChIJS7vqkRpQkWsRIIA7QAasS3E
Remedy Accounts,ChIJbxiXGFxZkWsRKwSDPLMJFC8
MySOS,ChIJGS0d3QQ_kWsRfOkPF41g188
DeBoss Business Solutions,ChIJyVaGZMo3kWsRDmK0rWYeOjw
Quality Books Bookkeeping,ChIJX7tVaooTkWsRBL70BOt5iDA
Brad Reynolds - Morgan Reynolds,ChIJQTldbRXpuWoR-w8RKk1Oly4
Recoveries & Reconstructions,ChIJzV1UHvMPkWsRcSBtbHjJS9c
Jacki Ullrich Accounting,ChIJHakmG1e0sGoRBm2c-_3axWI
Mac's Accounting,ChIJpbCsmZoEkWsR4Bv192rpch8
Business Integrated Solutions,ChIJ-1ryCOsdkWsRPhnoO82_9Go
The Bookkeeper Lady,ChIJ__9TWpYDw2sR8y8b25uwrFw
Bridgland Findlay Accounting,ChIJIUhaA_MPkWsR9HmVGnhe3xU
H&R Block,ChIJ4Rz-mVFWkWsRqfteyAVAFVM
Heritage Bank Business Banking Centre,ChIJ-cuccltdlmsRuKUlajVNEO4
Eagle Eye Cloud Solutions,ChIJ02mfhzPvuWoRA8UuWZdPO8E
Business Planet - CPA Public Practice,ChIJNRmpvBvPsGoRNnk83U3DnnU
Goss & Co.,ChIJXyM2HyVQkWsRCgoqum6DTBE
Easy Way Accounts,ChIJC8ocNMAFkWsR1mCud8UkE7M
CFO Options,ChIJiTLUjxFYkWsRHOYfTJL7TVM
Krause Wealth Pty Ltd,ChIJOU7H7lwFkWsRRqsgc5rD3uc
Southern Adelaide Bookkeeping,ChIJg5K7XC7RsGoRAuNsJ1aa2PA
APR Bookkeeping services BAS agent,ChIJ50pfEyNAkWsRXmmKMy1cSU0
Enternationall,ChIJeYyTPKtFkWsR82klPmfPpaI
Financial Directions,ChIJoQeSbXL51WsRiion5fFea-o
SJD Advisory,ChIJAUrS1BP1lmsRU-JH7iLTz5c
Proven Accountants - Beenleigh,ChIJExKOdNdZkWsRtFtQAFFl06g
Christine's Books,ChIJaQHIApsEkWsRXxhv2cH9CWo
ZA ACCOUNTANTS & TAX AGENTS,ChIJPRR4rZezsGoRiNtZP-lrDgk
NN Accountability Bookkeeping and Training Group,ChIJcwAkcSyyEmsRXuXBXVQVXhI
Alore Accounting & Financial Services Pty Ltd,ChIJn4UtS64FkWsR7-CqTKe4ISo
Budget Accounting,ChIJq6oavQJakWsR2HM90rNgYTI
Northern Accounting Services,ChIJdRryGYq0sGoRbrQ3Lu50xso
Rooshock Accounting,ChIJy9p-q2p_u2oRd7UvtqSbci0
AKRIVIA ACCOUNTING SERVICES,ChIJWeSxQMK1sGoR7bMfurRhj4I
Trade Connection Australia | Tax Return | Bookkeeping | Outsourcing,ChIJTdfaV7u3sGoRje74-3Zhf3E
InstructAnt Accounting Solutions,ChIJVVWFprDOsGoRWA5EPHQOsNs
Evanoff Tax - Denis Evanoff,ChIJJ_BcdfWvsGoRUPEYgOPLRwU
Probitas Accounting,ChIJ3aMCrx23sGoR21HDLEP7R-g
Business Planet@Salisbury,ChIJJc1MW2ixsGoRFX2STxUZjgY
Lamplight Bookkeeping,ChIJXbw62KSzsGoRXU2zamF2k6o
Shoebox Books Modbury,ChIJxTNEUtXLsGoRVkzGuJ98Wm8
H&R Block Tax Accountants - Salisbury Downs,ChIJXwkUpkOxsGoRlf9iTxePedA
Adcreda Accounting,ChIJjz3qS9uzsGoRJLDj8zVhLxk
Barossa Wealth Pty Ltd,ChIJ__-rP8jruWoR8txb1U4CDX4
Wayne's Complete Office Service,ChIJB9ZeOCLXsGoR-JnznfsRHfY
Jim's Test & Tag,ChIJR5RHb04hsWoRfj9SPlRz5t4
H.U. Partners,ChIJr9hUUy3PsGoRwoLl6EYvEAE
Accru Harris Orchard,ChIJ8-F3bHMlsWoR8Mr_q-xmdXs
KeySupport,ChIJiQK9SlPXsGoRCZY3SyVhMtA
Sylvia Johnson Bookkeeper and MYOB Consultant,ChIJfU94D0LXsGoR3Kd27RsXP7c
Sierra Bookkeeping,ChIJ10CKdXYnsWoRnueeJVFcwFQ
Rowe Partners Christies Beach,ChIJV3vX_0onsWoRWEvDxp1jiso
Definitive Accounting Pty Ltd,ChIJyWzmvUnasGoRMsyKOUgPLYU
EZ Accounting Solutions | Emma Zanatta Business Accountant Adelaide,ChIJi0umHW3RsGoR-BTWzgrUxiE
Alpha and Omega Business Solutions Pty Ltd,ChIJdyY44_TXsGoRrOm4yvlzuBw
RBS Accountants,ChIJEcjT-e7ZsGoRO4uZhog6wm4
Fleurieu Coast Bookkeeping,ChIJ-XBbI7MlsWoRmhWZVj9VvMc
EQ ADVISORY,ChIJ__-PEEbOsGoR4CDeURYrF1A
ITP Accounting Professionals Brighton,ChIJzTXgDjTasGoRCzXW81FvYNI
NAB,ChIJNdYiwEgnsWoRAHvS1SrNi1I
SUN Accounting,ChIJb12DyYe2sGoRbHIfw9olHlQ
Mansour Associates,ChIJq6pa-R7bsGoRc-juJNY53S4
Innovation First - Vex Robotics - Rack Solutions,ChIJJUGoPNwnsWoRLMo6Z6A-54o
TTA Finance Pty Ltd,ChIJde6k9zEhsWoRghM2s2-VK_g
Holistic Business Developers,ChIJqzkATa_PsGoRPp9OWsv4bEY
Cutting Ronksley & Associates,ChIJm55ZSAjYtmoRwtTY5QZhfGc
Account Mechanics,ChIJifOVbODIe6oR5OKNk7vecw4
Aughey's Accountants & Business Advisors,ChIJX_7h45l-u2oRLVa4yukTBzs
Holdfast Accounting,ChIJk_a-8zPasGoRIimLC83ix_M
Pinnacle Same Day Tax Refunds,ChIJbQQjXvTfbaoRwPbHmNNF9hE
Carswell & Associates,ChIJk2aarKd0bqoRu20fYuSnjfo
Southern Wealth Centre,ChIJY6M7STHasGoRAcJnnvTQXz0
ITP Accounting Professionals Kingston,ChIJDYnzms_ZbaoRUV3Ye3XXumY
Minnucci Peter,ChIJuQ2CgJx1bqoRcBoNOJ2Nq5U
Melbourne International Business College (MIBC),ChIJDdkKv0F1bqoRUj-YW78pc-Q
UniSuper Centre - University of Tasmania (By Appointment Only),ChIJk0Tl-aDfbaoRatbcFhYnXbs
Encompass Integration Industrial Automation,ChIJVVWFiB1a12oR5VexCrZ5jRY
Rabobank Ballarat,ChIJ69woF_RE0WoRLonz3NxnBzg
Cocoon Business Solutions,ChIJ5-bxg4OJ1moRn8zQwRluQLI
Sean Joblin Accounting Services,ChIJ-y8vUYZv1GoRjF2K2eFfGE8
GlowSpace Accounting and Business Consultants,ChIJZzuue7oJeqoRXKdYwD9kfgw
Sovereign Financial Group,ChIJMYe2V0xd1moRYDpKHvZ2Kms
Castlemaine Financial Services,ChIJA1-NXt8w12oRK8aNcbRDR0g
BTP Business Advisors Pty Ltd,ChIJm3ogsYsY12oR_V8YwNev5iA
"UTAS Tax Clinic - Launceston, University of Tasmania",ChIJDTAYOl-ncKoRafW6Ori6234
Carol Tillyer Business Services,ChIJG183-Yob12oRnZF53un_qjY
H&R Block Tax Accountants - Kingston,ChIJM5g1d8XZbaoR79KdrCRCxsw
Ascot Rise Advisory,ChIJYwIPK4IH12oRerqCoUaRo0A
Bishop Accountants,ChIJ--odV9kw12oRmRE13h7aSeQ
Rotallieo Accountants,ChIJ5xVPO6Ud12oRT5cxINB_pQg
Central Victoria Certification,ChIJOe9o2u0312oRqjKLN9vWWws
Up,ChIJi4IaSP5n1moRjrjiE9w0Fro
Acacia Group Pty Ltd,ChIJ___DPm851moREKyfP_tADGU
AP Partners Chartered Accountants,ChIJRZo80vtD1moRBlZ8Q0t13xo
Liviit,ChIJ__8z2u1u1moRvAzYf_E-9Rk
The Action Business Coach,ChIJOYtZoIUd12oRY7mGRW0P8ZE
The Essential Bookkeeper,ChIJfTTmrLYd12oR4zBrm3sQHDU
Crunchlab,ChIJi0_VZSRD1moRW7gMJr3NOWk
Motion Security,ChIJAQDMtupI1moRnD61ekTCMdw
Success Tax Professionals,ChIJrZfeNi9s1moRNgOjT1tekrM
Newmarket Accounts Virtual CFO,ChIJz66glgRd1moRZZCc3Qrh3Fs
Hargate Advisory,ChIJ50VwJS9s1moRyOZ8eayMoMs
Archway Legal,ChIJq6r6gWZq1moRs64075oOEz0
TaxBright Accountants - Tax Accountant Melbourne,ChIJLdJU8bJu1moRBFq1vfm9sCE
SubmitReady Pty Ltd,ChIJMQT8SqNp1moRsBCja0jzEwM
Licorice accounting and finance solutions,ChIJl_GdM8E_1moRpTEhybFWbz8
Edge Advisory Services: Integrated Accounting & Business Management Solutions,ChIJueRgXaY_1moRW4OntOKJuIg
Commonwealth Bank Westfield Doncaster Branch,ChIJv7XJXG9H1moRBpmH1WfscsA
Webster College,ChIJt9JvbvVF1moRpIRTN_aeFiA
Glowreys The Riverina Law Firm,ChIJB4alav1Y2WoRLfHq2QtRQ7w
Vision Growth,ChIJVVVVSr2K1moRoTCdSrIFIUQ
Abacus Professional Group Pty Ltd,ChIJP7vf4Tw51moRs3fJYYNf79U
Tributum Tax & Bookkeeping,ChIJtRY_iJxT1moR4yNkV2EHbx8
Arco Advisory,ChIJw_kQKfMV1moRIklU6AG_VPU
360 Install Pty Ltd,ChIJoSU3rFxZ1moReNGgPgG4M44
Abilene Business Advisory,ChIJEfYn4HY_1moR4TYWwVH8tcc
TrustOne Partners,ChIJz0zhCxYW2GoRgc2sJJBaaFY
ACCOUNTS UNPLUGGED,ChIJ-a27LrdA1moRmD8e7ttZU8Y
Findex Torquay,ChIJre8P8xVv1GoRIOgRqarQMpo
BG Wealth Management Pty Ltd,ChIJFykPsM1D1moREjg50jGOTdA
Slate Accounts,ChIJv8uhVjVo1moRhFBqlqREB7c
SG Advisory Kyabram,ChIJ852vU9X12GoRTUGu9NRe4N4
Ocean Grove Accounting,ChIJD5sWY6041GoRiR8n0ONYCHE
JT Bookkeeping Solutions - BAS Lodgements - Training Courses,ChIJnfgKeY0_1moRbL9E7FJxNNo
VR Accounting & Tax Solutions,ChIJvy5-naE_1GoRI-7GRWKQuZU
Two Mile Bay - Financial Planning,ChIJZz_jXRVv1GoRQeHGUl6VVBg
NiaCan trade consulting services,ChIJ__-Tm25I1moRYXXyGpBYpZs
TaxMate,ChIJLSLgOktd1moR-JA71GxbqAo
Age Pension Solutions,ChIJm186FF0_1moR_4NOJz5wD3Y
Composer Media Design Studio,ChIJ8aWgfxQT1moRm9RE4t3evs8
SAM ACCOUNTANTS,ChIJ__-vPMlC1moR7M8KbEd1g4Y
Martin Chiew & Associates,ChIJT1rKccpC1moRH_g8MMl5DlE
O’Shanassy Chartered Accountant,ChIJ58H3HAQU1GoRX5TZ6MrXVtM
Bottrell Business Consultants - Melbourne,ChIJBXVyH7VC1moR-OfOX5K8Uw0
Connect Audit & Assurance Services Pty Ltd,ChIJQaNDFBVo1moRO55n9W7Kj_g
Carbon Mt. Waverley,ChIJt_vj2RBD1moRUZCmeYzpvls
SCM Bookkeeping & Consulting,ChIJfdB67Y9c1moRLKXOj1tlBcg
S&H Tax Accountants,ChIJTXvKOThd1moR1J5hYaQ1z7Q
Cygnet Group,ChIJKXD3eNhD1moR0yIXATCSvkc
DMY Business Brokers - Melbourne,ChIJNxupQ4NC1moRSFPKJvoKmmc
Miller Hannaker & Middleton,ChIJs22TVbNC1moR0114tBTf7kA
Guava Lane,ChIJFwC1lrJC1moRfrc9EVE6tLo
CC1 Advisory Services,ChIJCetfjbRC1moRcZrspIoZ3fk
The Practitioners Vic,ChIJp1k0bqBD1moRKIMZb3Ldrfk
SAG IPL,ChIJMTqbkbBP1moR0lZQBwXWz40
Draffin Walker & Co,ChIJh9nq8iKuJwARcYQzgztSRLo
Ace Accountants & Advisor,ChIJLz9orExd1moRwJu37mXAnNs
BB & Associates,ChIJLx2B5bRC1moRiCmz0hyOc6w
TaxAssist Accountants,ChIJE4p9KVpD1moRBm7NefTpfaQ
WGC Business Advisors Pty Ltd,ChIJ9XoPEchC1moRujXCRYVB0a4
Crowder Accounting Services Pty Ltd,ChIJ_f_Ddk5d1moRHqEC8eX0DE4
are-able Mildura,ChIJmSaSgnEDw2oRi-Gnnn9mvho
LTD SMSF AUDIT SERVICES,ChIJh0opg49D1moRlsDRrT-IMv4
Integrated Group of Sevices,ChIJDxy467RC1moRxPCzjYSm5nU
Alp McNamara,ChIJy753B8lC1moRNel1dhuxY70
Digital Bizz,ChIJV5rykCqpw2oR35mFvZQf7Lc
StuartAirs & Company,ChIJq6p61kpd1moRYzbzkTIVkxQ
Reeves Taxation and Accounting Group,ChIJubSHa6Pk1moR2UfBGViHuSY
Quickbiz Pty Ltd,ChIJw-H2rRqWKWsR7Vg7bWrO7ts
MTSE Accountants & Business Advisors,ChIJ1SxwzVdbKWsRkHf36MN4M0I
Engage Wealth Solutions,ChIJpWhxI0gnKmsRsYPJq3o8TVk
DMG Financial,ChIJ_fALLz9bKWsRX1SAmuy5HCI
It Figures,ChIJb27PjPuVKWsR5ncCNW02M_U
Coopers McGrath,ChIJcyMjAf6VKWsRnY5XcLrQ8QQ
DROUIN ACCOUNTANTS & BUSINESS ADVISERS,ChIJIdcnGVGVKWsROQEZ_QMmYqg
StressLess Bookkeeping,ChIJl3KR__uVKWsRXltCuGKLSSw
K.J.M Bookkeeping,ChIJhXieRUrBKWsRHJ80GkrHq-Y
NAB Branch,ChIJI1P7HW0Dw2oRPlGpESg_cjw
Tarago Accounting and Business Services,ChIJ-WNipwCWKWsRzwqeqjOQrl0
Jeremiah Bookkeeping Pty Ltd,ChIJzcrlBP2VKWsRoZzNNGMCfAQ
RMC Bookkeeping,ChIJaUdHC-GRKWsRWMvWBtqHEMo
The Perrett Group Gippsland Pty Ltd,ChIJH-5EFUYnKmsRMdS_qhCJ8v0
Perrett & Associates No 2 PTY LTD,ChIJWcZpFUYnKmsREv_RWHvsKak
JJA Advisory,ChIJj5_ZaWiVKWsR3cvsxKEaflI
Lifestyle Solutions Financial Planning,ChIJc5afE64Q1moRAw8tk5w93JM
Hartrax Civil,ChIJ46e3yizJ1WoRqepRaXDaBfc
Custodia Plan Management,ChIJV2kSnSCXKWsRoghoYbof1vo
Fine Balance Accounting,ChIJUSL-KUnJ1WoRuemnd2jwXpA
TAB,ChIJpQEPI6ZzKWsRLSkcZ2zhhio
Bookkeeping Personnel,ChIJ2c_mMINC1moRS1V7fwk0YZo
Lowe Lippmann Wealth Advisers,ChIJNwOVBMFp1moRHiaP--aPnoU
Acton Bookkeeping,ChIJlc8CcI0_1moRyEmabuyExcw
Keeping The Books,ChIJ8Wy-g4Yf1moR-TcCsAAxJkQ
Accounts Prior,ChIJVzyVJqpH1moRsYTOhLImLT4
UpStart Advisory,ChIJddJrzLZp1moRubI_ZVDSoV0
Western Coordination Plus,ChIJ__8DIemK1moR_2v2kqJrVYg
Birch Consulting Group,ChIJBQnjRhdo1moRWVmGwBMi7YA
Clients Needs Bookkeeping - Hastings Bookkeeper,ChIJReSJ8Kvn1WoROAYQTw7TwR0
Merg Group Australia,ChIJY6Hgaapp1moRqTi8KSG8Zq8
WiseChoice,ChIJ__8vJxpo1moRqalcGkdTsJ4
Verocity,ChIJLR-VLC0Y1moR8IpwPYzvel4
Bookkeepers HQ,ChIJyXlYKltt1moRHGsHjIW8BSI
Business Advice Specialists Group Pty Ltd | BAS Group,ChIJ-9Cky7Jq1moRqVsCaqbjrHw
RMHEDGE,ChIJ-3NN_Exd1moRkTywg5kI4uw
H&R Block Tax Accountants - Richmond,ChIJpe0I4lp9DWsRrr84ku8htuI
Medipro Capital Finance - Home Loans For Medical Professionals,ChIJq6pOn_5E1moR2i8_KzjXNkA
Quinn Allan,ChIJ28Jz7kxd1moRzFKpMRfLBsY
M & D Taxation Services,ChIJA2J56QiE2GoRCW0-EZe1NmY
Connollys Accounting Services,ChIJR89D8Sqn2GoRSCziHhKHQiU
Own Your Super Pty Ltd,ChIJ_____6sM1moRrwSPyjAGUgE
Nerissa Brooks Tax Agent,ChIJqXQDc0GtIGsRZ-bx6VWRCbw
Tran Trung & Associates Pty Ltd,ChIJu4WA_JBd1moR_AFEL6I_XdI
ProAMS,ChIJ3c3eh65h1moRWfZSoZf9zJA
Recruit Solutions,ChIJlXNsRCcYKWsR8chQDqDU5BI
Propel Digital,ChIJiQJE_8TXJmsRVOguLaQ9pEM
A. Costa & Associates,ChIJKcT82IVn1moRf-8SvuF1B-8
Success Logistics Australia,ChIJqzzbSE5e1moR1WLWYg1xEtY
Mackay & Associates,ChIJq6pW5lvsMioRoEssgIg1hJI
Holloway & Co Business Services,ChIJXTSihp1JIWsRBq8D1E56O2I
Parmesan Accountants and Advisors,ChIJ_1So9YW9JmsRxdYlhjD3nh4
Paynter & Associates (Now R J Sanderson & Associates - Myrtleford),ChIJgVg9bTy9JmsR71Z2Y9L6po0
The Blanchard Group,ChIJQYBs-G44JgARde8mMIQ395o
C&J Air Con,ChIJSbj4xzRYIWsRSbnPOFTMwUo
Ease Accounting,ChIJq6ouYDakMioRtvuNsMEvOLU
Smith Dosser,ChIJF1pTZuIOJ2sRzkvqgC_aWRw
Brewster Walsh & Associates Hamilton,ChIJs2h1owYCzWoRdx3mKY1FTHY
Fanning Accounting,ChIJAy2boLM41moRiRD00imy1OQ
CM Accounts Receivable Services,ChIJq6pumlU-1moRVJ6cssRq0Nw
CG Wealth,ChIJ1QpDdV4DzWoRc2eOZcyFCXE
SRM Taxation & Accounting Services,ChIJZx84JsuvMioR0Eq1VbYruwc
H&R Block,ChIJj3_hZdr8MSoR7Q6jstEaOnk
hdL Bookkeeping and NDIS Plan Management,ChIJx5NWCKs-1moRZOgUA3ZU3ik
Grampians Investment Services,ChIJ55L1nQcCzWoRR1KoJg51jCQ
Halliday Solicitors Beechworth,ChIJD-6z63KxJmsRF2kgtjJJ6dI
Ampersand Tax,ChIJqapqIiWlMioR3Sk_yqp-LEQ
Capstone Accountants,ChIJPXoPi1qjMioRushEB8V2hLE
Macpherson & Associates,ChIJX3GLnymvMioRVsMQWhd41D8
Mark Daniel & Co,ChIJ_aM-SR4_1moRUwpbLmsNKzk
Epic Accounting,ChIJj4kkkwujMioRTznxiXJukZg
Silver Fern Accounting,ChIJEyHcscykMioRr4fAroc0X_o
Sinnotts Accountants,ChIJfdQWLhIP02oRllhuYfePbSs
Struck Accounting Co,ChIJsePnRQcCzWoRjeWK-zFUSAc
Aquarius Wealth,ChIJeVEPGhQ_1moRlbk39BKdQqY
Reserve Wealth Financial Services,ChIJT5Toyey7MioRpFnUKJE6D3E
Newtown Acupuncture,ChIJlxoAJDSwEmsRxFkLm0cVX3U
Account Master Global Solution,ChIJVb9Zh82wMioRQvp0nHIZCO4
AusAsia Financial & Tax Solutions,ChIJPWHSB7yvMioRqmnplIckyDs
Farm Accountants WA,ChIJe5JnGk2jMioRbFEo41-xQmE
Lee Millar Accounting - Mount Pleasant,ChIJS1nyUhijMioRtH0QEQXgcrg
Worrells Perth – Insolvency and Turnaround Specialists,ChIJ24I7TUyjMioReUuTLfek_bI
Stewart Private Accounting,ChIJ4VCOv7S9MioRRraA20ZqKd4
"Innate Being Therapies - Acupuncture, Fertility, Pregnancy",ChIJndjR2F2tF2sRMk-IGf6DFMQ
RS Traditional Chinese Medicine Clinic,ChIJj71u6NOoEmsRsxnyThcUgxM
"INNERME CLINIC,Skin Care,Laser Beauty, hair removal, Korean cosmetics, Facial Spa,스킨케어,레이저뷰티클리닉, 여드름관리, 피부관리, 기미타투점제거",ChIJv4fPCKG8EmsRJii5KTnuDkI
Endeavour Corporate,ChIJHX1M4kyjMioRvP1FOMVXm7s
Elements of Life,ChIJ9da_2F-7EmsRAT_lYrk-esc
SMSF Australia - Specialist SMSF Accountants,ChIJdd3c7BS7MioRyf6tc0v4YXg
SynerQi Acupuncture & Herbal Medicine,ChIJqwalvrHxEmsRfYoZUw0jcmg
Legend Acupuncture and Herbs,ChIJ--NOAoG7EmsRmMXUD6flKWQ
The Heal clinic,ChIJTa9vaNe7EmsRm3gajICtRRU
Acuro Chiropractic and Acupuncture,ChIJK-NPDcClEmsRhzQQawkcu5E
A FISIO,ChIJQ9x4XkG7EmsRbRfHyFTEEl0
Dr Coreena Willoughby (TCM) Registered Acupuncturist Traditional Chinese Medicine,ChIJM1Azye3HEmsROeAHi2ggNUo
ADVANCE TCM CLINIC 어드밴스 한의원 치료마사지,ChIJPRKNsjCkEmsRxX-qcaGUWcQ
Sarah Franklin - Balanced Health Naturopathy,ChIJJVoWf9EBkWsRu8p-fk8fLB4
Fertility Point Acupuncture & Chinese Herbal Medicine,ChIJP5jAOQi7EmsRIASVc1oqYXE
Back On Your Feet,ChIJNbcjh2muEmsRxXc4Zt3rwE0
Acu with Jasmy - Bella Vista Acupuncture Clinic,ChIJ88MH1b2fEmsRDC_9J1Cx96o
Acupuncture Wisdom Online Robin Tim So,ChIJo_cy4xoDkWsRej0Sylvygm4
GCFA,ChIJmdA9DHwFkWsRABqr1UKUL58
Paige Waters Acupuncture - Fertility Detective and Fertility Acupuncturist x,ChIJKSKfPS0FkWsRn_m3EMDuntc
Palm Beach Acupuncture Gold Coast,ChIJ9zIRa8IDkWsRhZl6AcSh0Do
Joyful TCM Clinic,ChIJsQltvFOfEmsRbSnHw8NT138
Holistic Minds Holistic Bodies,ChIJi1tnmOADkWsRyvisr1e0tn0
Andre Denize Acupuncture,ChIJNZz_yWJ9DWsR3Vqw3HR-zjc
Lily Liu – Chinese Medicine and Acupuncture,ChIJiYalUCCuEmsRx5a3xz2ujC0
Robina Acupuncture,ChIJCUisv7cckWsRFJCt6rkv_iE
"Nicole Rupp, Acupuncturist",ChIJs7oBdiKnEmsRDQ5jLvgjGg0
North Shore Health Clinic,ChIJi3YgZvquEmsREoQIgcLb-58
Healthy Wei Acupuncture Clinic,ChIJ_WEUj9GpEmsR4KN77QA74FA
Health Space Bella Vista,ChIJ64fETnWhEmsRS8KvJ7-O9BI
Kathryn Taylor Acupuncture,ChIJJ1sUQr99EmsR0rhezo9MSII
부자 한의원,ChIJYSCPDNSoEmsR3vRXKpZ1MFM
Authentic Acupuncture,ChIJf444ybWvEmsRWmO0AKncY10
Pinnacle Wellness Acupuncture,ChIJL8tdmcmnEmsRbxKO8diXbic
Lee Massage & Acupuncture St Ives,ChIJARoSbxSoEmsRFO8RTRqZUCc
Dimple Naik,ChIJpZxDLlCqEmsReJXtXl6NANo
은혜한의원 JHS Traditional Chinese Medicine,ChIJXbjCfEekEmsRS41rhtjyXkI
Five Elements Acupuncture,ChIJK_09VvHuEmsRtetABL3Ykuk
Spirit Link Massage & Acupuncture Centre,ChIJdz-zXzNbkWsRhReGU57v18M
Lois Nethery,ChIJj68afO2qEmsRpW0XCjX6fKY
Love Acupuncture,ChIJdTawWzWrEmsRqEAEYCAs2fo
Rochelle Hammond Acupuncture,ChIJ7Q6IcQ2xEmsRpXgI2mPhneI
Simone Stolmack Acupuncture,ChIJu_zBQ_CtEmsR3I35bw_1NLI
Middlewood Integrative Medicine,ChIJI2j5FsyxEmsR3QdJKy12TwQ
Acupuncture clinic in Sydney 2000,ChIJj4YL8DyuEmsRyvbhozaRzTU
Prem Acupuncture,ChIJN0LY0Y-lEmsRfbRaH8gVZuU
Healing Art TCM Clinic,ChIJ67i-Y5atEmsR6IoJevExPm4
Ahil Naturopath & Acupuncture,ChIJrRqnCi-xEmsRPt-0nDWB0lk
Tracy Dundon BHSc Acupuncture,ChIJGYEY_kEUc2sRi9fAL7t2Pvg
Lismore Women's Acupuncture,ChIJ13Ug-9qvEmsRMKQz-65qIag
Mrs. Liu's TCM Clinic,ChIJvyF7P4uvEmsRiaqqtEvliYQ
BodyFix Belmont Chiropractic,ChIJOyc8W2Ejc2sRYItXQqGeeZ4
BodyFix Belmont Chiropractic & Massage,ChIJy3SHfecic2sRjPt66YE-75k
中醫 | 針灸 | 中藥 | Sydney CBD | World Square | Imperial Medicine Clinic | 皇家中醫診所,ChIJbxMTuDyuEmsRc1Apj_GJKpw
"Coastal Wellness Cottage - Acupuncture, Chinese Herbs, Massage & Counselling",ChIJecWBEnXLcmsRsXreOuu1suA
ACU RIGHT,ChIJ00-cBAZhDWsRS7P1DC7e5gw
"Dr Hyonna Kang, Acupuncture, Herbal Medicine, Eight-Constitution Medicine (ECM)",ChIJ8wJlWOjLcmsR1UKlagudcAQ
Pain Rehabilitation Acupuncture & Chinese Medicine GORDON 시드니한의원,ChIJI4BdHkWpEmsRul0EUOIIJjQ
Wellness Massage & Acupuncture,ChIJqYnHfE2pEmsRpc_5nwWQio8
Laverty Pathology - Quakers Hill,ChIJtxQOZf2ZEmsRbpXyjKBSJMs
Kathleen Murphy: Naturopath & Acupuncturist,ChIJB0UsJxquEmsRhXeskDIOy78
Healing Art TCM & Chiropractic Clinic,ChIJGVxqN1GpEmsR_CKzV1T9lb4
Palms Healing Massage and Acupuncture,ChIJ26_35uinEmsRV5SvpiLKUBw
Batemans Bay Acupuncture and Chinese Medicine,ChIJjRLTuzrAFWsR13yZ0h9GIPM
Key Acupuncture Warragul,ChIJQ1ta_hSXKWsRlAgfm3Y6iMY
Rochelle Hammond,ChIJAX656-uuEmsRvcVQnP6vZoM
Bodycraft Health Solutions,ChIJBWLlViJZc2sRVkOV0wDSW78
Living in Balance - Acupuncture Gordon,ChIJG6VozXaxEmsRes0Bbr_PPlI
Indi Skin,ChIJyZVE7RiyEmsRxt9rWQiGQrM
Recharge Health Collective Maroubra,ChIJY4GF6eexEmsRAY5a1gjj2oQ
Village Remedies Sydney CBD,ChIJUfU2cauvEmsR3Ntq0u63_9w
Grafton Acupuncture & Traditional Chinese Medicine,ChIJu8_TuZrdm2sRL2qLpLCnsQw
Remedial Physical Solutions,ChIJfSUrETKZGGsRHD5eyFx5bzI
LNTC,ChIJAQDETTa0lmsRAlD3_VFNK20
My Good Health - Sanna Petersen Naturopath,ChIJ8TRXzqhPkWsRoyvOh9YaoGc
South Coast Acupuncture,ChIJHz4G_XOyFWsROifWyAGdsdY
Jin Xuan Tang,ChIJ-aTUM8ClEmsRN3yjSAjbqr4
NICM Health Research Institute,ChIJjRO8mcrvEmsRrps1LunRGjU
Sellick Acupuncture and Chinese Medicine,ChIJz7yfiEQfE2sRSGtHgPDU33Y
Yin Studio,ChIJvSINR6pRkWsRM10_eSP88Fw
Lang Acupuncture and Holistic Health,ChIJEVXeGfZbkWsRcJq0NPzgJl8
Natalie Fitzpatrick Healing,ChIJC9vdMlwfnGsRP1lxb3qXljw
"Paddington Clinic - Acupuncture, Naturopathy, Massage and more",ChIJa9YEa61QkWsRxxsB5OCz-0E
Repromed Darwin,ChIJcauRf1aTwCwRHDuE3GBuUVI
Amber & Flow Modern Acupuncture,ChIJjUHIEpNXkWsR4sXpLLIDlSg
Womb to World,ChIJv-pIn8dbkWsRD5kIZyMUB1g
Patricia M McNab,ChIJReCMGGJWkWsRIsNdYoPtYfE
Juanita Fuchs Acupuncture,ChIJYXv3OM1ZkWsRgJAwBra1kJo
"Naturalane Health Centre - Acupuncture in Coorparoo, Brisbane",ChIJf8ekh0pakWsRApbnUxLupgU
Osteo and Health Inner West,ChIJ__97J626EmsRolFCD5YQVJ0
Helen Gordon Menla Chinese Medicine,ChIJDe1QWM4fE2sRUCjw8j6HkhY
Vibe Natural Health,ChIJw0eIac1QkWsRnCK2Rkb8ufo
AlleyKats Acupuncture and Osteopathy,ChIJ7deo3ubjk2sRg3Lqf-oySsE
Hui Acupuncture & Holistic Healthcare,ChIJA6Z6BVdQkWsRQkwBplJDhG8
The Shift Clinic - Naturopath Brisbane,ChIJWUOTArBQkWsRmoLHK_VmRH4
The Bright Side Family Acupuncture,ChIJ50t10hlXkWsR3GytYwznezA
V.X Acupuncture (Vicky Chan Acupunture),ChIJQ1XrSCFZkWsR-3lkY_Tn7zg
"Trent Dolman - Acupuncture, Massage and Traditional Chinese Medicine",ChIJweQSJYFXkWsR7zgtLxrFLVs
"Stop Today - Laser Acupuncture, Quit Smoking, Stop Drinking",ChIJ0yFv90tYkWsRMlrUv-DnpO4
Good Vibrations Massage and Acupuncture Bulimba,ChIJRRdDEH9ZkWsR9Red2LzH-nw
Dr. Tracy Mcnab (Chinese Medicine) Acupuncturist in Maleny,ChIJiac8tWyHk2sRp1JNMiDmMU0
Hands from Heaven - Remedial Therapy Clinic,ChIJs8WCHoZXkWsRUy5XTEmarws
程和中医 | Richard Pain Free Acupuncture and Herbal,ChIJi_oHDL9FkWsRevvNY1kZlVs
Function.allied Health,ChIJReCMGGJWkWsRtPTGjF0C_zQ
Chinese Medicine Brisbane,ChIJe76vSY9bkWsR5jFGTY2PbRI
Charmaine Renaud,ChIJuxpda3jjk2sR3nw0AksOaDo
Patricia McNab,ChIJVYCr4JhXkWsRMNjUCa-HAok
William Keane TCM,ChIJgX6EPNOdk2sRXdLH_iSECic
Aura Acupuncture and Natural Medicine,ChIJ7woSJsrlk2sRq3P7yOh-Xe4
Matrix Acupuncture,ChIJZQBrdKRok2sR4TXLxZF6kpQ
Ariel Acupuncture Services,ChIJl_XbrR-ek2sR975xoFbg_sk
Coastal Podiatry - Sunshine Coast,ChIJ8Zgns_d1k2sRtTrHsu7mS6E
Chi Link Massage & Acupuncture Carindale,ChIJUcxf7YxbkWsRuh_CkHkjhiI
Natural Health Centre Peregian Springs,ChIJ83kBHTFuk2sRk1wqk_mQcMM
Lasertrend,ChIJk5vZX2Wek2sRS8_Pb2Cb5J0
VITAL PHYSICA,ChIJB90ukVsakWsResBh1Q6JQdk
Nerve Pain Solution,ChIJBw7wPsR2k2sR6XfzKt1Il7w
Square Massage & Acupuncture Currimundi Markets,ChIJH0oUvw6fk2sRTrKeaHvnRCQ
Caloundra Acupuncture,ChIJFSwjXyCfk2sRDL53E6u8Mm0
Nourished Temple Clinic,ChIJfQyVc5puk2sR8JPzMz3rssQ
Patricia Kowal Acupuncture,ChIJfyhmKBxpk2sRZoROcmdOXbE
Spinal Health & Co. Chiropractic,ChIJvY9qVNJ1wmsRYBtvFbZAJ9U
Phillip McManus,ChIJ3ew7Xo1jk2sRFhErd-dkPS8
Soulinspire,ChIJEXRG2oKVEmsR39V88I6XVpg
KungFuPanda Massage,ChIJbXYcvsTxk2sR3T1CrOuGTOo
Balanced,ChIJEZkf_SZo1moRuCns_3OdO6w
Redlands Coast Complementary Medicine. Redlands Acupuncture.,ChIJyxb1DIhfkWsRtgsbj3JZHow
Kerri Adams Acupuncture Clinic,ChIJF-e-j05keGkRfWTFw63W3Y4
JB Acupuncture,ChIJ64A4kFVDkWsRQyMQnhcfDcM
Stand Well Physio & Rehab Oxley,ChIJZ0P8b85PkWsRm7XSBmAfu-E
Business Closed,ChIJv53b27x3k2sR60RbTMrsuIg
THE ORIGIN Chinese Medicine & Acupuncture,ChIJF7a8gexbkWsRSvQbUNKZhtA
Rebecca Welch Acupuncture,ChIJ647p3tYDkWsRL05bzBFynwQ
Peachester acupuncture,ChIJBeAc_JOIk2sRDuDeRnS3Iu0
Chengs Acupuncture & Moxibustion Clinic,ChIJy4-jJ65FkWsRAjikWmmO_xA
Family Podiatry Centre,ChIJo7VW3dhEkWsRK8QXTO_GxNM
Conscious Healing. Holistic Wellness,ChIJFfF4xkQXkWsRK_4tsEji11U
Monash IVF Rockhampton,ChIJYaOsx64Aw2sRVaOLV-iaGis
Soulqi Acupuncture & Massage,ChIJTT5ZPHKPk2sRoxS41icN_qo
Deare Acupuncture Clinic - John Deare,ChIJ174AdvIPkWsRjCidT7DX5QM
Stillpoint Craniosacral and TMJ Centre,ChIJd44d028xt2oRLkQWzkwTABA
INNA Acupuncture,ChIJexulS9alsGoR4o9Usbm5xjw
Acu.Manda,ChIJ0egdt65ZkWsR02Pyt8uJ6T8
Frisbee Chiropractic,ChIJ-R3Qw54nsWoRawJc7PTtmG0
Acupuncture Quantum Qi,ChIJ15rD9QRRkWsRWJImFahWhUA
You Rock Crystals and Good Vibes,ChIJRRmuCrBDvgcRbX3vaGj0cK4
AM Chiropractic,ChIJi5gYNokzeqoRJ6_Ezdi0xcg
Functional Health Studio,ChIJkyFZJe8zeqoR5KHNNSYZbo0
Nest Holistic Therapies,ChIJyWHq6hTHsGoRDS8HFgvj6xo
Aya's Treatment,ChIJn_Ygps3HsGoR4kyNTOjOQ64
Acupuncture at Goulds,ChIJC32yzpV1bqoRkrj8fekigCw
Dr Liu's Medical Acupuncture Clinic,ChIJRSyBEIvPsGoRJrgLH-yZLMY
"Well Spring Acupuncture - Acupuncture Clinic, Chinese Medicine Hobart",ChIJ_WM4f6B1bqoR1NMHeGQThu4
Shen Clinic & Apothecary,ChIJ939oyaF1bqoRYOhC1cyvZaE
Jackie Pisera Acupuncture & Massage,ChIJSUdHTZt1bqoRjx5-YDW_2yg
Imperial Health Chinese Medicine,ChIJT45OQYlp1moR1jwVaDL91ys
Eternal Women's Health,ChIJsb4slUF1bqoRWvY69lG2p54
Fitzroy Chinese Medicine Centre - Dr. Middleton James,ChIJD2ZmRgdo1moRogUMvtK7Xkg
Sacred Point Acupuncture,ChIJl4Hq0Wxj1moR1FhQOxD-Zys
Elsternwick Acupuncture & Chinese Medicine | IVF Pregnancy & Fertility Support,ChIJSbKP-65p1moRJNZCDSZieyQ
Acupuncture and Chinese Medicine Melbourne | Health in Flow,ChIJhf4hl01d1moRo2X6ff9ZcTU
Sarah George Acupuncture & Natural Health,ChIJcy6wLjuncKoRAhbrw15LOFE
Omnicare Medical Clinic,ChIJI5srblVd1moRi9D0bt4y7XQ
冯健强中医诊所 Herbal Elite Chinese Medicine Clinic,ChIJGbI9juI-1moRL-sFtra2Nfc
Healing Well Chinese Medicine,ChIJr-70zb4x12oRPNLnB68e_5w
Brunswick East Myotherapy & Remedial Massage | Clinical Myo Health,ChIJBT1Hls1D1moRfcIUeeNdORA
Jaima Heart of Healing,ChIJYXVLpfVp1moRFYnJzod6mHs
Anchor Dairy,ChIJRbvYQjda1moR2n4ZJsxqvB8
Daniel Padgett,ChIJGw7d7YND1moRK_OOAoKk5-Y
YongHe Chinese Medicine,ChIJC4Ebj2ZB1moRhhFbj756a7A
Davis Z. Pain Treat Clinic,ChIJlUVUYGJF1moRDbpjHZj4MK8
Charles' Chinese Medicine and Acupuncture,ChIJ_zYouCQ_1moRgZG0f6pganM
Point of Balance Acupuncture,ChIJYSf6mtCncKoRmE26dgj7ckE
Aster Chinese Medicine & Acupuncture Clinic in Toorak | Pain/Infertility/Facial acupuncture/General health care,ChIJ_R5_SxpD1moR1u4mB4h7SgU
Functional Chinese Medicine,ChIJ6YNM8JdD1moRC0hAzVlOlsw
Dragon Song Acupuncture,ChIJn2TbBLtZ12oRxAOp_R4ZIKo
NATURAL HEALTHCARE - Dr Karen Gay (Ac),ChIJSXE_-55B1moRJX83UQXUSLs
Niddrie Medical Clinic,ChIJA6KZFAxc1moRGaojSMjSGg0
DAURIM Chinese Medicine,ChIJUbewQvk71moRBL1nrb_YFsk
South Yarra Acupuncture,ChIJkZuh2ilo1moRrKejwvPi_04
Grace Jane - Three Treasures Healing Chinese Medicine,ChIJ80KpOvdc1moRuMQS-5-_hoo
Dr. Debby Cheung Acupuncture & Traditional Chinese Medicine,ChIJicCzR8pC1moRwpMTD1EKnr0
Dynamic Health & Sports Osteo,ChIJ-9iCC81Z12oRYSsVwLWaqOI
The Acu Sanctuary,ChIJ_f-riwg21moRP4IJXuV5hpc
Anna McMullen - Empress Acupuncture,ChIJ9Zln7GZc1moReQ8ppzVcGus
Mr Li Acupuncture & Chinese Medicine Centre,ChIJAfZFR7I_1moRMrOJnvSp7xg
Zen Oriental Holistic Health Eastland,ChIJhzKlz9U71moRdGZyNrlf6CI
Lenon George Binh,ChIJs8RBF2pa1moRP5AEgwm0rS4
Pyers Health,ChIJpyBgAvJC1moROnrT3LNaGjI
Luna Health,ChIJVVVpgLJu1moRTpoVxI3DGAo
Seung Lee - Chiropractor Berwick,ChIJKaFHgdIZ1moRWl4024Wb9a8
Hawaiian Healing,ChIJeTOX7O1t1moRgA8gLpoGRE8
Chudo Education (A happier medium P/L),ChIJE6_-VExd1moRkiDpY3CJHqI
Hello Success Digital,ChIJ__8vJlQS1GoR05kRz9sXLyo
Royal Natural Therapy & Sports Clinic,ChIJE-3d6DNd1moRCTQ2Nx6NcZQ
Great Southern Holistic Health Centre,ChIJaa6Lr64nOSoRdM7a5fzPdVY
Belinda Tran Acupuncture,ChIJZeAqVy69wCwRFqiCwNK4PSw
Rangeview Medical Centre,ChIJhSlBrDE51moR_N_m_77vkpc
Lotus Living,ChIJP5cEXCMU1GoRR7_Ti7iCvJE
Belinda Tran Acupuncture,ChIJKxQpidcv1moRpZIbJ8pd1vs
Shayne Sullivan - Natural Therapist Myotherapist,ChIJRQZk2VAR1GoRiUo8_T1kBQs
Anglesea Osteopathic Clinic,ChIJaVwFijB81GoRmxlImbS5jdE
Pip Atherstone Reid - Anglesea Acupuncture,ChIJSTvmbzx91GoRftkLUTXreEk
Sheng Works Chinese Medicine,ChIJt4NKZF-6MioRARqMwUAy0H8
The Natural Medicine & Nutrition Clinic,ChIJQZjvVvekMioRtPpYfGYSjbA
13th Beach Health Services,ChIJYRWPOo5A1GoRtujoLCJKmog
Therapies For Transformation,ChIJ_dy4UhJD1moRJ-Zh4dbJGRU
Sunshine Coast Acupuncture,ChIJhTBVqdSvMioRap22cYj2BtY
South Fremantle Health and counselling,ChIJi8n7HZOjMioR2DJV9CH7iug
Ambulance Victoria,ChIJ48GUB9-t2WoRhGNzqHjGdrQ
Acupuncturist & Naturopath - Jo Riley,ChIJXfiTpGTJ1WoRGAwfvCq50eg
Baolin Acupuncture & Chinese Medicine Centre Subiaco,ChIJ92ZuyBSlMioRO0HLtRXnGNw
Acu8 Health Carine,ChIJmV1UfeevMioRbn74eoGFMSI
soda,ChIJxRDu_otNFmsRSeOyROAWdE8
Bespoke Medicine - Dr. Marie Hopkinson (Doctor of Chinese Medicine),ChIJ8xi7Q_O6MioR4JfZDAn8OVY
Realign Acupuncture,ChIJW6zJThWlMioRU_dke_A-i7Y
Trigg Medical Pharmacy,ChIJPTcqx0upMioRqy3UFB8c95I
Mount Barker Acupuncture,ChIJm20AVwinOSoR7cW4TjeT2SY
Tao Acupuncture Perth,ChIJN8A8cwWlMioRNVEeGym7AG8
"acupuncture in perth,ancient chinese medicine",ChIJAQAU9Ya6MioR0hKNJV1UB0M
Good Hope Acupuncture,ChIJB1AbBnC7MioR5tIo-A04Or8
Conscious Chiropractic,ChIJT2AZ31ahMioR-wdGmNZiXnY
"And.creative | Design, Branding & Digital marketing agency",ChIJM89IZbZNFmsRjj2T76RW8iY
Philippa Youngs at Good Egg Natural Fertility,ChIJyUqD61sT1GoRE0REq3dC7cI
William's Professional Massage,ChIJr37msP5n1moRu_yjYL3GHvY
Torquay Chinese Medicine & Acupuncture,ChIJGY5lkxVv1GoR_wE7IPLGOBU
Dragon Link,ChIJMU8mcD4nOSoRecL93QxlhVQ
"Radiant Chi - Acupuncture, Cupping, Chinese Medicine",ChIJi5-qf0ZTzSsRPTwawY6-WrM
Jessica Kennedy - Acupuncture,ChIJzb_kpsutNioRXf_A_TJYhlk
Narture,ChIJlai58KGYMioRdFv88kVUjkE
Beaconsfield Acupuncture and Chinese Medicine Centre,ChIJs1pVSACjMioROehrm43fPq4
Prescott Podiatry,ChIJF0ljN5BNzWoRPeXMeKVLvYQ
Fremantle Acupuncture,ChIJoQYpcZujMioRJltzdpPmoj0
Jing TCM,ChIJVVW5pKWJ1moR-fVBAjHC308
Karratha Wellness Centre,ChIJp78lGK4V9isRmbAssxYb9DU
Yamasan Shinkyu,ChIJu1Szll9D1moRekzU6yAvIP4
Jeff Robinson Remedial Massage Therapist Traralgon,ChIJLSM6vBEYKWsRQ3EIWX3nQ-U
Sparro by Brainlabs,ChIJbaAi09-tEmsRAyI1HWcaJsw
Albury Chamber Music Festival,ChIJW3h6QgtfIWsR91Bmkrgn9So
Stacey Fulton,ChIJZSyzgByPEmsRM4H7tn5Hfws
Drake International - Recruitment Agency - Albury,ChIJPZlICWJfIWsRABv_6OjpjrI
NMI Marketing,ChIJXWtmGXO9EmsR--S14eVPixs
DetoXfi,ChIJXdSZQE69EmsR9vduUXQ6cGU
iProcure Australia,ChIJsXjdd8W7EmsRJ3hFLkWEGA0
Yeni Vatan Turkish Newspaper,ChIJzZfzkLG8EmsR4O1JKC4Zi5E
GIGA NEON Australia,ChIJ3SCtQAGjEmsRt3PjTQPiGEY
Franchise Domain,ChIJAQBwPQW8EmsRpqXy3NBS6sk
Black Box Media Co.,ChIJSYnfrzP_kGsRAjbKMv_1Fk4
Arise Web Marketing,ChIJxbTXvzidEmsRP7gak8FB6-0
demoplus,ChIJBxZaTkujEmsRog0v91jpOAg
Newbright Australia P/L,ChIJLSbqgq68EmsRcK3EIsfdb-Y
NPA Marketing Services,ChIJjyUhQmC8EmsRyCz7QlvRj5Y
Trixle Group Pty Ltd,ChIJ-VdEgHq8EmsREB81BqadRc0
iDigital Australia Pty Ltd,ChIJa2IAv5-8EmsRgmRW_c85vg4
Seek+Deploy,ChIJDSAzf3yfn2sRzuSueoC-udY
Hassle Free Marketing Solutions,ChIJ_4Dpq2K8EmsR0q4PnjzZHFo
Abacus Innovate Education Bankstown,ChIJ83SRCuW9EmsRFk8JT0iaJC0
Helpline Marketing,ChIJXZ_AsMu9EmsRtDdVfXlKMcw
Unisense Media Pty Ltd,ChIJs8iaEAqjEmsRdFUiLjkpY3U
IVE - Premiums and Merchandising,ChIJL0aFuuW8EmsRVPAl99mvGO8
Kangaroo IT,ChIJVVW545K8EmsRSjpwW0dtyJE
Signtek (Nsw) Pty Ltd,ChIJ___IG8i-EmsRx7LwFNicXCI
BENTLEIGH SIGN GROUP,ChIJ8wh88q-_EmsRzg6wDwynC9k
Yes Tv - Media and Marketing Agency,ChIJrfxWgsa7EmsRcndiudFFs6E
Conscious Packaging Co,ChIJZwMK39y9EmsRWt_Y6pa9A3o
Urban Prints,ChIJDXwE1Tq5EmsR4wN9pwJp24Q
Lagrange One Design Studio,ChIJM6-O9Lu9EmsRBvWaTTUjGoc
PERMANENTLY CLOSED _New England Sheds Armidale,ChIJg7NOrHSfn2sRA6X6otPIg70
Doon Studio,ChIJF3ZJxq6xEmsR0s7917NQ0Tk
Daledon,ChIJlSIG44e9EmsReg148eTXiKg
Utp,ChIJ86I_2hq8EmsRkedWK0X3jCY
Custom Car Magnets,ChIJVYQIcL-6EmsR-msw4TOIE8g
BrandPlay Pty Ltd,ChIJ24SoY_67EmsR1uzAww34fNk
Scaffad,ChIJL7QC_iavEmsR0Vma99lMzp8
A&D electric services,ChIJ0QTc_uu7EmsR-6ZTJeN9YLA
Print Rite Australia,ChIJWxrHlWewEmsRJdWhZmY0T9M
iDeel Marketing,ChIJWb4Otk9eDWsRMOfyB031cLs
THE SHIFT CORP,ChIJAQDAgw64EmsRYN6KNIWfivs
CLICKPRINT | Signage & Printing,ChIJh508fVWYEmsRWGLBpuuKuOw
Alfa Outdoor Advertising,ChIJ_7jvYh6ZEmsRaPcc7Inly5g
Thinkabout Content,ChIJAQB0rbKjEmsRToa7nGkt5Gs
Konso International,ChIJFY_hcwKZEmsRyrznb0aJCWI
Intense Media,ChIJoydrWDeZEmsRJIkZmbubzlw
Coffeecupmedia,ChIJR_CV6HWiEmsR4Vsax2B8Hd4
Top SEO Sydney,ChIJMXcN3KWlEmsRMPMJNoOUFu0
Graphitype Professional Graphic Services,ChIJy_BWzO6hEmsRnnwEGxwyE3g
If & When Creative Agency,ChIJz3Lb6uyfEmsRkvHkTbroyzo
PALAGIRI MIGRATION,ChIJOSkpGPChEmsRYo6L1Z5L0TM
RGC Digital Marketing Agency,ChIJvzft7lCfEmsRGypB5V3VqV4
Stylish Signs,ChIJyTVbz_-YEmsRY2uocQ2TPUs
Multimediax,ChIJy_BWzO6hEmsRxIKDZQbbOwA
Select Marketing,ChIJq0rb0_OZEmsRU-qsSAoqazo
DigiExpert Australia,ChIJnbCev7jff4oR8Iy_acXSXW0
Wardle Co.,ChIJR8B2HT-v7moRbSZeBdzpx5U
CashnGo Cessnock Plaza,ChIJWwX7UmU1c2sREoJnGCf79aE
Advertising Job,ChIJAem7KkGuEmsRTjx-UAgf31M
Art House Productions,ChIJUdrMx-2rEmsRB07DtNSs1jE
RamtinWorld,ChIJ8yuxuaqxEmsR5LGTM8cQmJQ
Total Retail Advertising (Aus) Pty,ChIJe1lGrPSuEmsRvCddKSCB7UY
Albert Smith Signs,ChIJ8b1Jf3miEmsRHKtgeStnfQU
Vive Management,ChIJc7OqujDJEmsRGg1c0iEJg_g
Ray White Projects WS,ChIJSeNtc92jEmsR0GK5UX9-PFU
Planet Press,ChIJxZuPP5C-EmsRvUaGQb7voeI
Media-V,ChIJlX-uViGvEmsRM9nQup-3s0I
Signature Design Archive,ChIJ-SrGrxynEmsR6p9oo_2xLk8
DesignQ Web & SEO,ChIJI3Kcyie9EmsRqCipO_IrEmo
Hunters & Collectors Barn,ChIJg4o8r1oPnGsRrZ5awcsDn_0
Wrap Co,ChIJj5uPT2FVDWsRy8O6dK71sXI
Digital Marketing,ChIJAQDAnuakEmsR84Hnhq0wx1k
Outlier TV - Business Coach,ChIJPWXcTiyrEmsRouzzvR4H_oE
CloudM,ChIJqQs_f52mEmsRrXML867wgb8
Public Toilets Coffs Harbour Pacific Highway,ChIJJQdNPd8NnGsRQ34fBLr2IiM
Prospect Signs,ChIJORDlc3G5EmsRs_sDn_bcr9o
Outlier TV - YouTube Marketing Coach,ChIJU7pnV8mrEmsRTM6gv7kyj_U
THE GREY CONSULTING,ChIJcYCCJ4G6EmsR2XafPc-iIxQ
Orion Art Gaming Signs,ChIJseMbum3BEmsR8WPt9OFs6zQ
Work 360 - Ace Workwear Pty Ltd,ChIJ96uiRpPuEmsRTOeDJ8PudFo
Business Events News,ChIJp6k_SA6mEmsRInY_TvvCQB0
Sydney Video Producer (SVP),ChIJAQDQosCgEmsRy9kQh3pUXOk
LBD Marketing,ChIJpZeCpxalEmsRog5Y9UIQl1w
Bardalla Business Forms,ChIJZYW6llO4EmsRehyJLrjzsd0
Miquel Digital Agency,ChIJ__8TKSCjEmsRQVtFZq2Q08A
ENVISION,ChIJy5wLAbC4EmsRdwrYaI10TIE
Helio,ChIJJe7F3qapEmsRCvODtqz0rQ4
RAYZOR DESIGNS,ChIJ2f0CDRmkEmsRN2-3uhgp6vM
Y's Communication,ChIJd7lmqyWmEmsRw3kVos0qik8
Royal Sign Co.,ChIJtx5XNSW5EmsRhghSOBMKiFI
My De-zine Pty Limited,ChIJHxdjYxK4EmsRhFIhCErK_sU
NYACO MANAGEMENT,ChIJCyjfXOuwEmsRO1kqhIHlfqc
Advanced Maintenance Australia Pty. Ltd.,ChIJSQ3_4BCkEmsRQpsmGC123MI
Leadweb Marketing,ChIJ0eqwZPSjEmsRZdpDGCMph_U
Excel Visual Solutions,ChIJmd9545xVDWsRvmxz5MN9eeQ
Organic Marketing,ChIJv-yYI3OvEmsRdbKTAClOv5U
AXIS | Media Pty Limited,ChIJLagPRkAFkWsRX_19uQv8IoQ
JPK Media,ChIJG8UPm4ioEmsRkKDFgmAA-VY
MidCoastDigital.com.au - eLearning | Online Events | Video Production | Social Media Services,ChIJfYHiKC3IdWsR17gQdK83ESk
Mkm Signs And Service Group,ChIJMVgJDqk_c2sRmOSs8dwGgd8
A V Corporate - Coffs Harbour,ChIJtxxtU8oNnGsRW28Gp3nUmNg
WebRefresh,ChIJe3BuBJhUDWsRSUezWVFJMOw
AD Space,ChIJM50l7xquEmsROLo3gVyXHrw
Hive Media Group,ChIJH28F6S6FEmsRPXaW-l3tvhk
Fusedmedia Web Design,ChIJrd79j-3HEmsRsjGzsCJpYfU
Leonards Advertising,ChIJRT1mMtexEmsRf_z11kRS9EI
Proven Marketing,ChIJ5f5xTWzHEmsR2oFczzA_I-Y
Alexandra Vanags | Content Creation | Copywriting | Editing,ChIJS8sqmourEmsRVOMILin7cY8
Lifespan Financial Planning PTY Ltd.,ChIJb8N7aIaqEmsRQ8HJcnYD9H0
Electronic Signs Pty Ltd,ChIJ8wTKWmaqEmsRNRVCN9RA_jk
&FRIENDS,ChIJK8c3zEirEmsRZCTP09P--bU
Marketing Professionals Australia,ChIJBR88YW2uEmsRPOIZMKwfYTk
Tucker Media,ChIJeTOZqfrHEmsR-Eu1DgXOlIQ
Inventiva Creative Studio Australia,ChIJL7vNfuykEmsRgqEEcxQWFFU
Viewspotter Pty Ltd,ChIJ_0Yi5-SjEmsRHY7p0mXToP4
WeDooh,ChIJJSer0B6jEmsR9AhLRKuCif0
White Water Consulting PTY Ltd.,ChIJueyXe4-qEmsRJVoIvG8bzVY
The Content Marketer,ChIJAcZw6Zvq2k0RWl-WNrD4bNw
Marketing Inspiration,ChIJyWepK3LHEmsRa5gogKxVjmo
Stratigos Marketing Agency,ChIJYTEJ9lujEmsR3w6kfsxX2zs
Wainwright Media,ChIJdV_IMdoNnGsRdrA6AKeMogg
Marketing Professionals,ChIJlQYp3bWxEmsRt01VBMiHcE4
More Than Marketing,ChIJDWNZeku4EmsR4yHXbtuncn0
Atomic Digital Marketing,ChIJFxoL4tGlEmsRMsqPF_L1Nbk
Trinity Signs,ChIJcTZ43VU2dGsRHvLH5Weya6s
Steve The Banner Guy,ChIJH59qWBckc2sRGgxaLHe1v-4
Exnoweb,ChIJr75ZVFkNnGsRY48A9gokGFQ
Digital Guides,ChIJecfAYu8PnGsRfAEGZUjmZpQ
Refine Marketing,ChIJ6-c73aCxEmsRW1RcTsO3jkw
EUX Digital,ChIJMYixicKtEmsRINagbdESwLs
The Marketing Practice,ChIJvx68ef2xEmsRae_jeSOb50Y
XL Studio,ChIJS0XMkQClEmsR0lmET9xJjZM
Dorsal Media Pty Ltd,ChIJ____4-yhEmsR5hJkTm4Cq1k
Digital Stand,ChIJa-mlGmquEmsRPCH1uHWVtIQ
Publicis Groupe Australia,ChIJx2D1VEOuEmsRGA6_qXSBg88
Graphic Art Mart North Rocks,ChIJtTC26cmjEmsRRcu-hji4gck
Chris & Code: Web Design and Development,ChIJq7o2jF-hEmsRBkiisUMiOiU
Wrap It Up Vehicle Wraps Castle Hill,ChIJ-zqsanyfEmsRcbPTd1jNSnQ
Local Digital,ChIJ6a4FJ5KvEmsRyPs0NHvDCzM
Steve Flory Design,ChIJ3-Z8dBJWKSsR8Nali6mT_7A
Outlier TV - Video Marketing Coach,ChIJ6yPmvC6rEmsR4QJhRGWLrQw
Namaste Digital Marketing,ChIJjwXPE5C7EmsRxvhI6CiaFWc
Reality Designs & Signs,ChIJzy8Yq603dGsRYkBkQi2zXyA
Star Social,ChIJbwTtbt3ddWsRcDYJWw9EQRs
Signarama Penrith,ChIJ-XaRBVCPEmsRi8fs6SeS_qU
3rd Broken Hill Sea Scouts,ChIJSQMMeYOu7moRex7JVb7R5hg
Highland Project Marketing,ChIJq6p-ugvIEmsR6ZUjkoarGE4
Department S,ChIJ15wV5tCpEmsREgv4tQRnre0
Biz Results Value,ChIJDxNaS4JxnmsRhsFXVkPfVgo
The Smart Video,ChIJnzlkh46rEmsRCbS97MNDtpY
Apex Web Solutions,ChIJFeyNqfmpEmsRCT4mDbYueJQ
Boost My Business Australia,ChIJkbDqVa8ZE2sRub6PzD6JTE8
Pistol Shrimp Design,ChIJVToEcYmzdWsRmNPIxumGL-I
Marketing Wand,ChIJKct1TcWDEmsRhcrOKl-_pUw
THE-LOWDOWN Group,ChIJ0yjoBdvxEmsR9673L5mi70A
South Lismore Family Centre,ChIJQ7tqXC-ekGsR341YKcSrtX8
The Digital Exchange,ChIJbyEc1BefEmsRK-EKzV79UYI
Go Big Media,ChIJJZ7bK1zxEmsRYDYwAPSzjzI
D+M Design Marketing,ChIJ6XtYIjyvEmsRMU-TAkpLchU
Girl Likes Chairs,ChIJbaZ9HqifkGsRGkpfG5TQOL8
Snapp Engineering,ChIJlTkNpzGjEmsRAPL_YGajG5s
North Coast National,ChIJ8UXFFz6ekGsR6qCVvgr8768
Street Promotions Australia,ChIJfTIvXI65EmsRBcJLiB3OsRQ
prandible,ChIJC1A1nda8EmsRvG2JA5P4sv4
Bizcon Associates,ChIJVVVVlSMCGTkRqg8NXQHK808
Websoul Techserve,ChIJM0OFUYWnEmsRltDgjAykPMo
Financial Inclusion Network,ChIJ_f0jjx-ekGsReffxQT8T3R0
Lismore Family Relationship Centre,ChIJG7VLwyGekGsRVruBE3Bu49I
Web Design | Google Marketing,ChIJLU9qI5kHFGsRUawkvzQ7KgM
Tremain Media,ChIJFc8OOLWnEmsRKJQNAzpcAGI
Moradis,ChIJ__8bug5YDWsRTccFWVKKVmo
VAP MARKETING,ChIJS4Np-HOpEmsRRmGHX90lwbg
Educationstep,ChIJUURloSynEmsRVVEGN_OOL5w
Results & Co Marketing Agency,ChIJiWYmCx1gDWsRF73wC4E5zaA
PayDay Money,ChIJKYMIRB-ekGsRGOrMIww5UIc
Fully Promoted Branded Apparel & Marketing Solutions,ChIJ0yKfy76VEmsRy_YmRVu8mwE
North Atlantic Technologies PTY Ltd.,ChIJw9V9tk-aEmsR5fH3-Ysk6QI
Tropical Fruits NYE Festival,ChIJo7nTZHSfkGsRfDsaDDNbERc
Handle Branding,ChIJY1RD2MuiEmsRO9zx01JIytY
Idea Consulting,ChIJuXAxUQ6ekGsRxXIGzsizucI
Stroberri Business solutions,ChIJ751DQLFTlGIRms_rdgXhwv8
2 Sons Marketing,ChIJkQtrgUCxEmsRQVw6CvSB3G8
EM Signs,ChIJ-42vnVsVc2sRIDfrahZUxJQ
One Egg Digital,ChIJK2sWUOStEmsRTcymLsqDAhk
33 Creative,ChIJlQYp3bWxEmsRELMhizV9w60
Signforce Nova (formerly Newcastle Signforce),ChIJAR4RNRRBc2sRR0p72UzQ1eM
Samsung Liverpool,ChIJsa9qvLiVEmsRwc9vTTiY4-g
Liverpool Brass Band Hall,ChIJH34nwlWVEmsRbBxnjjTQML0
Sally Sneddon Graphic Design,ChIJkROShsNAc2sR3qBUthLs8Zg
KB Communications and Marketing,ChIJQz_fsTQWc2sRBXIPKGxYDFo
Konektamundo,ChIJ23tpN7qVEmsR-_LdeOPejU8
Onpoint Signage,ChIJfbPy50AVc2sRHdFCj-wXrcM
Emotive,ChIJDcuxHnKyEmsRV7AtD8MEeaY
Social Mission Purpose-driven PR & Communications Agency,ChIJeXuGbbmxEmsRrSpq0xHk7u0
Smart Market,ChIJr51md-2uEmsR1UhiPTdKRMU
Online Path: Digital Marketing Agency - SEO Company Newcastle,ChIJaXxgFasVc2sRNt8UDZVuKmQ
Search Rescue,ChIJg1WmLxmtEmsRunsvhhn5I-Y
Media School,ChIJPUR-gnKyEmsRVV2kL_w4EEU
Ads are blocked,ChIJAQDU6lE-c2sRPWSlsd_hZ0c
Vertifix,ChIJBe-9ES-uEmsR4HFRPc_oRPU
Fletch Digital,ChIJn0lxJh-xEmsRtrwGf2FOe94
Think Signing Up,ChIJS8NA3F2wEmsRxfyrGscOW4k
Rowland Studio,ChIJgRYwGLWxEmsRp8EqRq_SxzI
OnDES!GN,ChIJhTSe8kiwEmsRrlTkw2Hg6gE
TopLine Printing Pty Ltd,ChIJTztvOV2wEmsR7tzVaJ_bEm4
OFA Marketing Production,ChIJ502IcNixEmsRSNzdn_JN-wA
Admentum,ChIJS20fgFuvEmsRSMV0H4JK-vA
Beyond Advertising PTY Ltd.,ChIJ72YaQ72uEmsRHqW24loipug
Girl Friday Marketing,ChIJR_ermXSwEmsRZKM9lkSFYjE
Playstate Media,ChIJLR6Zk3gVc2sRHLv8h4iG6Ug
Hyperactive Merchandising,ChIJC68FxmmwEmsRXJZ7gzzXNwU
Fisheye Creative,ChIJPTBcH40kc2sRc3cvwks3UMY
Matt Phillips,ChIJU65RhkUUc2sRe9xK4E2kSvk
French Fripe,ChIJO49aXy-wEmsRUYEiqtfi4fI
Algo Spot Advertising,ChIJ5QOjG8yvEmsR8un5NeqVe00
Delany Advertising & Media,ChIJDYscTr2uEmsR86bImxValSk
The Local,ChIJISTy5JIVc2sRZndkXx8uEe8
Amor Badge Co Pty Ltd,ChIJqwmoRUWwEmsRcz9SrajdcmA
THiNK Marketing,ChIJ-T7jxZiuEmsRHmbghoieajg
Messy Collective,ChIJE1KTWCCuEmsRmiW1YDAJ7mE
Creative Order,ChIJza9oWqKuEmsRMzJCLCOjKlI
Tortoise & Hare CX Agency,ChIJjxK4EWIVc2sRUWBmIxwt6Rg
Reef Digital Agency Newcastle,ChIJUfC_8_4Vc2sR0omqLH73fv4
RZ Media,ChIJAQAMoeelEmsRd7CYoOFQ9lA
Vega Global Australia,ChIJf3LwFuClEmsRb4QOh9CMljY
Shooting Fish,ChIJ-zyGxl2vEmsRrRGirRuEgoc
PromotionsOnly,ChIJoV6gQWevEmsR7oxsWeCQlcI
Geen Design & Marketing,ChIJp7FhtoAUE2sRpDLtprDVHxs
Full Fusion Social,ChIJTTpO3XoTE2sRum050aFi7Ms
Real FX Photography,ChIJF2dMRwOV9AwRshr5dXFAsag
The Automation Girl,ChIJHxZkJE6BFGsRn1VbunNI2ns
Snap Franchising Pty Ltd,ChIJK-nYtbFA1moRvoa3fY1epgU
WEBMATRIX CAPITAL,ChIJg_7crgimEmsRfreSrOkpI9c
Marketing Elements PTY Ltd.,ChIJmQgjHOCxEmsRe0EY1eaEaoQ
Spectra Logic Australia,ChIJf3LwFuClEmsRi7PIULMYOAw
becmorris design,ChIJ43tqbVqAFGsRfMBBkV6aBuw
Marketing Samurais Sydney,ChIJeT35HbKnEmsRw72h8DxnWgQ
Internet Web Consultants,ChIJR4djMTVjFGsRZ-kL0jAwuTw
Nowra Powerboats,ChIJQ0RZyY6AFGsRSmv_QF8MEnI
8WEB,ChIJof4xq0SEFGsRrEAe5mkc--8
The Younique Studio,ChIJTTXbxs9tE2sRb75UljuLH7s
WholestarPR,ChIJr2gUCIMtEGsRpl0-KQZwkJ0
Grand Print Services,ChIJKSdRWg5vE2sRL3Dmyl9nPHc
Animated Biomedical Productions,ChIJpxTW7u2iEmsR06iJk5FAHss
Dragonfly Marketing,ChIJAQC8HCb_nWsRs1qvpLCdkQg
Eureka Creative,ChIJxUz76nRsE2sRU8QkhUoitsA
Our City Real Estate,ChIJ10nePo8tEGsRbWgrjaItjtA
Alarmed Self Storage,ChIJKV1MYzItEGsRk7xuFtu40R0
SuccessWithMark.Rocks - Web Design and Marketing Specialist,ChIJNTAsV0MTE2sR9ZTspB-yJlo
Milc Studio,ChIJKwABYl99E2sR5zZ9_z7O0x8
Good Signs,ChIJk4ebM5-LFGsRs9aUJFG9OEM
InternetSavvy,ChIJSYNSq6YTE2sR_dJbtI1Dtx4
Webhead & McCann Media Group,ChIJs-I5_PwBdmsRg6C0i1eN7Kk
Optus Business Centre Regional NSW,ChIJlaqUItMsEGsRLylzA1VPmUQ
Capri Computers,ChIJq6qOcluAFGsRsFyQQ0trPM0
Outdoor Advertising,ChIJD_6NVCb_nWsRgXBwXUytVHc
My Video Producer,ChIJhxPLV_7_nWsRjGAea2IeiZo
Nero Digital Marketing P/L,ChIJn8oobvLidWsR2TexreI1p7s
ActionCOACH Business Coaching,ChIJ7WnVGB3_nWsRIjgw0GQib3U
Port Stephens App,ChIJaaL7LTxxc2sRlOOLOxUTb5g
Cristian Campano Design,ChIJjfaisKn_nWsRitUvOQ3ZFkM
Howard Bruce & Associates,ChIJpf0wQDL_nWsRBw3HbZu1vWE
Port Stephens council depot,ChIJw0fi49ODc2sRMfQIarS3Qmk
Integrity Sign & Film Design,ChIJt0qqDElMFmsRPPK9_7gMcCo
Savage Customs - Signs & Wraps,ChIJx-iCArGfEmsRtkAeSUXS9RQ
Paddywack Promotional Products,ChIJucktuy9MFmsReNMw4GOoGy8
Simulinc,ChIJ_fa8nvQvnGsRAIEPM_m00w8
FN Signs,ChIJ_3T-fzl2k2sR5vffBLepCLc
Construction Training Institute,ChIJ_6gvhTj_nWsRXMWAt7eJ8bA
Port Computing Solutions,ChIJKfR9oGqRXAERI7uhGs0LtZc
Write Approach Marketing,ChIJIy4bgrT3dWsRaS8ILUHZGu8
The Signguru Pty Ltd,ChIJhbYX_diZEmsR77iALwGYHMY
tortuga festival australia,ChIJibqmgK3_nWsRSL9zSvdOPeE
Scott Hawkins Photography & Prints,ChIJC7fHjab5nWsR7RTt_sRCMJw
Safety Tech 360 Pty Ltd,ChIJ89TvlqZOFmsRLzPrUKoIsJ0
Go Viral Now,ChIJHbnZemuyEmsRKpXNd0vsYDw
Marmot Inc.,ChIJ7eauvwmuEmsRxUG29ATHbac
Thunderous | Design | Branding | Content,ChIJ4S-Cc7azEmsRa1iS9jyJ9YY
Hive Direct Marketing Solutions,ChIJez4LPJWxEmsRh26YSNNnZbk
Leap Agency - Digital Marketing Sydney,ChIJ5ba_ff2tEmsREN-BccnJmY8
STARTD,ChIJRWOhckCuEmsRMqQCLfGP-GE
World of Discoveries,ChIJ8bYowRiyEmsRIaYDqG0FioY
BidPixel,ChIJRXcFQECuEmsRo6lqXhteJj8
Publicco Media PTY LTD,ChIJ_8gFPvGtEmsRtZQ5zPwbhe8
Visibility Marketing,ChIJuTxqgsC6EmsRWG9nGFMUJkI
The Recruitment Company - Specialist Recruitment | Recruitment Agency Sydney,ChIJ-7-3BkGuEmsRaAKOn0YFIm8
The Creative Lodge,ChIJX2deLhqyEmsRRq-1-5n2CZQ
Cube,ChIJASHOlruxEmsRFn268nBTxKU
Blugibbon | Medical Recruitment Australia,ChIJ5QnaWOCuEmsRt3jm5ctejWc
Kreate (Sydney),ChIJ30eZxgFo1moRhhQCXFjWL0U
AdServe Digital Signage,ChIJMXWk6T6uEmsRt2R1TWz9zRA
Valley Marketing,ChIJQTHfJDTcm2sRAdTrS9H3SGM
Nu Agency Group,ChIJq6pqoT2uEmsRun0IRRAyNvI
Marketing Transformers,ChIJ954OJ0WvEmsRTAT-Cd8oeTA
SEC Newgate Australia,ChIJaadO40GuEmsR3R0wTpZPV2g
Jack Morton Worldwide,ChIJJ3r8ThKuEmsRaZ10rdJDIA4
theAd - Digital Agency,ChIJS6VefdyxEmsRqinRX_aLQCI
Elsner Technologies Pty. Ltd | Ecommerce Website Design & Development Company,ChIJCQ-t84CvEmsRIsSQDw1lOXk
Roosearch,ChIJAxJP8Su5EmsRfzpPpbclNZs
Torske & Sterling,ChIJ4QRbImquEmsRkjjHLDWNhgs
Integral Ad Science,ChIJXxtVnTiuEmsR_f9dg4TM8_o
Pacific National Grafton,ChIJ19-aUv7bm2sRXzOG252-x2A
Sydney Digital Marketing,ChIJa-mlGmquEmsRPF_vE66cY70
Broadcast,ChIJmTPrQj6uEmsRh7PWkPGM9D4
Melotti Content Media | Marketing Agency,ChIJuaUv9j-uEmsRHyMidTiLfCw
Good Talent Media & PR Agency Sydney,ChIJDbd522-vEmsRgQit_LsjQDg
Drake International - Recruitment Agency - Sydney,ChIJpQm9GkGuEmsR-U05nJitFLY
MARAHN,ChIJAQBMIwrcm2sR5oMB3aazYyo
Media Federation of Australia,ChIJrbfirRiuEmsRrQHnUkuVGVA
Brand for Brands - Brand Strategy & Digital Marketing Agency,ChIJN0TkDkCuEmsRbM1HUKYKHm0
HERO Sydney,ChIJ_WccQX-vEmsRIY_sIXoPzSU
Cox Purtell Staffing Services,ChIJR3pyTkCuEmsRIDNEbt1bHH8
McCann Sydney,ChIJo9XHTBKuEmsRQmZY0m3n1eg
Ad Astra Corporate Advisory,ChIJMVrgJCSvEmsRpouEqzZYSKk
Involved Media,ChIJN1UG5euuEmsR1P-hCd_c810
Marc Edward Agency,ChIJi4FKOXxUbAERyOozv6ZtuGc
FCR,ChIJgXqTEWquEmsRPyu1qPifNUo
360 Degree Agency - Agência de Intercâmbio,ChIJPdMIND6uEmsRvzUeOVMY5i8
First Class Digital Marketing,ChIJ0-ESVB_-dWsRbcAZwSNEVpU
Websites on Wheels | Reimagination « Graphics2Go,ChIJMTfHp4gPkWsRuBYydHu-UT0
JAM Digital,ChIJodyhWDqZGGsRD2TRt7JoH9s
Zot Media,ChIJq6qapVaZGGsRJRX0Hij8fNE
COMPACT Incorporated,ChIJ4y9WBX6ZGGsR_Pp_ozBuDJo
New Saxons,ChIJMRcvGV6ZGGsRa5-S3pAy-_A
WAGGA BASEBALL ASSOCIATION,ChIJaZDDKsmeGGsRoYq5KT5nzZw
Chris Perry Design,ChIJbZSE6tGmEmsRI6K6JitPU70
Supagas,ChIJyVZx_62bGGsRPyHTQyji5TU
Rumors Digital Marketing Agency,ChIJ0eyd7FbfG4gREOAleQwkcf8
Liquid Promotional,ChIJrROHrJahEmsRXzgAi0-s-rI
Macpac HR PTY Ltd.,ChIJ4UM4A86mEmsROK_GUj-dB8M
LeadAds,ChIJJ_6dpXijEmsRMwoj_6HwcMY
Adrian D'Amico (Life Coach),ChIJBxxj_kwZE2sR_QoNsEjd6mw
MJ Marketing Group,ChIJAc9GoTywEmsRI1cg3VFHNpg
Disigns,ChIJqcC-EgwZE2sRiMhosUgX_Xg
Oppidanus,ChIJR1vkYOCTwCwR6dVVbjAOk5c
SLiM DIGITAL,ChIJ905l5QWRwCwRwDdw1CTjnXk
Socialbuzz,ChIJXy52NpOVwCwRsf9hYq7L2QQ
SmartArts Design,ChIJUxuAkwYZE2sRWXGCF0shK8k
Jeremy Park Wollongong Photographer,ChIJv1QkjY0ZE2sRZ879YEKoBWU
RooCreate,ChIJkUQjQhgZE2sR8hKS-rhsHVo
Southside Signs,ChIJBe5duwoRE2sRn9YuCyjQPrQ
FWA Marketing,ChIJo9VQmGKRwCwRLUU17VujaBo
Signarama Wollongong Illawarra,ChIJe-SwYaIZE2sRwuLGvKa6r9E
Ad Made Plus,ChIJeUIvSX6RwCwRJpuGzwETsas
McCormack Signs,ChIJj76TziDgEmsR-0r3ED_yTV8
TCS BI,ChIJRdL1VOoQE2sR1x5xem_bUak
Andrea Maree Creative,ChIJXXWuKh8ZE2sRo7uPWsNqIXM
XTREME Tint Sign Wrap,ChIJ82-eUboZE2sRc1BzLaPapk0
Cubik Marketing,ChIJS9dZ6R2CUmsRhDgKfBo-zQQ
Coo'ee Pty Ltd,ChIJu5vTTRNakWsRBjf3xBejKbc
Flex Public Relations,ChIJ5-sWflFJkWsREo4Kb31mF4o
Redsuit,ChIJ4WCd96NQkWsRpZk590biFOg
Copyburst,ChIJjf3hwT1PkWsRoVCV8tcxT2k
Upstage Productions,ChIJu5JbZEsSbAER-qkCO0myOOk
Crank Digital,ChIJIY7JREJOkWsRsWzPtWlNqP0
ShareStory,ChIJAQRa03Pik2sR3wURAIBNq5A
Bambrick®️ - Brisbane SEO & Digital Marketing Agency,ChIJC71r15ZZkWsRtH-DTPvb9Z0
SOAK Creative,ChIJr1t-LCZZkWsRv1ko2awvt38
Pinpoint Distribution,ChIJVVVlu1O0lmsR6P3KP3ktzJQ
New Limits,ChIJt0jJoMtXkWsR_iYT3dldVC0
Konvert Consulting,ChIJhaFaXu1NkWsR_JMMslwDj9o
Blue Pencil Advertising,ChIJTfm6nh1akWsR4P9852J8bMM
Megaclickz Pty Ltd,ChIJS243OR1akWsReP2a3okPAO4
Big Hit Teamwear & Signage,ChIJ-89Wir60lmsRYoNO0HRyZPw
Masterbrand,ChIJ87EWFrnik2sRL9ftFTVjXZo
PLab Productions,ChIJq6r6pVJYkWsRMYWcQcTzyrQ
Gordon Digital,ChIJ1T8-RN1FkWsRZ7Mc28Ee2KI
Brisbane Marketing Agency,ChIJObN0qa5bkWsRC1kYtBPEuJI
Explosion Marketing,ChIJscFIB_lRkWsRodKYfHn2pfQ
Branderr E-Commerce Growth Agency,ChIJoQrQqRY0nEYRoCFtFySY89o
Doswell Digital,ChIJh-STdaBQkWsRx-z8qpT6gk0
Bupa Health Insurance Brisbane CBD,ChIJMcrAVwRakWsRsC7Q1IYYpr8
Braggs Signage,ChIJSUMmBpV3k2sRK2SoydcxTik
Welcome to the Fold,ChIJeykLvQJakWsR2dhNSqCMl1Y
Visual Obsession,ChIJ__-vMjtkeGkRi1HmEZdqkik
SMSF Community,ChIJyXNjf1BueGkRHG1pehLYZbk
Innovate Marketing,ChIJtWEeX7FbkWsRTEmFaytXz64
Promos2Go,ChIJe5QVm0RakWsR-XeRU9Id4TA
The Social Cue,ChIJ7Qys3jQFkWsRm9-9te99qpU
Digital Marketing Agency,ChIJ8dDZorpbkWsRzTFS800E53s
Aus Video Marketing,ChIJpU3jg7dbkWsRhTVpOlJCqzE
The Organised Creative,ChIJMdvezT13k2sR1CWGT8M7UKw
adGroup Marketing,ChIJoYFa4OWdk2sRiUT0Zb5V_Fc
Davarni,ChIJy0dC2r93k2sRPGzGMMwm79w
Gateway Media Group,ChIJa28-a5NmeGkR_HDA4J76Hhg
Portal ICT Sunshine Coast,ChIJm60sOEmZk2sRM8xdJuFFw3c
Media Merchants,ChIJraudkPNZkWsRO5QzkYHp9Tw
Graphx Design | Gold Coast Freelance Designer,ChIJS_z19EwDkWsRzzntXFBlad8
Pezet Matheson,ChIJcbPSHPwEkWsR8DBmvCaqLWg
Agency HQ Brisbane,ChIJU-tI94hbkWsRq_zhCF45MoU
North Coast Signs,ChIJg2-iIxWek2sRbAhfwl05TLk
Tayco Outdoor Advertising,ChIJ9ZY0sTC562sRREs0ysCWiRo
Bí quyết Marketing tiệm Nail đông khách,ChIJxfYjpPa762sRIafeNqRuHto
Medical Presentations,ChIJ1cgm86mkEmsRIhgCTc8w8Ck
ShootRaw,ChIJXQALze7vk2sRSpsglKdvYjc
PIXMO PRODUCTIONS,ChIJrUVW9GT6k2sRqkh2ACLj4Z0
Chatbot Agency,ChIJOUxu9AlZkWsRARX25yPDUrE
House of Marketing,ChIJW393dM1bkWsRExxkudX0isM
Red TV Pty Ltd,ChIJqY2mb29OkWsRJ_gmGslutdw
Search Marketing Specialists,ChIJ-VheHxkOkWsRBI7-B8ezMAA
Kook Digital Marketing & Web Design,ChIJhZm4T2uek2sRE7s5GVw6byM
Orange Fish Design - Graphic Design Services,ChIJlRL-c35meGkRtr7jdx6ryuk
Allclear,ChIJs-FFJ3lQkWsRz0h8KB9mRTI
Stickerman Australia Pty Ltd,ChIJKQTIXWR2k2sR7vDA_iZxkT4
Cairns Instant Signs,ChIJEc3SHchjeGkRTBkGCnUZ204
Fabrizia Promotional Advertising Products,ChIJDXHLZpV2k2sRq1xvvPOzAJY
Sprinty Digital,ChIJbbrgAEhPkWsRVpEPOls2i7o
B'Spoke Creative,ChIJg_2Wh08PkWsRIqQlgoCPa9Q
SEO Australia,ChIJx63J-F0bkWsRMtE_VugsAx4
Dognut Marketing,ChIJAVGJgMWyja4R7mwsXPU2DZ0
LMPR Group,ChIJVVUFxv0EkWsRNScA0dLSesk
IB Consultants,ChIJR_2JhuMEkWsRR5yjE-qMLVk
Advanced Business Marketing Pty Ltd,ChIJm7pKujwFkWsRk5Fg_p-4f-M
Carlosus,ChIJj9aeb3B3k2sRtE9gfjuf1z0
Website Designer Cairns,ChIJU1UFKohteGkRcsMWCnhcfa0
Ben Bennett Bushland Park,ChIJfRRr3E-Zk2sRGdJgSA7v_34
Digital Assembly / SEO + SEM Agency,ChIJsxND8QRbkWsRe0kQuEODGlU
KarAzad,ChIJP3pP5F9PkWsRnoJ3j9NQHf0
Intertrade Signs & Printing,ChIJK3yi6ENFkWsRjjC_PLnVTQ4
The Falcon,ChIJn73aY-UTkWsRG0c3nx1R6H4
Teris Group Marketing Services,ChIJgahZkqUFkWsRKSreCWr-7Z4
Tags Direct,ChIJVVVRQK5n62sRyTXj3QDr9Jw
On Point Photographic Services,ChIJ4RGH-013k2sRexj990OGq4k
Creative Starr,ChIJWRFCdmdkeGkRZqpLinFe2zw
Valoso,ChIJHx2vwZFmeGkRBHHe418C1WY
Bongo Media,ChIJh7BR4jiZk2sRw-Ty2d2eOnA
Inspire Marketing - Google Ads & Social Media Specialist,ChIJkR9te26tF2sRXvAF0xmCjkY
Signs By Us,ChIJ5cGqkhlleGkRhGEIV0QD_ME
Maxwell Media,ChIJsRQu0a9leGkRo5Q5GX-d2Oc
Social Direct Marketing | Digital Marketing Brisbane,ChIJL8YY4YZfkWsRG7bH9_PSVSo
Higgins Media,ChIJ3dK5F8FOkWsRb3eLnKdOsBw
Marketing Global Stores - Drop Shipping Australia,ChIJlQRkZJoDkWsR0QUt6MIlw7M
Drake International,ChIJjZ370_dZkWsRUS4ky_9cLKQ
ByCarly Designs,ChIJwY-47cN3k2sRO78J1UwHdpU
PhlipVids,ChIJ8efU45JmeGkRu1xmJXHRBzc
Tropical Exposure,ChIJswuRevjT22sRdPSExQsF-yI
Corporate Design Solutions,ChIJBbVrANt_2WsRUTnI-zLxDaA
Superior People Recruitment Agency - Brisbane,ChIJ2QLaRBxakWsR5HoeA1jG5BM
Taxi Ads Australia,ChIJ__9rcIp2k2sRJLUhRlCEh5Y
Cartelux,ChIJZz_opbx1k2sR6ObcFgMl9n4
Better Marketing Results,ChIJza2CFypZkWsRUqrS-0MRrSc
Jigsoar Media,ChIJ__87jn9meGkRYQN1uSEp4A8
VIRTUALIZE Innovative Marketing,ChIJ91WtkJBbkWsRLpTBo4JJ6c4
Awardshub,ChIJYe9jB292k2sRavhy21xpQ_g
Drastic Group,ChIJ1R0AyES562sR-9F3Vc3AE2Y
Bluedog Custom Graphics,ChIJhwOtXpX31WsRGGqC7KVPbLg
RPM Digital Agency,ChIJNWGo-f9veGkRbi1xJeMOUqQ
BullAnt Designs,ChIJMRuemimA7GsRSv1Ea6mh8Js
Nodez Imagery,ChIJ2RZT7Btn62sRuZNWguOzMH0
Internet Marketing Experts Hervey Bay,ChIJ_aH5082B7GsRL-q0LMUtATQ
FBE Marketing,ChIJM9SmNBeB7GsRZj9oNGP_KyQ
Hervey Bay Advertiser,ChIJCXo7mS6A7GsRCATicm9mKck
Ampol Foodary Maryborough North,ChIJEd3-Em1m62sRxhVywpfYs7o
Revolution Productions,ChIJ__8r_tn41WsRASVqBIp2sak
360 Degrees Marketing,ChIJY9pk2fqB7GsRhUB8o5d9dhY
Tell Media,ChIJZWaqt5IPkWsRIFC1IpPPhAU
Creative Activation,ChIJ3WHczbZEkWsRqymkSB-FI0g
MOVE Marketing,ChIJX3Rdn-L71WsRgACr3YhaG8c
Tom Marks,ChIJYWriann51WsRPVPaCjXNQig
SSV Installations - Your Installation Experts in Brisbane,ChIJKV_esppPkWsRVYjHY7OE2Ms
M Business & Marketing Solutions,ChIJsV5RbEhclmsR4-yKU0jryBY
Magnetic Island Promotions,ChIJm5veXLwBfmkRb1QidJvCr7o
Totally Edited,ChIJXRoyrzD6k2sRR2cSAg9qxqI
Honey & Flint Communications,ChIJZ2pgj58bkWsRZnZK8BWURT0
Travellers Info Boards,ChIJ5Yw1-TEOkWsRZYpttF5tftA
TBA Media,ChIJs8jJzTRXkWsRNQ3zis_oKiI
Design Evolution,ChIJj5n4gAhdlmsRuOyiJd0OkT4
Sign Doctor,ChIJkdBMxCuA7GsReMUzZEgy9Wg
The Intentional Branding Company,ChIJNySJgwcBw2sR9W4QCd4frzM
Armaguard,ChIJCQNQCrwAw2sRp4pRI95teMA
Pin Advertising,ChIJlbeuuqwPkWsRok9Dp-G_7bg
Infinity Web Experts Australia,ChIJdePkuHpFkWsRqPATiqRLhFs
Fraser Coast Signs,ChIJT3kQktOB7GsRKHsm821i4_k
Online Path,ChIJfRKW_QFbkWsRDmZgUL0_SIY
Bolt Promotions Gold Coast,ChIJvUn-mZMPkWsRCmvWrOFcL6U
Empire Group Enterprise,ChIJJ2Fg8P0FkWsRzFJYYbXpzi0
Salescorp 360 PTY LTD,ChIJA-g3YG0FkWsR7BzjA-CtNhk
Talent Spring,ChIJwegoFH9dlmsRg_WFBix23Ss
Sign Writers Townsville,ChIJAxIAVMP51WsRZ9Ga8ZqBPZ4
Visual Reflection,ChIJ4_bBph751WsRv5M-R7ocGnw
Get Displays,ChIJAQBQ0ga1sGoRcx2XpcegEg8
fred&co.,ChIJ7eRjhwhakWsR8vCX6hM9hEI
Axemedia Pty Ltd,ChIJLWhgSEAFkWsRjj2sAjnd90E
Jodi Hay Digital Marketing,ChIJ9ye4DtJblmsR0Y89JAc3VfI
CRE8TVE,ChIJZ4T3AgsDkWsRdpevcNgiH7k
Advance Profitplan,ChIJQfTyEsf71WsRw3E2ZwN6oyA
Your Marketing Machines,ChIJFQbTzj-vMioR2f7b2JTHf8M
Nexus CMYK,ChIJ84stsqJPkWsR_CabjE9HbBs
Atomix Media,ChIJyyRYZOtakWsRyJnuYQ5hzFA
Val Morgan,ChIJXamN8-1ZkWsRujRRD-euomw
Bizdify,ChIJ___TwPmdk2sR-oSnAKqvOBI
Kai's Signs,ChIJs5T1_kH31WsR21x4NozZIzk
Balloon Networks Pty Ltd,ChIJwQjkXtjx1WsRYpiNlzapSlE
Evolution FX,ChIJzzjA9Cf51WsRk_KtFNSRkXQ
Artcraft,ChIJqyy-T4D31WsRA-E8elBbivg
Static Films,ChIJx65HK8MbkWsRXf786COV_uQ
mideax,ChIJXW1ozAAPkWsRS_E4Q2jPxpw
Click Find,ChIJf2KEBNoRkWsRDLF4c06pJCQ
Webster Cavanagh Marsden,ChIJjZGTYhRclmsRx2ooACerYZQ
Redhole18 Design & Printing,ChIJk8RytilFkWsRUT4stGucKHM
Archs3D,ChIJQxOfrjVblmsRKnTOa02rOzI
Trenchless Service Centre Pty Ltd,ChIJw4ouUJ1FkWsRQmKj5um3XiA
Edwards Asset Services,ChIJD69pT_I3kWsResejw22TBiI
Butterfly House Graphic Design,ChIJPYHsF3sBfmkRFN9e3BMzKNU
MediaCast,ChIJ05nMdRRmkWsRY7y3eEHi4Eg
Bush 2 Beach Signs,ChIJUXaO1LyB7GsR10fCNd8Tm6Q
Infinity Web Development,ChIJF5jyiBSB7GsRY0UxYDTQG6k
Fidget Media - Gold Coast,ChIJldiyS1IQkWsRta7fNCpCMiA
John Garnsworthy & Associates,ChIJY1Ip3AlakWsRfgzx1GeicmQ
MEP - Media Events Productions,ChIJ796wpPAbU2gRKM8zTPJZ3I8
Media Salt Marketing,ChIJJY7MMzrNsGoR2KCNEZ3jSko
ABS Signs,ChIJ_94KkPYPkWsRMVMbKuxkGU0
AC designs,ChIJswBYzr1FkWsRXslQYqm1AzY
Cultivate Marketing,ChIJQckl-LJbkWsRjkFTUtWGAr4
TBH Drone Services,ChIJl0lMNYSY2y0RNcDOVPRDoPg
Rosehr Marketing Trading officeandgo,ChIJdR5_qrZDkWsR5k0kY_4NwHY
SignShark,ChIJewyDwCytsGoRngZ8tdjPeN4
Our Marketing,ChIJ9_NX22M1t2oRfLd_yI1b-4Q
Yiion,ChIJkXFdoKvJsGoRRmHZoMkltq8
Savvy Arts Marketing,ChIJ73MUT2jPsGoR3lYGF-_Gs7k
Post My Ads! Online Classifieds Australia,ChIJT-JzLG48sWoRnKLwYHEWr0U
Xpress Signs & Graphics / XPRS Apparel,ChIJLfUUPh0mnqoRoO2szetuYs4
Nexus Marketing,ChIJJy4bbyS3sGoRAH4LQgHBMsc
Liquid Studio,ChIJw6-Zd9vOsGoRe4qC04Z92_Q
Signarama Melrose Park,ChIJyRk4dBnQsGoRUpX9d1ypWcM
Signability,ChIJQfGLW4XRsGoRBJ3796ft_dY
blakeallanmedia,ChIJtfIdfiglnqoR33jodjFaT5I
Promo Sign Factory,ChIJMfHkaImzsGoRgQqaB3yq02s
Plantation Pine Products,ChIJMcqO0kovnqoRd-HqYeASDJE
Tables By Design,ChIJsx3LFz4nsWoRITa5ombfA6g
Rhoanna Digital Marketing,ChIJt0RA1jBur68ROz4ZwXCHcdc
Marketing Works,ChIJ_X8F0KPZtmoRTZ-4WfTLMls
"Fuse Recruitment Adelaide - Manufacturing, Insurance, Wealth Management, Infrastructure & Utilities Specialist",ChIJ4d-Bl9r_uWoR6bPzRZ8kX1A
Seal Custom BMX Plates,ChIJjZwO9rrbsGoRgFeELXPGBJg
Relish Hospitality Marketing,ChIJkywiRxrJsGoRLZTpFqcPePA
AnD Logistics,ChIJsWUX8qjMe6oRm5U2l4yiDDA
Whimsy Productions,ChIJPZHurZ4nsWoR-OswDy2yVdQ
Big Screen Advertising,ChIJdUNmTJ3PsGoRy7OFOmx0rYU
design bothy,ChIJ_ymCTC81eqoRrt7CI0CT5_0
International Bio Fuels Marketing Pty Ltd,ChIJZW6qdrq4sGoRDQSP9UIjyn0
Design Works Advertising,ChIJJV3g51PasGoRfLYg2GbVWSM
Jeremy Rockliff,ChIJT4Oz-DYzeqoRtHaE4slK4dc
Zembr,ChIJ6SvBHwApnqoREbHo33hpymY
Meta Care Tribe,ChIJd276GijJsGoR8X3PTzFEr4Y
A1 Welding Pty Ltd,ChIJsUCFbHRRu2oR5Og-hL-Z4Ms
Digital Marketing Hub,ChIJZW3tmzvjuWoRlhLlBNPOyng
Legacy Widows Club,ChIJY3I-eY91bqoRV4FlUUFjjW8
Gawk Billboard Ballarat (Delacombe),ChIJMSLUBHpD0WoRV9OrYhT5Hnk
Wrap Shop Hobart,ChIJWdFy6D_hbaoR_KPAPLuJxGs
Eye Spy Signs,ChIJD0XaGwzhbaoRpen0IHiTsyk
Digisec Technologies,ChIJAQbv4CKJ1moRaUp2dD9fo9s
Jongleur Video Productions,ChIJ_xkuNBxH1moRjwMNFi49iGc
Ad Design & Consulting Pty Ltd,ChIJf8E1ppx1bqoRf_keJtEouFM
Evolve Tourism,ChIJZZ_6fEFueGkRxsUefvYyq5g
Rover Communications,ChIJp3Ry7OlD1moRvFBkOcmgIZg
Peter Whyte Photography,ChIJLX-qCJx1bqoRQc1E4df9YZA
M&M Communications,ChIJWzI3oYh1bqoRolqNY9btcOI
ATH Digital,ChIJUXeaz3051moRofYSo_sVw6k
Urban Products,ChIJb5N8QM9C1moRGkPdWn4rm80
BOOM Media & Marketing,ChIJDTKft-DJ1WoRSj4eCuvwYm4
GMB Optimizers WA,ChIJVVXZFFhE0WoRx3rlzPZg8-8
ROI Growth Agency - AI Marketing,ChIJdZL0GeFA1moRziEgTpMXYMw
Winning Post Productions,ChIJodX1UYh1bqoR8rh442OAUl0
Tara C Moore Photography,ChIJo6veyUJF0WoR-1_O2uLk-GY
Seeking Digital,ChIJYYdzpmBn1moRrbZm226wS9A
REACH Siem Reap,ChIJr-uxMNZG1moR0Gst1kWAJZE
Andrew Wilson Photography,ChIJO6dA1IV1bqoR9xLmY7p-CeM
ideasbanq,ChIJ0wi2s8encKoRbNfzq_RuYF0
Make My Website,ChIJhXh5wHuYEmsRGELzyOH30nc
Mcubemedia,ChIJi2t6pgJH1moRhIDdHM64mCI
WynnGroup,ChIJq6pugwtH1moR2HxQH9Fdyhc
Swagger Photography,ChIJT01Y5sQd12oR2WlKht5SkeA
West Legacy Group,ChIJg-fELTJ512oR4UyTNmWdFvI
Rass Media,ChIJydJ42XVZ12oR0y80682ltFk
Gawk,ChIJQ6juNcU31moRthLUIvCtfU4
Snowball Social,ChIJyUpsxqsx12oRDvb1YkUYmrw
David White - Photographer,ChIJXSHSyYoY12oRikw5yteNIQM
Dex Group,ChIJW7peLC8S1moRtMCdkuebols
Wizard Advertising,ChIJq6r6UbE91moRc2wGjXR_juU
Sign Of The Times,ChIJq6pW_nM81moRyI8jrfs60gY
Westport Marketing,ChIJu0OeTls51moRAS-sJHK693w
Summit Advertising PTY Ltd.,ChIJRyrxgTBd1moRwV9VKS9nefg
Rank Higher SEO,ChIJV5BeaRDn1WoRpBfSCa9gOKk
Immaculate Signs,ChIJKzz0vlcH12oRBSdjXWnZ-Sw
Bespoke Marketing Co,ChIJE2WQqzsd12oRhLtqLjzBLzk
ONTAP Creative,ChIJSc1ibu451moR_0D7lzL5jNo
Bendimail,ChIJiejKLw5a12oRFJHBRSxVXio
Europcar Bendigo,ChIJLZuIfGZQ12oRvXHiJ49DwHk
Pete's Signs,ChIJ035vvso61moRCVPxCzwBY8M
Macedon Digital,ChIJU23kxNsd12oR_UkH21lCrLM
Kisschasey Posters,ChIJKfF9avpC1moRrKl9vkt2TR0
Snow Media,ChIJKR2Cvs1o1moRH_FRtztdG3w
DrewThis,ChIJh2LtNUdp1moRPl3gcX1N3bI
Hamma.digital,ChIJ49YFzX9D1moRPjVL56Llms4
Duelling Pixels,ChIJF8HShP9o1moR3B26WICZQmc
Intelligent Online Solutions (Intesols),ChIJtZlBC7Ju1moRWzO2SBkar3A
Orion Digital Marketing,ChIJS13khqZd1moRLmjrVCwiSII
Savanah Design,ChIJbyLaN99C1moRvfBOufdJ8og
Roamni,ChIJJ6VuiFFv1moR-zczvzMaBKA
Plan2Brand,ChIJcYZj0t1o1moR80OsAsGl1ps
CK PR,ChIJsaQbSJFE1moRj50FCC-429o
SIXGUN - SEO & Digital Marketing Agency,ChIJFdEcQLNC1moR0u8IHzqDrPM
Simple and Engaging Pty Ltd,ChIJF-OyJlND1moRwdUzPCRXDCw
Kevin Li,ChIJmxXPjzhD1moRZR2R9MVnAaE
Ruby Neon Signs,ChIJocK1rJJJ1moRdZse538AeDQ
Killing Time Studio,ChIJdxHVFVZp1moRNxV3r2AHHps
Co Media,ChIJ-8KFsfld1moRFXUK_242vvQ
OURTEL Fundraising Solutions PTY LTD,ChIJLzlCk9to1moRtKsiSkSsyIY
"Letterbox Distributors | Pamphlet, Flyer Distribution",ChIJFbxjjtw61moRYdBHi-0AW3Q
Fstyle Photo,ChIJzS9IanpD1moR_evbsgELXrA
Brunch Agency Wine Sales & Marketing,ChIJacDbgV9D1moRyv93E61EVS8
Orangehammer Advertising & Marketing,ChIJJ0h7w8to1moRhQDviyW80bE
GWD Associates,ChIJnTk4uyBp1moRlLUP1O2VfoQ
Dental Profit Machine - Dental Marketing Company,ChIJ10gXH19p1moRDvzbccKahJw
Mafro Sports Management,ChIJq4mfFZhF1moRlCZKFQu8JGE
Melno Distributors PTY Ltd.,ChIJIyU2pPdq1moR8BWQBc-L_MY
Camprint,ChIJiy1bHd5I1moRKg8n9LcoDOU
Sharp Instincts - Digital Agency Melbourne,ChIJOQUo_Ghq1moRX2QOxCzQk7g
Buzzlink Digital | Business Reputation Management Melbourne,ChIJ5QM8axRr1moReOBpp8GYj7o
A.D. Engineering International Pty Ltd,ChIJKdZAPshD1moRqN0MyW0iJOk
Customer Finder,ChIJq6p68_5o1moRVsGZCtOB9-c
Equality Media + Marketing,ChIJpd7fzVxD1moRa2xNIwgg2U0
AdPlace Media,ChIJJWMayg9A1moRQkqMV6cAxXs
A2 Media,ChIJwTkbGc1D1moRIBYqvGamIpI
Tribeca Marketing & Events,ChIJRb3xxhxB1moR1bbCqTq1PTo
Infusion121,ChIJeX-mzg9A1moRHeZaFp8NnMc
Whats On Sale,ChIJmVAGqItu1moRedkZLXYnnAk
Promo Brands Pty Ltd,ChIJ1QmVG5QT1moRbrCz2bG2HfI
Superior Weave,ChIJo5LUxwIN1moRJ1LrcBLw6po
Rural Ads,ChIJgy1Efql01moR4tK9EFrLV7M
Local Health Marketing,ChIJ__-vAFBo1moR_5MNDfX0BSI
Colortek Screen Printing,ChIJkRlMxfwM1moRba14UiIZiPY
Total Signs & Linlow Neon,ChIJXerUkFFs1moR0q58HNntkJE
Chek Digital,ChIJU1szqGhq1moRgQMEQLv1QvQ
Carcorp Australia,ChIJj0gBqItu1moR3JP19oeIJsA
BLUE FROG MARKETING,ChIJqdXCrulr1moRsPMixMLP2Tg
Wrap Heaven,ChIJvzW0Ty1b1moR3iOoxo_wc-Y
International Marketing Concepts,ChIJV5iLnIZn1moReG4ycus79_k
Digibite Studio,ChIJfeUJg6t1bqoR9xXbsBLECF8
Action Video,ChIJax6tvTEL1moRQTQyTHxzyow
Click Squad,ChIJ34mVOQJD1moRqaYEDYuCNbU
Peeler Stickers,ChIJ01gi33dd1moRmhJNapIyXVA
P9 Digital,ChIJte4s-tBr1moRg0kMFrJtpCA
Bogan Entertainment Solutions,ChIJe_0bwiBD1moRCb9VAB6mKlo
Trailer Signs,ChIJcbJ2myRr1moRfvCOpztwQGk
Hyde Specialty Group,ChIJITZfWccN1moRqmx5c2tvl7w
"Craze Solutions - Sales, Marketing and Training Consultant",ChIJtQFyy2xt1moRB6uha5f_j6U
Moorabbin Signs,ChIJYw1g4wts1moRjLMLHVQKndc
Pure Wraps Vehicle Signage,ChIJIyqvWeFs1moRv6qGpqHgKWY
Time Well Spent,ChIJUdh1jZBu1moRZ7Vzi-zrjuM
Pepper Marketing,ChIJB3Ffa-FC1moRkZdmk-CZQaY
Gravity Upon Photographers,ChIJ6fvmyotF1moRrtY9eIDC6ak
We Make IT Work,ChIJ80aEpqZT1moRHYyxL3XI220
ADVIS Software Development,ChIJr6NNtlNc1moRbqff78eTraM
Interplay Media,ChIJ_axQLoxC1moRVMWNzO3KKxk
Carat Melbourne,ChIJYXpYXapC1moR4eKGersAkJo
Link Digicom,ChIJfeNoUAoT1moRmMraOj-O1y0
Social Rev - Social Media Advertising Agency,ChIJGUl5IKY_1moRTDuhZwl02IY
Konekt Me,ChIJY4eH-BEV1moRsosu-ol9HGU
PartyPax,ChIJzWog1Bc51moRcCt_q6RqgO0
EziTag Conference Supplies,ChIJdWagPrRq1moRSJcA_amkObQ
M Mail M,ChIJO5S5Oao41moRC6qXGJacuTw
Austin Business Services,ChIJR7dkQeI-1moRXSjs5d5Xs6w
Nick Walters,ChIJy0UEIKo41moRmkKr5WnJbE4
YARAP Marketing Solutions,ChIJE4xEoYtn1moRn2zc9L6t-bs
Redbook Studios,ChIJPSGV6Bvb1WoRVNztYSvWARw
Bal Singh - Avenue West Real Estate,ChIJizlnjg311moRzuWVXZvZrD4
Shuttle Digital Marketing Melbourne,ChIJmZu9A7BZ1moR2ylrOKSlGy4
Senol Mall,ChIJcz-hNupT1moRRWa1KG_nZVs
RS Fleet Group Pty Ltd,ChIJTzgv4kkS1moRMUDJBTj1IGA
AJ Painting,ChIJq6qe7qsW1moRjJ_L6yIpx-s
Max Events,ChIJd0LbS5xA1moRfP2AbA-DQbI
MOTOR Cars & Commercials,ChIJF9x8ymlh1moRIyvE1HB_Fjk
Global Exhibitions Aust Pty Ltd,ChIJ39iJ1IgT1moRW6o_3U_zngY
DigitalSolutionSeo,ChIJ0dv06cXA2GoRxE_Yu4QuqZI
Rothfield,ChIJl6I8eJxn1moRA13qCMT0fWQ
Glama Window Tinting,ChIJgXmCGIAV1moRiRDmqXtEAXs
disrupted industries,ChIJ8U9r2eEU1moR7icaoH3waX0
Roorush Digital,ChIJDbVQx1td1moRSMChzIr6dnQ
ADS Blinds,ChIJvX-ws2mL1moRiNOGCYNN8sY
Estate Gurus,ChIJqWJ9BB711moRa9pMPty77X0
The Loyalty Group,ChIJ8atoKCQ51moR1HcgmHSohZU
ADS INDUSTRY,ChIJMaK6zGhG1moRIefWCPdbos4
Car Wraps Melbourne – Vinyl Wrapping and Boat Wrapping Services in Eltham,ChIJmbMsXc431moREb27RdpnvJI
Three Little Reasons Virtual Assistance,ChIJSbLsS-xm2WoRv75aFcI-h7k
Brisham,ChIJNYfyYWgX1moREyzIPLrfGPY
Adventure Set Productions,ChIJZTXqb7td1moRGZttH79Aw0o
ANZ Branch Pacific Epping,ChIJQVZgtuhO1moR8rBJmqOJD0E
Etseq I.T.,ChIJ46L5V3Nc1moR7z6smQT6xYQ
Q Signs and Showcards Pty Ltd,ChIJF6GDVIVP1moRtaas-HGlrAs
Millions of Colours,ChIJ0fhQr1Nc1moRqkGF4GaZSq8
Visual Signage Solutions,ChIJRWESVTTg1WoR22kENxcPSVA
Little Marketing - Leading marketing advice for small business,ChIJFwC1lrJC1moR3SXmNz7QgwY
P E N D U L A Films,ChIJwSBK6kdd1moRtJOfiKt2X98
A & B Digital,ChIJhwqicovn1WoR7VKyFF-sBTI
The Homeless Project Ltd,ChIJKRd_TIt11moRv_VEj2f3CLg
SEEN PROMOTIONS,ChIJcZGCvxHf1WoRWRUxa9E1sPc
Wavemaker Melbourne,ChIJD9kFE7ZC1moR1dnTjaXL7x8
National Signage,ChIJXbaknApJ1moR1CMjWBBcpAY
Vendor Marketing,ChIJq6qmP1Dg1WoRt-WpWCmVPns
LUSHIERE Hair Extensions,ChIJmZD7xLJd1moRd6hkF50s1rw
Celebrity GP,ChIJd_VZsjwX1GoRiqwdU1NO0JQ
Good Business Better,ChIJSyirCYsT1GoRSmxPU50HgBI
IVE - Print VIC,ChIJIWGakpgV1moR-DXe73FNsis
Connect Studio,ChIJa8miXdAV1GoRjY6fBg1kl-M
Gawk Billboard Geelong (Armstrong Creek),ChIJqfLKVAYV1GoRftOgTJ8_2b4
GearTooth,ChIJR5R4AwRC1moREYl1H8TztF8
Gifts Unlimited PTY Ltd.,ChIJX8jLlFRn1moRbXhXzBQyuQQ
Adaptify,ChIJD-50JnwR1GoRw1qn3J0ZDn8
Swan Design,ChIJO5-Hc_UU1GoRucAa31Bdqmo
Outback Digital Marketing,ChIJYckOpjc51GoReyf79zaX7ss
Campitelli Consultancy Glen Iris,ChIJ77FqQvxp1moRTHBVqXDDdc0
Third Screen,ChIJ7wsItX1C1moRkdyPuDIlXxc
Local Business Partner,ChIJv299O8RB1moRYV438DUJb2c
NTWRK Marketing & Technology Consultancy,ChIJN0S7hHpD1moRLgjdq7bas5Y
OtherBirds Advertising Agency,ChIJ8dlD33Np1moRiApWaFBfOXs
Gawk Billboard Geelong (East Geelong),ChIJw-jIwigV1GoR0V1i2RlQO5Q
ARC Recruitment,ChIJq6pqaPRB1moRNhMU_5Q6_RQ
CarAdds,ChIJZa3P9LRD1moRxz0RftI6K_w
Maxi on time Melbourne,ChIJVc-qo95b1moRPIcuF6RabpE
Eden Estate Agents,ChIJv4MSNWxb1moRDs_RqhlF0as
CREATIVE CONVERTERS,ChIJ___7a3xC1moRLV5JrHsL8h4
Fridge Magnets,ChIJ__8_ZcVb1moR_Jd_vvYy3ak
K2K Signs - Australian Custom & Safety Signs,ChIJvy1qYscP1moRr5hM0p9_ojk
Content Republic,ChIJ_UGzVzVp1moRsX9thmbVIqE
Simply PC,ChIJMRSntShC1moRGK3GFkpBuU8
The Shannon Company,ChIJo5JyREtd1moR5PY1J69UHYE
Apple Marketing Group,ChIJX1D49hxo1moRQ1J80F0N32E
Sillyfish,ChIJEeNTiVtp1moR-qd_LX6VYZs
Bullfrog,ChIJ1VcPIrxp1moR61RJY6BzHRc
Big Red Communications Group,ChIJcyHJxZxC1moROAbsquHU8e4
People 2U,ChIJeSZLprVJ1moR8dn3qWX2lOw
Channel T,ChIJNzUKmv9n1moRKGWQfb3ewPE
Incrementum Digital,ChIJVVVVVUWJ1moRUgU1B73iqGY
.,ChIJzeFIftSJ1moRoRW-StOheNY
Ezitag Systems,ChIJG1niD74T1moRDSBYr67gS7I
Australia Disability Services - NDIS Services,ChIJlWeBpHaJ1moRu2aqCypmEUA
Elkin Began,ChIJ4____8ND1moRP3Nbg8z77DU
MediaWise,ChIJFbmckUhC1moRWL8_s1AtwGY
Ryan Creevey - Advertising Photographer,ChIJIfN6oOVD1moROWUA8PNDSK0
Bayhill Roofing,ChIJu2zAwoUT1moRArm_1cYzMfY
360 Degrees Focus - Promotional Products,ChIJOZNPuaxt1moRVmHP-ERdCSo
Keylink Business Park,ChIJu2iTlKMT1moRVsIRmXRyA5Q
Associated Ideas PTY Ltd.,ChIJC4uGNz1p1moRsQcZMMVftjU
Brand Republic - Promotional Products,ChIJC5ErfoZn1moRieUp8P8YdKo
Vendsigns,ChIJgfvXgNYT1moR1sKr7qkkoug
NextGeniSys,ChIJm8-9qJKJ1moR1KcjpWr_mE0
BigDots,ChIJATsYOaSF1moR2ceY_2regt8
Pix & Wordz,ChIJAQCwYdFD1moRFiDihtefSAE
Dare Promotions,ChIJcVO6cX1t1moRq-qycQ_MBFY
Implicit Solutions Pty Ltd,ChIJw80VJ_RC1moR534rcsOORZ8
Novi Homes Pty. Ltd.,ChIJEWKRsrxP1moR3Tp5dkytIzQ
Age Old Signs,ChIJkU5-_AQ71GoRVwQApqwZzmU
Patron Signs,ChIJ99bEw35v1GoRmgr2ED3-m7M
DDB Melbourne,ChIJK6ib5I9C1moRZJpSY7lRw74
Common Intent,ChIJM-RLkic51GoRKvUhMpOpwP0
FM Signs Pty.Ltd,ChIJqQ95j59R1moRNOeuFFuSv38
Common State,ChIJ8akdVjFD1moRMNRmAoSievM
adfomo,ChIJX2c1NO5d1moR75HbmeaxLUU
Thermomix Consultant - Shantell Taylor (Thermoshani),ChIJD4Tc27Ev1moRERa_6cBYlKo
Club Drake - Recruitment Agency - Australia,ChIJHenb3sdC1moRWV9U1jq9atI
Bridge Media,ChIJwTpzd2_N12oRXggTVQz80SU
Dave String Advertising,ChIJd07I5fVp1moRi9ZILTPf6go
Panda Remit-熊猫速汇（Australia),ChIJB5nM-1Zp1moRpKbXj1JUAMo
Velocity Marketing,ChIJ-8b-Gz0ZKWsRZUhRGtxd6XI
Plants Management Australia,ChIJAUEl5scn1moRMl7sq7cZUro
Revolution Industrial Pty Ltd,ChIJNZKwN2Qu1moRAwx0MAWDGqw
Expo Supplies,ChIJB9OQFTI51moRzdIF8PAaqIE
adsctclassified,ChIJGY0ZFAtF1moR2yf8FL3cInM
Pace VIC | Melbourne,ChIJMYe2V0xd1moRakBjcBrIDOs
Gembridge Australia Recruitment Agency,ChIJ__-_NrRC1moRtEybOIVT1Kk
Markett - Business Deals & Discounted Services,ChIJjwYaMYpJ1moRriRfM9yv068
Pet Biz Creatives,ChIJP0DESF3b1WoRkivz87i52vw
Epic Visuals,ChIJcwOmUKpZ1moRdAVVp0fcw5M
BNI Melbourne North,ChIJ__9rjLJO1moRWmRaYiAPcCo
Jjang Kpop Shop Australia,ChIJG2wEURYnKmsRJ_MxybXzFPU
Drover Studios,ChIJH04ojmvb1WoRXIyPUZSMHOk
GIO Insurance,ChIJCS57vJw61moRe13UJPu2CBU
McKinley Green,ChIJq0kAHrVC1moRuH6OnYEJ2Vg
PDCA Solutions Pty Ltd,ChIJ__9vK6_f1WoRO2vxakMAkwA
Susie Sharrock Agency,ChIJB3FIts5C1moRjY0kpZprZmI
Le Gassick Signs,ChIJg9zQpUIDw2oRe2RNGVI4XD0
TLC Disability Support Services,ChIJCxho2h4SKWsRNOkC-9NL7Vc
Mulberry Marketing Communications,ChIJ3yweV7RC1moRId8_t95iye8
Liberia-Australia Relationship Network Inc.,ChIJe14ygl3z1moRCjCUY1xK4pA
Southside Marketing,ChIJHXb7Sprb1WoRkptxYPEYgeM
Public Outreach Australia & New Zealand,ChIJi4bEaAVD1moR6Lb8LnC_J9M
Morgan Consulting,ChIJQ_val7RC1moRIc9aAn4gizU
Dragons Ink,ChIJR9beo_yVKWsRCNLp7fy3dtQ
Conversion Leadership,ChIJp5L8HidD1moRhL9IzluLjlU
Fuzzy Advertising,ChIJfRfieONn1moRQ6vJrP-LV6w
Big Datr Pty Ltd,ChIJoXZaKI5C1moREhtVUO-jqC4
AMS Promotions VIC - Brand Activation & Promotional Staffing,ChIJPSFdZvdd1moRFsOTEwPZbj8
Australia Models,ChIJPVa2BbVC1moRVr6yHJaRXyg
"Method Recruitment Agency Melbourne - IT, Marketing, Finance, NFP and Healthcare",ChIJIdpSv01d1moRZwasqXnlrm0
Media & Communication Services,ChIJNV0spSBp1moRpatE4nJx0Vo
Sea Salt Marketing - Home Builders Marketing Agency,ChIJ-6BCSYo31GoRO-SnjOEKL8M
Adecco - Recruitment Agency Melbourne,ChIJ8wHvXK1C1moRm5cJYTHaIks
Outbackmatchmakers.com,ChIJdSv5C0JJ1moRRQTQhm0_EvY
"Powahaus - Digital, Strategic and Business Solutions",ChIJVVWV7gM-1moRG6O6CYm98Jg
Kirk Group,ChIJaecPNBYV1moRHerXdN4QjNc
Traffic Radius,ChIJwRr1S31D1moRsp6xu26Y-7k
Informe,ChIJITzLHRtf1moRw6VeA47YHGw
Moove Media Australia - Melbourne Office,ChIJZ_e_gpFn1moR_q6MHI-ZPmE
jan Marketing digital,ChIJT-1QOLRC1moRupKk5p4ZLP8
Mac&Ernie,ChIJ0d6UPfqVKWsRobjivpOOTZM
Crystal D Group Pty Ltd,ChIJVzgZkPyVKWsR0lalzbUztvQ
The Conservative,ChIJtbJItR4V1moRzIi-7xPMyMQ
PKL Recruitment,ChIJQ_val7RC1moRbkJgCBnVtoM
Brushes Signarts,ChIJFX1dYLE91moR5PRGrXq_vuw
Appy Jack,ChIJA3PqdlqVKWsRKEkhYcLBE_k
AdUnion,ChIJt_mk55BC1moRJYAIK_hbWGs
Campus Search - International Education Agency,ChIJE4ep-7RC1moRcDP0Io1irYg
Australian Agency for Education & Training (StudyCo),ChIJ2XNsm7RC1moRgxWDhhK0YFA
Neue Media,ChIJ5ZWWvUZd1moRKTpNgo7erxU
The Brand Agency,ChIJ4yQGKEtd1moRbLH2pIYA-qM
Spotzer Digital,ChIJTcCVqthC1moRRGKnsdUZg5o
AiiMS Group,ChIJNakAXEtd1moREZ3rSJVpELA
VML Commerce,ChIJX55AN7NC1moRE2V8X4c4diY
"Loud Days - Digital Marketing, Programmatic Media & Performance Agency Melbourne",ChIJCcsTqSBD1moRhilFUrjCVqc
Halcyon Knights,ChIJQREHcbRC1moRi_Xqgv5Niq0
The PictureMill,ChIJwyH75QNo1moRNsh1r-qG0FE
Shars Green,ChIJAawrA_eI1moR2wnAqNDUNts
Allstaff Australia,ChIJ2dwzRUMS1moRbm9Olg9G7Vc
Jase Studio,ChIJW1ATgm9F1moRtrvJMzAoHD8
Omni Arch Media,ChIJbw8NaBVn1moRLQD_LKgDqfU
Dugan & O'Sullivan,ChIJMzmdZvFn1moRzq22EL3uBQY
Road Map Digital,ChIJu1EOa0pF1moRbgMEWJf8gMw
Faith Shiva,ChIJn2EJZYWJ1moRRbPoDJdKQWo
Universal Approach Pty Ltd,ChIJ-0m4PUgS1moRUNL9Ehz47t4
Maximum Realty Pty Ltd,ChIJAQBMJveI1moRq0p8as3wYv4
Perfecto Painting Solutions,ChIJtcOXMOwZ1moR9m-ELUTR5L8
Go and Be Social,ChIJy7xguxFD1moR0BoVIVw9v2c
Outsider Productions,ChIJoQn9zeZC1moRshOhm0d-bbk
Amplify My Business,ChIJy6cBLC-H1moRDeiOPGPS4Z4
Val Morgan Melbourne,ChIJ9ReCkVRC1moRRyVsNGNL4ho
Censigns,ChIJM3TvI_hE1moRPGpnBnzhfAY
Snapper Screen,ChIJw5hSwgND1moRMk9AK42Re0M
Rich Lowe Photography,ChIJg51MJXBF1moRLridJkk6fQU
Badstance,ChIJBVh8zCHPsGoR5C8UDx3x-OQ
Social And Media,ChIJDVv6981C1moRPt8wVUPYKnw
Digital Next,ChIJkSgdu_Bn1moRSsN7czgd0Ks
OBG Productions,ChIJZ_2yJXbZKWsRFdcT2LvF_YQ
SEO Link Building,ChIJ2QtMl9EF1moRaPgd9wNpw_E
Emerald Market - 3rd Sunday of Month,ChIJ7aHd5yMh1moRcKfOmsdjZlY
3D Inflate,ChIJt0PKij9F1moR7kn--B0CyC0
Motivo Creative Media,ChIJlTMnt5xC1moRJ0_CBT5Hx8c
Think Productions,ChIJI-Cnie9C1moRiDWYFXhWJtk
Mr Stamps,ChIJiZpXRvpC1moRf4-IzdaCl1w
Overport Agency,ChIJN1yGsRVo1moRS6uPWAqgoV4
Northbrook Agency,ChIJf8AKZOtD1moR7yL26fRKEew
Ari Life,ChIJgVswL3xD1moRzDz3vA3GZ5U
PMG,ChIJQVJrk9ND1moRtrogFDXc3BY
Immediation (by ADR Technology),ChIJG-pH6aND1moRcBB401VY-Kg
Socket to Me Pty Ltd,ChIJP36aWP9C1moR9Qzpz31j5CE
Vinyl Wizard,ChIJaU5NdUw91moRwda6ioydP3s
Zon Digital Services,ChIJaf4GZ_c91moRN7jeeJUjUrE
Najcos Australia,ChIJFfeVQoxQ1moRYJ15HIWD-PE
NSquareIT Digital Agency,ChIJizGjt0o91moR_lAOtlkOJk4
Fresh Marketing Corporation,ChIJA7KEyUNZ1moRFroRl-UykIg
Prowear,ChIJq6oaFbBe1moROgVeO8SBXac
ECHO Copywriting,ChIJweSKC2Ff1moRTh2ichBCRjA
Stamp Loyalty,ChIJFRo4625o1moRenUFPMPnIgs
A.D Electrical Solutions,ChIJL-zf0Jhu1moRlbYDr2zeG4Q
Paper Stone Scissors,ChIJO6wmqCVo1moRcPm8QVS6QrA
Lexer Melbourne,ChIJRX8eXUJo1moRl1_ibm1TsQg
Kiss Promotions,ChIJdWskbSg_1moR39M-IhlxcJE
Tkp,ChIJVVUoTWlo1moRHmuRIIOxa4I
theartistree,ChIJRxGBvzsL1moRlB1MAcVEXHc
Conference Product Experts,ChIJERcmzSpp1moRLpRaSPYjiao
Mad Moose Marketing,ChIJAQCwFGlo1moRfwN-rYfz-GY
Kiss Marketing,ChIJ___v0Dho1moREMOoVNIg67E
Super Signs Australia PTY Ltd.,ChIJd_YLwsYM1moRoM6bnBuoswc
Etainment,ChIJVVWV4mto1moRZJIvix2B8UQ
Creative Activation,ChIJ9wqN5xto1moRjFzIjfM3OyY
Emmet Consulting,ChIJAQBwK2ho1moRH9D-7LeOoN4
Asembl Brands,ChIJfxOxfCVo1moR_B3XcBRefK8
Good Things Warehouse,ChIJT3Gs7yhD1moRFHMkER1RvLA
Australian Vietnamese Health Professionals Association of Victoria,ChIJAQC0O79f1moRBWx3aOwY--U
Atlas Travel VIC,ChIJofZ6obkU1moRdMGLJaVMh4Q
Calvary Kingston Gardens - Residential Aged Care,ChIJv01myVET1moRD1csZDCgObU
Preface Films Corporate Video,ChIJbQ4KBfD41moRM5sjmzhNeq0
Goallan,ChIJZ8PLTbsV1moRA0HBRpaURPc
AD Design and Drafting - Town Planner Melbourne,ChIJTZmCmgpf1moRgi_iKeROEDs
Dan-Joe Workwear,ChIJaZiY871Q1moRJPdGQMzg0XI
Goodpack Australia Pty Ltd,ChIJbxmXxbn51moRUI3UER5fdXQ
SEO BRAIN TECH,ChIJxUuMj5dh1moRXvrf2bOl4KU
Dify Social Sunshine VIC,ChIJt5qDxbUx94ARToGiaT6aDU8
Strength Digital,ChIJ5-NDmWdh1moRgP7iqvzQ5cA
Supper affiliates,ChIJixSHdehh1moRR-0Zys8fSzs
Saatchi & Saatchi,ChIJVYxWM_9n1moR73-zjipF3iw
AP Marketing Works,ChIJ_____0hn1moRnm4oKq2Q1is
Express Lending,ChIJ-f8LHGCI1moRUHrfTPvTtA0
CultureVerse,ChIJBbmMqoJg1moRttsq1V2_-90
Novo Shoes Group Pty Ltd,ChIJhzd72-dg1moRua18utpQbCM
Non Profit Organization – Non Profit Organization,ChIJpbKlaYBg1moRN_reXO0NnMk
Industrial Labour Solutions,ChIJYX3ZB4tE1moRelp7kHwRmkQ
Milestone Films,ChIJP2xhOndF1moReLAOw6nZAKQ
Adtopush,ChIJIQYgpmJF1moRSaoIajqNHDE
AM HOSPITALITY CONSULTING,ChIJm255NutD1moRl1HFPQVBvUE
Gippsland Insurance Group,ChIJpUC5rRgYKWsRJhTLuipe8ME
Maze Productions,ChIJieJaWyBD1moRDDS5MTtlNwU
Riviera Signs,ChIJzxHMbgAvL2sRhR-tsKz9D5E
Adllins Media,ChIJ89jw9MQPJ2sR_s8rRAVZJzM
Dinosaurus Media Solutions,ChIJ9bGnz0Zo1moR-ciH_wYIHuM
Venus Bay Photography,ChIJD10AwyA_KmsROzrxcszh1iE
Ben Fohdo - Candid Photography,ChIJaWYN-d0vL2sRcdLFsx6hi18
Ellis Creative,ChIJv2FEx_AOJ2sRXrUh3NIbM3E
Broken River Sign Company,ChIJO24-vMQKJ2sRKhJ1VHfCti8
Grigg Media,ChIJ86VlUMniI2sRdL1kGzaQdt4
Strathwarren Digital,ChIJRSaDZ3gwsoMRZ7PEdmTvm_U
Alison Lloyd Marketing Consultancy,ChIJ_a6JjsmxJmsRC9spyDzohrw
Benalla Signs & Designs,ChIJ0YZF6psPJ2sRko3HAuJLZ1A
Burke Signs,ChIJ-714pQgPJ2sRkNvMK7X-yTI
Incentivate Pty Ltd,ChIJN0d_hkaqEmsRv7HCbK86u4Q
Wescon Consulting,ChIJrTJzQ1QlIWsRRiv2GMYAAE4
Fobia Industries,ChIJbzCzIqkPJ2sR-tSdZU1ggXQ
​Event Screenprinting,ChIJ6ZLwNMzIJmsRPJkmVqHvyPQ
STRAND Wantirna South,ChIJWSHu-BU81moR5xg9nWtQIDo
Dean Kehagias - Licensed Estate Agent & Auctioneer - Barry Plant Wantirna,ChIJ55F971c91moR2gfULvsCQy8
Aguiar Photography,ChIJVVUFYdM91moRQ9Zox8qwWoo
Communication Direct Pty Ltd.,ChIJixQrJGM51moRY1NPcY9EmXs
iShoot Images,ChIJC0zMg1491moRNjTCPfsyNqc
Across Group,ChIJG6wM1es-1moREK2n_LcqT0o
Event Advocates Australia,ChIJCV8Vn9ND1moRh4dC7ddnk7s
Western District Labour Hire,ChIJ97jJ9_dMzWoRyIQglMsO7us
JPM International PTY Ltd.,ChIJoQCLVnQ71moRfiNJGddThBM
GTR Events,ChIJVTeAApxn1moRHDx_ZimR01M
Plan 4 Profit,ChIJ6al6-rQ-1moR8w1Z2SB0nFY
Valtek Video Productions,ChIJN0YiJ_9MzWoRt5V5nKhK4jU
ADSign | Web Design | Branding | Website Service Specialists,ChIJ9b0cfgACzWoRd_sRc1Ni7dU
Gawk Billboard Portland,ChIJdaqr0liXnaoROUXKqul0np0
MR SiGn,ChIJex2_WALv0moR4s39_8sHJPs
Mason & Francis,ChIJTS0JhEFhnaoR_Rha4r-qIs8
Worktrainers,ChIJQwgToaVZIWsRdW4ODtVpHZw
Assembly Branding,ChIJ_7SaLbVC1moReNwbK29gWlo
Get Watted Neons,ChIJW7GoWCtdWCkRjqiMyHZlEog
The Simple Agency,ChIJQc42UBLdI2sRWqV89oWQOtQ
Handle Media,ChIJc-qsevZp1moRHG8AaOpZWtQ
61designstreet,ChIJh6tT9-yF1moRNOU_kjOUJvg
Templar Legal,ChIJ7aXeAWuTMioRPPlufxXIGjQ
Boho Booth Co,ChIJuWvwNMQdLioRi8i8p2MDGBs
"Marketing, UWA Business School",ChIJrT-4MGmlMioRQmmR4GX2z3g
Tilly Mae Designs,ChIJzxeW5fqXMioR-kv9wtv1wtw
Osprey Creative Pty Ltd,ChIJp9QgSJKvMioRY7iMyC1gnc0
Westcoast Grips,ChIJ65-DHf68MioRBZlAa47xTyY
Multiplier Media,ChIJLX1-2mKvMioRrYPY0qyvPsQ
Signarama,ChIJ7_yKWhujMioRhwzX4tv6BZI
Swan Advertising,ChIJV4gZMueiMioRCTeYKUhtsgY
SPACESCAN,ChIJqV1Rd9m6MioR5Zn_-OKscf4
Media Mechanic,ChIJMXU60EmlMioRq5AG27MkclU
Market Plus Pty Ltd,ChIJAQAs8wCkMioRYFZutWY3ckQ
Workhouse Advertising,ChIJvb4HJj-lMioRj_0ltUCKsTY
Lion Productions,ChIJt9uguX3bMioRUkNCl5BezRQ
Vissign,ChIJkdcX8q1nTSoRYPbRJGw3ayU
Dum & Co,ChIJiR9iewZ-MioRLj55zNlUpvM
ASREN CARE AUSTRALIA PTY LTD,ChIJm4jAbAK9MioRdMKNE9f0BSs
5Stars Reputation,ChIJlw8tNX-7MioRYcMG8oApd4g
MediXys Consulting,ChIJi1IMYXy9MioRjiU4t4pXVRc
Clint Ford & Associates,ChIJuwF0_0ulMioRaGv6U4_NhP8
TJM Fencing,ChIJOYAoKBu_MioRZWceMMWRyUc
Brand Guru Agency,ChIJVVUVeNG6MioRFzA86feDT6o
Pathfinder Marketing,ChIJPWnQrB-xMioROrFFCy9XHnY
Team Marketing Agency Pty Ltd,ChIJRynD0oG7MioRVbW3pnrA9cE
Unify Marketing,ChIJa3acaCa7MioRhSy1LUFA1NQ
Digital Marketing HQ,ChIJ0SQawnyhMioRpD85ifNRU5w
MITP Agency,ChIJfceq1C-lMioRF9aWEvL-zTk
Liquid Public Relations,ChIJyZdJyeWiMioR2eZvG3gvY7Y
The Brand Agency,ChIJWawlLSylMioRByMMFStrIrA
I Need Website,ChIJRQstBPe7MioR_t2VoQMEDUg
Ads are blocked,ChIJIzo33cS6MioR7Kwsq2TA-1U
Digital Search Perth,ChIJ_aEHApa7MioRfd1Xzqt6Cy8
Runway Marketing,ChIJFaD-JTCkMioRNFhGWFla3RE
Carat Perth,ChIJ__8Pi7a6MioRrVwVvQ1Tu-A
Azure Promotions,ChIJi6LIw5G6MioR1sv7UYOIRuw
Austute Sales & Marketing,ChIJl2qQEXuYMioRhSH53s1s1rw
artXpress,ChIJmb1GMg27MioRrHIFVqA8TgQ
ASN Business Solutions,ChIJq6quIv-ZMioRrBWriYoyAy0
AdSpark | Digital Marketing Agency in Perth,ChIJo9gC4lK3MioRboHlhc2iMcI
Claude Outdoor,ChIJzYCxP9q6MioRP7ubEOxbTe4
Oxygen Marketing,ChIJAQCQfy6lMioRL9lGh57tzXI
HiQA Kanga & Associates,ChIJwUTs4oWbMioR3efVUPA_95M
Nero Design Studio,ChIJB5h1ulClMioRUBjabRqx_2Q
Namadgi Sports Flyers Club,ChIJw1707YzSF2sRCt_e6ejHc6A
Ballina Aero Club,ChIJx_H57V2AkGsR-TSUsKb4aIc
Cronulla Model Aero Club,ChIJI4Y6P17BEmsRRX-iTHk7_Ro
Gosford City Aeromodellers,ChIJ90gdMzDLcmsRPHb-SbDZcBE
Central Coast Model Aero Club,ChIJrTWoskXYcmsR5oKZrUTHL_E
Sutherland Shire Sport Flying Association,ChIJG7FqthvdEmsRwZLlGgo2JMA
The Minchinbury Plane,ChIJuZOLvFibEmsRrdEC6quPlT8
Kempsey Flying Club,ChIJ8xxfgYXfnWsR4dSxDKKpizQ
Werribee Model Aircraft Association ( WMAA),ChIJ_dhS5bSF1moRnM2Ssl6Y0So
CVRCM,ChIJ3XDaSrVf12oR8keZStIjWIo
Superlight Aircraft Club of WA Inc,ChIJSfjDl7UXzSsRX_BCVgpJuFA
Hobby ministry,ChIJp2o2c-a7EmsRW-bpBbQEi8g
Australian and International Pilots Association,ChIJAfNDs0Jd1moRB-h_DsEMmUA
Pegasus Aviation,ChIJE3dZXwnikGsRKmj01Cv0AvE
FCAR Australia,ChIJzS1uqiqhEmsRhU8xk7pOTjk
Flight and Travel Deals,ChIJmWuBLo6jEmsRFhqATDTHmfg
Byron Gliding Club,ChIJMyQMyTmKkGsRBdmBCR59TIo
Lithgow Aeromodellers Club,ChIJi2q_ytpzEmsRoOdd2LkWbmc
Cairns Flight Training,ChIJjzxyukBleGkRC65_qc-diEA
HORSHAM FLYING CLUB,ChIJl7N_anNQzmoR2cnivUCxXao
Air Australia,ChIJBUss-S-wEmsRDipNVKZ39Gw
Jindabyne Aero Club,ChIJ011PikzEPGsRtR-5_OxiFlI
Townsville Aeromodellers Society,ChIJ-cezWVjj1WsRA8ygK-Cprh4
Hobart Model Aero Club,ChIJX9iPK_QJbqoRDNe9sGOkkcQ
Aero Club of SouthernTasmania,ChIJbRe0PqfhbaoR4VncSvCaI0c
Warms,ChIJmV1mnkaZMioRf39UJM_1Uj4
Air Vanuatu,ChIJwyR1Iz-uEmsRYBKXvSFF4K4
Flights 'R' us,ChIJzV4VDhy7EmsRURYnZNyvqDk
The Air Charter Group Gold Coast | Private Jet Charter | Private Jet Hire,ChIJKWR9Wt0BkWsR9YbNOfqZWq4
Turtle-Pac,ChIJG-1e2RkCkWsR8FJDHx9yvCI
Gladstone Model Aero Club (AMAS),ChIJ37lQGcBzwmsRoYBJcMM07u0
Balloon Aloft Gold Coast,ChIJKUsZpnIFkWsRt3en6iEevf4
Aerodyne Air Charter,ChIJX9-F40G_EmsRWZ1IjucMi8g
Colac Aero Club,ChIJ-c9aTWgK02oRvKMqOwthp2g
"Yarrawonga Flight Training, Hangar 19",ChIJLxk2bp3SIGsRyM-mE09x4R0
Valley Radio Flyers model air field,ChIJcbQzWqB_2GoRP90gyPOXp4k
Corowa Recreational Flying,ChIJ53nP_OMlIWsRGJzve9vJFCM
RANGE AVIATION,ChIJn0HwR3K-EmsRidkNr-tZOMU
Goulburn Society of Aeromodellers,ChIJfSzFySS5FmsR5eTcq43s9iY
Kempsey Airport,ChIJSauJM-90nmsR0VwQNxboG1Q
Wrightsair,ChIJubSLcFBSm2oR9URnso5M-Ro
Warrnambool Aero Club,ChIJE6Aa-9VOzWoRplLnTX1_9sQ
RAAF Memorial Cairn,ChIJw2NYivtTFmsRrM46sFDIrNg
Biplane Park,ChIJSWpkmz6jEmsRYDl-FozTc3s
Australian LightWing Aircraft,ChIJxUbr5FyAkGsRIf0ius3Qkr4
NSWFFS Richmond Field,ChIJMZ5SyGZjDWsRD51PhjoearA
Scone Aero Club,ChIJzeHEIlpsC2sRuNdzUT28vxU
Southern Cross Recreation Centre,ChIJZwNXOX7fSioRDGTyp3a6JD4
Helloworld Travel Petersham,ChIJt--5R22wEmsR-9O9-jgE4Z4
Fair Deal Travel Pty Ltd,ChIJq6qWk5O7EmsRwwYzUfOZlzw
Parkes Aero Club,ChIJNXQIQPikGmsRTSuAryK6IMI
Mount Wallace Model Aircraft Association Inc. State Field.,ChIJRcmAbryv1moRRFOQSlIKTDI
Unusual Attitudes Airpark,ChIJAxmNW1hk12oR06TD7g278iA
Port Lincoln Flying Club,ChIJRRZtzkzcq2oRU7gFRGVxUBA
Corangamite Model Aircraft Club,ChIJz0dj18Hx0moR3Li0Zk7-QcI
WA Model Aircraft Sports Centre,ChIJSyxLaECxMioROm6j_fFt1T8
Alpha Aviation Ltd,ChIJQVo49Xe-EmsRtiHlAS_ZUFc
The Catalina Flying Memorial Ltd,ChIJb7kDHHm-EmsRJP_9OYWgdy8
Plane 2 Sea International,ChIJX2f3bUaxEmsRU4_AADq-xw8
Australian Association of Retired Airline Pilots,ChIJ-5g9vIEEkWsRbSaxL1Au4W8
City of Maitland Society of Aeromodellers,ChIJv8vlRBtBc2sR1w8wxvAyt0A
Temora Aero Club,ChIJO-hEBvMOGWsRjeE0TSQ6Y2c
Victorian Association of Radio Model Soaring Inc. (VARMS),ChIJi1ouR2E-1moRN1m6vgEd_tU
Bairnsdale Aero Model Club,ChIJy9FkONxwL2sRrVJj_5fbwqo
Australian Air League - Ringwood Squadron,ChIJaVASkM071moR2A8jiz-E-Tk
Aeroplane Hill walking track,ChIJTYnAYUrPdGsR6be1mmUzSOw
Inflight Equipment International,ChIJWSlmVaikEmsR0zdzANqn1_U
Toowoomba Aeromodellers Association,ChIJk44BfY1FlmsR1aYhWsxjBy0
North Queensland Soaring Centre,ChIJ848Rjsde1GsRq03UU_oCxqE
Launceston Model Aero Club,ChIJrawLZH6TcKoRUnL0Wm7Z2T4
Knox Model Aircraft Club,ChIJu_R6rsI91moRiXCjVpiKNIU
Wells Aviation,ChIJRUGW9bGXMioR8o0AgPlG7XM
WA Radio Modellers,ChIJ72rcHkSZMioRtT2_gv2pjJ0
Flying Adventure Tours,ChIJI_oR_-cBkWsRpvQnejkki7I
Tripaway | Corporate & Leisure,ChIJR3nA0jICkWsRrClxH58ZarQ
Helloworld Travel Burleigh,ChIJlQqhyKADkWsR0NjxToBCAsQ
Kyneton Airfield,ChIJ9R1I_-UZ12oRtVfGXmL9Pzo
Swan Aviation Club,ChIJS6W9cG6XMioRDjFagHQ5F-Q
Wanneroo Aeromodellers,ChIJaywkrQFSzSsRCVFliMawsnw
Virgin Australia Baggage Services,ChIJeWfWl-SwEmsRkUQlYyCHsmM
322 (City of Ryde) Squadron Australian Air Force Cadets,ChIJX8-M4dOlEmsR55WbYvlM53o
Balaklava Gliding Club,ChIJkZg7yUdBumoRwU_h2vE7Ric
Yarra Valley Aeromodellers,ChIJ1fwZ2mnU12oRn6J9OIpQ9yc
Latrobe Valley Model Aero Club,ChIJR0xwMrEbKWsR1ybQHxc6_n4
Jarden Aviation,ChIJxRwIRGLNIGsRU_XmzV5YK_Y
Volare Travel,ChIJS37A1dKlEmsRoS18JEzMPfM
Rc Flying Field,ChIJVQyx9UB30WoRVu566SaRQ0o
UAS International Pty Ltd,ChIJxXljvMCmEmsRX1rgcWwgePo
Lockyer Valley Aeromodellers Club,ChIJwc4b0gWWlmsR2Eon2oB5nX4
Bundaberg Aeromodellers,ChIJk7T3-1q962sRtk0-2BtE1PQ
Northern Flying Group,ChIJP6zvx5Cr12oRuLyTd4BmUxw
Benalla Aeroclub,ChIJeWjOLhEPJ2sRbXgZY9IbMEI
ECHUCA MOAMA MODEL AERO CLUB,ChIJrarq2DZ7tocRXjeC-U9m0co
Rabbinical College Of Australia and NZ,ChIJe_DWh0po1moRq1Md3tWAa1A
The Air Charter Group Sydney | Private Jet Charter | Private Jet Hire,ChIJk0hjmR6xEmsRJBokFWx4TVU
Mcgann Travel Centre PTY Ltd.,ChIJdxGMGRK4EmsRNBkCMLVtLFo
Airborne Windsports,ChIJWRh1r-IXc2sRAmRwnfuAnVY
Payless World Travel,ChIJ6U5CAB-jEmsR4ZyrLF3xKeo
Luskintyre Aircraft Restoration,ChIJe-EJoCtMc2sRxLcWb1TktE4
AXISZ,ChIJvQ5omxilEmsRSE_qLpIScBU
VietnamAirlines,ChIJPb395z6uEmsR7_-1LDg7ZFQ
STACK,ChIJrWZsrvKuEmsR0aQgCpe9gWI
Coffs Coast Radio Control Flyers Inc,ChIJvSpHgUCNm2sROqkkfMK6kDQ
Rare Aviation Books Pty Ltd,ChIJU7GIv0SuEmsRdVTb3HZ-9Kk
Cheapflight,ChIJB97F6UOVEmsRApdeS4r3fMA
MEDEVAC.FLIGHTS,ChIJ___uBZutEmsR_nVuUwyRY7k
Jet Fighter,ChIJLbDYildTDWsRZhv3Vu7DflY
GMAC Flying Field,ChIJPVRMx67Em2sRZRiOjW3_zMQ
Aircalin,ChIJzTM-Ee2wEmsR1Gx6_9LPZUM
Twin Wings Air Travel,ChIJpQw8aWSwEmsRwPxnM5SxNBA
Narrandera Tiger Moth Memorial,ChIJ82YsJ_hpH2sREWSI8f2V2ik
Stan Pobjoy's Racing Engineering,ChIJvSoVWA_4m2sRReqiHOUfock
Airfare Geeks,ChIJj3S5K68Vc2sR9jpvbCbvlpo
Talk Cargo,ChIJPZaLuW2xEmsR9wKSh6WDMRg
Clarence Valley Regional Airport,ChIJ87EuGtnCm2sRE0faQGbAtGA
Helloworld Travel Lane Cove,ChIJdx3UJzyvEmsRAd7LDIHGGQ4
Southern Tablelands Gliding Club,ChIJhV3cHoYAFGsR64mw5yJtoa4
HV Helicopter pilot training,ChIJHX_mse41c2sRcoHddwfKmEo
Asian Traveller,ChIJD3PBYqK5EmsRQSnOn_rL1wo
Bangkok Airways,ChIJnzttoEGuEmsRMnAUoAXVJR4
Traveltoo Pty Ltd,ChIJE1pQB_KuEmsRPHHJtNZ9to0
✈️ Buddha Travel & Tours Pty. Ltd Sydney - Indian Nepali Travel Agents,ChIJZ2J7JAC6EmsRLH4IHfSDwHc
Helloworld Travel Menai Marketplace,ChIJa9oJhpDAEmsRIC3z-Wh9AQ8
Paperplane Marketing,ChIJIbuCtgirEmsRyMSbMcWckJA
Airwings Flight Centre,ChIJd17EyZJrH2sRavPvqRVg1Lg
Metropole Travel,ChIJ7_JqnGOwEmsR48wyCBMTLZc
Bunker Reserve,ChIJHQpnH5SwEmsR3QSj0yjzjjA
Sportfly Aviation,ChIJwxk3dtB1nmsR0lUjTrVSKAc
786 Travel,ChIJo1QB7LaVEmsRsv0-KOTooLc
Camden Airport,ChIJizeA_yfxEmsRG9WDZKopE-M
Flight Centre Menai,ChIJ7c7k4kbBEmsRbPKLn6nChdQ
Catalina Flying Memorial Ltd,ChIJJ4_VFjyvEmsRVsATRcKcCvg
TEST PILOT,ChIJbdkJ7JuVEmsRcD8_Cy9K3Ac
Macleay Aircraft Maintenance,ChIJ385bue90nmsRi1wel2qPpeg
Envoyage Miranda,ChIJgR85GYXHEmsRDO9KS5aItDM
Aerospace & Defence Products PTY LTD,ChIJPa_I4Y1UDWsRaFGeA8wkq-w
Global Aviation Services,ChIJZWtzpEGuEmsREypv01FDDzY
Cabin Services Australia,ChIJp8z3Iv6wEmsRWGbvlKP8GYM
Air Charter Service,ChIJb4nwhz6uEmsRXFPQI6l2wpI
Travel with Marty,ChIJY5-zgDmvEmsR5gX3JQex1K8
Airborne Australia,ChIJM5UrseIXc2sRIl10VSorD8A
Air Safety Solutions,ChIJ5QiuPiQTE2sRQQMZCd_djQU
Westpac Rescue Helicopter Service,ChIJ7Tztr74Vc2sRhE0eIFf6CAo
Eclipse Aeronautical,ChIJ__9jp9M8c2sR66Z9YHJMLuk
Blue Dot Travel,ChIJ5fHcKN2uEmsRkcjzovX0ePg
Aviassist Pty Ltd - Drone training Newcastle,ChIJ74nmluMUc2sRdeyiqUrV5Jg
Aerospace Plastic Components,ChIJFRmcuHaCc2sRB0Nzt_6QK5w
RASSURE PTY LTD,ChIJJW9k2dWoEmsRt9WrPUsphcc
Yeager Aerospace,ChIJVVUFG-hAc2sRbSpeZfiNZ9o
Training Ship Canberra,ChIJjzEdt6FOFmsRSqV74wnLZvc
World Aviation Systems,ChIJMfsAmh1akWsRSvBT7TV0PO0
Elev8 aerial images,ChIJTx6L4NltE2sRWqOYCuZquJI
KORR,ChIJaUDVA3sUc2sRZP_EN_0h3VU
Port Macquarie Airport Vehicles,ChIJAzxFnKb_nWsRUJ0i6ZxIg7E
Avcover,ChIJYxXFtkauEmsRERAFsCeD5n8
Jet Aviation Darwin,ChIJ5SrvwQOTwCwR4EBG1sECRyc
Martin-Baker Australia,ChIJ3_z6hn9uc2sR6_bmnP5yYYc
Eastern Air Services,ChIJr9EDwKb_nWsR8o4ui8k-KV4
Payless Travel,ChIJwbqYudq6EmsR2L0YBuqrLH4
Helloworld Travel Wollongong,ChIJx4F7LqkZE2sRRoG667262R8
Altitude Aviation,ChIJcQXdSoduc2sRTguKzOJ7f34
Milskil,ChIJ7Qb8UbxGc2sR-X8e6WJGrjg
NT SOARING,ChIJ-1SAG5cnMisRc0H_2y24-sU
Air Affairs Australia,ChIJk9c3JjF8FGsRXdkhrb3cj5I
Total Aerospace Solutions,ChIJc14ojjYTE2sRNvaojs6ek08
Aviation Online,ChIJ__8jrECuEmsRigg4tlnQAKs
Guest Park Model Car Race Track,ChIJF1iayzsZE2sRFvcB6A6SwMY
Klau Geomatics,ChIJ__8PchmAFGsRvnTxqqhRx5Y
Ecto Bodysurfing Handplanes,ChIJN7PApDqwEmsRTKeTHO3opxs
Flight Centre Figtree,ChIJZ5NGLx4ZE2sRKepnrOId24c
Airflite,ChIJ7wsTUshvc2sRrn8-0wdO0gE
Trikefan,ChIJyRAih9YTE2sRSr9wdPqyJ7g
Public BBQ Lobley Park,ChIJz3YKa_a1lmsRI2AMxthciGg
Fly Sea Eagle,ChIJ67A14dxjeGkRaS9_Z9SdJDY
Bundaberg Gliding Club,ChIJr5nehtOo62sR2lrHLLtgwBs
Skyborne Technologies Pty. Ltd.,ChIJbWQaqzdZkWsRMxEaHlnWRbM
Trip Velocity,ChIJ6-QoEXF2k2sRF4IbM8yLbOM
Ultimate Aero Pty Ltd,ChIJ9xT82zcol2sRfOXumTzH3ik
Pagerix Australia Pty Ltd,ChIJVVVVnF12k2sRhFkKE5lpYO0
Gladstone,ChIJ2UZ1Vk5zwmsRfKGlUnn0-A4
Horizon Airways,ChIJjbgTYcPT22sR4a0Y9jlj02U
Eastern Star Foundation,ChIJff2JUe1ZkWsRNuEUh739nh8
Pulse Aero (Archerfield Airport),ChIJVf971z1PkWsRG88kHRMy3no
Cairns Aircraft Charter | Altitude Aviation,ChIJVftqnd1leGkRUthYnQ_sY0o
Uncrewed Approvals,ChIJZ82qM7hckWsRazzVEiNCs5Y
Gold Coast Helicopter tours and Air Charters by Riviera Charters,ChIJr-XreKkFkWsRn7dQkBOQNuA
Maryborough Aeromodellers Club,ChIJi9GS3r5g62sRj9XTwnq7C2Q
Helloworld Travel Mt Ommaney,ChIJr7sjGxROkWsR-N9wqVwiYbU
Bundaberg Regional Airport,ChIJXT-kksi762sR0LBgYvLuAA8
Torres Strait Air,ChIJQROswn9meGkRbb4G6QL2uzI
Helloworld Travel Regents Park,ChIJ3VEx1z5GkWsROArYyOl91W8
Pacific Aviation Detailers,ChIJqxPXMdxleGkR5SRycLRo9ko
Australia By Seaplane,ChIJj9cIy2ZzwmsRaOFD-fEcoNQ
Paradise Seaplanes,ChIJCweRBfd_62sRCoeGo8TNbMk
ABRA SAFE,ChIJcWZISpb6k2sRNkzC_-QGAY4
6 (390) Australian Anti-Aircraft Battery,ChIJ9dnWWixfkWsRTy4z790WvfU
Global Jet International,ChIJl-JJHN0BkWsRECktyPiOmuA
Aircraft Charter Brisbane,ChIJib4RsoRbkWsRzkmgSYELfM0
GH Aero International,ChIJg4PApQRakWsRVTrEH16iOcQ
Yarrabilba Car Care,ChIJr-7Psvk5kWsR8tUG7Pl239I
Platinum Tours,ChIJVeF-aopPkWsRQnoz_pNh16E
Parafield,ChIJiXdWXh60sGoRULyOYlQ2AwU
Heli Hire Australia,ChIJy_02-8sRkWsREz3L-0tGMfQ
Aerovalley Technologies,ChIJSySZA2o1t2oRZBDGjRhqQuQ
Toowoomba City Aerodrome terminal building,ChIJ6-t9-eJdlmsRP7QdTHawAzs
Aviation Specialists Toowoomba,ChIJS8Rda-lclmsRHY2WVdVuS-E
CCM Guidance Systems,ChIJO-35-2Nbt2oRr9fl7bMcEFM
Helloworld Travel Toowoomba City,ChIJEy1IampclmsRZGCcXuC5o68
Air Charter Co-Ordinators,ChIJ_____wBZkWsR-lZDK77qgUI
Aero Plastics & Structures,ChIJnUYFQr_51WsRP9488t9UTnU
Plan Pilot,ChIJE632F5q1sGoRvcWV4b3FpO8
Bayani Air Travels,ChIJd40wx07IsGoRHoufJnfd_Ms
TurbAero,ChIJ-39CAdLPsGoRKLM5rwN5kxY
Aviation Engines Pty. Ltd.,ChIJ52iSaKq2sGoRNI-5sbY2RIE
Aero Parts Australia,ChIJ2z-n6IWxsGoRAIvf4EWTC74
Archer International,ChIJvc2XRWEnsWoRHOzVaFaYPvY
Helloworld Travel Blackwood,ChIJC0_o1r3RsGoRBo-FoyE648w
Skytrans,ChIJWcJQM6L51WsR9jvUoE-ScQ0
Helloworld,ChIJFUUl-F0wt2oRe64MK3wA100
Barossa Airshow,ChIJhzfOgOjluWoRMX2UStU_ymU
Xtreme auto customs,ChIJGRygRVA9sWoRjcZLrTGNIfw
Sharp Airlines,ChIJd8vP2FG9cKoRGVGkwqy0aD0
Freedom Flight Pty Ltd,ChIJr_p48KCJeaoRuNmXbXXt3V8
Bolly Aviation,ChIJq6qqh1alsGoR7xL0kT0FJqE
Noarlunga Wetlands Trail,ChIJJwlF7rwmsWoRUAaTMgKObaE
Tristar Aviation,ChIJubzJz1a9cKoRLOD0jtxkPR0
Vulcanair Australia,ChIJuWGFcNJC1moRpqKIB-sAeVA
Closed Loop Consulting,ChIJ13ESGNcRkWsR41-tAcDS9-c
Eastern Bloc Warbirds,ChIJrwIZ30YH1GoRNARjsHJYIP8
Chapman Freeborn Australia,ChIJZyc9unBc1moR29kgfJzCCfU
Helloworld Travel Camperdown,ChIJM3Nohhvu0moRjpvomGKcHOE
Helloworld Travel Bacchus Marsh,ChIJr9qnsmOV1moRTCcgt6Gxxi8
Helloworld Travel Waverley Gardens,ChIJ08XT4q8V1moRQ5e3XdGgnBo
Helloworld Travel Southland,ChIJXXahRSFs1moRVFwGZeD-ZuI
The Vale Tasmania,ChIJIbF9p39QeqoRvVq0esgjXGs
A4ANZ Airlines for Australia and New Zealand,ChIJw_nXhLRC1moRDEz3MXcH47g
Australian Fluid Handling,ChIJkSxMGwJi1moR0eI4T6wOjqE
Phoenix Travel,ChIJnaEKybBA1moRb2qubS44fxQ
Paper Plane,ChIJD56GXTpo1moR0D2QF3PVCsE
Holiday We Go,ChIJQT-HrXpH1moRKh898eMamD4
Performance Watercraft,ChIJl0sFO1uK1moRH9_b_iA_5Ws
Vhuyy Tokana Memorial,ChIJQ8RFhUJv12oRZsgeyPzA0Pw
FORLOOP PTY LTD,ChIJ1WsSVM1D1moRC0OdoZ9eNSk
Airline Metrics,ChIJMzi5FbNC1moRBihZHZ-_o_c
Toorak Village Travel & Cruise,ChIJMxn3fHxC1moRdM39TykY8LU
KMT Events,ChIJqYz0NyBr1moRqNHtVhpfsJc
Melbourne Pathology North Melbourne (COVID testing only) COVID-19 collection site only,ChIJdZ3jsxhd1moRHGJEySAW__A
Aircraft Plastics Australia Pty,ChIJlbGVG2oU1GoRDSXMSLITfXA
Swish Projects,ChIJW7TsQmbn1moR1IOx84ShSx0
PLA Aviation Services,ChIJ5YoTQifh1WoRv4t03jx9uqU
Helloworld Travel Wheelers Hill,ChIJgx4ABGcV1moRNp6Gu56e0Bo
2nd Chance Travels,ChIJETSbjIUV1moR19ici818rUk
National Aerial Firefighting Centre,ChIJzWapPMNC1moRabbcvLH1HR4
360° Aviation Group,ChIJIeAdwYxb1moRfSoKBrC4q_w
Travel Inspirations,ChIJCUF8fbgP1moRe3lirdSUwYg
Xiamen Airlines Melbourne Office,ChIJK9SYQ0xd1moRbTfW27hW6_k
Helloworld,ChIJa35tXfhE0WoR6irAeET9U3c
Helloworld Travel Highton,ChIJr2dfPAsT1GoR9d2zyACISvE
Travel Centre Dandenong,ChIJq6qqqgkU1moRgaTtjfBBOBk
Helloworld Lower Templestowe,ChIJe5w4qAtH1moRNZs2wwGd9DI
Palara Court Reserve Dog Off Leash Area,ChIJD00mGHhJ1moRJjRks3ox7VI
Tiger Moth Joy Flights Yarra Valley,ChIJ____P-Us1moROIQgfjMWCYQ
Helloworld Travel Oakleigh,ChIJ4VX5AFlq1moR-JFtJEr5Ldk
Aero Australia,ChIJc2mhZwVs1moRka-LtEnlh7U
Air Combat Flights,ChIJBXS-z_ds1moRXaILCBEOkWE
Prahran Travel,ChIJAQBdpFlq1moRNuvC-TzIyzo
OneAlpha Technologies Pty Ltd,ChIJNyN7gUxd1moRJUhRYlL8TTI
Helloworld Travel Beaumaris,ChIJDfdFnbFv1moRvJqgIkkaUoc
Oz Drone Operations Pty Ltd,ChIJs6vPKtlo1moRTbNXpCZpeO8
FARE CREST - ARS Travel Services Pty Ltd,ChIJf1BQV5UR1moRHQpO_PH7BuI
Dura Lube Australia,ChIJvyb7e4tv1moRI1Rj6zzmHyw
Rushdown Travel,ChIJeyTAMPNo1moRUbnUlY7RdAI
Discountflights,ChIJB4Exx6Zc1moRjHyQ9L1cXOc
Airside Tours,ChIJgb69faFD1moRRjXrKjziuDM
EastWest Airlines,ChIJnXGA_Ixb1moR1kNFqEK3FPY
Cirrus Aircraft - Melbourne,ChIJK65nhFRt1moRmWrhHyQtLFE
Talent Nation,ChIJZ8yCIU1d1moREps-xjc_CzQ
Ratemaster Finance,ChIJaZabAf1o1moRR6bvWX9Qedc
Budget Flight,ChIJvS291-td1moRwjMJ0YVkx2s
Jetta Excess Baggage,ChIJ16s6LzzhbaoRAPgZavnlpgo
Catalyst Aviation Insurance,ChIJPQbg2cto1moRDzz6HvvxU_o
Trakka Corp Pty Ltd,ChIJ-9w4k3Rs1moRAHZmXL-cAsc
Helloworld Travel Vermont South,ChIJkWSvZ-I-1moRRQ4q7dJ3pa4
Flight Network,ChIJ29zshrJC1moRlfD-_oEm--g
Supersonic Travel,ChIJib5QaT9IJgARnBHweOjq11g
Flight Circle,ChIJVVUlOLRE1moRLEsrK01_eJI
Bangkok Airways,ChIJ8TrsBcpC1moRRuYH-V8kjOY
CTI,ChIJ__-j-Upd1moRL505gu2Rhow
"Gastech Engine & Equipment Co., Pty LTD",ChIJ0bWaFnNt1moR23bBR_yf6cY
Nhill Aviation Heritage Centre,ChIJlVoZRFMgz2oR_8oD9CPfl9Q
Encore Journeys,ChIJGebkEzBo1moRwDh0kykp0-M
Connect Christian Church Frankston,ChIJuc3Hu7gK1moRzq3k0rhslb4
Travel Analytics,ChIJFV9amBpd1moR-SUfGNvR73M
Allure Travel by CTM,ChIJMxn3fHxC1moRUC9L2y1Kn1I
Hi Travel & Cruise,ChIJl1XncaxE1moRcyOou1XNKmA
Ppg Aerospace,ChIJ90ddnVtZ1moRHDycGRa-CTg
The Lily Stirling Range,ChIJ4dVYEM9AOCoR0-mswBtQqxo
Penjet,ChIJ81aRPgqXMioRXwxQ_YkZYj4
Ansir Systems,ChIJVVVF0dQT1moRDJv7qpFWpWg
Airbus NZ,ChIJvbjI2JRs1moRbCYBJP3ZcP0
White Gum Air Park,ChIJFbLbZLVpMyoRntXBt5q6Ty8
Strathaird Street Playground,ChIJqVnUl4Jb1moR9Qs1JRYG1bE
Electro.Aero,ChIJAeaShtuXMioRasN35Ab3ihQ
Southern NDT Pty Ltd,ChIJ3Uq42JRs1moRq9U2tkhFROs
AME Systems (VIC),ChIJ7xjpN-M61moR_0aV8PSW7_o
Sharp Airlines,ChIJZW39wmFc1moRzS0TbcMsq1o
Helloworld Travel Melville,ChIJuZkvTb2jMioRYid9N_gqy6o
AirStream Jets / Australian Corporate Jet Centres,ChIJ-UsnyIxb1moRJOqV1bUKJho
Access gate to Private Aircraft,ChIJJ1ynhHNb1moRiFYJEa7afMo
Helloworld Travel Rosebud Plaza,ChIJQVdNlBnJ1WoR3z9hjq5zUO8
Lake Preston Lime,ChIJszyd5uYGMioRerxHZUzXBhU
Albany Aircraft Maintenance,ChIJTWmcpX0ZOSoRe8fpK8obmds
Helloworld Travel Carousel,ChIJvc-g5y28MioRkJBRG0RIgko
America West Classic Automotive Shipping,ChIJq6paJ4OUMioRwNK5anAnFIg
Top Gun Flights,ChIJHawrf9yXMioR8tj0Qw7nIok
World Baggage,ChIJMfdqv0m5MioR2svXk2xRnB0
PSB Insurance Brokers PTY Ltd.,ChIJLY1WlPc41moRnT4iXPh-C4I
Red River Aviation Pty Ltd.,ChIJcabICPADw2oRJj8DX9mhKmM
Smokin Joe's Pizza & Grill -Craigieburn,ChIJ6dtdq5dR1moRFmcta8JdVu0
Monash UAS,ChIJPWlKaMpq1moR6QQQD5VJT3I
Aus Corp Jet Centres (ACJC),ChIJ854ioSFb1moRaf5Zp1rq2h0
Fly Legendaire,ChIJVVWF6sOXMioR0GzSd8ZFyVA
spraygun washer 216,ChIJ__-zuW9P1moRDEM11hMciXA
Panama Jacks Vintage Aircraft Company,ChIJ7b1Qw8OXMioRUxqCxZy5CVw
Irizar Asia Pacific,ChIJUy6kYUAR1moRjkl9zhdENzA
TAE Aerospace,ChIJQdSfajAR1moRy3d59Qt6wdM
WINGMATE,ChIJNdYV6pYi1moR43u3hDJaT3o
Travel Leaders Australia,ChIJKQQQysob1moRMPVlLzT1XoU
Plane Trees,ChIJAWNJeW5mOSoRWuRsopFq7Jc
Helloworld Travel Leopold,ChIJY_xqZg0-1GoRUtbjjHGh49s
Arthurs Seat Lookout,ChIJtegh_7DI1WoR4AttDC7PT_U
Sharp Flyer,ChIJGUZz52oAzWoR6lB29D9uhWs
Executive Travel Management,ChIJbd3LhaAW1GoR09t6AhCx3dQ
The Air Charter Group Melbourne | Private Jet Charter | Charter Flights,ChIJ0QVIE41b1moRLyUrykd3FXg
Southern Cross Air Tours,ChIJ8TTuw-Rb1moRYZ3kyvyUl_k
Punkin Head Air Sports,ChIJOcv-Q2LNIGsRGcLKI05gukU
Moorabbin Aircraft Hire,ChIJsQULFIZt1moRS_LmoyYuWlQ
Helloworld Travel Sunshine North,ChIJ6wmNMoj11moRM5Iz4u-oOU0
Tradecard Rewards,ChIJTXaJOpVs1moRtPx0zaIWLEA
CKAS Mechatronics Pty Ltd,ChIJc-2bjjdZ1moRMZLxUxo7PBc
Toyworld Success,ChIJvUEobS2YMioRwlEJyuWM9io
Aerochrome International,ChIJWVzhkd1s1moR6bThmEPKVZQ
Aerodynamic,ChIJL7gOP5VZ1moRdKleaGy9Z7w
Cloud 9 Charters,ChIJQZyWc-qXMioRfRrE-sMHWRA
World Fuel Moorabbin (MBW / YMMB) JET A1 / AVGAS,ChIJj_owub5t1moRN9oLXf7EEh8
Ansett Aircraft Spares & Services,ChIJb78ETnxZ1moRW10J-mK7ACw
SCAD Design,ChIJbX7ePQsj1moR08PXwklql2U
Swinburne University of Technology - Hawthorn Library,ChIJfXIugy1C1moRWyfpDXR43Ag
Book Aeronautical Radio Operator Certificate AROC,ChIJyfMwgduXMioR7u15uQyUX1U
R.M.Williams St Ives,ChIJBWgPvOFXDWsRn6YGXQvdQxk
BÖCKMANN HORSE TRUCKS,ChIJwwEZMsShEmsR-aebPf_BZgg
Saddleworld Bowral,ChIJbR_sN_6jE2sRVRnAZXfefFg
Penelope Store Australia,ChIJCdaj6Q-TE2sR6OSY2oG_TUY
The Mat Group PRO (inc. General Mat Company),ChIJPa5W0zCjEmsRTTpwN68Yq-I
Gohorse Horse Rugs,ChIJG_mJLpW_EmsRCBDnFlB3cOA
Bucas Horse Rugs Australia,ChIJQ24Z-TrQUqkRDgv_4X5bOAE
Buck Yeah Equine,ChIJ-fs1vprZCAoRvksx1f7Vt_U
Toptac International,ChIJX28okGXi2WoRwLdcR7XtbqY
Black Horse Surfboards,ChIJPxt5HgcVc2sR-j5c42cQ4YY
EquaCare,ChIJ-3RBz0OuEmsRryx62CW1MN0
Cuore of Switzerland - Australia,ChIJ0ZPOGs-xEmsR1u5np2S_BcQ
Horse and Hound Specialists,ChIJnfap72xXDWsRb065RV8uuFs
Mousa Clothing (Mousa U.B.R 014),ChIJUWGj5YGlEmsR8BbuD4oxSpw
Synergy Access & Scaffolds - Sydney Depot,ChIJLc-NuCS5EmsR9S5d30jOrK8
VOZZ Helmets,ChIJjSa90hiqEmsRDnintB_dOMw
Shed Of Threads - Moto Apparel,ChIJT6JaQaWxEmsRaYCq8jKwx3w
The Rug Rack,ChIJVTw3fnw9c2sRIHkiP00DDJg
bikeshop.com.au,ChIJQd3Ke4r_nWsR9gWVmBgOtXk
GE-WY Leather Dressing,ChIJLWQXLEcVc2sRm0yawgeVFKg
Kakadu Traders Australia,ChIJSY3zJam-EmsRr3Swt1VCIbw
Stàbel Equestrian,ChIJRVcr20F_FGsRQpH2pfxBurg
Victory Lane Motorcycles,ChIJyXwIgiwtEGsRe1WgFZfNtgs
Just Gorgeous Things,ChIJ0QTLSh6jEmsRVhC4X-rtSjQ
Bungendore Horse Supplies,ChIJ-RWMz8xfFmsRRnMD2tE7Igk
Giddy Up Gags & Bits,ChIJD_B97qb-GWsR6wCnrmH6t2o
Royal Honey Australia Etumax | Dose Vital | Black SuperCharge Honey,ChIJIbUpuxC9EmsR6-jpMO7Ntr8
The Reject Shop,ChIJZz7-7t-7EmsRPGtFB5BeJPA
EQ Saddlery Canberra,ChIJjUX1eeRNFmsRHF6alMUJofw
Natural Horse World - Shop online anytime or by appointment.,ChIJBY2uzVm_baoRlHA5in3S2Yk
Officemate Australia,ChIJe-6eym29EmsRAptNstTM03U
Musto Australasia,ChIJ54QzJYqqEmsR0-9gX9Et_Gs
Bennett Polocrosse Rackets,ChIJQwD4k-zodWsRzJSB3bpLo2k
R.M.Williams Clearance Homebush,ChIJgTazVjO7EmsRdlGIzvS1oy8
The Reject Shop,ChIJf3gRcJ27EmsRysgX8_XRQLY
R.M.Williams Westfield Bondi Junction,ChIJSwlYm_GtEmsR5jmARgx17xs
Toprail Equine,ChIJVVVVVXigEmsRviDnVBglWKc
Garrards Pty Ltd / Horse and Hound,ChIJU3gj2R_9k2sRSLltYAso4sA
WashiGang (Online Only - Pickup Available),ChIJqyV3c7gDkWsRxFyxZ7mPHow
FIVE GEN,ChIJ__8vYBixEmsRDx_nESPrsIE
InSync Halters,ChIJT7yVhH7HDGsR_V8Co9LEK3E
Animalcare Supplies | Horse Performance Products,ChIJM0TJmz19RygRwRCKzMXxSgg
Glen Mia Saddlery,ChIJ5YGMJ-ApPGsRIN9Y1NUh5xo
Novo Shoes,ChIJ8bhYuy29EmsR4A3MY6Zpn9U
Toymate Warriewood,ChIJw_ETjeVUDWsReQAVGRGWX9E
Novo Shoes Parramatta,ChIJ1ffoQiCjEmsRRxEyS2a-mGo
Hell for Leather Customs,ChIJsRKqgsirEmsR5bJK1mCW7n4
Marellen Show Ribbons,ChIJx_mUxzf1EmsRKE-5zEQ0Vmk
JET Excavators and Trucks Pty Ltd,ChIJdU2LFU9DkWsRlep9SY0VHVo
Brisbane Concreter,ChIJickJIWtb8ywRnQ3JoEewS4E
Armstrong Building Pty Ltd,ChIJ1zIeXX9ZkWsRu_A0r1IsiPY
A1 Restumping and Renovations,ChIJi4HSAcdbkWsRbmg0WOSzsEY
Byrne Civil Projects,ChIJb2SOZqZ7k2sR6gddKETP6Sk
Diggermate Mini Excavator Hire Sunshine Coast,ChIJM9dctoqek2sRTJuCW9l-i-8
SureSearch Brisbane,ChIJhbAzdNdBkWsR2NIYXP9OgjE
Dixon Homes Brisbane,ChIJpyoX5u5PkWsRetpJsQi1icE
Vacking Australia,ChIJM4acJX6Fk2sRChSwaHkdrxs
Latitude Construction Consulting,ChIJC5XMaCxwk2sRP4NQ2dfO16g
JC Hire,ChIJg1JnELp5k2sRNtPv5YRPg7c
Mirage Plant Hire,ChIJvfmGD7NPkWsR6XMpGbnxWCY
Jabiru Metals,ChIJh-sZwv9lkWsRwQM3BENZC2c
Downunder Earthworks,ChIJq6oGr_5AkWsRX7EH27Ng8BI
Mooloolah Valley Slashing&Earthworks,ChIJj3uZYFdyaQERyO5kaL_KkDM
MJK Industries,ChIJU95uv6takWsRbhj5hwVlf_A
FusionFab,ChIJL9XhmuRfkWsRmfcA3hyC6Wk
ALG Custom Steel,ChIJo2bpH9lnk2sRy_cyrxnYHEE
Brightworks Stainless Pty Ltd,ChIJfc7CTdNxk2sRSzoao4QhSeE
Sunshine State Balustrades,ChIJgUCeYG6ek2sRkT1k3aiMlM4
Phoenix Reinforcing,ChIJUVMhO8lok2sRdsgxk3Ncch4
Art In Metal,ChIJT7zEfPGJk2sRtRBegtL3amE
"Buffalo Equip - Aluminium Ute Trays, Canopies & Accessories",ChIJG5AvwraCk2sRyt77OMuNVzQ
Damcorp Building Products,ChIJRdpetm5ZkWsR_A1gSjXSvcw
A 2 Z Sheetmetal,ChIJna8zXex3k2sR26_FYmQmdko
Metalmorphic Laser,ChIJz_5pq0F3k2sRHqvbO0aR6oU
Big Boys Boundaries,ChIJYcpea4afk2sRpB4Wx184Lf8
Limitless Chassis,ChIJbyig0Mlxk2sRG6CaCT87HXY
Brocky's Fabrication,ChIJBSGvAnibk2sRIvpGPTL2pzk
Heka Hoods - Bracket-less Awning System,ChIJwVzLxO93k2sRRU78ZEvrRIE
Ezi-Batten,ChIJU1L6TM9ok2sRXWimRNAIlBw
"Stoddart Group, Sunshine Coast",ChIJdeYJIvB3k2sRWaQpqvGNiMI
Sunshine Frame & Truss,ChIJh065SNNxk2sRMI7du-jDhrU
Marcoola Hire and Scaffolding,ChIJPYR0pRZ3k2sRDK-03VPmnOI
Kurth Enterprises Pty Ltd,ChIJu1HIhIKIk2sRAZ328XW83VE
SEREN BIDET - Brisbane Smart Bidet Seat,ChIJraR99jBbkWsRy5T8CpiKHDM
Goop Guys Sunshine Coast South,ChIJefTkjz-bk2sR-Ylgo_ZaqYk
Rudd Family Builders & Solar,ChIJzT5Eavl3k2sR__66QT3IKnQ
Midas Shoes - Sunshine Plaza,ChIJ0ynK8h53k2sR8nKDGznedZs
Sunshine Pool Heating,ChIJXcLAm_Bvk2sRe0avZQPJWQw
Aussie Gardens,ChIJIwGoMQ6dk2sRXQFXkLyuw_s
Eco Earth Plumbing,ChIJJ_X3N8adk2sRzCzqgXNmGDo
Sunshine Coast Mowers Kawana,ChIJ1YkDM0mfk2sR0AgR2zdLI0A
Confirma | Concrete Remediation & Structural Repair,ChIJ7ymJsGxfkWsR2q_eO6YEjno
ProCrete Concreting,ChIJWY0rzRHzk2sR8FJBG7HXMO8
Blinco Timbers & Landscape Supplies,ChIJA68jZzh8vmsR0c5_ueYRBJA
Crawford Concreting,ChIJE1VviaQBlGsRbYizFmMoiJo
Lyle Neumann Domestic Excavting & Concreting,ChIJ0wsrMnoQkWsRndIxS5PYuRk
Choice The Discount Store Kawana Waters,ChIJwzZfMjd1k2sRBdUl5QJabNU
Anthony Hatchman Concreting,ChIJFR0evkGjlGsRQWWgFIksjso
SJP Concrete Finishes,ChIJb6TpI-R3k2sRL5D4E7pcF0M
Classic Concrete Pumping,ChIJyWj9V153k2sRMEkmOjB1QqA
Be! Building Group,ChIJXY1vZM1xk2sRRor-OrFxAHk
Karloo Constructions,ChIJ8e7WV-93k2sRFC_2nLIBE3w
Superior Concrete Finishes - Sunshine Coast Epoxy Flooring,ChIJq6r6udFxk2sREQL_by_blUA
Bricklayers Sunshine Coast,ChIJfwJTyvd3k2sRv6ILra-5Njg
Sunshine Coast Concrete Pools & Pool Renovations,ChIJXeOLS02blGsRu8oPwZ-g5T0
R & J Parker Concreting Pty Ltd,ChIJPwNSoZbPOEkR_QOzg2GKEvA
Floor Illusions Pty Ltd,ChIJF7kGi-Kck2sRFrxSjRns9vU
Spray Crete Specialist,ChIJqfinB6Wfk2sRYmVW0tNpPVI
Exceed Concrete Construction Pty Ltd,ChIJwdbuFvNjk2sRd5S8JqpnK3I
Boral Concrete,ChIJ01xF3ldXkWsRpLBniosaRik
Pro Pool Repairs & Renovations,ChIJdeo9yi-fk2sRLGWMGGTDGfc
QA Tyres,ChIJeXuvPqFbkWsRi02GNjiNS5o
Evans Long Pty Ltd,ChIJdUp6tOd1k2sR2Vi_t12bqmY
Tyreright Head Office,ChIJZ4NRs0JZkWsRUEZAtL4pJ2c
TyreTrak Wholesale Tyres,ChIJ7XJ3ONVfkWsR0HINNeirQ6w
"Tyrepower Cooroy Tyres, Mechanical & 4x4 Centre",ChIJA3Dceexjk2sR-ZOxlDSETn4
Richers Transport Office,ChIJnTnU-hZn62sRBe3Vmzc9dP8
Get Parked,ChIJcXeQyuRRkWsROriVu33L_oI
"Moolooaba Mobile Tyres, Auto Mechanic & Safety Certificates",ChIJJSsGasJ1k2sRQCam26qGRLY
Apex Motorcycles Tyres And Accessories,ChIJa2xlFmmek2sRRI4DchP09dk
Healy's Tyre & Mechanical,ChIJRQ08WaBok2sRRavBUsr450I
Independent Buranda-Yellow Cabs P/L,ChIJwem69UBakWsRGzJYlfrDxK8
Maney Transport,ChIJ41N-DNoiumsRfiuhcpb9gis
Brisbane Mainfreight Transport - Larapinta,ChIJhUfEc11FkWsRTUwYros2_Ac
Yokohama,ChIJMyckz-R4k2sRBvxDPW-AZEw
Richers Transport,ChIJXxS-T1OilGsRzjrjY7tEIT8
Bridgestone Select Tyre & Auto Nambour,ChIJg-xAf_14k2sRseaUuPQBwrY
Walkabout Services,ChIJ9ckhVupqkWsRXJanB2U3f5o
Americold Logisitics Hemmant 3,ChIJNUD52tBekWsREdBrhILhDHE
Sunshine Tyres and Mechanical Warana,ChIJdbyH1M6fk2sRc5Kl1uXpj7E
"Coolum Mobile Tyres, Auto Mechanic & Safety Certificates",ChIJZ8FO4Jdxk2sRjKZlLwva3Fo
Wheel Change U Sunshine Coast Mobile Tyre Service,ChIJW9Yqxl_lZ0MRTDe435RprQI
Bridj,ChIJ01d-DLBbkWsRk5mgAqqnFrY
Goodyear Autocare Nambour,ChIJIRSCGwJ5k2sR14S5iJWA7dU
Tamex Transport Brisbane,ChIJdVovAWROkWsRc_hQ5ZDTFTc
Bigmate,ChIJoVHWXxtakWsRtTbKnlRECSY
Carters Transport,ChIJT7Dnr-93k2sRbHd8HlA1tpg
Westlink Petroleum,ChIJER37_TSklWsRwsQ1ifn98Fc
Queensland Boat Transport,ChIJ5dqOhC-Dk2sR4j9rGI1ixiI
Dave's Transport,ChIJ__9vSh6dk2sRCcmNoM3lX8Q
Morgan's Long Distance Transport,ChIJ9x_QntF7k2sRFPP31-X0vxc
Browns Slipway Trading,ChIJ80NXom6ek2sRpqTz6axbpyg
Blacks Transport (Qld) Pty Ltd,ChIJV5GpQfx5k2sRKR-13cNR6UQ
Redline Group Australia,ChIJOed8HXVpk2sRuRMXyGroaes
Richers Transport,ChIJr4H-PyqA7GsRJK90SwZ9cmQ
Wayne Floyd's Transport,ChIJGaGuT73JmGsRbLYvZOkaMbU
All Freight Carrying,ChIJZfwuQ-Obk2sRPjmeXk1vh7g
Providence Transport & Crane Truck Hire Sunshine Coast,ChIJ1amxmCGDk2sR-JaHf_nj7XE
Overland Removals,ChIJg3qZxU5pk2sRaQBvO-v0_Uk
Kombi Celebrations,ChIJIXqehKxlk2sRuxKfl6TTSx4
FedEx Station,ChIJj_fTE9F7k2sRStliua9B0yM
Kent Removals & Storage Sunshine Coast,ChIJa9bycfxxk2sR2OdnXThobjs
Armstrong Removals Sunshine Coast,ChIJl6VFe_B6k2sRUgREvt4twBw
Your Freight,ChIJFePvcyR3k2sR29ZRaLo_IY8
Suncoast Shipping Container Hire,ChIJ87hUWV9pk2sRWwbuE4fkN8g
Private Transfers & Tours,ChIJZ4hKZph3k2sR9nXzkv0i3uM
National Cold Logistics,ChIJhTwaAomCk2sRdHIV0s0H458
All Coastal Container Hire,ChIJbWtetFWZk2sRF7Vje3-W0WM
Tropical Coast Tours,ChIJmf1rpel4k2sR8XH9K1pnQnk
Furniture Removals and Transport Sunshine Coast,ChIJrdJGGYF4k2sRtIf2tJKElMw
Smillie Transport,ChIJGw_BQ1KilGsRGiaVcXFffLA
Diggermate Mini Excavator Hire Birkdale,ChIJE0Td9YFfkWsRaq2pO1J3VLw
Cheshire Machinery PTY Ltd Murgon,ChIJ1R3BBFYalWsRjUIrhRNX9Yo
Stark Builders,ChIJ34ZSAxVbkWsRJ86QBF-ngRM
Steel Pacific Insurance Brokers,ChIJ64Ah32N2k2sRlipYfxQU3E8
Cooroy Outdoor Power Equipment,ChIJR0Q9__Jjk2sRLQcyru2fyho
Sunshine Home Maintenance,ChIJTyh8R_53k2sRfCvQoI4o2zo
Quality First Constructions,ChIJXzqM3qNxk2sRzh2uwtwJLWk
Kubota Engines QLD,ChIJkVKsVRxZkWsREGd690J9Wmw
Casali's Mareeba,ChIJS4cFSGZ-gmkRmTJqK_1xYqc
Brent Kratzmann Trucks,ChIJ8ayGAhxZkWsRBGO2k7RmvAk
Gold Coast Demolition Group,ChIJ____2-IEkWsR656ouum46r4
Statewide Forklift and Machinery Sales,ChIJn6bSsGujlGsR5TbaC23bLSU
Pierpoint Motors,ChIJSVFS56wvmGsRcEiZbQD_FHA
Marine Diesel,ChIJRQXddItdkWsRWs2Qfvq5ckc
P & B Plant Hire Pty Ltd,ChIJzxzUde2ck2sRTGPPB8BBydI
Turf Solutions Pty Ltd,ChIJ2TkAkdplk2sRHpsMlKY_v3Y
Eumundi Turf,ChIJWYd4T0Rlk2sRYjfevk4stwk
Fisher & Paykel Repair Specialist,ChIJpTCmZZB3k2sR6cKRFtehzJs
Baseline Retaining,ChIJqytocARjk2sRVd12XhXt7-E
SANDSTONE HUB QUARRY,ChIJ61HO0KUNl2sR3Rqb7ed4bok
Landmark Garden Supplies,ChIJq6phQ683kWsR8NbOCot8EFs
Baseline Retaining,ChIJAQA8n6Jhk2sRL2PzKjp-gdo
Narellan Pools Sunshine Coast,ChIJCziCN0l6k2sRa0R1BBR9EzM
Concrib,ChIJVVWFDVdOkWsRv77GgRhRKKs
Regal Pool Builders,ChIJdTXYxxCDk2sRhUxzCMpDE1I
The Shed Company Sunshine Coast & Gympie,ChIJFd9SU-1jk2sRZQkwMYW-5UA
Caloundra Framing,ChIJIxFq4DSZk2sRfoMeuiLE9nw
Future Fitness Equipment,ChIJwS55b2hxk2sRkjq6O_G5f2U
Nangs Delivery Brisbane | NDB 24/7 | Cream Chargers,ChIJD0PFcHRZkWsRvnPjD87UDQs
Trafquip HQ,ChIJfQzRaplbkWsRp8zybqniIWY
Recording Studio - Sunshine Coast - Matrix Productions,ChIJN-Go_-l4k2sRn4fz6hMgi50
Speedy Bins Skip Bins Sunshine Coast,ChIJ-8wfqVuFk2sRVjKnLRGisAk
Budget Skips,ChIJBQZowc5ok2sR4Q6jDIokD7E
Spandex Asia Pacific - Sunshine Coast,ChIJf04T_b53k2sRg6jPiFwguDM
Skip Factory,ChIJGeZMkXGek2sRgNBB3cfntx4
I.B.S. Skip Bins,ChIJY2TBNZd_k2sRE6Fuy0hdu5I
Veolia Environmental Services,ChIJ2SvhGu1PkWsRVo4jPmc_2rs
Superior Skip Bins,ChIJieLaME-jlGsRBnYe-HhZeDs
AVI Pty Ltd,ChIJDfur3xxakWsRWzIpkAma898
Swift Skips,ChIJi9lIgOxjk2sRhX4v9m3HVuc
Jim's Bin Cleaning Sunshine Coast,ChIJ-XkRsziDk2sRfnMBC8AxWAs
The Patternmaking Studio,ChIJcVNNCxZbkWsR62pbv7gj2e8
Innovative Equestrian,ChIJq6qmbjPfbaoRaAmb-C59dag
Tas Saddlery Supplies,ChIJjQtT7NvZbaoRMtkXhCurcfw
Huon Valley Equestrian,ChIJD-JBd_t5bqoRatX8G2Cc1_o
Scoot Boots,ChIJx8OQ47TgbaoRlnmLM-0pRrY
E.E.Newton & Sons Leather Goods,ChIJb8cCvAJ1bqoR_PJU2lcDmAg
RFA Equestrian,ChIJXSjjbm6MMioRTfuCZh0nOhU
Beci Equi Couture,ChIJR50ytWuNMioR59J5MzJKuck
Mister Minit Cockburn Gateway 2,ChIJO9U9GnyXMioRaLCBPVS0VAY
Petbarn Spearwood,ChIJmdEHHLKEMioR9VqJvc5v7sE
Horse Sense,ChIJ-btyjYElLioR_1GIgrsxKPo
Just Party Linen,ChIJCaMzD8ijMioRYeBRRJa_xxY
John Miller Design,ChIJNXhRu1FcLioRtc2XO-NqYU4
Queen of Everything,ChIJdRDASTujMioRtKdqeGjeLhc
Air Tight Fridge Seals,ChIJyd2CNGiYMioRcIOio--m-AQ
Goldmark Mandurah,ChIJwY-9zE15MioRkqDzOkWMhI0
Byford Print,ChIJDbrRNo6SMioR08lLOjqfqP0
The Tin Horse Highway Store,ChIJv_dOqeFwNioRutAlxWCuppI
Alternate Touch Equine Supplement Specialists,ChIJBXojucuKRmcRTUMIwwFfqsk
Banjarra Tribal,ChIJk7jeQoahMioRH-VVyrSJCYQ
Petbarn Osborne Park,ChIJcaDHN3WvMioRJlcs9qAapBk
Ink Circle Design & Print,ChIJPeoeT8ilMioRr97VtzY6r0w
kikki.K Enex,ChIJO2YC6NW6MioRQS5AfU9DQGg
Perth Bike Fitter,ChIJ86otbxu9MioRTeyq2e-eW8g
Adventure On Store,ChIJnaehmSG_MioResCWW1_9AqI
R.M.Williams Myer Garden City,ChIJj38SILijMioRd5cYa8AG6wA
Cavallo Equestrian Wa,ChIJpaZzYf4_NyoRV89_ptJUVDk
Scooter Hut Cannington,ChIJ9V9MJy28MioRslQ6LiWvNMU
DRA Cranes,ChIJ6aKa3nK6MioR8CadWhN-pt8
King Kangaroo,ChIJO62Nd_-7MioR81Y3NQwMLT4
The AFL Store Carousel,ChIJvc-g5y28MioRSawD16WTOq0
Storvyn Kids,ChIJmVVxD5GNMioRISfJrJWTs8o
Power Equipment Centre Byford,ChIJW-E9jI-NMioRkqL8s4snM7s
Screaming Demon,ChIJSdvCzoSUMioRvoZMU8DkpYQ
Mandurah Surf Lessons,ChIJH320pVqHLSoRxXxHtxDmRdc
Austral Clotheslines WA,ChIJ8072yPe9MioR7J39uDxGmE0
Giddy-Up Nets,ChIJ_f8PPXraMioR_MCkOFfyqeU
Perth Nepali Mandir and Community Centre,ChIJvTi0bFbrMioRxr7taKyP1HY
Thompson & Redwood Stockfeed,ChIJw98dAp21MioRVi3Ix8evAVg
Kimberley Country Department Store,ChIJ1Q2G6X6YgSwR09Reed3tjE4
Raine Square Newsagency,ChIJe7X8hlC7MioRJpa-OrcWrNQ
DoctorGreen Surgical,ChIJt5AJ4iS8MioR-2WFO1SipqY
Sophie Warren Equestrian @ The Highfield Academy,ChIJp0OqC9i3MioRECnt905BgIM
Connor Watertown Perth,ChIJ09ZdETKlMioRNXaLuruqLfY
Saddle Solutions,ChIJ6fAFa_TJMioR_vedtKytkRE
Hawkesbury River Saddle Company,ChIJu5WFuuFIDWsRID3QNid-F10
The Sink Warehouse,ChIJdwSbeBK4MioRjXR7rg0zC_w
Equine Emmett Therapy and Saddle Fitting,ChIJURc9ZDDbMioR2TPedWcvyRg
Applied Vocational Training,ChIJW82kjHu9MioRxTLOJ3AH9Ig
Riverina Saddlery (Mathew Murray),ChIJKw-LEdqbGGsR4nG_8OPM7z4
Koolparoo,ChIJ04Un291v1GoRVwXd8Wxbp7g
Fully Promoted Osborne Park,ChIJh1qcsJevMioRu-voCe84kxw
Antares Australia,ChIJnWPk-8kgPGsRp1oKHkETMBU
Northwest Saddlery,ChIJ25mNiDf3oWsRRiXgxu8Laj0
Trek Bicycle Claremont,ChIJ0_Q4LlikMioRG3Ekipnf1ww
Footbikes Australia,ChIJebkfVL6vMioRZ32kojLlIHU
Magic Browbands,ChIJE6oH8VDbMioRKsTUR1vtLR8
Roma Saddlery,ChIJLxRaDBkjumsRZH2ghpnrmJo
My Ride Osborne Park,ChIJM411irivMioRt8qupbTl2y8
Trek Bicycle Osborne Park,ChIJaRz83ZmvMioR-21eKW3mmBI
MBE Fremantle,ChIJOddVMhGjMioRDjSOyipdXEw
Anaconda Busselton,ChIJdR8oQxo5LioRi4v4sQArVUE
Trek Bicycle Belmont,ChIJH1glmMq7MioRJJHKPN0dZmc
Calder Rise Reserve Playground,ChIJl0q6_LZf1moR9Afvb29VU9Q
Emerald Street Community Hall,ChIJJXmf0j1c1moRccMkKRyY3dM
Mekong Vietnamese Aged Care,ChIJYVmGO7xe1moR3OqCREjQjuM
Keilor East Manor Care Community,ChIJFS-hbO1e1moR3Mmd8uKKStA
Keilor Football Club,ChIJaeSNqNZe1moRBYBPG2Xz97A
Jackman Crescent Playground,ChIJ-1daJn9f1moRTq6sYg2Sntc
Ratcliff Community Centre,ChIJcWOpyPtb1moRkpHVWJEuh0c
Keilor Recreation Reserve Playground,ChIJu9xGpV1f1moRickOb-_MqUk
Keilor Downs Recreation Reserve Playground,ChIJx0qCiX1f1moRkew19Pg9MK0
Bonfield Reserve Playground,ChIJXQOfFINf1moRhw1miHhbkO0
Cyril Jewell House - Aged Care Accommodation,ChIJDVYCzL1e1moRenKuUPcjKc0
Patterson Avenue Playground,ChIJudP1gqpf1moRwv2Vg093Tw8
Calvary Rosanna Views - Residential Aged Care,ChIJRyIXGD9G1moRBoNR-g1pt1k
Wyngate Care,ChIJAQDwZspe1moRxQ_iwba0SDg
Aeralife Watergardens,ChIJt2RT1-_11moROSwV_fVQYaA
Phillip Island Grove Care Community,ChIJ0Y6yiBHs1WoREGy2B5jX7Y4
Hume Central Secondary College,ChIJZVYgDnBa1moRYNNuqtyYFlo
Lively Learners,ChIJtWvb48he1moRdcNhMP4Jhbc
Parkville College,ChIJywkLjsVc1moRUewnd-M-3HA
St Christopher's Primary School,ChIJHex6n_9b1moR7X2qkEOjP3w
1st Keilor Village Scout Group,ChIJychyndpe1moRjpAMGqLQS6I
University Apartments – University of Melbourne,ChIJITt1Ci1d1moRedURnGdioRc
I like your bike,ChIJv103GKSvEmsR3lyxcGpk5Ss
Bikes & Trikes,ChIJq0sjLoSF22oRBJiijFNhG1g
Wheel Heat,ChIJuaNnD4gMKmsRTZVewMVj14Q
Northern Bikes,ChIJI0NLkHZ1gmkRq0bKCFVNFQs
KOOKAÏ St Collins Pop Up,ChIJ9Xp_yrVC1moRYhXjNeKYfe8
Macpac Northland,ChIJTy5OfbZF1moRBslEkqBJUs8
The Showgirl Shop,ChIJZRKOyptf1moRMLPA8yeebQs
KOOKAÏ Highpoint,ChIJ55vDAM1d1moRHDNJbk8MMhY
Treetops Adventure Western Sydney,ChIJ_eMRHFWREmsR_xRiP_OCo-o
Little Llangothlin picnic area,ChIJAf6jIdQ5n2sRgnXzwn0uoic
Doody park Armidale,ChIJTyd5fRWfn2sRazPfQovkAcg
The Basin Nature Reserve,ChIJeQfIXtPZoWsR9TuNchqdvG8
Guyra Motor Inn,ChIJWQ0jrxlrn2sRVXkoOM2eKYw
Banks Street Reserve,ChIJJ1RSSbm6EmsR5TuCKRMuano
Kensington Road Playground,ChIJX75XTv27EmsRvQJ0ZRuOCUw
Croydon Green,ChIJUxOaWHm7EmsRbr4avcGMOqQ
Pratten Park Playground,ChIJaYVBa6a7EmsRDLqTBfAq3Ko
Elizabeth Street Playground,ChIJoV9LX766EmsRIW06OY8Wowg
Explorers' Park,ChIJkcXYFKq7EmsRRGDycycswY0
Brunswick Parade Reserve,ChIJmYOsb5O6EmsRecUUNwIEVLU
Robert Street Reserve,ChIJMTaZH727EmsR5l1-W2lKaxA
Mills Street Reserve,ChIJN8MCyHW7EmsRK1lJrD3sf98
William Street Playground,ChIJz4mGJKy7EmsR_u_hEbTXI2g
Yeo Park Playground,ChIJv8EEIfi7EmsRYVN6ctq6SY0
Rose Street Playground,ChIJF9GM6Za6EmsRlflCK0XdMEc
Gosford Waterfront Market,ChIJcWGRcGW1cmsRSNgcQzG3SzU
Lidcombe Oval,ChIJIx2n86W8EmsRDvl7sOKmY6k
Kennington Oval,ChIJReorVtS9EmsRMQnYbBbrxCk
Princes Park,ChIJZahYufC8EmsRZHrW2eKYBa8
Bruce Street Reserve,ChIJT8oMfUa7EmsRNRGzvehxiHA
Lion Street Playground,ChIJm-juLeu6EmsRgYNRpffdIxs
James Folster Reserve,ChIJAYwwkS27EmsRBpT1phbQ1yk
Krik Ave Reserve,ChIJ51IeErG9EmsRso5RhwOz78g
Harold Moon Reserve,ChIJU4THwp69EmsRESRmMixxHg0
Wategora Reserve,ChIJiZcVwUe9EmsRdETEn4_DLpk
Arlington Oval,ChIJMdO7JIO6EmsRegrKK-G2tMQ
Leonie Reserve,ChIJH2bfpqK9EmsR7YW0QYFWowI
William Lamb Park,ChIJ23_QnVC9EmsRHYk8ctgHjhY
St John Reserve,ChIJUXpg_Qm9EmsRxOihDBYyWSU
Pre-Christmas Fun Fair,ChIJgV87bI2TEmsRDntioq2OetY
RAAF Stores Park,ChIJHcU2Pd69EmsRJokaAsD4-F0
Anthony Street Reserve,ChIJWW7GLr-6EmsRnOcBTkjjWis
Urimbirra Park,ChIJpUUnZye9EmsRam_nKgxQ_wg
Chiswick Park,ChIJxVCfKwy9EmsRLiTULz5ne8A
Parry Park Play Space,ChIJFcMVGUC7EmsRuNytG_XSYZs
12 Cottam Bankstown,ChIJ6RGqpKW-EmsRzc8hGC3omI4
Goodwin Park,ChIJHXJSXi4BkWsR3fnS_kSF5Y4
Walk on Water walking track,ChIJ7WzmiDH_kGsRtXjTlNBLd8U
Clarrie Englert Park,ChIJESVjjqn_kGsRcE0voL9bbf8
Tweed Estuary Nature Reserve,ChIJmfvwGmL_kGsRtJn2zjyGQC8
Cudgen Foreshore Park,ChIJr36wAYz_kGsRHVvAKE5JeBI
South Tweed Sports Club,ChIJ_aRgycj_kGsRbkl-3bKB5s4
Chinderah Boat Ramp,ChIJP9jyIA3_kGsRxd23yWGm9zE
Eric Mobbs Reserve,ChIJ40w44nuhEmsRutsp4LwkFg4
Crestwood Reserve Fenced Dog Park,ChIJgy_qVhyiEmsRAyUblkW62o4
Sturt National Park,ChIJL6QBgGmc9moRrvudUOAPWbM
Mutawintji Gorge walking track,ChIJjxrLfrfD72oRRJzz93DGqT8
Tennis Courts - Ted Horwood Reserve,ChIJw5j5vcihEmsR-44aKVJKPU4
Kingsford Reserve,ChIJZ3F9ss2ZEmsRm4Bi6TwOE6Y
Anita Cobby Reserve,ChIJJf-PA7yZEmsRQCLx-Wh9AQ8
Mutawintji National Park,ChIJhziNCePg72oRLaAoUKjLlXQ
Captain Cook Memorial Park No. 1,ChIJ_Yd7ilOYEmsR2CUPZ9dZlkA
Sydney Dome,ChIJZaSWJMmZEmsRkIG15CPW2QA
Walpole Park,ChIJ5alsUriZEmsRpzyngbqz9CA
Morgan Power Reserve,ChIJjWAaWsSYEmsRUKvy-Wh9AQ8
Christies Corner,ChIJqRMs1PGYEmsRhkE1JJx7j-w
Snowy Reserve,ChIJjyJV-_qZEmsRilcLLlkGpko
Bill Goat Hill Reserve,ChIJBWS05HeZEmsR6JUzMxEEC-Q
HappyTime Novelty Company,ChIJI8tBXNyYEmsRWYo-O_qphMc
Duff Park,ChIJJTW8QeCt7moRBlBLWUmgUN0
Bruce Street Reserve,ChIJ-9St44KZEmsRoAI1YWzpqW8
Fenton Avenue Reserve,ChIJb_qxIfrHEmsRLAcg-RGjlWg
Max Adventure,ChIJY6k-EBKOk2sRCbF8YJab4OE
Cornucopia Reserve,ChIJ-UFvkTOfEmsRJW72ErN7vfs
Pat Zikan Reserve,ChIJj6vfaLWZEmsRT2oCYRq5MVE
Old Kinchega Homestead,ChIJBYY-Pr-36GoR30-7SfkHncw
Beauford Park,ChIJlTdynprHEmsR_88SNkTRaDQ
Homestead Gorge walking track,ChIJy-bgmBrD72oR-EPIELNLuto
Gundabooka National Park,ChIJJ82-QmjCAWsRXUQlW3txxdU
Shanes Park Reserve,ChIJq-Ax5ZqbEmsRP4CSea7iJPQ
Rockholes Loop walking track,ChIJR5FPIW7D72oRktLSc_fthcw
Mutawintji Historic Site,ChIJGZje8DfD72oRQ9vxQJRYNvQ
Sanctuary Cultural Walk Trail,ChIJI6Rg-SOv7moRuFVmxxhvWR8
Ascot Place Reserve,ChIJwdDWcsTHEmsRRPGA3MoMzNs
PS Providence historic site,ChIJe8DnxbK36GoRsm1PfU4z86I
Bynguano Range walking track,ChIJS-vGLCXD72oRn0XOkLVzLjM
Dianella Street Reserve,ChIJ4Q_faPHHEmsRdAcLjQCm2Z8
Mungo Woolshed,ChIJkY12kEDz52oRsc-HDDxZ7VA
Park Lane Playground,ChIJMdQFlu3HEmsRZ-fFTiZ2mzw
Lions Recreational Reserve,ChIJJ6gwqSWs7moRVyUs5yUqub0
Homestead Creek picnic area,ChIJlemn_MDD72oRNht3NkNLWdI
Woodward Avenue Reserve,ChIJlfelAOjHEmsRaK9HUk8snoQ
Allen Robertson Reserve,ChIJdysTxMSYEmsRB-nV87xsDsA
Old Coach Road drive,ChIJweLOFr_D72oRSrqd9EDp1w8
Kinchega Homestead billabong walk,ChIJnwcUCdm36GoRbi8rLqmu2Ag
Thaaklatjika Mingkana walking track,ChIJ50i74__D72oRX0_U1uVDJ_Y
Public Toilets & Shower,ChIJu0T94Cis7moRhgfRpMaXDt4
Tarawi Nature Reserve,ChIJ7diNTvftwWoRLJmlH0u_uOk
John Dwyer Park,ChIJYURVS-THEmsRDdc_K7lJcS4
North Caringbah Oval (Redbacks Stadium),ChIJS-AN5_PHEmsReweHmDafNIo
Smith Park,ChIJe7IvCyq6EmsR7ZPGCxPtGZM
Meadowbank Park Regional Playground and Splash Pad,ChIJz28dFqGlEmsRilFUawnq_JA
Northam Drive Reserve,ChIJ23cpo-ujEmsRbnKSa1Blap8
Bradley Drive Reserve,ChIJS3Z-wgCkEmsRaU2F6Y7AyfQ
Rapanea Community Forest,ChIJk_kUl3WkEmsRJbaF_rn-joU
Roselea Park,ChIJaRQ74aqmEmsRCswREKKiX2M
McMullen Avenue Park,ChIJbQSi-AGkEmsRqV31QsCDp8I
Cheltenham Oval,ChIJ6RG7Xb2mEmsRQIvy-Wh9AQ8
Booth Park,ChIJzZ0qocI3c2sRjajCwUhU5Bo
Greenup Park Reserve,ChIJ3xab_3KhEmsRe5QjrCfTos0
Elizabeth Chaffey Reserve,ChIJtXt0-7ahEmsR9s1k3itIIiQ
Westminster Park,ChIJmwWb-iOhEmsROEnFxBRJv-A
Bailey Park,ChIJu2Q4T3A3c2sRaL4xELwgjDc
ABC Jumping Castle Hire,ChIJqbVdE-k0c2sRD1bBDdyMWzA
Jacobs Park,ChIJ17rJDWQ3c2sRkQ0LV7p8grc
Bert Parkinson Reserve,ChIJrwwuS5ChEmsRON9Ja0wEUzY
O'Brien Street Park,ChIJ_VbOsFQ1c2sR9JabVL-G9cA
Abermain Centenary Park,ChIJ6f5m4Vg3c2sRuYJSE5fruWE
O’Toole Street Park,ChIJn-xj4EY3c2sRc-M3cadzMKk
Whitewater Park,ChIJv8_Pot9Dc2sRW7McFNiZwCo
The Narrow Place lookout,ChIJHRnFfBwtc2sRYb1YJz1ZkXc
Log of Knowledge Park,ChIJO6_Qnbg3c2sRY0n3LoQzfag
5 Margaret st Cessnock,ChIJu_gtX8M1c2sR_nrPwSLHk_s
Varty Park,ChIJpe9Kkjo2c2sRw9mxKQ_rtrQ
Johns Park,ChIJ6XIHYo43c2sRJP1PzeVd94U
Cliftleigh Meadows Park,ChIJE6oCmolHc2sR6LwIrIUh8ec
Werakata State Conservation Area,ChIJrf4ODOIzc2sREHvvomStPSc
Col Brown Rotary Park,ChIJz2RI28U3c2sR7LTJkFIGAhg
Stanford Merthyr Park Leash Free Area,ChIJJRBonWM3c2sRM-RRqIWBNqc
Awaba MTB Park,ChIJQ385k-Uuc2sRB5xaABmNsEs
Deadmans mountain bike loop,ChIJwyMbWeRLc2sR7YJpgy27efc
Stanford Merthyr Crown Reserve,ChIJ0ZTNjv43c2sRMG3IHUo2nds
Mooramba Park,ChIJo1x9MoaqEmsRhMMJEByJn2w
Ken Newman Park,ChIJbzqTO4WkEmsR38bM-kBBEz0
Stirgess Reserve (John Fisher Park),ChIJN-XyCvOqEmsRRdzrz7n6U8M
Outdoor Ping Pong Table by POPP,ChIJQZwodOOjEmsR_rz61H__ZEA
Nalya Reserve,ChIJq9xDEQSrEmsR80jYOtk7OjI
Lambert Road Reserve,ChIJOxOyKgm7EmsR-csV1-MSjus
Griffith Park - Evolve Tennis Academy,ChIJfy1yvVxVDWsRfY108O3WStg
Illoura Reserve,ChIJZ1blej26EmsRi6NWCTcvMKA
Reub Hudson Oval - John Fisher Park,ChIJPZn9W_WqEmsRkJ3x-Wh9AQ8
Wanstead Reserve Playground,ChIJpakEf6KxEmsRQ6v5H1CnRWM
Canterbury Velodrome,ChIJIS7F6Y-wEmsR89dn4emDT44
Grey Headed Flying Foxes Camp,ChIJBQBq6om7EmsRNjlA8LZpDqM
Coffs Jetty Carnival,ChIJ7w_qW34NnGsRXRHaU0uTUU0
Freshwater Beach,ChIJiWHMWfuqEmsRpEdq56AavJw
Brookvale Park,ChIJF1Y-JGeqEmsRoM7y-Wh9AQ8
Old Reub Hudson Oval,ChIJ8xVrSouqEmsRHUSpLHIV-6s
Roller Crew,ChIJGSS6BayrEmsRZt9xTmw3axw
Wolli Creek Regional Park,ChIJibR5OV-7EmsRhIgbADfghvo
Yatama Park,ChIJuVf3vDe6EmsRm-yqo5cCFU0
Carrisbrook Avenue Reserve,ChIJ7Y3OuBi6EmsRQ1Mmj9e4RaQ
Leslie Muir Reserve,ChIJQ2iiHGe6EmsRGzrBjkxVvlg
Outdoor Ping Pong Table by POPP,ChIJH0y1m32rEmsRLBW3GdAAHMw
Warwick Reserve,ChIJfUhhVmG6EmsRIlQ9g8vm19o
Jaybro Sydney,ChIJVVVVtIWqEmsRh4NRx5CRhr0
Heynes Reserve,ChIJoxsJtGe6EmsRX1jMXVOEgyQ
Cooks River Kayaks,ChIJv9-uYke7EmsR8haha9P7WYM
Charles Daly Reserve,ChIJP5R41hO6EmsR9_e_OUJGmxs
Sawyer Reserve,ChIJPehQzWK6EmsR3YE1k9UjIzM
Brigalow Reserve,ChIJQTyvBNnAEmsRO4fZJVL3zjI
Logan Park,ChIJIUBGEBLBEmsRcUkyknoFauU
Lightning Ridge Olympic Pool,ChIJXWnWi5XyqGsRoVrK7MUSP0E
Sierra Road Reserve,ChIJ_V9e6qfBEmsRaaCCqyuTYss
"Post Office Park, Engadine",ChIJ-wTdgG3BEmsRzG-EwiQeMkw
Holmlea Place Reserve,ChIJCzqf5gXBEmsRt4TetZRr1o8
Pendlebury Park,ChIJIZM6h9XAEmsR9kz4PGHyIL8
Len Waters Park,ChIJz51hWvTBEmsRrf8eI1wJebM
Yarrawarrah Reserve,ChIJ36yYnSXBEmsRo-qLtw0Xn8Y
Mirrabook Place Reserve,ChIJe9tOh_bDEmsRX2e6L_cqUMU
Konrads Place Reserve,ChIJH74OtvTAEmsR_xJrWMKdXmc
Heathcote Sesquicentenary Park,ChIJsXuPnGLBEmsR4TYS4mfois8
Mulberry Street Reserve,ChIJp9jpbdbAEmsR52Q-6A_uuUo
Somerville Park,ChIJ94lcrC-kEmsRqdnYqPl5UrY
Kim Rutherford Reserve,ChIJE-INGyekEmsR_HAipTueFF0
Naranga Avenue Reserve,ChIJn8ac7RfBEmsRS2RbWlfiKwo
Green track,ChIJLTcDF_EFFGsRMByl8lx1W_A
Bees Nest Nature Reserve,ChIJ4-sxu-8XFGsR2QFsTP2Lw4I
City Park Outdoor Ping Pong Table,ChIJg0ZLKE6vH2sRP--dx7fC3iI
Cookbundoon Nature Reserve,ChIJE9olT9f_E2sR95bDVn2YMVg
Colquhoun Park,ChIJH92Hddq8EmsRXzzmt3rw29Q
Cassandra Crescent Reserve,ChIJg7qdJtDBEmsRldR3xKqU3aE
Rockleigh Park,ChIJQawNiISmEmsRl5WKrLWzZFU
Elizabeth Street Reserve,ChIJFf5EMtO8EmsRazcy4wa5kDw
1924 Motorcycle Grand Prix Memorial,ChIJdwo3jkWvFmsRVNYH3wmZ7eM
The Lookdown lookout,ChIJHWNN-FoFFGsRgyj_tldYJOs
Spring Gully drive,ChIJOVPkhwUZDGsROMKzvPzzpoc
Michael Bligh & Associates,ChIJ-SidyR2vFmsRl5HmYthSriQ
Casburn Park,ChIJz-c9Y0X0E2sRdbAnAmcDZ6Q
Pomaderris Nature Reserve,ChIJ2T11RtqnFmsRT_LwqPe_5Gg
Big River campgrounds,ChIJSy5y4QkPDGsRSpKpyq2Qrwg
Mount Grenfell Historic Site,ChIJ6_pa0VSb_WoRlJ3MpWS6DqQ
Auburn Street Footbridge Bushcare,ChIJRUf0lejHEmsR8U47JpemOx4
Australian Road Reserve,ChIJN9yNZHDBEmsREqG3VS0lj2U
AALARA Inc.,ChIJnVxfWpcDkWsRdxrxbnwH75w
Tallong Memorial Park,ChIJ9fNf4Tr2E2sRK13x4OgE0ho
Mount Grenfell art site walk,ChIJXzjrR7Cb_WoREbN3Vu073NA
Big River drive,ChIJ-Uv4DPwPDGsRbmMz2jAX8wU
Jerralong Nature Reserve,ChIJSy3a0mkjFGsR3DIfUSJHpsA
The Drip Gorge Parking Lot,ChIJV611RS6mDmsRnE61yCE_HFc
Coronation Park,ChIJw9fZUUO9EmsR5g-hsOlqOJQ
Nunook Park,ChIJDaeMktWlEmsRVzp8R8BDgtI
John Holland Park,ChIJ_Y_1imc3dGsRUVWPkn_1KtM
Narrangarril Nature Reserve,ChIJ8__7cE-tFmsRfr3XH_8UaQw
Goulburn River State Conservation Area,ChIJEeM_DyymDmsRk06_ARqlVa0
Forum Drive Reserve,ChIJJYq8a3nBEmsR_6aOqeL6sPQ
Betham Place Reserve,ChIJ5Rj34z3HEmsRP5NmOCbs5Xk
Eighth Avenue Crown Reserve,ChIJ5wPR0kXBEmsRFZtVB1b56IE
Midgee Reserve,ChIJ0ao3pxCnEmsRjOoT4a7YwPY
Molly O'Neill nature track,ChIJ7dW55woFFGsRxWOtb3wIKxU
Spring Gully campground,ChIJm11gPJgPDGsRWiE2nzgsmxc
Fifth Street Reserve,ChIJwfVa5PW9EmsRcSeW3HmOzl0
Boronia Grove Reserve,ChIJFy596K7DEmsRiJ3l6ZfcI3c
Jim Walsh Park,ChIJf9vMYC2kEmsRn8GC76H6a1g
Lynn Park,ChIJEehYQ6SlEmsRxBCGFHO7MIs
Adams lookout,ChIJN8d8Q3QFFGsR4nqSNuc2H9U
Bungonia State Conservation Area,ChIJN1OXXmUFFGsR-lO_CjmfMQk
Family Funland,ChIJQX7070euH2sRQ6Ecf57dS8I
Eltham Place Reserve,ChIJj5z8g2fDEmsRSXjKJNozfWo
Cocoparra National Park,ChIJPVdZGFT4HmsRQOX-c7UJBg8
Cecil Park,ChIJZfVHZsmlEmsRS2aopF5QVb0
Timbrey Circuit Playground,ChIJk1HhN7_BEmsRp2TBUEsfrlY
Broughton Park,ChIJR4EYGnSOE2sRvMZmcoTRS_Q
Mares Forest National Park,ChIJNblAT5PeE2sRPa9dy76m6lc
Oakdale Nature Reserve,ChIJDavuecHrFmsRBwaB6QPHPM8
Cowper Street Reserve,ChIJd-ncynGjEmsRVbkiCOqz-Zk
Pro Dip Hydrographics,ChIJQTLLOQCjEmsRygxKqbtFPdg
"Wilson Parking - 1 Fitzwilliam Street, Parramatta Sydney, NSW Car Park",ChIJAR9HvCGjEmsRC7wRA-G9H-c
Back Arm Nature Reserve,ChIJP9qWwhlREWsRkNwt2BVUa5o
The Drip walking track,ChIJURy0iVCnDmsR7mxsg23QHas
Roy Godfrey Reserve,ChIJaW3vFFe9EmsR2jWhj-ogIYM
Ched Towns Reserve Playground,ChIJZTEdAbWJEmsRSjRkhprE5Ks
Tallowa Dam Picnic Area,ChIJSVtVhJKJE2sRe7D13UH7wr0
Wallawa Reserve,ChIJ39VKHaqjEmsRqwS1oVqlAEE
Turkey Flat picnic area and bird hide,ChIJt8Fpe2xzH2sRxZxlyECv2Dc
Jacks Creek picnic area,ChIJpyAKcCZWHmsRUqkoshCzEEU
Mount Brogden walking track,ChIJi8w-VNn_HmsRjKSJjLl13BY
Hooey Rd Lookout,ChIJl20hFhARH2sRUIr0FR_5kag
Gossamer Park,ChIJj7tcTwINH2sRWz2xWV2Fhyg
Boginderra Hills Nature Reserve,ChIJdyVKiN51GWsRRaX66v8gwSA
Spring Hill picnic area,ChIJyyJV6pv5HmsRAUKIyLXgCgs
Leeton Off Leash Area,ChIJo27SRiASH2sRc7apm_Dx5Xo
Darlington Point Skate Park,ChIJW9IrpsyQH2sRxD3Om4Pc3ik
Cocopara Nature Reserve,ChIJbc_xRINZHmsRbVFfD503_u0
Coleambally Caravan Park,ChIJLVjeIU4gIGsRxFyDaH7XIEo
Sandy Beach campground,ChIJhw17BHrB3WoRvXdloUIDDt8
Woolshed Flat campground,ChIJBa3aFfL3HmsR-m6g9-_N52U
Woolshed Falls walking track,ChIJWehUtJ33HmsRPh94qoBHeOA
Willandra National Park,ChIJrweJbfkn4moRqviifvvblYU
Henderson Oval,ChIJh7qiVyWvH2sRPfn5_1NKiqE
Koonadan Historic Site,ChIJdX4-ljcOH2sRI6LrSyNDQJY
Fivebough Wetlands Shelter.,ChIJP-Kk1iYRH2sRQhUvv5ZZBdA
Store Creek picnic area,ChIJ7aamoM_5HmsRc35ihR3xD6M
Oolambeyan National Park,ChIJzc2y9IXv32oRvv5iLBlklU0
Pulletop Nature Reserve,ChIJ-zYYEodbHmsRTD0BxjWtdx0
Airbreeze Travel Pty Ltd,ChIJ7xLf-9MLTSYRVYs2rvOu5QI
Lake Wyangan Recreational Park,ChIJ86UjxJ6yH2sRNVhzPNudKlc
Rosemead Road Reserve,ChIJ_0lMMq2nEmsRQig-BqMFeko
Headen Park,ChIJc2kq_xqnEmsRAHjx-Wh9AQ8
Holman Park,ChIJoRt0QYinEmsR32l2Up0hTWM
Ngula Bulgarabang Regional Park,ChIJrYiseUJsEmsRNBcAvSN7a50
Waitara Oval Playground,ChIJR66lSVenEmsRfWG_FrqX9SI
Glenorie Park,ChIJb0qCL4ReDWsR48T6l32ofto
Edgeworth David Garden,ChIJtamLXYinEmsRsWi8NL8VjD0
Anulla Reserve,ChIJD7xm8NenEmsRLFRC0XyRXoU
Lyrebird Dell Walking Track,ChIJJzShMj9vEmsR7kiOFpcvYGs
Leura Falls,ChIJQWNz4LJvEmsRta9_BQt5mRk
Boars Head,ChIJFYG_D4xtEmsR-l1xlCTY-mk
Kerb to Coping Skate Supply,ChIJgVJ-1ilvEmsRtOXl84jq1zI
Pitt Park,ChIJDSuiC6JvEmsR8Gvx-Wh9AQ8
Neighbourhood Safer Place,ChIJWer_DYNuEmsR7zTfNntc9nk
Leura Cascades Fern Bower Circuit,ChIJJUckREFvEmsRLfCeHJNKRtE
Leura Park,ChIJI2y-75RuEmsR4HDx-Wh9AQ8
Kadina park,ChIJ5dbcZAedkGsRu_wteFn5YMk
Wentworth Pass loop walking track,ChIJownr1M9vEmsRvSWDrPXBhRo
Hepburn Park,ChIJ7bkVknidkGsRsST3f0XMTJU
Ballina Visitor Information Centre,ChIJ_dycWhyAkGsRV4wDhQrcwLg
Ladbrokes Park Lismore,ChIJr6qlxhmekGsRPnOr6cQ2GUM
Mount Jerusalem National Park,ChIJlSNRcsmSkGsRUOr-c7UJBg8
Tucki Tucki Nature Reserve,ChIJrfv_oEFxmmsRstu2By2adgw
Lismore River Fenced Dog Park,ChIJn_D5VYp1mmsRUo0sLLs6t9I
Tepper Park,ChIJdYHb70yUEmsRgKyB2ETm3gM
Richmond Range National Park,ChIJryLiY_v9mWsRsOr-c7UJBg8
Wilson Nature Reserve,ChIJb3DUo6p1mmsR1uY42gBD698
Broadwater National Park,ChIJ3Q9mmxplmmsRX3GCI6PwZgw
Hazel Bradshaw Park,ChIJ20kfwAaVEmsRpQvg8zbheFQ
Beale Park,ChIJjy4TRamVEmsRlEAYRJxG-Vg
Discovery Park,ChIJ0QIWrpKVEmsREjf-FT3bH54
Outdoor Ping Pong Table by POPP,ChIJ3cVH4rqVEmsRkIqIZhr7Y7k
Dunbier Park,ChIJuxPxAICVEmsRpITN7IZWdMY
Beswick Park,ChIJTXa7fFKUEmsRHrsfgOWi-E8
College Park,ChIJ4QcemoaVEmsRrHuImWJwYG0
Lake Ainsworth,ChIJLeZRH_B9kGsRkG0_COJO3_E
Mayberry Park,ChIJn40g_sGVEmsRANjKD2t-pm0
WV Scott Memorial Park,ChIJSUt2TdOSEmsRuMw88gVIGLM
Clinches Pond Reserve,ChIJU3H-_5iVEmsRlq29eUTFBJI
Brooklyn Park,ChIJ8_T11ftHc2sRRZHZfYIEkLA
Maitland Inflatable World,ChIJnQrv-gNPc2sRv6eW5xNwlMs
Centennial Park,ChIJL15OeI9Fc2sRRbBkNG2mfpo
ANZAC Park,ChIJx62DU0JFc2sRtkYuUdjwSzs
King Edward Park,ChIJ_Xb6VmJHc2sRC993HnB4Iew
Harold Gregson Park,ChIJx5aAJSpEc2sRh_H4C9zQ1nU
McDonald Street Park & Playground,ChIJp7K8Kk1Fc2sRylpobDr48hk
Lochend Circuit Park,ChIJr6iLv91Hc2sRGX9DaxWH0ro
Ashton Park,ChIJawcjljBBc2sRxUEZDAdNmVY
Bullimah Spur track,ChIJ0d8pi--zcmsR6dg9b_Pghpo
Stockade Hill Heritage Park,ChIJuYYwNplGc2sR0Inx-Wh9AQ8
Johnston Reserve,ChIJb2hHIOxFc2sRyOZE9wqCwrg
Hexham Park,ChIJ_8WPKhhAc2sRr2292XRTzf0
Riverside Walkway,ChIJSSQmGQJFc2sRdRmy0ZcM2xM
Rutherford Off Leash Dog Park,ChIJxzrcn-9Fc2sRP6o833KU2mM
Illalaung Park,ChIJH_-dvplDc2sRFQcLvD7Rm_o
Bakers Brickyard Park,ChIJ1RhbFUhFc2sREOZ8dXkTdrY
Rathluba Dog Off-Leash Area,ChIJW6RVnI1Gc2sRblBSJYznxmM
The Esplanade Lorn Dog Off-Leash Area,ChIJc9FPDtJFc2sRSJHY-RMp68U
Bigge Park Public Toilet,ChIJi1Dx2KWVEmsRukrXUDAX1CQ
Ashton Grove Park,ChIJPS8JO9lHc2sRr49a7NMiu_8
Lena Obrien Park,ChIJ3yIbODJFc2sRDb4kDVD3nqo
Telarah Park,ChIJO3J4YIJFc2sRXLsvbeYq6EI
East Maitland Playground,ChIJ2asGfJVGc2sRbIQIiN0KdRs
Sempill Street Carpark,ChIJmUkMJs5Fc2sRvoS854Cg6dE
Gillieston Heights Dog Off-Leash Area,ChIJi0fWxj9Gc2sRRD1eeg9FLuw
Thornton Skate Park,ChIJM-j2j21Bc2sRmC37XziNo7U
Maitland Heritage Fest,ChIJeUlLuZlFc2sRobTwZoy6RcI
McKeachies Run Playground,ChIJWSkljqFFc2sRaGCMdw8bYW8
Metford Recreation Reserve,ChIJMTl90k9Bc2sRfboI4vih0cI
Wirraway Park,ChIJjX_s3JdBc2sRN-qpouK-NyY
McDonald's Singleton,ChIJI8AJRSmwDGsRagwL1tTPgbc
Walka Walkers Walking Group Wednesdays 9:30am,ChIJC-15rbZFc2sRp0hJFejkdCQ
Lorn Park Oval,ChIJKzyrL8tFc2sR_H7-Qb-bjIE
Boora Point Walking Track,ChIJVSdmvNmzEmsR30Tk9c6HtRU
Walter Williamson Park (Central Park),ChIJBTzUZC2yEmsRYmZjboDFVFk
Muraborah Reserve,ChIJf0hi-cqzEmsR63arZ4hU7qI
Finney Close Playground,ChIJW5rMnPFFc2sRQpTRCZq83PY
McKeachie's Sportsground,ChIJgS8X6qZFc2sRasn4HyHSsrI
Telarah Dog Off-Leash Area,ChIJB9E4h-9Fc2sRm1jThJGeJxE
Robins Oval,ChIJXUSoGX9Gc2sRRAvQ-bkGCVY
Marcellin Park Rugby,ChIJiyYVJTlEc2sRz5PBImzNNs4
Western Escarpment walking track,ChIJdw1J69ezEmsRYAkNOPybIjg
Allawah Park,ChIJWwVAbDWyEmsR0STvRSVZ9Is
Chauvel Green Park,ChIJR2ZBV9yxEmsRMudtUlhKXW4
Central Park Playground,ChIJz9AQgi2yEmsRwF1c5D3nv5U
Jacaranda Playground,ChIJyYrUbjeyEmsRDEQIpagxfv8
Marrickville Peace Park,ChIJaTaIw4WwEmsR5VTB0Wa-Kbg
Real Dinousaurs,ChIJq6pmf2ewEmsRg6KWF2oq8XU
Ryan Avenue Reserve,ChIJMTtkYDOyEmsRVhq-5tvAfsI
Arthur Byrne Reserve Playground,ChIJfx50CsmzEmsRwkoF2N_hk8g
O'Hara Street Playground,ChIJY2bNx1OxEmsREkVLRv840dw
Ness Park,ChIJoaiPaHywEmsRe2p8qDntmaY
Marrickville Park Playground,ChIJ0WMOH26wEmsRVGPDBpD1vww
Stanmore Reserve,ChIJc1NPixWwEmsRmOgjHsyYSd0
Alex Trevallion Plaza,ChIJAYyaGmSwEmsRYSoDy3mDFVU
Hoskins Park,ChIJ-X7GgZ26EmsRoBPy-Wh9AQ8
Silver Street Park,ChIJPxzPkE-xEmsRHALYMgONaW8
Headland Park,ChIJs99mUeStEmsRfU09EvJo9LA
Lodge Road Park,ChIJKU_YpqmuEmsRXd-uqZZvZn8
LeGay Brereton Park,ChIJ7_vgRvitEmsRcXoX5ijUs7k
North Ryde Park,ChIJ0Y1YcXOlEmsRLQ_QIlSg7Qk
Bomaderry Creek Regional Park,ChIJcd6l-fR_E2sRwscSLlipALc
Mosman Park,ChIJc7ZLMhusEmsReq8XP3koM7Y
Ian Craig Park,ChIJbWUaVhmsEmsRWS1yONNuwZE
Carroll's Lookout,ChIJ0dvXfgmsEmsRvbmJtxW709U
Morshead Park,ChIJJcUVZfulEmsRPbGkx36t8B4
Yuelarbah walking track,ChIJi945yCYXc2sRkpt07ZP48fk
Ballast Ground Playground,ChIJX3g-4ogUc2sRMTl_gqmzlcI
Greenwood Park,ChIJe5CLuFKlEmsRGoKIk8yMa2o
Herron Park,ChIJX1qTWb6tEmsRq8bw7-w1XvQ
Curraghbeena Park,ChIJFw_JdSesEmsR0OHx-Wh9AQ8
Parry Park Ryde,ChIJj48TUaelEmsRIAbz-Wh9AQ8
The Lions Park,ChIJN4oTQcJ_E2sRa-4BZWj6QGU
Pindari Park,ChIJ5Rv-C-elEmsRy3IQ8XFOC9s
Anabranch Loop Track,ChIJbaXmaYdhFGsRxTgxz_NN508
She-Oak crossing walk,ChIJ4QsX7SF_E2sRDpg_t40ggYA
Paringa Park,ChIJs276huJ_E2sRTgv7GdP8dpM
Wogamia Nature Reserve,ChIJDzkyDQ1_FGsRP25oj_vMu4s
Blamey Park,ChIJl0Q15e-lEmsRq8Ay1zSpJbg
Worrigee Nature Reserve,ChIJv6zZMlSAFGsRNPiZzAVtAVw
Quandong Reserve,ChIJBUXyE6KnEmsR_7oNgl6JfaY
Archer Miniature Railway,ChIJiZYXv36AFGsRzHD_zV3b0iQ
Nowra Skate Park,ChIJP1up9B-AFGsR3IJbYrTBSsM
Voyager Park,ChIJX7xA0QeGFGsRv5UJFqrdYZ0
Bull Hole lookout,ChIJ2ad907ucFGsR96aB1wGUjyk
Park Road Netball Courts,ChIJKyBEo32BFGsRV0H3KxnZOQ4
Sharman Park,ChIJ9bpNjgGAE2sREAtgLx__REk
Conjola National Park,ChIJk_BRk-NdFGsRIAr_c7UJBg8
Crookhaven Beach,ChIJNxnP4rN9E2sRKG8dUlyPPU0
Lyrebird Sports Park,ChIJ-9zmQDuAFGsR2zLzMbIdKoo
Parramatta Park,ChIJR0RLaeeiEmsRWywdsGBtymc
Bellangry Park,ChIJG2DAuDn_nWsR7fckvdvdtLc
Red Ochre Park,ChIJaSEuL7kBdmsRppJ3eLixyO8
Town Beach Playground,ChIJ-YMF67__nWsRBM7khh-g5HI
Perch Hole picnic area,ChIJB-9bONABdmsRZ2nJg5Rk5j8
Reserve 460,ChIJc7aeR-2ZEmsRRJEIz_mYYiI
Corrie Island Nature Reserve,ChIJlZZkbhyBc2sR0tpsyEQai_o
Town Green Playground,ChIJVVluYs7_nWsRXc6pbnlDdao
North brother National Park,ChIJrW44c6zjdWsREAf_c7UJBg8
Lake Innes Nature Reserve,ChIJ69vdXoEBdmsRUeH0aIbjQh0
Everitt Park,ChIJ_a9bfK14c2sRsADx-Wh9AQ8
Bushy Island Nature Reserve,ChIJed2cYrN4c2sRIOrYv3uALb0
Three Heart Bench,ChIJ4xfAcRSZEmsRmjDb6qI7B0s
Henry Kendall Reserve,ChIJAxOY7unidWsRgKH-c7UJBg8
Nelson Bay On-Lead Dog Exercise Area,ChIJAxxi9dqDc2sRfRKaBdX0h9c
Queens Lake Nature Reserve,ChIJo5-GWSD9dWsRJb7go217GEc
Crestwood Park,ChIJHReXHLwBdmsRt76SyxYkwZc
Bernie Thompson Park & Playground,ChIJZVAtxo2Hc2sRg51Ig89zFh4
Innes Ruins Historic Site,ChIJD3xgC40BdmsRNUai4SDsUWw
Shark Island Nature Reserve,ChIJvdU1BTCEc2sRG604d_xHJ5Y
Murrook Culture Centre,ChIJb5BRfxJuc2sRNf0DrW7GAWI
North Brother Mountain Track,ChIJIUe2i_fidWsR6vCRdDG-4NA
Wreck Beach walk,ChIJsz6MWIGFc2sRBEMsilFmFjY
George Reserve,ChIJYTMLRqd4c2sR3weMkpCOcmU
Seaham Swamp walk,ChIJU3KweCxnc2sRujLAuhuiL5s
Adventure Developments,ChIJm4hF73H_nWsRaYPOlQMwiCg
Wayne Richards Park Pump Track,ChIJLUhPStH_nWsRBpXLVo3PT1M
Rainforest loop,ChIJAUec0hXjdWsRtvCpmJ76YaQ
Googik Track,ChIJgyzXNgX_nWsR2f9qpb14ZGU
Middle Brother National Park,ChIJx1JU0PTmdWsRJUgdJHY7cqg
Boomerang Park,ChIJEagWvgppc2sRoKzx-Wh9AQ8
Port Macquarie Regional Stadium,ChIJ-5YjNKj_nWsRS8P9n8AT17E
Providence Bay Park,ChIJ4yRwKmeHc2sRxFyNsZN8MPo
Findlay Park,ChIJPVeuORj_nWsRAG3-c7UJBg8
Apex Park,ChIJxb7KOd6Dc2sRlekLHVzcbcM
Googik Track,ChIJR2BKFPf_nWsRuVPkz3JRrtA
Hope Marland Park,ChIJe3ko_a9OFmsR36VEBe-DrFc
Marj Christian Park,ChIJWW9ywuNOFmsRK3r3WXNVJkw
Cromwell Park (North),ChIJNZGs3-mzEmsR_gWxfGNNaGs
Burnie Park,ChIJT0gxVnKyEmsRikW9PgE794w
Ray Morton Park,ChIJ1_4a9ERPFmsRC6C8UukmHTc
Outdoor Ping Pong Table by POPP,ChIJ96nhRIBPFmsR4R9SqxTx9q8
Cromwell Park Playground,ChIJgXAkvumzEmsRebvKTWOlbLs
Helen Maguire Lawn,ChIJMaxt5IqxEmsR0DDy-Wh9AQ8
Rocky Point walking track,ChIJx2W42PG5m2sRzEwwuQssYj4
Frank Doyle Park,ChIJq6pqLxuyEmsR5bUVcZRgfkM
Acacia Drive Playground,ChIJZ2bO3lxJFmsRxuS3T30I4kg
Corkwood and Scribbly Gum walking track,ChIJrzZ-ifaTm2sRKi60XrZYf9o
Penance Grove walking track,ChIJWy0oTTjfFWsRdfVcLYEos94
Stryda Park,ChIJ33BaVvtOFmsRK8uMhuf8MKw
Rushcutters Bay Park,ChIJ_R25-NutEmsRHQ2vyjnD7Ic
Bungendore Library,ChIJNzhFvUFeFmsRSQN94bY-mQ8
Everlasting Swamp National Park,ChIJ8UxVFcfNm2sRrwL3SlQ4NNM
Annette's Garden,ChIJb0U6KNXbm2sR_Hf-pfPlXik
Bob A Day Park,ChIJLZ5fiQi0EmsRN3YmVX0IThA
Fortis Creek National Park,ChIJ2xUAAInUm2sRwZM0_UkpIIQ
Pialligo Garden Lots,ChIJIVNBjbRNFmsRvqlIuUE0OKY
Simeon Pearce Park,ChIJddzUJyeyEmsRBrtp8mlhLFY
Alison Park Playground,ChIJNUNYVBmyEmsRYeohb1Von0M
Grafton Netball Association,ChIJh33HNfjbm2sRxd5E8thWkXo
Angophora grove walking track,ChIJIzs7azq5m2sRieQI9_mbV2U
Bio-Activ Biochar,ChIJnYKs_LbXm2sRtIY_0mx025Q
Wilsons Headland picnic area,ChIJA8E2WZe_m2sR5_Q2LcI7lVE
Susan Island Nature Reserve,ChIJPeh4QVPZm2sRTcrVRUEl8CI
Warragai Creek Nature Reserve,ChIJ-RHXs-HRm2sR7JW_3cdSdog
Freshwater track,ChIJO8gmGl-Tm2sR7cTyMsQGxBs
Lawrence Road State Conservation Area,ChIJsZixun4ymmsR-yogVh8eTRI
Corymbia State Conservation Area,ChIJlbAvJpzRm2sRZmFGzQ9vke0
Wallabi Beach,ChIJZ4vDCdfNdWsRWFe_iB_-dno
Ellem Oval,ChIJwc7u0PXbm2sR5RJAvOmec3s
Melville Range Nature Reserve,ChIJv4ilIGyICmsRmUJS7ukxG9o
Saxby Park,ChIJTXyAAu7JdWsRnI8jzAA6lG0
Angourie to Brooms Head walking track,ChIJc1eZXrGxm2sRc00rrFlwCmI
Clarence Estuary Nature Reserve,ChIJixwcfoFOmmsRQDj_c7UJBg8
Sherwood Nature Reserve,ChIJr6qqqrvwm2sRxGS-kh4lALc
Wingham Brush boardwalk,ChIJh_V4n4G3dWsRgtiirsfeE0w
Fortis Creek National Park,ChIJic3wrpsoWgERD_lzznQlLDQ
Koukandowie Nature Reserve,ChIJh24CwLfim2sRBL8HYxecwZk
Horace Dean Memorial Park,ChIJv5vbfGW2dWsR0lRaUkXzy1k
Two Mile Crossing,ChIJOeJBYwp_mWsREoW89ku9PXA
Kooyong State Conservation Area,ChIJLdVdA3sxmmsR46R5O_GGiMI
Grafton Skate Park,ChIJ2aIpbvbbm2sRTC24_iTlExQ
Woodford Island Nature Reserve,ChIJI_ojd_zKm2sRncT_KtvxZKI
Yuraygir Coastal Walk,ChIJhW-q5j1NmmsRRJPZjoNKBH4
Sportsmans Creek canoe trail,ChIJH1DfsYDNm2sRBNhA4Av3fBg
Yuraygir State Conservation Area,ChIJsY6N5Krum2sRI-lGzcuizgc
Chambigne State Conservation Area,ChIJVXVnjUhfmWsRHtKGUVwadWk
Gurranang State Conservation Area,ChIJPyXtjRfTm2sRah0LHZNQ46I
Omaru Park,ChIJpf8uSzvIdWsRPtHFN8MKgz8
Saltwater picnic area,ChIJU6x3e4zNdWsRC6IICiV9o94
Nymboida National Park,ChIJOfIjByo-mWsREOj-c7UJBg8
The Pinnacles,ChIJR6RTpeNLmmsR2hTL6SaoBV0
Little Nipper,ChIJmen_R2ivEmsRmZan-22iDzY
Big Nellie lookout and picnic area,ChIJI5JYz_TrdWsRo7ueLJDiAxY
Public Toilets Nip Welsh Memorial Park,ChIJL7jWW9-_m2sRYcgsoTp4Dec
Chatham Park,ChIJA4RxK0LIdWsRHBWRdxc-wJM
Edinburgh Park,ChIJ-Y-58yy2dWsRYHn-c7UJBg8
Muscio Park,ChIJWQaadgrJdWsRuuwD8yfMXCA
Public toilets,ChIJxSeKzKPJdWsRlZS_tW7wQwE
Dawson River walking track,ChIJvXh9qcbHdWsRzq5ORxOfJx0
RAAF memorial plane,ChIJ5Qisxl-3dWsR9EC_vxdaHEQ
Brimbin picnic area,ChIJlZUX-2PHdWsRO4HwPWw32-g
Kibble Park,ChIJc7Ynt6bKcmsRAEbx-Wh9AQ8
The Rock Nature Reserve - Kengal Aboriginal Place,ChIJH2FE_hQFImsRRFK6_v7bL9E
Kiwarrak Nature Reserve,ChIJuxnZ7ojLdWsRQD7SKaKRfEQ
Elderberry Place Park,ChIJ4QYlSIKnEmsR6bGick912O4
Tallgums Park,ChIJkwb3eGenEmsR-j_Uw0SfGAE
Old Bar Park,ChIJTWgI2g7PdWsRVDfBjJ-7loI
Kiwarrak State Conservation Area,ChIJ7cw_e8u1dWsRVIvyqQTJQ88
Cattai Wetlands,ChIJb1FeH1TDdWsRFp9LN8vkZco
Kiwarrak MTB Park Event Centre,ChIJXwykP-K1dWsR8ajKzmGhZPA
Mitchells Island Nature Reserve,ChIJl2Utur_FdWsRTZK9NovMWHA
Five Islands walking track,ChIJ0QrEgOvNdWsRC7w2PjHdiZs
Malahide Road Reserve,ChIJrYp0SyGnEmsRJfmGJ9qcFmw
Lambing Flat Chinese Tribute Garden,ChIJ07yT9Ej8GWsRCJf162kc2s4
Carberry Park,ChIJnwPzzhw8GGsRc6G3sBD0_Fk
Headland walking track,ChIJM4XC4mLNdWsRqo7wWVY0ojo
Patrick Kelly Park,ChIJ43DcQKCnEmsR34c9aPy83zM
Murramarang National Park,ChIJ51wi3lO3FWsRO4JwJzC5YJw
Camping @ National Road Transport museum,ChIJXYXuFCAdMisRKwO9EGlMgyw
Dulcie Range National Park,ChIJBcD0_69_dmoRkhGwHnLwX6U
Ryan Well Historical Reserve,ChIJ35B_sPgbMisRSVk6myJhUtk
Arunga Park Speedway,ChIJv4y7ftcYMisRwAexDakXAg8
Gareth and Dorothy Thomas Park,ChIJsXeD4-W0lmsRw47IxnFOb-c
Stanley Day Park,ChIJo4L_PC3jk2sR4IIi11ujAg8
Red Rock Safaris,ChIJYZW9YkoZMisRQuSwPaGxG8k
Kupi Park,ChIJ6Wqggc2ylmsRln0Sa1HOUQE
Muṯitjulu Waterhole,ChIJkQP2pNNtIysRO3L0hOmel2w
Simpsons Gap Bicycle Path,ChIJ0errXtcfMisREfLEp-EgOMg
Chris Brunton Park,ChIJS1FFfTPjk2sRnW6K7FyL9ns
Sarbi Park Fenced Dog Park,ChIJTQ0kUiH9k2sRf30X_WJwYw0
Diamantina Park Reserve,ChIJ5zqsWdrik2sRq_BsctRIWMI
Barungwarra Bushland Reserve,ChIJjT6DTbP8k2sRIJkh11ujAg8
Deepwater National Park,ChIJ18A-s12G6WsRgNRhYvLuAA8
The Springs Environmental Reserve,ChIJQdQKwHedk2sRXM3oiBsgQtY
Leivesley Street Park,ChIJK9lCjOe-62sR4LlhYvLuAA8
RidesnSlides,ChIJa8Xqr2-462sRax_x-qbBD34
Queen's Park Botanical Gardens,ChIJk3S56Fq562sRtScrHDekBEE
Coral Isle Cycling Club Criterium Circuit,ChIJhVSvF8q-62sR0oYeWm9A6uE
Skate Park - Community. To The Public.,ChIJNQcAQ7W-62sRmdA5J6o9-MM
PJK Party Hire,ChIJdUL080K562sRkHWFD-mtPps
Lake Eden,ChIJy0_ysi3lk2sRvFBo8N1LXQU
Cairns Esplanade Western High Water Pier,ChIJwewQqY1meGkRL6RpeQcHopc
Tolderodden camping area,ChIJnUIrb1ARwGsRU_Bmpqsxs4Y
Fogarty Park,ChIJn0pUeixneGkRu5bjcKeuzyE
Graham Lord Park,ChIJQbUs029bkWsR8MtGICIUnj8
Vessey Park,ChIJddDEOMpleGkRQN1hYvLuAA8
Fogarty Park Sound Shell,ChIJq_yvpZJmeGkRiWixOtz_yA8
Jones Park,ChIJVwtOy59meGkRLu_bBDCCsaY
Cairns Esplanade Eastern High Water Pier,ChIJnV9p1oxmeGkRqLVb79mVgb8
Grogan Road Park,ChIJVSy2wvHxk2sRegi06t4OxR0
Sugarworld Parklands,ChIJ4xLJmHdieGkREb0qfOxsdH8
Lions Park,ChIJT7jTczCZk2sRexQ8Ti2aQUs
Cairns Esplanade McKenzie Street High Water Pier,ChIJhwSGv31meGkRTRHCmZh9ojY
Milky Pine Park,ChIJ6wGZ675jeGkRaoxB8jZB-lU
Ruby Street Park,ChIJq-n5fq_zk2sRcS_UC_XnUrU
Cairns Esplanade Fun Ship Playground,ChIJTyRqgn5meGkRmsWtYDQfm7A
Cairns Esplanade Coconut Grove,ChIJty6PvH5meGkRAwF8lwg0DKc
"The Reserve, Parkway Cresent Playground",ChIJ16zw7AXzk2sRYZzYmdGslD8
Stockland Halcyon Glades,ChIJeY3mp6nzk2sRQcwkGamveKs
Robert Rossi Park Cairns,ChIJD95l8kaLeGkR7IO8CvkpMKo
Cairns Esplanade Muddy's Event Lawn,ChIJQyUwJolmeGkRDBrk4JLkR8k
Cairns Esplanade McKenzie Street Parkland,ChIJuYoYk31meGkRF0J2pc-jD20
Curtin and Creed Streets Park Cairns,ChIJzSrlcR9keGkRmB7v2iZl4fQ
"Apex Park, Cairns North, Cairns",ChIJvWDXyIZmeGkRgHnBe5tSAmw
Mapleton Drive Park,ChIJIW4LG6X6k2sR0kC_7BKvFY4
Greygum Street Park Playground,ChIJEcUyQEXlk2sRyO4WLfcMNqI
Aurora Boulevard Park Fenced Dog Park,ChIJ4ZTPomL7k2sRPvrfkpM3O2o
Brumby Parade Park,ChIJ0UbSFK36k2sReYjird_wHzs
Wallaroo Circuit Playground,ChIJ84jeXtflk2sRiaVBLfNt1yk
Gardenia Dog Park,ChIJq8zxpE_lk2sRhzO-LxVLz3I
"Fraser Island, Great Sandy National Park",ChIJRXwIeg9d7GsRny7nrnnxWzQ
Danbulla National Park and State Forest,ChIJz7ExfdmFeGkRKHCHAax3hoE
Willmann Park,ChIJpylayfU_kWsRKKVHyNP58rk
Jingeri Park,ChIJNx0QcnY4kWsRBJ4MQFTFLYs
Kurrajong Park,ChIJteghpmU6kWsRICAi11ujAg8
Noyer Park,ChIJF_xYeRhAkWsRJRvPuoHYjG0
Bluewater Sculpture Trail,ChIJW5H5Z6vW22sRxp2ReVaB3dE
Quota Park,ChIJAYovWnLR22sRZVIgYyk7Bzs
Inflatable Kingdom Mackay,ChIJ5XcyGZvW22sRUsMbvKcDqIE
Ju Ju's Point,ChIJP7WK7tfX22sRTb1mWwLmrRg
Boer War Memorial,ChIJRedaItvT22sRkBNV9gZGAtA
Eungella National Park,ChIJvUp04Vkb2msRQNJhYvLuAA8
Action Challenge Mackay,ChIJEw8pmSDP22sRslTSo-g1I6o
Mount Pleasant Reservoir,ChIJC4zdXWPU22sRH_NuXF2OGB0
Rumble on the Reef Arena,ChIJEf9pR4BbkWsRonQdgo36rpI
Poona National Park,ChIJ69A787pg62sRKSgQ22MeV5w
Diwaia Lookout,ChIJw18ik9iD2WsRXbcaBnw3eec
Tom O'Hara Park,ChIJpSz4eyWtF2oRDSoQsHsSqA8
Mylor Park,ChIJ_49ePTgbkWsRpPCrrQIu1wg
Vince Hinde Park,ChIJmzILcTcakWsRmU2sV8b8Q5s
Rotoract Park (Nerang),ChIJqZ0pEPAbkWsROYugFVRMZ7U
Batten Recreational Parklands,ChIJqQJP3KgbkWsRXTjmypNhdnE
Eimberts Family Park,ChIJowJmbfkbkWsRzFUiU9D1bhM
Riverbend Park,ChIJV9gQGIMbkWsRt3AXYJXSQ9I
Lawnhill Drive Park,ChIJ8UYukz4akWsRXJx_AAV67qw
Stirling Helicopters Rockhampton,ChIJT63qQVoHw2sR6llMTIJXeOY
Public toilet and shower,ChIJpyHVnMMBw2sRoQMPufPkGNA
The Great Lawn,ChIJv5S35uwPkWsRQf4hTLFQlP8
Harry Bond Park,ChIJZ0MBnkIFkWsRYb_dipUCcq4
Ned Fitzpatrick Park,ChIJwe1p6vsbkWsR2-w8M51URQE
Maddie and Mike,ChIJZ93qv40PkWsRQeQPtCNHeSk
Silver Bridle Park,ChIJeVNkEr0akWsRsE0h11ujAg8
Specsavers Optometrists & Audiology - Rockhampton North,ChIJQXARFWABw2sROtr0udKOhTU
Thams Family Park (now Broadwater Parklands),ChIJqzf-sD8PkWsRLdHu8Zhxj5U
Seeonee Park Scout Grounds,ChIJRQbl2zsCw2sR0AWWnwJ5yDQ
Dittmer Park,ChIJb3jvkzBbkWsRgNMh11ujAg8
Capricorn Coast National Park,ChIJ9_jN-MfnwmsRwBNiYvLuAA8
Terry and Carol Moore Park,ChIJh9zzJSUbkWsReW7G5zpCmTE
Fass Family Park,ChIJeRNCYyYPkWsRYkdWb_VrSME
Queens Park Land Based Fishing Platform,ChIJsWhmFH8Bw2sR5tTGSrz2Qzo
Baden Powell Park,ChIJnR2Mpe4PkWsRH7e3JaM8qUg
Rose Swadling Park,ChIJQcAEFZwBw2sRSwOnt0z83iE
Stones Road Reservoir Park Playground,ChIJ8TGHoRpFkWsRrzq7tCG9Jgk
Dyson Avenue Park no 93,ChIJcVDbQxZFkWsRgkONpZ7uaxk
Gowan Chiropractic,ChIJV8wQmqxbkWsRG1JzOOhyRTg
Westaway Park,ChIJhZbafvhMkWsRF9vrs-znFus
Caravonica Court Park,ChIJUbni_-9FkWsR6eA4yasRPv0
Appel Park,ChIJa2mYcG0FkWsRmv9HQuNLGsI
Ewan Batt Park,ChIJJ2BLuMkFkWsRjVgi4PpRT_o
Gold Coast Fishing Spots - Darrambal Street Reserve,ChIJf7NCp-cFkWsRX6A1tN20UOg
Toowoomba Waterbird Habitat,ChIJC_4phvlblmsRMP5hYvLuAA8
Matey Monument,ChIJ9-4GoXIFkWsRUbadeCf8Mrs
John Fraser Memorial Park,ChIJ_b0wgHsFkWsR3r3vKjKioaA
Gold Coast Fishing Spots,ChIJGWBUyfEFkWsRe85hwZmyRw0
Lions Park Train Ride,ChIJu5NkxGxflmsRWWgPeRmOX7I
Korman Family Park,ChIJETdEftEFkWsR4SPx-jaXgXs
Stanhill Park,ChIJVVVVCGsFkWsRLDCTtNjoUwg
iPlay Toowoomba,ChIJq_QbDoVdlmsRIrqukCseH3s
Rangeville Park,ChIJ1VFkDABclmsR4hYuRKhp7X8
Anderson Park,ChIJQ48e51JdlmsR3SbMRTqPW5c
Lions Park,ChIJT5KBj6helmsRcAJiYvLuAA8
Newington Park,ChIJldCmxzVdlmsRcLYnkOHKsMk
Amos Road Trailhead,ChIJg7YQgYpflmsRzYEicKwF4qU
Garnett Lehmann Park,ChIJn6f3mQdclmsRBj2lZXNrfRE
Elsie Jones Park,ChIJL9oPavyvl2sR5glyPYDsyVo
Wilsonton Heights Park Dog off leash Area,ChIJA52fPYZdlmsRlmsw3K29W_s
Ernest Peak Park,ChIJryOx52xblmsRT3sUm1y-foU
Smithfield Park,ChIJwX5jhHlblmsRwfq3enK9lTA
Glenvale Park,ChIJQ8U5He9FlmsRRMoo2kcjKFI
Twilight Flicks Outdoor Cinemas- Toowoomba,ChIJCXG7lqJdlmsRgSP5mt-kj8s
QPWS Camping Booking Centre,ChIJ-5TIOGtclmsRhuHK4yMHtSI
Mountain View Park,ChIJQQrk_AVnlmsRO0FKuwDEyUE
Public BBQ Clewley Park,ChIJ_QUNxlddlmsRn_BCGcVTQ-0
Water Street Carpark,ChIJxVefBG9clmsRlQv7FadP7MY
East Creek Park No 4,ChIJqcvv0xFclmsR4AJiYvLuAA8
O'Quinn Street North Park,ChIJxya-RcldlmsR0fTZvFV4zrM
Boyce Gardens - University of Queensland,ChIJ05Amj3xdlmsRMnpMaKOqsds
Public BBQ Webb Park,ChIJBwyF3nxdlmsRWpfvML5RvTI
Ballin Park,ChIJu6BK7PFblmsRdo0ftPJwa3U
Skate Park Joseph J Leadbetter Park,ChIJwdx-XOxblmsRSKmNxsg95rI
Public BBQ Clewley Park Water St,ChIJz9uSudBdlmsRjyhSebA9qjU
Village Green,ChIJVwR5UWlclmsRhy9Rb3JGWrE
Public BBQ Area Cypress Street Park,ChIJ7bczPTlblmsRVUfsXTlEucE
Clonlea Park Public Toilet,ChIJBUE8H57_uWoRS6jNivpgM54
Pitman Park,ChIJq6qqntGzsGoREGl-Phd4j6k
Para Wirra Conservation Park,ChIJnwsiSPpWt2oRD3aXXqVvA7c
South Para Reservoir Reserve,ChIJ3UOK74JXt2oRrI-_pe0jRMw
Madison Park,ChIJq6qqI76zsGoRnSqLF48ubJ4
California Reserve,ChIJH0oW0d-tsGoRKClhqkIJjuA
Waverley Way Reserve,ChIJnRK6XPQnsWoRI7JpC8rdD3c
Greengate Park,ChIJR1-st1gnsWoRFh_4eodHnDc
Hutchinson Reserve,ChIJj9AoIDwksWoRTHB2rVEBUpw
Lance Hawke Park,ChIJEVB90SAnsWoRQ6A_bp5pV-w
Minkarra Park,ChIJ56ByYznXsGoRLCMC0BQRnrU
Market Square Reserve,ChIJKzDS7RUksWoRpkXHISW-UrA
A1 Amusements,ChIJH4V2LEYvsWoRsbdAOWEyp0o
Leg of Mutton Lake,ChIJm0v1snklnqoRs__yqK8ZawU
Browne Lake/Kroweratwari,ChIJwfIsw8svnqoRa8B0D3u-Icg
Spencer Drive Reserve,ChIJ6XupPDYnsWoR7vC_HYxoQAc
R.A. Pearce Reserve,ChIJj8Yo140nsWoRIKxUn4Qke8M
Telford Scrub Conservation Park,ChIJN0tX4yAsy2oRluO8Szahg3I
SEAC Park,ChIJQURo7VksnqoR5ue9ziikN0s
Discovery Bay Coastal Park,ChIJ-5kb-DGYnaoRmOsA1TqHzGs
White Park Community Club Rooms,ChIJsYmqY68Mt2oR4UByO4vGes0
Outdoor Ping Pong Table by POPP,ChIJzS9fjnhzt2oRP8lJhY49pyM
Alfred Langhorne Park,ChIJMXF9-iIgt2oRJg6Rq5dkQKA
Miels Park,ChIJIe3ehpYwt2oRlDjmi38L-qk
Birdwood Oval and Park,ChIJE-n-YJ1ct2oR8Wm6HdcaLT0
Frahns Farm (Wattle Rd Site),ChIJ33mxtuUUt2oRhJ5Li0r6H44
Gum Tree Community Garden,ChIJi3RPuKIwt2oRTAc2NYudd50
Mid Murray Motorplex,ChIJG1--RyUtuGoRtIGUthcJzT8
Fern Glade Platypus Reserve,ChIJayqCGW7qe6oR5Em1XA_kA8E
Clare Valley Model Engineers,ChIJX5YAMZnQu2oRtbsMfgferHw
W. T. Smith Park,ChIJ8YDshPrIsGoRgKO6RVU2Aw8
Paisley Park Early Learning Centre Prospect,ChIJ4QwPAEXJsGoRrJHuEwqHlLs
Adelaide Miniature Steam Railway Society,ChIJea_9blfIsGoREwCcJsjsrpE
Bradford Reserve,ChIJsVX02J7JsGoR6qn9dChVwDo
Malonga Dv - Woniora Rd Playground,ChIJW2iehinre6oRZR5MnmBTplY
Burnie Wetlands,ChIJYeO9-1jre6oRTEqnUN_11Kg
Marine Plaza Playground,ChIJk3JZS2vre6oRNccZMeTpLKY
Jessop-White Park,ChIJPbLjAMhQu2oRUjLUcsuejzQ
Pulp and Paper Trail,ChIJSdlcGCvre6oRnXn0ZGQKniw
Romaine reserve playground,ChIJGyNEl5vre6oRGjkB7Xb03Yw
Romaine Reserve,ChIJq71MxELqe6oRG1OW9fHLiN0
Kangaroo Island Wilderness Trail,ChIJX6RnhtnQrGoR1nthRI5hesw
Burnie Basalt Columns Garden,ChIJCWi_UvPre6oR258EdjIP4zM
South Burnie Dog Beach,ChIJKzg0LSXqe6oROcEgR9Ispu0
Sea Creatures Burnie Waterfront,ChIJOcVC1XHpe6oRCunpbkIEEe0
Ulverstone Waterslide,ChIJFagEB9nIe6oRYhcSXFvRWPk
Witchelina,ChIJTRTzrf9SkGoRGC-MZkY_uR8
Wilfred Campbell Memorial Reserve,ChIJh5gxWdLre6oRXBVjZq8NoG0
The Burnie Boardwalk,ChIJC_pHfH3pe6oRf2BnrLE1TUA
Alma Pl Playground,ChIJE5M7NOjte6oR6UC_jek_YFQ
Mylan Crs Playground,ChIJpTUYFHTre6oRQ2QhSPJ52lQ
Wiseman St - Reserve North,ChIJpwNbcYvre6oRWFAh5SbkUzo
View Road Reserve,ChIJWxsihjnre6oRFLobYoqKFjw
Julius River Rainforest Walk,ChIJjWqTQHZifKoR-m_zQ_7S3Jw
Aleeka Crt Playground,ChIJB6Hs6KHre6oRJWpwrIinsIk
Hillfarm Dv Playground,ChIJP6PxnUTre6oRam1CMsMaIqk
Applebys Rd Playground,ChIJo9w_Ll-7e6oRWu4q36g9yeA
Barker st Playground and Public Toilet,ChIJS_8ubpbre6oRuyDoNTJR3vA
Walls of Jerusalem National Park,ChIJMc2n_vyieqoRwO9RtE7JAw8
Howe St Playground,ChIJScFpVJfre6oRNZea0tnpt1Y
Penguin Viewing Platform,ChIJm3xLgvXMe6oR80yT0JuDimw
Mount Montgomery,ChIJbyRFOljHe6oRuqgL6xA5r6A
Penguin Community Garden,ChIJzzidkPnGe6oRnPym00pGrr8
Penguin Mountain Bike Park,ChIJB_C9IW_He6oRUrxxErb3Jl8
Pedal Buggies Tasmania,ChIJFZZoRCbJe6oR7bI0opHhNr8
Woodfield Adventure Park,ChIJ2RHsWNkYbqoRONzwRpJ31d0
Formby Road Car Park Public Toilets,ChIJdSLQyTkzeqoRVG3U9qKlDVw
Latrobe Dog Park,ChIJRyv5dqk3eqoRJPCCTYabtmc
Edward 'Teddy' Sheean Memorial Tasmania Australia,ChIJCbk4HKI2eqoRTWcmXN_X3Gk
Lilydale Falls,ChIJ-RN_bjX_eaoRKGOIDH59hoY
Hollybank Forest,ChIJdbSYUrkAeqoR8szMmTqYVsw
West Hobart Bowl,ChIJZ5fYRqJ1bqoRqpOTX1-w4_A
See Tasmania,ChIJvfOjywd1bqoR5EOrURredn4
Kangaroo Bay Parklands,ChIJa95SUozfbaoRluNdcDFTR5M
A J White Park,ChIJPzqd1mLfbaoRTbupuMxHuSs
Great Western Tiers Visitor Centre,ChIJITTe04pveqoRZlBp2sIVERs
The Springs Wellington Park,ChIJbf3DS1t2bqoRkqWCwmo3zqQ
Myrtle Gully Falls,ChIJeUjtP392bqoRTzcgt918XlI
The Soldier's Memorial Avenue,ChIJjXsWknd1bqoR5aUKqYeMRg0
St. David's Park Memorial Walls,ChIJ809EFa91bqoR0yk7fvcVqWU
Russell Falls,ChIJfQxjU6hJbqoRW8WtbtDiZsM
South Bruny National Park,ChIJqbmd7CpAbKoRQMVRtE7JAw8
Hartz Mountains National Park,ChIJXfVVNouebqoRMPRRtE7JAw8
Knocklofty Reserve,ChIJiYSwdB11bqoRKJztV8j_hMY
Providence Valley Reserve,ChIJXVqzub51bqoRCVRLXjgsFV4
Simmons Park,ChIJzbBrCUx1bqoR9huvR5wrbig
EC Skatepark (North Hobart Cultural Park),ChIJSXrltph1bqoRUyCHf2MWLl4
Parliament Street Oval,ChIJHxdx9_R1bqoRHPcU0QlLJCo
Treetops Adventure Hollybank,ChIJ8YbkiuGmcKoRjSeTPaOJsaQ
Ben Lomond National Park,ChIJqRZzlWrFcKoR4OBRtE7JAw8
Water Play,ChIJP-H7muGJ1moR7ldtfUiqImA
Water Play,ChIJUaWEneKJ1moRw9GLf6qmI08
Ravenswood Adventure Park,ChIJ7-YKh36ncKoRC_hAJDx1Cyo
Water Play,ChIJQaUKCGuJ1moRbAEmB0J-pO0
Clare Street Oval,ChIJJ0yRcQF1bqoRIuFOOvEJTZg
Paisley Park Playground,ChIJo95A5Vxh1moRt_Oi0DKIxcQ
Water Play,ChIJ59rtUI9d1moRdN83ibdA-Vk
Curlew Community Park Playground,ChIJ3SzBYOiJ1moRRzI3jQDx4WU
Frontier Park Aintree,ChIJE15RxS_z1moRWZMLhq6QV4w
Bladin Street Park Dog Off Leash Area,ChIJbV4-MnOJ1moRmY7hv165Njk
Barry Jones Park Playground,ChIJC7mrke6J1moRKennjzupdCU
Laverton Skatepark,ChIJTXtcMuaJ1moRYQDY4w0q1V0
Lawrie Emmins Reserve Dog Off Leash Area,ChIJoSQuyuiJ1moRiAHdGY2hGmc
Doug Grant Reserve Dog Off Leash Area,ChIJSU_Mlmpj1moRJnZ4f7k_cdM
Alma Avenue Playground,ChIJ2UBiL2uJ1moRVUW2MeZ4eKw
Koonung Creek Reserve Dog Off Leash Area (Balwyn North),ChIJk3xKN5tH1moRRMFmGJMEMAA
Mont Albert Park Dog Off Leash Area,ChIJfxiHorFB1moRgaUcoRQltN0
Water Play,ChIJe2jDLUpH1moR65bE424K_z0
Hilda Street Reserve Playground,ChIJCVRkLPxB1moRdVnrJLBS8UQ
Rizal Park in Ballarat,ChIJTxQnAFtF0WoRarBlojDDGsk
Sebastopol Water Play Park,ChIJqz2pVoNb0WoRyUBDt_TFfAQ
Koonung Reserve Playground,ChIJrZ87BmJH1moRl7XWgpsXtyI
DS Bull Oval,ChIJjVso8zZB1moRhTmeqdrH1xo
Victoria Park Inclusive Play Space,ChIJeVZJ_thF0WoR2nt2vBQTFX0
Stradbroke Park Dog Off Leash Area,ChIJFypmBM1B1moRYJd5c0R_9gg
Ted Ajani Reserve Dog Off Leash Area,ChIJ3Z1ojTlH1moRdjfmSDCrfYU
Ruffey Lake Park BBQ Area,ChIJvaSo6X441moRybl0aHamgr0
Koonung Reserve Free Public Tennis Court,ChIJ__ktn5tH1moRMjlrWl0Lwyk
Stradbroke Park Playground,ChIJ52Q43rpB1moRhuFw2-sIoC0
Hays Paddock Playground,ChIJgXhe9KBB1moR0d4EMfdTF-s
Morris Williams Reserve Playground,ChIJK8EtV6FH1moRukRVWgagJFQ
Box Hill District Girl Guides,ChIJrXKSgWxB1moRXP8ScdlIyJM
Beckett Park Playground,ChIJZbBzlCdB1moRfYYpWDqccio
Hays Paddock Dog Off Leash Area,ChIJk-4BTpdB1moRMM_09jAbNbw
Park Reserve Dog Off Leash Area,ChIJk5Cl0AxH1moR9-9uDEh1Nls
Bendigo Regional Park,ChIJPcNEJPlb12oRD66HlnGIQ_8
Henkel Street Playspace,ChIJrcx7ebRZ12oRk_t4SiABvls
Neale Street Playspace,ChIJ7TOB6I1Z12oRbPcaXKQCFgA
Long Gully Splash Park Playground,ChIJNT0YhO1X12oRpQA3ah5u-lY
Lake Weeroona Boardwalk,ChIJ_QMfgIlZ12oR550sAD7gGKc
Ross Park Playground,ChIJBWJtJ6BZ12oRgLKKX8wm1T0
Palmerston Square,ChIJ56dOYIxZ12oRHyUEUVp-AzM
Shadforth Park Playground,ChIJRSpZDpFZ12oRBCRrB4fbn2k
Bright Street Playspace,ChIJJdipWNxZ12oRpORjMIn79Xk
Akoonah Drive Playspace,ChIJAT8S-HtR12oRCzkhYn-pUZE
King Street Playspace,ChIJtS-296RZ12oR5h-PMtmTQW0
Strickland Street Playspace,ChIJ_6hpWgPj2WoRGUL5-UR-y_k
Casley Street Playspace,ChIJjwykd9tZ12oR6qKN3hS2DDM
Cliff Avenue Playspace,ChIJU1PAeo1Z12oR2si1ljOfqQM
"Public Barbeque Pavilion, Lake Weeroona",ChIJIcUa85xZ12oRgE6220tTP5Q
Crusoe Road Playground,ChIJO36rzhlR12oRmVKmv5pGZNo
Fun Loong Play Space,ChIJaQupV1pZ12oRU_u7Wogd7yM
Thornley Drive Reserve Playground,ChIJ1xU8Iksb1moRkxpzn93yPBk
Junortoun Nature Reserve,ChIJa_ntuche12oRxFGeJob37lU
Gallway Drive Playspace,ChIJ7yKwbaVZ12oRhsUGb7mOqCY
Queen Street Playground,ChIJCdaJ1MJR12oRHRcP-OvnkD0
Herbert Avenue Playspace,ChIJn9im-5ZZ12oRlU_W_Uph6dw
RF Turner Memorial Playground,ChIJWZM3w9Vb12oRTAbQCUnyC8g
Dower Park,ChIJmzOX14pQ12oRAPNCFKV5BQ8
Jerribong Way Playspace,ChIJDUKXGupR12oRXNWAml4IySY
Dickson Mews Reserve Playground,ChIJRfnkXHYb1moRZ33eWN1R5PY
Berwick Waters Waterside Park Playground,ChIJZ8FbFe0a1moRH36AZXOjyB8
Berwick BMX Track,ChIJHbSDByIZ1moRWKpbdgYpDlw
Penzance Avenue Playspace,ChIJ6X4HP4FR12oRnbh1d81N1Ko
McKern Skate Park,ChIJ35zGs4hX12oRx9pH_2poiHk
VMR (Victorian Miniature Railway),ChIJMxVuLgA412oR1VjbA77kHRs
Strathfieldsaye Recreation Reserve Playspace,ChIJ59R_FAhc12oRK3vnmbwSB3Q
Timbarra Park Playground,ChIJg2mwkGUZ1moRlXfVpFM-zAA
Timbertop Park Playground,ChIJfQEBehsZ1moRSleB77UiroM
Bill Hudson Reserve Playground,ChIJeTuKaYgb1moRCz19FbvujHU
Killarney Court Reserve Playground,ChIJi2ItdTkZ1moRsKDPKKRoZTc
Kilora Park Playground,ChIJSbIl8akb1moRPVV88n3DCkA
Menzies Court Playspace,ChIJ2UZiKYxR12oRRv4Je0wWKRE
"Mason Field, Strathdale Park",ChIJRcBv4hJZ12oRjlM6XKaJDas
Samuel Gadd Centre,ChIJVZn1zORZ12oRbiknAOLIVt0
Ryelands Drive Reserve Playground,ChIJT4seNK4Z1moRIoc7H4Qg8NA
Hammerwood Green Reserve Dog Off Leash Area,ChIJhcV03-kb1moRsKyS3Xi--lc
Ashfield Drive Playground,ChIJR_jIXTkb1moRHwvsOHt8-1k
Berwick Waters Waterfront Park Playground,ChIJR4THe_Ea1moRY2jJ_-V69RY
Lilyvale Close Reserve Playground,ChIJyaW0bSIb1moRRUvyPA48Rso
The Chase Reserve Reserve Playground,ChIJf1ymjqYb1moRfRnC_PSa_Sk
Collins Park Playground,ChIJD0b5vErj2WoRtZJRREZ0ll0
Cardinia Street Reserve Playground,ChIJje0cpVYZ1moRj9yTrY0TPBo
Faraday Street Playground,ChIJC7qp1No71moRchNowgi0_uw
Fairpark Reserve Playground,ChIJ9yuz7Kk91moRq5M6kuwScb0
Zone Bowling Boronia,ChIJs1ShrmM71moRTA5bDzxwkMc
Bayswater Community Pavilion,ChIJFdYYl1471moROkifaMRkm4I
Village Roadshow Theme Parks Pty Ltd,ChIJ7dO_JCho1moRmeIAOLPs2s4
Icarus Court Playground,ChIJAcLGsb891moRTBeF6XcGzvk
Colchester Park Playground,ChIJAUjhf-w71moRC6N6D1EmlH4
Cobbitty Court Playground,ChIJodzdHJA71moRrRKAKxatoQQ
Appletree Hill Reserve Dog Off Leash Area,ChIJD6RVSKc71moRFF9wJZNnABU
Water Play,ChIJ5ZQVZmdv1moRXXfq8MiExs8
Ferguson Street Reserve Playground,ChIJnSunWCFp1moRpULR39yWFVQ
Kinglake Forest Adventures Camp,ChIJUYLFuO7F12oRmgivZnGEwWY
"St Andrew's Anglican Church, Brighton",ChIJWdd9dc5o1moRAAYlicSsg5I
Princes Park Playground,ChIJO0iVjltp1moRWkW3ioVAsEQ
Hanby Street Reserve Playground,ChIJ-aR18ntv1moRJw_q9In6nrM
Sheils Reserve Playground,ChIJSYZZSppd1moRVn9junozP04
Temple Park Playground,ChIJjaMzVldd1moR7yrJWpMa4uI
Methven Park Dog Off Leash Area,ChIJbU2SRjhD1moRlY1GBHLTkIk
Elwood Beach,ChIJI9k2DZNo1moRq9_lV8dFfbk
Gillon Oval Playground - Bay Leaf Tree,ChIJ8TmejzBd1moRsahGIvVB3Ig
Brunswick Skatepark (Moreland Station),ChIJsboxMcNF1moRqlqyZUj5xtM
A G Gillon Oval Dog Off Leash Area,ChIJf87IT0Zd1moR5O8UedDCass
Water Play,ChIJEy5U1xxD1moRCPZRKZYgoXI
Garrong Park Playground,ChIJ0YMtNfld1moRQogb1duS8B8
Gilpin Park Playground,ChIJoRGt0MVd1moRspCgaE2JXrk
Gilpin Park Fenced Dog Park,ChIJM3URylld1moR6byg5plARqs
Methven Park Playground,ChIJ73jORghD1moRgezZGgWXV-Q
Clifton Park Dog Off Leash Area,ChIJ_eHW8bNd1moRY1g-xByi_9o
Fleming Park Dog Off Leash Area,ChIJX3BbCWhD1moRcOgAnRQwlmc
Douglas Reserve,ChIJvQXAUkZD1moRgyIAS7-a8fQ
Jones Park Playground,ChIJZULNTmNF1moRbF2mnYCXaEE
Outdoor Ping Pong Tables by POPP,ChIJ8clAqKxd1moRDfmq0M5xtqw
Randazzo Park Playground,ChIJRc5_YABD1moR91Cl4FAEyI4
Wilson Reserve Playground,ChIJvXJJJi1p1moRiD45xbJGiaY
N.G.W. Anderson Park Playground,ChIJlwIDX6hD1moRzVwhNxpWxV0
Jones Park Dog Off Leash Area,ChIJlcsJ_7VF1moRGvvS6b61E2c
Allard Park Pump Track,ChIJf06GyOdF1moR4FlbJev3Nfg
Balfe Park,ChIJ-6VHCURD1moRkHsxBXZWBA8
Allnutt Park Free Golf Practice Cage,ChIJKypSCoJp1moRKncP2mnkBnA
Water Play,ChIJvXqBD8pd1moRM2iLfIynKXo
Foletta Park,ChIJ__-_lEtD1moR9poNo1hEqCo
Allard Park Bocce Court,ChIJd55DqZVF1moRLIugwCsbCPo
Jacobs Reserve,ChIJL9pDIEld1moRxACYgIjp0N8
Hibiscus Park,ChIJ2xFON9pI1moR0GcxBXZWBA8
Reynard St Community Garden,ChIJy0KTJmFb1moRkFUAGMORsX4
Water Play,ChIJFU5qqlxP1moRvRl_Wvxkc1I
Anderson Reserve Dog Off Leash Area,ChIJy-CleaNb1moRKUrWgRjjWro
Taunton Park Playground,ChIJ3dlHvd1J1moR3chNHIB69zw
Dar-Al Awda (Wendel St) Community Centre,ChIJf3ahaQxd1moReVqmfFFV4Og
Bundoora Park Playground (River Red Gum Avenue North),ChIJ4ZSA7-NP1moRB3P7eEBk5fc
Water Play,ChIJwxG0D89P1moRDFYChGJqr88
Ashbrook Park Playground,ChIJFbZJThhJ1moRQeKp9dxkgh4
Warrawee Park Playground,ChIJA4JtZNRJ1moR-DRRDrcApYA
Maroondah Terrace Playground,ChIJAac0gz5P1moRFgmCpEupNxI
Collendina Crescent Playground,ChIJD2AnFe9J1moRce5Bkc6Dyzo
Yulong Reserve Playground,ChIJcXXiqrpJ1moR3ZqpOKUiIDs
Norris Bank Reserve Fenced Dog Park,ChIJIUCWRa1J1moRv0J8qpTm4LU
John Hall Reserve,ChIJWwITvZJF1moRWMefafLCTGw
Sir William Angliss Reserve Playground,ChIJlf0rkH5B1moRkI63YEfeGbU
Parkview Room,ChIJOWlsMYVB1moR2kIKa7wB2bI
Highfield Park south oval,ChIJEz673zdB1moRvPO3LlHxeFE
Willison Park Playground,ChIJe1vVAGdB1moRciERgXs6SQQ
Symonds Street Playground,ChIJ_WEZwztB1moRM9CnffYi9pw
Murdoch Street Reserve,ChIJw3GgUUZB1moRpow00gIwKks
Cato Park Playground,ChIJKSdnxwtD1moREActNfD0Yio
McKenzie Reserve Playground,ChIJZ5XOOzrT12oRiJRtfHOkQFk
Anderson Park Playground,ChIJLaR0kIpB1moRc5rGANzPfS4
Lynden Park Playground,ChIJMUK_8kJB1moR7COOsxNr4Og
Apex Park Playground,ChIJByTSfQJB1moRGTPU8WjdlqE
Hartwell Station Reserve Playground,ChIJ2QOderxB1moR00zRAPf6YHI
Bowen Gardens,ChIJ75-7PIdB1moRNFQAbRsrqT0
Highfield Park Playground,ChIJ4fhd-0lB1moR-3NxNgC6Ncw
Cooper Reserve Playground,ChIJpwgpqP1B1moRr8_I4UPq5zE
Ardrie Park Dog Off Leash Area,ChIJxSy8qP1r1moRw9_3FWqyXZg
Garden Avenue Reserve,ChIJxZP11YNp1moR8OwxBXZWBA8
Waverley Park Dog Off Leash Area,ChIJrQZzX3Br1moRez_8VlzK8mU
Lord Reserve Dog Off Leash Area,ChIJKdJAmDJr1moRSlqqKmVxdjc
East Caulfield Multipurpose Courts,ChIJZzZKjipp1moRTvSKfXlIFy0
Bella Formosa Garten,ChIJDdfM06Nr1moRTMSuew7by88
Glen Huntly Park Dog Park,ChIJ7aws3xNp1moR1PANJrNQi9c
Shearwater Drive Playground,ChIJKVEIl40M1moRZguh4uve0oo
Waverley Oval Playground,ChIJfbNl-uFr1moRY_4UABeY1VE
"Djerring Trail, Beena Aveue Outdoor Gym",ChIJC5f1M6Jr1moRtJw64QImFgg
Serrell Street Playground,ChIJPSLEsv1r1moR3OhAVsjjMfs
Murrumbeena Park Community Hub,ChIJiamdHkhq1moRk4TW1MaljA4
Oakwood Drive Playground,ChIJMW0LLp0N1moRrMekj7a7OHk
Rotary Park Playground,ChIJCZgQMwAN1moRU0XFN_7SBW8
Jacana Drive Playground,ChIJxRpQv_MM1moRQgZ_41F7xVo
The Pines Flora and Fauna Reserve (Parks Victoria),ChIJsVZfn2ML1moRsO0xBXZWBA8
Lord Reserve Pavilion,ChIJBX-iBSpq1moRO-HLCUfj04E
Packer Park Public Bocce Court,ChIJAxLe--xr1moRwZvIz3KiFVo
EAGLE - Cable Cars,ChIJ9QV8DK7I1WoRVaICPf2w84I
Armata Park Playground,ChIJK3UGNwQN1moRFXOQ_vA7dyI
Page Street Playground,ChIJnY51lMRt1moRknz3je6gRXA
Roy Dore Reserve Fenced Dog Park,ChIJw5Qmwitz1moRSk-nLjBvSpc
Stanley Avenue Playground,ChIJkwnXPrdt1moR9dI5PGD-UUs
Skye Valley Park,ChIJqdzldBYN1moR6vtw031JYII
Derring Lane Reserve Dog Off Leash Area,ChIJwfPNEUZs1moRXNcpH87l_5Q
Jean Street Reserve and Playground,ChIJR4DofN5t1moRBLi0qSgfWFs
Pat Rollo Reserve Dog Off Leash Area,ChIJqX0afksN1moREmA2Oog7FO4
Whistlestop Reserve Dog Off Leash Area,ChIJ_eMfA4kL1moRNPOjqlITBLg
Friendship Square Playground,ChIJrxVYDo5t1moRtQeZvwta7UM
Snowdon Reserve Fenced Dog Park,ChIJOZgemk9s1moRyi5Jc_XnWdY
Kingston Heath Reserve Playground,ChIJ36fG4gZt1moRvSjdBzuO_-U
Remy’s Playground,ChIJ10R2MNlt1moReaysZ8Y6dkA
Manna Reserve Playground,ChIJkeaQMqcM1moR6BPOKBj9iek
Tulip Grove Park Playground,ChIJJdVlsDBv1moROak_XAp6KqM
Blackburn Drive Playground,ChIJyTMYOl5t1moRHZt6rYIjs0s
Le Page Park Dog Off Leash Area,ChIJh7IlhJlt1moRU-wk02m6z-o
Elliott Street Playground,ChIJsQPjG39t1moRrj9E4GulcCI
Haughton Road Fenced Dog Park,ChIJjymQgQtr1moRByHcpJ7fKaA
Water Play,ChIJxekES0Rr1moRit9nN2wFcuo
Cambro Road Playground,ChIJh7JNp8QV1moR4wpNcYFF4io
Flora Road Playground,ChIJJULn53tr1moRdJrvQHJLZfw
Melbourne Kart Centre,ChIJ7Rr7MUFr1moRZCeGDmAtXKI
Fregon Reserve Playground,ChIJdxfqotBq1moRnbjJis0gA2U
Turner Road Reserve oval 3,ChIJXcrQjeJt1moRBzOUQ2gKrrw
Valley Conservation Reserve,ChIJa0i5aghA1moRdrPxDE6QI2M
Central Reserve Playground,ChIJ0dvNxdw_1moRyCmlkCNdUBA
Doug Hull Adventure Park Playground,ChIJebvyiAlF1moRBKiD4LD-OiA
Playground,ChIJC5ofLBJr1moRuoDAJ4vTjJ8
Chancellor Reserve,ChIJx1hP00UV1moRuMTleMQHNzE
Clayton Skatepark,ChIJSRj0HMtr1moR3L_knBbTPSc
Clayton South Skatepark,ChIJC-A3ARRr1moRqW4LLK-0XVk
Namatjira Park Free Public Tennis Court,ChIJ60nc5BNr1moRd2VulMweaH4
First Street Reserve,ChIJX_0Inm9r1moRYJsjPymGDwU
Royalden Park Playground,ChIJS_xbk25R1moRJF99pDM4fVs
Lakes Drive Playground,ChIJgdI5PQhR1moRD2Ud3xA89u0
Coburg Bush Reserve Dog Off Leash Area,ChIJk7hAwdxb1moRcTkoj6BxN2c
Gilmour Park Playground,ChIJsVhjkghF1moRVwTcrwWRzR8
Edgars Creek Parkland,ChIJZ60909pE1moRT7dkJiHUCik
Anderson Reserve Playground,ChIJLw3uwv9b1moRZK3yP-cC2ys
W.H. Robinson Reserve Dog Off Leash Area,ChIJm5C8VJ5F1moRiIWCi1rTDOo
Hutchison Place Playground,ChIJ8dw31AJF1moR8MaTzOf0ZIo
Henderson Park,ChIJX7vcf45E1moRlJmxUBs5qfA
Quarry Circuit Playground,ChIJu2EX87NF1moRZoWrkOHUqeg
Bridges Reserve Dog Off Leash Area,ChIJNbQJA2hF1moR4fp13eHzqbA
Water Play,ChIJT5ROcbtT1moRGMTUU_Ocav4
Traffic Park Bike Park,ChIJp-Rf6eZR1moRl_4ZSM9SgDI
McDonald Reserve Dog Off Leash Area,ChIJy9PTVcNF1moRe5V6ihVOyk4
Campbell Reserve Playground,ChIJ3bPLB8tF1moRBBLB4xYf3IY
Water Play,ChIJ1_DnsUZR1moRPj2fiYCWV0E
Strettle Wetland Reserve,ChIJUTxkYr1E1moR9za2eS7hnDs
Water Play,ChIJVZiIVAxR1moRWVlqa8Xi5ow
Richards Reserve Fenced Dog Park,ChIJEw4hgdBb1moRWBZ586plfAE
Water Play,ChIJsXUW2gxT1moR0TFucrmIlM0
Malcolm Creek Echidna Playground,ChIJkXMw6GpT1moRadlWyNKY7pg
Debonair Parade Playground,ChIJRwQ6elxR1moRod--0S7_6fI
Sustainable Park Playground,ChIJy9F0SzRT1moR2Swedc1riFQ
Water Play,ChIJh319nQUT1moRqZ-8j9-acBI
Watermill Reserve Playground,ChIJyVjFgCxT1moR7GFlTDTuXNQ
Craigieburn Bicentennial Park Playground,ChIJQWdw1JBR1moRLH_8s05hda8
Malcolm Creek Park,ChIJw8bzActT1moR-0zSWXWUXy0
Thorngrove Avenue Playground,ChIJQxJeVE9T1moRKiwxPalbCqw
Treehouse Park Playground,ChIJMYFQ_O5R1moRCsITz-k7uII
Megasaurus Playground,ChIJKaGfmpYP1moRGTAdHgtubbU
Eyrecourt Reserve Playground,ChIJN7HMMQAb1moRwmBhVfJOsSY
Lifestyle Communities Casey Fields,ChIJZ-4z2KIP1moRJuODdy2lxjY
Water Play,ChIJN6xgXU4P1moRvi89ANiHI-g
Apex Park Playground,ChIJf-vT3akP1moRrAjK30rKCgg
Carlisle Park Recreation Reserve Playground,ChIJhdfW8JUR1moRG0Cp4O3pcAM
NJ TRAVEL,ChIJ67R7c6Ia1moRJs0QXCWpFnE
Tony Way Playground,ChIJESHN3GkP1moRMbxuYJw76sk
Jennings Park Playground,ChIJCVEUJskP1moRgAzQRC9K33A
Water Play,ChIJz0Cs1qUP1moRq88i3XtV61s
Discovery Park Playground,ChIJUb-guZxT1moRV-LjMRpFc3s
Lyall Street Reserve Playground,ChIJxx32_pUP1moRnp01Uu5WnjY
Lake Forbes Water Park,ChIJUUYuDlSNGmsR05UNSAoPzrI
Water Play,ChIJD6PGyicF1moRhBUfH6sCLOE
Lurline Street Playground,ChIJyR-W6LMP1moRzucikp5oJXk
D.S. Aitken Reserve Dog Off Leash Area,ChIJqxmcHCVR1moReYg7S5mrMeM
Marrone Boulevard Reserve,ChIJ_W6q9Y0P1moRYX6UZUSYtJw
Thomas P Carroll Reserve,ChIJkTZMrKoW1moRQKwxBXZWBA8
John Hemmings Memorial Park Playground,ChIJr4GcnMYV1moRVw5t6fgdbFs
Waterfield Park Playground,ChIJxYhzC4L11moRRonDhas90Bo
Fotheringham Reserve Dog Off Leash Area,ChIJcxZedU8V1moR7HtcMt52iv8
Dandenong Park Playground,ChIJW3AtWfgT1moR9GRcKPDVfP4
Robert Bruce Reserve Playground,ChIJ73EbMPL11moRBrRfI7YfA_0
Fotheringham Reserve Free Public Tennis Court,ChIJkTgZ4G4U1moRV1EwCpN-Cz0
Davitt Drive Playground,ChIJoWbV5ub11moRhEsDbw9cDqY
VABIS,ChIJ6aZqN6j11moRM69Hu-xST00
Davitt Drive Planting,ChIJEaH-WFaL1moRfsC8SBgWynk
Denmans Mews Playground,ChIJbwXlB-WL1moRCd2-v2a3zAY
Golding Reserve,ChIJ9SLAiSwU1moRX-K_avpnQqA
Dandenong Creek Trail,ChIJF65p-twT1moRJW7JcpBdG6Y
Cromwell Road Reserve,ChIJjWwe2nH11moRPAljXLnzM1w
Water Play,ChIJ9TNuA9051moRsPOSWLd7oJI
Maxia Road Playground,ChIJSaU3MZM41moRU7L7gpiVuQQ
Heritage Boulevard Playground,ChIJ65WqVrBH1moRvNeE2mOImL4
J W Thomson Reserve Dog Off Leash Area,ChIJxztHnhtH1moROPSlickqAhw
Koonung Creek Reserve Dog Off Leash Area (Mont Albert North),ChIJt7blYABH1moRW-WkJO5yp2M
Koonung Creek Linear Park Dog Off Leash Area (Doncaster),ChIJ3-WT7LVH1moRwqNSDDR7tkA
Ruffey Lake Park Dog Off Leash Area,ChIJxwOFkZpH1moRv8VStrmCI8Y
Sharon Reserve Dog Off Leash Area,ChIJqwaM-xQ51moRhwWhY_hi3Z8
Koonung Reserve Playground,ChIJv6aQNcE51moR4z8CXcMZ-8k
Doncaster Skatepark (Lawford Street Reserve),ChIJI5DYqGBH1moRx1PbaQLwLJ8
Albany Way Playground,ChIJaWbrgbM51moRvyiFQIyAQEw
Water Play,ChIJUxSnfNI51moRT3hJJ0V4T7A
Katrina Gully Dog Off Leash Area,ChIJg3e41ctH1moRxRQE9w-EiWA
Marshall Reserve Playground,ChIJ04FSvpxH1moROc8E1dVxmgg
Burgundy Reserve Dog Off Leash Area,ChIJSVymxTZH1moRzGvYoZ3qz4g
Schramms Reserve Dog Off Leash Area,ChIJmby7ZftH1moRHCx72byRj-o
Bullen Street Reserve,ChIJAQAAn5o41moR4Wa4hFeZt0U
Dellfield Reserve Dog Off Leash Area,ChIJce2ygERH1moRRh6eEbHXIQU
Manna Gum Playground,ChIJe4u_2lw31moRtQaVUd4vY9o
Kerry Close Playground,ChIJWdUuN-A51moR2f1qgF4pB_s
Jenkins Park,ChIJhxAmqz841moRfwb-ozWmWms
Trainor Street Playground,ChIJ5wSArNxH1moRFTvC35dP3JQ
Elgar Park Playground,ChIJB_m_zctH1moRlwsvucvm7aA
Zerbes Reserve Playground,ChIJ80ba8ns51moRVnN3gb2FF88
Lyndal Reserve Dog Off Leash Area,ChIJZewqBj851moRhinBYq1ws_A
Pine Hill Reserve Dog Off Leash Area,ChIJMzt4w6M51moRm6W7cTMOkbU
Schafter Reserve Dog Off Leash Area,ChIJhebD3vM51moRItxQlorx2Hk
Thea Grove Reserve Dog Off Leash Area,ChIJqee8LdM51moR5Vu17_l-sqM
Morna Reserve Playground,ChIJo60oBcU51moRaXiw0Se3occ
St Clems Reserve Dog Off Leash Area,ChIJlcy3_VA51moR7CCMaAClt_c
Montgomery Reserve Playground,ChIJcw8ird851moRxBRM4bUJ8OY
Donvale Reserve #2,ChIJEe0MEwM51moRlg4NP2gLiSw
Baratta Street Playground,ChIJfbsWSFY51moRDH7ejxiOF1A
St Clems Road playground,ChIJR2_gofA51moRPCuCht_IK7k
Valepark Reserve Dog Off Leash Area,ChIJux0ejeQ51moRmO2yPRKvFYM
Five Mile picnic area,ChIJ6eSl6j4b2WoRtABpheu7Rjk
Cabin Connect,ChIJWcUkYBcD2WoRqQvnRZIWmCI
Serpells Community Reserve Dog Off Leash Area,ChIJhUnnEds51moR8UP4CHYReO0
Slater Reserve Playground,ChIJT3RaaI851moRYPi_STeF-SM
Oxford Reserve Dog Off Leash Area,ChIJbbFd3v051moRTJkYPaRqEJQ
Jenkins Park Playground,ChIJfzZRrsE51moRL2HmbAqnjag
Zerbes Reserve Dog Off Leash Area,ChIJJ_rqUxw51moRPK4fQKAZQgA
Allara Reserve Playground,ChIJgZEgFdo51moRAnMhCyWE31k
Jocelyn Reserve Playground,ChIJJ0n58OY51moRU5Z-jJBsAmE
Hertford Road Reserve Dog Off Leash Area,ChIJySi75hU51moRcADUCzwwgb8
Apex Park Playground,ChIJLUmZf2oD2WoRR-dxO0z5PyQ
Mossdale Reserve Dog Off Leash Area,ChIJYXVlL2s51moRjHPovXXYdm8
Rochester Caravan Park,ChIJ7RhWIOut2WoRDSCgcCHUBx0
Five Mile mountain bike trail,ChIJSVQYnJ4b2WoRlElZX_tA9Dk
Water Play,ChIJO8LNAD031moRcepyQEoQ_T4
Narioka Bushland Reserve,ChIJ23tybCzq2GoR2TbPzvP3eVs
Eucalyptus Road Playground,ChIJqws6efw31moRgDdvzveRKYw
Heartland Raceway,ChIJoUFlkcAd2WoRIcmYvMzbAJU
Kyvalley Community Park Playground,ChIJK6w870L32GoRkpyoVCEEpnA
Hallam Gardens,ChIJNXnirXoX1moRqU0_npdhfmc
Malcolm Blair Reserve Fenced Dog Park,ChIJy6gXly1I1moR9fgA0i_zaYY
Sackville Reserve Playground,ChIJW-egCQBJ1moRI2MJID7Loh4
Milborne Heddon Reserve,ChIJm_AcHBM31moRYXhaa3HrUCY
Woodlands Park Playground,ChIJp4TGrjJJ1moRxHeupfNcLjM
Georgette Crescent Playground,ChIJ-y-bs_8W1moRYrJC7SfLfns
Lions Apex Park Playground,ChIJO-n8jDKl2WoRs72oDRR6dH4
Poulter Reserve Playground,ChIJPUyHp4BJ1moRdgWfS8e6VPk
Griffith Park Dog Off Leash Area,ChIJv6w1rXo31moR0FHQ11EGvXQ
Rod Lavin Reserve Playground,ChIJb4xAaNAX1moRhOfL5Ikgkd8
Rock Garden - Lysterfield Park,ChIJw7SPQNYX1moRcJDdGp4gBgQ
Doveton Skatepark,ChIJdy2ZWLYW1moR_l6uZ_bwQQQ
Tadema Crescent Playground,ChIJHSnzoMQ31moRk9M_sMEegGc
Kirwana Grove Playground,ChIJhcGq5AJJ1moRuNsJOd0Kzr4
Lions Park Playground,ChIJa2pfIWut2WoR_jkJWv6W1T4
Barmah Lakes Camping and Picnic Ground,ChIJuxCzYsrc2GoRDV0ezZa91Ng
Eltham East Linear Reserve Dog Off Leash Area,ChIJXz44MPU31moRmdVsm54MMYg
Westerfolds Park Playground,ChIJldcNbPlH1moRIAfVRHYRQH8
Harringtons Reserve Playground,ChIJd5788gRJ1moRDqKCpbEUsn8
Glenauburn Reserve,ChIJ681GN3dI1moRwPMxBXZWBA8
Kyabram Skatepark,ChIJ1aYOKlT32GoRvvXHuFTCpSo
Susan Street Dog Off Leash Area,ChIJPfudnQ831moRc7BsmY3wOlk
Alma Play Park Playground,ChIJO_A6sHNI1moRZu_DW_EsyW8
Fitzsimons Reserve,ChIJ-6lktdQ31moRI8vQLwhPO_0
Rochester Skatepark,ChIJJeFMTNmt2WoRY3vPiSkvnm4
Kalbar Road Reserve Playground,ChIJ7UXtX_k31moRmhSOvKSTsAw
Ramptons Road Playground,ChIJa9Ro6h9J1moRmtcIqkFU3qk
Foothills Park Playground,ChIJoRgAA2VJ1moRP9U7ttBRRZY
Epping Recreational Reserve Playground,ChIJzayQ_slP1moRfGNGYc4XrP8
Epping Views Family and Community Centre,ChIJSz-N459O1moRJU869vmuDeE
Winchester Park Playground,ChIJycXl-UpP1moRyL1CA07wu2I
Aurora Park Playground,ChIJz94XCJJN1moRZb-puknMFek
Coleman Mews Reserve Playground,ChIJlUcdraxd1moRmL5QBZ73gy0
Aberfeldie Park Dog Off Leash Area,ChIJA0OrW6ld1moRj-mXNzK0DpU
Queens Park Playground (Mt Alexander Road),ChIJDXQrTIJd1moRsOCY-AeSa6o
Epping Skate Ramp,ChIJ_3dB7GhP1moRidcVdyu2xhI
Zimmer Park Playground,ChIJQV1P90FP1moRlFXtdmki8KU
Park Crescent Playground,ChIJB7PjKTdd1moRglyXB01EJ3M
Epping Community Centre,ChIJYbgkP1dJ1moRL_hijeeA2Qs
Montgomery Reserve Playground (Tennyson Street),ChIJ0-m2rIxd1moRRJI76Mkb_Eg
Carlyle Reserve Playground,ChIJo2PcWhNd1moR834O5yRtINE
Porsche Park Playground,ChIJmZYrZRpP1moRF4zS9KMr7XA
Monica Court Park Playground,ChIJFwfZmWFP1moRhYz6OZQVK_8
Fulham Park,ChIJWxwBbyNM1moRUHfzrXLyFVY
Allison Reserve Playground,ChIJeRNx3Xxc1moRox1S2UJo5jo
Daylesford Park Playground,ChIJeVreX-1P1moR-heUC_H5Dc8
Thyme Park,ChIJqwmtJAxM1moRQbDam0duMGU
Guila Court Park Playground,ChIJaxr39cNO1moRArem7WvEl5E
Epping Skatepark,ChIJ6eTWIABJ1moRc5KBCpP_Xxk
Woodlands Park Playground,ChIJa547dO5d1moRCF2XLxS5rD4
Brearley Reserve Dog Off Leash Area,ChIJcW29oW5b1moRvoObKovQtOQ
Norvel Reserve Playground,ChIJNfnm2Ik81moRGLh5hetstnk
Kings Park Playground,ChIJEdThMEg91moRoOD297Mslls
Ferntree Gully Quarry Recreation Reserve Playground,ChIJ_R-9FoU91moRCqWg5X5-bIc
Montgomery Park Free Public Tennis Court,ChIJ26oblNZd1moRA33ok7JppCk
Knox Regional Netball Complex Playground,ChIJcV-WZB891moRQfK9Kx1delg
Dr Bluett Memorial Playground,ChIJs0fp20o91moRuWkvx-rT4S4
Glenfern Park Playground,ChIJk-VyBuM91moRI1W13kC7Gjg
Val Boyd Reserve Playground,ChIJKfoPQ_E91moRtqgO8p780Bg
Windermere Drive Playground,ChIJdyyUCek91moRa9d1R3HOKrs
Blackwood Park Road Playground,ChIJqdOjulw91moRSvPFFU-g32c
Victoria Park Playground,ChIJDTNbBgB11moRFHNcYZbtxb0
Phoenix Park Skatepark,ChIJm38IeHBq1moRXpbQRPPeNCM
TOTAL TENNIS,ChIJY-AR9IBp1moRsw8oNneImeI
Ferndale Reserve Playground,ChIJEX7uwZQL1moRGu7N9WIqVog
Public Toilets Beauty Park,ChIJR76dlAp11moR-O6c_dkn5XU
School of Physiotherapy,ChIJRclZSf511moRKns0zYiTTdc
Bruce Park Playground,ChIJ61-GslIL1moRpAbqKJgYRhw
Gardiner Park Dog Off Leash Area,ChIJBeHZY5dB1moRpYkFk-58PaM
Ferndale Park Playground,ChIJ51Hs8UFB1moRbmz6qWBB2Yg
Hartwell Sports Ground Dog Off Leash Area,ChIJYZTKKuNB1moRqCnGsp4MH8g
Baxter Park Playground,ChIJb1T1Lpvh1WoRQHG4aZG39zk
Victoria Park Dog Off Leash Area,ChIJJZCJF7h11moRcMFWjnR8cfw
Delacombe Park Dog Off Leash Area,ChIJf8uOUpJ11moR7IKATokpNxI
Roberts Street Playground,ChIJf4qWxekL1moRNM4oumY8eQo
Peninsula Reserve Dog Off Leash Area,ChIJ-VxxyrsL1moR1S8HvpvQdD0
Madeline Street Playground,ChIJy3lNzmJB1moRO4W4E8uK4pM
Howard Dawson Reserve Playground,ChIJL0aj2cNB1moRdMQ2hwNr9gk
Tooronga Park Dog Off Leash Area,ChIJp7gLEEBD1moRNhMqoczEAfs
Nettleton Park Dog Off Leash Area,ChIJC67E14ZB1moRQ6mNa0jofGQ
Eric Raven Reserve Dog Off Leash Area,ChIJ4VDnPztB1moRyukpIiw2eGM
Malvern Cricket Ground Dog Off Leash Area,ChIJtd-kotFp1moRTgt0ENL3jCk
Fleetwood Crescent Reserve Playground,ChIJPRPO_2t11moRPvKoyErgZ10
Central Park Dog Off Leash Area,ChIJs6frRrBp1moRTSlSSWGJS_U
Summerhill Park Dog Off Leash Area,ChIJ1cf2Dj9B1moR5uxDG_a_ry0
The Heights Dog Off Leash Area,ChIJW5sWlLl11moRVkJkLFFuCfM
Ashburton Park,ChIJa0vwGc5B1moRkJIxBXZWBA8
Liston Street Reserve Playground,ChIJxRJUy65B1moRsEUIwVhgbhY
Holloway Drive Reserve,ChIJRauhpNw71moRYmAG7QvQhSw
Derinya Reserve Dog Off Leash Area,ChIJJ76GNEN11moR624TlKXF5fQ
Belgrave Memorial Park,ChIJw5sZCQ0j1moRoo4SEzlCkAk
Worland Park Dog Off Leash Area,ChIJZ7Bb0sML1moRtXlafsaJbQg
McArthur Street playground,ChIJ1fp3sr1D1moRZTOOOdXaXYw
Burwood Reserve Playground,ChIJKeCyo4dB1moRNaX3ZscSkWY
Fairview Park Playground,ChIJFeLPOBdD1moRw87HLdCzMus
Gorilla Carts,ChIJj9ksOatD1moRi86e08tZ3iY
Scullin Park Playground,ChIJP5BxnptD1moRPPvETpPJudY
Fairview Park Dog Off Leash Area,ChIJmTkhh51D1moRy5pNM-OrZYk
Grace Park Playground,ChIJqZJhpG9D1moR-QVZltGzc9Y
Wadsworth Baseball Field,ChIJLd7AfbdD1moRS-FY1b4v-_k
Pridmore Park Playground,ChIJZcnN8kRD1moR1nsUKZOuY6Y
Naree Naree Park Playground,ChIJGeBcgKpb1moRR21fWB9PYGw
Ginifer Reserve Dog Off Leash Area,ChIJKXC5YTJb1moR31KiOnmm4N0
Moonee Ponds Creek Trail,ChIJ15W1q4Zb1moRfZf4v-9pAJo
Gervase Avenue Playground,ChIJ3fB6tYNb1moRjwVCzB66ams
Narre Narre,ChIJbz7qrVNb1moRzJ9poQfUivw
Rayner Reserve Dog Off Leash Area,ChIJ2-8Ow-Zb1moRr4leZk5SIhI
Gervase Avenue Reserve Dog Off Leash Area,ChIJvePvPdRb1moRSiG2b66EAhg
Bryant Family Reserve Playground,ChIJGcwA16Jb1moRwJ_rW_aPMsk
Stevenson Reserve Playground,ChIJqXeoPUdb1moRXEE9kl0EGh4
John Vandeloo Reserve Playground,ChIJcWuwjRZb1moR3Rc5KqQ_T3g
Kevin Bartlett Reserve Dog Off Leash Area,ChIJu3REK95D1moRVPcBGIZIYF4
Water Play,ChIJ-UbKectb1moRC7L_yvi4TFU
Wallace Reserve Dog Off Leash Area,ChIJDxH03c5b1moR5cT5b9D_oFE
Soccer Time Kids,ChIJJwuXAAVb1moRDm56xaXYdHc
Car Park - Swinburne University,ChIJg0Px7TJC1moRwwmGlZE_YGg
Jacana Valley Reserve Dog Off Leash Area,ChIJGRbi9Hpb1moRc--pdz-Z1_k
Hoa Lu Scout Group Hall,ChIJeeEuHP5a1moR8uIDrpNmWXc
Professionals A.E. Gibson & Co - Real Estate Agents and Property Management,ChIJVSHilKpb1moRBE2DH1vP3_4
Boeing Reserve playground,ChIJhSCCaeNb1moR1OszshtmSeg
Gladman Street Playground,ChIJdY6PTQtJ1moRp5iMEAlM4uk
Jacana Valley Dog Off Leash Area,ChIJvS3Uv5db1moRzbaa1IwdU5U
Seabrook Reserve Dog Off Leash Area,ChIJZb8zvetb1moRUshnarLG4GY
Apollo Parkways Playground,ChIJq_17uBpJ1moRiXjatUAzdRs
Cole Reserve Playground,ChIJ3zzQtLtb1moRR_pjeQyM4v4
Central Park Playground,ChIJQRQ8qVBJ1moRFbz1kFQlPY4
Partingtons Flat Reserve,ChIJB2B3rVFI1moRGYxFtiRvfbA
Warralong Avenue Playground,ChIJrWHMvANJ1moRaaYP--PBaQU
Kirrip Playspace,ChIJkTlTyolJ1moRXdzFjBSnGzk
Anthony Beale Reserve Play Space,ChIJWd_OKtBJ1moRXxmj1rkCAkc
Sue Court Reserve Playground,ChIJFRovAnIR1moR1dIcxHiahWI
E J Andrew Reserve Dog Off Leash Area,ChIJJXAcX-tJ1moRj9Wuxct9f1Q
Malcolm Blair Reserve Dog Off Leash Area,ChIJqzIMN2xJ1moR_50JZ384AJQ
E J Andrew Reserve Playground,ChIJVSSm3MxJ1moRM3djygu_TZ0
Ford Park,ChIJrVf_3jpE1moRHc1mGB9Our8
Binnak Park Playground (Sharpes Road),ChIJW0uiGIRJ1moRPS_Pbqc0JUQ
Hakea Street Playground,ChIJMeLU8DtJ1moRzVNM_y8t1FA
Montmorency Park Dog Off Leash Area,ChIJVXFuQolJ1moRmz6qQYFqvM4
Henry Joseph Moran Park Playground,ChIJ3SuKA28R1moRDkEz9w5l5N0
Manning Close Playground,ChIJ_XQ16LcR1moRH_YfTPm6XfA
Montmorency Park Playground,ChIJ1c6ZzLtJ1moRETJSwAelQE4
Green Valley Crescent Reserve Playground,ChIJkWMmLZ0R1moRhRC4YUE-bFs
Arthur Wren Hall Playground,ChIJITiRm7kR1moRf9qbgYO-UcY
L. E. Bray Park Playground,ChIJZdLjMMtD1moRQSoZ5ndEXvk
Peppercorn Park Playground,ChIJSY0BI2YR1moRqNAP1prfRrs
Brodie's Theatre Company,ChIJf1aP9w8R1moR9TUFPbsCWao
Wallen Road Reserve,ChIJuSk3xUZC1moRkGUWoOpWn5E
Homestead Park Playground,ChIJz92Oti_11moRNERyauqLyvo
Taylors Hill Central Park Playground,ChIJkQZZLMv11moRpuVAI0BR10I
The Parkway Playground,ChIJsyGQ-B8R1moR7T2o43Lh-nc
Alexander Park Playground,ChIJ__notTBv1moRyn-wDH_uEMA
Boronia Drive Reserve Playground,ChIJORB2iTz11moR9o8qgmXbJ54
7 James Wyman Place Reserve Playground,ChIJEX74810R1moROjFWNDuMdvE
AK Lines Reserve Playground,ChIJL9qp8RlJ1moRGI7Q6ybKkjE
Oaktree Drive Reserve Playground,ChIJOwvMdbUR1moRxSB3KvFvTqk
Bloomsbury Drive Reserve Playground,ChIJ6e_aUPD11moRrffUwih9yC8
Ultimo Walk Reserve Playground,ChIJgcTO8G711moRf6rvOH2k7N8
Goulding Park Playground,ChIJtf36csr11moRgw8EvSSPK5E
Hampton Drive Reserve Playground,ChIJpfbkkXMR1moR1ONJXwJW1hE
Mark Court Reserve Playground,ChIJfYOFnA8R1moRdgLn3I3iPw8
Mawson Gardens,ChIJ0-9hrkT01moRTLsaz4sMsgY
Pioneer Park Playground,ChIJ_aAyOqj11moRRxo_F92mhkw
Northgate Linear Park Playground,ChIJ-3UY4pj11moRBaMlZ93XfUo
Spotlight Burnside,ChIJjSCC4vr11moRK0GTtsARReo
Hoppers Crossing Skatepark,ChIJMbJnL9SP1moRfoipOXg-kYE
Bethany Road Playground,ChIJm0EQYgSP1moRw57VdpgC0mU
Hunter Avenue Playground,ChIJPfOiLkOP1moR7bExMjC1urs
Locksley Drive Playground,ChIJb4MpDh2J1moRsQQlUXpFrrk
Willmott Drive - Derrimut Road D1 Drainage Reserve Dog Off Leash Area,ChIJ6x4Y5MGP1moRoLz59l5OYfc
Breton Drive Playground,ChIJyTIsN2SP1moRW8olQxBM2b0
Powell Drive Playground,ChIJ5cif8aOJ1moRhah_wVJ4zak
Hogans Road Reserve playground,ChIJhYOSO7GP1moRavSS49VvnJY
Civic Centre Reserve Dog Off Leash Area,ChIJgaEp2TuF1moRU2aNPSs55jE
Finchley Park Crescent Playground,ChIJc-HqokSP1moRrYBqVV8Knfw
Foley Reserve Dog Off Leash Area,ChIJSahI2BBD1moRKN-E0IVsMd8
Victoria Park (North) Playground,ChIJ_XC5wlVD1moRUgXK6s0nBSY
Connor Street Dog Off Leash Area,ChIJWazxQe1D1moRr7CmEnaCULc
Water Play,ChIJpUQkhFdD1moRt4z_czC72aQ
Victoria Park Dog Off Leash Area,ChIJMyV2-hJD1moRlwVvoFzXQ1o
Dream Massage Noble park,ChIJEZMBrmeJ1moRebNcDZ8BWD0
Victoria Park Big Slide,ChIJJ3ODp2tD1moRbCOdhwG7AHQ
J.A. Aldridge Playground,ChIJP-hQQ_ZD1moROHzm8ERvxmU
Main Yarra Trail,ChIJbZTERZND1moRZDSGl4UlK3s
Outer Circle Linear Park Dog Off Leash Area (Peel Street to Princess Street),ChIJN49ayaRD1moRPxHvhnJ4_f8
Fenton Reserve Playground,ChIJM_dljIBD1moR_XAp0p2YR5Q
Kate Campbell Reserve Dog Off Leash Area,ChIJqYXLU99D1moRtWgJ3h0FFXM
Outer Circle Linear Park Dog Off Leash Area (Peel Street to Willsmere Road),ChIJ_8Ltz29D1moRvPI4dGd7N2E
Outer Circle Linear Park Dog Off Leash Area (Spruzen Avenue to Belford Road),ChIJY4Du5jRD1moRzjqYFjOrRNg
Reservoir Reserve Playground,ChIJWQP4GM1B1moRxicZ7qpMWq4
Stockade Park Playground,ChIJI4TLPhxP1moRiy6fJ23JT6w
Lalor Recreation Reserve Playground,ChIJ_QWxcx5P1moRRmXQl-kSasc
Haldane Reserve Playground,ChIJy2Ch45IT1moRzwsrvPZxel4
Roth Hetherington Gardens Fenced Dog Park,ChIJeVW9ca0T1moR3N_PzggI4ew
Frederick Wachter Reserve Fenced Dog Park,ChIJf7TQvI4T1moRi9tr3SlvsVc
Melaleuca Reserve Dog Off Leash Area,ChIJTzZDuHUL1moReZEFgpgGfkw
Darnley Drive Playground,ChIJ3c42t2QM1moRmaIQGPlFxjo
Rosette Reserve,ChIJh4tGbQ4T1moRc5Tww60NR_Q
Fabian Reserve Dog Off Leash Area,ChIJl8bgny8T1moRzGMCdOHx1VA
Lorne Park Playground,ChIJ0beFSaNP1moRJxoAMSW5Iik
Rowan Road Reserve,ChIJ0Q-L2EsT1moRkKkxBXZWBA8
Kareela Road Playground,ChIJ3QvukzIL1moRTERN57co5uc
Avard Court Playground,ChIJvYqBB3EV1moRjl4rJOIWAkA
Tatterson Park Fenced Dog Park,ChIJORDlZ-oT1moRkzjvzEEwoac
Pearcedale Road and Baxter-Tooradin Road Playground,ChIJXTC40kQJ1moRIHsJDIZ50A0
Lloyd Park playground,ChIJ3wM7lcAL1moR3WegiF5Qs6U
Stevens Road Reserve Dog Off Leash Area,ChIJaTZmacEL1moRB-NRHAawufc
Chirnside Park Playground,ChIJGdirIU8Z1GoRGv8zd4trm7Q
Ware Street Playground,ChIJXSrgh7kZ1GoRDYZ6ZNQE73Y
Lara Skatepark,ChIJzY5aq-MZ1GoRYIL9avq9M8s
"Baggage Storage by Smarte Carte, Adventure Park",ChIJQ3VBn7E-1GoRXcfoTk-amDk
Geelong Play Space,ChIJs_745ZwW1GoRlCCiQ8X_xec
Barwon River,ChIJK11fqb8T1GoRLbq4L-FYYo8
Clunies Court Playground,ChIJsaUzKDoR1GoRMqUCWwAR0sk
Stead Park Playground,ChIJ18dlWUQX1GoRcPIyerLpfFQ
Little River Reserve Playground,ChIJ6TTcPrKf1moR--Va26QOJtc
Beckley Park Playground,ChIJu96-FWEZ1GoRtezllmzdHBQ
Possey Newland Reserve,ChIJj-mrZEuf1moRvQoQOAA2rcQ
Goldsworthy Reserve Playground,ChIJ7Zzg854X1GoRdF7JQZAlFWw
Lillydale Lake,ChIJQV5fgGIv1moR6f6OnIBzesM
Rolling Hills Reserve Playground,ChIJ-0rbA9wv1moRU6gH5O-p4aI
Water Play,ChIJM3OIT5Uv1moR89AiwixcGGY
Rostrum Public Speaking Club 68,ChIJ-6dfsJZr1moRUCjxlvteDZ4
Bills Park Playground,ChIJ6VMHnmTt1moR2qZ489KGDOg
Dunning Wetlands Reserve Playground,ChIJrxJL21EFw2oRDl6I3p3ycM8
Woodbine Park Playground,ChIJ70bXaQ4Pw2oRzvs0kAHFDy8
Watsons Park Playground,ChIJYbIeYxITKWsR6JYl1buxPO4
Sydare Reserve Dog Off Leash Area,ChIJqxM86S5r1moRiD5O0Fi-GxA
Conservation Avenue Playground,ChIJY5LDH3OT1moRR_9F4UA_984
Walnut Park Playground,ChIJuTmoJNAFw2oRpCDDcwkUrOQ
Telfer Wetlands Reserve Playground,ChIJQ7rcwqkFw2oRw_B-0GfG_M4
Red Cliffs Skatepark,ChIJ8SmtVOcPw2oRs8ZWIne7mro
Kelynack Recreation Reserve Playground,ChIJ_VS-fR1J1moRd1lap3D8vJA
Boolarra Skatepark,ChIJKVXbRrN3KWsRzNnA2R6UaDg
Batterbee Drive Playground,ChIJpaZmv40v1moR6Dc1C1oNigI
Carronvale Playground,ChIJQT_2tRYv1moR5JAOBwxT1Lg
Basil Reserve Playground,ChIJ1wm9VMRr1moRGnbdvSG2f0c
Stretton Drive Playground,ChIJt9HxTCKT1moR5e8TVIzrwBE
Yanga Nature Reserve,ChIJ67Qg38s03GoRfczndFX3E04
Centenary Park Playground,ChIJpR5rDZhJ1moRWvMoReYhvYY
Dowton Park Recreation Reserve Playground,ChIJY1i3iv2ZKWsRPUlqKgR34kc
Oakridge Reserve Playground,ChIJXSFRX-7f1WoRocXP2djlh-o
Maxwell Street Reserve Playground,ChIJU-TSRizb1WoRWy2mBek6LbA
Lillydale Lake (North West) Dog Off Leash Area,ChIJkfg7JFku1moRZO3LYze2wkM
Archer Drive Reserve Playground,ChIJieM8wnvt1moRcA2JqQtN93M
C.J. Melrose Reserve Playground,ChIJm_5hFbeT1moR5kXT7jJOsGU
Claude Dennis Park Playground,ChIJRfiJ2IUFw2oRnzO27wP_LOc
Glendonald Park Playground,ChIJ3RSxSattKWsR0eRXtrKTddg
Traralgon Jaycees Tyers Community Park Playground,ChIJI-pxMJUZKWsRD_fQSKvwD-0
Park Playground Reserve,ChIJ4-nxbH0XKWsReoJItSQvPPI
Market Street Park Outdoor Gym,ChIJaeQRV-SZKWsR7oPb6CvU_Ag
Wensleydale Drive Reserve Playground,ChIJIdIO64rd1WoRI1aQzdN0ows
Wattle Place Reserve Playground,ChIJr2TfJbuT1moRGLaDV8lG6so
Sharland Park,ChIJs-3LJHYDw2oRejgFS8H9YuQ
Waterhole Creek South East Playground,ChIJ6RUNyMIRKWsRED7OdavuEo8
Walkley Park Playground,ChIJZ-x6tsBtKWsRzN9QZX0LZBs
Devilbend Natural Features Reserve,ChIJ5ckj2pbd1WoRBlHwokLYW-o
Duncan Cameron Park Playground,ChIJi1H2LT4XKWsRMcRdqck3q-4
Ellen Close Playground,ChIJ4bPXN0a9KWsRhSiXMRUEnXY
Trafalgar Outdoor Pool,ChIJSZF5YgehKWsRDzGkYrF7g8U
Paintball Skirmish Action Games,ChIJ4fnv3lgv1moR4ajBEFFQkM0
Kirkton Park Playground,ChIJL6Xb4Prt1moR6MXGTaaQ4t8
Bingara Close Playground,ChIJv6-7Yo8Dw2oR8oi4v5fjb-U
Kings Billabong Nature Walk,ChIJObW_Augdw2oRbvByWf61xbk
Waratah Linear Park Playground,ChIJ3cxI7jwRKWsRvjkuK4FI20A
Lois Court Playground,ChIJnYP9bdehKWsRjlQXfDZ8SMA
Bradman Boulevard Oval Playground,ChIJy1-16zgYKWsRYTj-aRTQgyQ
East Caulfield Reserve Playground,ChIJL1OflYpp1moRWs8w-vFpbwU
Centenary Park Playground,ChIJl6qG2mft1moRgZhTKO7NO14
Killarney Lakes Reserve Playground,ChIJ6RrY8Irt1moR0c2CxGHXceU
Melton South BMX Track,ChIJ31ptNwnt1moRVpVDAhskEuA
Hornsey Park,ChIJ0Y7EJWIDw2oRlfBctN9kvYY
Kenny Park Playground,ChIJS5Cy5BYHw2oR9GaSvd-0W-4
Andrews Park West Playground,ChIJbVs__2cTKWsRZMjsTT-VvWU
Trafalgar Recreation Reserve Playground,ChIJazMQUVChKWsRbQPhcnqN0Bw
Graham Colling Reserve,ChIJYSP_vDMp1moRyDX3m9_LBAw
Water Play,ChIJ6fccbeDz1moRWZviGshKwV8
Kurrajong Crescent Reserve Playground,ChIJ64yPsVaT1moRPM0cII36ETY
Parkview Street Playground,ChIJXw4Q4sjt1moREf4giAQN3AA
Melton West Skatepark,ChIJ3cvBEsPs1moRsTpQoynNqtw
Ovens Park Playground,ChIJy2__ZScRw2oRICqHYh0c2DM
Apex Park Playground,ChIJz2TxT32hKWsRdZz5Cu84vwM
Market Street Playground,ChIJSQoljGmZKWsRFxR3pH8EjjU
Ormeau Road Reserve,ChIJj7Hw9yUv1moR8INbKHoUy2A
Warner Reserve Playground,ChIJDcxkGWhB1moROyYoM8u0zdw
Pawfield Park Fenced Dog Park,ChIJN-JqNPNp1moRvtP9zXIUEe8
Wilton Fields Village Park Playground,ChIJQw5ESVaT1moRivpmhtZhKYw
Mansell Reserve Playground,ChIJXbgx3dYDw2oROLIY3c0vYVo
Yallourn North Skatepark,ChIJ1_yNnr4PKWsRJ4ey7huyMlI
McGregor Park Playground,ChIJRWl8ZZChKWsRXNqGh-pozN0
Nailed by Ingrid,ChIJERB2P8sv1moRSnpfnQW6Crs
Melton Playground,ChIJu-e6wUTt1moRBF6kIyx2dPk
Arnolds Creek Reserve Playground,ChIJL6I9H7rt1moRwTZiIoksmD4
Yinnar Bicentennial Park Playground,ChIJm9e-15VzKWsR_C5ma-Wd-w4
Darling Gardens,ChIJmX5IVJpC1moRgzVN_9uOdAY
Childs Street West Reserve Playground,ChIJhQuCeXeT1moRXl8GarMLAEo
Car Par,ChIJNTPXpPPt1moRxpvVdQs8m8c
Hornsey Park Playground,ChIJA5aE5GoDw2oRo2r_QjMO-X0
Kings Billabong Bird Hide,ChIJj5qAgq4bw2oRF1yN42lHD1c
Tallis Reserve Playground,ChIJlS2zntHf1WoRmj5q5HXSoA8
Roseman Road Playground,ChIJ_5wzbYkv1moRn6pkBYhK4hI
Caroline Gardens Dog Off Leash Area,ChIJez_ZmblD1moRutUvZRd0DOo
Melton Reservoir Picnic Area,ChIJj6_P746T1moRzcR8jVepDEg
Scarlet Oak Reserve Playground,ChIJw3FEt7zt1moRyVZA-jU5Lvg
Andimifi Park Playground,ChIJXxl3osIDw2oRboCS0Ppb6j8
Murraytrek 4WD Adventures,ChIJS7DTWpMGw2oRo4FrGuNZGfQ
Water Play,ChIJd08vS6ZJ1moRVjgUiHEm9nk
Haunted Hills Mountain Bike Park,ChIJhTwMsYgPKWsRG_DeYHm1RW0
Blue Rock Motorcycle Club | Energy Park Complex - Motocross Track,ChIJd2vyecwPKWsRlqc-SvUhvtc
Brindlewood Park Playground,ChIJL00o-Y6hKWsRiwImbGi51Jg
Trafalgar BMX Track,ChIJBewbv7ehKWsRVx93ecgC-oo
Peverill Park Playground,ChIJY8vMixtr1moRnvRq7QR8zB8
Yinnar Skatepark,ChIJzSFK8zJzKWsReeC0g96P4kc
Water Play,ChIJ9ZZldt3z1moR-7n2sZabAoU
Fairhaven Boulevard Playground,ChIJ-QkhWADt1moRqotVyOX4I6c
Atherstone Regional Play Space,ChIJBYEirCCT1moRKSoikuMdyCA
Orchard Green,ChIJ_U5gMUKT1moRkEt4gKtiR5o
Scott Street Playground,ChIJQWoF_03t1moRa2SGnZUII1Y
Park for Play Playground,ChIJJ94HFfEDw2oR3hvxo5_3nEE
Immigration Park Playground,ChIJfzbyfsARKWsR-55sLiOdqAc
Glendonald Park East Playground,ChIJW0g18EptKWsRdUFmTgOTWE0
Charles Bond Park Playground,ChIJX4zZmShzKWsRHvK3zoh6gwU
Churchill Skatepark,ChIJ8TvriNQSKWsR5-eY2KDavtA
Summerhill Park Playground,ChIJAbzI7EIv1moRaZUwb3PyakY
Treyvaud Memorial Park Playground,ChIJc9q9HfFr1moR7vQqLVxV9uY
Atherstone Park Playground,ChIJeXo1okaT1moRlPmt8N3hGm4
Melton South Skatepark,ChIJ1Thg8CeT1moRkuG5xIyUQVE
Morwell Playground,ChIJDQ9WwBkSKWsRRRBAA9aBCaI
C.B. Wilson Reserve Playground,ChIJuSB1g7vZ1WoRiPExakpt9yE
Summerfield Reserve Fenced Dog Park,ChIJzfG4iBLd1WoR8yM_gS3ySG0
Currawong Community Centre Playground,ChIJHe4Uqfvf1WoRrlVhCTxJWW0
Karina-Kiandra Reserve Playground,ChIJQfn1YVDb1WoR-o3cATboKH0
Dunns Road Reserve Dog Off Leash Area,ChIJn4wJOcjb1WoR5iMqHrnC0nQ
Summerfields Wetlands Playground,ChIJvx_Sn9Ld1WoR9R9SsLYNFj4
S.L. Butler Reserve Playground,ChIJXRjuFpjZ1WoRkcirjMm4bs4
Martha Cove Playground,ChIJE-fAfKvF1WoRcIDbBrkredQ
Rivett Crescent Reserve,ChIJ_9iNMZMV1moRhhiBkj_rmwc
Brandon Park Reserve Playground,ChIJc1X9LmIV1moR6ezZrAMHY58
Wood Road Playground,ChIJTwITZ0wb1moRA8r28FHnHT8
Wellington Reserve Playground,ChIJgQxZg7UV1moR1hTN4s62zIY
Loxley Boulevard Reserve Playground,ChIJKxtL4qAR1moR2HY8xSJQyFo
MPAS Mornington Peninsula Avicultural Society,ChIJCY8m5Gjc1WoRpDS3ciwpP94
Somerset-Dorset Reserve Playground,ChIJM5fqFsrb1WoRFrFULxzTEXU
Kings Park Reserve Playground,ChIJmzeBoA4R1moR127RwcTbeHM
Whitehaven Crescent Reserve Playground,ChIJs4bL3lgV1moRpBv7_aL8Tdg
Jacaranda Playground,ChIJP_iZQ5MV1moRp1DJqxNNPOo
Water Play,ChIJyWe0s84V1moRqS89PENb6Hk
Ferrero Reserve Playground,ChIJQVi1ta_b1WoRidCJOCAc06Y
Berth K139 Martha Cove,ChIJQUmw_trI1WoRIe7pFmKSSPA
Marykirk Drive Reserve,ChIJLeeIjYgV1moRtFGUpt79L1Q
Greenridge Avenue Reserve Playground,ChIJ16EI4kMX1moRUf6rwPQvm6I
Pro Red Fishing Charters Melbourne,ChIJTdVQspbZ1WoRvfTJe4QuD0g
Janice Road Reserve Dog Off Leash Area,ChIJK55X20A_1moRzTu0BpJ1vtg
UFC Gym Fountain Gate,ChIJPVMx5LIQ1moRJB2MQTNiFOI
S.L Butler Reserve Dog Off Leash Area,ChIJm6mRSN3f1WoRdcBMDAyt7JQ
Lum Reserve,ChIJkTo69HkV1moRoJ4xBXZWBA8
Freeway Reserve Dog Off Leash Area,ChIJIXtKK20V1moRlacnI6wpnjk
Gladeswood Reserve Dog Off Leash Area,ChIJ6bTFja4V1moRcId8AgEj4zc
Bentons Road Reserve Playground,ChIJ4xFfmR7d1WoR3kxYmTPN2P0
Mothers Beach,ChIJqwhDkEbZ1WoRamvaXkuXLlo
Public Toilets Mornington Park,ChIJy-0GZUTZ1WoRpxTj81W7at4
Ellis Park Playground,ChIJt3ZSV6MV1moRpIQMnQ3oISI
Brandon Park Drive Playground,ChIJbyDZrP8V1moR38Z3yrVpKTY
The Mulgrave Motel,ChIJIWHqzCYV1moRry1yXgv0IoE
Manchester Place Playground,ChIJSb7IBZgV1moRzETTM3miyV4
Water Play,ChIJ10PnHLoR1moRwmbsEGJfAbk
Ray Bastin Reserve Playground,ChIJsftti6QQ1moRjMIHsM9i7PU
Harrap Road Reserve Fenced Dog Park,ChIJ11Ea0Ffd1WoRjKQKQdq11tY
Civic Reserve Playground,ChIJ09ohfQDd1WoRmpCRm_Kmyb4
Derby Reserve Playground,ChIJ6xBeRtpD1moRfVdyi_T2lo4
Sabel Reserve Playground,ChIJFRJl1nUQ1moR2ukNtLCIadw
Ormond Rd Reserve Playground,ChIJmRgBOlAR1moRr5ysoYFiYLI
Merri Park,ChIJNVcp9WZD1moR8NoxBXZWBA8
The Inner Circle Railway Linear Parklands Dog Off Leash Area,ChIJ5YZRxzFD1moRSLak1bA1r24
Ceres Village Pavilion,ChIJV3GMtjVD1moRN6p-b1MoBc0
The Circle of Trees,ChIJx56o6RVD1moRjvmVTi6Yro0
Quarries Park,ChIJNxg6owpD1moR4O4xBXZWBA8
Lightwood Road Fenced Dog Park,ChIJwX368UEV1moRzD_qxg9uNnI
Thomas Kidney Reserve,ChIJTfJDXWxD1moRqS_VCzkk3-E
Heatherton Road Skyrail Playground,ChIJk9eYB9UV1moR4bOR_GurXFI
Oldis Gardens Playground,ChIJ5weMRBFD1moRtYCsxj3Luz8
Mayors Park Playground,ChIJYal0ehJD1moRXdKe-iggxYg
Peters Reserve Playground,ChIJUR5A_dZD1moR1JySFkDfdIk
Greenglade Reserve Playground,ChIJ9TSzjZIT1moR4apeLJTBxfo
Parkfield Reserve Playground,ChIJ6aITisYV1moR-8-nMpGjxFk
McAdam Reserve Playground,ChIJOS5SSQtD1moRIR0iZMWMA28
Spencer Street Reserve Playground,ChIJmxQuYoRE1moRjRZDkccuQ7M
All Nations Park SPC,ChIJaaenRYBE1moRviozoO_c-qw
Blue Gum,ChIJQYUUPzUV1moRHzYOfAfkaP8
T H Westfield Reserve Dog Off Leash Area,ChIJbZbnvR9D1moR-48H7br39qU
Kirkdale Park Dog Off Leash Area,ChIJE4pRFUtD1moRS002zzGrtzM
Pearl Reserve Playground,ChIJXanrpXFF1moRap1xnK7uCDc
Ramsden Street Reserve Dog Off Leash Area,ChIJ3UkcIXBD1moR1FZWMVR10DE
Janet Millman Reserve Dog Off Leash Area,ChIJg77nyblD1moRlD97i0GYb2k
Balfe Park Playground,ChIJKywNhQRD1moR3KlcEyXkGys
INCC Yarra Paddlers,ChIJ91jElZtD1moR9ipMXRMXwc0
Ocean Country Park,ChIJK2uCVJ5v1GoRrR1_IKdafFg
Phillips Reserve Dog Off Leash Area,ChIJZ3w25UBD1moRTAoo0BnZ9rc
Rushall Reserve,ChIJJehGSmxD1moRfaXYhK5l-Mc
Next Door Garden,ChIJR0lzGU-H1moRcG9htO1yi00
Spencer street Playground,ChIJDdO42YyJ1moRIIZNmRSDxiw
Citybay Drive Playground,ChIJ3Xz2qFmJ1moRyZ6SWwIW8M8
Nagle Drive Playground,ChIJKbkVqviJ1moREYcJ7Wrooig
Kingsford Common Park Playground,ChIJ8Z6-9GKH1moRWfR7SEYsrWs
Hargrave Park Playground,ChIJS9TwocCH1moR2CqZuChg1YY
Paola Circuit Playground,ChIJn0xLRF-J1moR4DlRRk68cQs
Baltimore Drive Playground,ChIJe5KRGO6J1moR0epXUH4jn8g
Silverbay Avenue Playground,ChIJlXMWJU6J1moR5N2iBB9Qj28
Freshwater Point Playground,ChIJL9QsbICJ1moRmNxVSbMH76A
Willowgreen Way Reserve Free Public Tennis Courts,ChIJU6M-UGOJ1moRsYc9SmIH7Vc
Greenbelt Avenue Playground,ChIJf4S1T89F1moRZ8u_8eWHNbE
Margaret Walker Reserve Playground,ChIJETT-NiJF1moR7pb-g_uW-wQ
Astley Crescent Playground,ChIJb_-LjpmJ1moR4ZDm-jo0_ZY
Jansar Street Playground,ChIJb7OO_NeJ1moR6nKTU-Ps8_c
Adams Reserve Dog Off Leash Area,ChIJDT_HRTdF1moRB5zz802-8yM
A.G. Davis Park Dog Off Leash Area,ChIJS03BIeRF1moR3ds6Aw8XwGA
Foch Street Playground,ChIJB4nm_h9F1moRValLoJyCHLE
Henderson Park Dog Off Leash Area,ChIJmwkaQAlF1moRpiX_Y2b3KLE
Blake Street Playground,ChIJ8S2Z5cRF1moRNzEGSbcBpqk
J.C. Donath Reserve Dog Off Leash Area,ChIJUyvKPJVF1moRmKJ6pyfficg
Upper Point Cook Playground,ChIJ17jlk-CJ1moRAgXlHkQmQU8
Willowgreen Park Playground,ChIJcXnfvlqJ1moRv1elPbKGBjQ
Point Cook Skatepark (Gramercy Boulevard),ChIJ87tHyP-J1moRoTY-TBT17Gg
A.H Capp Reserve Dog Off Leash Area,ChIJgd49QoZF1moR7F4w-8ho41k
Caraway Crescent Playground,ChIJQ9t429SJ1moR5JnAY0fU0-Q
Caledonian Way Playground,ChIJS3VExb6J1moRODGTdZvob2Y
Saratoga Park Playground,ChIJl8-PU76H1moRHzvdBlNE3XM
Bandler Parkway Playground,ChIJ8Zwke5yJ1moRX-XMvqJTOy0
Kellerman Drive Playground,ChIJs8BvCj2J1moRTI-J1GfYKnY
J.S. Grey Reserve,ChIJeW_dMnNF1moRdtPWV73OWjM
Whitetop Drive Playground,ChIJK95pBcmH1moRgRuezCq_kak
Leslie Reserve Playground,ChIJOd9HtKFF1moRlk6Aki4MYLs
Tracey Reserve Playground,ChIJLUAdcwVF1moR6toTmNjTxss
Edwardes Lake Park Dog Off Leash Area,ChIJMbzJHvFF1moRgrPOZCiFOF8
Shand Reserve Dog Off Leash Area,ChIJSZ0vghVF1moR6XYhB7OjPgk
Atkinson Reserve Dog Off Leash Area,ChIJ20NnrwFP1moRXg0vcZRzoSc
Penton Way park,ChIJGYJyxAKJ1moRiG5NmBBMR8w
Carlisle Terrace Playground,ChIJAfm3tkKI1moRcSHnX-2K7Bo
Gramercy Boulevard Playground,ChIJs2aKjlWJ1moReu9XidIipBg
Whitby Street Playground,ChIJHaJyNKpF1moRWvfjmYuQ4Es
Point Cook Skatepark (Saltwater Promenade),ChIJUU92XomJ1moRQB-pWd0_Meo
Willowgreen Way Reserve Playground,ChIJZwipV0qJ1moRrXIOgGh5qqU
Crispe Park Playground,ChIJBZ5i1AhF1moR3xBoRr7sIig
C.W. Kirkwood Reserve Dog Off Leash Area,ChIJT806PohF1moRjzznNPH9GYk
Edge View (North) Playground,ChIJlUECVsGJ1moRJf5eP6h-6_E
Alamanda Reserve Playground,ChIJ3RST_beH1moRAsIiiNmrBdI
T.A Cochrane Reserve playground,ChIJJVKukRFF1moRgdJnsaWRyaw
Crispe Park Dog Off Leash Area,ChIJK30CFe5F1moRLVt-fxQDQUI
G.H. Mott Reserve Playground,ChIJdewsNwFF1moROnaAjVtaaQE
T.W. Blake Park Dog Off Leash Area,ChIJ7eXiEHJF1moRPJr5S6tXmwE
W.R. Ruthven V.C. Reserve Dog Off Leash Area,ChIJv7KxBJRF1moRGPa4sw19vlU
G.H. Mott Reserve Dog Off Leash Area,ChIJHWc1i8pF1moRyv8oYZ96f-I
Horton Street Playground,ChIJBUPo-7xF1moRgBO24zbL8Ss
G.E. Robinson Park,ChIJ4wVaGtVF1moRfTBf3NrRL_4
Gallery Place Playground,ChIJRV02n9KJ1moRy8wU8sPfaNI
G.E. Robinson Park Playground,ChIJC4BZiIZF1moREwgem9MgjSI
Edge View (South) Playground,ChIJM71Rv_eJ1moR19G8fsIb-t4
H.L.T. Oulton Reserve Dog Off Leash Area,ChIJ_18PHlFF1moRzZAm6B89DeQ
Pepperjack Way Playground,ChIJK6YPj1yJ1moRd8HtF10usxo
Mulloway Drive Playground,ChIJj-Ey84CH1moRFW_a_pgF9gc
W. R. Larkins Reserve Dog Off Leash Area,ChIJfx6C-LBF1moRrUWMqBJZShQ
T.W. Andrews Reserve Playground,ChIJq8eKkohF1moRuJm_0oHJCB8
Arch Gibson Reserve Dog Off Leash Area,ChIJN3eLLxBF1moRrmCBH78N65Q
Wright Reserve Playground,ChIJo8IAUkhF1moRhMQQRK-SYJE
Atkinson Reserve Playground,ChIJb_ZJURlP1moRBrPwLv7zWfE
Beenak McMahon Reserve Dog Off Leash Area,ChIJmzNClVxF1moRYVM5Tt427s0
A.G. Davis Park playground,ChIJh26huJJF1moRB6pqXJkgQsc
Hillside Park Playground,ChIJi3yY7M091moRvQGo2AT-hm4
Main Yarra Trail,ChIJHwJFtIhC1moRgAMoH6h1w80
Denver Crescent Playground,ChIJGbwJQsg91moRS5Wl86kpTRE
Gilbert Park Playground,ChIJzfABiR491moRfI5qPhSqUeg
O'Connell Reserve,ChIJ5xQ9WZlD1moR4bwnYLlKsM8
Arcadia Reserve Dog Off Leash Area,ChIJJREmq0M91moRH8iwAcDBrbg
Emerson Place Fenced Dog Park,ChIJ_ewU_iAX1moRI7l5ErVlWMs
Cosmetic Boutique Australia - Roxburgh Park,ChIJo25ixpRR1moRMwL62iiyS_U
Simmonds Place Playground,ChIJg8Kr8h5R1moReFbgJTwU9aI
Wallan Railway Station (Wallan),ChIJ5QuvbPWw12oRAB0aLKV5BR0
International Gardens Reserve Playground,ChIJKZOhmZ5f1moRSEqBtxTU4qA
Kevin Flint Memorial Reserve Playground,ChIJ0VsJbf1f1moRtwnGg79w2LA
Aitken Creek Dog Off Leash Area,ChIJBU7KjDJR1moRhpg4mqUAdgo
Kangen water Australia,ChIJL1RrHar11moRqc5yyTORpgY
Biggs Street Reserve Playground,ChIJbSiIo1hf1moRcyGx6Cda6lY
Iramoo Wildflower Grassland Reserve,ChIJ65UKYYxf1moRltu0V1JELBY
Lillypilly Crescent Playground,ChIJ7yOXR9D11moRJeLuURGSbOA
Airborn Air Park,ChIJ__-_bk9Q1moRnrv4rLN2Ucs
Pimelea Wildflower Reserve,ChIJOTZVGexf1moR4755DkbHwno
Padley Park Playground,ChIJ2xbAzMBf1moR5d_W9l_Uf3g
Wahgunyah Reserve Fenced Dog Park,ChIJUzlfSOFf1moRJRmvj0DrvQ8
Jamieson Street Reserve Playground,ChIJB8B1y-lf1moR6RM9TeYdf5E
Moorland Park Playground,ChIJURp_icX11moRmbDqCteqiCM
Kevin Flint Reserve,ChIJyYYJQfJf1moRgQUQTCNwD2k
Cyril Clements Reserve Playground,ChIJKXE_vn711moRGiX5eDR-4ho
Waterloo Crescent Playground,ChIJabj5_mlo1moR0GPvfEvpoRA
Ornamental Pond,ChIJtYcMyCFp1moRHcFSYKYM7AQ
Pharaoh's Curse,ChIJlSB0DQJp1moROI3hfKlX4j8
Carousel,ChIJcdQNgGVp1moRiIq8mzDWeEs
KIIS EYE,ChIJNSahOuZp1moREHiyBhG7ahQ
AQUA Schools Keilor Park,ChIJD3OfO-Zf1moR8LmQ8mRekzc
Chipton Park Playground,ChIJazD0PaBp1moRaUDq3j5pIrw
Greenhouse,ChIJL4ojamxp1moR8N4YiKOaZao
Prince Crescent Playground,ChIJu05CwuEN1moR3KNnnAqnmO0
Riviera Reserve Playground,ChIJEcCmIaxz1moRIXv_OhEBkI4
Roy Dore Reserve Playground,ChIJmTu8DClz1moR30VDpaCTDHg
Edithvale-Seaford Wetlands Education Centre,ChIJbb-GU1dt1moR7VqosUruKEA
Armstrongs Reserve Dog Off Leash Area,ChIJV3w9_Zlz1moRTukUNRV-TnE
Riviera Reserve Dog Off Leash Area,ChIJ-SEP5wZz1moR4hnIpcq5AqY
Wisewould Reserve Dog Off Leash Area,ChIJJQp9j_R11moRGXGAajJxrDo
Lorna Reserve Playground,ChIJiYLQBVML1moRR0DO86QwSAQ
Hadley Reserve Dog Off Leash Area,ChIJHZcga54L1moR4fMjldCjHN0
Bruce Aitken Reserve Dog Off Leash Area,ChIJkfvBDakM1moR2MJXve3LB2A
Kananook Reserve Dog Off Leash Area,ChIJ_6nZDxN11moR3AM7t_MY08Q
Bonbeach Sports Reserve Playground,ChIJF439XsVy1moRKdNthOI220w
Russell Park Playground,ChIJm4CVBsSF2GoR8roEGzzxhdE
McCulloch's Entertainment,ChIJ7QAYkKyD2GoRWX3FsqAZbL8
Parkside Gardens Playground,ChIJ81w1XbyF2GoR34gZEx50hes
Centennial Park Playground,ChIJaY6JuWqD2GoR00EH7uufMkI
Bailey Park Playground,ChIJWwcZ5HGD2GoR0uNe-0L0jgQ
Harlow Park Playground,ChIJT1vX3BmB2GoRAixb8WrXQ-E
Wauchope Park Playground,ChIJCzQa7GSH2GoRQBI_Bs9ctU0
Congupna Recreation Reserve Playground,ChIJEaf1RECd2GoR336F29ZJ_VA
Teasdale Crescent Playground,ChIJBWgCbtyH2GoRpv_EElA-zKQ
Hillier Park Playground,ChIJq2fShieH2GoRiDAIrcMOsBo
Sabri Drive Playground,ChIJ1XUe1tGD2GoR2Igf6A30QQM
Frank McNamara Park Playground,ChIJ1cQVGviF2GoRoGy0ZiEFd7o
ODonnell Park Playground,ChIJSROEj8WD2GoR6FvfaHNUluI
North Shepparton Recreation Reserve Playground,ChIJQ88WDqyF2GoRHJ0JilGj83A
"Cemetery Bend, Arcadia Streamside Reserve",ChIJPdhmCKpk2GoRG-cX7N7sb8I
Ducat Reserve Playground,ChIJG_09cEWD2GoRqrCInAFbLj0
Deakin Reserve Park Playground,ChIJubSEchyD2GoR412wLR3p9b4
Charles Street Playground,ChIJS85A00mH2GoRrMoSQaFm-wI
Howe Park Playground,ChIJn3UDtJeH2GoRaxcMHVUjOng
Roche Reserve Playground,ChIJe52sYZ-F2GoRvrGpy4BcsgM
Ganaway Reserve Drink tap,ChIJkXssCcuG2GoRTCq8BtP-FZU
Kialla Park Reserve Playground,ChIJw3l9yTKH2GoRCZWH_tiTO-w
Warner Reserve Dog Off Leash Area,ChIJOZS1dkMV1moRsAVzmDnbqpU
"Smyth Reserve Playground,",ChIJ04QpKRSH2GoRZWfLH392n6A
Ivanhoe Park Playground,ChIJ61VkC8mD2GoRoDOkZnAAxYc
Rodney Park Playground,ChIJNZJnUgmH2GoRjhF4WgfEHOo
Kaarimba H119 Bushland Reserve,ChIJgXaXEzGW2GoRWt03M9zBfUc
Merrigum Skatepark,ChIJq6q-LlH12GoR4CaKrtWVrak
Wilson Park Playground,ChIJv2BdhAeD2GoRv-ZRxtU2Uic
Village Toboggan Park,ChIJ7YO40Jc5JmsRegHlg0e2boU
Lowana Park Playground,ChIJSam9XNSG2GoR6epkYucOt4E
Craigmuir Lake Playground,ChIJl8PiU86H2GoRmrj-HG61n9Q
Billingham Park Playground,ChIJfZePJsOD2GoR7yHa8oPOdX8
W S James Reserve Playground,ChIJR_q5RHCD2GoRH92s1wZd6gg
Hopkins Street Playground,ChIJs08DMC5j2GoROh1KMDCcA7A
Alinga Park Playground,ChIJFeH2lByB2GoRIAQoTNVqxuo
Judd Park Playground,ChIJV81tulD12GoRRGCHRkmjaTg
Cosgrove South H55 Bushland Reserve,ChIJl6rnYx17J2sR1VTteOiVvMI
Alfred Kleinhart Park Playground,ChIJnWxJbkuD2GoR6ONB5lAjjYI
OConnor Park Playground,ChIJ4VqvqnOD2GoRbfICtEeuUUw
George Graham Park Playground,ChIJadP77RSh2GoRqxHx14yvpMA
Legenda's Garden,ChIJr3pzq5Zh1moRJvcx4bBjZas
Lee's Picture Framing,ChIJfSVtgQUU1moR1yRjAC_0RF4
Springvale Botanical Cemetery Playground,ChIJPY9E-PsU1moR2OJkCG-7qfw
Spavin Drive Dam Dog Off Leash Area,ChIJmVbndKD51moRWGHyM4CDIHc
Springvale Library,ChIJZWx7NroU1moRbXCNIroyi3o
Collenso Street Electricity Easement Fenced Dog Park,ChIJE_rHFkdh1moRQT5G1O9JG4U
Creswick Water Splash Park,ChIJ34hUFQU50WoRYWJbtNdskPY
Off Stump Park Playground,ChIJL9jOUUv51moR-4t_rAZbt9g
4x4 tyres & rims (mechanical repairs),ChIJTazi5F0V1moRLXQWke1-cDk
Waugh Street Playground,ChIJF_fUwVX31moRPYh_O0a63Fo
Sheffield Park Playground,ChIJaxEgoNf51moRb6ONo0wG7S8
Water Play,ChIJrc_VzUNf1moRVePf8yBAVdQ
Langama Park Dog Off Leash Area,ChIJPUZ2r9n51moR76ERV431SUQ
Lions Park Playground,ChIJ73egoub51moRNs-exPAYxUQ
Kevin Wheelahan gardens,ChIJMbGGAyle1moRtvGgbQOu93M
Ashton Avenue Playground,ChIJ3SkMVOFf1moReRAE7b10G7Y
Water Play,ChIJ3Q29uJph1moRY9MoEkjecrw
Heysen Drive Dog Off Leash Area,ChIJU-KC1bD51moRLkqMJzOFp8k
B Street Wildflower Garden,ChIJLVPM0Z5h1moRBy4sgYESNes
Eric Boardman Reserve Dog Off Leash Area,ChIJo5dJTGL71moRy2zZObVaB7o
Ardeer Community Park Playground,ChIJyz5HWmhh1moR7Of4GIcUP8o
Pizzey Street Reserve,ChIJ609nXPQ4JgARUNG6RjvoRs0
Forsyth Park Fenced Dog Park,ChIJeTrJbw6J1moRXEMXfrktuhE
Water Play,ChIJ10_76SOF1moRKetIDycIUkA
Tom OBrien Park Playground,ChIJvcemrJxg1moR7Vlarizkdkw
Style Way Park,ChIJTTWLjjmP1moRKtoTNEgbfFg
Water Play,ChIJa8durXSb1moRtfLBajAZI-M
Devon Lane Playground,ChIJEzUyBfaJ1moRkZayTKcLsm0
Heartlands Boulevard Park Playground,ChIJp6LbrpaP1moRFg3sgqcjz3A
Lionheart Avenue Playground,ChIJ01JU3atf1moR0yg6T2-do40
F45 Training Watergardens,ChIJr49ZTjr11moRTrte0cz1VR0
Taylors Creek Linear Park Playground,ChIJxTi9w-df1moRElq1Ckz8usQ
Alfred Drive Park,ChIJQ_4VwwuJ1moRVobjix06pKk
Vesper Avenue Playground,ChIJbWd6IHCP1moRvGOc7M8zews
Verdant Hill Reserve Playground,ChIJn67nRXGP1moRYQcIwSW9PhE
Camelot Drive Playground,ChIJiZpVDviP1moRqNDWw4kB2Pc
Penrose Promenade Playground,ChIJUX-jeEaP1moRuHOLAU2O6Yc
Pandora Park Playground,ChIJT8HQjIpP1moRyO2Pq1B9nJY
Water Play,ChIJiS7BsO5Z1moRAZtdUJX-_P0
Salamander Drive Playground,ChIJ40lff_pZ1moRvagw_QCntC8
Rose Hedge Reserve playground,ChIJNaTEq2n11moRKk6p7YdmOOo
Moffat Park Playground,ChIJi2BPX-ZP1moRE9HfT18f8H8
Federation Village Kororoit Creek Dog Off Leash Area,ChIJR8CUswxf1moRQizNxMecB8g
McDonald's Sunshine,ChIJIf4RrTte1moRkE5zZH1esIo
Extreme Rope Course,ChIJt6MyBDJe1moRNuCMTglIFlQ
Tarneit Skatepark (Voyager Boulevard),ChIJ8QRJh42P1moRj5v9j7RyKMY
Butterfly Boulevard Playground,ChIJfcmLJJGP1moRR1nvfhs0LeU
Cocoparra Crescent Playground,ChIJB-5rf1Zf1moRlqK2GXDH464
Delahey Skatepark,ChIJ04Z_e1D11moRroanRpEeacw
Trentbridge Road Playground,ChIJpyly9baP1moRiuP2NMrp95k
Duck Haven Crescent Playground,ChIJu_aMF1iJ1moRr9S7fuIL1Lk
Apollo Road Playground,ChIJQbVtAfRf1moRCj49tP6I-Ik
Taylors Hill Recreation Reserve Playground,ChIJiWy8liL11moR3AqS6q7VHDE
Elpis Park Playground,ChIJqd-EijaJ1moRPegZERq62J4
Seasons Park Playground,ChIJR19gYf2P1moRRtC63950ke8
Moondara Street Playground,ChIJdb6JjhyP1moR95Mz5zpOXZw
Tarneit Skatepark (Verdant Hill Reserve),ChIJy5pBLTiP1moRdrR5_ge-SRY
Water Play,ChIJ7R6mUcSP1moRFIwK01Fn7sE
Crilly Street Playground,ChIJRVc7ch-P1moRi2Ziyf1MaRg
Verona Drive Playground,ChIJZ1NCXg5Z1moRN5B6OUcKaak
Railway Line Linear Reserve,ChIJWVyh7u311moRVQcQqLd9pDs
Think Chienguon Reserve,ChIJ4XEggA8YKWsRtm_g_FBN9rs
Adams Reserve Playground,ChIJR6Bw6VFF1moRMLpY5RGVpG8
Koala Conservation Reserve,ChIJB6p56FDs1WoRkOdCFKV5BQ8
BIG4 Traralgon Park Lane Holiday Park Visitor Center,ChIJKaFk0kYXKWsR6tLHID8eNtE
Stott Reserve Playground,ChIJhx-tWoRE1moRC_rZS1UOL44
Wood Park Playground,ChIJp6K40H4XKWsRta44k_il36U
York Park Playground,ChIJn94V2WlF1moRTBEpgudjFrk
Park Playground,ChIJtXCUp_gXKWsRr21TETC1ELs
Newman Park Playground,ChIJXWzjuP0ZKWsRTaOxX1NvFD4
Holey Plains State Park,ChIJSVyDw9nULmsRwKtCFKV5BQ8
Stockdale Fields Play Space,ChIJ77TF888ZKWsRDA_vSFAXdtQ
Park Playground,ChIJGxb5CgEYKWsRE295nviehFQ
Lloyd Park Playground,ChIJE0_KquwXKWsR98QsIBmwmyk
Glengarry Skatepark,ChIJd60Db4QhKWsRRp2hu289edM
Toongabbie Recreation Reserve Playground,ChIJJwA7CLzfKGsRBj5zs8uPuUQ
Park Playground,ChIJabhl3wAYKWsR3rF6dwk7qgA
John Cain Memorial Park Playground,ChIJI_S326tF1moRnX5Yo96FTy4
Park Playground,ChIJvfdmsNYZKWsR4_2h91vwN90
Apex Park Playground,ChIJt0HCFEEhKWsRRR7w2pwnMis
Sir Frank Macfarlane Burnet Reserve Playground,ChIJGdWelnEYKWsR-x0WWZIS2Pk
Park Playground,ChIJKyCQ3Z0XKWsRosv9bVOJZBw
Park Playground,ChIJD2dH0hoYKWsR34CD7PYM3Fw
Park Playground,ChIJO2A-rAcYKWsRE9DzmnBEgUU
Park Playground,ChIJn0aDyYYXKWsRk-ehS-ZPonk
Park Playground,ChIJn2XTxCkYKWsR7bTCRN9OeQc
Allan Sheppard Reserve Playground,ChIJjYINxIFF1moRIQ1AOG64yJw
Park Playground,ChIJj3iAACsYKWsRVP1gZCm56Xo
Rosedale Skatepark,ChIJF3oHTwQpKWsRdbFgTCG__yA
Toongabbie Skatepark,ChIJ8c--7VDfKGsRYjfQk1J4mwM
Rangeview Avenue Playground,ChIJX8tQ4iDbJmsRnzH3Jg6Idqs
Yarrunga Playground,ChIJr1Fnf9XbJmsR-MnWNVuTUTY
Queen Street Playground,ChIJfZmm-jopKWsRO7tNAvjq_Pk
Gormandale Recreation Reserve Playground,ChIJGa7k1uU7KWsREO8q4T9gvWM
King George V Gardens Playground,ChIJmX_mJQHbJmsRZiKMjQ7P2tc
Water Play,ChIJEy1jn8vbJmsRtC9Tym3njws
Ryan Avenue Playground,ChIJfQ20_cHbJmsR4uQmgNsrPww
Murdoch Road Playground,ChIJ__9vyYfbJmsRVo8PW-0PxMI
Apex Park Playground,ChIJMbpKianbJmsR1vsD7f1OMDI
Hinchley Street Playground,ChIJPzjUPUrbJmsR3ED9VFz_gmY
Brien Crescent Playground,ChIJ____3tzbJmsRlwNOS5NXp_I
Heyfield Skatepark,ChIJa0hImenRKGsROzigQCTni2c
Chesney Vale Ride Park,ChIJ5_YhDPIZJ2sR2bSCCRPRQZw
Glenrowan-Myrtleford Road Playground,ChIJ9XvikdDdJmsRDKTiKKgceg4
Town Hall Gardens,ChIJicJRd3GxJmsRYAhDFKV5BQ8
Mitchell Avenue Pump Track,ChIJGwEakFbbJmsRyTVgA1Jp6rQ
Wildflower Walking Track,ChIJxXFf3J4ZJ2sRdEI1aAV-azA
Linnear Park Playground,ChIJNQxTQe9NzWoRmVbKgQqed_Q
Paradise Falls,ChIJXxgI1G9ZJmsRb-QYD2xwwbE
Chick Hill Track Trailhead,ChIJx0KsITXfJmsRLRXoEJNZmfY
Duck Pond Campground,ChIJbeb6dNghJ2sRdVCEvtqhh3A
Mahogany Gardens Playground,ChIJWXtrd49NzWoRw-EnACocj-Y
Whorouly Recreation Reserve Playground,ChIJg3fFHRC_JmsRzAIBQPwVcmE
Platypus Park Playground,ChIJs2TyPK1NzWoRZgByoc0rjmo
Greens Hill @ Winton Wetlands,ChIJKaLHMzUZJ2sR_rP7KajlF3Y
R.D. Egan Lee Reserve,ChIJXZhyGUg81moRQhI2BtsajWg
"Victoria Park West Playground,",ChIJNb-VqpdNzWoR759KPWBjNIg
Victoria Park East Playground,ChIJEWMDEmRNzWoRDErWHXM5BcI
Bungeet H89 Bushland Reserve,ChIJVSk41y0jJ2sRXatSUoySQ_M
Queen Victoria Park Playground,ChIJrW_Lu5KxJmsRp3OmaR46has
Wantirna Views Care Community,ChIJkfobqAM81moRdVJ0k9Gjg_I
Natalie Court Playground,ChIJ81qKWCZNzWoRX5q4wqvHT9A
Barkly Park,ChIJAUSSAbswIWsRyhMa_t19mBo
Warrnambool Community Garden,ChIJ8YSEbYNNzWoRxBEwfYU_QaQ
Jubilee Park playground,ChIJa8KmBY5PzWoRFVlefwKUqEk
Shrader Park Playground,ChIJbVmNxAdRzWoRxgXcv_MsI88
Village Park Playground,ChIJGaPOOqmF1moRI1BvkdQdG3U
Koroit Skate Park,ChIJMwkMFpVJzWoRIFNsR_xH0Og
Water Play,ChIJqSgkGGGF1moRkoT5Nbt4lF0
Toohey Estate Playground,ChIJqR5WPtlNzWoR9bnokGCIt6E
Barton Court Playground,ChIJx6F6zxRMzWoRPIk2qQN5gig
Shoalhaven Street Playground,ChIJ_6F3oZCF1moREVeLurg6Fvg
Pappas Drive Playground,ChIJI73m7N5NzWoRWkA53R36kFU
Dennington Recreation Reserve Playground,ChIJD9dMd5FLzWoRJCelvl3UF3c
Eldan Drive Playground,ChIJA-KZO3mF1moRY5BMcjOeu6M
GG Payne Reserve Playground,ChIJHx1NpKtLzWoR6k7aHIEA5Jo
Conquest Park Playground,ChIJb_ZbuSGF1moRLOhfnG9mwLE
Wilson Reserve Playground,ChIJr_MifqKF1moR35-5hegwkqA
Outdoor Ping Pong Tables by POPP,ChIJH5MyekuF1moRjH8AIk2yS8g
Paisley Court Playground,ChIJX2qTh9aF1moRgLiNuOtLU7A
Federation Trail Trailhead West,ChIJGS1f5MSF1moR7eRjd7WHPY4
Werribee Water Tower,ChIJ8ViOsCOF1moRTBdX4Rh1fFs
Thames Boulevard Playground,ChIJv26OQlWF1moRzy4Ugk6_lyc
Westleigh Gardens Playground,ChIJxzZy4hWF1moRi2OIL4YNpdo
Lough Way Park Playground,ChIJJ4DBP9ib1moRe72c990rfL4
Chirnside Park Playground,ChIJB7zOiHyF1moR47KfL5R54v0
Heathdale Glen Orden Wetlands Playground (Rosella Ave),ChIJf6VNGguF1moRAwB7sU2D4bg
Joseph Lanyon Reserve Playground,ChIJl6KWjlOF1moR2s7efgV-6EA
Werribee Bicentennial Bridge,ChIJv29TgLmF1moRX5GFcjMsiwQ
Macquarie Drive Playground,ChIJZWCuDHiF1moR-_M3V4kgPqg
Galvin Park Playground,ChIJN9gkVlWF1moRdtZB8FK31PM
Werribee River Trail Path,ChIJpUiC8y-F1moRIkMzmf-nxaA
South Ring Road Easement Dog Off Leash Area,ChIJc6J-Ta2F1moR151Kz-bazvs
Jumping Pillow,ChIJ9QtA8yWb1moRYVrlBR9EXdU
Parramatta Road Playground,ChIJhWGMuWOF1moR9PrBMSSmjuE
Heathdale Glen Orden Wetlands Playground (Kookaburra Ave),ChIJl5y28miF1moRpncdssSn_3c
Max Gray Park Playground,ChIJVbSJyB1ZIWsRSssPzDWj6xg
Jim Matthews Park Playground,ChIJ8WfdKkpZIWsRt4xSgpVgyXs
Kelly Park Playground,ChIJT44Hk4xZIWsRVORtklmwl80
Herb Harris Park Playground,ChIJ2XjWTepZIWsRnQr95XXqjp4
Hicks Reserve Playground,ChIJOW20ULhZIWsRrmWr-iNe6E0
Rex Chamberlain Park Playground,ChIJnRrb0PBZIWsRah2LIyiWEwk
John Potter Park Playground,ChIJE_v_FtJZIWsRsDRfGH-N4SE
John Byrne Park Playground,ChIJtdSapf1ZIWsR1qqdzUV0YN4
Les Stone Park Playground,ChIJO_hf4FFZIWsR5B7hmd6qWzI
Diamond Park Playground,ChIJ_RekRIBZIWsRqJXf8PAKATs
Principal Park Playground,ChIJ1ztGw7OF1moR8kfkVjhwvls
Outdoor Ping Pong Table by POPP,ChIJg2aQTIZZIWsRH71qyt93zVY
Alma Rogers Park Playground,ChIJp3NSQQ9ZIWsRpwb3it5dD6Q
Wodonga BMX Racing Track,ChIJtZchxCZZIWsRrZ2ZhdoB6wk
Boxer Drive Playground,ChIJcQwsX46F1moRHx-xQO8U5a0
Burgundy Drive Playground,ChIJzVVmREGF1moRcDtgJU_jJCA
Peter Frawley Snr Park Playground,ChIJZQR9SClZIWsRvq7-udc4j9s
Ernest Condon Corridoor Playground,ChIJRyY6pNZZIWsR9r2cgWp-mP4
Jubilee Park Playground,ChIJtxYg3c6b1moRAZcq9u1p1jU
David Bayne Park Playground,ChIJsSK8XAZZIWsR_mDY3uYK39s
Hindmarsh Drive Playground,ChIJFZpWShCF1moRZge5JUSrN_g
John Aney Park Playground,ChIJR84uJ0NZIWsRayoNrQMpH0I
Marimba Park Playground,ChIJmUpWZkZZIWsRbd7O-jzr5QM
Phillips Street Playground,ChIJ0UUNWw9ZIWsRVP7rAIDPI64
Arthur Dunstan Park Playground,ChIJoYLpFXJZIWsRU22naPH0_TM
Diversion Weir Dog Off Leash Area,ChIJ72CqSiCF1moRQW3Mv7cJ9EA
John Schwind Park Playground,ChIJka0qko1ZIWsR-8C1dJDH4lw
Water Play,ChIJXbb0NpSb1moR5FboYjmqbj0
Wyndham Vale Skatepark,ChIJy60n3cuF1moR9Oe_2LV7r1w
Henry Nowik Park Pump Track,ChIJ13EcDoVZIWsRSi8TvPmefjM
Wodonga Carols by Candlelight,ChIJPQKDUKtZIWsR52ZXVYyz28M
Pierbrook Park Playground,ChIJjaPZdbCa1moRmMGKZSFDNMk
Avondale Drive Playground,ChIJQxpySoVZIWsRPp70_1JT2Cw
Walter Cottrell Park Playground,ChIJf6rGKJpZIWsRANr0_nsWOFw
Martin Park Playground,ChIJt5GAT7JZIWsRfHNhInPe4KM
Kiewa River Walking Track North,ChIJr_FFHj_iI2sR4rLUSi0-a5g
Gordon Craig Park Playground,ChIJbSjtBOFZIWsRc3lWFgSoDSg
Barrabool Boulevard Playground,ChIJq0bJERWb1moR9wCmRYGZRzc
Wetland Reserve Park Playground,ChIJrWxChQyb1moRSahRyZsBBB8
Carinya Park Playground,ChIJScswoZeb1moRQPQpf5J9Bx8
Fletcher Park,ChIJ12y2lo27MioRclAPkrbuaoc
Chelsfield Park,ChIJaW0SC7WVMioRL4C_yFUxsbE
Elephant Rocks,ChIJpbAJKkJiOSoR72u7WNEdfI8
Cornerstone Raffles Walk Park - Peet,ChIJsUp-iXub1moRd33Kp6BUtjk
Campbell Park,ChIJqfctYA2WMioRtNctcxOAEYI
Bibbulmun Track Southern Terminus,ChIJoxQ0mP8nOSoRM7shqfP59DY
Kanyana Wildlife,ChIJR3IcV1DHMioRCAxAW8uO7ks
Mambourin Skatepark,ChIJcWEVEu6b1moR5DUhJ_EV95w
Two Peoples Bay Visitor Centre,ChIJMcpulAHFOCoR45-T3T_-E7w
Outdoor Ping Pong Tables by POPP,ChIJpZ10wLGTMioROHMgy8BC5lA
Outdoor Ping Pong Table by POPP,ChIJBbDxRLCTMioRJUJHlO0EDwc
Christina Street Reserve,ChIJ_TQSkE39MSoRXXMernvSohc
Outdoor Ping Pong Table by POPP,ChIJqaxjLB8dLioRBNE5aFdZFTU
Christina Park Playground,ChIJSYuT56z9MSoRIxRM_UXtGes
Bethanie Maali Social Centre,ChIJKZFERXgdLioRhMY8Xkcaw2g
Primal Archery,ChIJ8cjL-j9HLioR6VGLBQImMVU
Aquatastic,ChIJfdvTOwevMioRK44_EG-1i_o
Sunstone Park,ChIJkaoGEZ-XMioRvgSuZBEOV4U
Jandakot Regional Park,ChIJc4HKO-SXMioRJFerLsQVuzY
Duidgee Park,ChIJ3edoTLTVzCsRcGmLBzn2AA8
Nicholson Road Wetlands,ChIJAeBnzEaWMioRpgnihVFmhhc
John Forrest Park,ChIJIU3eJw1H2isRasdoFL_fT8U
Bayside Park,ChIJdy836SxJ2isR7IVNGfmUYuQ
Chapman River Regional Park,ChIJu-TsH5tF2isRoszamp7QHaw
Coxswains Crescent Park,ChIJqXoeWxJH2isRWHtOVbjGWrE
Geraldton Foreshore Playground,ChIJ8fk_LE5H2isRtx39oBDRBP8
Outdoor Ping Pong Table by POPP,ChIJY3Lk3NxH2isRY9lba-8RMAQ
Midalia's Beach,ChIJYaBIdExH2isRB9OautXMUjc
Donor Awareness Fountain,ChIJS1HwkTdH2isRKL2k3NDZFLk
Leonard T Green Fenced Dog Park,ChIJydYOA7dH2isRHNG5EzN7vJ4
Fred Jacoby Park,ChIJhXQyVJjDMioRvTp8IKDpEWg
Governor Rd Reserve,ChIJI2Ymo6ScMioRZ4HYRNvwARo
Renegade Reserve,ChIJv98BjWyDMioRLqJEZsafl4E
Child and Parent Centre Westfield Park,ChIJqb5JYlOVMioRfhYkFYVgCyQ
Coolgardie Camel Farm,ChIJR7PYb4ERTSoRAODCl6wtOoU
Kybra Mews Reserve,ChIJG39-25uDMioRE0M61RWYee0
Broughton Way Reserve,ChIJaZAQIgiDMioRh7FLTAkZGlY
Houston Reserve,ChIJgQ0GGJ2DMioREApRd8mhCb8
Hercules Street Windbreak,ChIJ7zeAyaSDMioRAFu-cplkwno
Antilla Place Reserve,ChIJLTKMvJmDMioRNPBYRyAzeJA
Hillsborough Reserve,ChIJR-OhvSGHMioRwVUztn2wPdM
Willow Way Reserve,ChIJ_xg_BpeVMioRo03yzq5-zW8
Herdsman Lake Regional Park,ChIJK_6DJnavMioRnSfaN5Zd8dI
Benjamin Way Reserve,ChIJ41BYJkCDMioRC5GdR7ssZtg
Sepia Court Reserve,ChIJAwXRaJODMioRhgVrKeFZI-M
Stanwell Park Children's Centre,ChIJL_oaJsXdEmsRpotxjraRHmU
Escape Reality - Escape Rooms Newcastle,ChIJ39oVjqwVc2sRYVDENl2Ygp4
Timezone & Zone Bowling Tea Tree Plaza,ChIJfwb2TPO1sGoRGaK9BA16IPs
BOUNCEinc Gold Coast,ChIJEfw0xggDkWsRV2VAlg9Noms
Timezone Elizabeth,ChIJmeMP7w2tsGoRcmDiT7MbJA0
Zero Latency VR Adelaide,ChIJzWnJuX3PsGoRJSoRGfvXI04
Smith Street Child Care Centre,ChIJcT5NPKgZE2sRvTG0VdrPZZs
Newcastle Showground,ChIJN32SBLAVc2sRsDXz-Wh9AQ8
Cawley Park,ChIJw9M1SOAeE2sRUGXy-Wh9AQ8
Basket Range Cricket Club,ChIJy0DobQA1t2oR1fa43Fx1zXU
"Timezone Woodville - Arcade Games, Laser Tag, Kids Birthday Party Venue",ChIJo9a4VeTHsGoRA1PLwmIhqOs
Escape Room Melbourne (Flemington),ChIJb6hzXR1d1moRsPaT8Drt-T4
Kentish Community Services - HQ,ChIJlW5NNeqiwCwREq1FmCTNVus
Callington Oval and Recreation Centre,ChIJGX2hwx0Wt2oRD6mHoxSzqsw
VR WORLD Melbourne | Virtual Reality Escape Room | Virtual Reality Arcade,ChIJezy1tUxD1moRFWQlxFRmt8A
ESCAPE THIS - Northbridge,ChIJz1swtMq7MioRK1T3LJ3YygA
The Entertainment Bank Pty Ltd,ChIJP4HiOQq8MioROVoTuvJGu3k
Red Herring Escape Rooms Crown Melbourne,ChIJqerLOmRD1moRDAaAaJ8BHik
Challenge Hill - Woodhouse Adventure Park,ChIJRQBKMfwzt2oRzIwnuBdhvP4
Bentley Hub & Child Health Centre,ChIJR4kivly8MioRzUevsckumrY
Kinship Connections,ChIJ9d9bOfm7MioRvAomqITSWxg
Play Therapy Northern Territory,ChIJb5pOUdiTwCwR6pnfRu8D7yc
Stirling jump park,ChIJWesOiz4zt2oRNvD0bIAPsHo
Betty Preston Reserve,ChIJ1YXbT8jJsGoRW33ox0mJ1u8
Variety – the Children's Charity SA,ChIJi4Epq3XPsGoRsXJsdkVUuYc
Little Park,ChIJe-sb9ocUE2sRIHny-Wh9AQ8
Crew Park,ChIJ-YQm5fMTE2sRsxkkmyllD8E
Tube Slide - Woodhouse Activity Centre,ChIJrUCiICIzt2oRxeEWwjEybJE
Mayfield Early Education Oakbank,ChIJeTIsnxo3t2oRrA5eHw20-7k
Community Hall Garden,ChIJC_wp5PQxt2oRmZXh6x_l1dQ
Kent Street Weir Park Playground,ChIJj3URmUm8MioRC0LKH6Ehhd4
Hooper Bunkhouse - Woodhouse Adventure Park,ChIJGTCEhEIzt2oRWadlO2eK2Io
Henry Park,ChIJbzzRYssVc2sRoBbx-Wh9AQ8
Springloaded Newcastle,ChIJj7uL_nw9c2sRei8QS7e7RX8
Learmonth Park Playground,ChIJsZIi20oUc2sR04qnu5t5MwM
Wickham Park Playground,ChIJne0SzVYUc2sREgTCf-alc-0
The Lake Macquarie Variety Playground,ChIJd88TSn08c2sRo4xWv1JoRK0
Water Play,ChIJVyDCBjdD1moR7dqROPTtt7M
Medowie Lion's Park,ChIJz4gV-vJvc2sRPtEDVgaGotk
Outback Adventure Park,ChIJbystkmLKsGoR2dzyIOor8LE
The Ngurrungurrudjba (Yellow Water) Campground & Caravan Park,ChIJT956u24ruCwRwXnqCrQsdBA
Moorlands Park,ChIJMfyzYxJRkWsRWfVHtKK6uU0
Morialta Falls,ChIJ4xI3ErjKsGoR_KiKn6IvcCg
Tarnasey Farm,ChIJi5vvUkW5umoR_yrtfcAHp0w
The Farm Shed Museum & Tourism Centre (incl Matta House and Kadina Story Museum),ChIJU93-Vj68umoRIPCtb06syoI
Playground - Blackwood Hill Reserve,ChIJ9QYyDgjRsGoRHyzYmqEsrDI
Mainly music (Salvation Army ),ChIJjZYeWeXOsGoR0nuXkJxpDnM
Breakaway Farmstay,ChIJocUZD0lasWoR8Ouna4j7QHI
Ingle Farm Junior Soccer Club,ChIJ6Xon19W1sGoRP-YW-9Yh8UA
Ossie Goldsworthy Reserve,ChIJaeaLPqbRsGoRQAa6RVU2Aw8
Hunter Valley Sunflowers,ChIJ1epRy7tFc2sR7fW0vDIXaqw
Hahndorf Farm Barn,ChIJq3NKox0xt2oRfjLD5L6d7Dw
ADORE Alpacas,ChIJeUoej74xc2sRepSA-npgbkQ
Farm Visit,ChIJpWVXJLCZdGsRkZYwqt41o24
Grace Springs Farm,ChIJ6TRaFVouDWsRvvioWk4eaD0
Miniature Goat Breeders Association of Australia,ChIJoSDtJ5kkkWsRoe5f-La5Qds
Pine Crest Orchard,ChIJ_yzk5hiBDWsR_Idj4l7oQRM
Kindifarm,ChIJl7e7n0FfDWsRWxhyzK33A7s
Farmborough Road Public School,ChIJ297r35UQE2sRxLzUHooRayc
Abbotsford Farmers Market,ChIJuXQMc-RD1moR-NbYR2wH9Z0
New Farm United,ChIJpYWV9ydakWsRBzwPkUryvcw
The Funky Farm (Bookings Only),ChIJ6Q6gBdjn1WoRx3dwaxxX0YU
Children First Foundation,ChIJ6wk4oiVd1moRhNhYz7DOtVU
Benmar Farm,ChIJqzV5ijjodWsRJvsRBs91iFY
Spectrum Plants,ChIJtblNGVYWkWsRJ-m3FHJTlX8
Edge Early Learning Elanora,ChIJ6_ZycksCkWsR6Kt84oaxsMk
The Good Life Farm,ChIJpztJ1d0pKGsRnOrXrN3E1_U
Grassroots Early Learning Centre,ChIJaXnysMsXkWsRX6qmXsguvqI
H&N Strawberry Farm,ChIJXxMgY0SzMioRSeHBgyfw3GM
Lavendale Country Retreat,ChIJESHhyCltMyoRsr9Z8JhoBO8
Kien's Strawberry Farm,ChIJXedxOWGtMioRzg9Qqyp3J78
Eco Passive,ChIJfwLhO9STwCwR7JSxE8FutlM
Kingsford Smith Park,ChIJz6v8bE-vEmsRfwQjXh88000
BeeZee Little Kids,ChIJy9I3VDyxEmsRfEOB07eIep0
Only About Children Chatswood Railway Street,ChIJs84E8tOoEmsRTsNm4VX0ipw
Camden Kids,ChIJsUaHIcPwEmsR9NQv6ALUNlE
Sandringham Reserve,ChIJuRN-AEbFsGoR7RerwAfrpgg
The Crescent Reserve,ChIJ6wptg_zPsGoRQ1QEvngmSY0
Lindfield Avenue Reserve Playground,ChIJac3Zl9DbsGoR7owM9JVqY0E
Eurelia Road Reserve,ChIJ7XNZ8rPZsGoRn9MnYR51AA0
Central Avenue South Reserve,ChIJTeQhQubYsGoRE8p7wHOnNiQ
Stanley Street Reserve Playground,ChIJXeJCT-7asGoRZ_e4ZzlpvkE
St Andrews Crescent Reserve Playground,ChIJYzGP__XbsGoRvVqifJ57qv8
Sandery Avenue Reserve Playground,ChIJMXIqR1LbsGoRr2xX1AZhyZc
Britton Street Reserve Playground,ChIJoZ3eNevFsGoR65fAWmKwVxY
Donald St Reserve Playground,ChIJxa9DNT7QsGoRtcxrni2CPPA
Freedom Park,ChIJMz2S2OalsGoRw_-rhU_48ik
Halsey Road Reserve Playground,ChIJ3xAqpYXFsGoRzgo2LKy5Nvo
Playground - Helenslea Avenue Reserve,ChIJX38kjpPFsGoRhH9GtT2YvBo
Susan Wilson Memorial Playground,ChIJXYke1JX_n6oR82k4JRIBHhU
Reay Park Playground,ChIJM0gVqbUXc2sRo_iffkwkdpg
Carrington Street Reserve Playground,ChIJHx2nElE-c2sRTt_rizMlzMk
Lugar Street Park Playground,ChIJg3w9Yvo9c2sRolsQHs5BvmQ
Novocastrian Park,ChIJww2wifAVc2sR0Jnx-Wh9AQ8
Awabakal Park,ChIJY2mT7QIVc2sRwAnx-Wh9AQ8
Pilkington Street Reserve Playground,ChIJpX92BCo-c2sREG5OK3SuDIM
Neegulbah Park Playground,ChIJww-IvDc8c2sR7sVJbeX5xm4
McCauley Park Playground,ChIJISqsIFVAc2sRFcymNAWBFPI
Minmi Reserve Playground,ChIJY6s41ic_c2sRL77qgZEwRwY
Gibbs Brothers Park Playground,ChIJ3ao7nywUc2sRzWBc70AKNDU
Rushton Park Playground,ChIJY5Q26kE-c2sRPeO23qXW3FE
Gross Street Reserve Playground,ChIJj6ALafsUc2sRjAv32B14WTU
Awabakal Park Playground,ChIJ52PFigIVc2sRf65Dr5YnNlI
Connolly Park Playground,ChIJewDLBfYUc2sREFg-6JlEd38
Kahibah Park Playground,ChIJudLxLhgWc2sRKBWax6amDow
Grahame Park Playground,ChIJq608dfQUc2sRY-CF59Uei54
Hillsborough Playground,ChIJpS4gYcA9c2sR2a6VqtFkfzU
Hillview Playground,ChIJzV9PZIMVc2sRfM11AiA24_U
Grange Avenue Reserve Playground,ChIJ_7GW064_c2sRnsGp1953tWo
Cameron Park Playground,ChIJkZpKMpkVc2sR59RXUJYXBoI
Willow Close Reserve Playground,ChIJ8923em8-c2sRwMsvF3Ujn4E
Northcott Park Playground,ChIJL8pSW9A_c2sRNEQuzBWfWQc
Carrington Foreshore Playground,ChIJ-Smu0vYUc2sRfLV0XVc95AM
Lakelands Park Playground,ChIJKyh0c1Q8c2sRkR76rQOR1vo
Dixon Park Playground,ChIJX8KVqDoUc2sRGUCAeQmos0w
Lambton Park Playground,ChIJeUhFeYUVc2sR4lOvcvfO_Sk
Stevenson Park Playground,ChIJhd41JkAVc2sR0FyYe6tAgSs
Cowie and Usk Street Reserve Playground,ChIJL-O0AhkVc2sRmDr9PF-twe0
Warner Park Playground,ChIJi4WslPk8c2sRlEEPSGUTztI
Avon Street Reserve Playground,ChIJWZJczB4Vc2sRX_-TwyjCCaY
Federal Park Playground,ChIJJV0cmE4-c2sRZQl2wObh9-8
Gwydir Park Playground,ChIJaQlgso0Vc2sRly7xfJLood0
Gregson Park Playground,ChIJA2-qErIVc2sRL9eNEXPkk6w
Hogue Park Playground,ChIJA6naUPgUc2sRUpASmhD9Kzc
Vermont Place Park Playground,ChIJqe0Ca6k9c2sRemXsXZmDDCg
Minmi Park Playground,ChIJB0gg0tc-c2sRcreZGZqrjhE
Beauford Avenue Reserve Playground,ChIJ8SX1Maw_c2sRnGgEsAV0zUM
Harold Myers Park Playground,ChIJG5vLJs0_c2sRxdA1vn_lNfY
Braye Park Playground,ChIJqZ5-dnYVc2sRBv0vcCGW1bo
Coe Park Playground,ChIJIzyTM18Uc2sRlgVMZpZN8mw
Elermore Vale Park Playground,ChIJD70oCGs-c2sRGl3KeYf4nTg
Nesbitt Park Playground,ChIJv-8KVPg9c2sRlUfcSqryEwU
Corroba Park Playground,ChIJB1LcZqEUc2sRJPUvgOHkr0g
Beaumarias Park Playground,ChIJC4GF3Eo5c2sRLUyRIHnVvkw
Winding Creek Playground,ChIJJWMnvSw8c2sR9qDjNBM1qGM
Kurraka Reserve Playground,ChIJHSjkjhI_c2sRXxw48mKOTSM
Regent Park,ChIJ9zDdD_IVc2sRHOwqdl_qWkQ
Wilkinson Park Playground,ChIJv5hITM49c2sRWVFckS6L7cY
Cressington Way Reserve Playground,ChIJPys0rzg-c2sRhOM6_g7jcRc
Gregory Park Playground,ChIJb7bgfWc5c2sRCgq9oymJgEo
Coolamin Road Reserve Playground,ChIJ2-yR258Vc2sRqzaj1UNVjbc
Country Grove Playground,ChIJLYRbyac-c2sRwDJfaIaiqTs
Murabarnbah Park,ChIJ4cDbkBI-c2sRbtL6OcTlQwk
Attunga Park Playground,ChIJyUtVP4o9c2sRaLWMm1v3UZs
Blackalls Park Playground,ChIJiyK9ZLMkc2sRPVxtfy-_118
Morpeth Road Reserve Playground,ChIJL_05PZ0Vc2sRvNEn0pdzHTU
Breen Park Playground,ChIJ52erLIUUc2sRAimb_0_LBU4
Gertrude Street Playground,ChIJtRut-rM9c2sRcSgmZSFpuiI
Belmont South Playground,ChIJLxYz-_0ic2sRg8wpAvCdZ2U
Pelican Foreshore Playground,ChIJAT7r5Lcjc2sReA2A3DtgXvM
Gibbs Brothers Park,ChIJhQLDZisUc2sRasWfG3uhu58
Harold Myers Park,ChIJg4SL68w_c2sRvM1CXDUt00Y
Bull and Tourle Street Reserve,ChIJpaKqUhYVc2sRjYVFH3PyvtI
Highfields Parade Reserve Playground,ChIJxZyXtxEWc2sREUrocQdBYU0
Swansea Playground,ChIJscreEGchc2sRketpag5Ty4s
Tallowood Circuit Park Playground,ChIJOb_sC5g9c2sROvwwZphmeYk
Bill Bower Oval Playground,ChIJFfNGSyY8c2sRf3cgLDppiF0
Wallsend Park,ChIJW3Zx6EQ-c2sRUJnx-Wh9AQ8
Spinnaker Ridge Reserve Playground,ChIJfVZMwygjc2sRqgqN6gmEk0M
Tarro Recreation Area Playground,ChIJxVCdhlJAc2sRFUycgATO2d4
Coe Park,ChIJh_bYM18Uc2sRzEQ1IhqTgkU
Thomas Percy Oval Playground,ChIJy-NZznkVc2sRmdsN5cfT480
Claremont Avenue Reserve,ChIJcyKfn1oXc2sRFObAz5kIQrE
Forest Hills Reserve Playground,ChIJpxxoP-g9c2sRk5WiqNOchHM
Lynn Oval Playground,ChIJHxPGUpsUc2sRTUrZmw5UOGI
Johnson Park,ChIJHYYLk5kVc2sR4RRpmF9JdQk
Vera Wilson Park Playground,ChIJ0-aM-6lBc2sR23MkT_hy6oA
Braye Park,ChIJi4m_R3YVc2sRcDTy-Wh9AQ8
Nesbitt Park,ChIJZcZmRPg9c2sR-43phX3TnvA
Hogue Park,ChIJQY0BV_gUc2sRK-4w9uWDHxk
Banksia Close Reserve,ChIJmxjtPgwWc2sRLb_XWEjZNf0
Cook Park,ChIJBylC-c4_c2sRHDEplnDAjxw
Hudson Park,ChIJDYe3pQcWc2sRAKTx-Wh9AQ8
Breen Park,ChIJCRYU05oUc2sR1LAbcqLQ1dM
Bernie Goodwin Park Oval Playground,ChIJ0dPuRl0oc2sR6Vm65hiFkFY
Regent Street Park,ChIJ2cCp540Vc2sRXRcnBMP2Y_g
Woodward Street Reserve,ChIJy3hk9tIVc2sRQJ1g7JJuuVs
Bolton Point Park,ChIJCfraVFUjc2sRFTrh42rc6r4
Litchfield Park,ChIJyyDYJAIVc2sRD4xvqgFeuN8
Toronto Lions Park Playground,ChIJke9Hh7Ikc2sRALnx-Wh9AQ8
Myamblah Crescent Reserve,ChIJnzR9WtEVc2sRkBjx-Wh9AQ8
Cowie and Usk Street Reserve,ChIJoQHH4hgVc2sRmT6if5YNWns
STUDIO2 PTY LTD,ChIJS8rVKhEVc2sR8zk12FtupIw
Ford Oval,ChIJ_7T2ypYVc2sRedtxUpLTAik
BMX Track,ChIJzyV7zqo-c2sR1Vl5zX_ysck
Playfall,ChIJaV01Gfl1mmsRd7xQF3EzL4g
Holborn Park,ChIJ4ZI0d9kQE2sRmF45FbTnnA0
Mount Kembla Park,ChIJpZQDrmUaE2sRBGDmDGpNWzY
Charles Harper Park,ChIJ33oLET3dEmsRwznLZC9aRwo
Cringila Hills Playground,ChIJA3cgpbQXE2sRmViff-_JA9M
Sheargold Park,ChIJx6Cr6J8QE2sRnlf9cU5iCag
Central Park Wollongong,ChIJ67mmGqkZE2sRieSJjhIFGDg
Mandalong Oval,ChIJI-Px9sYVc2sRG51tLWJtxFk
William Beach Reserve/also known as mullet Creek,ChIJuVEOhggRE2sRZgCf59zrDno
William Beach Park Playground,ChIJGUReJEkRE2sRavL1FVEWxPU
Rawson St Car Park,ChIJXwlP96MZE2sRQtbdU5h3fMU
St James Park,ChIJcy9geg3gEmsRRdo6bDcTX68
Atchison St Car Park,ChIJfaURgL4ZE2sRGmc1Xc2TKS0
Goolagong Park Playground,ChIJO3kD1usTE2sRLIs9tomSt-o
Crown Street Mall,ChIJUSw146UZE2sRAVW4EZFHgvc
Cascades walk,ChIJOfpnW-VzE2sRtJabFX_zZoc
Dimond Brothers Reserve,ChIJ_yrlssERE2sRjYUnBNnq2Fs
Reed Park,ChIJ6UMSBeoRE2sR4HPy-Wh9AQ8
Laws and Hamilton Park,ChIJU6-p6tAFkWsREHZx2rY8lz8
Ed Hardy Park,ChIJOzMabWUDkWsRNoRAliLRj88
Rotary Park (Burleigh),ChIJW5HKOYUDkWsRTdHjNs3Vvfg
Bel Air Park,ChIJnQG5zUEFkWsRltxEhFj3LTU
Cuddihy Park,ChIJH_YZ4eockWsRwz0_9lWU3bA
Bruce Park,ChIJ4zHogygFkWsRQoy64Mpqq1s
Gambamora Park,ChIJ09Zg5zkRkWsR4Fch11ujAg8
Moya Egerton Park,ChIJZc1OrV8FkWsRESoZV8ZRW0s
Playground,ChIJH0j31z3fkGsRfFlYpcRRObY
Meriton Parking Broadbeach,ChIJ0btN4twFkWsR0kW4h9BVJd0
Roma Park,ChIJvbut164FkWsRJtHvWmWSQrk
Sons And Daughters Park,ChIJYakAU1IFkWsRKFIylguvAN0
Hibiscus Park,ChIJ22f12vkFkWsREkfSVNJABIw
Gold Coast Fishing Spots - Bauhinia Park,ChIJm_aYuzgFkWsR74HKrjLKjho
Bill Crompton Park,ChIJb2f8FTYFkWsRmowDAMQF84c
Corporate Centre 1 Car Park,ChIJpRxhikAFkWsRDM8oZmObEYA
The Village Park,ChIJOdr6RJkRkWsR8CB7LE92lks
Bochow Park,ChIJHW8lz1nhkGsRKuGbWDeY0bU
Victoria Park,ChIJD36bnrwFkWsRIqOiCPfuRnw
Faerie Park,ChIJP1qoTOsbkWsRCWDK_4UvJwE
Federation Park,ChIJKZ4IkcIFkWsRrK9gf6EevWo
Vespa Park,ChIJKdIIhAMFkWsR_Lwsho6sbOM
Hart Park,ChIJQctPbOUFkWsRQGtkAVdsJyk
Sweetgum Park,ChIJ8ZzB4EoFkWsRgQof2k5Vbzs
Apex Park,ChIJ4e_Z8FcbkWsRyvVmunvXQI4
Kokoda Memorial Park,ChIJ2QuKj9EFkWsRDb1p4Gv1R9c
Pizzey Park Skatepark,ChIJnf-uxegckWsRABIvITAClGM
Sir John (Jack) Egerton Park,ChIJYdOBinMFkWsRPSVuojpwQm4
Ulrick Family Park,ChIJlZMZ-f0FkWsRLtPjqIGwBas
Franquin Park,ChIJ4SHgBfoFkWsR1BGlPHO5x8o
Ashmore Village Park,ChIJjYZNRBcbkWsRRtrdsgvx-sI
Pidd Family Park,ChIJn5d55hobkWsRyHMf5JYwHFc
The Stokes Family Park,ChIJR1uLz3YFkWsRK4KKyVRAUN8
"Secure Parking - The Oasis, Broadbeach Car Park",ChIJSzozEcAFkWsR0Qmn36Qqisg
Sun Valley Park,ChIJyWCo77UakWsRkW9RPgay-x8
Mangrove Jack Park,ChIJGUuM-qARkWsRM9yZsflfKPs
William Park,ChIJOU9nkAIbkWsRphp43dDC_V0
John Davidson Park,ChIJeXMnl2wFkWsR2FdtJnIIys4
Benowa Park,ChIJ-VOfrnIbkWsRzMGgVjzZf2o
Lions Park,ChIJzfhZcQcbkWsRdtDF9MY-u0I
Austin Gilchrist Park,ChIJyQtgWhIFkWsR2v4Gpfq1YBI
Thorn Park,ChIJ14S1SyMFkWsRTezbEMS9Kuc
Markeri Park,ChIJDwRWit0FkWsRiAxq8WycXWE
Keith Williams Park,ChIJ30PE1BEbkWsR_wtqlAnyFEU
Plattel Park,ChIJpRg6Kv8FkWsRyj2PQSJRFRU
Gold Coast Fishing Spots - Sir Bruce Small Park,ChIJq5Xl5IMbkWsRXX5KVDK0sW0
Girral Park,ChIJQVct0MIbkWsRO8wP_sUtFr8
Moana Park,ChIJZ1DfPMgFkWsRBOfESiwru-0
North Melbourne Community Centre Playground,ChIJdYejZlNd1moR4LYUZvT0Rm0
Bunjil Way Playground,ChIJrR7vj91c1moRD-9O4d7dYQg
Kamarun Lookout,ChIJD4K5eLjekGsRZzuNCJ3BmnM
Gardiner Reserve Park and Playground,ChIJu1i8LZhd1moR1gloHIzYFRo
Eastern Reserve South Playground,ChIJDTMncVVp1moRYv0QFN3sOSA
Yarra Park Playground,ChIJf3y7tetC1moR-aNMwLDriBk
"Secure Parking - Karp Court, Bundall Gold Coast Car Park",ChIJk-nKQm0FkWsRe4duE-g0Lcw
Sol Green Reserve Playground,ChIJ6QyU8hdn1moRAGqdsi99JJU
Kym & Co. (Southport Park),ChIJ9_zbqq4FkWsRpzdz6YuEboA
Powlett Reserve Playground,ChIJ2V_y79RD1moRsZ1aqPMenkQ
Ludwig Stamer Reserve Playground,ChIJwbyD0Wlp1moRiRjUP9sbz-o
Carlton Gardens Playground,ChIJDe31GIBD1moR3Kli9zgPFgk
Bray Street Playground,ChIJU3bxp0Np1moR1-DkfSfEJxU
Caroline Street Reserve Playground,ChIJ_8-KiCtD1moR-sJn6_-FTrI
Debney's Park Playground,ChIJJQUhCZtd1moREmP-Z_Y5a6I
Grant Street Reserve Playground,ChIJURDNERhD1moR43FHsngQX7Q
Hawke Street Playground,ChIJr0K4s29d1moR4898d1RbYgA
Emerald Street Playground,ChIJscRZkDBD1moRhx3gqsJIUg4
Westport Reserve Playground,ChIJ88HOJKFn1moRfHpGgYHCdy0
Ford Park Playground,ChIJ-6ExsBBF1moR6zNRIOF5KR4
Langdon Reserve Playground,ChIJF7URDWxD1moRIP-a9dABIvo
Colin Street Playground,ChIJeT613WJr1moRMngauu5yVQM
Ronald Avenue Playground,ChIJSdU1UphH1moRqre0wcJtaq0
Wharfs Landing Playground,ChIJz578Y9hd1moR_900dszWs1Q
Jacoby Reserve Playground,ChIJE5h81aNp1moRk6yFsij1KRM
Cambridge Street Playground,ChIJywaox75D1moRDbuuN3yFrco
Hall Reserve (North) Playground,ChIJOfYYCLND1moR1aGTQnse4XQ
Perce White Reserve Playground,ChIJHa6v6whn1moRTPyoGXiLuQk
Alexander Street Playground,ChIJOWY8hUpD1moRtBHsgq6ZNk4
McNamara Reserve Playground,ChIJs1nbFE1D1moRBmMJpgWNFVc
Merricks Street Playground,ChIJKQMi0MRb1moRlgvwdOIkCZk
R.F. Julier Reserve Playground,ChIJM0iUdM5n1moRHRJ1AokA5O0
Ievers Reserve Playground,ChIJm_K3zq9d1moRTZOYA1wSRYc
McNabb Reserve Playground,ChIJWzSt-HNd1moRva7sney4rho
Melissa Street Playground,ChIJRSsznpZq1moR-83Ik6riG7o
Station Street Park Playground,ChIJr8zNxZtD1moRV4z7OyqC_WA
Watson Park Playground,ChIJtyGH_K9r1moRIhi3YSbYOZU
Playground,ChIJp24U0OZn1moRokrT-HhIXVA
Danks Street Play Space,ChIJK2BJRj5n1moRIE9kNkxiW8c
Fanny Street Playground,ChIJJUae8JNc1moRm7k1X4Eqp1k
Renfrey Reserve playground,ChIJbcXS6qJp1moRwewCDY4fJo8
Parsons Street Reserve,ChIJicX3XApd1moRhis8YMaya-0
Pakington Street Reserve Playground,ChIJvwPU0GRp1moRhMO1YDtcLTo
Hall Reserve (South) Playground,ChIJZ4EUVa5D1moRKED4zYA9QoQ
The Boulevard Playground,ChIJn_r-Q8dn1moR2DqekaUZLtQ
Bourke Street Playground,ChIJi03BNjVd1moRiBiLnNke-BE
Montgomery Reserve Playground (Hilda Street),ChIJ9WFZWBtd1moRCTzfaXko7d0
Cameron Avenue Playground,ChIJ1V7Hs9lr1moRblaVdbA9UC8
Ducrow Reserve Playground,ChIJEU0JbV9n1moRlXZwjUKY4Bw
Claremont Street Playground,ChIJJWqiD0FF1moRu4ra3LXq1Nk
Norfolk Avenue Playground,ChIJNy_vp7491moRbJaCrtuuICg
Berry Avenue Playground,ChIJ3Z2sQAA51moRzuMCYI-zHp0
Chetwyn Drive Playground,ChIJt7vq2XH11moR4SBLlUv8sDM
SJ Clement Reserve Playground,ChIJC15Ido5h1moRVmd8PjCUz9M
GHG Car Park,ChIJD7GpmaBD1moRHigYgVfbwZM
Gertrude Reserve Playground,ChIJS_llScJH1moRMJYLQww4wN0
Clifton Street Playground,ChIJaf35czQ_1moRSmpe8E-7Qz0
"Wilson Parking - 62 La Trobe Street, Melbourne CBD, VIC Car Park",ChIJd3B9AsxC1moRbBaP32dqRUY
Broomfield Avenue Playground,ChIJdR2o_uFD1moRsybHj_VvTLM
Tainton Road Reserve Playground,ChIJt3HZMcM_1moRBloav5x1p1o
Jennifer Court Playground,ChIJTelAQAdJ1moRnrFC7bXPHz8
Pipemakers Park Playground,ChIJ3VdmyeJd1moR05LCVyQfdfc
Shelley Park Playground,ChIJcWBkO3hG1moRCNroWxeybeA
Mark Street Playground,ChIJi9tpkhVH1moRuOJDLebKfCU
Coleen Street Playground,ChIJIQ6EOABH1moRfZJTRSAFJkQ
Victoria Park (West) Playground,ChIJPzEUKGhD1moR3O9xeaTalfc
Fordham Reserve Playground,ChIJIUcPX-Bd1moRhazl-snBlqg
J McDonald Reserve Playground,ChIJVQY1_qBh1moRZjebvZCRdzE
Loorea Court Reserve Playground,ChIJZWIHgUdJ1moRyZRZWXTdxjU
"Wilson Parking - 189 Queen Street, Melbourne CBD, VIC Car Park",ChIJubZZz4hd1moRudEhOz-Hv20
Shorten Reserve Playground,ChIJS01O8QVd1moRQjDRkezE8dA
Flemington Crescent Playground,ChIJwz_xzZ2F1moRk3127Lk14Q0
Tom Edmunds Reserve Playground,ChIJZ67b481d1moRvBYxOKXSuBI
First Parking | 34-60 Little Collins Street | Parkade Car Park,ChIJrwNmnMhC1moRxerqwT_WFOc
"Wilson Parking - 180 Russell Street, Melbourne CBD, VIC Car Park",ChIJneH7FVJD1moR6GJ5i4N3AKI
QV Wilson Parking,ChIJmxJyTHhD1moRWpVMdI3odd8
"Wilson Parking - 452 Flinders Street, Melbourne CBD, VIC Car Park",ChIJrUrIdU1d1moR3K2spHT5xN0
Mid Сity Arcade Carpark,ChIJLduBj8lC1moRmLMO5yb4HFE
"Wilson Parking - Grand Mercure, Melbourne CBD, VIC Car Park",ChIJNboIfrNC1moRddocevYOmM4
"Wilson Parking - Scots Church, Melbourne CBD, VIC Car Park",ChIJnV6hk9VD1moRdEEAZlrrtsU
The District Docklands East Car Park,ChIJ1eNpJGhd1moRZDv-yuPYoCQ
InterPark Australia - 140 William Street,ChIJ8Uu-x01d1moRXVba0oofi-0
"Wilson Parking 300 La Trobe Street, Melbourne CBD, VIC Car Park",ChIJg6iyo7RC1moR60UmvVd4Bvw
Pullman Albert Park Carpark,ChIJd_YVmBZo1moRIMtkoKunHiY
Lakes Edge Adventure Playground,ChIJhxl_1JIBzWoR4uPcCLH1a98
Siddeley Street,ChIJRzNtxVBd1moRcPiBzdKtA74
David Connell - Imaging @ Olympic Park,ChIJHQZc45VC1moRo06zSkD9JhU
Kings Park,ChIJ36ZqllFNFmsR2xE6eTUBpIA
181 Little Collins St Parking,ChIJl0pFHLZC1moRtnEcV7nngaY
Metro Parking Management Pty Ltd,ChIJpxKySEtd1moRsKqDb_GZPf8
Molonglo River Reserve,ChIJq4Jw55KzF2sRfVJJ01s8Zlk
Fenwick Park,ChIJr9yS_-ZXkWsRY9WGcQCzlr4
Gladys Street Park,ChIJWxqMT0RakWsRrSKGstCKy4s
"Wilson Parking - 126 Margaret Street, Brisbane CBD, QLD Car Park",ChIJXcqN2xpakWsRnuw49RdmQiM
Playground,ChIJ07DxRP1bkWsRWokiKeilRmw
Peron Crescent Park Playground,ChIJLRWIyE7lk2sRWF-qzW5tr3Y
"Wilson Parking - Blue Tower Car Park, Brisbane",ChIJvYvm4hxakWsRMheaSNOuRRM
Wharf Park,ChIJ2eWaSpZZkWsR133T3zszlEs
Kemp Place Park,ChIJvSO81oNZkWsR7oMfqgreuHo
Car Park,ChIJP8CzQ6VQkWsRlegaEvTo01U
Balis Street Park,ChIJ4zkYCT9bkWsROCez5ZRhJYo
Dock Street Park,ChIJEfOyfxJakWsRUSDq2sx3K_k
Valantine Park Playground,ChIJWyWOaqhnkWsRjFHWdzxrmu8
Chalk Circuit Park Playground,ChIJXQX9Msr6k2sRoUiPYF16sYE
James Warner Park Fenced Dog Park,ChIJ85nfPh5akWsRtSlviaE8ym4
Becker Park,ChIJ67slLs6TwCwRUhVzz0cirDY
Stuart Street Reserve,ChIJmUPrec66MioRppWlDG_bsNQ
Haritos Park,ChIJqTwFfPiVwCwRjDrgNBQuANM
Stokes Park,ChIJPdvWpRWTwCwRk-cv8U-xMME
Wentworth Park Playground,ChIJOfsI2l6XMioRFGQcpzZCd5k
Sir James Mitchell Park Playground,ChIJ1bWPQDS7MioRM9NQnPPkdV8
Tu Do Park,ChIJhRsoeYO7MioR-6eE25D7648
Charles Riley Parkland Playground,ChIJkYg0Y1uvMioRcSM7O2jsuhM
Magnolia Way Reserve Playground,ChIJzTQeJHK_MioRvO7VNSm2TEY
Kulbardi Pavilion,ChIJoVeVYx6lMioRcMwkxH20khk
Mueller Park Play Space,ChIJFeZFJRulMioRdXRXSdPoYVM
Flora Reserve Playground,ChIJdWMrHi6xMioRT4FrEixV7Xc
Clarkson Reserve,ChIJP01Gh7G7MioRgOvxGLbwBA8
"Wilson Parking - Bennett Street, East Perth, WA Car Park",ChIJy-rdmCO7MioR55bI_VG1vJo
Rotary Park,ChIJWy6ncmW8MioRMADyGLbwBA8
Bath Street Reserve,ChIJLX89hsW7MioRxzRGeQgL5Os
Rutter Park,ChIJg4p01nClMioRz4gBC2E07-E
"Wilson Parking - 462 Beaufort Street, Highgate Perth, WA Car Park",ChIJE0mDesS6MioR9sx-VBjvjXY
"Wilson Parking - Citi East, Perth CBD, WA Car Park",ChIJKX6o9Ne6MioR0UavO_uzQrI
"Wilson Parking - 40 The Esplanade, Perth CBD, WA Car Park",ChIJHw6OjNW6MioRUMidUpi3YKc
"Wilson Parking - 22 Stirling Street, Northbridge Perth, WA Car Park",ChIJ2Vgbede6MioRm7rKfH94rvA
"Wilson Parking - London House, Perth CBD, WA Car Park",ChIJ9zIvyNS6MioRQzsrjSZRgFo
"Wilson Parking - The Quay, Perth CBD, WA Car Park",ChIJ1frsBiq7MioRPVa-SvvRKNU
"Wilson Parking - 100 Roe Street, Perth CBD, WA Car Park",ChIJ10-OVdK6MioRwRJfki0UsH4
Playground - Gumeracha,ChIJK0vbVVdFt2oRX2-bT4Pyc4w
Playford Road Reserve,ChIJvZRZJbnLsGoRgFGeUMrDM8E
McConnell Avenue Reserve,ChIJA2BRN5zZsGoRxzPe0Te8f_U
Pioneer Memorial Gardens Playground,ChIJxzN3FIYxt2oRyoisRZXUiNc
Mellor Reserve,ChIJMXr1193LsGoRIOy5RVU2Aw8
Klippel Avenue Reserve,ChIJPwvKk7fZsGoRNMbSthsAO20
Sherry Park,ChIJdUEgG78zt2oR86m6ZTs363s
Roy Lander Reserve,ChIJTf_mdADZsGoRWutP_aiFQ50
Magdala Park Playground,ChIJpS3c9xmvEmsRx042uYA_H2U
Spring Street Playground,ChIJhUIzEQCvEmsR-L7i9IapOeQ
Kenneth Stirling Conservation Park,ChIJJVi-Ric1t2oR_mbS_EZmNEA
Waratah Square Reserve,ChIJ2Q6RTRHasGoRwKYDt9EFJ_E
Gumeracha Skatepark,ChIJ7TkgbUtFt2oR2ZXrF2ekeq0
Matron Ruby Grant Park Playground,ChIJ829v8bWxEmsRHojzfmM1eCE
Franklyn St Playground,ChIJtbiE0yuuEmsRhxapnzWrQrI
Petersham Park Playground,ChIJYYs8jg2wEmsR1Wxdju08Pcs
Playground,ChIJb2os_-1Pt2oRMGpIKZHgwHo
Scammell Reserve,ChIJCWLpVoXOsGoRq3tLILrpd7o
Pottinger Park Playground,ChIJXVRq9xGvEmsRdY8Nyxq5zSU
Jubilee Park Playground,ChIJHda_k9GvEmsRwRPHSZzWiis
Miller Reserve,ChIJMzyu3A_MsGoRoWUIT9lD7Is
NTT Ltd. Sydney: Darling Park,ChIJTQ8YCymvEmsRB2F1DFD7abE
Rosebank Park,ChIJEUwtPRKuEmsRSToZHA7KoZg
HomeCo.,ChIJKbEQMPKbEmsRPGWnEQmXtik
Playground,ChIJseLlAHWZEmsRGVwoaXtsg7I
Killara Park/ Bert Oldfield oval,ChIJU-Y46vaoEmsRoJjx-Wh9AQ8
Trumper Park,ChIJn7uFauKtEmsRAP_x-Wh9AQ8
Darling Park Tower 3 Loading Dock,ChIJQ0ltwzuuEmsRn2gw3vwdqVU
Car Park,ChIJM0UrMj6uEmsR8pY7ws5ZSgk
Colombian Hotel,ChIJ04H5RReuEmsRzuSfVMcRz6U
Shellharbour Resort & Conference Centre,ChIJ9WUH038UE2sRxM0ILqI68cI
Oaks Hervey Bay Resort and Spa,ChIJVRBKwwWB7GsR5r2ZQfK88dw
Wagga Wagga Country Cottages,ChIJk91k3m2aGGsRXVtCN-te4qw
Metro Hotel Ipswich International,ChIJDVBz-ki0lmsRy404-lgpGBE
Blair Athol Estate,ChIJkTiUzqf2oWsRS6WyNWyFrSQ
Tuscany On Tor Motor Inn,ChIJR1VTJY9clmsR0c7vQr-WAeA
Circa 1936 Art Hotel,ChIJoSjY98g6IWsR5EVEbGfZkXw
Fountain Court Motor Inn,ChIJja80-NfhI2sRO3O83IfO7M4
Woomargama Hotel,ChIJY_GhV9_KI2sRQ534o_JqxYI
Albury Commercial Golf Club,ChIJz7Sh5oBfIWsR8Mv9c7UJBg8
Inverell Terrace Motor Lodge,ChIJzXURsS33oWsRQQ6WCLn1XyM
Glen Aplin Gardens - Accommodation Stanthorpe Luxury Bed & Breakfast,ChIJvUWkxJw6mGsR26PP-LE9ZWU
Anglea House Bed & Breakfast,ChIJK3XxcTcUdWsRqEQJZgW3umk
Clarence River Wilderness Lodge,ChIJmSb-K1vemWsRUq4TUI9v-q0
Azjure Studio Retreat,ChIJUcgb_O04mGsR1zcpMhYg_w8
"Glen Aplin Gardens B&B -Cheap,Budget Accommodation,Luxury,Hotel ,Winery Accommodation Stanthorpe",ChIJ10WkxJw6mGsRU5X_Y_cYUos
Waterloo Station Country Stays,ChIJq46OB8azmGsRo5re5dLhYbI
Donegal Farmstay Tenterfield,ChIJR1G-4Xv_mGsR9uDLnaDtGfY
"Telegraph Hotel, Tenterfield",ChIJ4VjRHwRTmGsRXbytbzpTMAc
Mallow Cottage,ChIJxXdOHqIvmGsRIj5bLs2B4sk
Blackbird Byron. Boutique Hinterland Accommodation.,ChIJSwwKdgiNkGsRJPprGMGmx0g
Diamondvale Estate Stanthorpe,ChIJCWD0GFsumGsRNtLypJuTV1w
Girraween Environmental Lodge,ChIJ-V8DTcI3mGsRMvQqALVolwc
Maric Park Cottages,ChIJD-z5XI8umGsRyKovgrTDVnc
Riva by Meriton leasing office,ChIJ4duYP5OjEmsRwJQli6kBQLk
Snug Cats Cattery,ChIJXTjRIx51nmsRGymAZpFRmSo
Sippers at Ballandean,ChIJG_cmJas5mGsRtvzzrSAI0w8
Tenterfield Cottage,ChIJ_f-bjXlSmGsRlwOLInTPrl0
Stanthorpe Getaway,ChIJbW6YRKs5mGsRbdgXC711s90
Apple Blossom Cottage,ChIJLfoEiq0vmGsRJva1Vu75Pgg
Granite Gardens Cottages & Lake Retreat Accommodation,ChIJwWZojOY6mGsRhr76YQdRt2k
Mia Chiesa,ChIJfdA7grUpmGsRB2qzcaZ-afY
Tiwi Island Retreat,ChIJnYmU8qr3wSwRjmAghS-LtCo
Tibooburra Beds & Camping,ChIJq3sEBprf9moRiLJGPTdHrH0
Taits Place Vineyard B & B,ChIJ70ZY4a8pmGsRSo2pPpfDkbg
primus,ChIJe1i0rL-hEmsRcrHtb79fscM
Tenterfield Bowling Club & Motor Inn,ChIJVesfPYZNmGsRFEUukd9iWGg
"Capella Lodge, Beckons",ChIJKbh2424afGwRrgb35HUmMqE
The Wool Store,ChIJBTUtAgTlEWsRt1oRri-1EYc
Quaffers on Storm King,ChIJ62z_g9AzmGsRK4euENON5Zc
Racecentre,ChIJI0AdczquEmsRQuz-68GY72I
Tooleybuc Country Roads Motor Inn,ChIJX8TlmIhj3GoR04Hd5kzwEcY
Jumbuck Motor Inn,ChIJrQaPTnhSmGsRff9yk2JWg-0
Atricom Apartments,ChIJh-FkJ_kumGsRiWDleUSZrDc
Your Travel Designer,ChIJBVN-dQC_EmsRtqCpNGAtE3E
The Frames Luxury Accommodation,ChIJa16_HWcswWoRCN5wB-FIX5A
Tree of Life,ChIJQ0oxjQuhEmsRnFUpbAzAxs4
House On The Rock,ChIJeWRIZGTJEmsRCBIE8rKExPs
The Kabana Luxury Villa @ Urunga,ChIJ6UbZwaUinGsRgJwJ7T70AIY
ArtHOUSE Beachfront Accommodation Emerald Beach,ChIJ7eObf1j1m2sRDtP__svatxA
Italian Luxury Group,ChIJmdKiOa6xEmsRWaX574_OdTA
The Bellevue 5 Star Retreat,ChIJtwJWn4u5EmsR2JvHnqwRUBs
Afterglow Cottages,ChIJ4Qod3EggnGsRDgTNq_BM62I
5 Vacations Fiji,ChIJjbYXUjlVDWsR46gs_98JTjg
Aniseed Luxury Villas,ChIJO152MO0enGsRhogJuxhNDVI
Coffs Coast Accommodation,ChIJPXtXy7ILnGsRu3SlL4WYCkM
Villa Bikini,ChIJWfDB1vCrEmsRHz4q6PjwsbA
The Robertson Hotel,ChIJ9_tjl6B1E2sRlMLDLD-2hDc
Allen's Travel,ChIJnZ6NNGpVDWsRo9vp2_9z8cY
Cronulla Travel,ChIJnffHAxLIEmsRhNAjpnO8OoQ
Boho Beach Haven,ChIJk4-0kC5pk2sRbM7oIoWLMLw
Luxury Coastal Destinations,ChIJ-5AGJ2h3k2sR1E9JgSmpOKA
Bali Huts - Professional Holiday Homes,ChIJD9J8zhaBFGsRcLrnpTOzAuI
BaptistCare The Grange Retirement Village,ChIJH5QkMoWeGGsRyXrBP8k-L4s
Catalina Lakefront Retreat & Conference Centre,ChIJ0fMBl2Ikc2sR4JrdRo45d-g
Spring Cottage - Managed by Haven Retreats Pty Ltd,ChIJh5hIycWBFGsRv6GeBh4MqCo
Boho Luxe Festival,ChIJldfhsu9ZkWsRuEBBM6f6M_A
Boho Wild Child,ChIJE0hnWAzV22sR6LXEyOax1_g
C Bargara Resort,ChIJ4Z6q-K_q62sRnJDx1259qXA
Boho Cartel,ChIJj0T53EmHlmsREaL8cl-dcyw
Mantra Wallaroo Shores Resort,ChIJq6o2PLrOsGoRsxJp__XG-Bk
The Wooden Hangar Hampton,ChIJ3W1ftSFv1moR2tBIxFRoUgA
Bohemia Bush Views Luxury House,ChIJOVP01RvT1moRfbmErFWEESw
Nitro Lab Glen,ChIJwawaaL8_1moRWc6oY8Za58U
Nepean Chinese @ Nepean Country Club,ChIJDyjxa_611WoR1W1rvZEyHAw
FRV Fire Station 24,ChIJFWFCqPVp1moR4tbELmeEj-I
Hepburn Escape Villas,ChIJCw9U3WjU1moRLgbpfkEUDgM
BOHO HIPPY CHIC,ChIJ8y4ArmCP1moR9ODO_YW7cYw
stablebase,ChIJH5TkyKYmOSoRB0naGbicFOc
"Indulge Luxury Homes (Dockside Marina 4BR, Mildura)",ChIJ9x2Izj4Dw2oRZF9Ign5HWQ8
Sunraysia Five Star,ChIJpbh54_5n1moRCn7zYdQmoJQ
Tanonga Luxury Eco Lodges,ChIJQwF4fgjZq2oRqQNfC6lQ9P4
Wilsford House,ChIJnVtmhXf7uWoRzAM70e6Uvs0
Short Stays Gippsland,ChIJSZs5BkugKWsR7n8lHal0HFk
LE MAS BAROSSA,ChIJu1MCb1LkuWoRZSGR9gHzNyE
Barossa Daimler Tours,ChIJAQC8QAz7uWoRwKNMhxbgfDY
Tanonga,ChIJeZzM-AXZq2oRbFWZKY9BQHo
Pike River Villas,ChIJY3cmyyLWxmoRendciXyvTT4
The Westin Perth,ChIJx5nh4ie7MioRhs62QFty36U
1837 Barossa Luxury Vineyard Cottages,ChIJFbHL2tf7uWoRKkU8G0hT1p0
Jacobs Creek Retreat,ChIJ9fndGzPvuWoResp_E_k4b2Q
Riverview House Younghusband,ChIJ0Uch4aYpuGoRb0SdSgGCRvI
Five Star Chauffeurs,ChIJe6UPKPn11moRtqJxiOEiXhE
Barossa Valley,ChIJaXc96GzjuWoR4al7NIxCE4U
Bohemian Rays,ChIJpxhDfxBXzSsRqVG27T0agOw
Exhale Accommodation,ChIJVVV5C0JMt2oRw3kcNqM5HxM
Coorong Cabins,ChIJ5XU3m92LtmoRbgpUywY7fjA
Mill St. Retreat,ChIJc6vgtpfRu2oRPzzIOaxnHzs
Rivers End Retreat,ChIJ_Zrykc21tmoRxZmNV7rOMHU
Lyndoch Grand - Barossa Group Accommodation,ChIJkcmgIZvjuWoRbFdK-6EOgcg
Villa Maria Barossa,ChIJ_f_PtTbvuWoRh3cHCKc1Wuk
The Clyde Greenock,ChIJ_-yfQALtuWoRi55bS1Nxz4A
Jasmines Cottage,ChIJFfyq71rjuWoRhG3rfsSedYk
Casavino Luxury Villa,ChIJNcPqgKQlsWoRhevj504rwD4
Blickinstal Barossa Valley Retreat,ChIJpzxGuKHouWoRi8MAMXJYvdA
Nest & Nature,ChIJ_b_2tbtHsWoRU2QJ1AH9CwQ
Marananga Cottages -Kates and Oscars,ChIJ33-7aJfuuWoRrRGAS8hWfV0
Pago Middleton,ChIJ_cmEFgFLsWoRxi7Bpi6nIac
Sandcastle House - KMW Holiday Homes,ChIJQ4qV2etLnqoRsJFgAch0GtY
Banjo Paterson Motor Inn,ChIJFU0LdztgJWsRZw4Y3wlVyGM
Mandurah Beach House Dog friendly,ChIJ_QX2I7l_MioR18uIrAo3pes
Balmoral Lodge - Barossa Group Accommodation,ChIJ4b6iuDX9uWoRG5Dkziw6n0I
Yaran Suites Rockingham – Fully Furnished Short & Long Stay Apartments,ChIJjczGbcukMioR2v9vaXABRuY
1858 Barossa Accommodation,ChIJi0Y3I3u_uWoRhuy6fOpZ1hU
South Australian Escapes,ChIJl4yLIyHbsGoR4CZMfR6xbbc
The Villas - Barossa,ChIJ22_HXLXvuWoRuv_lkRJ2wPQ
Barossa Valley Apartments,ChIJGRd1VG_vuWoRwIR62cbHzRw
Platinum on Washpool,ChIJlZiTOE-mt2oRQRyIxhLQKBg
Hill Cottage Hahndorf,ChIJL892mV0xt2oRilA5NNhw6KI
The Bend Abode,ChIJ4dU4XOajt2oRj1YC_A7SMMI
Brice Hill Country Lodge,ChIJu7g-yN7Qu2oRNRXdSPC8Nsg
Meander Retreat,ChIJk5_Bl8zfuWoROhCDlfFij2c
The Blyth Hotel,ChIJa6HpSwPMu2oRhqvUteaFMW4
The River Vista,ChIJ80-_K50rx2oRmN9j1TAsvZw
Pink Lake Tiny House - Eco-friendly Accommodation,ChIJ7ZYdj-RbumoRj2_QqD9RFPQ
Cornwall Hotel,ChIJwabeOLqoumoRM-o4Qs9038U
The Park Jamestown - Spalding Villas,ChIJhxdMuCcbvGoR8-M5qZuni8c
Sandcastles 1 Absolute Beachfront Holiday Rental Moonta Bay,ChIJZa52TxipumoRjbUDSfTPRPo
Bukirk Glamping,ChIJIU2zv4Dbu2oRW5bhRfWt_aY
Battunga Cottages Bed and Breakfast,ChIJj3YjTa0sumoRiEowsXAzJ4s
Mannum Mallee Tents,ChIJ3RCnMSR_t2oR5L9d-CY9JAk
Port Hughes Luxury Accommodation,ChIJRdh6MgmpumoRIGT2LfpMvlE
Morella House B&B,ChIJGRPM62HQu2oRUukNna1AsfY
Watervale Retreat,ChIJnzRleqHUu2oRrmYK0e2xa04
The Heritage Garden,ChIJMbH60mvRu2oRqFR9XKlIlZw
The Woodbridge Tasmania,ChIJ59WmpnxrbqoR0RaaSpF0sSY
Jack's House 2 B & B in Mill Street,ChIJqegmbZTQu2oRokzlWwmJYpw
Boat Harbour Boutique Accommodation,ChIJVUCpUtT3e6oRJMq_hX5h8-I
Sunnysands Holiday Unit,ChIJZ7pe0yb2e6oRVUS6hXjejUw
The Mill Apartments,ChIJjYa5bZLQu2oReehXYZRMtX8
Sonbern Lodge Motel,ChIJIXSZoCK6umoRahXJ3SGPW2I
Wild Olive Cottage,ChIJI6iQ9KwrumoRgmCpoAy-_rk
Penguin Waterfront Escape,ChIJ715pjJnGe6oRHx4KxZaXJtE
Clare Valley Bed & Breakfast - Browns House,ChIJ-yzruc7Ru2oRWeFHy5Fmzvg
Black Jack Get-A-Way,ChIJz0ZbmaPTvWoRuEKdZ_sWMiA
Kadina Village Motel,ChIJeU1nahm8umoRU9mRdGJLD9U
Taralee Orchards,ChIJzQfg_al7vGoROwC6I5qNa9Y
Black Jack Get-A-Way,ChIJr32uMqXTvWoR5LjtjS2HZ_I
One Tree Bed and Breakfast: The Suite,ChIJX9KYVPoqumoRT8lBK32uF6A
Have a Break Holiday Rentals,ChIJ38np3JG5umoRQa_29scOZKI
Trestrail Cottage,ChIJSSrnnMXTu2oR3kklVR4s5Gk
Windmill Cottage,ChIJo9RHZsPRu2oRLnCSmv96ZbY
Tamar River Retreat Accommodation,ChIJg20o2B0feqoReKlVHVSciAM
Sheffield Visitor Information Centre,ChIJQx84sINPeqoR4DfEGW6raBA
Blue Lake Lodge On Arthurs,ChIJUYN2rU5AcKoR3JHdVxSQhbM
Wandering Trout,ChIJAd8suIJgeqoRQWiAr4RCvKQ
Tamar River Apartments,ChIJk9tSpXAPeqoRcaLWEDxuEf4
Chatsworth Tasmania,ChIJzeLYF8eRcKoRuE_Qphsd3ko
Kateland Estate [B&B],ChIJQ-VpaNcgeqoRnsVI0VFzuzM
"Spirit of Tasmania, Devonport Terminal",ChIJ2yMDaTkzeqoRAHR32k7JAx0
Blackwood Park Truffles,ChIJ86VKtJlheqoR3fbtuGHQwMU
Central Highlands Lodge/Miena Hotel,ChIJ4-A8tY1scKoRBURS06E_oUY
Kittawa Lodge,ChIJgTqfA0jPgKoRiRX_9ncaSRI
Ou+Look BnB,ChIJVVXl3YAFeqoRgbp0x5qXXMI
Deviot Boat House,ChIJiRi58SEbeqoRH1f87qUrtxc
The Peak Forest Retreat,ChIJhSuB3LyJeqoRX0L6L269SSk
G.J. Bradding Heating & Cooling Systems,ChIJVVXpuFsU1GoRyEfQcvjO5uA
Air Control Australia,ChIJkdHsJA0U1GoRLqh-jFWrWdg
Bennett Electrical & Air Conditioning,ChIJbSR-j_461GoRU6mSZeQEB_s
Enerficient Australia,ChIJ34F9Wi0T1GoRV7ydfIjoRcs
Olivers Air Conditioning (Vic),ChIJuTUhEzYT1GoRp1xeUDEeLcg
Optima Heating And Air Conditioning,ChIJ7TNNVL5e1moRJLb8AcKu1tg
Toshiba Air Conditioning,ChIJ0W7ZK3ds1moRhZKJg5h7NPA
Coolline Airconditioning and Refrigeration Pty Ltd,ChIJm9oEvoyBLIAR2Gyuq3CdKuA
AIR CONCEPTS AUSTRALIA,ChIJO5lenSuL1moR1PKr5yS4HDY
Ductlab Australia - Low Profile Flat PVC Ducting System,ChIJF7EGlW5h1moR5hxNt3BmLo4
Hello Breeze,ChIJoZq1pgtv1GoR-Cjpo_ByzcY
Mod Cons Heating & Cooling,ChIJAQDwoNoW1GoR2AuKOayS5Hg
Aircon Rentals Pty Ltd | Air Conditioner Rental & Hire,ChIJoxlsjhNd1moRTFrgBcNoBy0
Australian Chillers & Hvac Solutions,ChIJJ8vX4RMb1moR8zQJ2cxH1PA
Air Conditioning & Mechanical Contractors Association of Australia Limited (AMCA),ChIJ8wd1nUVA1moRvLoawEpx8sU
Ecoduct,ChIJx9fiJo4R1GoRYb_Iaq3rsBY
Airswift Air Conditioning Installer,ChIJJ99k36FK1GoRLhruSySiT1M
PRO-CLEAN SERVICES PTY LTD,ChIJV6E5hNm_1moRd29dAOJf4F4
Dynamic Heating and Air Conditioning Repairs and Service,ChIJZW39wmFc1moR6bcZ18mgOO0
Unitech Building Technologies,ChIJf6fPwXCL1moRMtYl4EI2xis
Right Source | NFP Governance. Empowering your purpose is ours.,ChIJz4Nf2S1YkWsRTz6VdM2UDtM
"Bolton Clarke, Bribie Cove, Bongaree - Residential Aged Care",ChIJx62YPdfqk2sR64ld3ddWZIs
Be Seated Safety,ChIJz2b5648l1moRmWdqxmmk6VQ
The Album Store,ChIJNTLJcMs61moRypSD1LreGiU
BetterYou Australia,ChIJNxuL2Mgl1moRvWgImWZ2MC4
Maroondah Battery & Charger Supplies,ChIJK-feN8861moR-wgngTre0yg
SiliCreate,ChIJZyKw8f4l1moRYYRPDsR6yrw
Salus Electronic Solutions PTY Ltd.,ChIJ0VDTbq861moRghXH5PbH9dE
Fully Promoted Kilsyth (formerly EmbroidMe Ringwood),ChIJR-6g-NM71moRorsp5EmSW1A
Auto Surplus,ChIJlycO1SU51moRv1zyb212DQc
Alimtype Pty Ltd.,ChIJzaRMNEUl1moRMylrzRmsdKc
RF Industries PTY Ltd.,ChIJT-4Wy5Q61moRwdTaIYP-2Gg
Styleprint Pty Ltd,ChIJn-ap1s461moRF5hpkpxv28Y
Australia Post - Mooroolbark Post Shop,ChIJXwh5SBww1moRp6xzxZuCMHo
"Invigor8 Accountants & Advisors, Bookkeeping, Estate planning",ChIJYQozppZZkWsRlKeMgcfNa1c
ICOMPLY,ChIJq6r6RSnlk2sREtmn0f_9Vbw
BMO Business Centre,ChIJudpqYAv3vWsRS8KgHF17xqU
Energy Financial Planning,ChIJAQAAdAVZkWsRheNn8AazW80
Catalyst Accounting & Tax,ChIJeUKWFyWfl2sRW6SSskYJupQ
Keeping Company Redcliffe,ChIJKUAAIATmk2sRY5BUo1G5eX4
Devuono constructions,ChIJhx8oaYJj1moRXdOqM8yKqqI
Williams Landing by Cedar Woods,ChIJ8zZGAaSJ1moRnwpHsd78kp4
R&D Lateral Design and Construction,ChIJQ-O1oKtF0WoRv4il-osH7vI
Hygge Property - Ballarat,ChIJ3Q-MKUtF0WoR_U74UZuExBs
Englehart Homes - La Maison Display Home,ChIJO7XTQxBB1moRUAhKnq29GiI
"Metricon Homes display, Balwyn",ChIJJZb84xJH1moRv3SAF-TgiF4
edition,ChIJbVkKRxhD1moRhhgUB8dKEe4
Englehart Display Home - The Kooyong,ChIJ2cDuYJdB1moRy3X_P6mNnRM
JMW Architects,ChIJ72OkPCFH1moRKwlWCiiQY0E
Building Unlimited,ChIJIYYa_S9H1moRLkN8OqNv4aY
Willis Setouts & Surveys,ChIJP0xEMgz54o0RmVI9ItiKAPY
Cavalier Homes - Home Builders Bendigo,ChIJaUGywPVZ12oRNTIsQjXuVAs
John Howie Music Tours & Cruises,ChIJMy1JzhqyJwAR4iCtPtxl4Bw
Lane Housing Co,ChIJCzSgpctW12oRa5kfYnBwht8
Ink Block,ChIJXXbpZa9Z12oRCeJK-u_pC58
Csp Aircon and heating HVAC,ChIJVRQLSrsZ1moRW-TDm4S73HY
Custom Outdoor Living,ChIJB_wa7ogZ1moRLyQdsksFPHA
Local Painters Berwick,ChIJ23_hpP4Z1moRVn-nJWGo3yw
Masterpiece Homes Display - Brighton,ChIJX-uYYVNp1moRbgmRU6iifN0
Impact Group Victoria PL,ChIJDffsTCk71moRR9su14QaIGo
ReadBuilt,ChIJ42qbAb0X1moR9547uHjKMik
Officer South Display Home - Simonds Homes,ChIJMbFvUo4d1moRdXaIDvLTeo4
Bacchus Constructions,ChIJUUoAr_JC1moRO4A0OchMSXc
Level 10 Pty Ltd,ChIJP90CUAhs1moRdx7zMTAnF3k
Mpr Design & Build,ChIJUyzqTd9o1moRcQfuX3S-Sz4
Evissa,ChIJOW72xbNc1moRlTfUPX07O1M
Angelo Property Group,ChIJHTAIJydD1moRjHgND0FfqL4
Melbourne Commercial,ChIJa90uQEdD1moRLHXi9aUuUHE
TatraMod,ChIJyQuoJUdJ1moR79mKNJLGdSA
AR Environmental,ChIJ16sFYr5I1moRT2xIJqkmAuU
IZZA Group,ChIJY_rBcLdJ1moRosDejj9z9TU
i4 Design and Construction,ChIJ8RjVX0ZP1moRA2r1kXRKahI
black barrow.,ChIJGU2eaYRB1moRFcALSp72Zsg
Craftscale Joinery,ChIJje271etP1moR4WYtza44mes
Tanjun Designs,ChIJ9UlZ4I5B1moRTXNSaKOp_RE
Ultimate Windows - Melbourne Showroom,ChIJdeEXjKtJ1moRF6rjyUah3U0
UC Build Pty Ltd,ChIJd_L5YL5p1moRcZJEX1jhBik
Bloom,ChIJ__8P-4Zp1moR0MyMGqrvVPs
Cote Design And Construction,ChIJtwC9m49v1moR3MrrQ44mXEE
Celtic Cut & Core,ChIJEyVIScht1moRTQyRKZLlAuw
CMW Design & Construct (VIC) Pty Ltd,ChIJG2KVZAJo1moRs8VKoJY2BaA
Unique Wardrobes & Interiors,ChIJ-yi-CHJs1moR4VXV6q_U6KQ
Austland Build,ChIJe2fWK_s91moRbSZxVYCsLT0
Amazing Homes Pty Ltd,ChIJxyFwfmxs1moR-VqRF02TxYo
AusFloorworks,ChIJBVsUInNs1moRrDEJnrAGeZs
Interface Constructions Pty Ltd,ChIJ7fhwUCFD1moR0b76weszz8E
J. Parker Painting,ChIJq6qqqktWkWsRWTjq_3HobZo
Docon Group,ChIJMdV5cllb1moRUreh1L8T1z4
Jackson Green by Cedar Woods,ChIJfQEodSVr1moRS9qStVpMsMo
ZCam Australia | Pro Cinema Cameras,ChIJd1bj9HNt1moRN1hOlmXlJjc
AIM Architecture,ChIJ4TSvB9dR1moRE2PrGAlN7yI
SYZ Excavation Concrete,ChIJ2UgCBnkbhKYRNB26B4aIiBg
HB Plaster,ChIJP4W4MJNR1moRQhqliZH8dDU
Ballarat Display Home (Lucas Estate) - Simonds Homes,ChIJB1yyg0ND0WoRBM5Yc1BjBm4
PCF Formwork,ChIJv8XRgChb1moRnTo2cUpOlSo
Strategy One,ChIJAY2l4h93JwARlU7B4W4uvAg
ATCO Structures Melbourne Sales Branch,ChIJEbSggEMR1moRyYg5TOIq_k0
Sienna Homes - Canopy Estate - Open by Appointment,ChIJo4wEBhAP1moRHnypZ_KozsU
Cranbourne Display Home - Simonds Homes (Canopy Estate),ChIJN67hY00P1moReTTcBM4OKwo
Fortress Waterproofing,ChIJUxfVSt8P1moRYX_Hv8TiiV8
wave demolition pty ltd,ChIJNRI2bgUR1moRyVP9axo72bE
Soil & Water Design/ Developments Group - Dandenong Office,ChIJE0ejSzFo1moRcYVRVmUYFyU
Dandenong Bathroom Reno Specialists,ChIJO1OkEd4V1moRJIF_pKq74Mk
Pellicano,ChIJEyITMEwV1moRWi9KWP9dTw0
BFD Constructions,ChIJm-tDwUMS1moRrgLaWouUaCI
Edgewood Builders,ChIJ__9PixxB1moRIOJcybnKVTo
CSG Cabinets,ChIJ__9PDZAT1moRyF9DS57h_vo
Scope Fire Protection Pty Ltd,ChIJmXOUNWUV1moRYr9oNUrtDPw
Di Manno Enterprises PTY Ltd.,ChIJvckKQ6FH1moRFGzFswcriVs
Dandenong Construction Service,ChIJH4B4W40W1moRESD9Q09hlgY
Florence End of Lease Cleaning Melbourne Bond Back Cleaning Melbourne,ChIJPzIi_iyL1moR-mNwu-g7x0c
Sk Eagle Tiling and Stone,ChIJG2yahIUT1moRWb9DdYZliaI
Ace Coating Services PTY LTD,ChIJRQOpYdcV1moR7YAyH0SEwIA
Network Australia Group,ChIJlbpCp46L1moRk2R9MP--Tk8
TOB LAB Commercial Kitchens,ChIJPwIltXcR1moRO2oGyW2SirA
Ace Class Tiling,ChIJl5BwfegV1moRtBa4iZ5dJgQ
My Moovers,ChIJ-d7nX2hH1moRdBv1WabCTGk
Next Gen creations,ChIJ_YeZh0k51moReoT1q3JqLpg
Philadelphia construction Design Group,ChIJzZFDTatL1moRQ1t2DOH-yI8
Building Impressions,ChIJ___vp8441moRmmrjJ_Dpr6w
Cavalier Homes - Home Builders Echuca,ChIJ79dWHW4D2WoRpWPcMD13N4w
ICESUN Vacuum Glass Company,ChIJCYh68T451moRoO-uNJ60nZg
Kent Homes Pty Ltd,ChIJ-RI6K2tI1moRHWAKsaz6HmY
"Anyday Antennas Echuca - Repairs, Audio Visual Installation, TV Outlets",ChIJp1_1qvpZ12oRJw4JbXdYD4w
GT Kara Builders,ChIJjbcK0Vc41moRSTRvn3-akMA
Luxtra Homes,ChIJG5FW_j9P1moRCcQmrIMWD-g
Instyle Staging | Home Staging Endeavour Hils,ChIJndgOMR4X1moRlPKv-QNOHZw
Lateral Plumbing Solutions,ChIJq6qaq_xB1moRzWnkVC6YjoY
Edens Excavations and Piling Pty Ltd,ChIJwV6El1pS1moRnVfwwqH0kFk
Viridian Waterproofing,ChIJcRetRvsX1moRVcRBJgZi4BA
PDS Garage Doors Melbourne,ChIJE96vsPNO1moRjkaIy8tjbzU
Siscon Projects,ChIJpz98LkZd1moRb6hQkvpQPYU
Trubond Australia Pty Ltd,ChIJIbNUsbpP1moRz4-6HIAT-BA
B + D Builders Pty Ltd,ChIJpxjgJnY71moRRmgkkdPJc78
MOK Constructions Pty Ltd.,ChIJ6fNfxFVc1moRYcm8fyljLjY
Sass Developments,ChIJ7zBpdjpd1moR0uhsdfg6z8U
Northwest Timber and Truss,ChIJVVXFbvFO1moRTXpDR_qMqeA
Urban Heating and Cooling,ChIJRb3x2uYL1moRbtl1K33Ld4M
Hacker Australia (VIC) - Kitchen Designers Melbourne,ChIJM7PTkAhD1moRBU3RM8EYFJg
Airfit Air-Conditioning,ChIJEVY5_Xlc1moR7lI-PgQmxVA
Rocklee Australia,ChIJ__8zTQUU1GoRrXB14xRKmfw
Interior Concepts,ChIJLRbf0K9v1moRYyMmxVqSmQE
Master Relocations Ltd. Removalist Essendon,ChIJe-sc7oJc1moR4ZmxOvgqrS0
Dmb Contracting Pty Ltd,ChIJVVUR7BkU1GoRwWmNmDUmRAk
Get Painted Pty Ltd - Glen Iris & Ashburton,ChIJ1S2Wda9B1moRVc2iu3USWxM
Bureau Design Studio,ChIJFVf6TGp11moRmzNaRt79Sxg
High Level Renovations,ChIJ_3d-YUJt1moR9FO7DxlEU6Y
Magellan Projects Pty Ltd,ChIJmez5dBsU1GoRNpWeXYpYlrc
Belle Home Design & Construction,ChIJP_UPQsNC1moRTMJ4Fsq56BY
Beta Value Homes PTY Ltd.,ChIJvWgzsYFe1moRC7oZmbtlcqY
MGT Innovations,ChIJpWspWSJC1moRJetuTHjvIzc
Professional Caulking Group,ChIJcz5Jal9b1moReJ9kpofcbD0
Icon Construction,ChIJ1__Nbt2uEmsR1RwXmWjzJ3g
Erneste Tile Concepts - Tile Boutique / Tile Shop Melbourne,ChIJc2RWGcta1moR8TYO4DebZRo
Buildcorp - VIC,ChIJ4RK6L5dd1moRo0ULVOnW4bU
Window & Pressure Cleaning Melbourne,ChIJL_xx-uER1moR4sSJ-uY1sgg
SQUARE BUILDING,ChIJe9i4sKBA1moRwkTd4c-frF4
LIFE Architecture and Urban Design,ChIJM9tCw-FC1moRkET-7068Dag
AUZWIDE HOMES,ChIJv0wjGXVD1moRy_YzrI2JSvM
DLS.Fencing & Constructions,ChIJ5UCYUM-P1moRkvzwRo35eQY
CIP Constructions,ChIJbdMFukmuEmsRLf2uwIq0NCk
Boutique Homes - Attwell Estate,ChIJfSYVNPj11moRLlKtsuAiZTo
"Australian Building Company (ABC Homes): Display at Fraser Rise, Plumpton",ChIJRQ0QAEH01moRCI08mI9wZBQ
5AB HOMES Truganina (Visit By Appointment Only),ChIJFdG8dRyL1moRSJbOETbVrvM
Aspire Land Sales Office,ChIJDQhvPVj11moRSo9fBq4WkHo
Cool Cleaning Services Hopper Crossing,ChIJ78X0oqyP1moRgM-nJpczQFQ
Creative Woodworking,ChIJldoEuZD11moRMxbQUP60IT4
Dowd Hardware Adjustable Structural Supports,ChIJpSM4S3KF1moRZuS6Fjqiiqc
Display Centre - Attwell Estate,ChIJQ8BdJ5P11moRiwZoTQUui2o
Light Gauge Steel Framing - LGS Solutions,ChIJaUa5kUxr1moRjlCwvCgr7ic
Detailed Homes,ChIJeYyMRvFD1moRbCkUj4SnleQ
Aliya Homes,ChIJAdGaoU5J1moRfDCpf6EWgZc
Wattletree Property,ChIJgTe3cTVD1moRM5qvmr5wzL8
TOTAL 1 PAINTING Solutions & VIC DENDY PAINTERS,ChIJXU8Fc-cR1moRrE0sctvJrcc
OTTO Construction Group,ChIJUcd1T3JE1moRKVztbu5ocfE
Anhem Group Pty Ltd,ChIJUXtk5XpP1moR4JCzBzV7SxM
Nas Group Concreting,ChIJ5Rpu1eN2UYURG0jqUCMPonM
White Built,ChIJUQnx3mIL1moReAjHVgfvt8U
Aaywah excavation,ChIJ24tlTyJP1moR02iFSNBlMBY
Robert Crozier - Bagpipe Player,ChIJLVSAx5IL1moRcFzkaVPCwUY
Langdon Building - Lara Display,ChIJnz_lEnAZ1GoRA_h1mctcY6A
Henley - Lara Display Homes,ChIJSxz_19cZ1GoRwmi8v7e028E
Markscon Pty Ltd,ChIJiWL1LnVs1moRYULvyXc64R8
"Burbank Homes - Coridale Estate, Lara",ChIJU7-ZlxoZ1GoRsCnU0eInE2s
Diegolandscaping and Retaining Walls,ChIJOfEsBo3t1moRhury2ACe7vg
Knowles Group,ChIJvVYUjrNu1moR-CWbiGs4nc4
Line Marking Australia,ChIJsfsUWh9D1moRWRpI-t-LK4Q
Cavalier Homes - Home Builders Geelong,ChIJaw-tjOOH2GoRRWZSb91fcH4
Gallagher Jeffs,ChIJP92eBU1d1moRLvf44hVWMLQ
West Traffic,ChIJgaBPlLLt1moRiL-HJ_YPQDw
Landscape Design Geelong,ChIJA8TF-2YZ1GoRRlprLaAMQIY
Melbourne Cheap Movers,ChIJUQ_4kKJe1moR_-y8oXsZMr8
In-Line Concrete Cutting and Coring Pty Ltd,ChIJQ1poD-OT1moR0wN9oK1jlPc
MILANI CONCEPTS,ChIJkXjGo5hD1moRvhZ7Qhnkico
GN Projects,ChIJVVWFzkxd1moR5nlLH_L0GI8
BESIX Watpac,ChIJlSVHPKpC1moRj94cs_nl-QY
Mojoe Studio,ChIJVc7W7w8SKWsRszIqFKehEyM
Booka Property Solutions,ChIJ0-W6OwShKWsRmtFwltxlKs4
Diggermate Mini Excavator Hire Morwell,ChIJbfgsK-kRKWsRDoGpNLLzS2Y
Lewis Building Design,ChIJuYQw8lHf1WoRoaBxBBeDAdc
Outback Concreting,ChIJV4Pmccjf1WoR60ArsoPtUMs
Stelson Homes Pty Ltd,ChIJQ9Tqyh9S1moRGtAiEH5r6Cc
Saltvu Builders,ChIJp7WJep-11WoRcIzt_VmrAAg
Kohler Properties Australia,ChIJ2eh76BLc1WoRRQDvsTHW-u8
Rowler Construction,ChIJTztz8djE1WoRxeEJvsxSmFk
Five Farms Sales Centre - Proudly Frasers Property,ChIJteACMsYb1moR6xX9WWdrmvQ
LSR Construction Group,ChIJ47ExyHtD1moRf_CVIRYlTEo
Benchmark Signature Homes,ChIJq6paaY8U1moRykSaszlFQrs
Door Power,ChIJn0ZPxBeJ1moRDGl9VZYCbRo
Victoria Trenchless Solutions,ChIJ8-73ZFIU1moRbHDL1ZyIj-Y
Break-A-Way Concrete Cutting Services,ChIJuT4P-LAQ1moR1eKqNec3gyE
VELLA HOMES,ChIJ7aAQt0OI1moRxQSaEi_78JQ
Western Leak Detection & Plumbing,ChIJxRDsAV2J1moRIOD-QXpo4zU
FULTON HOGAN,ChIJ9-QkqH0T1moRGV9CjfKh3l8
Egle Findlay Textile Design,ChIJfVlLNOFC1moRY9jYN0E9bck
Embrace Architects,ChIJtVxCkK5q1moRTL40qb-buVI
St. Germain Estate - Sales Centre,ChIJafCNNVsb1moRJeydLILO8g8
Clean N Clear Cleaning Services,ChIJQ6pz1ykTkWsRpiqtyDrhwKk
PTS Tiling Pro,ChIJ81puQvmbGGsRrYvNYyRLDRc
GoldenFox Home Solutions,ChIJVyn319hD1moRgiPQ0jB6MJ0
Melvic Steel Framing,ChIJC_pbWu0d1moR45vR_Joa754
Homebuyers Centre - Arcadia Estate,ChIJ-x0KKk0d1moRBGwnYwm45hQ
As Technology Pty Ltd,ChIJAQBMxaEV1moRhCFI_DHQQPU
Qalandari tiling,ChIJaxH86KAR1moR6Skt-2JqTY4
Actionbuild Custom Homes - Pakenham,ChIJGd26ZTAR1moR6eCMKEzupL8
Fulton Hogan Quarry | Tynong,ChIJI2I0YXTnKWsRi7GjkPVuLxI
Homebuyers Centre - Orana Estate,ChIJWdmgl58F1moRlkLchK2B2v0
WORCO - Community Work Society Co-Operative Ltd.,ChIJQxq1H0RE1moRGGFKdmeDnSU
COAD88 CONCRETE HOUSE| Architectural Builders & Extensions,ChIJw9I93u1C1moRuf2OUHpIRwM
Wallace Australia Pty Ltd,ChIJ4zq49Q1D1moRHPbBCBHpnzs
ASHO Builders,ChIJpQlMeSc31moRiUwWRTBqnNU
O'Dowd Builders,ChIJfWeTWc451GoRfg1cbjffcL4
VOXFIN - Home Loan Mortgage Broker | Asset & Equipment Finance Melbourne,ChIJZ-yhCy9i1moR5rZn4LyJh-A
Keystone Alliance,ChIJ9U2pQa5F1moRaBEuItmfq4c
Tier 1 Procurement,ChIJfbktPchC1moRnoGlPjQJhB4
Optima Cleaners,ChIJB1ypN4BF1moR6AXqM-2hyF4
Citiplan PTY Ltd.,ChIJQe4CwNlo1moR_CTF-mSMUBA
In Design International,ChIJ63vhOVNC1moRfuPMwQ0zdN0
Underline,ChIJ1-vmRZhD1moRHcKnd_s4B4c
Deloitte PDS Group | VIC,ChIJMZVOPZJC1moRqVlAG8ZHnwc
Collard Trade,ChIJi4C9fcZF1moRSxYTH3YWNyQ
Top Design Tiling Australia,ChIJEbQlk79F1moRtAiGsBoAFZA
Vic City Plumbing,ChIJlUGLBrZp1moRuj_EWDe0RSY
DESIGN CAD SERVICE,ChIJwTsHxmRF1moRxKP5T4pd9Qg
Master Painters and Decorators,ChIJ___zSf5E1moR9xeoUyuDTcs
Audio Logistics,ChIJrd5cjqpF1moR3doxpNBrfiQ
Diggermate Mini Excavator Hire Dandenong,ChIJtQk39sQV1moRG97nr4PtN0Q
Coolzone Heating & Cooling,ChIJkwfR76891moRc4FxsAe4E5o
Rowan Constructions,ChIJFbtVjipf1moRv-nnqDatNJc
Removalists Keilor Downs,ChIJow2ubpZf1moReCovv_XeRcM
Premium German Kitchens Melbourne,ChIJV6UjtoHIdCYRq0LWsnPTabs
Cave Hill Projects,ChIJGai0j1Jp1moRQcmmmGKVGTU
Vintage Renovation Pty Ltd,ChIJZ6_Be6Nf1moRu02hRVfMsco
Newcon Homes Pty Ltd,ChIJH8va14WL1moRmWoZf3L86o0
Discount Partitions Melbourne - Office Partitions | Glass | Demountable | Fixed Partitions,ChIJtx8K-D9o1moRmm3PIp8HZdo
"Arden Homes - Redstone Estate, Sunbury",ChIJV-GzOiP51moRGowQOXJZYvk
"Custom Steel Doors & Windows, Melbourne",ChIJq6paX0Jo1moRCCv6IzPp-dE
PA Glass Industries,ChIJ95VNMURo1moR2moHuVskcmI
AF Carpentry & Landscaping Services,ChIJeZie-IwV1moRyqgkqSalDlo
Gray Construction,ChIJC4Gn9an51moRLBg3zgi20nA
Lexatonia Tiles Melbourne,ChIJR7z-sYxF1moRVcfs6TxokLY
Henley - Sunbury Display Homes,ChIJWfBGpAb51moRdHxWMANRZks
SOHO Living Display Home | Newgate | Tarneit,ChIJV7SIT6aP1moR307r5lPoeMc
"Display Homes by Mimosa - Tarniet, Newgate estate",ChIJS6mkwSCP1moRuTDg-xnmxuY
Fast Track Fabrication,ChIJjZgYH6GD2GoR_5xy48iq3os
Vella Haulage Pty. Ltd.,ChIJEcwJTWxg1moRahLgbe3ydAo
Simonds Homes Redstone DV - Sunbury,ChIJMZAPFGP11moR99r3jZf_Ams
Hillside 45 | Porter Davis Display Home | Redstone Estate,ChIJ2X8x2Cv51moRdYoL9hXM7Qw
URR Design Group,ChIJM8HDXZb51moRNAnyQuw4HbI
Aaa aluminium fabrication,ChIJ36ndH8dh1moR9PvYq-bw_CM
Azad Constuctions Pty Ltd,ChIJvaZXD5AR1moRhDBskVjaCH0
Secure Temporary Fencing,ChIJYfopP4ZP1moRHgGqeHdOGEs
Brad Cattlin and Sons Civil,ChIJ1bVVyeIU1moRJjzfXBV5iyE
Victoria City Tiling,ChIJoRKCbwxh1moRpsLLHurCYHg
A&C concreting service's,ChIJU2_ThBQV1moR0DX6ngv0oRQ
Melbourne Chemcouriers - Dandenong South,ChIJUUR3SNYU1moRwb9wyE80YTU
PPDC,ChIJtRP0Vcb51moRbKSY5k3v6bs
Taylors Estate,ChIJNUP0_IXz1moR2ROr9Llv4pE
SOHO Living Home Design Studio | Watergardens Shopping Centre,ChIJF3xFSQn11moRUUPpTvjfuvA
ALL Doors & Building Supplies,ChIJEbUVZcL51moRpQmOkDr8Z04
Vik concreting Pty Ltd,ChIJO7U6VcOP1moRKxVomoBWmrY
Wanted Tinting,ChIJnW7m1bcT1moR4VS4jzW56rQ
Australis Home,ChIJz7YU6xGP1moRFnlcFeMH1cM
Best Melbourne Concrete,ChIJz5kiqqPwhisRt9fvIcZdsMY
Elements Design and Build,ChIJ__-__aqJ1moRVXL2DhyCMKk
"Australian Building Company (ABC Homes): Display at Newhaven, Tarneit",ChIJyfeh6COP1moR6VmJ1sZZGDo
Vic Renovation Works,ChIJoxQ_7F4V1moRRSb4qIQ_Wxk
Hubby worx,ChIJBQmWg6OP1moR_jQlCpKw0wk
G.J. Gardner Homes - Hume Display (Baltimore Design),ChIJf6DarWf51moR0CYuxO8tjHY
Elegant Living Projects,ChIJpaxvqFSE1moRAWcSrG7QOFI
SK Royal Homes,ChIJDyQA2XiJ1moRaDfxUcnPqps
The Search Firm,ChIJ8Vn4w01d1moR4y4hVDgipIk
TRIBEZ Aluminium Solutions,ChIJN4Yb2FNP1moRl7RCBsJbhmI
Haven Kitchens by Formica,ChIJXSPk0r5F1moROsoTpCVsWDs
Metricon Homes - Traralgon Display,ChIJ1WiRle4ZKWsRrmDvvxEMApo
JAK ARCHITECTURE,ChIJ0bvjOptE1moRj3hTcKKMbgM
"Australian Building Company (ABC Homes): Display at Franklin Place, Traralgon",ChIJu1jy0mEZKWsREA7FvydP6dU
RJP TILING & BATHROOM RENOVATIONS,ChIJ40gwLcaP1moRwgcG_rmZXgA
Hotondo Homes - Traralgon,ChIJi2GXQk4ZKWsRQU1pcOqo0Oc
Dean Renovation,ChIJkd1GAAE_1moRmzlz2tfHLFo
JSL Builders,ChIJ4QJA3YYZKWsRiW_ZN7aM538
Face Consultants PTY Ltd,ChIJ38ouPlSI1moR6_hkyt80Y_8
Silverwood Traralgon,ChIJuQ1ZICIZKWsRh9HDAPb_Yvk
The Redgum Company,ChIJcartigSF1moR-y5YcdBVLGk
AGIFY,ChIJC1kC2puF1moR0MEFeEXE7qY
JMP Developments,ChIJB0O-LbtZIWsRLzv_ST8u2dM
Cavalier Homes - Home Builders Albury-Wodonga Pty Ltd,ChIJN5_QGJNZIWsRryPb0GZY0DI
Optimus Home Solutions,ChIJEWW9YQOF1moRe56DldS6smM
"Australian Building Company (ABC Homes): Display at Jubilee Estate, Wyndham Vale",ChIJL6V07fib1moRMXF3gEj3NXA
That Caulking Guy,ChIJXbc_YZWF1moRvmJUTuTr85g
Thith Cleaning Services,ChIJ94wpQu2F1moRbIj6BV1eowI
Novus Glass Werribee,ChIJcS89VIaF1moR1qivrsXkt-s
Real Core Solutions,ChIJXSCMNjWR1moRXn4y8j7AT08
Wings And Tins Newcastle,ChIJJbPW9XwVc2sRHLFmAKx0tIo
Bocadito Byron Bay,ChIJIbxEPveLkGsR0hFjsTVvwf8
Mod Eisley Cantina,ChIJex82lrzt1WoRApEi5Mt57V8
Goodstart Early Learning Booval,ChIJf_CNHOu0lmsRFTXV5e0bWYw
C&K Herston Road Community Long Day Care,ChIJtaYdq-NZkWsRtucgkuan-Fw
Nova Star Early Education Centre,ChIJ-QY-3Z9MkWsRwLf3-W8KmPU
Karalee Kindergarten And Early Years Learning,ChIJpc-c2zKzlmsRsZ6i5GE3zEw
Kidz Magic - Edens Crossing (Redbank Plains),ChIJUxX_US9LkWsRbBWtSzOESVA
Goodstart Collingwood Park Kindergarten,ChIJvTmQEHBLkWsRtCgRtdgI0RQ
Goodstart Early Learning Carina,ChIJ6erc8epbkWsRjcniQYarnfc
C&K Wilston Community Childcare Centre,ChIJxxPnGd9ZkWsRv1i60MPuR8U
Busy Bees at Woolloongabba East,ChIJB_-nHyBbkWsRi3IbbRr5AQQ
Goodstart Early Learning Hawthorne,ChIJTTcnIYJZkWsRJ1LhyiCidjw
Goodstart Early Learning Fortitude Valley,ChIJ13XMFu1ZkWsR7FyIQI6SVws
Enhance Family Day Care - Warwick and Districts,ChIJOXZRh4Sfl2sRsV54rlh9aUs
Communify Qld - Childcare,ChIJK5TfQ8tQkWsR_yR6sXnmF6c
Guardian Childcare & Education Coopers Plains,ChIJj_CcgFpFkWsRNqPNbIM7vUA
C&K Rosalie Community Kindergarten And Preschool,ChIJ3_hZz7ZQkWsRPX___SfY8ik
Rise & Shine Kindergarten Maroochy River 2 Childcare Service,ChIJOTQyF6l3k2sRNUrvXseD4Sk
Una Sippy Downs,ChIJdfzQ4zqdk2sR0em3vVPdfT4
Out & About Care & Education Dalton Drive,ChIJp5mHAJCmaQERWnC3fmKw3d0
Head Office,ChIJfV15TfFZkWsRNtbywYgWXo4
Smartland Boutique Early Learning Sippy Downs,ChIJY4HBw3ydk2sRxSbk0f_BVEw
Sparrow Early Learning Stones Corner,ChIJo0MYYkRakWsR1rSj18j0nDU
C&K Kuluin Community Kindergarten,ChIJayL_orN3k2sRR-HqVqCbsas
NCC Early Learners Buderim,ChIJ7QdIuOV3k2sRXdmWUAwzFKk
Venture Education,ChIJT6ctwGhbkWsRJ3W5--SVILY
Out & About Care & Education Newspaper Place,ChIJ13CIfrh3k2sRwWfpnMXC-vQ
C&K Mooloolaba Childcare Centre,ChIJI_sp-OB1k2sRKOUPdpBbPwE
C&K Cotton Tree Childcare Centre,ChIJq81nSXx2k2sRtUSUYreAEGU
Milestones Early Learning Pacific Paradise,ChIJsWnZTMh2k2sRK6ox0vVKQe8
Sparrow Early Learning Sippy Downs,ChIJGWzYyaGdk2sRdc2xexk_BbU
Bella Grace Early Learning Centre - Brightwater,ChIJNW4ZWgiek2sR1hSiFbvjvJ4
Goodstart Early Learning Pacific Paradise,ChIJV0DiGcV2k2sRLD1teBKIBLc
C&K Palmwoods Community Kindergarten,ChIJzVUW5meCk2sRgMRZWr5lFhQ
YMCA Palmview Outside School Hours Care,ChIJoziC90Wdk2sRcqESStPG6Qk
AppleBerries Early Education Service Caboolture South,ChIJfY7qLAnzk2sRix6Tg_2xFWQ
Playgroup,ChIJ0x_JfEm562sRwcpvBLBMU04
TotalCare Bundaberg,ChIJ_9pjwSK762sRrWlJ02HlPAU
Milestones Early Learning Caboolture,ChIJIUVlBE3xk2sRbeyrkre0XNE
Bonney Tots Early Learning Centre,ChIJf1ZutSe562sRy2A5LECHwC8
Play Space Family Day Care,ChIJMZ6hYpm762sR4yFF5PYXvrU
Hatchling House Family Day Care,ChIJzR0us_Dzk2sRPgHeC01pzfs
Ozzy Educational Toys,ChIJO-JHowLzk2sRPT3SN83T_CI
Cradle to Crayons Education & Care,ChIJCY_15ii562sRr9MWXWg4A6Y
Expeditions Early Learning Journey - Avoca,ChIJKeANtyu662sRhSOFu6zcLmY
NumberWorks'nWords Tutoring Sippy Downs,0x6b939df83c42fec9:0xb16da1cdb63e1feb
Cuddle Bugs Kindergarten & Pre Prep,ChIJkxyKCbG-62sRBiDYFp5dDxs
LEAD Childcare Bargara,ChIJSx6KEa2V62sRdxQwAAYkJug
Kids & Co Moore Park Beach,ChIJ1SGdLj_G62sRZAzwX-HBSFE
Just Kids,ChIJ9blHjJdmeGkRLBBxwiIMTAg
First Grammar Early Education Centre Freshwater,ChIJKzi8WgpleGkRlhn99mGUSSE
Cairns South Early Learning Centre,ChIJ2XeUAAhieGkR5ohsk0Msa24
Cairns Community Kindergarten,ChIJDWnP5SBkeGkRbo5rqOZJP80
C&K Balaclava Community Kindergarten,ChIJbV48vw9keGkRxQQpCro6-T4
CCPS Little Learners Early Learning Centre,ChIJo0ZLb9Obk2sRxiNLZfFaB44
Sage Infant Care,ChIJHwW3EXRckWsRcknOJQw1riE
Little Diggers Cairns,ChIJVVXByQBleGkRhInADb1UubM
Milestones Early Learning Smithfield,ChIJPeeF5rZveGkR6HcT0u26uRA
RAATSIC,ChIJz5kSt5dmeGkRhdtpqA-0qi4
Yorkeys Knob Community Kindergarten & Preschool,ChIJwQMyifpueGkRO59QtEuPoBU
Kuranda Community Kindergarten,ChIJl0rdr2VweGkRw15qdGzIMrM
MacKillop Catholic College,ChIJNWfaj-mJeGkRr9WZdWVZGwA
C&K Boopa Werem Kindergarten and Preschool,ChIJczUm6KZmeGkRkG2DnDOpbhw
Milestones Early Learning Caloundra,ChIJRygAJ-qbk2sRscTMFr1E7gI
Montessori Tingalpa by Busy Bees,ChIJKZj7VZ9ekWsRGJUDX-2XhvM
Inclusion Support Agency,ChIJIxaqws1leGkRzwUJRZ797R8
enVizion Group Inc,ChIJf9NxUZBmeGkR-Lxr-i_KEns
Lady Gowrie Currimundi Community Kindergarten,ChIJL-JZsLyfk2sR18rlLaLYYUo
Poppi Group,ChIJq6rqcZNmeGkRgw_rCYOkwDk
Goodstart Early Learning Baringa,ChIJQfPzTr-bk2sR8fYtKM9SzJs
Soulty Tribe Threads,ChIJE2SdJmWZk2sR9uxqk75YpTo
Camp Hill Family Day Care,ChIJqYFxAUZbkWsRgQdHQ-xa2Jc
Whitfield Community Kindergarten,ChIJ3YGuA0ZkeGkRzIrF5XwBuZ0
Pelican Waters Golden Beach Kindergarten & Childcare,ChIJH5Zt7IOZk2sRHdOove2Nifs
Cairns Sheridan Hotel,ChIJ356WeYBmeGkRX4SPWB62mNU
Helping Hands Tingalpa,ChIJ35h9SI9fkWsRJ5xkWE373CM
"Stepping Stones Education and Care, Family Day Care",ChIJjegKU_pOkWsR5ljOlTrMYek
Harmony Early Education Coorparoo,ChIJn-286rJbkWsRfZwYyMzM4Vo
C&K Kin Kora Community Kindergarten,ChIJqdYAc7R0wmsRgEnMI68FwDY
Bayview Kindergarten Association,ChIJEScRKubvk2sRbUVmZUqUs3w
Sunny Days Child Care Services,ChIJcVqh7RFbkWsRRjdVKqpjQ28
The Lakes Early Learning Centre (Child Care),ChIJSyZeAShKkWsRpZ7BoVqOiw8
Happy Hearts Child Care and Kindergarten Richlands East,ChIJI6XuUHpPkWsRBVTAmMfJI5M
Lollipop Lane Child Care Centre,ChIJO4hkawUDkWsRIb0uzbsbNOw
Enhance Family Day Care - Gladstone,ChIJ4b8mkPN0wmsR6h8FdVYBC0M
Munchkins Early Education Centre,ChIJg1H6gyYXkWsRwzMvnRJmMZs
GCIT Children's Centre,ChIJD7m9XTUFkWsRdoF983ROxvs
Kidi Kingdom Child Care Centre - Springfield,ChIJTzS0og5EkWsRRXvIAqUWG20
Montessori and Early Childhood Training Australia (MECTA),ChIJ9WfDOytPkWsRxZWFKvmKlhM
Kookaburra Creek Kindergarten,ChIJhQGHpU5zwmsRzZmEDq5ypx8
Child Care,ChIJiww8Us8ckWsRmeCMXL00kp0
Bundall Early Education Centre,ChIJXwq-KVwFkWsR7-igOnUqKuI
Kool Kids Isle of Capri,ChIJjUoIphAFkWsR6fUXWe6Rsf8
Little Locals Richlands,ChIJrU2L9VlPkWsRQeUPCjt3qss
Carey Lane Early Learning Centre,ChIJn4oL1_APkWsRKYE-qIJwH4E
Play and Learn Helensvale,ChIJha62ABARkWsRgzExoaMvOZU
Southport Junior Campus,ChIJx8xFafkPkWsRRkJBm93K5-c
First Aid Course Mermaid Waters,ChIJF3OICngFkWsReRnHw07elHo
Mudgeeraba Early Childhood Centre,ChIJFwVHvvYckWsRZ5Xgjklm1Oc
Bright Kids Centre,ChIJPw1IW1wakWsRRwwV1YPjzLg
Sunkids Robina,ChIJd51iWpIdkWsRq_z5FQneXSA
Kidi Kingdom Child Care Centre - Coomera,ChIJWS5_OzRBkWsRDrwn7qx74Eo
Bauer Street Community Children's Centre,ChIJ-bHOX4sPkWsRuiuFtr-NOBI
Papilio Early Learning Coombabah,ChIJjfyI2dARkWsRf8spYg6uYcE
Kindy House Early Learning Labrador,ChIJhUtISdgPkWsRDBzliehJBY0
Noah's Ark Preschool & Child Care Centre,ChIJkyq0ti0DkWsRoKnBmaatuW0
Whispering Gully Childcare Coomera,ChIJZ3iVEi4TkWsRHHhasZReIyI
Sunkids Burleigh Waters,ChIJCTLMlxADkWsRnOAWCv93Bc8
Carrara Tiny Tots Early Learning Centre,ChIJQe_A4gUbkWsRjHUxkTvTjA8
Tiny Trader,ChIJgSVCyM8dkWsR2Lddi665ryE
Harmony Early Education West Burleigh,ChIJq9P1NqEDkWsRZpotTksJa1o
C&K Coomera Springs Community Kindergarten,ChIJLetD4vQTkWsRveB2Tbca3PQ
C&K Mudgeeraba Community Kindergarten,ChIJJ6ToC_MckWsRuC3X4sTFv74
YMCA Benowa Outside School Hours Care,ChIJdXTZDu4FkWsRQaD4MZA0DaA
Crestwood Child Care Centre Montessori,ChIJpy_LuqAakWsRC2YJHFieQuQ
Dolphin Ave Early Learning Centre,ChIJy38gJnAFkWsRC9BN0Fov6fM
Fuji International Kindergarten,ChIJSzKX7qsEkWsR1E5QkW0TReY
Flourish Kinder,ChIJ7SDy0XUckWsR6YOMUEkQFvE
The Cottage Ashmore Early Learning Centre,ChIJ7_-FzL0akWsRG6CXgdVGpow
YMCA Musgrave Hill Outside School Hours Care,ChIJiSsEXOIPkWsRH2L9Qbi6nnw
Happy Hearts Child Care and Kindergarten Park Ridge,ChIJMYqvcNxHkWsRfhtIb07jBPQ
Cubby Care Early Learning Centre Beenleigh,ChIJBSfYwjJAkWsRtNEqWalVCLY
Hatchlings Early Learning Centre Waterford West,ChIJg4-zVzZBkWsRcLep7tDPB9s
Kingdom Kids Early Learning Centre,ChIJtbSR84dpkWsROzmIOnTybTQ
We Belong Family Day Care,ChIJMe9C17BDkWsRpnO7WDWwvd8
Edge Early Learning Marsden,ChIJE1VqKc9GkWsR0f_GIdgtEY8
C&K Greenbank Community Kindergarten,ChIJVV6tRsQ3kWsRcRkCQyt6Hhk
Nottingham World of Learning,ChIJt8AZUcNFkWsRf2L7U9FUouo
Milestones Early Learning Hillcrest,ChIJ-eSQVTtGkWsR2-Fn5EBdEvA
Australian Childcare Training Institute,ChIJfxyfCPFDkWsRA3ZJJ-a4mxI
Sparrow Early Learning Ormeau Hills,ChIJAQBwoOMUkWsR3EsJJ96mmWA
Jimboomba Community Kindergarten,ChIJ_4ddCQ06kWsRGBIb0oalL44
Twinkle Toes Beenleigh Logan,ChIJeTW_QFxBkWsRx9j0qFEhqvk
After School Care & Holiday Care Mackay,ChIJN2m1a1bR22sRgt25epCT2sw
Goodstart Early Learning Andergrove,ChIJWepVmcTV22sRvM9HSkha7Uk
Carlisle Adventist Early Learning Centre,ChIJ87UBIbfV22sRYxcO36fuOXw
Kidzplay West,ChIJp5U_W3LT22sRdJEsI9QNYVo
Kool Beanz SUNS Harrup Park,ChIJzx5rfcLT22sRJ9nYos78fuI
Community Kids Glenella Early Education Centre,ChIJk_Y8HovU22sRESU6zSmHsMc
Inclusion Support Mackay,ChIJe_af8_fT22sR4Zb1-ZZvBTk
Roslyn's Day Care,ChIJq1IxXuHT22sR79X1oowy4yE
Kidzplay & Learning Centre,ChIJ2-WrCkjU22sRdta6uoqndRI
C & K Carramar Community Kindergarten,ChIJRxgMMw5n62sRPDv27EXb814
Kindulili Early Learning,ChIJkSf7c4P6k2sRM5bZUBKY9ZU
Genius Childcare Granville,ChIJ7XoP9Ktn62sRgPX_VKT1TGI
Clearview Early Learning & Kindergarten,ChIJ5Zjrac0bkWsREKRlsFtR0CE
Imagine Childcare & Kindergarten Maryborough,ChIJ3117pNBn62sRynWoGo8ksI0
C&K Beaconsfield Community Kindergarten,ChIJqW-ENEvU22sRt5xMZkG2wNk
Goodstart Early Learning Rural View,ChIJmezdhJrV22sRFQdtX0usLGo
C&K Eimeo Road Community Kindergarten,ChIJ9_i0wJrV22sRzUkC7yknCJY
C&K South Mackay Community Kindergarten,ChIJywRzIsPT22sR7RgzKEeIk1U
Kookaburra Community Child Care Centre,ChIJOXM2es7V22sR-mmLXo73ylo
C&K Mackay Children and Family Centre,ChIJG05Zd9LV22sRprW_2neDyL4
C&K Slade Point Community Kindergarten,ChIJv7Hn5BbW22sRqEGoQYZZJhM
Edge Early Learning Maryborough,ChIJKScLnwVn62sRPFDa0Icu4U4
NCC Early Learners Kallangur,ChIJC_zCQhv7k2sRdNdY--Tdxkk
Little Treehouse Lane,ChIJXTiskTPT22sRzufAkzylkNk
Hot Tots Educational Centre,ChIJG3GaYKXT22sRklPlAzQuXTE
Goodstart Early Learning Eimeo,ChIJjYu8JRl-2WsRqQgzMoZoTGY
Genius Childcare Nerang,ChIJJWNvKVwakWsRrTobZ5pscZo
Tinana Preschool & Kindergarten,ChIJ1ULU049n62sRE3t5uvCzM9E
Kinder Cottage Early Education Centre,ChIJFZACv7AbkWsRb9hV4uzPX_I
YMCA Pacific Pines OSHC,ChIJd2VEvQgRkWsRU-ERmOi10Qs
Sunkids Benowa,ChIJZXbTgjIbkWsR4uOg6Jq9304
Little Bouncing Bears Early Learning Centre - Upper Mount Gravatt,ChIJrdR9OrVEkWsRcRM2FJwsZiY
YMCA Arundel Outside School Hours Care,ChIJ-92bJ-URkWsRQNASD7sl2wY
Goodstart Early Learning Gracemere,ChIJr8zGZD2pw2sRWljHsEBjVRU
Enhance Family Day Care Capricornia,ChIJh9vrYwmqw2sRr-JwNuitNNs
YMCA Merrimac Outside School Hours Care,ChIJ66nGX0YbkWsRHm7Y_rbIg-4
Kandies Kids Learn And Play Centre,ChIJSxsRR0UakWsRD4_fMWk-l5Y
Goodstart Early Learning Gaven,ChIJ9ZVewcQQkWsRn3rtw6Uf89M
Kallahra Child Care Centre,ChIJY1oYuwkBw2sR-rZd0Um958w
Goodstart Early Learning Rockhampton,ChIJaRojVqEAw2sRkdsJZLn3ls8
C&K Glenmore Community Kindergarten,ChIJicboQz0Bw2sRBIwPUE7IIEo
BTP Early Learning Centre – Child Care Eight Mile Plains,ChIJE3pYLbtEkWsRe22mOwYo1k0
Skippy's Early Learning Frenchville,ChIJ53XG9awBw2sRyPBkq-Usd2U
Allies Early Learning Centre,ChIJKV-rQQ-qw2sRPH_UB_J7rvM
Aced It Childcare Consultants,ChIJoRMO_-sPkWsRpnfl1g8ml0g
C&K Berserker Community Kindergarten,ChIJEf2s9vQAw2sRhgjHAlTuY_w
Kawana Childcare Centre | Journey Early Learning,ChIJtalqqSEBw2sRCnHEaL6zLIU
C&K nGundanoo Imbabee Community Childcare Centre,ChIJz5YL920Bw2sRw9ho1JejrIg
Parkhurst Early Learning Centre,ChIJXdYMUWABw2sR_vzC5dgactM
Helping Hands Robertson,ChIJE31BNSlFkWsRx9FMxeYFbl8
The Avenues Early Learning Centre,ChIJN0aLJ1hEkWsRAHtI-OhfyPQ
Mount Archer Early Learning Centre,ChIJA29Z-loAw2sR4JPuAii1OSo
Natural Wonders Early Learning,ChIJn2R6AKkBw2sRDcuCDI1wmvY
Mayfield Early Education Norman Gardens,ChIJ3TIZLQoBw2sR8FV8tXroa5I
C&K Bundara Kindergarten,ChIJJyGMs1QAw2sRHyK2OuENrSg
All The Green Things - West Village,ChIJvZYpZw9RkWsRSU7ze0DcU6I
Piptree Early Learning Heritage Park,ChIJ7zxc1lRGkWsRvnJl-6cNVm0
Piptree Early Learning,ChIJWSo1X7hEkWsRJJuHMYsM8ZU
Green Leaves Early Learning Rockhampton,ChIJ78SYDVEBw2sRISqdP2-LXHc
Guppy's Early Learning Centre - Frenchville,ChIJafAqglUAw2sRPiGLsqiPnwc
Little Zebra Childcare and Kindergarten Gracemere,ChIJJy6PgcOpw2sRnrPqi97k7hs
Le Smileys Kindergarten Gracemere,ChIJYe9WmS-pw2sRsgtOHkCLw6g
Vera Lacaze Memorial Community Kindergarten,ChIJNyCDm1tclmsRcvWDXey1sQ8
C&K Stretton Community Kindergarten,ChIJE5KAVdJFkWsRng8YQatTIKw
C&K Fairview Heights Community Kindergarten,ChIJE52Pht1clmsR2Ed1UGtwK2w
Hall Thorpe Sports,ChIJVVUVBGRclmsRRR-gGth_sYo
Piptree Early Learning Tanah Merah,ChIJMc7DHidCkWsRxi77E_93ctU
Little Miracles Community Kindergarten,ChIJiSbSqotclmsRm4Lfv7hzBhY
Toowoomba Gardens Early Learning Centre,ChIJswUdiztdlmsR9V_3_Ky4tJU
LEAD Childcare,ChIJ2Y3tIOZclmsRs0qlC9YLWXo
Miyamiya Children's House,ChIJ5be1DSRclmsRGre6VqwX7qQ
Toowoomba Anglican School Kindergarten,ChIJgwcrFNddlmsRLS1RbSCqwKE
Busy Bees at Toowoomba Central,ChIJM4S7iKNdlmsRdtH5otCl2Ok
Kulila Indigenous Kindergarten,ChIJLbSj-EJclmsRKmG49RkJPos
Charley's Place - Head Office,ChIJ70CucL1dlmsRSd596XlioKA
Concordia Lutheran Kindergarten,ChIJ7VB__fVblmsRMZVY8viod4M
Safe Places for Children,ChIJC9W6ZGtclmsRD4FcF7Zlp0w
Glenvale Preschool,ChIJN8JgFaRclmsR9N-wTovr60U
NCC Early Learners Withcott,ChIJvQ0izv1elmsRhFMCcSD8-P8
Natural Beginnings Early Learning World Child Care,ChIJ2XwRy_f51WsRKlDKPSA_TgU
Kennedy Place,ChIJ49RbRsL41WsRv27Q4VwmuA0
My Little Feet Child Care - Aitkenvale,ChIJbz-S-xj61WsRgD_5LL-e1Ow
Goodstart Early Learning Kirwan - Burnda Street,ChIJq0syEa_w1WsRjbKcIb_XwuE
Helidon Early Learning Centre,ChIJfbyHWOf0lmsRBP9A9P-EvwM
Highfields Kindergarten,ChIJ21spCyJnlmsR9LVhl8N8SbM
Milestones Early Learning The Lakes,ChIJ9Xr1mqj51WsRIW2quca1hmQ
Playmate Day Care & Kindergarten,ChIJOdcljLL51WsRdweOA9YR0Q0
C&K Mount Louisa Community Kindergarten,ChIJa1eapfH51WsR7HLgCMig_KE
C&K Cambooya Community Kindergarten,ChIJTaoX9z5OlmsRUzA7GbqePk8
Imagine Childcare & Kindergarten West End,ChIJbVgM2bP51WsRUl21niyN4tw
King Cole Daycare & Kindergarten,ChIJL5OiWUX51WsRrtPPbNT3ZVw
My Little Feet Childcare - Idalia,ChIJTzV0fu_51WsRPBOa9wjjEQw
Thuringowa World of Learning,ChIJjeCReabw1WsR2sKEX_uouWE
Green Leaves Early Learning Kirwan,ChIJb0ySSBnx1WsRnTGYLE4C1WI
Guppy's Early Learning Centre - Wulguru,ChIJoeYiLEH71WsRhvJ_1cz10GA
Milestones Early Learning Kelso,ChIJ7TwDWOnv1WsRLvI6THih8b0
Green Leaves Early Learning Belgian Gardens,ChIJjxkn8JD51WsRctX-MUc16Mw
Lilliput World of Learning,ChIJc-mBbJD51WsRD2PcLvjA-Yo
Townsville Montessori Pty Ltd,ChIJKSpqww_61WsRATh041opsEs
Cubby Care Early Learning Centre Allambie Lane,ChIJW_EWi3bx1WsRpN_YPenDfMs
Mayfield Early Education Wulguru,ChIJn2uDI5v71WsR-gRKjB_wApM
C&K Stepping Stones Community Kindergarten,ChIJ79tNpwr61WsRN_AcJu-MF8U
Marian Catholic School,ChIJPb2acqH51WsRBlU6NsF91w4
Rochedale OSHC Association,ChIJ_SFJPk9DkWsRs8hZ5yhmSZk
Mount Louisa Child Care Centre,ChIJa47owN351WsROkBCqwv3kBM
Goodstart Early Learning Cranbrook,ChIJRZKw1A_61WsR0ibbVj58CJE
Koala Kids Playgroup,ChIJW82brEFDkWsRazjsLb4BSRc
C&K Kelso Community Kindergarten,ChIJa-L22e7v1WsRta5fWqLHGc8
C&K Bluewater Community Kindergarten,ChIJg3n5uhKiDwQRo9Znpw0hOFA
Milestones Early Learning Gulliver,ChIJpeHz8Jb51WsRGLi0VtBL7aQ
Life Early Learning Centre Townsville,ChIJE-GBJ5v51WsR8TDDfHi81jY
Barrier Reef Institute Of Tafe Community Child Care Centre,ChIJg0UcU5n51WsRW8OKK7qTJ_4
Wee Care Residential,ChIJfV0tXSP51WsR18gjpbYKB84
Captain Teddy's Kindy,ChIJXT-NMw3w1WsR8EF0_grob5k
Sunrise Kids Early Learning Centre,ChIJY8GIKIL21WsRL8rWxzRYy3o
C&K Western Suburbs Kindergarten,ChIJOSU0EY_51WsR07RqJBSOyag
C&K Weir Community Kindergarten,ChIJ87iibpnw1WsROCygWrEkAoM
Bluebird Early Education Berrinba,ChIJ9WWtKeRHkWsRF34dLtm_s8A
ECTARC Early Childhood Training And Professional Development QLD,ChIJcbHqZ0BFkWsRw83oCC3uCSs
Logan | Ashley Institute of Training | RTO 20749,ChIJNeEX3sJFkWsRlPeEf4s616Q
Ecochild,ChIJx7oz7UtFkWsR9G2HAy4uXQM
Milestones Early Learning Cranbrook,ChIJUY1vnxD61WsRJTYr-ATzkUQ
Safe Places for Children,ChIJlbuLeLf51WsRCfo0sbQdSp8
Imagine Childcare & Kindergarten Rochedale South,ChIJM3-gIIxDkWsRIWczZqfutxA
C&K Koolkuna Community Kindergarten,ChIJPWG3S9H41WsRP0XldBoot5o
Australian Nanny Agency Directory,ChIJtb-meur41WsRT0IdNa11AnY
UNICARE CENTRE,ChIJA8ffVSX71WsRPUpn6zmTp-8
Unique Unicorns,ChIJk335mo3w1WsRKPGLI4o3Zgs
Imagine Childcare & Kindergarten Jensen,ChIJVyZgtXf31WsREyDFxL7_MAI
Townsville Family Daycare,ChIJaf-smEaeDwQRUSiNljabZrE
Goodstart Early Learning Idalia - Lakeland Boulevard,ChIJRzgYNl_51WsR8tUF5i9zsuQ
Lady Gowrie Headstart – Currajong,ChIJ1dUyNKD51WsR3HYINCegPRU
Aitkenvale Child Safety Service Centre,ChIJe8SRgSD61WsRrcs0ZPAFxXY
Thuringowa Early Childhood Centre,ChIJ9aOGcKbw1WsRU6BAEVs8r1s
Cubby Care Early Learning Centre Condon,ChIJW9LsHF_w1WsRuoiAbUvy7JY
Angelfish Dragonfly Children's Boutique,ChIJZyyMvHz71WsR6xZyoLNARKc
Goodstart Early Learning Townsville,ChIJOYYi8JPw1WsRWMw1zAb4MZQ
C&K Kirwan Community Kindergarten,ChIJlVGcVq7w1WsReiHT1Imm47c
YMCA Chatswood Hills Outside School Hours Care,ChIJhePseMRDkWsRoMJyKrEsEi0
Kids Patrol Idalia Academy,ChIJcdUpRq_71WsRR7h0egrOPbs
Kids Early Learning Centres Condon,ChIJGxzwVkXx1WsRA-krGwjAPzA
Kensington Kindergarten & Child Care Centre,ChIJ9UK65Qr51WsRD6-hex3wo0w
Unicampus Kids,ChIJm9kyq2X61WsR_qJJZqb-IBY
Guppy's Early Learning Centre - Wulguru,ChIJvyYQnYv71WsRlmDUXf5DOZQ
Cubby Care Early Learning Centre Mount Louisa,ChIJ_6zr3V331WsRGciL8tmB5Kg
Goodstart Early Learning Annandale - Brazier Drive,ChIJF2QobtD71WsRzKp1LC0FEhQ
Goodstart Early Learning Kirwan - Golf Links Drive,ChIJaZB_6MHw1WsROTvSwXbESiw
Vickers Road Community Childcare Centre,ChIJoQYp-mfw1WsRRAm9TangdDw
Green Leaves Early Learning North Shore,ChIJPfmns2_31WsRzJeTAthEqdc
"St Mary MacKillop Early Learning Centre, Kirwan",ChIJ_-thxpTw1WsRVbQkWjAjlnY
Imagine Childcare and Kindergarten Flagstone,ChIJGav_PgYxkWsRDtxG1dQnW8Q
Bernie’s Backyard Doggy Daycare,ChIJP7e3GiUFkWsRuHo_Ytd2DKc
Eden Academy Middle Park,ChIJhQKhaXRPkWsRlYw6r4C_mbA
Lion King Family Day Care,ChIJI03vyZsckWsRzp98NU8cmIU
Morayfield Child Health,ChIJjTytFgzzk2sRTQMKokKhNhM
Bahrs Scrub Early Learning Centre,ChIJ__9zUxFAkWsRIA6cJKP0sVQ
Papilio Early Learning Wakerley,ChIJXR56xoFekWsRkqF-kPhniQQ
Cubby Care Early Learning Centre Browns Plains,ChIJ09kBBF1GkWsRcKeM3u9To5E
YMCA Sunshine Coast University Hospital Early Learning Centre,ChIJGVsedLGfk2sRLKYLXzuW4lA
Kip McGrath Caloundra English and Maths Tutoring,ChIJ8W848TiZk2sReugzQrVaF68
Harmony Early Education Yarrabilba Drive,ChIJ1zGWbZ8_kWsR9CexxogEKro
Milestones Early Learning Boyne Island,ChIJ6SCNiLTh6WsRjVCWKas9ajY
Rupertswood Kids World,ChIJGT_eTfby1WsR2gdwd21DREU
Milestones Early Learning Meadowbrook,ChIJgUdnkWZBkWsRxA7FOYOVudc
Riversdale Early Learning Centre,ChIJzbYmqjERkWsRkSCNxhnv7oc
"Directions - Psychologists: Learning, Behaviour & Emotional Resolutions",ChIJ7xzG83H51WsR5GXEhoqkrVE
Kindy Patch Springfield,ChIJwwCgzxBKkWsRtYLSywzu_pM
Child and Family Health Community Centre,ChIJfYGg0IldlmsRQnl6DnzjbIY
Seeds Early Learning Centre Shailer Park,ChIJya_TUUFCkWsR9RD82PBv158
Hyperdome Early Education Centre,ChIJGxYZkDBCkWsRpuMKoph8FSg
Goodstart Early Learning Tallai,ChIJyf8vJYwckWsRFdHr-gFk-7Y
Woodford Early Years Place,ChIJPRSYFo11lGsRHJM28Pj-xRw
Mater Private Hospital Townsville Hyde Park Campus,ChIJdWdjrRH51WsR154boWbu3pw
Leading Change Psychology,ChIJ__8PFvL41WsRW8JLnlCxTuA
Nurturing Family Day Care Scheme,ChIJ7SlNsqt5k2sRK2sjCvDcAE0
Plumbdog,ChIJgaK6ENa6MioRQSe7F2CUqGY
Roofeze Pty Ltd,ChIJbzjLYye9MioRX56Xny-1v_o
West Assured plumbing and gas,ChIJWZMOt5uVMioRpSWUKKKtqvc
WA Plumbing Co,ChIJq6o6alSiMioR9xz--7Pxg-Q
Real Plumbing and Gas PTY LTD,ChIJBYXx43uDMioRThN6KAWnntc
Willetton Plumbing & Gas,ChIJ__8LnPu4MioRWUqQNriteLQ
The Sink Warehouse,ChIJ7-ysB8aFMioRDO2IbBQyrh4
World of Plumbing and Gas Pty Ltd,ChIJK18dNwyzMioRdOT0Cndogcc
"Richtek Electrical, Plumbing, Grouting & Roofing",ChIJE_hQGta6MioRnntoIzo7dIg
Copper Plumbing & Gas,ChIJezjIzEytMioR2OdVPlDmYbU
Plumbers Of Perth Pty Ltd,ChIJ36h6jRGxMioRHvGAm1iviBc
Whitewater Plumbing Services,ChIJ07_8Rzp_MioRa8mxwGUH05Y
Scott Ashwood Pty Ltd,ChIJz4-4H9a6MioReVHviECerqU
"Gasquip Plumbing (Bosch, Dux, Thermann Hot Water System Service Agents)",ChIJlweSol6sMioRXfOsAmNzTeM
Bps Plumbing & Gas Fitting,ChIJ___z11OsMioRPWebrNSIeB8
Rubiks Group Pty,ChIJR0H8U4-5MioRqIflTsczc24
Gilco Roofing,ChIJ7VgIU2W_MioRiguMIa-crzI
Busy Bee’s Plumbing & Gas,ChIJ__9LrnqrMioRfQHNidPDtKo
TPR Plumbing & Gas,ChIJkbCC1xivMioRWS9Y0ew-wMM
Seacrest Plumbing & Gas,ChIJ__8PffJUzSsRUKJjgNLyQEY
Plumbed Right,ChIJSy9LibitMioR1OIwdvTUFJg
gecko plumbing,ChIJsU5HGyGvMioR5pEQSDeVxB0
Anila’s Hair&beauty,ChIJZzUZ3jCbEmsRCbNgjjDfkUU
Professionail,ChIJyzB8ea2aEmsRQo64eprvLM4
Jonelle's Hair & Beauty Design,ChIJ7TpfabGaEmsRUSjvY833L64
Hair Options by Mary,ChIJa2dP-rGaEmsRoE930wrarII
Desi Cutz St Marys,ChIJW_VtIQObEmsRFHmuqhEoVr0
130 Queen Brothel - Asian Brothels St Mary's - Relaxation Massage St Marys,ChIJBQUJ4MWbEmsRLeX21NojpfU
Davy & Dina,ChIJzZp5kBWbEmsRnVjwUPaQHTg
Steve's Mobile Coffee Machine Repair & Coffee Grinder Western Sydney,ChIJscn0gsyaEmsRB1WYSbnls0g
Target St Marys,ChIJUXh1Ja2aEmsRKRTVebJ4URY
Desi Cutz & My Style Cuts,ChIJrdPnI-6bEmsRNBRbJaPxB8Y
Giddy Up Barber Shop Werrington County Barbers,ChIJE0dkysiFEmsRLq0Wsj4qWfE
GoodFellas Barber Minchinbury,ChIJ88-dl8KbEmsRE-tGMjxrbZ4
Hair Cosmetica Pty Ltd,ChIJy201iLeaEmsRpxo3UtHPiig
The Coffee Club Rouse Hill,ChIJP3154n-eEmsRtu8KCJ11XGI
Lowes St Marys,ChIJUXh1Ja2aEmsR1XwZdhhsojE
Hair + Makeup by Xya,ChIJO_Ltb0KFEmsRi6xh9KY_ggU
Tracy's Essential Looks,ChIJIwx0uJOPEmsR2sr4uQNwhE4
Top Kuts Colyton,ChIJ00ghnOmbEmsRYK8lbo2Cr9k
lauraj hairdesign ( Homebase Salon),ChIJbwDZ83WFEmsRXV2_dbSinLU
Indian Beauty Secrets,ChIJnaXbeyuPEmsRmrD1e76vo7E
Lady Di Cosmetics,ChIJcapz0giFEmsR0wGWdUpsAC0
Allan’s Barber,ChIJD7SO9AOPEmsRRaKA_XsBGFk
Vanity Lash Room,ChIJt7TH6vSbEmsRhQy2szfWKew
Flashy Lashies & Lash Supplies,ChIJnwdEIW2bEmsRDRlTaAcCVg4
Blends & Brothers Penrith,ChIJdU-K-IWFEmsRs_9W6J4C1rk
Alisha's Beautique,ChIJfef9_ReFEmsR6FyD1e8mYNo
USFIN ATELIER,ChIJ_0NQd9yvEmsR902gVxKNkZU
Amber rose cleaning services,ChIJncwTErKbEmsRUkoKnU2bPjI
Beauty by Brooke,ChIJHdiyQaaFEmsRkso3_D47Vas
iWon Auto Detailing,ChIJycXkxbKbEmsRCnT_SZj6rcU
INDULGE by Hina,ChIJyf3swXqbEmsRI5NY9sG44pA
Anjeos Hair & Beauty,ChIJe490rXioEmsRXenBI6igX4w
A1 Hand Carwash Penrith,ChIJq51RwViPEmsRGvds2fQbAPQ
Wash 2 Go Car Wash,ChIJG8yBIUuPEmsRBfrsvUX3bDY
Forensic Detailing Garage,ChIJLzeKFRSFEmsRF22ND-m0mWg
Star Car Wash - Sydney QVB,ChIJBe1K9fqvEmsR3sMbGEH2plY
Lovas Automotive,ChIJ7WS3NL-aEmsRugRTs6WgYcE
WJ Automotive Pty Ltd,ChIJiVDzAMuaEmsRmNMJkcbPxVo
Roberts Automotive Repairs,ChIJUy7PXgebEmsRyi26S6lohbc
Concept Paints,ChIJX5nPD9OaEmsR9kk9QS_yBq4
Hughes & Gibson Smash Repairs,ChIJl93coxmbEmsRtmMl0Jsjzys
Out West Mechanical,ChIJTYxsGc6aEmsRU3GAg-NAMLk
DEMO AUTO REPAIRS,ChIJVVXpea6aEmsR2YnKk1WZD4g
Tint Experts,ChIJoaI4OjeaEmsRhL17cjGNOk8
Complete Body Repairs,ChIJnbVdmtGaEmsR6r6IqI4qRAY
Scott Doney Autos,ChIJhWxJ6MmaEmsRlGUP6yQVLf0
United Smash & Mechanical Repairs,ChIJMx2zXLSbEmsRDD8gQZk5yXg
Davis Distributing Pty Ltd.,ChIJEf_Yje6ZEmsRda51IXdytaA
EZE-10s Performance,ChIJr2bW4ceaEmsRAh1Eqgdxv9w
The Skyline Shed,ChIJ77vtjpybEmsRXlPee-R-KBs
Shop RV Parts Australia,ChIJUe02tDVU9EcR5tUVtgNwc_I
RodricksBros,ChIJAQCQxLiaEmsRi_Fszwo-y_8
Ampol Foodary St Marys,ChIJNTMoL8maEmsRgzNThoXrHQU
mycar Tyre & Auto St Clair,ChIJZ1zoGB2QEmsRBCeFVF5bFiY
House Of Customs - Signage & Vehicle Wraps,ChIJTbXg96OUEmsRhnKl4kit7XI
N & K Transmissions,ChIJnfbhA8uaEmsRPlfFb7psZAM
South Bay Electrical,ChIJMVVP1sHWpAoRJvY5wy2ajwM
Brightspark Data & Electrical,ChIJy1rrP2KjMioRXfEbbWLLswo
Willyung Electrical and Controls Engineering,ChIJbz0nPdUgOSoRLP5Tx8eVpOk
Steven Murphy Electrical Contractors,ChIJcXvOqTulMioRb6SF0d3gPaI
Unity Electrical Services (WA) PTY LTD,ChIJL6Pow5eXMioRqJBgtmJDLSQ
Autofix AMR 4x4 - Repco Authorised Car Service Kelmscott,ChIJG47OKZ2UMioRvIcqtkDBA9k
Allied Power,ChIJ___PoTC-MioRzZqVFEE4QCc
Southwest Hybrid Energy,ChIJzzwdxus7LioR5rl8MGwag88
Precision Mine Contracting,ChIJxzPZg4W9MioRH5iaAXPCUOs
Kelmscott Service Centre - Repco Authorised Car Service,ChIJjTA2ioaUMioRD6GXe3jy_YQ
RJM Custom Automotive,ChIJbQV56nTrMioRDyY5doIQrPI
Prolek Electrical And Communications,ChIJVVXpY2yiMioRDsFXc9uHH1c
Priority Electrical,ChIJQUw8mCWFMioRTikj1ivJK5o
DBS Automotive,ChIJT9v0hQqjMioReHC8vBqDemo
Excellence Electrical Services,ChIJeZppPRelMioREyrv06mVMGY
Enrico's Electrics,ChIJAQCEKcFnTSoRn4V22jTwdHA
Scott Comms,ChIJCSq85gG7MioRfzu26_jiwxc
Oceanside Electrical Contractors,ChIJOf3zIL-HLSoR_lgkhOVp-lY
Lance Mechanics,ChIJZYqxLzuFMioRMN3RFG-4c8w
Ausbright,ChIJOxRx8MGbMioRGeqQcw73_JI
GA Electrical WA,ChIJzVI8WeSZMioRms3lyS7XhxM
Czar Electrical Pty Ltd,ChIJucTAI1U5Sa0RLR7EEun-1Ms
Essential Aircor Services,ChIJa6pMfaF-MioRXhQFYfg6N5c
Hector Motor Mechanic PTY Limited,ChIJC03nrQF_MioRY1pAvwggJok
Swan River Electrical,ChIJz629fwqvMioRjm1grdt0ZvA
Westside Electrical Perth,ChIJWdXJc_opKoURu8Gf23XzrsQ
Solomons Electrics EC004065,ChIJm9UqPdO5MioRWMr0ge8FxYk
UGL Resources,ChIJlw5HPtW6MioRulfdV5NMZSM
Delavale Electrical Contracting,ChIJ96E6lvOjMioRIJdrb-A3W34
Royce Cross,ChIJj5Ed_9a6MioRIQ8GJN_9ZqE
Driven Service Centre,ChIJpQdbTa2cMioRRghLV87WcGA
Il Cugino Pizzeria Leichhardt,ChIJf9BIcxywEmsRw7u_UiDD14E
La Giara Cafe Leichhardt,ChIJd_-1sxCwEmsR1TMwN4XMXqo
Koutouki Greek Tavern,ChIJJb0YwRuwEmsRSAaGXzxXUfk
Organica - Cafe in Leichhardt,ChIJLbslTl-xEmsRWKgZuAlZJaQ
Mr Qs Restaurant,ChIJX4LOzRCwEmsRfcKBBkpBfew
Coles Bundaberg,ChIJbRG3kNe762sRfDOOcJeffaM
Woolworths Metro Southpoint,ChIJCSzGrQ1akWsRW2A46m7h2AA
Fu Manchu Oriental,ChIJL8Jrs8AFkWsRz9LLxcXCBHI
El Attar Middle Eastern Grill,ChIJ8-TlnWpclmsRV8a-yjg1W1o
Steering and Suspension Warehouse,ChIJtTLduFhdlmsR50Yw-ErNf90
Bellarose Nails,ChIJ9QyZ1kFclmsRfjOjDVc7Sp0
Buds Customs / Heatwave 4x4,ChIJaX5QypZDkWsRWIcK9Z7xvS8
The Accommodation Centre,ChIJeyVhsJFmeGkRMyRuwJxLFJo
Cairns Shared Houses,ChIJwXKhWtJneGkR2rxSeKOJJTA
Cairns Waterfront Haven,ChIJKdzDSp5neGkRxKiZ1906L2A
El Dorado Holiday Apartments,ChIJNyKKQIZmeGkRyeNh8TCBavM
Regency on Spence,ChIJt7KQoJZmeGkRniYs73IDdQA
Robac Bulk Haulage,ChIJoUsucVgjKWsRlLB_DVI0JP8
The Dock Shop Secure & Destruction & Recycling Facility,ChIJd1LFO4MiKWsRUY3z357erIY
RTL Transport,ChIJ4zc_t2gRKWsRMn6tGeu4WD0
Boom Logistics,ChIJKTevmzwSKWsRRcdenoTcDO8
PineGro Packaging Facility,ChIJhbjgeUMTKWsR0ZalrBWXhro
Millars Transport,ChIJVWXNjZrPKGsR3XGYwy6UATE
UNDEFINED AUTOMOTIVE PTY LTD,ChIJsZrIcS8XKWsR9qvY3amk3nk
Coal Valley Coaches,ChIJ-RQb14ATKWsRMsT6id1IAqg
Gippsland Coach Tours,ChIJeeW5yYoTKWsRFKrKkoAu7CE
Tesla Destination Charger,ChIJFy6xeRgYKWsR6JQlWXkbP2w
Safe Freight Networks Australia,ChIJc20z6mkTKWsREsScBnvTwqQ
Morwell Station,ChIJ5y9K4xsSKWsRsCEaLKV5BR0
Storage As You Need It,ChIJL1t5le0TKWsR6T4xXUU6Umk
65 Northbourne,ChIJS1cK3mdNFmsRagXtX2fe80Q
The Italian Place Enoteca,ChIJiSEdabdNFmsR8KFj_5FSiBs
Liquorland Palm Beach,ChIJTVKTvjICkWsRVhRn6PAlg4Y
BWS Auburn,ChIJEazZM-SiEmsRgbNfhfSuRWE
Wine Selectors Warehouse,ChIJH9GjAS83c2sR0nRsgxBRzgE
Okami Japanese Restaurant,ChIJ33yNPxbJEmsRiuO3Jc9pTH8
Florist on wheels,ChIJhzK5KEe9EmsRzhJO6zJlH1w
IGA Bangor,ChIJx3QD_VHBEmsRHkil6o6dBeU
Super Cellars,ChIJf-K-3eamEmsR54msLpDUJ8c
Liquor Legends Blue Mountains,ChIJ_9qbBAFlEmsRD1sHsB4H544
Unbreakable Drinkware,ChIJo8-2XEOwEmsRmo9oXwFJYrA
Okami Japanese Restaurant,ChIJWV5sH_yxEmsRHIzeTV-hKkU
Howards Storage World Kotara,ChIJieqtSPwVc2sRkYuKFsM2fnU
Salvos Stores Neutral Bay,ChIJ18LS4oCvEmsRfCXRhj6uLJY
BWS Aberglasslyn,ChIJm6yrJ6FFc2sRw_NqZGPtCpo
Wagon drinks,ChIJt8qVIwj_nWsRqa0XNPzcyic
M.S Cellars Lane Cove,ChIJjeLfRJ6vEmsR8D_WcbNvi_k
Bird and Barrel Pty Ltd,ChIJ038mWvuvEmsRGNVGABV6EWg
Liquor Stax,ChIJ49lbJBKeEmsRav2CkUXtMpk
Vinnies Islington,ChIJVfnQk1QUc2sRse5QzxGESOU
IGA Lane Cove,ChIJBS1sQwGvEmsR7ktFD2JKiwc
MECCA Charlestown,ChIJmaTUbYw9c2sRWettjgqEaCk
Bay Hampers,ChIJ6dVXSASDc2sRJ8v4vUUvRbo
WineMax,ChIJDay3Tr-xEmsRGkB-6weZ14w
Coles Lachlan's Square,ChIJ-1P1Hj6lEmsRCzsUip7POYE
Woolworths Gordon,ChIJMRizhoioEmsRd7nYpJfH7EE
Lytic Ventures Pty Ltd,ChIJJyW-ilyvEmsRs0NtTTHgnis
Craft Drinks,ChIJ96ptbsivEmsR7tHB-YDWniQ
Kennards Self Storage Waterloo,ChIJExAWT8KxEmsROrwShEDH-6c
Upstairs Wines,ChIJxZ44qlfPcmsRdiibbFbd0Ac
The Reject Shop,ChIJP4M-3_CtEmsREM_tD_n3nXY
Star Liquor Karana Downs,ChIJhwWa8MCzlmsRYb-35woBrBg
Wineology,ChIJRf9HlWdZkWsR_jhzC03YtKg
Bottlemart Express - Nightcliff,ChIJswT--YOTwCwR4Aw6-oyN974
Craft Wine Store,ChIJfT3WFhBRkWsRxXBMeohgAFs
NT Oriental Emporium,ChIJX9Nve6CTwCwRpnCCGEBe-Uc
Liquorland Springfield Orion,ChIJvwsNRBZKkWsRi3E4a_XpGVk
Winery Warehouse,ChIJw6LjSEWXGGsRsreiuWPrUrc
Liquor Legends Uptown CBD,ChIJE8_b7gRakWsRAs6ZakLQTcQ
BWS Ann St,ChIJeSgT2JJZkWsRxlSiBCEDnXY
BWS Raintrees Barn And Drive,ChIJ7QNu4P5leGkROu4yXYhJFVE
LiquorStax,ChIJn3xB2TxakWsRQ7T0A1maKHc
Cellarbrations at Aspley,ChIJoSwZ5LLik2sRc8Lh6WdXegY
BWS Manly Barn,ChIJA6Ug4zRekWsReV67Z1LoGu0
Black Sheep Bottle Shop,ChIJ14lRw5pZkWsRP2al4jhLxks
Maison Blue,ChIJw8EBRGhbkWsRSU_W67sz8Gw
Kmart Bundaberg,ChIJvVwJZk6562sR0ZsN6qKR35U
IGA Xpress Buderim,ChIJI0-gx9d3k2sRIxAW4WRfu4M
BWS Manly Village,ChIJeffpumZfkWsR88u5YOQUcgw
BWS Fairfield Gardens,ChIJ0XifNHtakWsRkck5xvw9kgE
Bottlemart - Surfair,ChIJqTUIR05xk2sR_FqXqGVlWfc
Secure Storage,ChIJdTTIswlkeGkRmu2CjBB1HlA
Cellarbrations,ChIJ_9T379hPkWsRAqgoDmjE_kA
Liquor Legends Richlands,ChIJgwPsFtRPkWsReFyoqw-dynI
Liquor Legends Wishart,ChIJy6EvHJxbkWsRLGfBEunO9KU
"Cellarbrations Bottleshop, Manly",ChIJpTcrOglfkWsR_StuusQZ_24
BWS Surfers Paradise South,ChIJUVpNcfwFkWsRZFMi6GzcS40
Cooly Liquor Tugun,ChIJxw5Y4-gBkWsRQB3OVV5BTjE
Gift Hampers Gold Coast,ChIJVQObArQFkWsRmTGDU5bUoow
Like A Fine Wine,ChIJc1IdsdIt2msRQZgsAuvTJLg
Star Liquor North Mackay,ChIJXUiOp4rV22sRmTV71taDR9s
Liquor Legends Yarrabilba Hotel Drive Thru,ChIJzT32h1A5kWsRvcZF4Vky-LA
Liquorland Northern Beaches,ChIJJUys4zXU22sRdV7XjDzPmuc
Star Liquor,ChIJodFHDjfT22sR3hnvbbK3srM
Thirsty Camel,ChIJ48yqXhdn62sR-SF7P7lo2fE
Hampers For Her,ChIJl2U3FjIPkWsR41Pq0QFC8b4
Highland Park Cellars - Liquor Legends,ChIJUZH_o9kbkWsRSdKn3rVU-wQ
Country Road - Toowoomba,ChIJSRG_vGlclmsRUJtn9b-4OCw
Liquorland Castletown,ChIJRf8pmFL51WsRq_8OB5HKeDQ
Platypus Shoes,ChIJhXpH-WhclmsRojCJfNmG6o8
Fiveways Bottlemart,ChIJCbiHIFBclmsRe8NU8wFVu9c
Bottlemart - Criterion Hotel,ChIJF7GoN0FmlmsRLBRiwZjSRW8
Infinity Workwear and Safety,ChIJn9haYTtdlmsR7jaB6KERC-A
Prouds the Jewellers Toowoomba Central,ChIJHQrcAGlclmsRclN_0jY11aY
Laser Clinics Australia - Toowoomba,ChIJlfD9GmlclmsRj3K3ahkjJ-I
BWS Virginia,ChIJDbz8wPWvsGoRn9PfaqZZhv8
Violet 7 Wine,ChIJpzdOBsXPsGoRyw8iHWj4KW8
Vintage Wine Partners,ChIJKxQUqFTOsGoREbH8yZ2zYEo
Designer Wines Pty Ltd,ChIJJSzbbU3JsGoR4m4f4-gpIOI
Super Cellars,ChIJH9THL-RDkWsRjZoJQtL2x90
"National Storage Garbutt, Townsville",ChIJo1SXBsf51WsRhlLXslDYf00
Blacatoo,ChIJAQDwodfOsGoRz_gAI2GxWAQ
Star Liquor,ChIJi6hGy6xrkWsR6NkKfaCIeeA
Philicia Antiques & Collectables PTY LTD,ChIJ8xViJbfPsGoRkFc7VPtUZDI
Anvers Wines,ChIJ-39XxNzUsGoRmJD5BeaQs28
Coles Port Adelaide,ChIJ0fyIfebGsGoRndILIgBJffQ
Three Kings Wine Merchants,ChIJIQMR-g8psWoRTYywLrz-GbA
1847 Wines,ChIJ3QqvXDbluWoR_K_9Es-ZVWc
Turon Wines,ChIJlYohOFNIt2oRfUfxPKRNajY
LITHARIAN WINES,ChIJuS_8e39Nt2oRpQONztNBqPM
Mary Davine Wines,ChIJ38shWHjfuWoRpeDGn4U9JFk
ALDI,ChIJcdHkDAjYsGoRWKw73zyRbys
BWS Stockade Drive,ChIJkTFFk9mzsGoRWy7Imm1tu7g
Australerba Herbal Products and Spagyric Laboratories,ChIJyZNlWbrIsGoR0zp990cSiPs
Adult Shop,ChIJGaEckB-ncKoRT9jA-Bi_sls
Cellarbrations,ChIJceYQ3JmncKoRIme2KWjlW9Y
Bottle-O,ChIJE9qNb-hm1moRUXlwztSXh20
Okami Japanese Restaurant,ChIJfX5N8PhE0WoR6azZ5ExxL20
Mats Wendouree Cellarbrations,ChIJl33EXGlE0WoR37jYxSMCn_w
Clarnette Wines,ChIJWWK3_cHl0WoRz8oDJCPi6fA
Liquorland Fountain Gate (Warehouse),ChIJEehv1VIX1moR6FP5EyE-NYA
Annie Bella's Gifts,ChIJ18Yeq5VF0WoRC03euIayGVc
Cornelius Cheesemongers - Your Local Cheese Shop,ChIJF5yDBhBB1moRMKelFNSDSi4
Coles Knox,ChIJW5lhKz081moRmUWyvrwI2kk
BWS Mornington Central,ChIJLw4S367Z1WoRjzVaS2HpIic
Liquorland Richmond Traders (formerly Vintage Cellars Richmond Traders),ChIJuVvYBb5D1moRnXKcX2we7X8
BWS Plenty Valley,ChIJtag5v2ZJ1moRzWLOLS6_OUQ
Okami Japanese Restaurant,ChIJx4lMlKpE1moRwmtVXEnDNiA
Caledonia Distribution Pty Ltd,ChIJ0ULKEkxr1moRIE-QJ0xHhOs
Thirsty Camel,ChIJFcv4cGBq1moRkcnjSXiesQA
Jewellery & Antiquity,ChIJg2xMgmht1moRYI1NcVyXZr0
JIALIFT Australia Pty Ltd,ChIJvxPamG071moRH0QNHci03-I
Okami,ChIJT0W0Cj1R1moRrCtD7CCo0Os
Wick and Wire Co - Online Vape Store Australia,ChIJFZ0GAixs1moRwdnnosdPNws
Negro International Pty Ltd,ChIJ___Pi-BP1moRLwjUyWVlN9Q
GoDeal,ChIJMzvw46YV1moRE4Hd-vkKfTM
THIRSTY CAMEL (Clayton Station Liquor),ChIJ09dPrhNr1moR5bIu3JkXuPo
Barware Australia,ChIJCdbUwEUR1moRx3LK1ybEC4E
Wick and Wire Co Dandenong,ChIJJR3-6xcT1moR6BlZSJ0kN5Y
Konvoy Services,ChIJkTaNsn0R1moRGW4alcPsluw
Liquorland Botanic Ridge,ChIJp4RxdQMP1moRjuGQYIAP3Do
Wick and Wire Co - Online Vape Shop Australia,ChIJr0goltU41moRb1-KzL1r-sU
BWS Caroline Springs,ChIJ70F9deT11moRC94K_tRI39g
Matthews Liquor Warehouse Braybrook,ChIJtZ3uNDBf1moR4ghibvD0bIQ
Wick and Wire Co - NOW CLOSED TO COMPLY WITH 1/07/24 LAWS,ChIJQ9XtFOR11moRsF_-4dYDimw
Aussan Laboratories,ChIJJzZOv5dR1moR2eF1Hh7iaDk
Montage Home offers,ChIJjVhq2cdD1moR1IUo31hxOX0
The Feasting Shed,ChIJ1-umSi2F1moR4IgA1AoQD8g
Woolworths Watergardens South,ChIJ_VmNwlT11moRA6eYJDnz9pA
Okami Japanese Restaurant,ChIJY-12kMSJ1moRdJbKMj3HaYU
Monarch's Fine Wines,ChIJUXzUwD6PqCURG-8dAQR-8Cw
Kmart Corio,ChIJtzws8lkX1GoRpnnHkIx98mw
Fantastick Label Company,ChIJaav6FtJP1moRXWfao9kLook
Bottlemart Tyabb,ChIJm4r68Bjh1WoRcUGtlDar4ZM
Liquorland Spencer ST CBD,ChIJgXzfbE9d1moRc-Ea2zQfTPY
SANECTOR Mildura,ChIJ9cZyr6AEw2oRhWbxGSgVm40
The Bottle-O Exhibition St & Tatts Lotto,ChIJVUxeAMhC1moR-MkTm0nvVlc
Bottle-O,ChIJX_rly05d1moRL2SpVdpaDt0
Stuart Wine Company,ChIJ5aP0JFQq1moRA51JtSsU3zE
Public Liquor Collingwood,ChIJc7ofTo5D1moRx4WMmVJ5q_Q
All Fine Wines,ChIJx98IJYRL1moRXm4PScp2TNI
Business Events Mornington Peninsula,ChIJ22RlZFnP1WoR5nBZjAFxTQ0
Bottle-O,ChIJwZ9YPvlo1moR8dk8rMx3300
Thirsty Camel,ChIJLeNW2RZf1moR9yqCFyeMtUk
Le Feu Mornington,ChIJV0qPgX1t1moRd-JYsUO0JcY
Okami Japanese Restaurant,ChIJFVZUFgIf1moRbx02YZ-RheE
Wick and Wire Co Melbourne,ChIJz5AdfAYe1moRBhpMET_cxRc
Cellarbrations Wheelers Hill,ChIJ0R4uDg0V1moRRJ1uGVuVPYw
Preston Uniting Op Shop,ChIJHacbUPOKuUsRbJjKWFXys08
Bottle-O,ChIJO9YF9G9o1moRuT0hvtkdcNs
BWS Rosebud Central,ChIJSbH4-xjJ1WoRQ6pQWE3JRIs
Liquor Lab Northcote,ChIJxXo_pntF1moRIZyAtV4PQBQ
House Bed & Bath,ChIJsxMtAJp11moRgqyTCK7ybEI
Adairs Preston Homemaker,ChIJB0sO00lE1moRAN2QfatAu6Y
Bottlemart - Birallee Tavern,ChIJT-4vPntZIWsRFLgskR_CvYk
Sessions Vermont South,ChIJQywnvJY_1moRRQC3mXmu5cY
SI Retail - Melbourne,ChIJky_bu95J1moRjnN6K8J5DvI
Ampersand Projects,ChIJT39fURSL1moR1MmR3E3Hfic
The Reject Shop,ChIJXbGinPKH2GoR-L-znKbJ-mA
Okami Japanese Restaurant,ChIJ1dGsnfg71moRYdZBYld_BE8
Choccy-licious Bouquets & Gifts,ChIJu7i1XQkdLioRmZz_1uoVSwY
The Heritage Wine Store & Bottle Shop,ChIJgfRw65C7MioRwBNN8MD6LoI
Taffys,ChIJVVXl3EkdLioRYMUytcI-Yng
Liquor Barons Eaton,ChIJ_y99IzXjMSoRx2csaXO50qI
Rigters IGA Durlacher,ChIJy0XmdZ5G2isRbTpdIvVZtmM
Liquorland Burrendah,ChIJv6yNdhS9MioRdSco_ZAHZAI
Cellarbrations,ChIJbWK7DdiFMioRGHO88PA0QDg
GIFT GENIE,ChIJQ-7aqLiFMioRUyo-CNqfL4o
Greenskin Wine,ChIJT10SdXChMioRoQL5AiEf4qg
Fusions IGA Shoalwater,ChIJzaIMKCiDMioRWAb18KI3ASQ
ADP Store Fixtures | Perth,ChIJ2am-9jCYMioRC3oKu1ZUk-w
BWS Pinjarra,ChIJOT-kNCpvMioRLIsqUdy9RNk
StoreLocal Tweed Heads,ChIJX-HZ1LX_kGsRiO922DwsPkM
Liquorland Karawara,ChIJuWn1fHy9MioREKwZdayObRU
"National Storage Pymble, Sydney",ChIJ8w08Yd-uEmsRMv5f_6PkZT8
Druevin Pty Limited,ChIJ2XWwX7-7MioRnbIgFG06Qvw
Liquorland Mt Lawley,ChIJnwVSBZW6MioRr0HtGSPdKXw
Design Hut,ChIJiaA1IS5_MioR7OWH_sXmAT8
Chambers Cellars Tramsheds,ChIJNwaNLNevEmsRldeEwqnZh5A
Deli QT,ChIJI_KVz-W7MioRE6r5VTTJ7Go
Ocean Gypsy,ChIJ2-VEhTxP9SsRihAd8ry-rVY
"National Storage Penrith, Sydney",ChIJS9hZ_7-FEmsRQWafMaPZUR0
SpaceMaster Storage,ChIJS__lLvO8EmsRa-9hBL_jgJ0
Cellarbrations,ChIJ_78mgmKlMioR5161b7aJmBs
"National Storage Springwood, Blue Mountains",ChIJi5rkc2N9EmsR4J1wgxuC57o
Little Things Distilling Co,ChIJk3CisPSlMioRGJmhgd0zltI
Wine Envy,ChIJzdezjwGxEmsRg1SCF12CvBg
Storage King South Windsor,ChIJSbX2qX-dEmsRvJRjPGnlsBo
KeepSafe Storage Woolgoolga,ChIJUZi1udb0m2sRj10X3kwA3k4
Chambers Cellars Meadowbank Plaza,ChIJB5i5Yv-kEmsRWdNMDl-LtYw
Illawarra Self Storage | Wollongong Self Storage | Storage Wollongong | Self Storage Fairy Meadow | Storage Dapto,ChIJoYIauhsXE2sR7dTMGM0YyVw
TPE Digital,ChIJV6AYeP7LDGsRlY4OjoegdH8
Kaddy Fulfilment Pemulwuy (Formerly Parton Wine Distribution),ChIJe-S-aS6ZEmsRBx5ElKD2F4Q
Bellinger Valley Self Storage,ChIJp1P6u6EinGsR7Hp4ZqjaOSY
Storage King Robina,ChIJk7ZpseUdkWsRarUtFHcLzL8
Storage King McGraths Hill,ChIJf37YGgpiDWsRSDn10DN2boc
Arquilla - A wholly owned business of Bon Food Pty Ltd.,ChIJq6qqqgWwEmsRSlzVYQ6p4o4
Old Hillside Homestead,ChIJ2zWPr5jLDGsRVIW-0IkDSLk
Storage King Hamilton,ChIJjVI6YqgVc2sRRdOKITUBTLw
Storage King Morisset,ChIJJfDonjIoc2sRao4aCYV5fm0
"National Storage Beresfield, Hunter",ChIJCcNnZNlBc2sRa1FhE6Y-GWY
Kennards Self Storage Warrawong,ChIJQ7oByh0XE2sRnhpDCE0LUjg
Storage King Lisarow,ChIJ0UUj4A_LcmsR2P1MB8HsdC4
Kennards,ChIJbZ6t2UKxEmsRUjfgy-mWP9E
Carboot Wines,ChIJYZkdHcyxEmsR6Lga4G0bN1M
Storage King North Wyong,ChIJYT5G7rrRcmsRUPgqDwMO_dU
Katoomba Falls Cottage,ChIJ-5cxM8dvEmsRGcYkvYJX1V4
Kennards Self Storage Nowra,ChIJD1VPqYuAFGsRcxCOv10A9rU
Supercheap Self Storage Newcastle,ChIJkS6tIvMUc2sRK9_OUmew1l0
Beresfield Storage,ChIJI1Yq52dBc2sRQp9afUuN8-A
Andiamo - Fashion Label,ChIJvaGB6EqwEmsRqM_8E_ImVmE
Kennards Self Storage Sandgate,ChIJ7xKJLVsVc2sRLwE-m90bNWE
Simply Self Storage Wollongong,ChIJC0kwWD0ZE2sRoJLLytYAdyI
Hepworth Self Storage Moss Vale,ChIJ2wR6xguXE2sRCZfGIpTxBmI
Wine Nerd,ChIJnetbnGBZkWsRnOc3aSHGBq8
Storage King Hope Island,ChIJ7W2MCRcSkWsRmzEoucA2pIM
Gloucester River Wines,ChIJ8SGvG5X6dGsRzhlYC9IlXC0
"National Storage Kawana, Sunshine Coast",ChIJ47I17hSek2sR1kHbEZIFYWo
"National Storage Edmonton, Cairns",ChIJmwg-4DpieGkRMD2WMoc4Z0g
Versatile Tanks,ChIJ6ctQ1nr_nWsRVJ7xeyXWg28
CBC Self Storage,ChIJ-5L_L7wZE2sRSFNoOUlbF8I
Liquorland Figtree,ChIJ4fcS6vUZE2sR5yrnWASXnsc
Storage King Hervey Bay,ChIJjfn199V_62sRaUXvzbGGrfY
Bottlemart - Kelvin Grove Cellars,ChIJH6kvIwIObAERO-lTvbSwgm0
Access Cold & Dry Storage,ChIJpYXJLa1meGkREhr79tH7Jtc
Landsborough Storage,ChIJl5u3EgeFk2sRl5KQJIQewnI
"National Storage Yandina, Sunshine Coast",ChIJnbl_G7R7k2sRidsCo80NY2Y
Maryborough Self Storage,ChIJhYoKawBn62sRRKtNk4Q2vGU
Pimpama Self Storage,ChIJJQoFv4gUkWsRPp2pZFIxMWE
Secura Storage,ChIJX7tN_imA7GsRLdMgtn7Y7tA
"National Storage Moorooka, Brisbane",ChIJGy25Z0JRkWsRRwPhBztDLwI
BWS Eli Waters,ChIJg-dJs9J_62sR8iLaduorUjA
Vault Self Storage,ChIJHZV-7BHe0GoRZcUUG8dz75o
Bohle Self Storage,ChIJ-ZojjRT31WsROvtS8DvjHsE
Super Easy Storage Adelaide,ChIJpVBbXy6zsGoR7UWXT89cKK0
Thirsty Camel,ChIJ5QbrSgajlGsRYTorqtm2Nf0
French Street Centre Self Storage,ChIJf9_uG7P51WsR5CAsT9SW2OM
Wotton Family Wines,ChIJfXsZLgg1t2oRgmjBOo8yDU4
BWS Hervey Bay Stockland,ChIJXXud_NSB7GsRx3RT8ZcPxCI
"National Storage Fairfield, Townsville",ChIJ2x29OZD71WsRQT0nkzXI8WM
Downs Mini Storage,ChIJc0Ij071clmsRhHKcPlrR2ck
Rowies Removals,ChIJU-zfi2tdlmsRwGyu9ufbPBU
Infuse Bottling,ChIJk0_0-o6xsGoRLGOrg3XdIyE
Self Storage Company,ChIJ-cM8_J1clmsR-E6WRMvzK40
Whites Road Wines,ChIJ1U3n8TolsWoRgVouqFpQDnk
"National Storage Mawson Lakes, Adelaide",ChIJGSGxhaC3sGoR64HCAovDawA
Wine Storage Options,ChIJY_HT1nnquWoRJ9cDxWyms-g
Burge Barossa - Front Office & Illaparra Winery,ChIJtTYui9bouWoRV3UGg_6q60A
Aussie Container Storage - Toowoomba,ChIJiWeZ_GpblmsRZY8ywnS_s1Y
"National Storage Aldinga, Adelaide",ChIJq9WzRWw8sWoRs8ORvJH_UZI
Lambrook Wines,ChIJk-vphNfLsGoRIWF5k_9e04s
Guardian Self Storage Toowoomba Wilsonton,ChIJP7iJhLhclmsRHag6BRgiiaY
SANECTOR Adelaide,ChIJ_fbARLjHsGoRC_ubixx7T3Q
Kent Town Drinks,ChIJdXjtv7fJsGoRd6zR6oydsJA
Kennards Self Storage Klemzig,ChIJ4xuRQ_bJsGoRIawhxhEJSp8
"National Storage Currajong, Townsville",ChIJ-2Utt2P51WsRy__S8Gdy0o8
Stockwell Storage,ChIJST7_jvG_uWoRlXamgUkxXro
Budget Wine,ChIJPUjmK5XHsGoR-0N1rHeTBfA
Boxie24 Australia | Self Storage,ChIJt8QTDw7JsGoRtIl3XX2oHQ8
ING WORD,ChIJQ4HPbv4lnqoRSzx3hFpqULU
Edenmae Estate Wines,ChIJaedTjvveuWoRBvJPZ2hgB5w
Blesing's Garden Glenholme Vineyards,ChIJPcPuxJZjvGoRtU_b4PPXW60
Zonte's Footstep Tasting Room - The General,ChIJQaxRR-AvsWoRhWzJRI2xDfg
Roomia Self Storage Seaford,ChIJWSVR0SIlsWoRd8ZC5DqNpcQ
Mitolo,ChIJqUBUSBuvsGoRx5DYvR3f4Y8
Limefinger Wine,ChIJM71Oft3Xu2oRpQBjU9Qfj-E
Metala Wines (by Appointment) No Cellar Door.,ChIJn5AdzAzgtmoRevsBAMY2jv4
Kidman Wines,ChIJ-ed66PAFy2oRl8d5eGj-cr0
SANECTOR Barossa,ChIJ68f5O_G_uWoR5UoC5ZoL7x8
Wines by KT,ChIJZzv5x_squmoRcYyMJ9sHVKY
Bartagunyah,ChIJxYzSSIhbvGoRy7xWZbSVs7A
Koerner Clare Valley,ChIJU1BJ_svUu2oRUaQ8XwnTjLI
The Reject Shop,ChIJdwJ-hx7evGoRrbLB2aqv30s
Koonowla,ChIJeR_tg3cqumoRmJ9NMkfsDHg
"National Storage Moonah, Hobart",ChIJDe2LPOd0bqoRgWK8IWfH8Ag
"National Storage Moonah Central, Hobart",ChIJx_Vq_MJ0bqoRjEu66hLK3q4
The UPPside European Restaurant Clare Valley,ChIJ1X-jVk7Vu2oR_zUVIxkIG7c
Studio Meadows,ChIJcXdmD73Ru2oRWr9cZUMce1Y
Thirsty camel,ChIJB76inqd-u2oRstM3bNkEdWY
"National Storage Mornington, Hobart",ChIJS-N7bgngbaoRA4GdljxImaU
Liquor Legends,ChIJVzbhzx3evGoR4R82v0Fle9g
Good Catholic Girl,ChIJxcP7iFDRu2oRL9npOCuW27A
Dalrymple Vineyards,ChIJ6fVZu4v6eaoRC8xKo9BhxGc
Eastford Creek,ChIJp3DiSyc5eqoROM5OWf5dmWY
Mr Nobody Cellar Door,ChIJIWAFqRYrumoRP1bov9lJQ-U
Invermay Self Storage Solutions,ChIJqWaZrDqncKoRWT4HdaIgROQ
"National Storage Montrose, Hobart",ChIJy6gDj1lzbqoRF_mGlZRpaX0
Launceston Storage Solutions,ChIJsTy20v-ncKoRe_Qn3lKiMZI
Snowtown Hotel,ChIJdfG23xWtu2oRpuoHNlzXuk0
All In Self Storage Brunswick,ChIJ3290qLJc1moRI2yZ3QuWnzU
Rich River Secure Storage (Echuca Moama),ChIJUYPNY-4d2WoRWEmdB8jHDGI
Vinea Marson Winery,ChIJ9aocdfivLwARuqfCTYwcVIs
Wilson Storage Box Hill,ChIJi5LMPrBB1moRhWgMi4VS4SQ
Wilson Storage Moorabbin South Rd,ChIJ1_2AuvRr1moR-LVv432nQk4
Okami Japanese Restaurant,ChIJIaksOidv1moRccV99MkVA68
Burns and Co Storage,ChIJ-23DxzgDw2oR-HlJauPfrgM
Storage King Winchelsea,ChIJlcR57OyF02oRVQTqKK7wDM0
Wine Mind for Business,ChIJG1bBbIJG1moRDOSZ9fc0d_c
"National Storage Breakwater South, Geelong",ChIJB-CxTFcU1GoR6yrEpigcmIs
Bottlemart Express - Port Campbell Hotel,ChIJ9eicLX2ggqoRJ9jYUFMFQfQ
Wandilla Estate,ChIJWaKM5qqJKWsRWlV_9G4K7SE
Self Storage Rowville,ChIJwdFY3uIV1moRKytD6wAmo_0
CROSS FLOW CO-PREMIUM WINE FILTRATION,ChIJl7TzcMhF1moR6PVs9VJWy14
Fen Food & Wine Store,ChIJz5IaXRhhnaoRlXhIyIzKbtE
Bottlemart - Wheatsheaf Hotel,ChIJdShYvh2X0moReXnRnlb2_pg
"National Storage Jandakot, Perth",ChIJ5dulsOWXMioRHaTbVmUb5O0
"National Storage Landsdale, Perth",ChIJ_WDmEdezMioRBRHUqT9sLzs
OzCoolrooms & Winerooms,ChIJ-SkGNROlMioRAiG2e_Fs7Rw
"National Storage Cockburn, Perth",ChIJ0TWw7vKYMioR4imNsBAps9Y
AAA Storage & Removals Wembley,ChIJIayip3ilMioRxLg5T8fgwFA
"National Storage O'Connor, Perth",ChIJaROkrPiiMioR5ugA7JtFrTU
Jingalla Wines,ChIJn7QU6LsBOSoRajXfwWUhqo8
Bottlemart Express - National Hotel,ChIJm4YMOLf0zGoRFKRvCAlDP6I
Bottlemart Express - Western Hotel,ChIJhbHPrsI5zGoR00hqT4bvgzM
Super Easy Storage Perth South,ChIJMxx7ppC5MioR-s56e2UZJ-8
Super Easy Storage Perth North,ChIJ21oyTBOxMioR38YWJ7QW4PI
Margaret River Wine Storage,ChIJ1VTpsxKtLyoRbNKi7ktNTYw
Cellarbrations,ChIJJxfu8Rvu0moRf5Xbu9ca68g
"National Storage Welshpool, Perth",ChIJm7-ppAy8MioRTg4NxQeUGsw
"National Storage Subiaco, Perth",ChIJn_vkKW2lMioRGhuxMzyX2mE
"National Storage Bayswater, Perth",ChIJE6jJ5XW6MioRVGeT49wmNSU
"National Storage Wangara, Perth",ChIJXefGLpqtMioRXbTFHUryon4
"National Storage Embleton, Perth",ChIJbbl9vZ-wMioRlNKRBc2rghk
"National Storage Joondalup, Perth",ChIJiwDbs2FTzSsR36GIGfnHCKw
"National Storage Byford, Perth",ChIJ3bNc7fGNMioR9eOvUL2fOxA
Dream Bird Wines,ChIJdQmWnJ1dLioRf6EH056GBhw
Soko & Co Carousel,ChIJrX05VzS9MioRHnwV_tWnh2I
Burton Creek,ChIJoQ568ThRLioRyZcZ_Pddr3A
Amart Cockburn,ChIJUTj7bnaXMioRTckzUFrdrX8
"National Storage Fremantle, Perth",ChIJVV-wA5ehMioRANYNAtcysNw
"National Storage Malaga, Perth",ChIJsxmQ8K2xMioRVrIvlmpK1k8
"National Storage Mandurah, Perth",ChIJVVUlaaZ-MioRQD1ThsPbSPU
SANECTOR Margaret River,ChIJ_fbARLjHsGoRnLwCfn628ZI
Forester Estate Cellar Door,ChIJuapIAHhbLioR_494fGHUbz8
Okami Japanese Restaurant,ChIJe0nSzw9NFmsRNBbNxvv9Tt4
"National Storage Yanchep, Perth",ChIJsXT4fGOn0isRyhKBbDe2CKQ
Parbery Lane,ChIJjZyPREdNFmsRNccJiWaKvNE
The Wine Chapel,ChIJKa9GrbtRLioRm-Kxi8yEAQE
"National Storage South Fremantle, Perth",ChIJyajKI3mjMioR0_niAOB3K7c
Bottlemart Express - Kalbarri Motor Hotel,ChIJUdpqnXUd3CsRfpJ3kYej0e8
The Oracle Shop,ChIJ-VXV-9RfIWsRAEjAD3Tq7Zo
Blackheart Games & Hobbies,ChIJf0BElhmfn2sRESJLvdA_iWE
Costco Wholesale Canberra,ChIJkT7aXuNNFmsRROnDtJCH-_Q
Zarraffa's Coffee Bankstown,ChIJy3lF4o2_EmsR8a_Q2oK6M1s
Coastline Barbeques & Heating Tweed,ChIJzUqCneL_kGsRplhc03RxhoM
Cyrus Rugs - Tweed Heads South,ChIJCZFz_Pr_kGsROgkXhBYFJ7E
La'Grace Home,ChIJIcWpdCOjEmsRRQA2UWO7HzQ
The Sewing Basket,ChIJF545gibHEmsRYiV72JRMnFM
Hype DC Blacktown,ChIJO6brGQCZEmsRXoElZLoK-aQ
Specsavers Optometrists & Audiology - Baulkham Hills,ChIJ-5Z7ObOjEmsRtwyr7f4cuHE
Westpac Branch Baulkham Hills,ChIJDdQc_C6iEmsRouxsJeq6V9g
Christopher’s Cake Shop Blacktown,ChIJX17mk5yZEmsRbLDRj8FMu0U
Taco Bell Blacktown Westpoint,ChIJ4w5OTEKZEmsRd-iqi6jh8HU
Chambers Cellars Bowral,ChIJwbNADLyiE2sR2V-RAyakfTY
Kaleidoscope,ChIJCaswJaMNnGsRJBzrcwLqHqo
The Creative Toy Shop,ChIJY_zCqIcPnGsR-kMaE9QxW6Y
Sable & Silk Adult Boutique,ChIJq58o2-3HEmsRmDixY-qtmfs
Margan Restaurant & Winery,ChIJp6_NDV3HDGsRBLFg3vIt-dY
The Treatment Room,ChIJf64rodsNnGsRHbKf2C1m9Ag
Lion Batteries,ChIJoyfS0QQOnGsRterM4TRXoY4
Jaycar Electronics Coffs Harbour,ChIJ5yADwtENnGsRW-vPEY_GXo4
George & Matilda Eyecare for Individual Eye Wear,ChIJp8TSzBHIEmsRjgX3WFaTRZQ
Sugar Plum Cakery,ChIJrXgDKtoNnGsR2rVr6_JuBSA
Triple Bull Surf and Skate,ChIJ69450xHIEmsRq5LsmG__58U
TerryWhite ChemmartDee Why Day & Night,ChIJIcGfY4SqEmsRpTtZukhjmck
MADORA SWIMWEAR BY MY LUCKY 13,ChIJ6f62IR03dGsRzzeFCax55bc
Wet Tech Rigging,ChIJkaNsrOTJEmsRn5exwUaveDM
Sienna Bloom Floristry,ChIJsafOzomrEmsR_4sxDPxjcqg
Shoes & Sox Hornsby,ChIJv3GOx8OnEmsR9GZDFGx321E
Pets Warehouse Penrith,ChIJayIhW0uPEmsRA0m8m_zRm-8
Corang Estate,ChIJ-_rvr2ATE2sR-5l5VyYQs7g
George & Matilda Eyecare for Maroubra Optometrists,ChIJF46-gNOzEmsRnljHk2wqiS8
Sydney Electric Bikes - Hornsby,ChIJZ_hu8GqnEmsRvoSR_T6GWdc
PCYC Hornsby / Ku-ring-gai,ChIJF-ZCy4anEmsR6b15zUDp05c
MG STRATA & BMC MANAGEMENT P/L,ChIJ47vrFtSzEmsRQ5nmsmRjng8
Urban Culture Liverpool | Modest Clothing Store | Hijab Shop,ChIJkdOzv7iVEmsRr3NSn82rlVc
Lucy in the Sky Jewels,ChIJwe49ex6vFmsRIgZjGBMtm9E
SHEIKE Liverpool,ChIJD5f2sriVEmsRQjnIPM9Jqv4
Inneslake Vineyards,ChIJ1bi9z34BdmsRgISP54dcWqc
KAHM Co,ChIJwd43vpIVc2sROQ4gOww_MzM
The Lott,ChIJJ-gacBqsEmsRSUYqTw3METM
George & Matilda Eyecare for Peter Hewett Optometrist,ChIJ87V-FxqsEmsRXmZSTml-_EI
Group Therapy Coffee,ChIJGzpjCWz_nWsR4DpbHwv9CR8
St Clair Wines,ChIJl0cOfuNKc2sRp5gzOwUqF14
Orange City Tyres,ChIJHWxlZCwtEGsRhWkG8MTVcC8
Woodhill Mountain Wines,ChIJbRRZTEF6E2sRuRIkHnaz0zY
Sunglass Hut Port Macquarie Central,ChIJ25Ym0yf_nWsR0SUfd79f45k
The Little Art Nook,ChIJV0hRB0ItEGsRnTgzefoabe8
Craftenly,ChIJA3Wf8OSlEmsRfNG1c1J4vOo
Elemental LUXE,ChIJMzI5bElPFmsRZ8VNTjYfw8Y
Sapling Yard Wines,ChIJV7rxcBRfFmsRTdg3N1_N5DM
Left Of Elephant Sound,ChIJ_zs3gduTwCwRFK_di5JWsgc
Eyecare Plus Optometrists Alice Springs,ChIJWy5OvEQZMisR2sUzUXZdOQU
Northern Podiatrist Clinic,ChIJxffQExGjwCwRk3MJG9fipkI
Paper & Pen Newsagents Gateway,ChIJt0JwemK9wCwRgCjTWF7fCLM
Dimmeys Bundaberg,ChIJrU38Eja562sRC4KUWS9Z4O4
What’s Hot,ChIJEbApxEa0lmsRctjVn6vNkS4
Kollective Home and Gifts,ChIJxxzAsvm562sRVKcmY66YNuM
Glittering Gifts Australia Pty Ltd,ChIJo9VYziazlmsR8msuMalcXDU
Cotton On Carindale,ChIJ4-ohroxbkWsRxYNC_gogavE
Tree Of Life,ChIJyxAqK5FmeGkRmylugw5kv4s
Montblanc Boutique Brisbane,ChIJAYrpohxakWsRR7Shg1UGWv0
First National Real Estate Bundaberg,ChIJ2xBcVka562sRDWc7rPrJvlA
Amplifon Logan Central,ChIJQf1SuvFDkWsRCBHKsrNfTso
Caltex Mackay,ChIJ8bbLiPnT22sRSjmqP-yOfUs
The Lott,ChIJ7xisKMs4kWsRbCYlqjSSZ4I
Pillow Talk Mackay,ChIJKdimBgrU22sRAb-i1pbGJso
Runway 7 Boutique,ChIJw4kSkYp0wmsRdHRtxuH9Acw
Monton Australia,ChIJZ-9Fk2c5kWsRXnvIOHLhHdA
City Chic Caneland,ChIJoY9U4vXT22sRSLYgUyQuk8M
Porters Mitre 10 Mackay Trade Centre and Building Supplies,ChIJIzrawCDT22sRP2UWXv0bO1Q
Sauers Uniforms & Workwear Maryborough,ChIJYTR3sR5n62sRguj7sKzNBz4
"Australian Building Company (ABC Homes): Display at Ridgeview, Narangba",ChIJoS0UQwf7k2sRM51MDoiEq64
Jay Jays Morayfield,ChIJtZfEl2Hxk2sR2rwbMumoTzc
Ravenscroft Vineyard,ChIJ-8nvPvAkmGsRTPIEMJ3Q860
Savina Lane Wines,ChIJ7-X-wV0wmGsRCiCTh0F5plc
Swimart Caboolture,ChIJxZZW72bxk2sRUc5rjPx1cq4
George & Matilda Eyecare for Tin Wong Optometrists,ChIJqxcxV9hEkWsRx8M3ZAajO_Q
Sunglass Hut Rockhampton,ChIJD2-dbOUAw2sR7kPgEIypra8
Townsville WaterSports t/a East Coast Watersports,ChIJ3UB6Jsn41WsR9nETT74JIk4
The John Flynn College,ChIJ2_hmHHD61WsRcIExgNy0Nw8
Riddle Room Adelaide,ChIJRaMSydfPsGoRYSY3-jiop2M
Telstra,ChIJaWoFftD41WsRhdJKvWzHjKQ
Mater Private Hospital Townsville Pimlico Campus,ChIJ4RWzLnb51WsRQVvLTFmd_bM
Urban Mysteries Co - Mystery & Escape Rooms,ChIJze3i6ZjPsGoRmGh83nE4twI
Palmer's Bar and Kitchen,ChIJfYnbKVf51WsRtsK6Em0Wehg
ILYA Vineyards,ChIJ2_4rkTQqsWoRxvhzPe0y_mQ
Amadio’s Vino e Cucina – Kangaroo Island,ChIJD4ZqD7ZtsmoRLPQT_B6T-jw
Carmine's Wines,ChIJn14Hl6zHsGoRTvNw2bjO8Yw
Caudo Vineyard,ChIJNZhPuUC7uGoRde6GQ9QVxdA
Phoenix Plaza Shopping Centre,ChIJCda_MsH_uWoRpgz8okcRWT8
Calvary Adelaide Hospital: Emergency Room,ChIJ_____87OsGoR3ClsU6sEc5c
S.A. Trophy & Badge,ChIJHUo1uz7IsGoRE42pBMy8wrU
Hardys Wines,ChIJsa8j4aIlsWoRItdu4sPOklM
Hewitson Winery,ChIJq5HsqyTPsGoRyvAwNKb3U1o
Vintage Carousel,ChIJs3xoDLjIsGoRo_hBkEep0ak
Pencilmark Wine Room,ChIJ4x6v45tF0WoRAXFD0e7kHdc
SACA Committee Room,ChIJ74cWNCvPsGoRylAXgAg0bJY
I'm Your Bunny Boutique Boarding,ChIJZXVpd3Fh1moRnPH-aeWChx0
Ghanda Clothing Launceston,ChIJnYnbItymcKoRDmxH5wU02H8
The Farm Shed East Coast Wine Centre,ChIJ_Z8lruxCcaoRyAl_6uWUBSk
All of The Lights,ChIJAQBMbDNB1moRVngYUiwjV6M
Wallpaper Masters,ChIJtTwg1KCJ1moRJw7Gs_ScetQ
Eaglemate,ChIJN3Tm3dUU1moR6GZ72ReF4CI
NewsXpress Bendigo,ChIJSQNOie1Z12oRej87DLNj0n8
By Shaylin,ChIJQT2f63AZ1moR3Mck1ryuPRM
Okami Japanese Restaurant,ChIJvUX_ZnhB1moRiY9r-V2boNk
My Jazzy Blooms,ChIJhzXrZupr1moROwJT02XiFQA
The Trybe Southland,ChIJ1TOU_6Nt1moRXnmZZ3tvziw
dusk Southland,ChIJjQOQKiJs1moRecKoGP89HJI
Telstra Dandenong,ChIJddZfewYU1moRx3BX4bUiq4c
Cranbourne Mechanical Services - Car Mechanic Near Me | Car Service | Roadworthy Certificate RWC,ChIJM1U0QLwP1moRo07wVAZRK5E
JB Hi-Fi Southland,ChIJZ0ZuPiFs1moRg9WKd0hq_XI
Westpac Branch Dandenong Plaza,ChIJMYK6h_8T1moR7qjegZqN2kc
Dukes Body Works,ChIJC8W7gMYP1moR0IQ6cPOJd4A
The Ordinary Myer Doncaster,ChIJbQNqocJH1moR79KmXc57G74
All Star Battery Service,ChIJzybYsEP11moRpY4DMw5-b3w
VTackle Fishing,ChIJf-mOQaSK1moRAmw4w2JXesQ
dusk Doncaster,ChIJoS_pdW9H1moRnKyoZ4SgAYA
colette by colette hayman - Essendon,ChIJeaescIZb1moRBVCWdQreuNI
dusk Frankston,ChIJ7cGKT9p01moR3kqkkJQHrNo
George & Matilda Eyecare for Wood & Associates Optometrists,ChIJgxEqv2Fc1moRMtwVJvHWK_Q
Ghanda Clothing Echuca,ChIJ2RgtAfsC2WoRYAsBggsarCQ
Riders Line,ChIJodRAP-xO1moRYdlly4xhwTA
The Bitch Is Back,ChIJyxdNP2ho1moRf_c2IjBwYnc
Fridge0 Refrigeration Service,ChIJiUxTcc0W1moR2jDfCO4oVyI
Rock Salt Lamps,ChIJIaqbxm9d1moRa-yJHuB7R2U
Mountain Gate Community Opportunity Shop,ChIJQxkqJfQ81moRf5SYwLy6G20
CURRY POINT BELL PARK by Bezawada Babu,ChIJUR3CJlsV1GoRF2TuFrAEqU0
Swing Gifts | Australian wholesale gifts and homewares company,ChIJG2RxpZJs1moRbAmtC7TAFXU
Home blind Solutions,ChIJqU0kqJ5b1moRQQfF5oyxtVg
The Doggy Grooming Room,ChIJqxhGxsr11moRBoblIKT8jfM
Amir’s Lebanese Bakery,ChIJtdo2BCcR1moRvowmNBLOnpE
Vintage Cellars Greensborough,ChIJSyvJ6FpI1moRa6q0YsfHORA
The Tower Boardroom Kew,ChIJCSNAqsFD1moRO1mC5dbWbYA
"Dandelion Floral and Foliage Design - Florist Kew, Kew East",ChIJ3Y0P08VD1moRXFp-KQod8to
Ultrascreen,ChIJO9U03HJP1moRauW-3n0n5cU
Wimmera Hills Winery,ChIJEXDSFCek0WoRoCkNcug16j4
Lyon's Pride Mobile Car Detailing,ChIJM98_KFsR1moRqjeO635_iB4
The Bottle-O South Yarra,ChIJp3E4Xm9p1moRJ599aOaNZ6Q
The UGG Shop - QV Melbourne,ChIJ8RMhu-5D1moRhlpiYrIsgRI
Fix Auto Panel Shop Clayton,ChIJmUNj4kxr1moRcsq09SuX8NI
George & Matilda Eyecare for Mount Martha Optical,ChIJdSmiKQXb1WoR3RNkm94ziVE
Mushrock,ChIJBWMDwLPhKWsR9AbCwHF16hs
Skechers Mildura,ChIJJS_HSKkFw2oRip8CC9qESSE
ForkOne,ChIJd4OBMPnhKWsRQuWAxAkJGTI
Clothing The Gaps - Northcote,ChIJl98CNJhD1moRb-8KMRwVUZ8
Birdy & Co Café,ChIJ_UgxjJ-R1moRBYwmFI7vPCs
Harris Wood Creative Studio,ChIJaQLyVSrjKWsR90VWEEcONMs
Limitless Recycling - Waste Management Services,ChIJ0Y6qQhhF1moRK0rlj1cKPSo
Stag Sports Preston,ChIJPZ0zmPpF1moR-np3wn2gNvc
PureColostrum-Australia,ChIJhRBbL1CH1moR1ljqgaJNv4E
Storm Automotive Services,ChIJgz6JWh4f1moRL8N2em2FGi8
The Dupe Spot,ChIJL_5LBIBF1moRpjrujjEFuNk
Wittner,ChIJKflweZJC1moRW119jm8LoOg
Eye Came To Slay,ChIJm7YMf6Nf1moRmgiWmRxIUj4
Little Room Of Beauty,ChIJ4yP8D4JE1moRCTeijvG6rUI
Pasifika Hut Island Shop,ChIJEVjJPqBf1moR091EJK2t-7U
Mya Collection,ChIJTejh9ZZF1moRY9PVThRB8lw
Altinbas Australia,ChIJjd8Fm4la1moRbI-a9RVgGeE
Raglan Fashion Warehouse Sales Melbourne,ChIJ-eHjRD9E1moRUxXoq40X5BY
The Quilt Room,ChIJuyoXvwJF1moRqjUrm6WWgB0
BoConcept,ChIJCWuN0rND1moRWneEZNGY0dE
Turkish Store Online,ChIJ-ZeZhXVR1moRKfBp9HNXVVY
Wangaratta Computer Repairs,ChIJJzs1o3XbJmsR3MYW22YdA0I
H & T Floorworld Shepparton,ChIJReRUMumD2GoRc4HJ7zy1GuA
Mckellars Picture Framing,ChIJ881R5veD2GoR91mhvzO4VeE
54 Reasons - Armadale Office (Save the Children),ChIJWxUwstyTMioRQkASym7Di-k
Candy Stripes Australia,ChIJh-Bz0zNE1moRrMU04Lw8lu4
Armadio,ChIJF1cr9Q9ZIWsRcm9H-4Zzxnw
S&A Tuning,ChIJjaj-gndf1moROU1WpzeUAuE
The Beacon,ChIJx604lG_bJmsR0RDmoYjRRXQ
Aussie Storage Centre (now All Storage Systems),ChIJa1MAfr2D2GoRzW5DAgsDtGs
The Diff Shoppe,ChIJ3V29eJF11moROx0eOIvPsLA
Ghanda Clothing Shepparton,ChIJd_biQAiE2GoR5hEh34HnaKE
CROWN PERFORMANCE AUTOMOTIVES & MOTORCYCLES,ChIJM1SPXo9g1moRKFKnsFf2L6w
Lighting & Decor,ChIJy4FzBbDbJmsRJIVqxpuyzMA
Caseway Wodonga Plaza,ChIJHxFnFORYIWsRy9Oaz1r_Caw
Beyond Real Estate,ChIJW4lyThyXMioRrWGnOjx66jw
Rockmans Busselton Central,ChIJ515bYBc5LioRDLU4yilXKlY
Bridgestone Select Tyre & Auto Canning Vale,ChIJb6nAMYO9MioRrIRQlGFTXHE
Halka B. Organics,ChIJA_A75XqhMioRFh6c0XVvnqM
dusk Bunbury,ChIJXR0vImMdLioRaz5bp_a3nMk
Vino Volta,ChIJq6q-L1ylMioRjxG8ejdiC18
Fremantle Press,ChIJ87sJ92OhMioRYARt3mwgmJU
At Temp Refrigeration Services,ChIJTe-lVIKvMioRIlkQPTVQSms
Connor Maddington,ChIJC8Rq_V-_MioR7IZeFCCfqOw
Feral Flavour,ChIJw3GGigtH2isRJs1Qtx_7hZM
Aarons Removals and Storage Perth,ChIJ_5m4gG2bMioRekqDQLT-C0Q
Tarocash DFO Perth Watertown,ChIJnTj2EjKlMioR7HCwHZ2lWz8
MECCA Carousel,ChIJi7W9CN29MioRJyHmZO15kKg
D'lighted,ChIJrybApS58MioRUQq5gIrSm94
Drakesbrook Wines,ChIJbyGu-eIWMioR0zT-2iV1Wes
David Jones - Carousel,ChIJTbBvqnG9MioRflkC6gCc-HI
City Beach - Perth Watertown,ChIJ_Tf2EjKlMioR8743uTTmp0I
LOST REALITY Escape Room Cannington,ChIJiVBWka69MioRL5bQoS-xo_0
Nannup Estate,ChIJOSZKAgAvMCoR89gvg0tEuaQ
BWS Mt Pleasant Sm (Applecross),ChIJz7ZecdGjMioRFru25fdFREI
Hillbrook Wines,ChIJQyZXjxuUOioRFHhu-gN-leE
Okami Japanese Restaurant,ChIJfbPUA8UZKWsRuhg8vM_rJC8
Ray White Commercial South Sydney,ChIJvQNZaq-xEmsRTbBmy35oU2A
A1 Tourist Information Centre,ChIJc92sf45meGkR_eNYoRpLNe0
Allbout Cairns,ChIJjaEjzk9neGkRcK3M1uBY_1k
Visit Whitsunday Islands,ChIJK9USo85neGkRk_90F23-Nvw
Fitzroy Island Booking Centre - Fitzroy Flyer & Resort Guests,ChIJ836GlFNneGkR5BA-DGxfllM
Great Barrier Reef Tours Port Douglas,ChIJIXyU9wBneGkRUJyKFOtfrv4
FNQ Travel,ChIJY_BcDI9meGkRHAGYo4j6Fl4
Cairns Central Travel - International Travel Experts,ChIJ0zDc1JZmeGkRWxoINLEqpCs
Happy Tours - Mad Monkey Jungle Cairns,ChIJb3l3qw5neGkRtpGhoV9d6lU
Xtreme Travel Information Centre,ChIJt9_eDJJmeGkR0i2Pv3QRf9c
Flight Centre Cairns Central,ChIJuX2zpZZmeGkRMMlysdrygkk
Compass Cruises,ChIJAztl9PJmeGkRGppPhD8pud8
Cairns Unlimited,ChIJgSjalG9keGkRFSFQJLPLejE
Kimberley Cruise Specialists,ChIJX0fz_5JmeGkRKZufd6j9rg4
Nippon Travel Agency,ChIJgenXU5JmeGkRdp8Tr5eferY
Backpackers Travel Australia,ChIJQS7ldZJmeGkRsKdmDyYAsAM
Cairns Travel Professionals,ChIJ5w4mjYZmeGkRu3u0rwp-SSo
Train Tours,ChIJLQpyc5NmeGkRXlHimlLgQak
Happy Travels Mad Monkey Village,ChIJUQMTFqdneGkRVhtshCM40G8
Happy Travels - Mad Monkey Central Cairns,ChIJ1W7fSzZneGkRznBPI4uJ2ek
Discovery Tours Australia,ChIJY_BcDI9meGkRExDopeLBV1M
XTREME TRAVEL,ChIJwajksPxleGkRQ7DpGijbrBM
GBR Helicopters - Cairns Heliport,ChIJmR4FfIFmeGkR17Vmp1Fll1I
Tourism Cairns,ChIJzUyr9MJjeGkRwrCIB66CZmI
Cheap Az Travel and Campervans Cairns,ChIJmxN2_xJneGkRKXuOPi7BGnM
D.O.A Australia Pty Ltd. Cairns Branch / オーストラリアンツアリンク,ChIJiTHwKL1neGkRSb5aAyikqqA
OZ Tour Cairns,ChIJ39MGvMxneGkRFL4NO1YjJXQ
TravelManagers - Patty Poutanen,ChIJ10fhwxhleGkRKGrfZllk8eA
Scuba Doo Cairns,ChIJu6f0DZNleGkROqrXv2x0oxY
The Traveller,ChIJsVuzTKxmeGkRF62eAH2pvIg
Savannah Cruises,ChIJ_f-vl5lmeGkRo0vTSu_w11Q
Visa Connection Pty Ltd,ChIJhWIyDpNmeGkRI9S5KOXCaJQ
Mighty Aussie Adventures,ChIJ54vc7plmeGkRqTPou_X1F5s
Reef Live Aboard Trips,ChIJeTbgdZJmeGkRk0KSzt2ib5o
AQUATICA,ChIJEYabrpdmeGkRABQ7yX7UEXE
Australia Dive,ChIJc92sf45meGkRsEEsg5-xV0w
Cairns Cruise,ChIJq6oGf45meGkRZA0NS81hUoI
Falla Reef Trips,ChIJB5BUxfJmeGkRszBRGsl19kU
Trek North Safaris and Day Tours,ChIJV7SHOJJmeGkRq_MT1T0G__g
Freemans Residential,ChIJ-cKU_JFmeGkR-1tyaQYRoXk
visit australia,ChIJ1YDXutxneGkRzsbkm3TRcN8
Visit Daintree,ChIJuTnJnXpneGkRTTNq68Hxvkk
トゥルーブルーツアーズ,ChIJW6bMXgBleGkRGn4TqjMCro8
Bottlemart - Commercial Hotel,ChIJAwa_T6yX12oRrITvfDucBIU
The Lott,ChIJOw4LA5-W12oRICC2IcBHilw
Jewel Equestrian,ChIJ-QjuxgmV12oR-NcucTEH4rM
TerryWhite Chemmart Broadford,ChIJLS6Ip5-W12oR6OZOkY5v5ak
Australia Post - Broadford LPO,ChIJwZkl6h-U12oRmE0Z_9tETxU
Born Natural,ChIJYQc4EJ-X12oRCPXZlwv1vpU
Seymour Resource Recovery Centre,ChIJZbLpZJuX12oR8H3kpEZeCAg
The Happy Hippy Crystals,ChIJ6aF8BMyx12oRPBgvqIcYunQ
Elgas Local Agent: Strath Creek,ChIJMTKe7wbs12oRCIcgsONBRyU
Tallarook Wines,ChIJ__9TEuZg1moRuTDzYeJcLvk
On Duty,ChIJe5wAN2WJ12oR68OU6DC7-lQ
Club Sports Trophies,ChIJC0DsDGm-12oRGJBxjAVKlgY
Portobello Jewellery,ChIJAxZhZtWK12oRGitwdMhOzsI
Salvos Stores Wallan,ChIJf6cZ-jmw12oRoXO0ol4N0Kg
Love Creates,ChIJHd-1FOQJZ6MRrIXjjpN6C8k
Sydney West Sports Medicine,ChIJM6857UGaEmsR2goKM-roWMg
Nutrition Warehouse Singleton,ChIJ8zDp-oOxDGsRp2SQ-EOdqzg
Cobden Squash Centre,ChIJMdulae3q0moRqTXOsiYoJWc
Services Australia,ChIJi4Z0rdYU9isRm6NdmgJP3QU
Services Australia,ChIJNb-qNwlNz2sRrIo22wXXKfI
Services Australia,ChIJkaOitX3zmSwRM4wR5KBgHEM
Services Australia,ChIJt3AsZpufl2sRDqDeA1gBQa0
Centrelink Agent,ChIJ61qYPcoElWsRQ36PwQM5T_4
Services Australia,ChIJz3zzT0lFzmoRozYgqgaKLdA
Services Australia,ChIJw2_qUre_uiwRGAwYwCiZZME
Centrelink Access Point,ChIJk2rj1pVhk2sRHLG5WvrhUAE
Services Australia,ChIJIYbF_mJ-4GkRjh4XD57RSxs
Centrelink Agent,ChIJmfBKYFrqzSsRKK9AbQnWFeI
Services Australia,ChIJXUIPb-ETqGsRdLxel6vW1tc
Centrelink Agent,ChIJIVuxnqXc22oRBZxCXTfNz-s
"Tom Price Youth Centre, Centrelink and Medicare",ChIJ97c-3W1n8isRK07O70P43gM
Centrelink Agent,ChIJ51KZp4QX0GsR7yD_Wet0TIA
Centrelink Agent,ChIJSX34TFcVNyoRRLPpGv77Zyg
Centrelink Agent,ChIJYXDDaBWF6WsREbd_0qyDTmw
Centrelink Agent,ChIJjXh0SApdeGkRDVTiiLMz6_0
Services Australia,ChIJMUCfkwXe0WoRkr3nH1P_Q9c
Centrelink Access Point,ChIJdZuVc0her2oRHDqR0D24jC4
Centrelink Agent,ChIJJfHB904RsGoRjEwS2_Yck2I
Centrelink,ChIJXSzT5n6ZGGsRwqBUg0bq7uE
Centrelink Agent/Waikerie Hub,ChIJk2Vro1eguGoRrxJY5o9hVFc
Centrelink Agent,ChIJQzpqO7CZdGsRk-qD2y0wHZo
Centrelink Agent,ChIJ2d27xW1_CGsR9MNosf5eBJs
Centrelink Agent,ChIJ55OUvuLaxWsRNsH8tgHYML8
Centrelink,ChIJWZKiONSzEmsRpzBGXDiWXo0
Squashworld Brentwood,ChIJpaD9hCmjMioRfiArToq2mkQ
Flynns on Bathurst,ChIJUXZ7Qpt1bqoRvdwqQZvR6Ts
Spice on Wheels Indian Restaurant (New Town),ChIJ-at_JON0bqoR8oYV9G7nOyk
Seaview,ChIJGxrXBG11bqoRInE9v98T1Y0
Ellis Cottage,ChIJ__8z23V1bqoRp4lVzCC0X5c
Three Capes Signature Walk,ChIJ6eD_kE51bqoRIfKGNpv__0I
Working It Out Inc,ChIJy8crFaB1bqoRMog5CPLkOrw
Mount Stuart Memorial Hall,ChIJG8CiAqZ1bqoRXot0WnkyRSc
Peony Pavilion （牡丹亭）Chinese restaurant and bar,ChIJ96Riq6d1bqoRojJZyYWi9dA
Burger Zone & Cafe,ChIJNYcgKmV1bqoR5oRsIizPTV8
Mount Stuart Primary School,ChIJKcct6a91bqoRq1-EzD-kEGs
Werndee,ChIJ0Xoq2wd1bqoRo9Dg-oRb4ow
EL SULTAN,ChIJX0tVQv11bqoRf4XCsxacJvA
Job Winners,ChIJSaGWH691bqoRINtD1QzUlp0
Localhobart,ChIJ3XX5d6B1bqoRQabPGZR3_Wc
Battery Point Sculpture Trail,ChIJ2frOxRHfbaoRYSRQJ7BXP5E
Kelly's Steps,ChIJyZbedIh1bqoRdRb9Xy5cFmg
"Source Eco Hub: Community Cafe, Garden & Event Space",ChIJlf8XYVffbaoREKbfSbwSuDM
UTAS Library - Newnham,ChIJ5eoAhI-ncKoR7gMi0dDkhsM
Cygnet Conservatory Cafe @ Cygnet Old Bank,ChIJgwsxDEUpbKoR5o_jFFNl01I
Raida St Helens,ChIJL7hf1Tkhd6oR_GK3dMvoQM8
Truganini Reserve,ChIJF3V-6NbYbaoRoMxRtE7JAw8
Mount Nelson Oval And Playground,ChIJC818tcjYbaoRpBhYM1o6Y_g
Ham Common Sports Fields - St Michael's Collegiate,ChIJLXMVzajYbaoRp9ZAIvR-CRE
Lenah Valley RSL,ChIJl2g2O1Z0bqoRYgBj9krqvuE
Lenah Valley Community Hall,ChIJNeZiu_l1bqoRRjFOjRAXo7c
Bollywood Canteen,ChIJn0Hd5fV1bqoRmnSOBog8RAY
Gioconda Coffee Claremont,ChIJUW3ylAJ1bqoRZ7qtWx8kAE4
BANH MI N' GRILL | VIETNAMESE STREET FOOD | MOONAH,ChIJfdcXHN11bqoR_HqeFjKohiI
Brewlab Craft Beer Cafe,ChIJVxuTaIJ1bqoR6jKg-YaTGrU
The Alley Asian Cusine,ChIJa4PBE351bqoRiPHfz0tGu7s
KFC Northgate,ChIJu7P7L6d0bqoRow3-yfLt9vQ
Custom Catering,ChIJ72DS1px1bqoRlmmw47LGuIY
Central Cafe,ChIJ-QqhATd1bqoRsQdMRZNXYqo
Website2999.com,ChIJD1oTzLd0bqoR27VrQnM4jt0
The Coffee Guy Tasmania - Mobile Coffee Van,ChIJnQcW9211bqoRIZrbVXgleZc
Easy Home World Pty Limited,ChIJ-Y8Ku_R1bqoRSOjcMh6AfPg
Catapult Media,ChIJY_vdTJBg3a0R6umm9Zz6DWo
Waterfront Lodge Motel,ChIJ-xqxTdl0bqoRo6QUBA_-aUI
Lutana Hall,ChIJVduw_Mh0bqoRaPRefkgYpdM
Bridge's House,ChIJi2cDdtl0bqoRh4C9Ka3Pre8
Moonah Central,ChIJoRgnOep0bqoRlL238ZES4l8
Millingtons Moonah Funeral Home,ChIJy0eqPMB0bqoR90T7NYidEmg
West Moonah Neighbourhood House,ChIJk17SvZJ0bqoRm8CZIpS8hMU
Brew Distill Ferment,ChIJ6x5JBOl0bqoRjS4L_HaNNbY
CKB Solutions Pty Ltd,ChIJ8xt4TvR0bqoRLQgd6DMvmDs
Springfield Gardens Primary School,ChIJOb7N6ZF0bqoRSU440OXEZLU
PRO-INSTRUMENTATION,ChIJx7chzE0LbqoR_40hPRRpwDw
Technopark,ChIJJ_mjxU0LbqoR0m_6rtJgi78
Onepac & Tas-Isle Trading,ChIJV7YXzwt1bqoReuVrT7NJ53o
The Chicken Patch,ChIJDwp95KN0bqoRPOF4Yz6JK7g
Top Cat Builders,ChIJVVWZllMLbqoR5V5VW98xnw0
Van Bone has now CLOSED,ChIJGd16k3PzbaoRg5htu2CCznU
Hokkaido Sushi Northgate,ChIJreu4FXh1bqoRZ7sV6Tw2P4Y
Dave's Noodles - Glenorchy,ChIJtSb1mINzbqoRXpNPq7-4zGA
Hamer's Bar & Bistro,ChIJkaPZB3I9ZaoRrup7t0SwiUQ
Glenorchy Plaza,ChIJFQzboKZ0bqoRUSwYDDlJq0M
Anaconda Glenorchy,ChIJLVx3tbF1bqoRimTxORiOv1M
TAB,ChIJpeTq5FhzbqoRsGRU08SNdwI
Total Linen Services,ChIJa_BHYF9zbqoRJqpM3KQ7Nf4
Migrant Resource Centre Tasmania,ChIJS0IffY51bqoRCDhoiQpqXec
Anchor Wetsuits,ChIJiVYszbJ0bqoRdjXY5cX37ns
Seamaster,ChIJl_IGLLN0bqoRk031F-njweM
Cleanlift Marine,ChIJV6g6JbN0bqoRMhhUBzUdri4
Seafarm Systems,ChIJl_IGLLN0bqoRjSmFWUa2n8M
Australian Employment Services,ChIJM38G000LbqoRu5KbXSibZnk
Aquatruck,ChIJl_IGLLN0bqoRMz2hCcLDv5U
The Derwent Experience,ChIJZ14dVjNzbqoRD2ezY5WG07E
TNT Express,ChIJNYQg1lFzbqoRlR9QqV2wnfE
Mood Food Claremont - Ampol - Bennett's Petroleum,ChIJe3SQfdoMbqoRjrtUKJDIPwg
Rosetta Primary School,ChIJVxLXokhzbqoRfO-IMNODRZs
Royal Kebab Cafe Claremont,ChIJkYDxzXcNbqoR0biNM-bKImk
Banjo’s Bakery Café – Claremont,ChIJ6Rnawh8NbqoRvxcrZBJuRnU
Southlander Group Pty Ltd,ChIJ__9vq0tzbqoR_zsEi7KRMFc
Osteria Vista,ChIJeSb_8GYTbqoRMTnWoqDFk3E
Waterside Accommodation - Derwent Vista,ChIJ1yMy5gQNbqoR2YDBdd4GPWM
10 DESIGN,ChIJuwWzIBANbqoRW8Tv_GLGUHU
Volare,ChIJz1SyALwNbqoRqYqFpKnc7mM
Austins Ferry Primary School,ChIJcSBBTRYNbqoR0cF-SOC4YoA
Bucaan Community House,ChIJz6k9QSxzbqoRsOJNAz0uUcc
Edge Anglican,ChIJ412LqB8NbqoRkh5Elu4eY-k
Coffee on Wyndham,ChIJdeXbf3wNbqoRuOJqRj729Fo
Zambrero Rosny Park,ChIJsY9O-MzfbaoRKL_19cyyIg0
La Porchetta - Salamanca,ChIJubppwER1bqoRf9IO5W6UznI
The Burger Haus - Eastlands,ChIJ75t3yjXfbaoRM2LbmGcKS5c
Kangaroo Bay Apartments,ChIJr3Hht5HfbaoRurspauDE0OY
Shell,ChIJw8nPzQQLbqoRFeRZJJQHcmo
ReProcess Tas,ChIJfQ9vPKwLbqoRQg30tdczy1k
Risdon Vale Park,ChIJbWuMXAQLbqoRM9YfO2tyBvM
Linden Park,ChIJA13BRwYLbqoRFsCIGja4ABU
Risdon Vale Pharmacy,ChIJy_iW0QQLbqoRg9R85lWn-Pc
Australia Post - Risdon Vale LPO,ChIJy_iW0QQLbqoRXbQHO60vHwc
Local Panini,ChIJu0RqjWrfbaoRL667-3nCvCo
Mood Food Rokeby - Ampol - Bennett's Petroleum,ChIJ2Sq9MXfebaoRf1EX2jnB7p8
Pekel Drive Thru,ChIJtZr8aqDfbaoRc8hNKAfIfko
Mr. Kebab,ChIJhwaMRVLfbaoRHjD6co17nkg
Red Square Cafe HBA,ChIJ_VjVwtrhbaoRLIIKUiz7QjI
Mr. Nuts & Coffee,ChIJwwL_jcHfbaoRVXOg9AVJ-Ak
Australia Post - Glebe Hill LPO,ChIJbxdR3XDebaoRk39dI0X3ggc
Vinnies Rokeby,ChIJ_6Pmt3DebaoRWkCAWDqqNbA
Charbella's on Norma,ChIJZdQXZM_fbaoRuuPkm3YH6rI
Zero81 Napoli Ristorante and Pizzeria,ChIJhRjstS_ZbaoROwnNHSGFUMY
The Boat Shed,ChIJ_XKJTs3EbaoRQPmCFhyJrDs
Ridgeline Pottery,ChIJFwnZRqrEbaoR6WOBMrnOi6Q
Bruny Island Wild - Cafe & Events Venue,ChIJ272nMezRbaoRL9hF32gxoyU
Donut King Channel Court Kingston,ChIJ9SywoMXZbaoRkdHuai_6tPY
Subway Kingston,ChIJvxfnecXZbaoR5vhAitBSFl0
Rammed Earth Tasmania,ChIJ1RB_n5rEbaoR3T5OPOriH0g
Southern Lights Hotel,ChIJwW4OJC7YbaoRqUucF8Oi83k
Sandford Hall,ChIJBaFoB-zdbaoR5y7E3jZ0L3w
Genesis Design,ChIJHcnY67jEbaoREg5nMUkuRxU
Amway Independent Business Owner,ChIJ14IkZvfFbaoRgAMplghCZdI
ALL THAT WE ARE,ChIJUZlRY6rEbaoRRUTepVRB2nk
Australia Post - Lauderdale LPO,ChIJA5OYzLzdbaoRGxPBvB6wgMk
Australia Post - Opossum Bay CPA,ChIJ1RSnRV_abaoRcqjokzYX0xQ
bp,ChIJGYiXpbrdbaoRNmC3rxA7crQ
Hill Street Store,ChIJCYE57rrdbaoR_a73-0HnODQ
Boss Burger Co. Kingston,ChIJayDVmxrZbaoRRgOPCXqK3dw
Tsubame Sushi,ChIJn2HjQWDZbaoRcvhwJWNHxnQ
Salvos Stores Kingston,ChIJC1EMosXZbaoRTC1EywWljm4
McCafé,ChIJJ8EX18_ZbaoRhqwbmYk_5xA
Kingston Plaza,ChIJq6rq58XZbaoRAlloIhbvQcE
Vinnies,ChIJk_L_wYDZbaoR-R_ub0nUwGI
Liberty,ChIJmRrJB-bZbaoRqUlDRUtf7Zc
Salvos Stores Kingston Westside,ChIJkwi-ohvZbaoRnEuSKLCU7WA
CBA ATM (Rascal's Cafe & Diner),ChIJETolQ9rZbaoR8DZebdMO1Bk
The Coffee Hole,ChIJk5AQdcnZbaoROht0Gz_H8OA
Matt Barclay Furniture Restoration,ChIJwyp9LjLZbaoRJ1os86oVNLg
TAD Design Architects,ChIJK4VkliTZbaoRMc5ImmtjZ20
Kingborough Community Hub,ChIJpbBdnrLZbaoRq5F6DyAFvhI
St. Aloysius Catholic College,ChIJVVVVcWzXbaoRDhhdsRMu16I
Kingborough Lockup,ChIJGwpb9GXXbaoREDRQd8lkxt4
Extra-Space Storage,ChIJAX_HvGXXbaoRI-872SIjiRY
Golden Free Range,ChIJHxuV_6zgbaoRPU5eVX1PcwQ
The Wombat Studio on Acton,ChIJt_VQi_vdbaoREC3ALZdWjbU
Coal River Farm,ChIJs1adw9ThbaoRk6agC0iSOHA
Liv Eat Healthy Living Hobart Airport,ChIJ0UjFhjPhbaoR2MRin6rFGnA
"Riversdale Estate Winery, Cellar Door & French Bistro",ChIJY0jAowMKbqoRWXUpcA4qQx8
Nick Scali Furniture,ChIJga2DkqjhbaoRSd1LoJPnTVY
Seven Mile Beach Fire Station,ChIJLaLQ2NnhbaoRlJ4M99rkL8Y
onetonne,ChIJyZCzmIV1bqoRQjHwipv9Fes
Palmistree,ChIJu7drx6zgbaoRpe5-NFmfkrQ
Big bites NT,ChIJae88MyuTwCwRw0WXWkor2hI
Wixted Catering,ChIJ2d4Q4WmRwCwRr6e0nAGhyOY
Saltlick Grill,ChIJX8pBF2eVwCwRIAzJRZmWe4Q
The Potato Man Zuccoli Plaza - Every Saturday,ChIJFe72nUqVwCwR4lRsmpyrwwg
Dumpling Chef Casuarina Square,ChIJOZfEB7iVwCwRtztpWJhK1Vc
Choi's Chicken,ChIJP_9PHCaTwCwRKUcokEARK94
Barefoot Fishing Safaris,ChIJC9lrWdeVwCwROJuewC1Aynw
McDonald's Casuarina North,ChIJNQVlRjmVwCwRo7gTdEsMk_A
In2food Darwin,ChIJOyFysxuTwCwRlzRIQsQL7qI
The Cafe @Harry's place,ChIJEcM9g2OVwCwRgHgw7eY-Elk
Boost Juice Casuarina,ChIJL1q2nZ-UwCwRskCRMN-ApsI
Leanyer Recreation Park Cafe,ChIJ6-WQkveUwCwRtidMxtx7jQg
Butters Park,ChIJ5akeBViVwCwRdBIpvhoRZmk
Admiralty House Darwin,ChIJjROWov-RwCwR_hrPHT-295g
"Yam’s Bakehouse and Cafe, Berrimah",ChIJnenJJgCXwCwRpe8p8ZeIgS0
Cullen Bay Marina,ChIJzY0IPJKRwCwRY2XX8TM0Iok
KFC Manunda,ChIJGbc7sDSVwCwRfPHFq9gIoM0
Hayball Park,ChIJzdPxtweVwCwRIbMSDQlhIRQ
Northern Territory Stolen Generations Aboriginal Corporation,ChIJ6wu-lqGUwCwRir3i4pj2vnw
Curlew Park,ChIJMWmvvTaVwCwRLKF6qNK4AJw
Finch Cafe,ChIJg6QCerm_uiwRm_-x5gmTvBg
Jatti poolside restaurant,ChIJ3YIEl8hTuiwRRTXcXrjtz7o
Bremer Island Banubanu Beach Retreat,ChIJi5wC5quC3WkRdxJQp_FDEek
Itilent,ChIJq6ruo46UwCwRw8JHCX1W_08
Cafe Conections Darwin,ChIJlbvpWEKTwCwRyyJe7ls-p0g
Ampol Foodary Eaton Mcmillian Rd,ChIJgcTPM56TwCwREB0DgQdtgfM
The Barrel @ Clouds Vineyard Maleny,ChIJAfqRKTqHk2sRUH98tl1j7eI
The Australian Teamsters Hall of Fame,ChIJxxvZ-qyOk2sR0Hd3h50CpxM
Beerwah Fish and Chips,ChIJ61u7FfSPk2sRaXeqQzYxdvk
Lane 32 Woodfired Pizza Maleny,ChIJYzjmjmuHk2sRPq-7DetP8JQ
Bocca Italian,ChIJ0-EJOgafk2sRoxm1HSh6dlE
Arequipa Bed and Breakfast,ChIJjZc2BHeIk2sR9AMEeavvh7E
Chapter Two Interiors,ChIJSdiTpKqHk2sRdLWamYrP79k
Food Services Design Australia,ChIJhzE3Bd0_kWsRl47q9Y99sgc
Mapleton Public House,ChIJNZ92x6N_k2sROQ-eJlR2lmg
Frank Beach Bar and Restaurant Take Away,ChIJS-Tu37pxk2sRbidm7i9xh9Q
Bli Bli House Riverside Retreat,ChIJT-Fdrdx2k2sR_R8dWWWSa8w
James Lane Maroochydore,ChIJx3R7fiV3k2sRJDTQLdjzVvs
Nil Desperandum Rum,ChIJ9QimA_R5k2sRxGJplfih7c8
Clouds Montville Cafe,ChIJFyI7HF6Bk2sRprzU7K6Q1_w
Suzie June Drinking Chocolate,ChIJPScuU1yBk2sRGuWU-UgkoQ8
First Crack Coffee Roaster,ChIJpxU4box5k2sRRdg9-sTQRC0
Bondees Burgers & kebab,ChIJ1-M2_G55k2sRyfV1kUP_VLY
"Wattle, Fodder and Vine",ChIJ0TPhHVp3k2sRVZwsyI7TVGg
EP Food Company Pty Ltd,ChIJtds1PbR7k2sRtlyb8F3SA0Y
Pinnacle Certification Sunshine Coast,ChIJtQHpIMN5k2sRnFqkNi2xzF4
Confessions Bar and Eatery,ChIJQQPP_1N1k2sR-yW6v6x1dmU
QAF Tours & Events,ChIJS90p7Sh5k2sROGLefY1hRlQ
Rustic Living Plus,ChIJd9fmSP5PkWsRf3GzflVOdgk
charlie and lulu,ChIJkf38JdZ-k2sR60FgqvMVmTg
Hinterland Healing,ChIJ6dD5SaKBk2sRYWoC6fedsPY
CafenienZ,ChIJ4ZmhJ8J5k2sRCN8YUUkCx40
IRT Parklands,ChIJB11NqgKck2sRp6Y7ft51Bzo
Raw Edit Studio,ChIJAQDU0LN4k2sRvzYj-H8GSZ8
RE/MAX Property Sales,ChIJNb_-VPx4k2sRkbwMc68TIok
RISE Maroochydore by Realty Services Group,ChIJiyIrTxZ3k2sRSAdgC62XrRc
Vitality Co Health Centre,ChIJ70AchbB_k2sRE3y9vd_b_84
Yandina Osteopathy,ChIJJZID4Gtlk2sRqyp7tU7aHfQ
Eumundi Aquatic Centre,ChIJKZXPpclkk2sRIjwZbEcXDs8
Northwest Insurance Sunshine Coast,ChIJI7qtvvJjk2sRskGUS8Evos4
Kingsley Chant furniture,ChIJfe2CSOpxk2sRhvyU9aC6S-Y
Oakberry Acai Coolum Beach,ChIJKTCnjrpxk2sRn23sZtC2xao
Coolum Commercial Kitchen,ChIJ923xgS5wk2sRG42GDHWCLvc
The Hire Department,ChIJZQNNp1tpk2sRJz9gH4EnPp4
A247 Gear,ChIJRwoj_bRxk2sRG2SrUinAjb0
Leopard Outdoors,ChIJkxPWO3lxk2sRDLu00e9YWPU
Peggy Sue’s Diner Belli Park,ChIJ5xTGCtt9k2sRwinET4AoZFg
Belli Community Hall,ChIJPyAK0XV9k2sRNrthWjWs79I
Harmony Wind Chimes - Wholesale & Retail Chimes Supplier,ChIJ6U-QjiZ9k2sRtBiYZqUPl8M
The Vintage Junction,ChIJGbGzLyuelGsR33ZnkTeZ1f8
Mary Valley Rail Trail - Brooloo,ChIJ-4Sj7seFlGsRfXUMRLPUVjA
Glamacamp Weddings and Events,ChIJfzsVp_Zck2sRJwiMz8tEyL0
Cooroy IGA,ChIJS9wpvfJjk2sRWTZUAzSPB88
Scottys Pizza Tewantin,ChIJMcXpC_tpk2sRd1Yo6ZEDBN4
Red Rooster Noosa Civic,ChIJNzx6yc9ok2sRUgIgL5mAPLE
Sunny Coast Wholesale production Nursery,ChIJRQ7PT8Flk2sRRTUbfe2gU0U
Eumundi Bamboo,ChIJl7gHdMRkk2sRbFCOIF62Gzk
Heel Sit and Stay! Dog Obedience,ChIJO_gAaM5mk2sRQmCMYd7yJfI
Two Jam Duo,ChIJr354WiRvk2sRsQjWyQmLbhY
Aussiefrogs.com PTY Limited,ChIJhRn1MPxpk2sRvCAutcVA52o
Chemist Warehouse Marcoola,ChIJ--WOCk5xk2sRyfX8VlpUQH0
Surf Club Apartments,ChIJN39avWhxk2sRgM8cywN0DiE
Sole Restaurant,ChIJb9yG9exxk2sRxZzNUaIjuY0
Soul Ocean Spa,ChIJnfIHLk5xk2sRs7DZwviY47E
Bottlemart,ChIJj99rj8h2k2sRpPgHXeI8hGk
COASTAL STUDIO CERAMICS,ChIJ_WorVItck2sRnts9VIC4y28
Cooroibah Greens,ChIJ8dwQ_Adnk2sRouMLzPraUGY
TAB,ChIJNysAOe1ok2sRlKvDkhHxIPo
Rosecliffe Boutique Farm Cottages,ChIJ629v6Q5gk2sRZzXxfSvXvyM
Sandy Feet @ Teewah,ChIJA1ragKBDk2sRleBJODnxnkk
Subway,ChIJMbdbtZJok2sRTQUVdhXueYY
Significart Design Studio,ChIJEZRnKcNok2sRMBBwczmdKXw
One Chef For You,ChIJab1i-BZpk2sR_kcGlnGbi00
Rainbow Noodle Noosa,ChIJRwrj1HNpk2sRYr6_Ku1wuQQ
Wonderful Windows,ChIJgaF3Cq9pk2sRbUFCJZ2stqo
HolidayHomes@Noosa - Salt and Sand - Pet Friendly,ChIJxcAbtlhpk2sRDXnmhe0TeGE
Aqua Promenade Beachfront Apartments,ChIJ1YIjIOBrk2sRc01UGjpsia4
Benchpresso,ChIJ-SZ8MQdpk2sR2BIOrWnwvrg
'Indigo' 1/45 Elanda Street - Niche Luxury Accommodation,ChIJWxomFV1pk2sR1U2L7dRyb6Q
Liquorland Noosa Junction,ChIJs287yXNpk2sR49GXBTLR5j8
Private Chefs on Sunshine Coast,ChIJvZtmg0Fpk2sR1BWCiN1Sa5E
The Scoop @4567,ChIJAchTEPxpk2sRBqNlA7CvnvQ
60 Orient Drive - Noosa Luxury Holidays,ChIJLWiRj0Rpk2sRd9Zq1G20CJE
HolidayHomes@Noosa - Casa del Sol,ChIJy2uSxV9pk2sRJ7kOKn-REI8
Advance Place,ChIJNfuTll1pk2sRbfxZNQ5RLlw
Crystal Shores Sunshine Beach,ChIJgy2Ea9Zrk2sR-W2k07i8JU4
Food Tech Solutions - Sunshine Coast,ChIJjRkMN8F3k2sRfgaRyMzOTrQ
Living Valley Health Shop,ChIJqSe-cQdfk2sRfWbZcjSRHAg
44 Cooran Court,ChIJCfEk5Qtpk2sRUZLHW6hgs5Q
Woodstack,ChIJwe6Lxyxxk2sRTTdjknqmiIo
The Mango Man™,ChIJLbX1_ONvk2sRVE1-ASDbPjU
Sarfra Studios,ChIJswaVwU5vk2sRZX9Osmlf5tY
Aquarius Kawana,ChIJCSC3u4aek2sR5ZoEV4nZOx4
Greek at NightQuarter,ChIJL118QCWfk2sRsc_iK7JGjy4
Boost Juice Sunshine Coast University Hospital,ChIJ5SCnPoGek2sRv_5px0RlQoo
Dotti Kawana,ChIJdT8SxR-ek2sRiVA35XoxKXQ
The Custom Sofa Centre Kawana,ChIJ1aB7T0-fk2sRP1WIoFEq0cU
Shambhala BnB,ChIJ-aToT_Wfk2sRlo2YuTX7Fpc
Prawn Star Mooloolaba,ChIJ64syceV1k2sRO6JOExiNztE
Pacific Escape,ChIJCQF9fYx1k2sRp39FcgUT_ko
Davo Gets it Done,ChIJZzhEdmd1k2sRBqcMaL7JSYg
Kawana Waters Care Community,ChIJj12PhoOek2sRxF4bwR5B8co
TAB,ChIJAQBQhLiek2sRZLgR3gBKmpY
Taste Gallery,ChIJqXK67gRakWsRpJR2QGqf-Ws
Punjabeez Indian Restaurant Camira,ChIJRSV-USRLkWsRFt0rtyBJHXs
The Starling Supper Club.,ChIJZ58N9ZlbkWsRtULn75o3yXk
EzyMart,ChIJLwuiMR1bkWsRdOAm6iqOrZs
Marco Polo Kitchen,ChIJAa7mlGhbkWsRrQ6wST8W_a0
Bepoz - Brisbane,ChIJsw9-h8RZkWsRnxIFHlRdQWg
Woolworths Ascot Brc,ChIJm-2789xZkWsRCkG5iJhVH-s
Caltex Hamilton Cafe,ChIJAVc7AsFZkWsRbHSR8mdipNM
Fonzie Abbott,ChIJ1U5nk_rhk2sRNuFkmWBkkio
Dessert Depot,ChIJDzPnVuNZkWsRkf4XEsXhfdY
Sushi Sushi Brisbane Airport 2 (Virgin),ChIJ4bm9BPDhk2sRbu6aBgIFRYY
Restaurant Innovations Group,ChIJOQUf8VhZkWsRNeAHHPKZ0NM
Banyo Cafe and Bar,ChIJR9JhxWDjk2sRRgjHuQ14DUY
Origin Kebabs,ChIJr1JEq-5YkWsRD8d7iLL8100
Canon Foods,ChIJjfR2sRhZkWsRZvVk1TVh_xg
Ping Pong,ChIJl2dwtL1ZkWsRMeLLZmOQvUo
NUNDAH COMMON,ChIJeaL6UqpZkWsR3nRHDIHugxE
Mérieux NutriSciences,ChIJsSqNAT5ZkWsR3EwPrYxFOJA
Sushi Train,ChIJ-x4XdV9YkWsRwqbvwT2iH14
Sushi Train Mini Stop - Wavell Heights,ChIJkUeMSudZkWsRYQCnM9k-dos
Coffee Caravan - The Cafe for The Common Good,ChIJbzP_H5VZkWsReoVbJM_T9GI
McDonald's Beaudesert,ChIJpayMLrQokWsRxtVcuxvOTLo
McDonald's Bellbird Park,ChIJVxEWmgBLkWsRTRdLs6ZA-wQ
McDonald's Harbour Town,ChIJOUZQESsQkWsRk_xMCaxZkAw
Kafe Qube,ChIJYx-XNjJZkWsRCntpLjcKmFM
Espresso Wizards,ChIJV_txVLtZkWsRmyR4rI7UTWw
Maverick Cafe & Doughnuts,ChIJ39xJRLXjk2sRpDcAQhF1ePM
Pepperbite Bracken Ridge,ChIJ93Fe6lfjk2sRZ6DFeO3yFu4
Le Cafe De Brighton,ChIJ5RTYsCPlk2sR72432KpBKnU
Momo Coffee Bar,ChIJ_z4pWYHjk2sREKHCqC6ziKs
BadBoys Doughnuts - Zillmere,ChIJF-fA0v3jk2sRmcIVbqtW2VY
Comboyuro Point camping area,ChIJietrZW63k2sRs5VEWE7dafI
Daisy n Sage Bakery - (Home-based Business),ChIJI_Oz3xLjk2sRJzOtwh36Uec
Hot Shot Coffee,ChIJ94Y-tI3ik2sRhIljqlQm7HY
Nando's Newmarket,ChIJf8vrR2dXkWsRa9VzjuGIEgo
Mater Dei Catholic Primary School,ChIJ9Yk3dixXkWsRGsxJB1Ug5GQ
marigold haus.,ChIJ810xqeZXkWsRft9q587OFDQ
Flamenco House Brisbane,ChIJVVUBcctQkWsRecfCXq-PQg8
Mt Coot-tha Botanical Gardens Lookout,ChIJ59y5k11RkWsRv7IkMX3mr8s
Little Red Dumpling Toowong,ChIJa54zHoBRkWsRhNaoiYYiwDA
Wilson Parking - Princess Alexandra Hospital Car Park,ChIJYfunpGhakWsRZz48IbCBrRU
Zenith Lounge Barber & Cafe,ChIJfQLGYctbkWsRuwRZV5TQ3OE
Yeronga Community Centre,ChIJ5a9er29bkWsRq3DaMgSL5yM
Clubhouse Moorooka,ChIJm52Mxr5bkWsRhCD_PVuK7jQ
MANDOO STUDIO,ChIJ__9L6qtakWsRZzmyJQPWIsE
Food Connect Shed,ChIJLZPvnulbkWsRCJgd2Pc-Saw
Hello Sweetness,ChIJEfMR-g9bkWsREs0Akp-cw7Q
Royal Furniture Salisbury | Furniture Store in Salisbury | Customised furniture store in Salisbury,ChIJx4PC26dbkWsR7PgK8lcowuU
AJ’s Home Furniture,ChIJ1xrxZ4XHNWoR1zZ0TWx21UU
Integracom,ChIJG-rgmqtakWsR2N2kGlsbbF8
Oscar Bar & Eats,ChIJe5k99EdnkWsRp9H01G0uNjs
Chinese Antique Takeaway,ChIJ2SCYXDRFkWsRWgpTZAis89E
Cafe 63 Victoria Point,ChIJrVOGPmRnkWsR5vbAsppG6gE
Anaiis Cafe,ChIJs5TwGmJnkWsRidl1K15dlPI
Lashes by Paisley,ChIJH8_L4ippkWsRrWdrh0z9DSs
Mobo Restaurant,ChIJI-G4rhBbkWsRNp0ZEVO1Juo
Woolworths Supermart Redland Bay,ChIJMY80TUxvkWsRYBUC2T28puM
Quality Catering,ChIJ7b8ynPJbkWsRNW64Qg9rt-M
Riverscape Apartments,ChIJ_cX68B5akWsRLaF-pJw9y4M
Red Rooster Cannon Hill,ChIJAbJKG1tZkWsRu_Mi5ZSJl9Y
Specialty Cafe Supplies,ChIJ__9zm2tZkWsRsO1OfwLebVM
Konami,ChIJB1YEy0FZkWsRZNC0n74W6V0
PAMPER ME DAY SPA,ChIJdfMvtqhbkWsRU20TPq4EPHE
Miss Mexicana,ChIJRZx21P5fkWsR6E5FKUnZOXc
Boost Juice - Brisbane Domestic Airport,ChIJkypLj-Lhk2sRRaDhSho5KHc
Moreton Bay Sea Farms,ChIJAQDw1np9kWsRrFNjGnoTuDQ
Bistro Seymour,ChIJwWZT-qR9kWsRg4LHW9VWSLI
Isle of Coochie Golf Club,ChIJNzDQWLRlkWsR7ob9DCXCcW8
Bay Breeze Cafe,ChIJvZTovsVmkWsRnQvtm_ND1EM
Thyme Out Cafe & Restaurant,ChIJDWDxKGO4MioR34B6ZnRUjz8
Australia Post - Glen Forrest LPO,ChIJXW94DPrGMioRLRiJw2PO7A0
Mountolive Studio - Dog Friendly Accommodation,ChIJ-3UOKBPHMioR4Mbxd9tySTQ
Swan View Tunnel - Western End,ChIJ3VQjYMHHMioRhordl4WqbJs
Met-Chem Consultants,ChIJxcLmI5_GMioRbHSH4OUJdkk
New Moon Collective,ChIJE-w9STHHMioRumbgxlotBos
Mahogany Creek Hall,ChIJN4lDjSfEMioR2IdhwSzjNRw
Trails Hub Café,ChIJoXDN-VjBMioRj6JBtWYKtdg
Salvos Stores Mundaring,ChIJ-4b9LUTEMioReO_YRLK7EBs
Stockfeed West Sawyers Valley,ChIJJ50fkJTEMioRwrq3e6ltCS8
Frock n Flippers Op Shop,ChIJQaR5cJrFMioRaIfDGsnbn0g
Söder Burgers,ChIJWX43FXDBMioRXAruU3WOW5w
Melville's Rose n Garden,ChIJce5nCBbAMioRqub4_G0KG4s
NightOwl Shell Kalamunda,ChIJ7fREnO7BMioRVNNVqAZ95hw
Perth Hills Kalamunda Visitor Centre,ChIJgRV6l7rBMioRjREvUM9FcXg
Red Rooster Forrestfield,ChIJQfzrYRa_MioRevPa1kPetv8
Santorini Fish and Chips - Forrestfield,ChIJnzZvW0K_MioREtmWGbuYRaU
Walliston Transfer Station (opening hours may vary - check website),ChIJM6GkZk7AMioRbOc_BCAgcOs
Kalamunda Volunteer Bush Fire Brigade,ChIJL9lBPPbAMioRZw8gkE4MEf0
Z-Rest Furniture,ChIJmSTHt1jAMioR38tduGuSCWU
Stoneville Volunteer Bush Fire Brigade,ChIJVVVVabzFMioRM33vE4vB1AQ
Bailup Downs Afrinos,ChIJQd4MUy_RMioRsLfeeabrKeE
"Lake Leshenaultia, Chidlow mountain biking",ChIJQfLu4cHaMioRTLiIlL2RDKo
Win Lunch Bar and Restaurant,ChIJUeLkYGKxMioRZ2OLYz353PU
Salvos Stores Malaga,ChIJHYfSOrqxMioRS7cNQWYcbsg
Cheezus Cheeze,ChIJDdichJXFMioRUc74pdopWCc
Red Rooster Noranda,ChIJ1aLpdVmwMioR9-xHLm375xM
Manta Ray Station,ChIJY6C25aexMioRR-jsAOhklxs
AHB Software Services,ChIJAQBQsb-xMioRdyMQd0kObVI
KARRU,ChIJBaiW2LKxMioRf7iPB07FjZ0
W XYZ bar,ChIJe8jhMBm7MioRm9onxS2g8ec
THE GLOBE PAN AND GRILL,ChIJKwtl5Ki7MioRyu5wUk__g58
West Coast Eagles at Mineral Resources Park,ChIJDR8_rpO7MioRM6rRvISZ93Q
Oolybooly,ChIJcSphspm7MioRFzgK17vMVvI
Balls 'N All Amusements,ChIJdb4O2ZG7MioRr1C68BSD4sM
Platinum Deals Australia Pty Ltd,ChIJU7Avf4q7MioR26EB97AYbtk
Bloomin Boxes,ChIJazi-YoW7MioRUkt-UKpK35o
Mallokup,ChIJ2_iKB4y8MioRdZ4J1eVz5-4
Kirribilli Catering,ChIJC0zErI68MioRTWXDDDWcCuI
The Pili's Cafe,ChIJ52qVfFO9MioRS3Mk0IJQYoQ
Sontech Retail Systems,ChIJx1R6X8qkMioRx6_3zQtuo_w
Mrs. S Café,ChIJUaMla_O6MioRkaHccku0VS0
Chargrill Masters Belmont,ChIJs5XQXgu7MioRlhFWtuLo7sQ
Swan Cafe,ChIJ-xrU0-e5MioRJ7nJNKTQClo
Belmont Fire Station,ChIJOYPTUse7MioRvEBbupD0L4Y
Red Rooster Bayswater,ChIJs9qbrEG6MioRZ_VJ9GVb0og
PUDU Robot Australia (WA),ChIJdeWtK7q7MioRA08gjBPk9xA
Marina East Waterfront Apartments by Blackburne,ChIJf_maNO-7MioRSrFgAKaze3Y
Suleymaniye Mosque,ChIJrwwXYqC-MioRt-yIV-vR3ms
Taco Bell Canning Vale,ChIJl4F-eQ29MioRDpNXeCzTXko
Wattle Grove Medical Centre 🏥🩺 GP near Wattle Grove,ChIJpTG_BuW-MioRm3LvctAR1Ag
Bon Bon Cha Forest Lakes,ChIJ8atZZrWVMioRNJWCJZxXGuE
The Coffee Van Is Here,ChIJgWE0Yhi_MioRy641aMPFMfc
West Coast Pet Supplies,ChIJvSV4XyG_MioRmI3w3cKZZ3o
Dôme Café - Byford,ChIJ6UstpMGTMioRbsXg1sBjl6M
TKL Logistics,ChIJswkxXlWFMioRri0IXUFiBjY
Lyons Cafe,ChIJlQpmuD-RMioRNcGGi2ap0EQ
Red Rooster Baldivis Service Centre North,ChIJs4yRqT6FMioRO4tszWrS3zM
Byford Village,ChIJjerRaQCNMioRHU3_aUuhkG4
Permapole Enterprises,ChIJocx8k2CMMioRJ5EGKDdiXD0
McDonald's Northam,ChIJ3YJTZGAxMyoRnU6YYYkY-vg
Altitude locksmiths,ChIJTzA4r3aSMioROfF5pmX93JI
Mary St Piazza,ChIJIQKQDsS6MioRAvdaVVfNj5o
Point Fraser,ChIJK_tnzxe7MioRxc9ikmNekTA
Roberto's on Bennett,ChIJ7ar17wa7MioRWpryI7bh1_w
Arthur Fairall Playground,ChIJe7N-LESlMioRASNqxf10WwA
Lakeview Lawn,ChIJ8-wV8-qlMioRQbe_o0ua7PQ
Poolgarla Parkland,ChIJkQce0yWlMioREdPySZLHOKk
Mr Paella Restaurant,ChIJSUtPPCelMioRrPwEKykCmyc
Cafe Journey,ChIJCX-FcqGpMioRomwY_-sU8AQ
JCJ WA Pty Ltd,ChIJA-igcDelMioROIcEwM7KbVs
"Secure Parking - 164 Railway Parade, West Leederville Car Park",ChIJmdV-zzmlMioRcdLE8eKz_Q0
Daglish Fire Station,ChIJv0Fh2amlMioRhCOlXOUAuSg
Arty Brellas,ChIJJ7N8CzqkMioRgGfYdftX764
Karen's Diner,ChIJBRv6gNa7MioR18daVgvlU7g
Cult Nation Day Spa,ChIJl1XLb3SlMioRbMLF6zYMhfU
Subi East,ChIJy_sc4aSlMioRNsWPUsq8gsM
Sunset Hospital,ChIJpcV_a32kMioRdK1HWQxXCvQ
The Claremont Hotel,ChIJ87HmJ0ikMioR1jGfwNNN6Lo
El Cabro Coffee,ChIJR88dx5mlMioR1YcZLZAuwk4
Carrrn Bar,ChIJkZDecd2lMioReKfY-zWrGJg
KOOKAÏ Claremont,ChIJza5_3zekMioRjsE8OV4uLh4
Karrakatta,ChIJjZK23qylMioR7t1wBnsTBic
Midland Monumental Works,ChIJVWiM6aylMioRQtevTTbQHS8
Lake Claremont,ChIJWTHj7TSkMioR86dVsjCc7ME
Karrakatta Club,ChIJg93C-Sm7MioRViVw6r7GJTU
John XXIII College Grounds and Maintenance Facility,ChIJtQM0cbelMioRhtvF8E3Bmiw
Jan Purser-Food Body & Health,ChIJ02z8d-m6MioRJbn4VPZOin8
Vinnies Mosman Park,ChIJTcZ1zzSlMioRIFKcr3CD-Ng
Provenance Quality Meats,ChIJ2ZEhVoWlMioRnUtRH0RLL1M
Luke Johnson Creative,ChIJp7I10Pu7MioRBkeYBQzCtfE
Commonwealth Bank Floreat Branch,ChIJFSAPj4-lMioRArRi9OHsGpk
Bollywood Stories Indian Restaurant,ChIJY290JUalMioRZqoPah8zBkQ
Bx Networking City Beach,ChIJt-MlWTKnMioR-ZKS2H26y6Q
Floreat Beach,ChIJreB786yoMioRgmULzEqL5mU
Glendalough Open Space,ChIJKWlXNIavMioR8KTxGLbwBA8
Velvet Betty Caravan Bar,ChIJoe-KEtOlMioRsSYeqTgdY9s
Lot Six Zero,ChIJTUrgVgyvMioRkuyDoI10ng8
The Beach Bar,ChIJ6cdeSdqnMioRvnDVws1XOlo
Pharmacy 777 Glendalough,ChIJiTfJhWKlMioRrd3JYMlRTFw
Mr Paella Catering Perth,ChIJP9T1WmalMioRdjXvXmc5v-U
Trader,ChIJ2Q_tKbSvMioR6dxQJkLQoqY
City Beach Oval,ChIJ9cdls_-lMioRQGbyGLbwBA8
Cushion Factory,ChIJHSCTKQy4MioREw9OVI5nse4
Meat and Mains,ChIJkVBJ3HWlMioRA2hpaAOEGiE
Axford Park,ChIJ67C6TFelMioRQDTyGLbwBA8
Salvos Stores Mount Hawthorn,ChIJ9_0vwfWvMioRtrpid6oF2F8
Porters Liquor Store Mount Hawthorn,ChIJHYa7g2mlMioREHCAM9SzJ9U
Caterlink Commercial Kitchen & Bars,ChIJQ0ISUJ-vMioR0o4FcaJFuok
Connells Family Bakery,ChIJkZjAjtKvMioRr0WorbU7L4A
Gnocchi Gnocchi Boys,ChIJaQpm0W-pMioRJutroPS3jtU
Pizzaca Pizzeria & Bar,ChIJy-gnZlCvMioRZMCgpz1CgIA
Muzz Buzz - Innaloo,ChIJ54gI1AuvMioRpc9tRQ77QU0
On Fire Pizzeria,ChIJgx9Q0N6vMioRA-XdYsHyHfc
Nene Chicken Innaloo,ChIJ1TIWyd6vMioR9oyETwGhlig
Soul Origin Karrinyup Terrace,ChIJ674-ixWvMioRbobnaynkkYk
Review Karrinyup,ChIJh2mcsbVDrwER3dJtUyMRIX8
Innaloo Cinema Centre,ChIJrYFOqbGvMioRHIQUUlKbZ04
Synkro AU,ChIJO4HeN6GvMioRvw-uCh8ACWI
Bstore - Karrinyup,ChIJhWrRG8KvMioRz_G8ZWpIxtg
Hearing Australia,ChIJ51ShA8OuMioR14C3CJMZ9dA
Scarborough Sunset Markets,ChIJSawsZpSpMioR-mxiEqzW8UU
The Fish Bowl Gallery,ChIJxTYNBjOpMioRTTuemfpB9oY
Exactus Homes,ChIJJQFsf0evMioRAS21_WxlWNE
Australia Post - Wembley Downs LPO,ChIJXzqFky-vMioRggO58X8ozJs
Foodies Market IGA Marmion,ChIJa2haQlKpMioRieR5zO-sXpI
CoastWA,ChIJLdmT4v-rMioR1aIDOs6gp4Y
Subway Girrawheen (Newpark),ChIJufeXvwquMioRwUPwlmJ8lQU
Red Rooster Warwick,ChIJGUcct3uuMioRWTczLE8Evg0
Taphouse Mulberry Estate,ChIJt4-DNJa3MioRECmxDBkprOs
COH Digital,ChIJD5hycqGvMioRJFfqbiBTeYw
Nourish and Feed Kingsley,ChIJu9LSch-tMioRnGMqdtkujaY
Serengeti Cafe,ChIJVdQWqToNkWsR0-EoFReswBI
Premier Cafe Hope Island,ChIJx8vfsh4SkWsRElYaKnnNz4I
YouBuild,ChIJ9e3lJQASkWsRkfuFoh2LbgU
Bzar Group,ChIJkf_XwakNkWsRsEL7wv1kkYs
Hayley Elizabeth by design,ChIJedkbILoNkWsRv6RPIcyQJZw
Prime Burgers,ChIJactxDL0PkWsR6EDKqKd5zCc
Fritzel's Schnitzels,ChIJdR2atnUPkWsRWL6_Sn2vMtU
Ichi Ban Ya (8 Street),ChIJOa4Qm_MRkWsRHp-rq24xv3s
McCarthy Coatings Gold Coast Microcement and Venetian Plaster,ChIJyReHcUwTkWsRUD2JVvdZjAk
HotShotz Coffee Bar,ChIJhzTRXp8TkWsR-czq4PEhxeM
Hype DC,ChIJFfhDVSoQkWsR7Df-GLS_eIQ
Bubble Soccer Zorb Ball Hire,ChIJT0aiAeYTkWsRJHlzVY2HE0E
Urban Fish Market,ChIJGT9hzTUFkWsR3hkLUA_Tcag
Crown Currency Exchange (Pacific Fair - Broadbeach Waters),ChIJncMPF_AEkWsRt0stbvkDWAE
Chatime Pacific Fair - Ground Floor,ChIJu0L7d_AEkWsRMqZ1NF8-ZGs
Wokinabox Broadbeach,ChIJYVZafQMFkWsRFKLboB-tHJE
Niecon Developments | Property Developers Gold Coast,ChIJWWbvjD8FkWsRdJ7xmfSOhxk
Sapori Gold coast,ChIJo8NWvjEFkWsR9MJ3Uiy5qq4
Hakataya Ramen,ChIJwfaEyO8EkWsR80PxAsb0H9M
Zephyr Kitchen and Bar,ChIJSSdbiQkFkWsR85myUZ9AZZ0
Burleigh Town Hotel,ChIJR-ZsXeYEkWsRJeOZkeodVmA
Qscan Radiology Clinics,ChIJOzoMj5QEkWsRyWGWdA07H24
OrganicToGo,ChIJoVhPSnAFkWsRwCzp2X9F-O8
Choice The Discount Store Mermaid Waters,ChIJk7JSgtMFkWsRoiECPM9tHyw
ATM Q Super Centre,ChIJ3ahS7owEkWsR3prmCFxaDEg
Justice of the Peace,ChIJmUj_wLgEkWsRvH62SvM-Ak8
"Thai Puntip - Thai Restaurant, Thai Takeaway",ChIJRfREG5oDkWsRiJvfl2j--Ik
SEASIDE Kitchen & Bar Burleigh heads,ChIJZU-hW4YDkWsRIuH_SiDhPYg
The Don Pizza,ChIJTeyn4CQDkWsR8qGXvIZ1QT8
Red Rooster Burleigh Waters,ChIJ_8yPFKEDkWsRMg1HdzNpjW4
Local Burleigh,ChIJS5HeqVMDkWsRxUdzbQ7nYDw
ActivEarth Food,ChIJVXbriwQDkWsRUla6_BUMf40
Coles Burleigh Waters,ChIJD2gRlRoDkWsRsjjbxkp3d3k
Burleigh Juice Co,ChIJAQD89zoAkWsRKLTJ1vZVVAE
Miami Ice Luxury Apartments,ChIJYfiSON8DkWsRvrgARzUYxXw
42 Band,ChIJ4SKzPQ8DkWsRfPmX3ownozk
Rogers Juice Co,ChIJHzq0ASIDkWsRw5o793kz6uc
Don MacSween Park,ChIJOZ0SOucFkWsRN9bvFqLl-sk
Front Yard Collective Cafe Burleigh,ChIJ8w0IjCj-kGsR36HBmW6YiR4
Graphic Design Australia - Packaging Design & Product Branding Gold Coast,ChIJybQVm2YDkWsR7rAUi1CHJqs
Ampol Foodary Burleigh Waters,ChIJfbXTOxADkWsRCt5dl7qWUmM
Man On The Bike Shopping Centre,ChIJf2Bo_kYDkWsRxrT7EzRYmUg
Betty's Burgers,ChIJ-_-veLYckWsRrQr_hXSi1BE
Palm Beach,ChIJH96GDr4DkWsR9lBTnumdGNQ
Vinnies,ChIJX60tKDMCkWsR6qPC7D5gPkk
Keto Evolved,ChIJO7KwinBTDWsR29zKbiPxbjM
The Bathhouse At Ground,ChIJq6o20HL9kGsRE5HZgPKkrj4
Alleygators,ChIJT4qSVQ4CkWsRey6tlGfh19A
Drift Trading Co.,ChIJh3T78RcCkWsRdP2G3QTSGjU
Wallace Nicoll Park,ChIJQdl9iikCkWsRIGntJnkJg9A
Kind Curations,ChIJUfipM4gBkWsRJ8uO5EjMYmQ
Jardin,ChIJATFvSKEBkWsRzuCIGxoLiwA
Taste in Flavours,ChIJLwyvHR0BkWsRTztr5NmNxt0
Papercup Coffee Tugun,ChIJT-eAYBUBkWsREnaL2tycsf8
Ottimo Gelato Kirra,ChIJV_z21NMBkWsRvSK2by2mBG8
Bo'teku is now Trading as Bondi Grille Seafood & Steakhouse,ChIJE9tO-l4BkWsRh6rnab-kJaM
George's Cocktail Bar & Cafe,ChIJYcTMx6oBkWsRjYsIvA5hUgU
Coolangatta Centaur Memorial and Walk of Remembrance,ChIJD3LGqj4AkWsRMkgY0_W5tKI
Aries Holiday Apartments,ChIJjXoaBy4AkWsRc8SYvfcR0Mg
Cooly Rocks On,ChIJadVcCi4AkWsRpLAtWpJcJS4
Lynda MacDonald Interior Design,ChIJ9Y6YKloFkWsRgpe7CXhq-Wo
The Pavilion North Kirra Retirement Community,ChIJcxlwc18BkWsReahK_xrZkTk
Clay Cantina,ChIJb2y85oYDkWsRqEZ50sYVUHE
El Camino Cantina Robina - Permanently Closed,ChIJk8F3fYwdkWsRggJxMavu_ls
Kerrydale Park,ChIJn01bopAdkWsR7V-DqQQZqRE
Sarah Watson Creative Studio,ChIJh-smy1cbkWsRETtXnnJarDM
Subway,ChIJuY9QpqAdkWsRNSpryy-zvh0
Quest Robina,ChIJW0Y7sbockWsR41AAPMf4lQk
Red Rooster Worongary,ChIJW39njXwbkWsRKK7h8os_QFE
McDonalds Robina Foodcourt,ChIJe36eAw0dkWsRcpBaUr5wMA4
St Andrews Lutheran College,ChIJz__GGvoCkWsRFQqKCWju_uE
Honey Birdette - Robina Town Centre,ChIJK43EjrYckWsRCMP1j9coIzo
TAB,ChIJk9zWB9QXkWsR-rKMgMpDiEU
Ness & Nells Nook,ChIJnSYS73wXkWsRyBRvj2ENpRc
Kitty's On The Green,ChIJRQZnABc9kWsRX-v7r-h4Gsk
Tamborine Rainforest Skywalk,ChIJrZ_RkEM9kWsR_VRyuOTF2MU
Meltgc.com.au,ChIJma-lLwgRkWsRXyW71WiyeLk
Signature Restaurant and Bar,ChIJI2mcUb8TkWsRS7Xn33ZHgGk
Sushi Kado,ChIJC7RxEpgVkWsRaFoNZL7Kc80
Rancho del Cielo,ChIJJ0kY4NhrkWsRirNB0dDAL_c
Preece's Coffee & Patisserie,ChIJ68WNMn5rkWsRQBQJ4awpgmw
Red Rooster Pimpama,ChIJuUovE9gTkWsRrOromoLlFaQ
RediATM BP Connect Stapylton Travel Centre 2,ChIJEcoIlfJqkWsR_Kk4gqO2dyQ
Oporto Pimpama,ChIJbf-kO8cVkWsRNzT6dT2pkrw
Ormeau village,ChIJT0NCUMMVkWsRCQJafmlTQls
Eataly junction,ChIJta1rj9cTkWsRNpI71x69JqU
1800bartender,ChIJ_baVT0EVkWsRXTFna7vaJ1k
The Bottle-O,ChIJg2itTAoVkWsRxaZmA80hYA0
SuperSense,ChIJUcxmFZQVkWsRimAeDMcE38Q
VetPartners,ChIJ258hk9tqkWsR5ylBoz7zm_8
Illuminated Event Hire,ChIJ5-3YU4UakWsRO3trqyi1aw0
GTE Training and Development,ChIJrarerx8VkWsRkRNfrGgT7Ak
Ampol Foodary Upper Coomera,ChIJUSZgpfUTkWsRlmchUQR3_NA
Mr Potato Upper Coomera,ChIJ1wATauEXkWsRnB4ruigfpVs
Donut King Coomera,ChIJNWmbpYkTkWsRVmBf_3sWyH8
Food Safety Plan Builder,ChIJ1R51ifQTkWsR0Mh9VSHjrGw
Shaw's Party & Event Hire,ChIJVQcd05UTkWsRSr9kYF5bgTw
Harts Nursery Pty Ltd,ChIJTfJjSrVckWsR4DpFbmb783Y
The Cuzzys Cafe GC,ChIJSd5XUZMRkWsRKUJL_4F7_ck
Jack's Cafe,ChIJyeToV4QRkWsRnKGtRINEFgI
Arcare Aged Care Helensvale St James,ChIJm095ABYRkWsRML8aqUPge9c
Salvos Stores Oxenford,ChIJXXGLaEcRkWsRA9KJa83YAAc
Gold Coast Campervans,ChIJ80wJe48RkWsRsgtckog9qEM
Breakie Nation,ChIJGeTtbIMRkWsRDxDzPapU5N0
Woodshed Recycled,ChIJDSLEaRwRkWsRUQp0GMVHvq8
The Coffee Club Helensvale,ChIJk7bUBvsQkWsRlWVYrCK8R7M
"Seqwater, Hinze Dam Administration Building",ChIJ5b0PM6cfkWsRsngvpG3DYcg
AAFCANS CANUNGRA,ChIJl63y2lkhkWsRTsB5cA4zTP8
Doomben Ridge Farm House,ChIJfTD-FS_fkGsRW1zX_96DS_U
Westhaven at Binna Burra,ChIJNe4Rkc7dkGsRWt1YUQtj1wM
North End Skips,ChIJy13i1-ARkWsRH6UsREN4YUg
Blue Tongue Pantry Bakery Cafe,ChIJzWx9dGMRkWsRlylJrPtkEyw
Frontier Tree Services,ChIJC2WqUpoQkWsRxxvqAjzZvHE
Camfil Australia,ChIJNyEsMgsQkWsR5Snj11a79WY
Gully Station,ChIJI_XFjh0hkWsRKR5YZTSkq3o
Syd Duncan Park,ChIJT2IN2ccfkWsRzrbldaYvkDQ
Japoodah,ChIJO2Xd6cAZkWsRQOXIEAq8BPI
English Gardens,ChIJu-q_QMnmkGsR1NZ1xon0dqQ
Crystal Farm,ChIJf50wDFfvkGsR_wS9PgJN6fw
Top of Springbrook National Park,ChIJS44FhDzhkGsRvtWVI1Q_v8s
Focus Living,ChIJq9CluwERkWsRvjNw6ybFlzc
ZERO%,ChIJMZGIVJKTli0Refd23xw0ILo
Astrology & tarot readings with Jen & Deb,ChIJoVA5cnTlkGsRP65CRMgrM4Y
Crystal Creek Farm Nursery,ChIJf50wDFfvkGsR5_6PTfDfp5M
Design Haos,ChIJTxZ_qaUdkWsRIDO3UUo_Ibs
Mount Warning,ChIJza-5giPrkGsReziWoDPVdNc
Pablito's Sanctuary Cove,ChIJa3cTYzUTkWsRK1aNRD3W_gs
Rhinoflex Eastern Australia,ChIJ5zn_D0fokGsRAGDsP5prYSk
Buckler Park,ChIJAQiJU1MRkWsR3AqcI5V3roU
One Universe Studios,ChIJK4BLsjPjkGsRvWSCR5SLZA4
Churchill Chesterfields & Upholstery,ChIJZ9Z5dXEdkWsRMCrKgrrgvQk
Sharetea Helensvale,ChIJnVa70pYRkWsRIRGrT8Z-260
BBDiet Dietitian Services - Monterey Keys Medical Centre,ChIJx1R2n84WkWsRuReuR0d4Nw0
atmx Meadow Springs Shopping Centre 1,ChIJe69nlMMTkWsREci2dHynBeU
Ampol Foodary Mudgeeraba,ChIJ3xd68pQckWsRh2oOt-LLo_0
The Pines Vet,ChIJxVtmtucQkWsRjcScQy3iFKY
Maintain Australia,ChIJTyG-X_MQkWsRGwpn3eOIhoA
Redzed,ChIJ__9v4S0QkWsRr_XIRA1inCI
Ashmore City Medical Centre,ChIJ2TxKW_kGbQERzyAS6KokDxI
La lucie Recycled,ChIJGUreKikQkWsR2uFV3356o8c
Bayview Beach Holiday Apartments,ChIJn9pQ_8wPkWsRql3kmA_e_dw
Helloworld Travel Southport Park,ChIJV66vw04FkWsRqAk8tmuv7K8
Sizzling Kitchenette,ChIJs148r0QPkWsRWOTuzgsaMsc
Big Boys Blinds & Awnings,ChIJhzZuwikRkWsRKUdJsa_dSjI
LAURUS Chinese Restaurant,ChIJwV4GlIZD1moR2nm0uh0URVY
Trumble Bar and Cafe,ChIJCZtFz9xD1moRcrrH06mVLQM
Shanghai Street,ChIJDZjwJctC1moR1p255IcOXiU
Axil Coffee Roasters Spring Street,ChIJHfBKj_1D1moRLsUE58nPG_E
The Conservatory,ChIJfZVgRsFC1moRL_wAd77WOfQ
So Thai,ChIJw-ILn55d1moRSYAiep9twIk
Hospitality Services group,ChIJ5YuRrR1o1moROQfaRY_WhQs
Roll'd DFO South Wharf,ChIJ6909Uehd1moRlUqXeLF5p7M
Dragon Hot Pot,ChIJB9U-QTlD1moReJ9xG-mY5mA
Nando's Footscray,ChIJf4E2X41d1moR0RowVzCZ6lw
Biryani King Footscray Restaurants,ChIJ_4v0pBtd1moR0q1oTkeqgvs
Grill'd Burgers - Yarraville,ChIJh02ASENn1moRUImPkBfWO3I
KAGAMI Japanese Restaurant,ChIJ66otupFd1moRbGLwQThrRzg
Burn City Smokers,ChIJ7RUf3dJg1moRKKVHeCvld6M
Southern Crest Seafoods,ChIJBwgdPsNg1moRE96MyfqLKhM
Gong cha Altona Gate,ChIJ873AdPth1moRg5kDqKJ4BBA
Per Tutti Pasta,ChIJh832v2ln1moRHREX-cdpUXI
LSC Distribution & Training Centre,ChIJIUbcXhxh1moRDSYGV6GNdHc
Pashaz Pizza & Kebab,ChIJI8xOTAtd1moRtmksk72wLEM
McDonald's Masters Braybrook,ChIJV9deEj5e1moRiCZMHw_HzGw
Joe Foodservice,ChIJN6bF7rhg1moRIRdfpZxtpq0
Australian Wool Exchange Ltd,ChIJA0ygTJZg1moRTcAcHQbrzu0
Saigon Alley Yarraville,ChIJXXj6wlFn1moRXqUqp2v1md4
Commercial Glazing Pty Ltd,ChIJt_9Bsblg1moR8JWkP7Mb3M4
Smile Buffalo Yarraville,ChIJ8d_8FRZn1moR3hSpN4oJX6c
Yarraville Community Centre,ChIJw7r7t0Vn1moRDpwEFwDrMHE
Yarraville Square Shopping Centre,ChIJjwf2ZJ5n1moRFntQA9nTtxc
Miss Biscuit,ChIJzf9wgfVd1moRPH8A9TWQLxM
The Teeny Rabbit,ChIJEUwGWz2I1moRhVIDzFpbIzM
Wilde Interiors and Flowers,ChIJ5xlSTy1h1moRHQwWO16LuaI
Scienceworks - The Cafe,ChIJ9Z3DQt5n1moR-yE31BHh0jA
West Gate Bridge Memorial Park,ChIJ6TUyAEBn1moRyjOa6f6VDYU
Juicello,ChIJu4dcXkFn1moRIzRwo_6qaxg
The Warmies Dog Off Leash Area,ChIJBRceiiJn1moRMLTBy4VQXv4
Snappy’s pizza Williamstown,ChIJ7w0PO5hn1moRLFiEgvg-NTY
Williamstown Home – Supported Living Accommodation – (MS Plus),ChIJWWVN7sRm1moR636bjrFs9l8
Williamstown,ChIJmzrBCelm1moR7Cbj3t2IP9A
Mascalzone Altona,ChIJtSv6OxZj1moR_I-63LPnocE
Supreme Leader Altona,ChIJb9tJn6ZD1moRwK_sVhiZ-ig
NeNe Chicken Altona,ChIJiWT1tf5h1moRVaCQyZ6Q2rk
"Harry's Fish, Chips & More",ChIJGbx7FAdh1moRIK_L5r-nj64
TURNER WALKER ROBINSON (PTY) LTD,ChIJV4soaKQ_1moRy_5CCCO2h78
VICSEG New Futures Braybrook,ChIJJU9soxxe1moR6YvyTOOoBsU
Zona Pizza & Canteen,ChIJ9YbzJO5f1moR635JslC4xas
Al Salama Restaurant & Cafe,ChIJhTgCjXth1moR4ryKft1ZBME
KCA Steel Furniture,ChIJ2z31JDNe1moR9_wO711aueA
JT Laundry,ChIJod8rtzZb1moRzj9WtIIT1hY
Flamez Indian Restaurant Keilor East,ChIJR2XMRa9e1moRuirw7KJMbZA
Goodstart Early Learning Kealba,ChIJIdy8_Rtf1moR8Q3X79bRFHM
Okami Japanese Restaurant,ChIJteXS1hM51moRWEBXFPiP0BM
Osteria Renata,ChIJN6ZaYyhp1moRJzzb_FYtlvI
Gotham Doughnuts Caroline Springs,ChIJDQxwDwf11moRoG64UUNfcGU
Blue Marlin Fish n Chips,ChIJhSLzIR711moRIawe576k5z0
Guzman y Gomez - Burnside,ChIJsTfOy_aL1moR46Hd2EVw5vw
Jooc3d,ChIJ5W1aJfiL1moRcJXvzRh7w1c
Burnside Primary School,ChIJP1VWu6P11moRuF2raQpfkpg
Alabama Wings Caroline Springs,ChIJq6g2hPP11moROYTQvtEoJbk
JPCO Projects,ChIJi8VC8dP11moR1v9SwjMBnW0
Grind & Grill Haus,ChIJcfJ_Kv9f1moRSSOOKSzj6Vs
"Display Homes Wollert, Mickleham, Clyde Melbourne.",ChIJry2vPEmb1moR3oLuEh_R_A4
Kundrathu Murugan Kumaran Temple,ChIJN5ZgXFbz1moR0hVYMdmh7aY
ACM Rockbank,ChIJlet-3vKN1moRClQC5miMu7Y
Langdon Display Homes,ChIJG7rUXyOb1moR-Gn0P5HaB8E
Singh Homes Yang Display,ChIJMSevNKqb1moRQ8fYZvwPaAs
Cobbledick's Ford Streamside Reserve,ChIJs12v_NSR1moR8r9omWTsaxI
Shree Swaminarayan Gurukul Melbourne,ChIJP8YhJBKN1moRo2uNG7eyqV0
Coolclicks photobooth,ChIJMeOk6XqP1moRd1b3HwEnVE4
KM Tubular,ChIJO4dlPYlg1moRhuyZd8fh9Hg
SilverChef - Commercial Kitchen Equipment,ChIJpU3HQm2K1moRaC0KaPFJJgo
Techwool Trading PTY Ltd.,ChIJ1z6dpGiK1moR5bcIXSDmXnE
Fast Office Furniture Pty Ltd,ChIJh8QYPxiJ1moRLBZLk_IogYY
Seabrook Pizza Bar (100% Halal),ChIJ22dfjcOJ1moRw6s4FHhxrVU
Solid Ground Cafe,ChIJ87g6JQGP1moRBFlDL7T_yag
Mad Chicken House,ChIJhXj7GHE51moR3UgJpkts4dU
Pick and Pan Cafe,ChIJj_aySFs31moR61TMYM0MQXo
Warrandyte State Park (Parks Victoria),ChIJL34W5RU31moRYizAuvKfXK4
Scrumdiddely Cakes,ChIJdVSGbBY31moRZek0JlCd8a8
Capricho Grilled Chicken - Chirnside Park,ChIJGyY2P7Yx1moRdfLmpfjoCVg
Okami Japanese Restaurant,ChIJeyTG7Icx1moRYa6prTA9eck
Wonga Park Reserve,ChIJuYIK5gcx1moRjImfx95SfTE
Domino's Pizza Croydon,ChIJc5wv4Wg61moRD4-NV4Nt1V4
Mount Lofty,ChIJSRuSd4kx1moRsLe-C5nNoN4
Osteria Toorak - Ristorante Italiano,ChIJy6OuD3lD1moRDO2XQirm8Yc
Dainty On Toorak 天府 · 品味,ChIJE4v9FMlC1moRW6YQxOcagjU
Homegrown Kids,ChIJAQBEUpBC1moRpkjW3YKQltY
Nene Chicken,ChIJQVX3QPVD1moRBy9iqCNRavU
Farro Pizzeria Hawthorn,ChIJS5_bOktD1moR0KnZTtWLt3g
Cafe On Auburn,ChIJURCrbytC1moRjnUZneBixog
Okami Japanese Restaurant,ChIJ6fSvQbhp1moRYkBHoiC7MoI
"Aladdin's Lounge ( Restaurant, Bar & SHISHA Lounge )",ChIJyxoDe0VB1moR2QIoX772_mE
Little Bang Espresso,ChIJd3lU4RBB1moRBMYemgPJUoY
Kneading Pizza,ChIJ7auauY1B1moRvx9xyYScVCk
Hip Kids,ChIJAQAAAFRB1moRO06K1o-aNhI
Red Rooster Vermont,ChIJt3tn9E851moRGDZATZmNHPI
Rustic Heart,ChIJp_82ZOFA1moRBWYhjC_RN1Y
KFC Box Hill,ChIJeZebl7dA1moRiolCqfnUo_s
Beyond Internet Cafe,ChIJ30iCAbFA1moR5LqWMWQV1_0
Sharetea Box Hill,ChIJqTJECLpA1moRvM83dXxyLGU
Kadai Curry Kitchen,ChIJx_xLgkpB1moRdtNwF7S-qqo
Bee Keen Cafe Box Hill,ChIJqVBHlXVB1moRHqBHIFvZ3oI
U Design Studio,ChIJS_s58PBB1moRx0VmJU4xU5k
NewHope Baptist Preschool,ChIJkWvkowKuJwARizrZYWEkbOs
Charlton Street Playground,ChIJ4wOcO3c51moR7fEKEdDiyq8
The Chase Hotel,ChIJJ-NeADo_1moRElXXgZZ7L28
Dourchino Persian restaurant,ChIJZQ7Y4CI_1moRxRDDd6gCw8g
Kanelle,ChIJp96TWJ0_1moRV5sVZtGDxJ8
Ellis Outdoor Living | Weber Store | Nunawading,ChIJxXZ5nMk41moRMoar1g9QU08
Liquorland Forest Hill,ChIJXdJAHDo_1moRAIhVZ0H_RwI
happy ant,ChIJX6E0xx451moRM8z2OYFyQeo
Extrastaff,ChIJM-x1NwVs1moRwAF-QsXWTLM
Wicked Witch Studio,ChIJ2TD4KCQ51moR1HO9d8pkKMI
Direct Factory Furniture,ChIJ73YS2zY51moRgH3rnm9Gdds
Ramsay Gardens Cafe,ChIJozeMeDI_1moR64Ir9za_uN4
The Vermont South Community Café,ChIJKQmrKYk_1moRjlFj6zcoktM
Nando's Eastland S/C,ChIJKTQms9I71moRRvXQiW6bQzo
Royal Punjab Indian Restaurant Ringwood,ChIJd6pstXw71moRCGQD6-zYuP8
Guzman y Gomez - Eastland,ChIJG4mYdL871moR0N4cH8iqdQY
KFC Eastlands Food Court,ChIJg-o3NNQ71moR4xnrejq0L30
Ringwood East - Railway Avenue,ChIJBaHAOF071moRSPVPz0ddKpQ
Croydon Hills Pizza,ChIJ-3hwOIAw1moRTUPI8Z0mWc4
Pack Shack,ChIJj-Ruh7sx1moRooEjvKLcIbM
Organic Origins,ChIJ65L3VL8w1moRd_c9aQrActk
Electrosafe Australia,ChIJpb6-EEEw1moRxEdqvGUJacw
AFL Telecommunications,ChIJb5llFS1ZkWsR0BFtPO5QmJI
Okami Japanese Restaurant,ChIJ46mvHS0L1moRZ47kZaPAs88
Zomsa Fusion,ChIJXaW0I1BNFmsRQezObpmiGI0
NGA Street Cafe,ChIJrW2CnRpNFmsROdjwqwuGXqA
Deakin & Me,ChIJTTmqqm2zF2sRPCqaMqNA4hM
Green Frog Foodie,ChIJX_Qo7LSzF2sRHYnDA6nhVVo
St Vincent de Paul Society Canberra/Goulburn Head Office,ChIJBS5D7TazF2sR3BAXTNneGQI
AYG Projects,ChIJY7GfHthTFmsRjanKMXPcZgo
Cedar Husk Cafe,ChIJAfN3jplSFmsRcfB9Xvqn9Fs
The Jetty,ChIJZ6SVjrVNFmsRfP1Dd_1Ef_g
thegodscafe,ChIJj_Vd9NVNFmsRxOjuYcvJS_Q
The Bradfield Townhouses,ChIJi_LVIh9TFmsRZybK07eYw0M
Spilt Milk Bar,ChIJjwdrESVTFmsREsub6SHqbh8
Downer Neighbourhood Oval,ChIJk7xISyNTFmsRLyJEv_EDnSc
BaptistCare Yarra Rossa Retirement Village,ChIJ9bG0A1FNFmsR-nLFPJI5HRU
Okami Japanese Restaurant,ChIJuwouChK1F2sRbAb43eofJ4Y
The Parks Red Hill by Stockland & DOMA Display Suite,ChIJo-MPLp9NFmsRDjOFnyrfPzs
RAMEN CBR(Take Away Only),ChIJ4_HuE29NFmsRKH-W678FdAQ
Friends & Momos Woden,ChIJYzgRoM61F2sRgJVjtDpmgsg
dada,ChIJQaOnsUO1F2sRIda8l_ycEag
The Melrose,ChIJ1c0HqaK0F2sR2hySppKeees
Deeks Health Foods - Head Office,ChIJj6lhQbm0F2sRzvn48gb7vEA
Ampol Foodary Canberra Airport (pialligo),ChIJN5T1dtxNFmsRqxJLl64n2-A
REX Lounge Canberra Airport,ChIJqVlex8VNFmsRW7Am3S9ZTZ8
Pizza & Pub @Vertikal Indoor Snow Sports,ChIJ6f2TKX9NFmsRFUt01urgE8Y
GO SUSHI,ChIJB49OcHGzF2sR8vCj1qPpB1A
SWB Management,ChIJfwC_8o2zF2sRQ9yl0D_e80M
Rawson Homes Denman Prospect Display Home,ChIJUXIVq-izF2sR9TRCY5IwlMU
By Xi Photography,ChIJIaaIqpWzF2sR3_IAwKcgDZY
57 Creative,ChIJ__-bjnK0F2sR9euRBXU8fBg
Mount Stromlo Directors Residence,ChIJAQBEEqm2F2sR3YOVE6O6Jnw
Spice Affair Indian Cuisine Canberra,ChIJAaNPKlerF2sRWTWDILYq_gI
PIT STOP COFFEE #1,ChIJ5WUNj2-3F2sRUotWS8VFffw
Rasa Rosa,ChIJDyEdRENNFmsROoJE-jb0ki4
Fresh 2 Go Reid,ChIJuzM5iwBNFmsRiV9-HXjmzTA
Ginninderry Espresso,ChIJS7Q0---tF2sRmXAvx5SAQc0
Scullin Sweet Bones,ChIJW1i1tpqtF2sRLOmc2QeujKQ
Divine Cafe and Bar,ChIJFW8eygyzF2sRDxYcRZXFClM
Shotclock,ChIJDdKpP92tF2sRk1Al4bjM0mA
Little Seuss Street Library,ChIJTUFxV0StF2sRlnITqRHB6do
Right Tick Recruitment,ChIJbVc49NOtF2sRBRq-FvTK3Rs
KFC Nicholls,ChIJ3xmVqSqtF2sRi8ifWl0WMmg
Shaurma On Ugliah,ChIJsfXypiivF2sR82unddpbLJA
Telecommunications service provider | SKM Communications Pty Ltd,ChIJ0YapKoNNFmsRuNbMV6scL-g
AARNet Pty Ltd,ChIJnT3A1S-zF2sR7rmqEG5g3YE
MultiSystem Communications,ChIJ1_dyscdTFmsR-BY1jIsNGsU
Cel-Fi,ChIJm_pcH9NNFmsRIQ72Epdj8E8
Equinix CA1,ChIJ2S3h8GxTFmsRVXdw677_c_o
YLess4U,ChIJdzAwImZNFmsRZpknpjfN008
Streetdata Pty Ltd,ChIJS0acEnStEmsRDTFZ-mwTB1I
Prestige Telecommunications,ChIJJYGs0se7EmsRP6U5I9hp7uI
Biz Telecom,ChIJAQCQkiu7EmsRh0pwW09BHno
Tri Comms,ChIJe4Bi3C-wEmsRnijJvtkjlHw
Next Telecom,ChIJ4x0Hed2uEmsRdEFPM4L9uxE
BITTS Pty Ltd,ChIJlf6bdNqkEmsRUAn6xsfwT9Q
Goodtel,ChIJHeaX0A1n1moRYufVydHrOEY
Telstra Payphone,ChIJybPQLuexEmsRqzh7OcSSYLk
Optus Leichhardt,ChIJ5QQuTQWwEmsRfMlA1UCyPtQ
NEC SL2100,ChIJh8fiVDe7EmsRtb2HEpwg3bw
Vodafone Campsie,ChIJ9zTDE1C6EmsRsgPDCrcuQfw
Vodafone,ChIJfwodN8W6EmsR_0T_Imo-NZA
Work Anywhere,ChIJpc3lHwqvEmsRdVfc7JnLizY
Telstra Leichhardt,ChIJ2SwwTQWwEmsR7cyDDh3I0Y4
Telstra Burwood,ChIJi9hjw9q6EmsRdsS1pfAlqkI
Vodafone Strathfield Plaza,ChIJI564Tn-7EmsRji4P3LORbaw
Blue Wireless,ChIJNa1Wk5-rEmsR9g9Acncqcw0
National Narrowband Network Co (NNNCo),ChIJFVnJx6mvEmsRCzITWLVvDRI
USAPrePaidSIMCard,ChIJvW6srNKxEmsRKHpnWmDChWM
Vodafone Ultimo,ChIJH6-Q6Z2vEmsRHBDdFGItBvg
Amalgamotion,ChIJg3vGg72vEmsRHpYXURUya50
Cemark Group Pty Ltd,ChIJcbEdqHW7EmsRtEd3vVCqEqQ
Vodafone Business Centre Silverwater,ChIJm1n7-jKlEmsRvtviEGbzJnE
Telecommunications system Solutions,ChIJyc-F4WO7EmsRcVrS8u6mZa8
GenesysTel,ChIJnwzyvIi7EmsR7DanwOv2mjI
Cable and Comms Pty Ltd,ChIJ714WfcKZEmsRTMqSxubwTt8
Optus Parramatta Central,ChIJiW7Oe_ujEmsREE_KjBacWtY
Buroserv Australia,ChIJfd0O1umuEmsRKVaRhN4I2U0
Optus Eastwood,ChIJkXVVFOKlEmsRhkgGeBj6SRU
Central Telecoms,ChIJxzMUIxPLcmsRoHyQeTBHflw
Optus Fairfield,ChIJ93u3eCmWEmsRg1JUVL7yZKo
Vodafone Cabramatta,ChIJzU6AYViXEmsRFAefLnTQKSM
NSW Telco Authority,ChIJecbrmSOuEmsRyW-5EBjvwKQ
Telstra Rhodes,ChIJH6DUquekEmsRH8gVTm--Chw
Digitalk,ChIJ1fuiJKSkEmsR7eZHjsSHRXM
Hoang Family Communication,ChIJFUzRiRG_EmsRYCbV88BYcx0
Calltech Solutions,ChIJrfmZ6V2_EmsR-_G5UVUKKpQ
Jay Technical Services,ChIJ_xxMga6_EmsRbZ0QQS_gBQo
Beyond Network Solutions Pty Ltd,ChIJe_POrOrvEmsRKxPf_aI871Q
Sydtel Communications,ChIJg0OMZJ6wEmsRkRpLOQIang0
Vodafone Roselands,ChIJ23BBC2C5EmsRLOM9xrSyE34
All Voice Carrier PTY LTD,ChIJw5O3HRKFEmsRYc0T8q4Df3o
GT Business Solutions Pty Ltd,ChIJoU62jiq6EmsRx8ulEXw9lyI
MDF MAN PTY LTD,ChIJhypHanq7EmsRcNN6Z6n3NgE
High Connect Telstra Partner - Cabramatta,ChIJz-3vnQ6WEmsRdRs26TAZ6hk
Smart Phones Hospital,ChIJ9_zMdeW-EmsRzfkX-ggbFaQ
Northlakes Telephone Installations,ChIJfydnYKLQcmsRj9vAQCj3U7I
Fiicoms,ChIJY7rym2r_kGsRtHXyIHa_RaU
NSW Multicultural Health Communication Service,ChIJ7ViW_RmlEmsRPonHDeNgLn8
TalkUp,ChIJkQGU7UIDkWsR9alOmgHbjv8
LocalCom,ChIJUfUYrIYDkWsRH3FDdzTOrh4
The Communications Company,ChIJHTLzvesckWsRLqcM5aqRrh0
Commtower Pty Ltd,ChIJQQOSOyQDkWsRMiB9D902gyo
Chevron Computer & Telephone Cabling,ChIJyeWIT2AckWsR7AOk2NCkOmA
Valve Networks,ChIJoyIU5zIDkWsRx70I1bpSTVY
Vodafone Tweed Mall,ChIJ6yhXCS8AkWsR0k3mFIYfrQo
InfiNET Broadband - Internet Provider,ChIJsdC8xO0FkWsR-92C_CPD-ZI
Telstra Elanora,ChIJt2fC8jcCkWsRfUgaJBKRiv4
Net Hoster,ChIJXT46aY8DkWsRom5JI0qfRWo
Optus Burleigh Stockland,ChIJvwwr36ADkWsRITuwbPrf6OA
Telstra Robina,ChIJy8Tx_msdkWsRLiU9o94QDuc
Vodafone,ChIJJYNsZ7YckWsROkpmeQZQ0Z0
1800 ONHOLD,ChIJAQAAcJQDkWsRIMVaaXfiA5Q
King IT,ChIJ40sxn7YckWsRfkbtb93Dgq0
CoastNet Pty Ltd,ChIJlYOeNLockWsRIC5Ml-O5zUE
WISE Employment,ChIJqeh6qW7_kGsRc_3Ou3tgsds
AQUATel Advanced Communications,ChIJA0UuZDHkEWsRgefTnAoxDkE
Wave Telecom,ChIJe2ssUrWjEmsRTJXitW1w3z4
Office Squared,ChIJT23Mm-6hEmsRpHV4HPUnLRI
Real Telecom,ChIJOSF_8CifEmsRRgKcYgIe5cQ
Broadconnect Telecom: Business Phone & Internet Provider,ChIJTfj2xTyhEmsRl_L05CzlIag
TRIKON Pty Ltd,ChIJPxWRgA-jEmsR1YZZ0Vxha1U
Primax Telecom,ChIJJaA80VOfEmsR0Dq34KptLds
Optus Winston Hills,ChIJrRxij26iEmsRDIOicj4IN3M
CareTel Pty Ltd,ChIJ5zUGNv-jEmsRql5TvCAHOpI
Syndeticom Pty Ltd,ChIJjSZXor6hEmsRAFUlGIQqRxE
Vecta Labs,ChIJORCKDZKhEmsRF8kVIPho3Eg
Maxinet,ChIJDw1z6GijEmsRItvXrKE_nYs
Telstra Exchange,ChIJS_r2LByjEmsRlN_UNUTdgoo
Vodafone,ChIJVZOxL_qZEmsRiRKiEQY_h0w
TechnoMars,ChIJafxNtv-YEmsRqbsbaoLk4Ec
Telcofast,ChIJoeTa_l6fEmsRniorP3ZF8dw
Mo's Mobiles Plumpton,ChIJqYPtp7ebEmsRPRSW28WWp3k
Vodafone Business Centre West,ChIJd5xKNfWhEmsR_9XCBtwNHCI
Optus Mt Druitt,ChIJSV5fJ1-aEmsREB1CVpnilU8
Seccom Global Pty Ltd,ChIJi7ewglGfEmsRwoyMC_J30qE
Endeavour Energy - Kings Park Field Service Centre (FSC),ChIJeSs3WCeZEmsRGEeMVb6-CmU
Telstra Broken Hill,ChIJeyPWXhas7moRWCS7PFw9m5w
NBNCo Broken Hill Gateway,ChIJg-ex4nGw7moR7sVj4w979aA
Espressonet,ChIJD0bu1BG4EmsR4q9QViEyylg
i-Telecoms,ChIJ85I4sGW4EmsRrRqhcUf7UVg
"Digital Consulting Group - Phone systems - Sydney, Melbourne, Perth, Adelaide",ChIJyViF5Xe4EmsR9ibbokPcRZ4
Switch Connect,ChIJyeTp07u5EmsRXUo1Ybp1VOU
Phoneworld Miranda,ChIJId0qmr7HEmsR3MwKm81xxIg
Optus Miranda,ChIJG9Orv5DHEmsRya18x-zXAN0
Optus Hurstville,ChIJz_ncsaK5EmsRgJfWF91tJ94
"Equinix Data Centres (Gardeners Road, Mascot)",ChIJv0hNPKuxEmsR-Ae-h2u-6sA
Vodafone Zetland,ChIJsSjygemxEmsRi52mqhjgRq4
Cabled & Wired,ChIJczTiW3KxEmsRuJ9Bu6aASiI
"Equinix Data Centre (47 Bourke Road, Alexandria)",ChIJKxvFQrGxEmsR4rq4Xygq1kc
"Equinix Data Centre (Unit A, 200 Bourke Road, Alexandria)",ChIJMdWQjayxEmsR4ysM3j8vAao
GS Telecom PTY Ltd.,ChIJTavFKTGkEmsRckrRlAqFsm4
Acellular,ChIJbdQpWmujEmsRDttmlvKGlFM
JORTEL COMMUNICATIONS,ChIJPxPT00mhEmsR7EYMvZZgVik
Digital Distribution Australia Pty Ltd,ChIJf3LwFuClEmsRCW1SuQXKNok
Optus Top Ryde,ChIJBUHio7qlEmsRlyHbf-3gNJU
Vodafone Macquarie Centre,ChIJsZzcKyCnEmsRYPggSpRm2LE
Telstra Payphone,ChIJ0aAHq8ylEmsRl3WsACPBpq4
Central Connect,ChIJ2XtFynfOcmsRBHJ97wF1dG8
fone citi Rouse Hill,ChIJ73Q4MKGfEmsRjRtWF7u91gk
GE Communications PTY LTD,ChIJ9WDvNT2wEmsRw7E4jtL8ly0
Field Solutions Group,ChIJm8gL1qk9c2sRizOEMM41N2Q
Vodafone Green Hills,ChIJo0Z1wkxHc2sRmJaXzm06hIQ
Voip24 - Business Telecom,ChIJJyU729M_c2sRfmyPwc4geWk
MBIT Technologies,ChIJoTFN3ok8c2sRYKVDbrSkGi8
Telstra Singleton,ChIJJ3rhfyKwDGsROGL-45EdzSc
Optus Singleton,ChIJSfGPeSKwDGsRisfIEIZykYw
Answer Precise,ChIJ7_h9EBJBc2sRIy2fQp2_CDc
Rolyngra,ChIJcQW-ITkwc2sRbHI6uU7mwiA
Optus Charlestown,ChIJNRNpfow9c2sRI5rte3aatD0
iiNet Broadband,ChIJXTPV7CIjc2sR2dL-N3mnw_I
Concept BSG,ChIJyTuzcTM8c2sRNg_TV0jY7_o
Telstra Charlestown,ChIJ02jGZIw9c2sRMfoNZPIFWHk
Telstra Payphone,ChIJD6V_J8A9c2sRvrTstfFaKyQ
Vodafone Glendale,ChIJzfgdmIQ9c2sRDf-eUmXyRLA
Optus Belmont NSW,ChIJu3t1tOAic2sRN-2KHv9Js-0
National Wireless,ChIJsS2ll0AVc2sRj9RbQMpeTCQ
Telstra Payphone,ChIJb8YVSiA_c2sRKvve8b5nkhA
Radio Industries Aust. - 2 Way Radio Experts,ChIJVxs0oDYoc2sRzkOwYuv0nuw
Countrytell,ChIJGaW4plMUc2sReAfbmhtQs8k
TeleWorld,ChIJ-fDDuJ-iEmsRu-VWdhXctQw
EN-LINC,ChIJnY59_kijEmsR1JFMqcpACf4
Vertel,ChIJ755YOh8OnGsRvZlPeLwqAcU
International Application Services,ChIJC80vGNyiEmsRXfWcSeMZ4VQ
Blue Sky Telco,ChIJxaQA_NENnGsRf9iYo5PvPbc
CPS Technology & Infrastructure Pty Ltd,ChIJazVRZPCtEmsRNZhcskl1K-8
Programming Services PTY LTD,ChIJq6omyfKpEmsRIm0tu-vzjMg
Optus Warringah Mall,ChIJCVbDeUaqEmsRUwDctLPhox8
METASITE,ChIJPcZzHeiuEmsR0xDSRw3pBu4
Cablecarr,ChIJzWgeQKZUDWsRD_YnsfmVIyU
yes Optus Chatswood Chase,ChIJZY4OriipEmsRsx0BdRQy-m8
TX Australia,ChIJD5DHqy6vEmsReY2L6cDPZsk
iProfessionals Pty Ltd,ChIJFTTNVFyqEmsR4mVDbt_hrMw
JSI Telecom Pty Ltd,ChIJV54djv2wEmsRcSXgmxxts1Q
Equinix SY2 Data Centre,ChIJv0hNPKuxEmsRvw7YqhqSH8E
"Equinix Data Centre (Unit B, 200 Bourke Road, Alexandria)",ChIJG8-nDfKxEmsRiXpQmwjOifo
Vodafone,ChIJgdwwa4axEmsRnohN-rl2zEI
Robsin Electrical & Data,ChIJAZ7CtiGuEmsRFbjDkXsaoA4
The Social Bang,ChIJ_58AY_C7EmsRlZvjRqpcIRE
IB Telecom,ChIJqRkFKfjuEmsR4O2u01BY0JM
Vodafone Campbelltown Mall,ChIJ847BN1TuEmsRVy4G46z6YxI
DigiConnect Australia,ChIJl-RjLibrEmsR0N2N7-YhXDs
Vodafone Minto Marketplace,ChIJqWGL2g_sEmsR0stYbuM185o
Prepaid Services Pty Ltd,ChIJX6jSgwmmEmsRh7QNmmM3WD0
Crestech Group Pty Ltd,ChIJi-xDBW6nEmsR98fkvbFQkeY
Nextel Voice & Data,ChIJnQ9gFl2vEmsR6ugMUlY2Zug
TelcoTech Direct,ChIJb-smr0qnEmsRxP1uOWE9OKo
United Networks,ChIJdTHikROuEmsRZ-00HJ43flQ
Cellular Asset Management,ChIJf6pYQyKpEmsR5nil84nLZaU
Webstream Communications PTY LTD,ChIJIxtMPFWnEmsRA3FA7glsnEw
Real World Networks,ChIJRyBpXAymEmsRI9V-mGuNk94
Optus Chatswood,ChIJ4Xv0TNSoEmsRIE8Es_DnbpE
Glue IT,ChIJTXuZHf6FEmsRVSmY_0Y2SUI
One Step Ahead Communications,ChIJd9L6iVGEEmsRZZxfNkZiwDY
Telstra St Marys,ChIJ_6hFWcubEmsRk8hbOLJXfrk
Optus Business Centre Greater Western Sydney,ChIJ-R8T-YSFEmsRgY3U87rzjks
Telstra Carnes Hill,ChIJ1TXGPGqTEmsRLqQILJ1VHXw
Vodafone Partner Mount Druitt,ChIJ2dgKj16aEmsRcRbSzyvazpg
Optus St Marys,ChIJpcuje62aEmsR44LqGlov9AQ
Logical Choice Communication & Cabling,ChIJEVCEUXaFEmsR6FW8VObsYDc
Optus Plumpton,ChIJjznER7abEmsRYLVMC4j0Abk
GMR Enterprises Pty Ltd,ChIJG_8cDDuFEmsRa6xUPKQxj0Y
Comms To Go,ChIJz1RvP4mUEmsRfbeu6nP29w0
frenetic,ChIJUXYr0vGlFmsRph7aq2KwXa4
Glenmore Park Care Community,ChIJ9U9hKYqJEmsRqwe31bsnc4o
Invia Pty Ltd,ChIJhU6TFuClEmsR_gNYBHAUTQU
Phonenomena,ChIJ82mGYICoEmsRkutI3IcNKHk
Dipole Consulting Group Pty Ltd,ChIJYZdOQGlYDWsRFA4_-L97PEk
Layer10 Pty Ltd,ChIJqVaOZS-oEmsRSgzV-GfYP64
AUSPD,ChIJpSQzN7-hEmsROOvlmC9gaRA
Custom Tel,ChIJRT5ZisLwEmsREnq29LMN2Sw
Vodafone Narellan,ChIJ74hTSLrxEmsRn946bJAPAfg
NCTS - North Coast Telephone Systems,ChIJ9947PpB1mmsRyRZY3qx7JWY
Northern Communications,ChIJEZLk5iiekGsRWNrD-TmFnA0
Telstra Lismore,ChIJHxeSnxmekGsRdahCZ48pLLU
Vodafone,ChIJK6C0rYC9EmsRGGqRYhQIbXw
Optus Bonnyrigg,ChIJ787MZJ6WEmsRtQrFpHiaRLc
Teleaus Mascot NSW,ChIJmRLRwkqxEmsR3tVR3py0r1s
Qualita Business Accounting,ChIJZ98NIryVEmsRBmL4ROPajlM
Optus Eastgardens,ChIJtXuBL2WxEmsRkMOR_lEBNTE
PrimeCall (Australia) Pty Ltd,ChIJe4ID4_CtEmsR48KEYAjdMHA
Telstra Eastgardens,ChIJ_baKL2WxEmsRkanbt9nqdQM
Vodafone Partner East Gardens,ChIJwX6TJWWxEmsRh7Pbd6z5Vv0
FibreMax,ChIJJ706AvGtEmsRNufT3rpfQJk
Fiber Corp,ChIJvdDcMK2kEmsROhhpfjZMT_s
vRoam Global,ChIJlQYp3bWxEmsREgGjxXv89tc
Voca,ChIJLVaxmiivEmsRr6hbE4hy9UA
Atom Telecom Pty Ltd,ChIJVVVFDu2uEmsRnbfAoH2X2G0
Virtual Office | Workit Spaces,ChIJVepz51exEmsRCgGHZmMQqJM
Think Pickle,ChIJtVABmF-vEmsRxZ4p40i8Tqk
Ucomm Group,ChIJm8xt11WvEmsRlpz4D4WtpG4
Aerologix - Aerial Intelligence on demand,ChIJkVRn2ECuEmsR5SL-ObgKEfI
Vodafone Balmain,ChIJQ6HMybavEmsR4Chof6rPMtA
ESSENTIAL UTILITIES CORPORATION NORTH SYDNEY,ChIJ0bYgbO2uEmsR0UUw0yA0yfo
Vocus Communications,ChIJIzqW3E8Uc2sRmwdAJdj9qYg
VergeTel,ChIJsYqmPd8Vc2sRz20NX6I5gU0
Vocus - Newcastle,ChIJg9W3uD4Vc2sRIOwmTC3BA6U
iPrimus Telecom,ChIJj33fH2EVc2sRnD3Igmd2G9c
Mark Burnside,ChIJ6YE4MmgXc2sRfbZULu_wnDY
Acubis Technologies - Newcastle Branch,ChIJyWv0azEVc2sRFVZ8xQfnUPc
Crazy Johns,ChIJ6XmZb4w9c2sR5hGk4bLFAGI
BRAVO Internet,ChIJAQAAAGkUc2sRNZbwo32Auug
Vodafone Kotara,ChIJK2VcjxMVc2sRfeERMDk50s8
UG Communications Pty Ltd,ChIJNTLnH1cUc2sRA7sza7oLEr0
Business Communication Centre,ChIJ_R3Fpk0Uc2sR5heCe2ZQpP0
Winston Court Offices,ChIJmyxrfTcUc2sRXVbZXu-DBjk
Link Business Hub,ChIJJ47b8MIVc2sRdxYvv_Xsmq0
Bambach Wires & Cables,ChIJ6T_Yp5kVc2sRZ1_YT_c1T9E
Comtech Training,ChIJo-mv3ZsVc2sRbU-S3y0r88M
Wired & Wireless Solutions International,ChIJAXa76tOoEmsRQoXx3FnaTN0
Total Telco Solutions,ChIJCZxMHbk1DWsRfENSD8a0C7I
Telstra Chatswood,ChIJW1oU29WoEmsRReak07Aj02A
ECCTEC Distribution Pty Ltd,ChIJAQCwHgemEmsRKlDOqQrqPbk
T H FREEMAN Communications,ChIJbd2wA0VD_i8RWRIyI_ALc_c
Optus Raymond Terrace,ChIJf-Bsh6Fpc2sR7I46Ve_nonk
AVE Technologies,ChIJk9iDS5NhC2sRbasDaq3UI4Y
Telstra Raymond Terrace,ChIJuVbvGaFpc2sRhAczBh92czA
NCL Hosting,ChIJeZvDXD6fEmsRp0HlcXPxZJA
Cloud Kinnekt,ChIJRQKkCIBLFmsRCwhWb60Kh5Q
Itecs Electrical Services Pty Ltd,ChIJSXDFN0lJFmsRnPYS7CezAbU
Vonex,ChIJ_Tq3PravEmsRY9sAwWAvXT8
Dialpad Australia,ChIJ56-d2UyvEmsRFqKncoBlC9Q
Advanced Voice Systems,ChIJF7EpsyGuEmsRiFgOyx390aY
NR COMMS Pty Ltd,ChIJL3pqEwbcm2sRTDABlJ85ShU
Plesi,ChIJtUy-FkKuEmsRCFqlQm337e4
Vodafone Broadway,ChIJ3x7olimuEmsRPlbYQLTO8TE
Vodafone World Square,ChIJg6_yUaOvEmsRqhN-LKtYoQw
Vodafone Haymarket,ChIJxWO7RCOuEmsRNbCB0Q_k8AQ
Interlinked,ChIJFQI5oyu6EmsRPe_5A6Lgzpw
Optus Woy Woy,ChIJI15oHDVLDWsR80ObG8JeLlU
ORS Wagga Wagga,ChIJZ3uG0EiZGGsRiPLnUw1M_dk
Telstra Business Technology Centre NSW Southern & Central,ChIJP4EVAcybGGsRuUzZI9iR76w
CVGT Employment Glenorchy,ChIJoZNKMnyZGGsRsBvjmMOZRLY
Sureway Employment and Training Wagga Wagga,ChIJpyMoj82EGGsRlElcTsNoUnM
Telstra Young,ChIJu_yGQ6f-GWsRUtk9puIy2R4
BTB - Building Telco Businesses,ChIJG3Ci9bJC1moRQX_PUKpwjlE
Optus Batemans Bay,ChIJte6EnTrAFWsRMfjn6hJ3sCA
Telstra Parkes,ChIJIeGK4ka7GmsRIv21IY4XBq8
Telstra Batemans Bay,ChIJAwAvoTrAFWsRVITItGgIQA8
Telecom,ChIJg_v7VExd1moRtC3lcffEyDA
Telstra Narrabri,ChIJZ3dF2kQ0p2sRP_IJrD0qHfs
Cirus Networks,ChIJ__9PiL4ZE2sRbO9oCG2Bc3Q
Vodafone Wollongong Central,ChIJASI2hfQZE2sRMcSZe9uypWE
Soligen Services Pty Ltd.,ChIJ8yreIhAZE2sRbLN6gP9W7ic
Australian Consolidated Communications,ChIJcbHjh7AZE2sRPmiDna-TXGs
Optus Shellharbour,ChIJCy4IRjGwEmsRwHWmaaI8-vA
Loadednet,ChIJrza78_8eE2sR5_BomBpsFMA
Telstra Warrawong,ChIJJUMq_zwXE2sRdbwerspK0KI
T & T King Services,ChIJt6SJJiKbEmsRS1P2CnA-yno
Northtel,ChIJd9sJHOWPm0sRRTARYXsherk
Telstra Darwin,ChIJxZq2jgiRwCwRssQ5NPm0rMI
Vodafone Casuarina Square,ChIJUy5IgmOTwCwRQI6YBL149Fc
"*A Antenna Man Darwin - DNP Installations Darwin - TV Antennas, Cabling, Satellite installations & repairs",ChIJxUlczAO9wCwRTiM7KsoYQYE
Telstra Casuarina,ChIJL1q2nZ-UwCwRYhyYd87HWbY
Northern Comms,ChIJZWniHH399KARer3GwPVK00Y
Telstra Palmerston,ChIJaeh-rmdTFmsRnKm0w6HmkSw
5 Star Networks PTY Ltd.,ChIJ53DKYGZOkWsRXes5kEgx-Ps
Vodafone Redbank Plaza,ChIJOeFr339LkWsRqXn0Cfbthtc
Telstra Redbank,ChIJ3z_TdH5LkWsRisF2HlSoLu8
Telstra Springfield,ChIJATM9_z1KkWsRi-Vu9bca2x8
ECN,ChIJa-dedZNQkWsRLgaX86nJhQA
Optus Newstead,ChIJQQvBoZZZkWsRaGiVCdt6HBM
Vodafone,ChIJr7sjGxROkWsRVsPmWSI7OpM
Vodafone Garden City,ChIJgTn78jRbkWsRRRBx5hIDLOs
Iseek,ChIJ__-vS2pakWsRPrrYNidMBcQ
Vodafone Queen Street Mall,ChIJe557VgNakWsRlrt1H7uShzU
Telstra Indooroopilly,ChIJG52oGv9NkWsR0wJsdo_9gtk
UB Electrical & Communications,ChIJlVfPnDJTkWsR7CUx2YCFcvM
Telstra Mt Ommaney,ChIJr7sjGxROkWsRkD2tPCe0Zuc
Telstra payphone,ChIJh0e6nWdZkWsRRJv8FxWQ7GM
Titan Communications,ChIJWybU15Hik2sRLWIB9kl3CiE
Telstra Toowong,ChIJ9_xNQpNQkWsRrSXEEQbrXHg
iseek,ChIJWepdS2pakWsRp3IjwVtCMns
Telstra Mt Gravatt,ChIJ3ymSSzVbkWsRIzPw97yVvJ8
Fugro Satellite Positioning PTY Ltd.,ChIJRUZyV6NEkWsRBOiXUfJgdSk
Candour Communications,ChIJRcXq-lJpk2sRM_cSWoCC048
Vodafone Chermside,ChIJ87ixYi5ZkWsRa7vMMXu0AMY
Vodafone Chermside,ChIJpWRjOz1ZkWsRlTiE3hTYxCI
Telstra Chermside,ChIJyUoudglYkWsRtGtIpbN1Txg
Vodafone Stafford City,ChIJDYlrL4dXkWsR4E2SWO95vKE
Optus Adelaide St,ChIJnZ7YqxRbkWsREaWMNaRI5Bk
NATAN,ChIJHYo8TWm-fosRBuOXKcmx0pA
Telco Management,ChIJMepLvvCtEmsRKAEdTX-HEtY
Jet Interactive Pty Ltd Queensland,ChIJ5XBvPV1bkWsRg9MQE6k6VA8
Chatti,ChIJFZAhKv9ZkWsReE2YEJY13-w
TekArtis,ChIJFyvRL0ZZkWsRE9aE6WLllLQ
Nascomms,ChIJ__8vJR1akWsRS4JMtMCjZqU
Teleaus,ChIJpY6-GPZZkWsRNgouuqkfb70
OfficeHQ,ChIJCThHiBtakWsRboE_NCyIbeA
Global Secure Layer,ChIJ9doQvHRbkWsRyTYWE33VjFo
TruTeq Communications,ChIJe74PFqedk2sRoVpXHBgeYhw
Community Communication Networks,ChIJr3qABQ13k2sR6FLPLMX7vl8
VAS-X,ChIJN5pec9Odk2sROqUNk_MIIY4
Simple Telecom,ChIJHWbxY0eZk2sRK_IT1iKzt1Q
Vine Networks,ChIJi8lqWQ-fk2sRx4tOZHc-C5c
NEXTDC Sunshine Coast Data Centre (SC1),ChIJCy5R8iV3k2sREIzjoXD3YnA
Phones At Work,ChIJ6_JyCbCek2sRMJ0jF34xetI
Optus Kawana,ChIJl_XbrR-ek2sR0IZBILTIP6A
Telstra Sunshine Plaza,ChIJ8UBz4WB2k2sRxjel0GarJAQ
Wholesalecomms,ChIJl5cCwHybk2sRnNTrOqF7h2o
Vodafone Sunshine Plaza,ChIJX9yKAWF2k2sR4mEQddJZY5w
L.E. McCulloch Communication Cabling Systems,ChIJw4odsCxxk2sRP0mvyHuoN0E
Vodafone Buddina,ChIJEQ-OYvV1k2sRW7uHoFQ0g1s
Sunrise Internet,ChIJG0IFflJxk2sRkpcRxmdqDdY
Optus Maroochydore,ChIJo27SY2F2k2sRP4vjGWAYAc4
"ViaSat TV, Vast, Pay TV, International TV",ChIJG5jEp292k2sRhHFECRy833c
MiSolutions Group,ChIJzZeO2sC_62sR6UVLYbM_MDs
Austec Communications,ChIJT6EzWa4akWsRLXPgWhbOy7E
Optus Bundaberg Sugarland Plaza,ChIJG2ucKNe762sRkUsTAuQVZ_8
Excel Rigging Services Pty Ltd,ChIJ66xK0L35k2sRdxlbF7HxggM
Telstra Bribie Island,ChIJpWkPOtbqk2sRTjnqmtNZcec
Cairns Business Phone Systems,ChIJi9-B3jtkeGkRYNA2UWep1gU
Simplifi Communications,ChIJKePcsHpneGkRqn0D05SeMPc
Telstra Payphone,ChIJc-k-4utveGkRCbc0QexA-zQ
Vodafone Cairns Central,ChIJGx8JhYpneGkRWAp7R9V6Xfc
Cairns Cabling,ChIJaTPSSdNleGkRpVgOeHopErs
Cablecomm Qld Pty Ltd,ChIJFVG1DExZkWsROTyZqx_xzCs
Carecom Solutions Pty Ltd,ChIJCd0sy6tbkWsRP_9_BYtn_Ug
Nurse Call System,ChIJa1G1DExZkWsRcVRlKemiCaE
The SD-WAN Company,ChIJR2u5hZVZkWsRjTe7G5SGRkU
King IT,ChIJvRdLcRFbkWsRH0dnnbgbiqw
Telstra Wynnum,ChIJZVdXH_hekWsRhVJhnsI8k9c
Telstra Capalaba,ChIJV4W624xdkWsRWJR4LxcPVj8
Multiple Connections,ChIJt_ZlFlFOkWsRkdjfs_3-U4g
ROC Communication QLD,ChIJv2_RsCVGkWsRW66jTfKa9Ds
Vodafone Indooroopilly,ChIJm1HTMVRQkWsRkgJglocE8Lc
AARNet Pty Ltd,ChIJK-JV0qhQkWsRs5eupLANncs
Telstra Biloela,ChIJiwcsAcB0wWsR82cfADsPPz4
My Biz Phone,ChIJGxi0FlYakWsRb2ffCOdMaxk
TelTel Australia,ChIJMcKOtdQRkWsRGO7xbFRSCmE
Valuecomm,ChIJ7SRFuj8FkWsR75Nrlpk54IY
Eurocom Australia,ChIJlTHskT8FkWsRc2_obHHOE2A
Reward Mobile,ChIJB2C_OfIPkWsRvA6C2AJNcRM
Now IT Solutions Pty Ltd,ChIJu-6VBPMPkWsRv3cKUsSloFE
Wise Cloud Technology,ChIJCxiLQVwFkWsRY-4Hv3mxTk4
Channel Wireless,ChIJ9ei0oP4EkWsRUjISzFX-j9M
Gold Coast Telecommunications,ChIJw-I2nTMDkWsRaD3ngVPS1oc
Vodafone,ChIJUVdMB_sQkWsReKoQ5WOYQ_o
Vodafone Runaway Bay,ChIJTeedFIUPkWsRNRvr2fPydvQ
King IT,ChIJvROSum4VkWsRcPHLywePTk8
Optus Coomera,ChIJcaQudlYTkWsRv0HkPh5nCpQ
Beyond Business Consultants,ChIJj0bq5FEPkWsRhlv88UNLK9U
AUSLAND POWER,ChIJKU78p5lFkWsRDvfSnxAJNX4
Progility Technologies,ChIJFdPeQTdBkWsR_B8irASw9dc
Vodafone Logan Hyperdome,ChIJsXrV5yRCkWsRRC_EhQUtRro
Optus Jimboomba,ChIJD803d1c7kWsR-y18wrfbv3w
Vodafone Beenleigh Marketplace,ChIJAwacRdNBkWsRNPQaOOQqp8c
Comverge Networks,ChIJ37XOXvETkWsRVZ5iJdfQqqA
Overflow Internet Services,ChIJbxKeim8_kWsRuV8OYjOEc8g
Seize Your Admin,ChIJq6q-Ti1AkWsRMR5-OmoJLRc
Accelerate Communications,ChIJk7rb9HLU22sRmPg8nXeoCXQ
Eckhold Technologies Pty Ltd (Mackay),ChIJIeLmgArT22sR7oMQvxPe-l4
Telstra Hervey Bay,ChIJqYz62SyA7GsRtKpDCUfzesw
Deaf Connect Maryborough,ChIJfWr9K-Fm62sRh0ksCBhnKTU
Telstra Runaway Bay,ChIJ4QL1_yIOkWsRTZb2nmdJ_9g
NGV Services,ChIJ-8uT_I8akWsRvHrK4LyKdK0
The Best SEO Company Globally,ChIJoxJn0jwPkWsRXTW4dKOaRk4
JustISP,ChIJDX2mV6kBw2sReilNgyrtGkY
MST Global,ChIJt6npj8AAw2sRJBPb37bHe0Y
Braintree Communications,ChIJ393v9WBEkWsR4fGasLEHYOU
Jensen IP Analysis,ChIJ5V5t-B4RkWsR0TXpWFuNkIg
Domain Names Registrations Company,ChIJZ2EWnvoPkWsRMGRVgsAxT9I
Resolver Group,ChIJT1hj39m1lmsRPaSgdQ_fng4
Busitel Networks Pty Ltd,ChIJP1GYjWdblmsR9ctYK76ap1U
Commander Toowoomba,ChIJM2Z8iSRdlmsR-68j8Nr12O8
Vodafone,ChIJayoIG2lclmsR2F1XhMjpFZo
Commander Centre Brisbane East,ChIJbUE-0CcPkWsRtTvdQ1r3ZN4
eStorm Service Centre,ChIJ2b1u3aVdlmsR2AWV11qicCU
Optus Clifford Gardens,ChIJK_KZvGhclmsRKzWeXbneH2Q
5G Networks Townsville,ChIJB6OHP9f41WsRphsZnAlcLWU
ALINK,ChIJJ6u4o8T51WsRYXYOPEXScL8
Optus Business Centre FNQ (Townsville),ChIJ_zsddlD51WsRHtuWMwWHdaU
Frontier Voice & Data,ChIJRQplCnD21WsR9-yRpvRKQ7U
EMAK Communications,ChIJr6_B4xqeDwQRgFo5Tzmazm8
Rummage Connect,ChIJ2x1B2Gv51WsReSvpbsgboqY
A One Locations & Consulting,ChIJ___LnJL71WsRsP23LxZGhg4
Vodafone Townsville,ChIJj6g-8h_61WsRUH61s8Zq9B0
Yourhub,ChIJ628ySFz51WsRc_4Am-w1b7A
Orbit Satellite,ChIJ48t4T8f51WsRvqoMsyA3mK4
Orbit Innovations Group (Satcom Hire & Sales),ChIJE9nsqboH1msR76g7dvbeOZU
Pivit,ChIJ7dD9BYZDkWsR4zwQOqKFAD4
Elite Fibre Optics Pty Ltd,ChIJTfaxc1ZDkWsRWc0KXzekZyw
Ralston Churchill Engineering,ChIJGc5VkcxDkWsRbxwLTtSe1-k
Jet Interactive Pty Ltd,ChIJSz9cOhrPsGoRNfz6T0ske5Y
SYC - Logan,ChIJyylde1FFkWsRKEghAGjYRLE
Airvoice,ChIJsz-NsavJsGoRZZ6F8cATOxw
Azentro Adelaide,ChIJvdro7ObOsGoROEdoZ1n6qlU
Vodafone King William Street,ChIJTychPtbOsGoRyrCDJgdLQ7M
Optus Business Centre Adelaide North,ChIJr6bwGCXJsGoRQAyLJUshgPw
Vodafone Gawler Place,ChIJCd1Z69bOsGoRvLfY31YaNT8
Layer 1 Cabling,ChIJBc7CYCfMsGoR09vIqi6snZQ
OfficeHQ - Virtual Receptionists Adelaide,ChIJVVWlKdfOsGoRcvuiS9dCBZU
FuzeNet Pty Ltd,ChIJqaifbNHPsGoRn2baWm6L-SA
Telstra Adelaide,ChIJnWJ5fNbOsGoRVvR5-2tgZbo
Vodafone Central Market,ChIJexDpxSDPsGoRQQuBVevd3Vs
Vodafone Rundle Mall,ChIJT-0nrNPOsGoRaB30BHdTMlk
Vodafone,ChIJAe1GefS2sGoRnVI7ZxB62To
Cypher Technologies & Construction Pty ltd,ChIJI_-aYpvPsGoR_ldUqSUxpos
Virtual Reception,ChIJ3TDYF9HOsGoRtZ6cKH-DwY0
Telstra Norwood,ChIJORGGilnJsGoRppxbk2RlSwg
Optus Brickworks,ChIJSzy_KlrPsGoRMj8LzRdDLy0
Vodafone Churchill,ChIJu9Q4_lzIsGoR0Ns-yJGX8Dg
Adtel Communications,ChIJX8wXtJ_PsGoREoygPHQobnc
Telstra Ingle Farm,ChIJLU4I3bC1sGoR3zAzbGtpNi8
VMORE Medical Practice Management,ChIJtV2Fa77PsGoRYgx9MS_H7Ts
Vodafone Unley,ChIJPXQJtvvOsGoRs2gfR6OZB_g
Tel5,ChIJffXNIdvOsGoRKLs-F4ByfMk
Vodafone,ChIJJxq3hdK1sGoRMTDK8pSeeCs
Telemall Communications,ChIJpTXAc0TJsGoRwqOkeNH7Ie4
Luckymobile Telechoice Adelaide 阿德莱德中国城唐人街金牌瑞电讯 手机卡套餐销售 全新以及二手手机电脑销售 手机电脑维修服务,ChIJvSXg1ibPsGoRZV0TqYOBy6s
acuiti,ChIJW_-0z9nJsGoR9o_f0LWigrc
T Life,ChIJ82VIPey0sGoR8rYBAQr1fZw
AVN Patel Family Trust,ChIJW9NJrfy3sGoR2XpFpwG42lQ
Answering Adelaide,ChIJI0bwpVrJsGoRxfG8KkGd5Iw
Vodafone Mount Barker,ChIJOzKHi10wt2oRocdDHoZmXyY
The Ohm,ChIJOcp0ri847YcRvHJIuzWo5sY
Vodafone Tea Tree Plaza,ChIJM9l8Key0sGoReyCsVeMdlqU
Telstra Elizabeth,ChIJrRWlho-tsGoRQK7wDx4Exvs
Click Data and WiFi - Local Starlink Installer,ChIJUft5vmU5t2oRtoSlBypS8zU
Telstra Salisbury,ChIJX2NCC9qzsGoRqzkaIHrPX0A
Optus Mt Barker,ChIJ4wc-jWEwt2oRzYKQLPSLP84
Vodafone Golden Grove,ChIJ2fMHUROzsGoRJjHUcXSWHQI
Fone zone,ChIJWZmhg-60sGoRerdhr7k5_fs
Swoop - previously Beam,ChIJV5pdOf_quWoRH-LP9WZGt7Q
Telstra Payphone - Craigmore,ChIJf-u24UutsGoRJ7Uj2_yEO88
Free KernHotSpot WiFi Hotspot,ChIJZepV-Ku2sGoRowgYg0lecxw
Telstra Munno Para,ChIJAwQ2uPqssGoR4JDD_Dw4z-E
Vodafone Munno Para,ChIJseDVpfqssGoRHHKA4E5k68w
Orbitel Technologies,ChIJVzeYcdLbsGoRvVrOrVnr9Os
Selectel - Business VoIP Solutions,ChIJHVSoR4MnsWoRh2gsgA3ekx0
Falcore,ChIJmwIfYEjJsGoRqxlRWsupxJY
Vodafone,ChIJV0HodcwmsWoR3ZSQHNwoWJA
Telstra Marion,ChIJedM7Im_asGoRxujA82wl5qs
PUNCOM Networks,ChIJgREy-XvQsGoRu3UT1Nrzsdc
Vodafone Marion,ChIJBdvX3G7asGoR2EreHezpVNM
Telstra Castle Plaza,ChIJc7Wqzh3QsGoRTHK1UH8bWRg
Vodafone Seaford,ChIJzepPYqglsWoRWWLOpEEvHDs
Optus Westfield Marion,ChIJv6bQ3G7asGoRj5OiuwQ54QY
Telstra Payphone,ChIJg8bj7n5ht2oR7erDpcqatIQ
Vodafone Glenelg,ChIJfeQifBvbsGoR-Zn3yFVxEsE
Newell Communications,ChIJlQHW6lJzt2oROe9Nm3WrBOc
Telstra Payphone,ChIJn-xm3abJsGoRONeLxuut5sQ
Telstra Payphone,ChIJn1sVHWVht2oRAP-Vb0vaG4w
Vodafone Brickworks,ChIJid1ZQKzPsGoR5MOgNPSrXPo
Telstra Port Pirie,ChIJDyI3Ya9-u2oRumYiXKpLO1M
AimBig Employment Prospect,ChIJI9p3wj_JsGoR6ZBPhsHkugw
Tastel,ChIJ5zCpEIV1bqoRBKRdH376WNY
5G Networks Hobart,ChIJSYLrYYR1bqoRpbloLLBVlpc
Optus Business Centre Tasmania,ChIJuVndfc91bqoRUy7Azc9L1Uk
Communications Tasmania,ChIJRcPpXFl0bqoRE9ao1qJd5DY
Jettech Networks,ChIJT2h_yAp1bqoRB6ILVihY_-E
Vodafone Hobart,ChIJkZN0_b11bqoRfc2h1ngO06k
Customtel (Tas) Pty Ltd,ChIJlZYVla11bqoRlvG7ijyohRE
42-24,ChIJ63WyK0l1bqoRyHBE5hYDUQk
Interact Hosting Pty Ltd,ChIJN2t7oqB1bqoRrKXEZnoUV_E
Comstar Systems,ChIJdXSITpx1bqoRwMVXeVANIzI
Linktech Telecom,ChIJjRZ4C6V0bqoRTtLrXGHlit8
Telstra Glenorchy,ChIJu7P7L6d0bqoRBDgTLrTm7Yk
The Claire Bennett Agency,ChIJ__-TWfB1bqoRHMYNbs6VERI
Pinnacle People Hobart,ChIJb0JtkIR1bqoR8s58WlJEuBw
AMC Migration and Education-SID visa-ENS visa-TAS Nomination 190/491-MARA migration agent-QEAC education agent,ChIJN7K0w3J1bqoRzf1W5oplhH8
Telstra Sorell,ChIJiV6mcBLjbaoRZM3v4BNKeas
SV Strategic Solutions,ChIJ788gc4R1bqoRJ_YoqO8xVt8
Telstra Kings Meadows,ChIJe8gDgv2jcKoRNdtCyh-0eKY
Pickle Melbourne - Simply Awesome Business Phone Numbers and Call Solutions,ChIJSR4TWfmJ1moRhXc1y-e60cM
Switched On Australia,ChIJ35TUxxtp1moRxpEilO5st1M
Tech1 Solutions & Services Pty Ltd,ChIJkwhL2b-J1moRVPEl4cDCQzE
InterCall Australia Pty Ltd,ChIJd8PfPBRo1moRCPl2I-E0TJU
LADCOM DESIGN,ChIJcb6DsyuJ1moRf7BBbpf4dIY
Telstra Altona Gate,ChIJAQAAAKRh1moRYT8KZ8TSl6s
Encoo Pty Ltd,ChIJJUcB8Vpd1moRgQGBV6yuzeU
Virtual Headquarters,ChIJJ53MofSI1moR2zAS1LsluvI
AARNet Pty Ltd,ChIJA48q3M1C1moRSCPbSRCuJGk
IDENTEC SOLUTIONS,ChIJx33-9oVd1moRxA7LUVr96vE
Radio Terminal Systems,ChIJKSh1n91h1moRS2haJVOWr68
Telstra Exhibition St,ChIJz53zK89C1moROc61dCXsB2g
Integral IP,ChIJTRxNPCRh1moR-WTFSH-WBQs
Optus Melbourne Airport,ChIJ-_4pmNhb1moRmPdlLIs8Cqc
Y5ZONE Australia Pty Ltd,ChIJF_SJkSNA1moRBpwM_qqH_40
Vodafone Highpoint,ChIJzwoAq85d1moRdr-IUBdo1yg
Telstra Melbourne Emporium,ChIJz-Jh4rRC1moR-j97VpRG25k
IMPRES,ChIJZe09-gqK1moR9Osguos4w70
Inbox Australia,ChIJH3SpvHVj1moRLlt9_H-AuSA
Bettatech Ballarat - TELSTRA PARTNER,ChIJTUM2DutE0WoRlbsNSbsq30w
Vodafone Wendouree,ChIJd3RjLLBF0WoRZ16TVvRWUhU
Montimedia Internet,ChIJafsAlJbT1moRG43lbHKv7sk
Bendigo Telco,ChIJBWyvewhF0WoRHrdfXcbEu0Y
Atlas Communications,ChIJN_nTGeFG1moRhyHxzE9E8Qk
PI NETWORK PTY LTD,ChIJq9Z2vVtB1moR_kIERZSiMgQ
Soundwave Communications,ChIJAU0Sds1C1moRu0VB9Y1ARvo
Virtual Headquarters,ChIJS_J0fHhB1moRYoF8GJz9m0U
SMS Comparison,ChIJQ8b-eOZC1moRMhQ9Oue3VEo
Speedcast Managed Services,ChIJu6Xgf8pp1moRx1Mrt72s9ow
Virtual Headquarters,ChIJCcqHI8ZD1moRdR_aAAOyXoQ
TCS Group Pty Ltd,ChIJr3cgaRxD1moR7r4-AJWnCBY
Realink,ChIJX58bAalB1moRB21_nN9c72g
ReadiiNet,ChIJr0YOqNBD1moRDJlef0jwAuA
Comset 5G Routers,ChIJ31u2rvJB1moRpij3OP22T_4
McCall Communications,ChIJIZdpQdlF1moR2gD3o3zlhI8
VicComms,ChIJYeUfyTQvL2sRUQYcOyAHerE
Consultel Solutions,ChIJKRagRslC1moR1vUY03GKbrM
Crawford Productions Pty Ltd,ChIJAQAwrstr1moR30h-Bckoaoo
Southern Phone,ChIJDzOsGmdZ12oRzN5zmCR6gKs
Vodafone Northland,ChIJsZ5MtMtF1moRxR12dr-mVhU
Communication Workers Union,ChIJqaqqqtdC1moRMsLQFxfSbwk
Excelcom,ChIJW8dyb9M-1moRCmn4-t0OqoQ
Managed Telco,ChIJPx4mt-5Z12oR0oy9FXWr-Fw
Partner Wholesale Networks,ChIJfVLHaKpC1moRhPZkZKINEOA
AA Radio Services Pty Ltd,ChIJH9iKBzER1moROL0ReLiQfMU
Creative Business Solutions,ChIJr7S13aeD2GoRj7BTyHhvgI8
Telstra Bendigo Lansell,ChIJZUEHTmlQ12oRGtLGpAxaIXQ
Tailored4Choice,ChIJrxkhh2FQ12oRGtxwojtJuSE
Ace Communications Group,ChIJxc2iQAAa1moRvnsTL9MuV84
Tech Terminal,ChIJM88J7u4X1moRvbi2juT-zZI
T Life,ChIJ2ftqdFIX1moR8-OHs92Y-No
Telstra Payphone,ChIJY6Tnq3ga1moRVkX5nvtIQyo
Telelink Solutions,ChIJ8VYvRS4b1moRl_E4ABdbzWE
AUS Comm IT,ChIJLRkGGwYe1moRmKbLQ14P7Hs
Telstra Fountain Gate Level 2,ChIJEehv1VIX1moRD4DGfeqnzFw
Skyaus Infrastructure Pty Ltd,ChIJa6GjM8sT1moR4LipuA1sjSQ
GoData,ChIJee73lx0R1moReh7nueOCMi0
ICT Business Central,ChIJDRztYS8R1moR-XEqQTr5JGE
Mr. Data Cabler,ChIJCSA1mIcP1moRLw08kCAE204
Mifone Business Phone Systems,ChIJVaN1CHkU1moRvsC4Z8LQ4WA
QPC,ChIJ008kcUIV1moRGfkx3RtSfFI
OAK Telecom,ChIJPTKQPUtd1moRwnfmr_4L5YQ
INTRACENT,ChIJK7Y3XtQV1moRSa4YeOT9qdM
"Elecell Pty Ltd, Electrical Contractors",ChIJ03_A8Pwf1moRaWfP4UO0nc0
Telcotex Communications,ChIJH5e2SFY71moRZBTdEKonzs0
VERNet Pty Ltd,ChIJ1XO6RRdo1moRQLaBjbTW9Lg
First Choice Comms & Data Pty Ltd,ChIJq5Bmbrc91moRRRaZAnmGSTA
Jingl,ChIJdyAzmxpB1moRJ3WDCu4ch50
JJ Communications Pty Ltd,ChIJ95l06GY51moRpNKbhg7QL6Y
Planet Engineering & Communications,ChIJexPaAJw61moRnbIDaHGv0_A
Commander Centre Melbourne Bayside & South East,ChIJ497ru9dp1moR7Ptue6LIklk
Swisscom P/L,ChIJx-7rkTgj1moRaGYEW-ud5lk
1800 Numbers Australia,ChIJ4ZUbtGYV1moRq87IQeChUnw
Vodafone,ChIJT8yjyqU71moRAWBVWWIRiBA
Metrotel UCE Pty Ltd,ChIJuY2sM_0_1moRpAZ3EZ6XOB8
"Virtual Headquarters - Glen Waverley, Melbourne",ChIJfeJ7oMA_1moRSJ7RpDzGBhI
Crazy John's,ChIJtzWYmdY71moRk5hX7ZzX7P4
Telstra Chirnside Park,ChIJfcEsDNYx1moRs-pfOaqeSFk
Telstra Forest Hill,ChIJcaJfADo_1moRZ6mdKJ9bvdw
Optic Energi Australia,ChIJVblIkURA1moRW4zUtxTr5bw
Next Telecom,ChIJ44WhIbpq1moRpfHnCxO2W3g
Commander Centre Melbourne East,ChIJn1defFNv1moRjQbKd2sZFGY
Jollytel,ChIJa_xuMXFs1moRdu0nftIJ-ps
Vodafone,ChIJD9outUZp1moRmDG8Lame4EQ
O2 Communications,ChIJ_w6s1ORr1moRPZXKyjc9zRA
Ozguide,ChIJY2n06upr1moRu6kMyk1RwUk
Direct Connect,ChIJJbHQnxpB1moRx3Xh798pDYs
Capricorn Space,ChIJkymGF2Fv1moRD7JMOFqHl_c
C-COR Broadband,ChIJ2-7MUyUV1moR5-HZnBAOVSQ
Corporate Connect,ChIJmdQLxr5c1moRDpGLdd94_Gs
COMMUNICATIONS WORKERS UNION VICTORIAN,ChIJWxuJELxc1moRX6IQ3n-mJn0
Wevo,ChIJAQAUIyto1moRjPeImlkUfRo
PennyTel,ChIJt9cRhhxD1moRv03gl1hXe4g
Telcoplus,ChIJDRm8Jktd1moRevxzghv8-1M
Plexus Communications,ChIJayUrJmRE1moRuHdDmvs8xto
Virtual Headquarters,ChIJvaf7lUxd1moRFyFDfzOx_-0
OMNIconnect,ChIJ6c_g9mBD1moRF57aGclwAXs
Minc Communications,ChIJtXEmCMhC1moRAiS2aBPszfg
Wirefreebroadband Pty Ltd,ChIJK9J3RR9D1moRCi065jcde74
OfficeHQ - Virtual Reception Services Melbourne,ChIJm22VlUxd1moRS0CQKZjSL1I
KORE Wireless Asia Pacific Pty Ltd,ChIJu0BFrxld1moRkZWSv96mKSs
Vodafone Uni Hill,ChIJU7Zp099I1moR8jya2n8ZGAc
Skytech Group,ChIJY53DhW1P1moR4pzBhjVF4g4
Vodafone Plenty Valley,ChIJ199AiWdJ1moRjLQFe7gI7CM
Techconnection Pty. Ltd.,ChIJnZpmduNP1moRaBSnqdxI91U
"Virtual Headquarters - Malvern, VIC",ChIJ3xzXIuhp1moRRIuf9272NvI
Noojee Contact Solutions,ChIJf9n0iORC1moRQr0KFC-J2fo
Vodafone Oakleigh,ChIJV48Jogxr1moRMb5WzW-Kvpo
Teleaus,ChIJfR8ddvdq1moRSQDgD3Tp2e8
J&M Communications,ChIJydTLYZRq1moRr_TdLG8eGhA
Globe Telecom Pty Ltd,ChIJdbsa8Rto1moRhubcHRRpRoA
Peracon,ChIJVZMR6bRC1moRK42SZZzqgQo
Reach Telecom Pty Ltd,ChIJaznn1x4T1moR6S-n3Td-nbw
vControl,ChIJ22SX1igN1moR7tWnFP_tcgg
TV Magic,ChIJb-5oGbmEt2YRGUqBlZ78Llk
Telstra Frankston,ChIJXSH6LNp01moRZQVMpw5LxbQ
Telstra Payphone,ChIJGX-ejj911moRwuc873W5FA4
WALL ART AND SCREENS,ChIJ_5C2GE8N1moR6-qWZg8-Mus
Spinktel,ChIJx7Eu90Zt1moRBGHixN8ZYXA
Reel Tech - Hose Reels,ChIJAQAAANe6MioRfH4G-gIwLC8
SMS Laser Cutting - Melbourne,ChIJeVnmYWBr1moRtWxczfL6vcU
Dimension Network Solutions,ChIJs-j7lsRq1moROtDRYcw4nOA
Binary Networks Pty Ltd,ChIJP_iZpzxr1moRT1Uaa6qiJ28
Phone Answering Services,ChIJ3fjLhSkV1moRl6Mmov8EXLU
OceanDigi,ChIJcbDYbEY_1moRJbmH9p4rRco
Patel engineering Pty ltd,ChIJiW4OxX1r1moRDhR27swYuSY
JVS Tech Solutions Pty Ltd,ChIJ01aocEMV1moR5KGJG0GzK4s
Mad Over Tech,ChIJS7pA69c_1moR8MMyCsoUTVs
Virtual Headquarters,ChIJgVNNWvFC1moRqe7EeGH407o
Beam Communications Holdings Limited,ChIJU543gzoV1moREfLB4oS3bz8
CVT (Global) Pty Ltd,ChIJ539k7mlB1moR52rgeCMlmzs
Vodafone Glen Kiosk,ChIJr5mTQFM_1moRe2rUs3rawnE
B.J. Communications PTY LTD,ChIJlQQYNDhZ1moRRmvOU11VahM
Telstra Airport West,ChIJ2ZyZGF311moRjf3Lin0Ev5c
Radio Systems Technologies,ChIJSypXHeVq1moRg0G2nvUPRLU
Telco Together Foundation,ChIJ0QJVc01d1moRjlpRfrIN5rk
Steve's Car Alarms,ChIJ4Z5-j-MT1moRxo4TunCMCrg
Sunnytek ICT Solutions,ChIJAfiy561t1moRlyqHRc1iX5M
Databox Solutions,ChIJR2ePpzdf1moRvHslEmA9BI0
Vodafone Caroline Springs Square,ChIJQYKreR711moRT8YshqBKaEo
Skytech Group,ChIJ-86G_XVf1moRBVNbsUsQ2xI
Fibre Broadband,ChIJG8P-6K9A1moR7FjQhI_f9FI
Aston Comms Construction,ChIJqfKtirZh1moR29iO3w0OZ74
Last Mile Wireless Communications Pty Ltd,ChIJHYz4YTI51moRLQxWgCVkkwg
accesstel,ChIJJUcB8Vpd1moR9MY5-r12RAU
SpecFreight,ChIJl6lQXNw31moRwOLa_Sd5uHQ
ActiveNet,ChIJuWZlruVd1moRJmTYO4Z60fw
Telstra Payphone,ChIJK4imdXff1WoR-yRR3_-BtJg
Optus Business Centre Geelong,ChIJiUmh6CIV1GoRhnF0_6MdGho
Fixtel,ChIJZUT1tVMG1GoR6o_B_ugh1eQ
Telstra Geelong CBD,ChIJmTFB1R0U1GoRl-qYzTJ3hHY
Optus Geelong,ChIJbTc12x0U1GoRR8PVNShHpak
Powercom Pacific,ChIJgzXhDwIU1GoRzDjE2PCe1pY
Byteway - Telephone System Service (Geelong),ChIJB2DwzJ4X1GoRA4x-OKKLtkc
we4us Pty Ltd,ChIJV9Zy3TZt1GoRURJgHlM3Mz8
Vodafone Waurn Ponds,ChIJg5-WvzYT1GoRow5GWYSmytA
vPBX,ChIJo-OmnYoT1GoRnHIQM-sJU4w
All in One Support Services,ChIJreOdDmRr1GoRa_LkY9NFD78
CPK Web Services,ChIJiy9Q5hgP02oR_5ifWazHsp8
Biarri Networks,ChIJkZoFXDNp1moRlFYUexe0-pU
Wired Communication Solutions,ChIJxW76_AFq1moRFc7rMopi2rs
Optus Business Centre Melbourne Inner East,ChIJTSfbaYRD1moRFYaMTl0weqQ
Business Telecom,ChIJvf9DLBRo1moRy2I3J7uM-p0
Optus South Yarra,ChIJAbicnIRC1moRvoy9C4UnQFw
National Communication Museum,ChIJGUHCHphD1moRJvzVB0OxelM
Connek,ChIJCX18l4KvJwARgUlufPnkLYc
Asian Pacific Telecommunications,ChIJZ44PFR1o1moRimCmeJBmCwo
Schepisi Communications,ChIJnzj8es5C1moRTV9dRqMTcLg
RAMM Communications,ChIJo3OJGPD11moRpv9MKjjQ0sQ
Mendleson Communication,ChIJHavM4JxC1moRPShiSU1d_vQ
Telstra pay phone,ChIJMwYeYs5b1moRHQdoTzwpW7w
"Department of Families, Fairness and Housing",ChIJTQeJhoVd1moRWW8wTAPMS3Y
XLB Group Pty,ChIJ4allCiOe1moRmYIkjI3Jz7o
Dodo Internet Watergardens,ChIJF3LIAfv11moRFa93xyxdVnw
Voice Telecom Pty Ltd,ChIJoThCjP2O1moRpmsJ-NbOKdQ
GigaComm,ChIJwcf-X4pD1moRwTrdmmK_Z3U
21 Webs | Web Design Melbourne,ChIJCxocjJ2F1moRw8_cqvhyhKM
"Equinix Data Centre (Unit B, 578 Lorimer Street)",ChIJQYds76Jn1moRNUirztFf694
Ashworth Australia,ChIJ4RaNp7Vp1moRZpggnX25DXc
Pedders Suspension & Brakes Campbellfield,ChIJ3VlrdCJQ1moRl-6i5E8c0WY
Barwon Health Vaccination Centre,ChIJjfpKLUAT1GoR5rZgI1xDuXo
Telstra Lara Pop-up Store,ChIJTUx325AZ1GoRDdvSD1ilK4c
Outback Hire,ChIJyR5gGHIu1moR0w0nu6vTvWU
LMS Communications,ChIJ-RqY26HVKWsRKKR0Lyj12sA
POLKTRONICS,ChIJq2NujAXTKWsRsTRLwBlsYbQ
Dodo,ChIJpcKCUWhq1moRPezu8HlELzg
NetVault,ChIJoW1XTZ9D1moRcLPZkU069ls
Utility Hub Vodafone Business Partner,ChIJ17fXY-Zd1moRZ8z0pfUOz2o
Host Tel,ChIJofnL4QWRwCwRVKS_PTt7-Kk
En2 Communications,ChIJBc1ajSZD1moRGmYDfDi6T6g
Axicom,ChIJEdf5VqJD1moRibQelEDzs8w
Vodafone Melbourne Central,ChIJuQP3j5VD1moR42QP01vs5SI
PIPE Networks,ChIJTZfUFbNC1moRvrvxk4qZOF0
TELEBRAND,ChIJw-iNR0xd1moRg0XRq58uNvY
Virtual Headquarters,ChIJDRm8Jktd1moRXXQY9g_UtWk
Claro Group,ChIJvWDmrE1d1moRlwH_ZlCPArA
Telstra Pay Phone,ChIJj25mdEpD1moRPeLMSd0SAg0
Hello Broadband,ChIJB4PzJbZC1moRbMg3sa5sddA
Net Hoster,ChIJcakXn7FD1moRQdCNr5AylT0
Virtual Headquarters,ChIJZ_7hcNJC1moRc0xl6frD0DI
Intelligent Voice,ChIJzePi9apC1moRNrlYmqQBrV0
Inomial,ChIJaZSEhBiuJwARxhReSvnix9Y
Resinet Pty Ltd,ChIJD9InelVd1moRRXtb4WhlLpQ
KrispCall,ChIJNVqh-AVD1moRSAAfxP4VYD0
Carer Solutions,ChIJNe6CeOY01moRhkKGMukkIRY
PriviCare,ChIJS9Ccej7t1moRL559Bf_CHwI
Luminet Fibre,ChIJZXCwwxWoEmsRH5v3EFW8k6A
Telstra Payphone,ChIJYToBn7GVKWsRHuhZp_TxbKk
RNR Cabling Pty Ltd,ChIJS6wqkEu9KWsRuzFIY4GbRrM
Gigawave | Wireless Internet West Gippsland,ChIJlR313dCVKWsRvVsHyl2h3VI
Telstra Sale,ChIJcfA8RAYvL2sRXjN11U_sSE4
Headway Gippsland,ChIJecS3vU0JKWsRtTFkkFvA_0s
ZCG Scalar,ChIJzVfJNpJdkWsRr9-GJOWLTqU
ITProfessor,ChIJeQPxN8Tp1WoR0WxejxuCGJ4
Telstra Payphone,ChIJTwXID8zn1WoRaNqbKJKAVPc
Vodafone,ChIJNSp_ZHTJ1WoRBf1O9w2ae9U
Telstra Payphone,ChIJJXrfsbnp1WoRodkVdV1zCxE
Telstra Payphone,ChIJlS586wHJ1WoRFkJcN2984Bo
Narre Warren CFA Fire Station,ChIJ-_VAhGIQ1moRLPu6xqHC76o
Chauffeur Link Melbourne,ChIJnxUcSbIQ1moR3fu5NQpJkgU
Mortgage Choice Narre Warren - Manisha Taneja,ChIJq9lUFvYX1moR-CRvkUweEJg
Sky Blue Communications,ChIJ7T2ri7QQ1moRWEVwvwfc2sI
Telstra Tower 38691,ChIJsZ4bPYcf1moR3wZKh32VsFM
VMORE Medical Practice Management,ChIJRWVloChD1moR2cQSsa2XpKc
Telstra Payphone,ChIJjd_n334C1moRD_fkMKOSDRE
Telstra Payphone,ChIJY5hY6TzhKWsRUwTR-ED5BPc
Milcom Institute,ChIJ70PCFLVF1moRldQGoPDERT0
TAT Solutions,ChIJMyP8I_1d1moRvx-Tm928OMM
JCA Insurance Group Pty Ltd,ChIJoaMAcv9E1moRnm9rSA7hMaY
Red Button Technologies Pty Ltd,ChIJKU7AWhxo1moRGNso-c2BNxQ
Vodafone Business Centre Melbourne,ChIJm-SEVhVp1moRBoCo9XfBSjU
Comscentre Melbourne,ChIJ8WORputn1moRx6-u27iLqsQ
VIS Global,ChIJywgVTMpp1moRwAzuJzLbfiY
Byteway,ChIJJbEQgyZn1moRKj1vHCtggUU
24X7 Payments,ChIJkwrhKEJo1moRGmDwsNaIS78
Synergy Asset Management,ChIJA8BkI8-G2GoRYNv2iwsRGNA
TelecomTest Solutions,ChIJN9K_479n1moRr6BWiEixuzo
TITAB,ChIJH2YVoM1C1moRRemjyAGUt1c
Benefit Solutions,ChIJN5kN5vQvL2sRRIZcs7hMkp8
VHS2DVD,ChIJGzBMz0NS1moRGX1FkesqSHs
Nextgen Group,ChIJQTSgmrRC1moRvKuXOEbNb_Y
Caason Group,ChIJq6ra8qdC1moRuwzD5Ofpo4Y
Yarram Telstra Exchange,ChIJazmqnT9bKWsRgarjDOjgIZg
Optus Sale,ChIJ_YP21gYvL2sRw7rsthGQrbM
Telstra Payphone,ChIJPfEPYrnzKGsR5z_Yu0VrFmw
Central Telecoms,ChIJu5i_x8k7IWsRoW3hRNeztu4
Locate Cables,ChIJYezJ8741zWoRjrczHR-5JNo
Accessible Internet Solutions,ChIJm6hHX78_1moRVZqnYp2ow6Y
Future Technologies,ChIJa0g1Jk0hOSoRc3fF8JA3iRc
Westcom Group,ChIJ5e1r8bGxMioR9Tp4T14kBkg
Victory Cyber,ChIJiXHvrhy7MioRR7NhsPGmDFY
Telstra Hamilton,ChIJpwzPQgcCzWoRP_BaB2Xy0xE
Vodafone Carousel,ChIJCw5HpC28MioRmI-AgzYIrgc
LTL Services,ChIJ1e4Of5-9MioRHySZMcPuXgI
Syndicate Communications Pty Ltd,ChIJk10IYhS9MioR-suuojprvMM
Barrett Communications,ChIJ3avvjnuYMioRpWDqDbg6zJg
AstraQom Pty Ltd,ChIJbYCwgSulMioRT85SZ9uu7ps
Flintel,ChIJ67ZAtpBWzSsRo9cOM9XnUIM
PS Tel Pty Ltd,ChIJiWB0UJSZMioRJKfqUFNXj5o
Vodafone Cockburn Gateway,ChIJV9Jx1X2XMioRWmMRfJ78w0c
Telstra Fremantle,ChIJV8SdyXqhMioRvncssVzo8-o
Business Phones Perth,ChIJuQ8bbF29MioREXwFx08XjlM
Vodafone Maddington,ChIJCyGaRya-MioRhe-phgEak_U
Telstra Baldivis,ChIJ6_NeBM-FMioRuKHHUQxMliA
Telstra Booragoon,ChIJs7wAzjqjMioR-df-bwuuhgA
Telstra Belmont,ChIJXw4v_MC7MioRv81bRF8wEaU
Telstra Midland Gate,ChIJc5_qLTu4MioRi2YNULxZfNg
The Techlab,ChIJFbKjCa27MioRb_4o0LKmq6c
Fulton Hogan Utilities Pty Ltd,ChIJn2VYn8a7MioRTIw8V7-EKmM
Qantara Tel Ptv Ltd,ChIJ7zL8EG29MioR9lsD5NzXwLU
The Telco Spot,ChIJ2zbooHbjMSoRzy_T6JvASAU
Interphone Pty Ltd,ChIJVe29uMKvMioR-wtsrOIR2fc
Pilbara Networks Pty Ltd,ChIJYR6RtEajMioRS1kMz3RTdCw
Kings Park Business and Secretarial Services,ChIJRdrd4CSlMioRIE6GxxDAt_Q
Octocom Radio Communication Services,ChIJZ3b1Ta6-MioRrbCkuwuCNsw
Professional Cabling Services,ChIJ5Souuse7MioRrO8yo0UuCqk
Vodafone Murray Street Mall,ChIJqauZfzqlMioRsuLHemhA83E
YLink Services Pty Ltd,ChIJu23gKW6hMioRRSTtOqp7UAY
Space Angel,ChIJ2bLan6m7MioRmtOZTtkJBOM
The Communications Hub,ChIJ7YjVPRG7MioROwS0hcSnE7Q
Aussie Broadband,ChIJIa2Rn_u7MioRzhwywNgZKOs
AMI Connect,ChIJY2t6XE2iMioRrMfJwswyQ2w
Biztel,ChIJq6rqMSWlMioRmDhExQCjmRE
Insight Electrical Technology,ChIJO3WzHue6MioRGCzV_nXEwYU
LBNCo,ChIJbW41DrSxMioR1ro4jZE_haw
Solcomm Pty Ltd.,ChIJvWeB-jqlMioRCxlWstYkmaU
TIM Technologies Pty Limited,ChIJcUwoaZqvMioRWriwZTLHtw8
Telstra Subiaco,ChIJw043lPGlMioRissSd3Bi5qc
Corporate Business Direct,ChIJ9Sae0rK6MioRRGGCEkIyMYM
Online On Hold,ChIJk_K4NtulMioRpIPrJlub78k
Realcognita Pty Ltd,ChIJ5ZA9dyulMioRSr700rDjS7I
Commander Centre Perth,ChIJqRRlGtO7MioR43dPNLv7FXA
HUMDRUM: The WA Support Work Platform,ChIJ-QCl9HWhMioRqaiORMBIK2k
Optus Ocean Keys,ChIJC-jtoilUzSsR-IrRdB47VFI
Telstra Carousel,ChIJvc-g5y28MioRY9L1vWoXvGk
Phone Planet Carousel,ChIJy0I7tmW9MioRKqGPx687S8w
Telstra Morley,ChIJCXmfJYewMioRXEDxhHhL8KY
Vodafone Warnbro Centre,ChIJPwPXrgiEMioRxlSFilhJasU
Optus Success,ChIJ3fJddXuXMioRwcpo016OWoo
Telstra Payphone,ChIJN2U6PbRnTSoRRUN0GiCRTe4
Telstra Warwick WA,ChIJu2Yp_HuuMioR0PdrqVUh02Y
Vodafone Rockingham City,ChIJiQ9vy0iDMioRQNZQrTVGdvg
Phone Planet,ChIJsWxieaCDMioR1J4tG9YDhOM
Turn 7 Media,ChIJb1hNre-xMioRki1nykB8QRk
NetVault,ChIJpxxhRh67MioRA8xS0QsPuac
Vonex,ChIJS0kAgCW7MioRBdIgNOCNYBE
CBD IT,ChIJ425KB9a6MioRi3-TBXJxlIA
Commander Centre Perth North,ChIJP23Jt627MioRJ9vo7RDjRjI
NBN Bentley Tand Office,ChIJMdz-RvS9MioRqiUI--ByKiI
aartel communication,ChIJMaJM7Yq7MioRH0B0BMJClSw
NETCorp IT Solutions,ChIJT4N5FSpTzSsRbwo1GwPzldo
Telstra William Street,ChIJvZ0ZL9S6MioRTjOaEJc8jh0
Vodafone Midland,ChIJu51nMzu4MioRhbPTmf5ECNE
Datawest,ChIJzXi0n5CvMioRdZK-h9jmJL4
Virtual Reception,ChIJVQuPw9W6MioRMNKlaF4aeiY
Telstra Business Technology Centre Perth South (West Perth),ChIJD8stmi-lMioRAK0hJL68RMg
Optus Murray St Mall,ChIJmf2tn9a6MioRNQ5S0Re3bzs
Aria Technologies - Perth Office,ChIJ39HqpTqlMioRaoYR93UMzZE
BillView,ChIJC0DzANW6MioRDTGPAmwuWFc
Australia Post - Adelaide BC Bulk Dock,ChIJZwAAzCLPsGoR_wdMsNliKzg
Ballaboosta Burnside,ChIJ4bIbmV_LsGoRd2TTG4msFu0
Flambé,ChIJAQjKncbPsGoRHHY5W3EpzkY
Flambé Restaurant - Australian Cuisine,ChIJIfq1dhvPsGoRgP5GHem34rg
CnB Chicken & Burger [Rundle Mall],ChIJ7z82sfHPsGoRgOi832ofNCM
Hey Sugar,ChIJfTdAF2rPsGoRuBM_ELNLxxI
"University of Adelaide - Faculty of Sciences, Engineering and Technology",ChIJdeO8VdPOsGoRoqCRSDZHzos
Taste Baguette,ChIJy8J-f6jPsGoRUpqIz8-39hs
Nourish on Campus,ChIJvQ-XuCzJsGoRM9fxqt2GH6U
Scape Adelaide University - Student Accommodation,ChIJCfndd9POsGoR9ti42KKvzbg
Grass Roots,ChIJk77hKg3PsGoR3tn2EdH0grA
Central Café,ChIJ5RtlQ7_PsGoRkxWZXZwOeRc
Chatime North Adelaide,ChIJe0ozo6PJsGoR9Vf2zElsWKk
Nexus 10 Hub,ChIJI7vTGtPOsGoRALVqIhk4ZRQ
Alfie's Cottage,ChIJYe12U9DJsGoRXNONFpQVnxk
House of Fish,ChIJG2V-KjnJsGoRUOqFXczIdOE
RUMPUS,ChIJ7VE1T3bJsGoRqZTPkxKObdE
Kinfolk Bowden,ChIJzdq92MXJsGoRIjQSAWFmLAw
the dirty depot -HQ of dirty inc & simon bryant,ChIJBY3TGPrJsGoR1ukC1WRn2Dg
Destination Saigon,ChIJX2yFUMvFsGoRFR9Bbivn5G4
Burger X,ChIJ-W1ZEt_JsGoRbuCJDlE6xs8
35 Stirling,ChIJ_c4sflLPsGoRYdR4IoteICY
Enjoy All Things Nutrition,ChIJFT-C6dHPsGoR4aJPDhavZ84
Ukrainian Community Centre Adelaide,ChIJryErXe7PsGoRC_-rxBReYLA
Soda Objects,ChIJE8cCRRrHsGoRgSOFwiU40_g
OrderFeeds | Online Ordering System for Restaurants,ChIJuwy54RbJsGoRIkcpIG98S1A
St Basil's,ChIJt12an53IsGoR9NVh5VQSdbs
Costco Wholesale Adelaide,ChIJhSmBXUPIsGoRkqrBslbODJ8
The Simpson Playground,ChIJ_SbxiZTIsGoRblAX1S9QC8Q
Tutto Pasta,ChIJywYFA67IsGoRDErYZgOBIG4
BYO Foods,ChIJGVFDIiHPsGoRZn2wrwKqlRg
"Supreme Turf: Distributors of Artificial Grass, Hybrid Flooring, Composite Decking, WPC Wall cladding, Indoor Wall cladding",ChIJFWHpzq_IsGoRVfWwBi4yIBk
Visy Glass,ChIJWYtl3U3HsGoRB948FVpBkI4
Auyida Express 澳易达快递,ChIJsUW1pSbPsGoRlxycwZzR5vk
RediATM OTR Krispy Kreme Westport,ChIJS80pYP3HsGoRJh45evPdEFE
Business Hub. Allenby Gardens,ChIJZ0xQ1jfTyYsRE4__Sdmykwo
Twin Social,ChIJqXfj7k3FsGoRtssxUvejLfE
Global Wombat Australia Pty Ltd,ChIJ59vnqZLIsGoR2keL7ZJCsGQ
Northline,ChIJEU9xJ2nIsGoRVCdjuQLv72k
Boost Juice Arndale,ChIJP4vtXSPGsGoRBC79xsfjVFk
Sketsch - Engineering Design & Drafting,ChIJ9xdmYGrGsGoRNTty2902vRE
St Clair Oval,ChIJjc3je2rGsGoRV3Ve-znzGaU
Miyao Sushi & Bento,ChIJqZEj9G3GsGoRG7Nit9nM-ZM
Mabarrack Furniture,ChIJZ08hfw3GsGoR5fU6fhZ-0lc
Fresh+ Cafe - Queen Elizabeth Hospital,ChIJqQYPwPHHsGoRuAWYVylVlG0
Koi Knives - Woodville North,ChIJE39poa_PsGoRz6oBgNkKb24
Adelaide Biryani House,ChIJ_R77RoDHsGoRHgl8k9qSohQ
Adelaide MRI West,ChIJ9UIajA3GsGoRksx1UobHlvw
The Vietnamese Community in South Australia,ChIJ-WiHl87HsGoR91bdo9-YPcw
Jarressa Estate Wines,ChIJX3MJXMkosWoRe4EDUwoSgoc
Lysaght Novar Gardens,ChIJf1SGFaXHsGoRLU1e32Nz0ic
The Parks Retirement Village,ChIJ-UW5hIXHsGoRMZgBS-mZMek
Angus Estate,ChIJ1Se38NnHsGoRH9GUSO0f74E
ALS,ChIJwYcB2P_GsGoRCWJ_z41UOJY
Oporto Peterhead Drive Thru,ChIJNbwRUhjHsGoR3jcWC8sghSY
C Coffee Rosewater,ChIJQR0GycnHsGoRF4bTluMwf5g
ST Joseph's School,ChIJ8Y6H7bfHsGoRAnpaF-_BSCI
Kumho Tyre (Rosewater Tyres),ChIJ9-VxxvjGsGoRzmIV1n2-zpU
Westwood Fresh Meat,ChIJoXcaE9HJsGoRIJFBtMDwEq8
Rosewater Pharmacy,ChIJBdRZrlLGsGoRRKDv0Wr39_E
RXI Group SA,ChIJVxHVaSzJsGoRfp1m3yNaWuA
POP Home Staging,ChIJ1U7EdWXGsGoRImyAeVkI3Ho
Pioneer Park,ChIJ1znd8fDGsGoRW7X_TJNd3hc
Sma Design,ChIJva553JPGsGoRgAheF_KVvmM
Cyber Networks,ChIJ4X3uJ63HsGoRpSmksx_PRto
Cimbria Australia PTY Ltd.,ChIJY3bLPufGsGoReUYorFhF_4k
Kingdom Hall,ChIJ67ziBpTGsGoRN-kI57dv6Sg
Edge Early Learning Royal Park,ChIJhYCUdmfHsGoRiOPcaK0SN7E
DB Schenker,ChIJ4YJ_pJbGsGoRv0LMD_QrIaU
Subway Semaphore,ChIJxzytANPGsGoRpJxRkJWCMR4
Birkenhead Naval Reserve Playground,ChIJERnHjB_HsGoR9wyd84-fJB4
CuCu Style Nest,ChIJP1L7a9bHsGoRDtl3sDVT95A
LeFevre Auto Repairs - Repco Authorised Car Service Osborne,ChIJg1edppO4sGoRb1G_sRluv4Q
Eptec Adelaide,ChIJWY5uPAi5sGoRwpGM_DtuSKs
SOLO Taperoo,ChIJBZFu1Z-4sGoR0KGTYrzHe4w
Saltwater Cafe,ChIJAVW0L55OsWoRBiMtAU6s00c
Semaphore Beach,ChIJi6RfOy3BsGoRAMWgXlM64o4
Island Cafe,ChIJayjFI3dOsWoRXlD8oiZVlqo
Odeon Star Cinema,ChIJ6XJGfdHGsGoRwDqfiRb_iDM
Wonga Park Reserve,ChIJT5soK-_HsGoRNV6RxE_a3HI
Semaphore Community Market,ChIJCS62AFrHsGoRotDrep2z5RE
Bakers Delight West Lakes,ChIJFYbrYRrEsGoRhs_rMA5UYak
Boost Juice West Lakes,ChIJj0rFUhrEsGoRfaNW31hHr_I
AnglicareSA Grange Allied Health Centre,ChIJe75R7WjEsGoRDgQewE4MaWA
Wilson Parking - Henley Pavilion,ChIJ86bzsn3FsGoRnbtbPUJhkPQ
Seaton Community Centre,ChIJH7J95SbEsGoRjYkMw9lX3hI
Sunningdale Reserve,ChIJB6-KDfjEsGoRPUVRcZnagzg
The Lott - OTR Fulham Gardens Drive Thru,ChIJySnzXyvFsGoRCs1NaZXC8Qg
Hills Media House,ChIJM_0CNt7FsGoRE9iF1xe-dXo
Adelaide University Hockey Club (AUHC),ChIJHUBrWefEsGoRY6gce0TQ-jw
Harold and Cynthia Anderson Reserve,ChIJj-iNNcjEsGoR8G-6RVU2Aw8
West Beach Parks Football Centre,ChIJZYPPbNDEsGoR2wHlTolRX9g
Collins Reserve,ChIJi3l-gLLFsGoRYG-6RVU2Aw8
Cafe 22,ChIJ6Rij9bTPsGoRmGm3QJ9FoII
OneWorld Collection Mile End,ChIJhVPVkCDPsGoRPcL6TRrMkAQ
HomeCo. Mile End,ChIJjYZwem3PsGoRE7FXkrpCn7c
Plush Mile End,ChIJU5CRmG3PsGoRGGnPyEgrkLI
The Nest Espresso Bar + Kitchen,ChIJP43kvcHPsGoR9b4mK1Z39eE
Azzurri Continental,ChIJbap3PHHPsGoR6k3T3MsE7S4
Inventive Foods,ChIJmzj41njFsGoR1Wejprc1TIY
Australia Post - Torrensville Plaza Post Shop,ChIJcxSsZWHPsGoRBMe3XzDegaY
CaC - SSO,ChIJc76m9OrFsGoRBCbvGcCbNN4
C Coffee Hilton,ChIJ1xO9AXDPsGoRFb-LQpEOZ7I
Bistro 65,ChIJ80nzWijPsGoR5hWqraiOgeg
Cocktail Kit,ChIJs8y6d4bPsGoRalKJNIM6QDs
Happys Barber Shop (West Richmond),ChIJq8vFQnnFsGoRPJSwT43HzCw
Cater Care - Adelaide,ChIJA_twx3XPsGoR7nuB0FfrrKU
C Coffee Clarence Park,ChIJ2XouCrfPsGoRuNKJ2xeGLFg
Goodie Goodie Yum Yum,ChIJK4z8PwbPsGoRwcOB_gAedPY
AAFCANS HANGER CAFE,ChIJn6BkiOOxsGoRVoPesPG51Qk
"Heart of Goodwood, Goodwood Road, Goodwood",ChIJPw7CdDXPsGoR3SmwOFHnJm8
.,ChIJFebWuajPsGoR4DB5cqfY7Yo
Sada Fresh Milk,ChIJB7Npvu7PsGoR7xrERQkgtHY
Osteoscan - DEXA scan Adelaide,ChIJ7YMkMJ_PsGoRnzRZSEs2HeQ
Nottage Furniture,ChIJ7RxM9crPsGoRm7Bw4PK6FJM
Nido Early School Black Forest,ChIJt30dYpPPsGoRomOWyKFqhTo
C Coffee Glandore,ChIJl_RxB5LPsGoRg8BqC1M8SK0
Forestville Reserve,ChIJdXSdZuHPsGoRKEqP998HEzc
Fragrant Rituals,ChIJr-ybznfFsGoR-danC3WtYYI
Musclevend | Gym Vending Machines,ChIJAQAwPHXPsGoRPeKGjdTxVUk
Glandore Oval Playground,ChIJh4vvM-zPsGoRwGa6RVU2Aw8
Marie Gregan Playground,ChIJgfJoOELPsGoRTVcD_NEEmHk
Jack High,ChIJ4-Eavu7PsGoRlSUHIo8jAfk
Beare Avenue Reserve - Walsh Street,ChIJldqaO13FsGoRgsj98zCQO2E
MAHATKUN JESSICA PRATCHAYA,ChIJEdyU48_FsGoRnlnvbEKP2VA
C Coffee Plympton,ChIJ8w08YVfFsGoRqoTNv5oQY_c
Southern Cross Care The Pines Lodge Residential Care,ChIJt6X7OVzFsGoRotYsK1cBqL8
The Small Food Caterer,ChIJAxISw43bsGoRaReSeCUA_h4
Public toilet - North Plympton,ChIJh3NN3LPPsGoR8I5BdLuKrn4
Parkin Reserve,ChIJCT8E1pHFsGoR5ZBF-_CH-Og
S&A Living,ChIJYV6k_0jFsGoRIHpsz04P-tc
Clarence Gardens Masonic Hall,ChIJIVEyDObPsGoRWTd-TfpPzIU
Camden Oval,ChIJ9f0eLsbasGoRsEltwGveCS4
Meals on Wheels,ChIJa4GFsgLQsGoR4zQGdlsPLHk
Zambrero Melrose Park,ChIJVy5MHZjRsGoR5fyYqpPTqrk
Sussan Edwardstown,ChIJCwZIyB3QsGoRSo0Irht748o
Noodle Box Glenelg,ChIJhdBzfRzbsGoRGE2HnDOOpvQ
Adelaide Accomodation - Glenelg,ChIJgz0S9pzbsGoRQDL5eARUiw0
WOOLWORTHS CUMBERLAND PARK PARCEL LOCKER,ChIJ2XJ-cJXPsGoRxPUYueRGKUM
CC Hood Reserve BBQ,ChIJi4AK8zLQsGoREAC6RVU2Aw8
Sky High Access Australia,ChIJWXa2cSzQsGoR-LDnJAF1J-Y
Mqz Consulting Engineers,ChIJm9xQsCrQsGoRu1_VPv8xZXI
ATM Westbourne Park Ampol,ChIJdbH42s7PsGoR9ojLm3u8XlQ
BradyJames PT,ChIJLd_CGhzPsGoRO21v-Kq3NSk
ATM Cumberland Park Caltex,ChIJD-La5MDPsGoR4OZLIBQUKFI
Early Start Australia - Westbourne Park,ChIJTXG21LfPsGoRoI4fRFTCd8Q
Subway Mitchell Park,ChIJb07pB4LQsGoRIBAi-04I8Ds
Curries & Burritos,ChIJEZYFyXHbsGoRQJhRqdey0qA
Burbank Reserve,ChIJV9N1iRnRsGoRYWMvER8Y1PQ
Flinders University Central Library,ChIJw0nO3s3RsGoRDtRDN3BZcZY
Flinders University,ChIJrdtUGrXRsGoRQLwi2Gu95hc
Artland,ChIJN2fntxTQsGoRZPkguf5LD_4
Adelaide Rooms - Pasadena,ChIJkd-yhDfQsGoR2zxSr27AJYo
Sturt Library,ChIJYUzuQIrQsGoR_agznGsHYPg
Pasadena Reserve,ChIJP3m8r2PRsGoRNttIlkufL0o
U-go St Marys,ChIJE7ZxPRTQsGoRLdeNsD2IRGM
NORMA Group,ChIJlbdRR2rQsGoRcRV6QRjcnBU
Seed Terminator,ChIJoyXJy2XQsGoREUia4o1kNMQ
Ascot Park Shopping Centre,ChIJyf3ihWnbsGoRF5ZqUwMUimA
Kintaro Sushi Marion,ChIJTbN8_4vbsGoRUV7Ep9WHOjw
TJ Hire,ChIJ1d-6an_asGoR2hlaN9txhIY
Krispy Kreme Marion,ChIJR2HSxG7asGoR3KT489SvhYs
Peterson Avenue Reserve,ChIJJSwuTH_QsGoRSeJ5rzECcmg
Mitchell Park Community Centre,ChIJD0np33DRsGoRkmAfVn6l-QY
Hendrie Street Reserve,ChIJ-aOVTA3bsGoRVZ2jde9O8ls
Fools Burger,ChIJRdkUR7LbsGoRXwakVZ5OJxY
Glenelg Financial Services,ChIJX2a81enasGoRa9DeFffem5U
Hin‘s Ramen House,ChIJqeHoaNfbsGoRQWKyOOaBJ50
Bluize Australia,ChIJpX8Zvu7PsGoRj4VouxIvtXA
Flambouro Philanthropic Society,ChIJVVVFkt_asGoRtSFEx9GTGTs
"Three Pines, Glenelg East",ChIJvw41wuTasGoRp10w-1YO-aI
NAB ATM,ChIJ9_NhfmfasGoR4pwjxfD2aOE
Glenelg SA,ChIJ_T2WaRvbsGoRbidYY8locR4
Warradale Medical Centre,ChIJs6o7fl3asGoRMLpC6rkCxko
The Lott,ChIJn235il3asGoRQwLvE5vUFD4
HappyWash Darlington,ChIJmVI5ZZ7QsGoRaccxS74bB-0
Scarborough Terrace Reserve,ChIJ_aZIQj7asGoRihxsIswdYPw
Pro Health Care Dover Gardens,ChIJUWxNlujbsGoRQoH3gWD7iC8
Branksome Terrace Reserve,ChIJHYIeaxbasGoRd_5--GHzeqM
Good Neighbour Gardens,ChIJ2YLRdwTbsGoRC-fr9lz8woY
Adelaide Gondola,ChIJLyIoLjnasGoR81Vyg4K9I58
Australian Radiology Clinics - Hove,ChIJL6i4YxfbsGoR1IqSbQwcmcQ
Wattle Reserve,ChIJQ9aWPY_bsGoRp9_KbVO8ceM
OTR Dog Wash Brighton,ChIJnyGQIirbsGoRp3dQXP9B50I
Arch of Remembrance,ChIJORc_zs3bsGoRGK4BlBpAgXc
Susan Grace Benny Reserve,ChIJQ4dHSybasGoR2vRP8szMGgg
Gilbertson Gully Reserve,ChIJk5mTEojZsGoRHunzT2LuPCU
Boral Quarries Seacliff Park (Linwood),ChIJF2TywZvZsGoRvHfMqO9u12M
Grasshopper Soccer (Bellevue Heights),ChIJv1Mbe_DQsGoRF_LXRtFHGiU
Student Share Homes Adelaide,ChIJaebz45fRsGoRuM9IfI4fUkc
Blackwood Hill Reserve,ChIJ8XTwr0XRsGoRrPX3CkObloA
LJ Hooker Brighton,ChIJofCm0zPasGoRL2SQIfqMy9U
EG Ampol Eden Hills,ChIJ2blk1avRsGoRK0_qaExWcYM
Blackwood Brewhouse & Distillery,ChIJpZf_hijRsGoRwnDTEzzqi2Q
Renee Goulding Art,ChIJ-_L2iqTRsGoRByjO22TwFKE
Burgers And Shakes,ChIJ5VPbMgrXsGoRypOD5IC3sQ0
Suffolk Road Reserve,ChIJ18XzT-vRsGoRPrbaEdYo29M
Tsubaki,ChIJt7tzZl3LsGoRu_EViveM1uw
Betty's Burgers,ChIJwW1hIH_JsGoRwbdrVE9XL_E
Boost Juice The Parade Norwood,ChIJ9z0z_ljJsGoR1zWbB3OFqqE
Australia Post - Kensington Gardens LPO,ChIJFX2S8ZXLsGoR8z4yWJU63yo
C Coffee Norwood,ChIJ3zcga1DJsGoRcigvUdoUM0M
Lunuu,ChIJcZfMhM_JsGoRrvwR8uLgfT0
CheeseFest Australia,ChIJXSpTgrLPsGoRKDYa4rJEAxY
MWI Australia Pty Ltd,ChIJa91rJIDJsGoRbk1outlkuTM
RediATM OTR Evandale,ChIJwXGZHqXLsGoR_ZEgxWgU14M
70% Asian Smart Food 七分轻食,ChIJQdnEvPDJsGoRKI1pekbKt5U
colourthinking,ChIJNaqH0g3JsGoR_UdS3y1y7i8
Maylands Business House,ChIJVbnSO17JsGoRzGVnwyKI12Q
Linde Reserve,ChIJg-O-wELJsGoRtV7qjbrGHTk
215Magill,ChIJf5B_I2PJsGoRcRcpyQ6mI6s
lounge & Dining,ChIJO03zOkXKsGoRxz-Vgm_4sG4
Yumms Restaurant (Halal),ChIJIUfX9PbJsGoRnC_4qFQ3RKY
Maid & Magpie,ChIJVVWFiEbJsGoRQ30J5nnOlgY
Carl's Jr St Peters,ChIJXy_ylKzJsGoRkCYF6FY014Y
Chefs on Wheels,ChIJv5mftTDLsGoRx4dyZJn8NWo
Drage Reserve,ChIJQekYySfKsGoRMHS6RVU2Aw8
Joslin Reserve,ChIJe4LqB3DJsGoRP4Sfx1q2x0Q
Wellington Centre,ChIJcRX6rSrKsGoR_R0PO7xf_98
Firetech Services SA,ChIJVVWly-XKsGoRvEDQ-cVMNNk
Rostrevor College Junior Years,ChIJY7UNM_LKsGoRV2cblu72O6g
Petrolab,ChIJrzAsNPnKsGoRYuQH-MAjt5s
Two Hungry Guys - Charcoal Yiros,ChIJbby66kTLsGoRWGUB5V14jbc
Rotary Club of Morialta,ChIJkVkvl2S1sGoRKvxk54LuO6s
Dernancourt Medical Centre,ChIJp2FEqg21sGoR9bG9RyIbg0g
First Place Cafe,ChIJXWlQk_u1sGoR8v5326Ue1oA
Sams Possum Rescue Athelstone,ChIJ7_hh1Vm1sGoR4hUWDsXkG_Q
HappyWash Athelstone,ChIJMyoai0G1sGoRAOkzzbZtZbM
Leaf Essence,ChIJ3Yn7czHJsGoRjF-iRQHgdq4
Willow Bend Reserve,ChIJ9wuEz5zJsGoRqwDfSnOMfVU
Dean Group,ChIJK-wMSAnJsGoRbmCeiDvGzzY
Wing A Ding Ding,ChIJ_SoU4F7JsGoRdyzC6hbDZ0A
Elite Rentals,ChIJEaBzrs_IsGoROVZ7hLRTlqM
Black And White Latin Food,ChIJJcZLOevJsGoRaVpANRIREh4
Nala Bhima Kitchen’s Food Truck,ChIJJ1WQwz_JsGoRSePS7EvOnJw
HappyWash Broadview,ChIJIU__KMDJsGoRdO_mmsuh6Ic
ATM Broadview Ampol,ChIJLfAoIZbJsGoRGw4ESqfqlww
Adelaide Victory Football Club,ChIJJVLW_zHIsGoRrbo2ljKKQy8
Supreme Leader Kilburn,ChIJN2rMsM_JsGoRK6DFI9JKCVg
ATM Northfield Caltex,ChIJ5Y_za93JsGoRs-ZY7YlULVo
Bami Gilles Plains,ChIJ06GEVCm1sGoROH4_urLxvtk
Arnold's Place Café,ChIJVYwlue_JsGoRRKeMR8ESMCA
The Strand Reserve,ChIJj2oWTPzJsGoRHSKKYqPqIfM
Brumby's Northgate,ChIJKXsytAG2sGoRSxmWMhq0Rgo
Takumi Sushi 匠寿司 (TastyLab),ChIJV8jBFdm1sGoRopWvk-gcNxI
Pizza 365,ChIJ_VWE-6W1sGoRHLgPywlsJcc
Augusta Street Reserve,ChIJvxUiBfjJsGoRlOYNPNPAXtw
Sushi Hub Ingle Farm,ChIJMxGwliy1sGoRrajRzfnW5-Y
Infinite Aged Care - Klemzig,ChIJwyuttWfJsGoRr0ACbC0l8wc
Suimin,ChIJL9zhBQjKsGoRWGhH6eLkmWQ
Thrifty Car Rental Klemzig,ChIJyaza9K_LsGoRDelu7zvNwkw
Holcim Quarry,ChIJHxSyWiNLt2oRJpTUEGK3t7s
Saffron Indian Restaurant,ChIJVYbAXpu0sGoRcN4loRUpa6M
Hope Valley Institute,ChIJa6S1qx61sGoRdmWvffn-7uc
Hope Valley Reservoir,ChIJgS8egQW1sGoR7-ND_Hlz2Gg
Highland Wax Australia,ChIJNQucK6y1sGoRE_sKJP_IhO8
Krispy Kreme Tea Tree Plaza,ChIJ1QP_Pty1sGoRLslqMjm8kR8
Bi-Lo,ChIJp3kaMje1sGoRT1iDlhDXwsQ
Star Laundromat,ChIJ9-m3o5S0sGoRyjs9c3SCimM
Data Deliverance PTY Ltd.,ChIJ9QMZqLZMt2oRcrQ2-oV7zr8
Modbury North,ChIJA6PqV_O0sGoRYLmOYlQ2AwU
Modbury Hospital Foundation,ChIJDaMbHvC0sGoRJEBvLq3QNQI
Hargrave Reserve,ChIJ3WkUh7e1sGoRrLsXT6sr8pg
Baby With Bee HypnoBirthing Adelaide,ChIJZyltfpy1sGoR6uzzC2vY25Y
MUSEOZ Drum School,ChIJTRJCeIS0sGoRB_qFJd1XewI
Mark SEO,ChIJq6pGKIG0sGoRu_qsKf_mXQQ
Noreen's Family Day Care,ChIJByzbZTe1sGoRjegO0_R8ypc
Vision & Care,ChIJ__8Lw8K1sGoRdMjwvNsSOpY
Vinnies,ChIJyREBBrm1sGoRzMs9KxQjA_s
Bitter Sweet Creations,ChIJA5rA3sa1sGoRjZlugQtJ_gQ
Smokemart & GIftbox Clovercrest,ChIJRTSNsFC0sGoRHgwe3Yi9vcw
A&L Windows,ChIJlUqVYSHIsGoRUbG2sv0hetw
Garnock Engineering,ChIJvc_CjyDIsGoR9vle4ecsOE0
Rainbow Fresh Direct,ChIJ9z5DusLJsGoRcTOJm20T1hw
L J Paper,ChIJNcYQe2zJsGoRCsZ_H3Eeux4
Ragù & Co - Italian Restaurant in SA,ChIJ41Dw1aPRu2oRKI4kXih34Z0
PC Microgreens,ChIJkVFviU2zsGoRCQnzyaNizxE
C Coffee Golden Grove,ChIJ9cDwsImzsGoRoD5hp25uG8E
Stepping Stone Para Hills Childcare & Early Development Centre,ChIJa1iaZAy0sGoRa9jLHgcNhkM
LJ Hooker Property Specialists,ChIJe9IKh_G2sGoRfe-fky1T38E
Cookers Bulk Oil System,ChIJbQpP0wW0sGoR9_NX4gdMpE8
Redwood Park Laundrette,ChIJ0cN85aG0sGoRrZBnFWp6XYs
Eurofins Agroscience Services,ChIJ8YHBz8y1sGoRHk_f_GlCo6Q
Cotton On Ingle Farm,ChIJd_33F5m1sGoR-C4Q0T0NE80
Aeropower,ChIJ52iSaKq2sGoRcAxZvofKewc
KFC,ChIJkXSpEUSxsGoRrM4XmgCRrjM
Salvos Stores Parafield,ChIJ7XzIW6-2sGoRc0UoYoQzip4
Salisbury Community Hub,ChIJLbEelAmzsGoRVHqGNRAtPV0
Northern Endoscopy Centre,ChIJD-r7y--zsGoRm40i4NN2_pA
Metro Glass,ChIJi9SB2-C2sGoRCmAZDNGMDLk
Spandex - Adelaide,ChIJWdb1dea2sGoRkEDUPbfJZKc
Rembrandt Living Home Care,ChIJgRMeHuW2sGoRyRELKt_Ubms
Amari Tanks,ChIJQ5rhX--2sGoRrgTmOutuHEw
Bami Hollywood Plaza,ChIJzyCVvcKxsGoRnOxhkDHx3lU
Afghan serena restaurant,ChIJv_xUorWzsGoRc1GBnqriRq4
Starfire Pizza,ChIJR2chw36xsGoRtexGMCJvykk
D. Ummy Reserve,ChIJq7Uf2zCxsGoRNXaSTzwSGbk
Royal Booths,ChIJa-_WmAKxsGoR6B6zP5-_wVQ
Clinpath Pathology Salisbury North (Whites Road),ChIJgdqKhXOxsGoRNMjezZZmLAQ
Australian Clinical Labs,ChIJI8SDSqyzsGoRxu8BG1WAZUY
Harry Bowey Reserve,ChIJHbYMME6ysGoRECG6RVU2Aw8
SA Diversified Products,ChIJAQDw8uWysGoR_SuvrU3YOzM
HappyWash Hillbank,ChIJxWCbf2GysGoRMSEq1G-HRMU
ATM Salisbury Park Ampol,ChIJqVh16VaysGoRJ3goTDavQwM
Southern Go Kart Club,ChIJh1wvAjuxsGoRxEuCC6q6ZY0
Asian Crib,ChIJ1yaIoNmxsGoR9PZGs2T9ToQ
atmx Adelaide Arcade,ChIJSXAdjtqwsGoR_zy5Yer_Uio
Australia Post - Burton LPO,ChIJB5UaIASxsGoR3_uPXRFvf_4
Kaurna Park Wetlands,ChIJUeG6dQexsGoRgBi6RVU2Aw8
Trymoss Engineering,ChIJrbMZQu-wsGoRMH1jRbtA6Ic
Golding Transport Industries PTY Ltd.,ChIJO4mHve-wsGoRxouPhYLt8aA
Sapana Holdings,ChIJvUyTs_mwsGoRhjdo3lUsBmM
Australian Plastic Profiles,ChIJg2LOXkYnsWoReqGtIGwLvNE
Australian clutch services,ChIJsarbS7SxsGoRxpiBn4LoUxQ
St Kilda Mangrove Trail,ChIJiys2OCC6sGoRSoHYxh6Sasw
Stone 4 Home,ChIJAQCk6P-wsGoRo_Q1YAUYYL4
F Stephens & Son,ChIJZ6gDOj6wsGoRQ7oK0j2GS0M
Sri Shirdi Sai Baba Temple Land,ChIJw-nxonewsGoR9QBGMKt-6_s
Krispy Kreme Elizabeth,ChIJlcQ3tiGtsGoRiHPc-YaVtwg
Reading Cinemas Elizabeth,ChIJrRWlho-tsGoRSbL6WLf_tBk
Mas National Elizabeth,ChIJtaoW5MKtsGoRCEj4PxrmZ8A
Prince George Plaza,ChIJBdacL4WtsGoRQGWoSbhFid8
Western Union,ChIJ86O56XitsGoRoKR9mXypxiU
Affordable Castles Adelaide,ChIJZadPgeStsGoRMj_rIh-fidk
KFC Playford,ChIJQTvp32GssGoR4nBrDtWpkF0
The Boomerang Centre,ChIJaYp8vlatsGoRZj2lTxxv9u4
Chemist Warehouse Elizabeth,ChIJE6qqpY-tsGoRiU_nVS5F-yE
Abbott Pathology Elizabeth Grove,ChIJ2Tkf6AizsGoRUbVixKoWwQ0
IGA Local Grocer Elizabeth Vale,ChIJtaZATkOysGoRXocqsSaWNis
The Lott,ChIJRSIcYkOysGoRPI1crm1qh3s
LJ Hooker Craigmore | Elizabeth | Salisbury,ChIJeTRK8yatsGoRBEVo1Iqj6aM
Thrifty V Superstore,ChIJJy5KjdCzsGoR_jIf9pXFYd8
Yorktown Pizza,ChIJrXFRXx-tsGoRgbCKk9bPELI
The Pamper Hut (previously Pamper and Parties of Adelaide),ChIJhT8gtT2zsGoRRXJ0aD6Qyqw
Kalara Reserve,ChIJKcm6sLOtsGoRsAG6RVU2Aw8
Henryk Reserve,ChIJkfTDE4GzsGoRSNNMawh9VwE
The Lott,ChIJM9_PKGKysGoRpE0S-Qas7ao
Hopestreet SA,ChIJF8rZifStsGoRNuCBkKGMuiI
RediATM OTR Hillbank,ChIJ5c6o116zsGoRcoxCDGqyRXU
ATM,ChIJFX45tAmtsGoRiazLxA4ZzM0
Ki Cartage,ChIJlUirvJatsGoRhXDBK_8ZD_c
Pacer Profiles,ChIJ156UftVMt2oRa3d-X0-zKQc
Animal Welfare League SA - Edinburgh North,ChIJmbWyIZOtsGoRE2Oas1zTbSQ
X Convenience Womma Road,ChIJX8nx4iytsGoRJ3sK-b3SABQ
Elite Supps Elizabeth,ChIJpzQO3iGtsGoRK5C6xaMxQcg
Mark Taylor Taylormade Wings,ChIJgVu04DursGoRczqgDz-UMF8
Careworks Community Op Shop,ChIJp0rPLaatsGoRYk87avVSoI0
Thrifty V Elizabeth North,ChIJq8HXf_etsGoRohUAxP69-9c
Bourkes Back Garden Worms,ChIJp0rPLaatsGoRKFYOjTN1lV4
Yankees Burger Bar - Angle vale,ChIJWQ7q34StsGoRqED29hewxsw
OTR Munno Para,ChIJtb02vJSssGoRyb8ADJeA7hs
Gawler East Real Estate,ChIJzd6PTbX_uWoRFm0eMvgOuBU
Ezer Foundation,ChIJ7UKT0ceusGoRV5Ba9J9FnM8
Dominic Versace Wines,ChIJdSEqxB-ssGoRBmvARsAMpuM
Antique Buddha Gallery,ChIJlX-osBSvsGoR_zy-KnY1Y0o
Royal Gold Mills,ChIJZyqDNa6vsGoR4tqP_JYtD4M
The Precinct,ChIJX3UGFmKtsGoRME6TmZn6v3c
Apex Greenhouses,ChIJ__9DKIWvsGoRHJC9jNPsWOc
Haigh's Chocolates Golden Grove,ChIJISBoUcWysGoRmSlUc5dOq60
Supplement Mart Golden Grove,ChIJqR4oI1WzsGoRdePZ4j8iJLk
TAB,ChIJlR9QvF2zsGoRMlRm425SpRY
Commonwealth Bank Golden Grove Branch,ChIJCY3eUsWysGoRBDo0CZLjhG8
dusk Golden Grove,ChIJIfWXL7WzsGoRuCx6auadgbM
Greenwith Community Centre,ChIJGemJTABNt2oRkKxUp4xiSa4
Tilley Reserve,ChIJ7-JSXjKzsGoRywmWxqO6B1k
Cobbler Creek East Reserve,ChIJ1UFZn9WysGoRMIu6RVU2Aw8
Lobster Auto Logistics,ChIJacBOo0uzsGoR7Rs54u5_NrA
The Hiive,ChIJ_SspBrNNt2oR4xpMM-lVtG8
Rusty Bike Wines,ChIJ_UqNYIlMt2oRdqf4ee6Z8xw
The Pulpshed,ChIJTWFuKDlNt2oRwN0CLIKCLh0
Caston Design,ChIJ-16CyGZMt2oRx8fCC1fQyUM
Willabrand Australia,ChIJu4NcmfRMt2oR4feba19YRfE
Stansbury Alpacas,ChIJgy0h5UFMt2oRspaJGJw7zpA
Hard Rock Cafe,ChIJC5popzCuEmsRPKATD1RBAAQ
Muay Thai Cafe,ChIJ3VtP-B6vEmsR_aK-EoQlCXg
1909 Dining Precinct,ChIJ0fbDg9qvEmsRKEVdZK0AJUs
McCafé,ChIJLXnxIxOQEmsRbu1h5grh20k
Berkowitz Furniture - Sydney Warehouse,ChIJ4wvg8oOxEmsRB8afV_UYC6o
Nu-Pure Beverages,ChIJq9PdAnGREmsRgniYPieunyU
Sandwiches by Bootleg,ChIJr9-cPa2xEmsROA4QnrqXbAA
The Lord Dudley,ChIJDagxFuOtEmsRo1PQ2dOUSCs
Atomic Coffee Machines,ChIJyT_haQeuEmsRd8EguCuZHXw
Kitchen Collective Coaching,ChIJ6STttuatEmsRseYpyYOdORA
Cafe C&M (Bondi Junction),ChIJd037VZ-tEmsRFbzxQMzPRe4
Munchies Sushi Bondi Junction,ChIJ2XjLQlutEmsRqc0Wf9T_JXc
Vacanza Pizzeria Bronte Road,ChIJ39bh9AqyEmsRsRew3nqDSOk
Captain&Co,ChIJiaTvIAfiFyURU-EMnlCZAg8
Industry Beans Double Bay,ChIJA-aHyzetEmsRJsc8CmCW8Lo
Fortis,ChIJE_cqYxSuEmsR0moTKxk2uW4
Schnitz Broadway,ChIJS1VVlSiuEmsRiSmahXKNdX0
The Royal Hotel Dalton,ChIJG5K_kgrZFmsRZprdeG1UI40
Burgers On Broadway Ermington,ChIJ-Zol04WkEmsR-8XoETmEF40
PappaRich UTS,ChIJbcMZo2-vEmsRsdhn4i91spk
Killiney Kopitiam,ChIJi8TFjX-vEmsROqY-PqXYWR4
Merino Cafe Accommodation,ChIJBZ6L1EzdFmsRNpTYujWLT04
Steve Costi's Famous Fish,ChIJBxbO09uxEmsRkFEQ46ox_jI
The Eveleigh | Events by The Grounds,ChIJ7RrX746xEmsRX-jITGkFgkM
Condimental at Carriageworks,ChIJ41s5vGmxEmsRgPbfzhO6qTI
Fratelli Fresh Darling Harbour,ChIJpXvV2tWvEmsRJ34mLMp4ZQI
The Calabur,ChIJ9ZaFmvCtEmsRbQmHjF2RWHo
Two Fives Cafe,ChIJFz6E7KOxEmsRs5-sZa1c9oo
Gusto,ChIJizOc-ruxEmsRoP-A6MrGOEM
SC Consulting,ChIJq6pGsBmxEmsREP-C9kURX_k
Ribs & Burgers Drummoyne,ChIJdbvsynivEmsRgpnIV1RDD3Q
Fireside Brasserie at Kingsgrove RSL Club,ChIJq_mMy5i7EmsRcNNMDzf9ols
Sushia Birkenhead Point,ChIJu100pTyvEmsRWmdpavUGK6s
Enzos Cucina Kogarah,ChIJDa1dK9O5EmsRaF6OJ4ImUM8
Espresso Lounge Kingsgrove,ChIJi_m2BWu7EmsR9OnNN4Jios0
Indian Biryani Restaurant Rockdale,ChIJe7JLZa65EmsRY6jNqmvr9zI
Sushi Hub Westfield Hurstville,ChIJDxsYyKK5EmsR3O6lPb1iD_E
Gözleme King Hurstville,ChIJpYk2yaK5EmsRkw5s__UrMYc
STRAND Miranda,ChIJ61U_U5vHEmsRBHYdK6pNDY4
Woronora Memorial Park Office,ChIJd3J6hTXHEmsRgPbv-Wh9AQ8
Hot Star Large Fried Chicken,ChIJObJRB6O5EmsRkhkm7hORfoQ
Outline Interiors and Designer,ChIJBesbxZnHEmsRs7U_TRJ_cLo
Milsons Point Wharf,ChIJS75ID2CuEmsRcDnpQpAjcHE
Fortune Place,ChIJ75DeYdSoEmsRHnpFrNvCuvM
Din Tai Fung,ChIJh-Sby9WoEmsRq2wCaFZm5II
Nando's Westfield Chatswood,ChIJj-yYy9WoEmsRBZ_mdW4yXw8
China Chilli Chatswood Station Interchange Mall,ChIJa-fsftSoEmsRUEID1zKT8Sg
The Fit Chef,ChIJr7u71emvEmsRuzY4fwp7KjE
"QE Foodstores St Leonards, Australia",ChIJl5FmbZCvEmsRL27d0agO-ZM
SUNSET DINER,ChIJb6rzHFCvEmsRjkjnQ155pfM
Lillah,ChIJOcV_IzyvEmsRV3653e2GFCY
Little Cha Bubble Tea,ChIJ85567J2pEmsRj65BeQURts8
Harbourside Property Styling,ChIJce6c2ReqEmsRmjeYDju9fOA
Fish & Lemonade,ChIJse9SkAOrEmsRqyI1qV2IDVA
Bar Veinte,ChIJdYtmfXVVDWsRVDIkNl08orA
Potato Corner Mona Vale,ChIJ4bk23mpVDWsRGPG4BtLGneg
Karen's Diner,ChIJXZQ4HtmlEmsRVi4Abju80xg
Wanted Chicken,ChIJx2h7ZbWlEmsRDuGN4VJo3As
Cafe Hylton,ChIJGxS-Mw6nEmsRuJLAROiMf4w
Okami Japanese Restaurant,ChIJj4naWO2nEmsR_6y0IGOmJik
Back To Health Chiropractic Seven Hills,ChIJ_eC06GyiEmsRB83PxDdAKEI
Harry's Café de Wheels - Baulkham Hills,ChIJT8ale2ijEmsRdrxCB6eT9nA
The Muglan In Burwood,ChIJV0nRnfe7EmsRfJ-tRE6XF6A
Salsas Burwood Westfield,ChIJi9hjw9q6EmsRXjEJc0Mlrto
Okami Japanese Restaurant,ChIJWaEPIMqjEmsRrdlJMGcIrWM
Bengong's Tea & Bakery,ChIJc5q9Ptu6EmsRfDJrY5SNZ6k
Seoul House Jia,ChIJAwV6OeG7EmsROl-Vxt_98Dc
Hens Chicken Strathfield,ChIJBeACpxm7EmsRUVHrDFnQJTM
Fairfield City Central,ChIJtQiB5IC9EmsRYLG8_L9alDQ
Fuadijan,ChIJCz43P_mjEmsRBd6SoxAbMGs
Rons Handburger Marrickville,ChIJN25b1FOVEmsRKou3_2t0pnA
Red Rooster Moorebank,ChIJaSq78yC-EmsR51_BMLuRdeg
Oxford Gardens,ChIJq6quHJ7rEmsRoGvfWnE2o-c
AFANDI RESTOCAFE,ChIJGRZ76fu9EmsRODHK-x-eg6o
McDonald’s Ingleburn,ChIJCVifxcPrEmsRSh5aAJLl-FQ
Gorilla Packaging Pty Ltd,ChIJqR1qSyftEmsRPNOmIbeAnbk
Oliver Brown,ChIJQ8A01tG_EmsRrCPSI91ykdM
Wild Sage,ChIJJzsqNUSuEmsRU_pdp_pbC-4
The Naked Duck Martin Place,ChIJKfgiO-SvEmsR51gDSnsSHbQ
The Cabana,ChIJZ934S0KuEmsRu9RkgxCVo0I
Starbucks The Rocks,ChIJEWSDRI-vEmsR8psnD9luiv4
Campbells Cove,ChIJc3N6iGeuEmsRfFwhypUlufQ
"Luna Lu - Asian Fusion, The Rocks",ChIJr9lSEmuvEmsRRD_l58GVOKk
Burger Q,ChIJU6unZoCvEmsRw5toKnMt9Es
PFD Food Services - Chullora,ChIJ4QuCLEOwEmsRDgdJlziOFlk
William Blue College of Hospitality Management @ Torrens University,ChIJzQ_fjO2uEmsRs2wSZ_UV63A
Scape at University of Sydney - Student Accommodation,ChIJE16LE9SxEmsRgb7zOIckOQA
Chatime UTS,ChIJkWi16umvEmsRBK2ZswUh6Ks
Universal Cafeteria,ChIJP6h1YyauEmsRm8kYj7IKZEw
Vacanza Pizzeria Surry Hills,ChIJTxJaVxmuEmsRLSL0P10qgxk
Mark And Vinny's,ChIJi_E5fx-uEmsRwTq2DFHduEI
My Zakaya,ChIJ9VxXGhquEmsRICm7sFGr-38
Jitjatjo Australia,ChIJcT4c_5OvEmsRro_2WkQ9qxs
Mad Monkey Bayswater,ChIJu_e2UQyuEmsRaQQIWnONNN0
HopeStreet Cafe,ChIJCzMNoByvEmsRw-bEgOtPYRE
LIONESS FASHION,ChIJxd6M9CGuEmsRrIxmXpQI7tQ
Nextrend - Sydney,ChIJtYJRAO6ZEmsRVeg_TQOgsBI
Saigon Xpress Roll,ChIJVw0kRuKxEmsR8cV7UPs-_r8
Electrafix PTY Ltd.,ChIJsTEAOLqxEmsR2dN3BuswbXk
Norfolk Hotel,ChIJoSZtwt-xEmsRbmUcmCWvecw
Sharetea East Village (Zetland),ChIJ6W3gg-mxEmsRqvL3geZ_N50
Eastlakes Post Office LPO,ChIJgRDvpJqxEmsRTOPRh-EfAyE
Lion's Grill,ChIJUzPg63CxEmsRgCwSzp5LcTc
Born To Bake Greek Patisserie cafe,ChIJ82VSdZWxEmsRpOnB45PbKso
Pattison's Patisserie Eastlakes,ChIJr8uc8GKxEmsRyNTc2VaOtSE
Toby's Estate Terminal 3 Sydney Airport,ChIJqSzKy4-xEmsRNmIjBBis2gk
Piccolo Me Moore Park (Rugby AU),ChIJJ2fx8WuvEmsR7kQzqzAj-w4
happysoul catering,ChIJTzeYBqCvEmsRlGVowoIhB9E
XLERATOR Hand Dryers,ChIJb2CUg_GtEmsRkt7mHH6AHak
Mind The Cup,ChIJ36x5bgStEmsRio_4Nyq3jUQ
Bubble Ball Sydney - Bubble Soccer Events,ChIJ4UNIPNmxEmsR_-ou6zdcAqM
Bondi Beach,ChIJWTi8xgGyEmsRgK0yFmh9AQU
March Street Reserve,ChIJN3mbsuutEmsR3z6wST66FVI
By Beth | Collagen Powder,ChIJQXRX3vPTmW8R-jyOKQpEMfI
St Stephen's Children Centre,ChIJkeFvDZOtEmsRMOjiu8eM6hw
General Store,ChIJOVfThCGtEmsRc-bqXseitM4
Menucha Monuments,ChIJRScClpOtEmsRdZ-W--uIt3k
Trattoria Elva,ChIJDU6EPIKtEmsRSHoZzMtaKFU
Pasticceria Papa Cakes & Deli,ChIJVfTaf5mtEmsRKT0s0XdF0gI
Oh’Brian Café,ChIJQUoDONmtEmsR1HkRfAvXfeU
MIKEY’S PIZZA,ChIJW8oxcHGpEmsR98cT3c44qiw
North Bondi Surf Life Saving Club,ChIJC2Adm3WtEmsR6RKyVO-yx-I
Nemesis Pizza Bondi,ChIJJ4SP3rStEmsRmepRRnXt5XE
St Honoré Bakery Edgecliff,ChIJvcsiueGtEmsR770a__jGBIM
Dining At Home Sydney,ChIJHXrO-1qvEmsRuQm2iJouY1A
The Posh Spice Vaucluse,ChIJt9zitUOtEmsR24khzLPpkgE
Okami Japanese Restaurant,ChIJ0bIqzR2tEmsRqP0Ha045wiQ
Pasta Pantry Rose Bay,ChIJ2aPQQq-tEmsR9g5kY8gNDVg
Chemist Warehouse Dover Road Rose Bay,ChIJ3Sb5PK6tEmsR6e4PiWAlLYU
Sydney Harbour National Park Gap Bluff,ChIJ3QHC54usEmsRx4j_ehfbPmI
Rocco's Vaucluse,ChIJHV3o5aqtEmsRIh5E7TTpqqo
Beis Menachem Chabad - Dover Heights Shule,ChIJywZYyFesEmsRnEti5BwJHKY
Raine & Horne Double Bay Real Estate Agents,ChIJCXevn-etEmsRoxp23y1Kq2I
Vinnies Parkes,ChIJRVTqnka7GmsRBjosa9CKjkY
On the Table,ChIJO6AZlP-sEmsRCkCWuh_PukY
ASPIRE OSHC St Pauls Camden,ChIJU3TlJN3wEmsRRp4nE4ZKjFs
Dacey Gardens,ChIJyU5i4YWxEmsRZSW6Ig82c9s
Monta Vince PTY Ltd.,ChIJKwBmNFywEmsR71Rk3hasJYQ
General Pants Co.,ChIJfUaQKGWxEmsRBcwcbgwJT5o
Allium by Meriton Leasing Office - Pagewood Green,ChIJTe8oHHuxEmsRrtln3dVvZeQ
Commonwealth Bank Westfield Eastgardens Branch,ChIJD-JgNYCxEmsRwj_YkgwsLok
The Athlete's Foot Eastgardens,ChIJY5Hoz2SxEmsRdFzxl2Kp1oQ
Sushia (Sydney Int' Airport),ChIJ6zQQ0OuwEmsR2QzrW2rZsqQ
Bay Run,ChIJj6xdVvyvEmsRAnRH3GAq2jQ
Oporto Burwood,ChIJi9hjw9q6EmsRmum6tJcUebo
Campbell Park,ChIJ9_kNu1-lEmsRpGeM-SLQhPE
Chiswick Manor Care Community,ChIJqTXEx12lEmsRsmaOYduI5vU
Blackwall Point Reserve,ChIJrUxjiYmvEmsRJnJGBjZnKZ4
GRANATA'S Canada Bay Club,ChIJwQ3GDjqlEmsROeDibPP6Lww
The Family Brasserie Concord,ChIJC1yQQUulEmsRhOwaQcBAAgc
GET Test and Tag,ChIJq6quKfGvEmsRkoOhw5Bu354
Westgate Finance Pty Ltd,ChIJQbF5iQqyEmsR3iLIIhUxpco
Lewisham Public School,ChIJN9g2CnSwEmsR_BZUZgEXgXQ
Catholic Healthcare Lewisham Nursing Home,ChIJf9lNB3OwEmsRpB9uGv7woDE
'Happy Daze' Boathouse,ChIJI1JQniZPDWsRMq3MFL3hRYA
Australia Post - Brooklyn LPO,ChIJFRYJXgxODWsRUKAkbDhnPg4
Upper McKell Park,ChIJlYGyAwtODWsRUKTy-Wh9AQ8
The Floating Oyster Wine Bar,ChIJAQAQXAtODWsRdvLt9Be3EDo
Australian Clinical Labs,ChIJOReqvdqpEmsRGZrudL9H3Oc
Web Search Workshop,ChIJNUd_hkaqEmsRW3L2r1_62Gg
Killarney Heights Scout Group,ChIJZyxwaj6pEmsR28bpwTz2fE8
Forestville Memorial Hall,ChIJ3_lsxJupEmsR77aTjmSpwR0
Africa Safari Experts,ChIJRRRaSk0PkWsRJQJ9vLfvzrc
Piccolo Roma Olympic Park,ChIJ2yRgabakEmsRp3ZsVG9rr5w
3Gringo's Mexican Restaurant,ChIJu7J5qkqPFGsRl3IMFWsXxAM
Macquarie University,ChIJn-2zcA2mEmsRSv8bqTy6HaY
Maré Marine Pty Ltd,ChIJ1Q-Km9NVDWsREOhODbp-6vc
Coles Warriewood,ChIJsw1X7OVUDWsRzGHKWyJZDy0
seabank at Currarong,ChIJZ6Or8YWbFGsR_cKq3t44fH0
Alfonso's Wood Fired Pizza,ChIJ56EDdCutcmsRBmMmF57qGXU
Good Folk Newport,ChIJDTuMdZRTDWsRIybCn17M2M4
Osborn Building,ChIJAQDMHzFTDWsRToRkOeFLU4c
Long Reef Beach House,ChIJHWHkDYabFGsRLSIQ_SITnjY
Lebanese Grocery Online,ChIJt8DrMlCjEmsR1x7HTKwMey0
Pure It PTY Ltd.,ChIJs6cf9nOjEmsRzLUTzVyONxQ
1,ChIJa3tfjUOrEmsRAoidn8FAxiA
Envirotecture,ChIJZaUviXxoWq4RL0ifF3V77qU
Nerida Oberg,ChIJSbCs741UDWsR-Lxqf36isPw
North Narrabeen Rockpool,ChIJQZitdNxUDWsRJYtxtw1QHdM
Ocean Master Fish and Chips Newport Beach,ChIJVdsmLUpTDWsRY3yvpaXD68s
The Lobster Pot - Holiday Rental Specialists,ChIJH3iHU_CbFGsRNj06z6jPzkM
TAFE NSW Meadowbank - Adult Migrant English Program (AMEP),ChIJjRPcx1SkEmsRMtHdPgZ1RGQ
The Jetty,ChIJwyqRl86kEmsRSu05P2NpPyQ
Décor Project,ChIJh4SDsZGuEmsRmbKZgKItG0A
7-Eleven,ChIJD-Cdm9OoEmsRtyVTsq4VRTQ
WELLS ARCHITECTURE,ChIJccuoXaFTDWsRqeID1778Zc4
McDonald's Glendale,ChIJ5f050yU8c2sRLtv_voU9L8M
Whale Beach Reserve,ChIJdZrKa0qtcmsRoPvw-Wh9AQ8
Burger Clan,ChIJ648CEtCvEmsRcxJ9PRZTO0s
Governor Phillip Park,ChIJt-KqUapSDWsR4KEMNGeSDhc
Woolworths Metro Avalon,ChIJuQ2EWNSscmsRNLTgEXxziVE
D&V O'Neill PTY LTD,ChIJtzTfXAulEmsRBN-BznNjQAE
Krazy Bird Pennant Hills,ChIJBcdYGsCnEmsR73c_-U9cwIM
Philosophie Couture Cakes,ChIJP8JZfzlVDWsRjGXDz1Agu94
PAFU x Hokkaido Baked Cheese Tart Macquarie Centre,ChIJ5Qp51sOnEmsR10xxK-2As9c
Atelier 41 Graphic Design,ChIJAeUtMVn1m2sRrIl736a3xbw
Stay Kula Sydney - Macquarie Park,ChIJldK-SfSnEmsRJ5qtkubPlUU
FLOWERWAY,ChIJq6oGwpejEmsRmYXFqt2XzMg
BANGKOK AVALON,ChIJTfk-rCatcmsR5aZMa3W7xaQ
Sydney Kings Bar Olympic Park,ChIJq7aYYtWlEmsRHGQlooxGor8
Rara Petcare ｜Seaforth,ChIJ6SQ1_umrEmsRSjXIxHJt29M
SEVENmile Ltd,ChIJcxavyQWrEmsRWquLMEn51Pk
Narrabeen Glades Care Community,ChIJkcbH8_BUDWsRNyRDfNv9e3o
ALDI,ChIJBTzWN-RUDWsRBEYSm1Drch0
Careel Bay Ovals,ChIJeaAf1b-tcmsR87e1gIexIUE
Goodman Fielder Food Service,ChIJj6GSFfKuEmsReevC-AdwvVU
Greentek Australia,ChIJVVVV5Cu7EmsR8S-rDlNANeU
Lennon Transport Services,ChIJt5fGKQi7EmsRTAl425IJzY8
Burwood North Rail Station,ChIJmZnZmay7EmsREw8QrHnyjyY
Croatian Club Sydney,ChIJY8Y2CkylEmsRbAnPfJEQ8VU
Woolworths Metro North Strathfield,ChIJdZiJRdWkEmsRun9XHQEUKXQ
Miz Tutti Pizzeria & Other Things,ChIJVVXlfD2lEmsR2zqgmtzNpcI
The Concord Club,ChIJrS0eAS-lEmsRhyFZAZfqqyY
Carpaccio by Francesco,ChIJk3ZD-ymlEmsRkuUtzCa8WW8
Asset Footage,ChIJR3YxjVmlEmsRzVnsw3IUQEM
Yellowtree Concord West,ChIJl3fBC8VTn0ER6nAn6QDX7BU
Sharetea Rhodes Central,ChIJxeXChpWlEmsRr7CeolIGcMk
Boost Juice Rhodes,ChIJeeefnOakEmsR8MogANhGuhA
Simpli Finance,ChIJfQjnaaalEmsRRnWXHycIjAc
Grandeez Restaurant,ChIJW9pApVi7EmsRY4OQYv7VL3A
Winning Post Restaurant,ChIJrco8jz-jEmsRw579WtJsyrY
Hymix - Camellia Concrete,ChIJEY0FKmKjEmsR-Uu1ZDIqeT0
KFC Merrylands Mall,ChIJuT0CXS29EmsRQ4SqcnPQOeQ
My Onesie,ChIJAQBlxai7EmsRW7fa_ux6Qqc
Jayas Kitchen,ChIJY37k3j6jEmsRPI9tb9bDCTY
Deserted Paramatta,ChIJEzby7YGjEmsRAWte6X9eCkw
Zambeekas Char Grilled Chicken,ChIJVVWxNVO8EmsRd_EwH1S5LqY
AJ Burgers Sefton,ChIJ2eQaSjC9EmsRu-O5XPKpVvo
Jbeil Cuisine Catering,ChIJQQ15QjC9EmsRdNkzeJz-mi4
Furniture Station,ChIJT45rIne8EmsRCcmHCtJN-nI
Time Service Holding,ChIJZ61LI3G8EmsRa0l1KmjiZhY
2SUS Custom Resprays,ChIJfw1UVehp1moRkLWeI8mOtWY
Nando's Auburn,ChIJq6qqqra8EmsRErDiMYG_FC4
Bottler @ Constitution Hill,ChIJV3BBi6SjEmsRBZ-786B9bCw
Karabi Community & Development Services Inc.,ChIJnYFGhvSiEmsRbRtAifZHLoc
The Honest Build,ChIJm36c2xKYEmsREL5ekuOjLYU
Guzman y Gomez - Wetherill Park,ChIJX5bl3uKWEmsR3gJAf7YvrEw
Franky & Co Pemulwuy,ChIJvUmsmkyZEmsRLnZZ65If3to
Alpha Road Park,ChIJv76mpOyXEmsRWsbdM1_SC7E
Gregory Street Reserve,ChIJ7Zs5iweYEmsRsfVRTUjSjr0
Buddha Boy,ChIJhx1tIyCjEmsRUFBNt8xbWBQ
Holy Basil Canley Heights,ChIJHw8UHWyWEmsRwng_nYxhbj0
Felip,ChIJVVWhdcWiEmsRXzE54vBmDWY
Guzman y Gomez - Westmead,ChIJIaYyxGSjEmsREnZ-08nPmgY
EzyMart,ChIJuRICgQejEmsRqDkPQ_yn36Y
Leaf Cafe & Co Westmead,ChIJC46Wx8CjEmsRsg_sKXWnRHw
Hello!hyderabad,ChIJr6_UcJ-jEmsRRtexiMW_pbE
Red Rooster Eastern Creek,ChIJ6-fPVKrs2WoRhXNXLg5_0_A
atmx Kings Langley,ChIJ65jFeUeZEmsR_NBZuj7t1cU
Office Commercial Cleaners Kings Park Maintenance,ChIJNw2CcBKZEmsRTroUkW-Z7nc
KFC Eastern Creek Quarter,ChIJ8xGtE8qbEmsRprSahLpxznI
The Waffle Pod People Pty Ltd,ChIJjVut8SaZEmsR_c3wko33CQk
EG Ampol Kings Park,ChIJvzhgP4eZEmsRkp0eepeaHmo
EG Ampol Prospect,ChIJDZ-6FLKrEmsRKAc6v57j3DY
Domino's Pizza Marayong,ChIJdYw6YWeZEmsRbNU3osLDr7E
Chawpatee Food Corner,ChIJM0-I_nyjEmsRt5yXmO8DUSY
Australian Mutual Bank,ChIJPdD-jB6jEmsRzly5guwKY8c
Easy Liquor Wholesaler (Wigram St),ChIJIbOd73ujEmsRGzCvxX9QGiw
Langtang Himal Authentic Nepalese Cuisine,ChIJbTvETtijEmsRO0A6al1JNzo
Precinct ATM Parramatta Westfield 2,ChIJUZyuQs6jEmsRdqRVctVL1pc
Bella Vista Gardens Care Community,ChIJG2gk492hEmsR63v_OJ_1exk
CARSPA Autowash Cafe,ChIJVSJHXUSfEmsR6R5Me2ZQzMA
360 Dietetics,ChIJCfxRxhqfEmsRiO6iUCc6qy8
Eat Greek,ChIJ7a1B57efEmsRdWD6y2Z0tBA
Woolworths Rouse Hill,ChIJ5VKy16afEmsRXx1SXc9TIaw
The Ovenger,ChIJy5_puDFbNaERjH65cIMSSeo
IRT Robotics,ChIJYZVhUIk5j00Rs8qK-dR9rCI
Chop Artisan Butchery Rouse Hill,ChIJ6XEK2qCfEmsRW91ZhEJzgD8
Pearson Equine Pty Ltd,ChIJecTmyRNdDWsRl_xsUcGpJQc
Glenorie Woolworths Return and Earn Machine,ChIJdV-Vl8hfDWsRxSPhsZLrSXQ
Round Corner Medical Practice,ChIJ1aiqqrqgEmsRx5iIedQPFGA
Little Indi Cafe,ChIJXxfzxvhZDWsRcnorCp0hZm0
Salvos Stores Dural,ChIJ0TBDzL6gEmsRHsdu0kaVQ7Q
Jad's Burgers,ChIJJRMM7xC9EmsRUE60ICU0pm0
Get Stuff'd,ChIJ__8vI0y9EmsReKdj-ysSW24
ATM Old Guildford Caltex,ChIJA0lbbw-9EmsREu8MdlFVJeo
Best Value Kitchens,ChIJldX7kHO9EmsRW20agIE-vSo
Liaise Marketing,ChIJ_bKMzN69EmsRT__RG4d0IcM
Goodbar,ChIJOVHrH0q9EmsRABVCypfpnpc
Zaitouna Cafe,ChIJ_dCY_h69EmsRBl8n4Uu4bFU
Chester Hill Intensive English Centre,ChIJLwCNTge9EmsREiUbKXzhcrk
Global Foods Group,ChIJk4WGEaO9EmsRD-l5Vp46GUY
Upper Lansdowne Public School,ChIJMQdSSp_qdWsRLiNL38C3lcw
The Artisanal Cafe,ChIJwe0rS_a9EmsR_tvOiPlMaL4
Pizza Pasta Co,ChIJ2bjX5BW9EmsRlcnV_b8oBGQ
Cutting Edge,ChIJDRDU3OGXEmsRZhF0ZH1BUYg
Thai Rock,ChIJh7QBp_uWEmsR_h9eiwcyNSY
TAB,ChIJwahFZIG9EmsRZceUfZxgaoE
Hertz Car Rental - Smithfield 4wd Trucks,ChIJLYfkgtuXEmsRJBB4ZCOlOWU
Sadlier Park,ChIJSyr0_MCXEmsRa1pfiI_CA28
Woodville Alliance,ChIJbQ0Lrpe9EmsRd86AOrRLjFY
Zaap by Chang Thai Lao Restaurant,ChIJpyFicEGXEmsRwOtS5NlIRNE
Enzo's Cucina Bonnyrigg,ChIJI9cfohWXEmsRbbfYXouATnE
Day Park,ChIJ5zhLtX29EmsRhU6I1-L5T-0
Golden Cherry,ChIJWx_GIPSXEmsR9hQIf4PK030
Red Rooster Mt Pritchard,ChIJc17ObTCUEmsRtiFMSxkj7MM
Glenfield Community Hall,ChIJxa_jyzLrEmsRmo6P9DSfxhs
Burger Head Casula,ChIJ8X4vSnKVEmsRCoeMHmpNdGs
Red Rooster Lurnea,ChIJL5gcTleUEmsRcKjBTgFJEZE
Glenfield Scout Activity Centre,ChIJ-0YGaC6VEmsR5lU8LKfROfo
Macchiato & Co Green Valley,ChIJAclp2qeVEmsR9AsQ_8NhjIM
Cali Burgers Len Waters Estate,ChIJYUHX6WmTEmsRnypKV7IilZ4
Busby West Public School,ChIJifJu3myUEmsRFMlO9bhfJ3k
Jersey Park,ChIJCdk0_WeUEmsR8UHmo6lPI2E
A’shot cafe,ChIJQzAovSaXEmsREcDL8AQG32k
One World Hand Car Wash & Cafe,ChIJd-skgyGVEmsR8YGClPTJdtI
Mcgirr Park,ChIJrV3tXJKVEmsRbEAygOwccFA
Ampol Foodary Miller,ChIJ0W3u3GeUEmsRGurkgrbkj40
Jagos On Miller,ChIJX4_mjuyuEmsRTJqfbz1qgsQ
Gibbs Park,ChIJ44JCU-GVEmsRi7uQOP4NW88
Charter Park,ChIJ4WOZdfiVEmsRYlDTAZDUZKU
TAFE NSW Miller - Adult Migrant English Program (AMEP),ChIJDcO-pG-UEmsR4Lx8i4DlECY
Edwin Wheeler Reserve,ChIJlT1KZluUEmsRg2TeZdYfYas
Sushi Hub Casula Mall,ChIJAQAAnOaUEmsRtdtUzVWTQM4
Durk's Cafe + Eatery Casula,ChIJp7okmK-VEmsRcLFbEdmIvcE
Star Car Wash - Casula Mall,ChIJP119guaUEmsR0v4_WpXd-Ek
Ampol Chipping Norton,ChIJSxqQAxq-EmsRg3nQ_-NvjYM
Vigilant Group Australia,ChIJAdKm4n1CqyYRjw9hckx0m48
Roberts Park,ChIJt4Q0XYuVEmsRKVCwmngd5t4
HammondGrove Hammondville Independent Living,ChIJWz0DWle_EmsR1V7HSJaN70I
KYMDAN,ChIJQ7aUDAyWEmsR2nU0WEwe71k
TAB,ChIJp20b_Q6WEmsROlWoVMgtjiY
McCarthy Park,ChIJbYg5WqSVEmsRvXP06lg_Xpo
Street Tucker Restaurant,ChIJzQ_XI32VEmsRk-ENsTjFhWc
Hannan Park,ChIJA8GFEGKVEmsRxMfBmEpOAlc
Munro Park,ChIJ2_0lPsCVEmsR7ikePBg-510
Prout Park,ChIJ3x99KCeVEmsRtfKTd73kObY
Petrou's Driving School,ChIJ0fp5szGUEmsRi0TiJR1LaDg
Young Minds Academy - Mount Pritchard,ChIJ_4D9-uSVEmsR4Og2j7dGooE
Young Minds Academy - Little Mounties,ChIJGfqxWMuVEmsRqgCVrFWYSt8
Vertex Insurance Brokers,ChIJFywZbzSUEmsRyKBAhNNoG4M
HomeCo Prestons,ChIJEzg0vKuTEmsRIR6YfC6QW8w
Mashallah Restaurant,ChIJOwTc0u6VEmsRALZHjq2Hyy0
The Shed Cafe - Edmondson Park,ChIJu6D8JzvtEmsRxJMbhrpc4To
Areco Pacific,ChIJWWn-yjOVEmsRGZZYlILg7rg
Jacquie Osmond Reserve,ChIJu7dJ4sKVEmsRXJPtmlrxCJA
Skinical,ChIJXStzr3STEmsRXo1eyZnkMoQ
Exotics Garage,ChIJ03w1lb6TEmsRRKjbtqBvwpk
Pye Hill Reserve,ChIJZV0hMPqTEmsREAjy-Wh9AQ8
KFC Leppington Central,ChIJxbB4khTtEmsRS8g21J-Lkh8
Rampage Printing,ChIJTc2D7uSTEmsRh5KJ1GkWyK4
All Type Maintenance Group Pty Ltd,ChIJSaIpguhkVykRUk-m1BqFCmg
Cessna Reserve,ChIJabf8O1-TEmsRgGi5QEnAlAg
Croatian Olive Oil,ChIJsfLZCF-TEmsRUIBAE6H9ETM
Shale Hills Fenced Dog Park,ChIJ_6VlEiOTEmsRmSlWK43Ez3s
Amna 's Day Care,ChIJp2XNcHKTEmsR9_QkBH94rZk
Shell,ChIJmXTAvOSTEmsR0GQmdG6wfQQ
Macarons and More,ChIJx_ZVGjSTEmsRzczGcqYw-aQ
Element,ChIJp_FDS7O_EmsR71RZO9QMwxY
travelhub,ChIJvxXQ40G_EmsRbJQXX4uKEUI
GP Continental Espresso Bar,ChIJI5JpnS-_EmsRlxeuDwN-37w
Jinkstar,ChIJ_88DonHLcmsROWjWmLpoX3M
Memorable Eventz,ChIJUdmVVfu_EmsRPxF86S89z6w
Hello Listing,ChIJETcu5Me_EmsRYwluJf76RiI
Alltimes Care,ChIJq6p6rce_EmsRGMlhn6Ad-aY
Banyule Court Park,ChIJ9TJUJG6VEmsR5xo-r9QXdfw
Coles Edmondson Park,ChIJV8rBjITtEmsRIiVvQVhHZ-I
"Ardennes, Edmondson Park Sales Centre - Allam Property Group",ChIJHzMg7q2UEmsRPEaKSPkFR_c
Grazing To You Pty Ltd,ChIJ77GHFwmXEmsRnFQVHW1uQTA
Heysen Park,ChIJLRMaUCKXEmsRKmWZ3lRwMw4
Powhatan Park,ChIJZcUY-JSWEmsRMPbx-Wh9AQ8
Province Park,ChIJ6b4UwxaXEmsR2cMGdvnbngA
Saints Brasserie,ChIJA8XamZuWEmsRrV5u-I0tYU4
Sushi Hub Wetherill Park,ChIJfUAhFPuWEmsRNRrvRYepK1g
Bancroft Road Reserve,ChIJgeidAJGXEmsRsA_-yii8vio
Hornet Park,ChIJ2dcye5GWEmsRR7qQDvCtMeY
Ironside Park,ChIJVbZg8o-WEmsRjrpThs9s0S4
Chisholm Park,ChIJe031j32WEmsRMKDy-Wh9AQ8
Khans IGA Plus Liquor Wakeley,ChIJv8oDxF6WEmsRS5RDRa12e8w
Freeman Catholic College,ChIJb6BgwQCUEmsRZMwUeoR9FjM
Chaffey Park,ChIJqQ0piSKVEmsRAsDlkKplN9I
Woolway Park,ChIJKaUimeWTEmsRTB9T28K5Ork
Bahsa,ChIJkyi9Zt-lEmsRDmmd6TTAXGs
Yiribana Logistics Estate,ChIJ6w2Sw8WREmsR7Upk5Vx7Chk
Solid Metal Piling Pty Ltd,ChIJd-mzKKeTEmsR91sRGhWUV5k
CHEP,ChIJWwFllAGTEmsRgnuY_zsyM1E
Costco Distribution Centre,ChIJx8Vff9mREmsRnirw2U-VF74
Austral Video Productions,ChIJuS31DNuSEmsRWGn2uEiU7hw
Posh Beauty,ChIJo80dpt-SEmsRpUcjvhNu6ro
Burgers On Wheels,ChIJ76FG9867EmsRjTA94-gW8PY
EG Ampol,ChIJdW9NoYK7EmsRzHPuexP8F24
Red Rooster Gregory Hills,ChIJ_aDd8P7xEmsRwZUAsT5MQkY
Lakeside Golf Club Camden,ChIJU8QmSZTtEmsRwPzv-Wh9AQ8
Brothers Kebab Belmore,ChIJmR3d2CG7EmsRI9s0iCMTQgc
Extra Crispy - Lakemba,ChIJK4mTziC7EmsRNHQv9UgiN1E
Smoky Cravings Campsie,ChIJIZzwCEG7EmsRZhKFJ0CGE6Y
Salmon Reserve,ChIJ99amNsq7EmsRqIXkbCavNZk
The Shed Cafe - Bankstown,ChIJz_QdCDq9EmsRN5nK_Xc-B1Y
Cendani,ChIJ4cW2a9W9EmsRPvi3wsKWYe0
Pizza and co arncliffe,ChIJY550UaGwEmsR4ne3m3jB6Ok
St.George ATM Marrickville,ChIJfVb7LPqxEmsRJ171fB9fU18
Mimi B,ChIJRUZvLXmwEmsRhDl3iVry38g
"Australia Post - Bardwell Park LPO, NewsAgency",ChIJWzMOqhO6EmsRcM-ws4FbjmM
ATM Clemton Park Village,ChIJsdu30km6EmsRlf3cnCgBszM
ATM Clemton Park Village,ChIJleAhala7EmsRX2PBhlDkmLg
NYX Pty Ltd,ChIJjwbGqfK5EmsRyd8BB2wIOk4
Fastfood,ChIJYQD0FOC5EmsRqYGxalpk7QI
Not applicable,ChIJTwrI4nG_EmsRV-FGYL11Py8
Im Aroi Thai Restaurant,ChIJGyqJSSi_EmsRb5j2YwGgas0
East 2 East Joinery,ChIJpctiw0K5EmsR1ZAjTyBEM58
Lambert Reserve,ChIJMyG2Tii5EmsRWXAoZOC-vn4
Etlanda Pty Ltd,ChIJ-7BtG9a4EmsRqafl3R3GAjI
Phillip Street Reserve,ChIJRyUMQJG5EmsRN1mGH38Fi_Y
Wise Reserve,ChIJDZTN6la5EmsRko9LeuBs7Cs
Eventide Homes (NSW)Retirement Village,ChIJ3cZBl9e-EmsRzfWF4cNGoYk
Fox Reserve,ChIJlVuaKU6_EmsRKN3tCv-f_ec
Padstow Heights Reserve,ChIJ1cVEQny_EmsRV-WYWDmwDag
Jolly Care Service Pty Ltd.,ChIJjV_GMqy_EmsRjGjWvfWRGZQ
Netherby House,ChIJLYjokJnfnWsR-xlUiVyCfQI
Rons Handburger Banksia,ChIJZaaa-jC5EmsRYFbgtyXc3jk
Mario's Pasta,ChIJaR7TiiW5EmsRa6AicWkTy8Y
Red Rooster Carlton,ChIJwR3EEca5EmsRIdnEU0YIo1s
Moore Park,ChIJL8dKGMK5EmsRsK31_P2rpVs
Ren Ishii Restaurant,ChIJP3Esiby5EmsRVX9fcgITvfE
Ray White Ramsgate Beach | Brighton-Le-Sands,ChIJT3o8BOm3EmsRJOfy7pUbV4M
Claydon Reserve,ChIJi0BvqO25EmsRvJoKo1d46LE
Stevens Park,ChIJMaqDNty5EmsREUsDhAPo1UU
LPO Services PTY Ltd.,ChIJmSZgzCy4EmsRikz5jF8R6yI
Bass & Flinders Pavilion,ChIJh4XaCES5EmsREN0pJKfjoEY
STS Outdoor - Peter Depena Reserve,ChIJyeGarXi3EmsRDbP2FgriBws
Crown Currency Exchange (Westfield - Hurstville),ChIJhSN0aXa5EmsRi4Om4YDiSzM
Bona Park,ChIJRxeJttW5EmsR8ETy-Wh9AQ8
Vinnies Hurstville,ChIJ7zcNLaO5EmsRv0cbWCcP8tU
The Green,ChIJG5fgmFO4EmsRJ9LWB3mTSWk
Donnelly Park,ChIJPXWRuLC5EmsRdgmcn4onS2s
L'oro Di Napoli,ChIJ8zKWy0q5EmsR24lcBxoajUs
ATM Southgate Shopping Centre,ChIJHXOZpGK4EmsRjY9D6CP_zsc
St.George Branch Sylvania,ChIJQYsXL2a4EmsRKEOaHuaeRuk
Damien Ford Photography - Commercial & Architecture Photographer Sydney,ChIJ7dB0DBnHEmsR2QuLn1pcD88
Highland Cronulla,ChIJ3XnRGoXHEmsRlKCdcwCVy4A
Ambience Upholstery,ChIJ50SNTQW4EmsRGDKcDziDMTQ
Dying At Home,ChIJOer044nIEmsRWFTDgecC0zc
Burraneer Park,ChIJfZCqk93HEmsRKt6bmF0_1Vw
Ampol Kurnell Terminal,ChIJxcctJWG2EmsRQBzw-Wh9AQ8
Krazy Chix,ChIJl3XvW-izEmsRda3b6lwrOOY
Garie Beach,ChIJb9sQBbjEEmsROVh_ytaB47Y
Garie Boardriders Club,ChIJ2WZzIrDFEmsRPPV3Maz-5b8
SSHED,ChIJDRrgDzLHEmsRBcThSqtgvP8
BaptistCare Warena Centre Aged Care Home,ChIJk8NKzrzAEmsRDb13F7JBQwc
Section Security,ChIJac7jAE2_EmsRpTCUc7CjYms
Kodala Way Reserve,ChIJ1wvp5rHAEmsRa0AGtOw1s9s
Illawong Public School,ChIJqWuZlU2_EmsRcerCbcJSUds
TALEEMI JAMAAT,ChIJAQAwq02_EmsRyr1fp754O64
Bucketty Depot – NSW National Parks and Wildlife Service,ChIJn8vGvskpDWsR_2BkZt4k6NY
Australian Sporting Clays,ChIJn9dGOS3AEmsRRw9OYiwqVIM
Great North Road Bucketty Precinct,ChIJyZC28CEmDWsRy5qGgUJ09Gs
Subway West Gosford,ChIJqXTcObBLDWsRD4Ljciocw4c
Grill'd Burgers - West Gosford,ChIJd-b9f6lLDWsRYPc-aWS380k
The Hub of Mangrove Mountain,ChIJewMMhs8wDWsRy0nMCBLUMu4
Mangrove Mountain Harvest,ChIJfW7j2EYxDWsRz4F18N6qRIM
Crossroads Automotives - Repco Authorised Car Service Central Mangrove,ChIJx1fuhdkzDWsRKEjsa0Vgij8
Gardenia Cafe Ourimbah,ChIJ8Wm0D-HNcmsRWFP42fTkX-8
Oporto Tuggerah,ChIJQ19maN7NcmsRIMIQVCuwy9Y
Subway Wyong,ChIJ6cBRqO7RcmsR_xJA3HldpMI
Coastal Springs,ChIJFWU83-cxDWsR7NzgvEFyRag
D'Vine Catering,ChIJEUmJoGM1DWsR6TBbAGC-PpE
Palm Grove Ourimbah Creek Landcare,ChIJV8xAY4TMcmsRQzXj1COFDmM
THE-O Thai Restaurant,ChIJg8L2p7W1cmsRZk1kzMxGXlo
Maloney's Chicken Curry,ChIJRxdqM5a1cmsRHtYB3Vy7ik8
Wyoming Hungry Wolf's Pizza & Pasta,ChIJ3eBLNsDKcmsRJzqc0WsBcTY
Fresh by Fahrenheit,ChIJ2xQ8-3C1cmsR6Bs5BccpLyc
Thai Thyme Erina Fair Restaurant,ChIJoT6JkHrLcmsRTRVyf6U1G7Y
Subway Erina Fair,ChIJxUPpbd7LcmsR00LnZef3T3Y
Pattison's Patisserie,ChIJ8zEOa7bLcmsRCVBsYDv1IXo
Merles South African Cafe,ChIJJ3RN2bXLcmsRvVRa5dhEkuE
Paltec Design,ChIJkWq7YPtLDWsR_xQbqDbBR-M
Real Pet Food,ChIJ71eVhX41DWsRji1e8QpRWJg
Kubarz Beverage Catering,ChIJIWuRm2M1DWsR837Kad_Z4tA
Imperial Centre Gosford,ChIJQU17p6bKcmsRfIkl5VH8tO4
Coastal Laundries & Linen - West Gosford Linen Depot,ChIJ3ZbtkN41DWsR-jEda1C7Qas
Best&Less Gosford,ChIJdVstA6TKcmsRwkSaqsUXb_I
Gosford Rotary Park,ChIJ7W3Pl1m1cmsRgKjy-Wh9AQ8
Finn Moto - Motorcycle Clothing & Accessories,ChIJ_Xf8rk01DWsR46Io3SEHhSY
Kariong Public School,ChIJJ_jWgPJKDWsR69MC7U9lxNE
Australia Post,ChIJpZ6tR-1KDWsRz3mYiCAvidI
Mangrove Mountain Pony Club,ChIJ85taBnQ3DWsRn9VUzgLV2g4
Princeton Wholesale Nurseries,ChIJVUmE6RlJDWsRHOGaJas9HGw
Wambina Nature Reserve,ChIJ08yoRnLJcmsR4Jly60Gnf7M
Sydney Oyster Farm Tours,ChIJlfRHbUZPDWsRJQGwrHDeQGg
Little Pinoy Kitchen,ChIJoa7FcGXPcmsRdWeNr8Lqjtw
Contemporary Pools and Spas,ChIJFf_iZS_KcmsRcC2r453QbdM
FD Creations,ChIJ97cIusnKcmsRBmh7_T7SvuU
Delights Gourmet Food,ChIJmWNj3mC1cmsRY82t73lQ1-M
Bronzed Belle,ChIJWTJzx8fKcmsRJQuXcah5kyg
Canning Park,ChIJwTc6hQHLcmsRjGVoy04Aj9w
Treeline Park,ChIJoQg5g83KcmsRytHjg91wYtk
Point Clare Ambulance Station,ChIJIdF7_a9KDWsRaibPbmDKW-0
Gosford Showground,ChIJP9i4cLnKcmsR-etUf-Tf-lU
Pioneer Park,ChIJs6v8cke1cmsRJOsIR8dS3OQ
Rotary Club of Gosford City,ChIJq6qq7me1cmsRarJZjj7mt-o
The Homeloan Guru,ChIJZw2uuofKcmsR8x0O_5M3sSM
Seabrook Reserve (on Melaleuca Cres),ChIJn2EUKcpKDWsRUErx-Wh9AQ8
Bakers Delight West Gosford,ChIJk89IzEVLDWsRUDICPpLZPzE
Centuria West Gosford,ChIJHTrre1Y1DWsRG_cBRQ-Kzjo
Pulse Climbing Gosford,ChIJW8DdLahKDWsR1zYwhfCpGmE
Packaging Plus,ChIJMwRSBlI1DWsRFUTKFhj6sxI
"Charbonnier Hotel, Singleton, NSW",ChIJm8GNli2wDGsRtt4Z3kBGumk
Brian Hilton Service Centre,ChIJOXxjEkpLDWsREDptbKw2iZ0
Shae's Kitchen,ChIJZwcBzHxNc2sRsUHaEc7TNF0
Sweetacres Hunter Valley,ChIJP6vN7Wu0DGsRcM1jtZ8FWFs
Learn to Tow (Australia),ChIJb4z5LaupDGsRUZYS49jvtXg
Allan Bull Reserve,ChIJ9evedMCvDGsRUKH-c7UJBg8
Dullboys Rutherford,ChIJ4_RI5V5Pc2sRukhFlJNLC6Q
Ampol Foodary Mcdougalls Hill,ChIJ4WXeYvCvDGsRKLe4hXY3j3E
The Sty,ChIJZ3y4_NG1DGsRqyw-qB6qeV0
Il Pastore,ChIJs2UUOe1Nc2sRhwjpBVk10Vk
Bella Char Restaurant and Wine Bar,ChIJVYJgzxpvE2sRnKpcmsc7QJg
Thomas Livestock,ChIJ74scB2ivDGsR3rgMAgnq66U
Hunter Freeze Branding,ChIJmdVmPGNTc2sRYC2uw4n8FW0
GJ's By The Lake,ChIJ1Z-KRX-gDGsRgPbiF7PEzL8
Hunter Belle Cheese Cafe,ChIJFeknFwFhC2sROyK4BHxUA8o
L & B Engineering Pty,ChIJ2V1Anf-vDGsRMKDN9qSWw34
Just Veggies,ChIJUd3TQBfrEmsRUHPO2p7crzs
Focus on Safety,ChIJmwpbBvmvDGsRmkxBUCCDj4E
BM Automotive Singleton,ChIJi5YdrFWlDGsRh54yC5RpFA4
Heidelberg Materials - Singleton Concrete,ChIJHzmPnxGvDGsR1BlUQA9KlTQ
AEE Services,ChIJ2eG6rlWlDGsRVhsmXp97MYc
GB Auto Group Pty Ltd - Hunter Valley,ChIJTZlh1P6vDGsRb48yXOeniHg
Ladybird Machine Embroidery,ChIJp6y7V1KlDGsR4YH2ayAlMLM
Milbrodale Lodge,ChIJQQzA7JDADGsRk-0wsGUyu4I
Tradecore Industries - Repco Authorised Car Service McDougalls Hill,ChIJnWexPValDGsR0HRFDuH8lR0
CAC Transport Pty Ltd,ChIJqRa9HlWlDGsRDgBD--ZG34M
Glencore Hunter Valley Office,ChIJJ35zDjG4DGsRqxYyBqgdv70
Singleton Boat And Trailer Repairs,ChIJz5mmOKutDGsR-JPz7lQ7kBo
adamae cottage,ChIJ_4KmB63HDGsR3pFBBmg8uq4
SMW Drilling Services,ChIJq6rO9C-6DGsRI_P3ravbxUo
Kawal Rock Distillery,ChIJ8eev8QXBDGsRrLpVhlxoYSM
Kaz's Knife and Kitchenware,ChIJaRSjgE9p1moRK-bkI3QZ1d4
Dynamic Wellness Studio,ChIJZ7PnFB6vMioRrzFFbXjcasM
Perth Studio Potters & Burt Street Gallery,ChIJ3-rtZiGkMioRAymIZfj8UrE
"Clay Talk Ceramic Art Centre, Montsalvat",ChIJfdup5ek31moRSsIf1xB4mF8
The Wheelhouse Studio,ChIJy9ykGyln1moRhdpt6Tsv_F8
Kingspan Rhino & Heritage Water Tanks,ChIJhUwrjhhYkWsRYECs3gvL9Ag
Warners Bay Netball Courts,ChIJMSNxhlk9c2sRrWoXj_-z2O8
South Upwey Netball Club,ChIJpRksY9gi1moRS9P7Yozxazs
Noranda Netball Association,ChIJV_NMLFqwMioRV4qVyFuW4RA
Devil Race Parts,ChIJaezRjWszeqoRddQL3t4bk6w
Monsoons Volleyball Club,ChIJ4R5UJt_71WsRfLwBAvwMMaw
Total Joinery Supplies | Melbourne Cabinet Makers,ChIJmVyrSk9P1moRzXQHdp-63o4
Bellriver Homes,ChIJCdn9N4lwD2sRhs_wK0YLgmE
Palm Beach Netball Club,ChIJoyg-Y5gDkWsRT5sQGLbejdo
Port Hughes Fishing Charters,ChIJIfyo-QmpumoR5KSy7dHX-5I
Wyangala Country Club,ChIJfZt2uxPlEGsRSOJIuWTRNA0
Nomad Tackle,ChIJ5-y-x3bik2sRnU0eDC7L6is
PaddleZone Melbourne,ChIJk-tnwuk_1moRahfQPOnhdbI
Next Level Kayaking,ChIJ6w9Iiu_ZbaoRI2BqCxFDfEk
Kids World Adventure Playland Sippy Downs,ChIJo7oaNGWek2sRcjJAZwmJjfs
Kalamunda District Bridge Club,ChIJg4hWKrPAMioRy6mC9vGV_BY
Reid Brothers Furniture,ChIJhWbocRWOE2sRlwwMfkmXM3g
Marquee Monkeys,ChIJVRq_O-ZB1moR4pOzf9XAMgg
Bounce Luggage Storage - Brisbane City,ChIJaabkO-ERkWsRLW3iWVMveQ8
Shelford Display Home - The Karlup,ChIJWXJgy6X9MSoR5cATUmcD6sY
AKWA surf,ChIJg3dTbHtQFGsR7RIk7eWZQhM
Horsham Toyota,ChIJ-wYQbSRFzmoR7PLKiLHBYUA
Inspire Tennis - Killara Lawn Tennis Club,ChIJ3VbcUe2oEmsRdYK4xIWGexo
Inspire Tennis - Terrey Hills Tennis Club,ChIJhbUdAYNWDWsRoU1iRSn7rWI
SA Housing Centre | Burgundy Estate Display Home,ChIJG3YvUQOtsGoR6RazORsCJ2A
GD Automotive Electrical Repairs Pty Ltd,ChIJl0LFKAa0sGoRvYU9b28BkQQ
PERTH TV ANTENNAS,ChIJX32kY_-vMioRXEGaV77I5kw
Mick's Antenna Service,ChIJe0s2jm8P02oR6miohFxtWro
Bendigo Saw,ChIJgda6uQVa12oRjL3qEA3b5Y0
Extreme Saw Sharpening Service,ChIJ547P6S2_2GoRAl1owypxK5U
Hobbysew Hornsby,ChIJw4ckeYOnEmsRrXW8u2TVy9M
Totally Workwear Jandakot,ChIJrU9ZPw-XMioRcHC_zO-JxcM
Budapest Schnitzel and Eating House,ChIJU0yu3f5o1moRO-iw78rq-Dg
Hervey Bay Bowls Club,ChIJH-9V_jOA7GsRQNK_pM6Gqt4
Victor Harbor Bowling Club,ChIJ35YrMWROsWoRWyMcVZ65lxM
Caloundra Aquatic Centre,ChIJLWh6okiZk2sRpKVqx73Rpzc
Daryl Robertson Auto Electrical,ChIJK5mUSkxFzmoR4jKbhfcyX_E
Jim's Antennas,ChIJpyyikmbU22sRRPIc0LNCQgQ
Mighty Toys Collectibles,ChIJ8TdzI_fFsGoRrzgE77_mUPo
July Luggage,ChIJPenCO9RD1moRzNjhMaDMzU4
Hellmann Worldwide Logistics,ChIJH9clDwSK1moRq8qoQfel7dM
Expert Logistics,ChIJi7tro_SL1moRT4K8iTOg88k
Seamless Logistics Services,ChIJCS-AOvth1moR-mpvUpNOAAw
Concept logistics Victoria depot,ChIJ-z97lXhh1moR_xTeKn2x8KA
Streamlined Logistics,ChIJNcijv9aK1moRWrL9XGucy0I
Quicks Freight Express,ChIJuzNwm15h1moRWmLZbNDLfMs
DGL,ChIJ5-7yM_1h1moRFnklNR6A-d8
OTS PLUS PTY LTD,ChIJESETW89h1moRcVH5HG_WKNQ
Cross Docks,ChIJmenqO9lh1moRwt6XvBkl76Y
SRT Logistics,ChIJ3cYOqcRh1moRsehsaPMjGfE
Stillus Logistics,ChIJkUnhGhOK1moRpmVDGT87aoA
Linfox-Work,ChIJk8X7-LJh1moRlxwMJTZYWK4
Nolans Interstate Transport,ChIJwa7GB81h1moRxP2N6rAmT4Q
Titan Logistics Pty Ltd,ChIJKYphpguK1moRqWHey7X6GAc
Lineage,ChIJcaUhqcRh1moRKrwzyRKVDCA
F&M Logistics,ChIJC-VFQOtg1moRzMaEKYCjFDM
DLF GLOBAL LOGISTICS PTY LTD,ChIJFZ0nxEGI1moRAmLQL_TtcPk
Far Reaching Logistics,ChIJEbJTcCJi1moRSov5WW4HmnY
Rod Pilon Transport,ChIJkUG8edlh1moRzNx_RTldGMU
Doser Freight Forwarding,ChIJRS_0JI5g1moRP1Es9y8UM24
All Road Transport,ChIJi6hiLaeK1moRfbrnlmVGzrs
Wettenhalls,ChIJk1MtN_yJ1moR86oOGq3XzGo
AustraCold,ChIJPxmecFFh1moRvaOkT8wNgKY
Autocare Services,ChIJxe8RFwjHsGoR_OB0C4ZgDhQ
Wrights Container Logistics,ChIJ75gHlbVh1moRZdo1fX0IzJo
Coghlan Melbourne Pty Ltd.,ChIJee2Taklg1moRYyITByIRzfY
Booth Transport,ChIJSwxMSHaK1moRtqniwSXCfcU
Trade Mark Transport,ChIJ0c3CGdhh1moRnSJUeSAmxr8
Mahonys Transport Services,ChIJBS2zcCyL1moR-5wFUtG3-Vc
Shamick Transport,ChIJzVA7Q-hh1moRBWvcGrj0bwk
Malec Terminal Logistics - Melbourne Depot,ChIJa6vjNXVh1moRHA6UEfc9Mtk
Capital Transport - Laverton Office,ChIJeyAjW9th1moRtupGqr7ENO4
QMC Depot Melbourne,ChIJET16zdFh1moRHhNNa5rXkxo
Future Logistics,ChIJofR9G89h1moRc6sw2h00RVA
HANK Event Logistics,ChIJ7eq-lbNh1moRb09CycB0ZzQ
Over The Top Australia Pty Ltd,ChIJl0CVqtVh1moRHtVn8mWH-pc
Pauls Customs & Forwarding Solutions,ChIJkSkYzshh1moRYJjKSfJBAAk
"Gebrüder Weiss Pty Ltd, Melbourne",ChIJm3w68Otn1moRc95eMjzm8JA
Rham Transport Melbourne,ChIJcwdZYPdh1moRezMvMhM1qdk
ANL Container Hire & Sales Pty Ltd,ChIJq6qqqqFh1moRQ8VzAaFkAx4
Trademark Logistics International Pty Ltd.,ChIJPVe1yi1a1moRY4vwiaNS5do
Challenge Packaging Services Pty Ltd,ChIJx2oIgRSK1moRBofVMjFOdv4
LUBRICANT TRANSPORTS PTY LTD,ChIJpdQB0FFh1moRulvzAmOBtfc
STRAND Leichhardt,ChIJTTsndg-wEmsRZBr8ycJp-fc
Mana Ceremonies Ngahuia Trewartha Marriage Celebrant,ChIJ4fRYyuvDq2oRw9n3olRG-QQ
Cheryl Forbes Celebrant & MC,ChIJNWUgsoO6EmsRb6_7ygWc_Z0
Danielle DuBois Celebrant,ChIJM2pcYiitcmsRk4rOl6zpM9c
Mondo Cycling Tours,ChIJb2ntdEbJsGoRlARBwYgIgA4
Amaze World,ChIJv_ZPdjydk2sRX4c2DQDNwTs
Airsports/Newcastle Paragliding,ChIJqWXJ8H8Wc2sRK8_HcdkIzF8
William The Fourth Cruises,ChIJv0Rf_FYVc2sRrjL1wSvf95I
Memorial Grove,ChIJMSFtfGgUc2sRoMYSvD3CUoA
Sultan Fatih Mosque,ChIJuy_pIBsVc2sRARnE4i30kzo
Airsports/Newcastle paragliding,ChIJRexzfmwUc2sRF7n8OKlhLjo
Merewether Ocean Baths,ChIJW3pgGikUc2sRYxXVX2MilHo
Myers Park,ChIJ9TD7UsYVc2sRsAPx-Wh9AQ8
The Res,ChIJwd23Q28Uc2sRKtXZ96c1ItI
King Edward Park Lookout,ChIJUxHCKjMVc2sR8uLdlcobBjo
O'Sullivan & Turner Travel Associates,ChIJ55YTm3sUc2sRZ5qw3F1iRZQ
Little Marley Track,ChIJERhH6_bFEmsRmfFO7Qka1wc
Illawarra Live Steamers,ChIJBwpPqhoZE2sRkEII4Kxrj8U
Illawarra lookout walking track,ChIJg5LPVtBxE2sRn8hleOzBAZc
Gold Coast Fishing Spots - Goolagong Reserve,ChIJcR2HySobkWsRVt8gimb3MgQ
Ourworld Travel Wollongong,ChIJleOWUq8ZE2sR8PmD9NEifoo
Campbell Street Reserve,ChIJk1_K0mEFkWsRlLW8tAILbAg
Surfers Paradise Riverview Apartment,ChIJhVU4Ls0FkWsRVn_atT7hePg
Gold Coast River Charters ESTUARY FISHING,ChIJo71h_DoDkWsRLtNBtbQa8-0
The Scuba Coach,ChIJNZasUWkFkWsRTg2CYZRo8SU
Waterfront City,ChIJNzO9Dmhd1moRwNMyBXZWBA8
Depot Adventures - Melbourne Walking Tours,ChIJdRN7SsZC1moRm_fVqarW-bk
Arts Centre Melbourne Spire,ChIJm4sX9JJD1moRVMMN9Ppfwtk
Ormond Statue,ChIJIasfjstC1moRJldmOCbQ2dc
St John's Cathedral,ChIJsX_BLPZZkWsRg8xUZs8VvoY
Albert Lane,ChIJGcahugxbkWsR1-jJGQBz3-o
Walk Brisbane,ChIJ70aHfa9QkWsReNUGfwardi4
Adventure Day Trips Brisbane,ChIJX-UgLUFXkWsRGXZRw4ZhOxg
Administrator's office,ChIJZf40WASRwCwRvm8yHt8I9Uw
Big Bus Tours Darwin,ChIJE_f26AWRwCwRbpwu2pDoqnI
Forrest Place,ChIJ1aks8Ny7MioR3JoAe1Yr_X0
School's Out Fest,ChIJH8xAfSq7MioR2hSL81IVbKc
iCity Visitor Information Kiosk,ChIJgaZuhNa6MioRbDV6mvXcfWs
Kaal Yimniny,ChIJ34mdrFO7MioR-pxtjoGx3Bw
Warndoolier,ChIJkam_ZOa6MioRIOzxGLbwBA8
J A Lee Reserve,ChIJbzi2RqK7MioRIKzxGLbwBA8
Charles Veryard Reserve,ChIJ4_GygkylMioRqbEhmJmLPgM
Untamed Escapes,ChIJDaFpZ927MioR1iL0SoxxNpI
Munda Biddi Trail Foundation,ChIJNckUltS6MioRJZOF1ax2Nuc
Up Close and Local Tours,ChIJ8QIKvnG7MioRHyjqKGeIlMw
CPP Point Fraser,ChIJ2wJ1sBe7MioRWuxiborJL6k
5 meadowvale road,ChIJr9jDojbPsGoRGMKqjQ-nDMI
Nairne Mural and Historic Walk,ChIJIToap405t2oRtc_uajou7EU
Peg & Bill's Christmas Lane Lights Display,ChIJTcWb7OZHt2oRP1PmRn0dabQ
Engelbrook Reserve,ChIJ30YD8a4zt2oR58RiCEW1yHs
HK Fry Reserve,ChIJda2IhCLNsGoRIWV6dC--S9M
Malcolm Wicks Reserve,ChIJfYjm8-NJt2oR3YG9u88_vAA
First Fleet Park,ChIJmdH3lkKuEmsRkAfz-Wh9AQ8
Coca-Cola billboard,ChIJPTuRdhKuEmsRcHzsaHXwIyU
"Journey Walks : culture, crime & history tours & events in Sydney",ChIJpaD1x-axEmsRIqdqp_IZEQc
Rate Money Sydney City,ChIJmwakDPGvEmsRdqWtsH8W6mk
Yurulbin Park,ChIJaWyPT6uvEmsR4APz-Wh9AQ8
Argyle Cut,ChIJbfcEJEOuEmsR0R-hECBtYY8
The Wishing Tree,ChIJ7eLE-N2vEmsRRFF8KKmxxeU
Go City® - Sydney,ChIJze6mu1WvEmsRmr1JBya6QMg
Lookes Avenue Reserve,ChIJCV4sOE6uEmsR74PB6MiBUxU
Gladstone Park,ChIJqeVRRrSvEmsRQNTx-Wh9AQ8
Saint James' Catholic Church,ChIJl6nU8dSvEmsRDeS4s3d0At4
Spa & Sport at Swissotel Sydney,ChIJAddzqj-uEmsRdt-gDjyn7KM
Jumbun Community Health Centre,ChIJBzq1XmBsf2kRzukHqQmA_ZM
QUT Gardens Point Campus,ChIJQR1yTBBakWsRcQHwHg3Aua4
Timezone Parramatta,ChIJ55oUUTejEmsR3bRtkZR-kos
AMF Bowling Centre,ChIJv7I5GgW8EmsRg_729luBjEI
Terrace Strike Zone,ChIJ8Y-BGiZpc2sRFU9giRI68ho
Woonona Bowling and Recreation Club,ChIJu-cFkwIfE2sRzMxG_eJHlcM
Timezone Mt Druitt,ChIJF9PbMfebEmsRvXrJ9tVHxqM
Maitland Pickers Rugby League Club,ChIJW_Gl2UhFc2sRXsgXnRhhNA0
TAB Teralba Lakesiders Bowling Club,ChIJ6344MH47c2sRq5PGndPUWjk
GREATER NEWCASTLE BOWLS,ChIJnynIm0UUc2sR5EZMJ0_-1NE
Poke Lane,ChIJdYeoaNsVc2sRINBA5hOjveY
Hamwicks Cricket Club,ChIJJaawepYVc2sRfmasElKWhEc
Newcastle Cricket Academy & Training Centre,ChIJY9y7cwsVc2sRVh1w0K5sLx4
TAB,ChIJyWm65Bc8c2sRBErry85weAc
Sydney West Cricket Coaching,ChIJGQvIlKOfEmsR1vzw0hu5NGc
Strathpine Bowl,ChIJ01SN9A5YkWsR4sJFSpeK-Oo
AMF Bowling Centre,ChIJ-51OwBiyEmsRudmbzTsJQGY
Brisbane Cricket Centre | BCC,ChIJWfWBcIJFkWsRu_vLYMQnocE
M9 LASER SKIRMISH,ChIJHx-Sj7YckWsRiPHFM2amBKE
Shadex Industries Pty Ltd.,ChIJQ3o_l50akWsRV8KKq270ceY
Broadbeach Bulls,ChIJYYBT6wMFkWsRrUntLg2pB4k
Bowling Green,ChIJfXodSCRn62sRGJCWOB8jpPM
Penfield Bowling Club,ChIJyVZrHW6usGoRkZT1NMQLDAI
Timezone & Zone Bowling Clayton,ChIJZydy-dJq1moRJmqVhz-Us4s
Sunday Gravy,ChIJBYUPhjlo1moRzbIhr0WBS6E
Greengauge Pty Ltd,ChIJDd-0FRFF0WoRVUtTOWKr_JY
Berry Bowling Systems Pty Ltd,ChIJEw-bFRU51moRNNEBANPWgbc
Clyde Cricket Club,ChIJf_n0CnoF1moRw9Gr9chGt5o
Olinda Cricket Club,ChIJzXBohrkl1moR9gtJ-uLcgck
Ashburton Bowls On Line,ChIJQ1j8_NBB1moRE8PC4smFjM0
Melbourne Cricket Coaching,ChIJ53ElXo0R1moRXQ4CNjs6a0E
Sorrento Bowls Club,ChIJF12_Rpw11GoRfJ6y1-zV25Y
Doutta Galla Bowls Club,ChIJX_fwB29d1moRYs4nfjJcNHs
Bannockburn Bowls Club,ChIJ2Qh8nNIO1GoRhwHI8sYtiDM
Brentwood Reserve,ChIJ5Zi9Mn0V1moR2_H7f9fKQi8
Strike Bowling Karrinyup,ChIJr2hwcIuvMioR3rvxvGPoqFA
Kingpin Bowling,ChIJq6qqhlNC1moRvvV1VkpR98w
Yulong Reserve Dog Off Leash Area,ChIJBY7xqjZJ1moR8Ux1OLr2p3E
Phillip Island Bowling Club,ChIJ5zzEfSLs1WoReOoMRl_f9dc
Torquay Skatepark (Banyul-Warri Fields),ChIJv9qHz-du1GoRKT04wBF1qLc
ZONE BOWLING Chadstone,ChIJpcKCUWhq1moR5wNNn2G9cow
Trafalgar Bowls Club,ChIJzf3Gh8OhKWsRjSfFnqsFzUk
Leongatha Bowling Club,ChIJsf37skgnKmsRYKJCFKV5BQ8
Eastern Park,ChIJZU55uvi9KWsRV9dTgdnTeiQ
AMF Bowling Centre,ChIJ7VXGJXlE1moR7BsfKyYcQZQ
Little Dreamers Australia,ChIJmf3fDLJC1moRjfNzKSHFkic
ZONE BOWLING Knox,ChIJS9ZKpBU81moRO1ysXONL73k
Port Fairy Bowls Club,ChIJIa9-sUNhnaoRPjqIFhIWr18
"Department of Creative Industries, Tourism and Sport, Peel",ChIJpS0KgHl_MioR-CeKWTZbKcc
Blue Bay Beach Stay,ChIJI--vnzx_MioR8jSW2ivYcao
Sand Volley Australia,ChIJsQegRf-kMioRJByrToUwUS0
St John - Sub Centre Port Hedland,ChIJU4f3yzZK9SsR5uJ7LPafjJQ
Woodville Reserve Pavilion,ChIJDYRzzbO6MioRIOnxGLbwBA8
Catherine McAuley College,ChIJMfI8D-lZ12oRSzOY-lL5bRo
St Kilian's School Hall,ChIJT6oJipVZ12oRS9uSzC1jGDA
Oneschool Global Bendigo Campus,ChIJscQIze9Q12oRphUIiZBmmEY
The institute of imperfection,ChIJmTYF2bpZ12oRSgsDYNELAuE
Lightning Reef YMCA Early Learning Centre,ChIJa9G8ttFZ12oRSxKvlLt-nsU
Village Early Education Bendigo,ChIJp4WfNk9Z12oRqr_x5We1tOY
White Hills Primary School Oval,ChIJI9KjtMRZ12oRGPX2UaxjfVs
EduMarking - Playground Marking Experts (We Service Australia Wide),ChIJbabPX2481moR9KNZsFncAWw
Kip McGrath Berwick English and Maths Tutoring,ChIJcRbRzdAb1moRjTe2YDaVkek
Marist Association of St Marcellin Champagnat,ChIJ7Z-m3rRc1moRWYLCK-ArmZw
Marist Brothers Australia,ChIJHZY447Rc1moR8h_eKRSl-Vg
Audrey French Immersion,ChIJtTR2dVJD1moR_QTHNHooxJo
Milparinka Disability Services,ChIJMyiIkbNc1moR525FgIejHZc
Safe N Smart Driving School,ChIJGaDD16NJ1moReXZ8LM65lKg
Association of French Teachers in Victoria,ChIJ6xqOKChD1moRmMP8q9qW4wc
Therapy Animals,ChIJS48xij5J1moRZdyx9c20kfI
PropertyDataOnline Pty Ltd,ChIJNXhHfVFB1moRJ9tP3aT3swA
澳華駕駛學校,ChIJKzvY-LdA1moRluKBqPlqQ_A
Headland Montessori Early Learning - Caulfield Campus,ChIJaScpboxr1moRHEnRBYgnIwk
Guardian Childcare & Education McKinnon,ChIJ334tDIxn1moRXjzc0_TPglI
Dale Carnegie Training Melbourne,ChIJPYClWhdo1moR_wC3OpXJbsY
Goodstart Early Learning Cheltenham,ChIJtT3QfCRs1moRwRw-5jf8sdQ
United Children Clayton,ChIJ3bnosUUV1moRsOt4JuzyhiY
School of Physics and Astronomy,ChIJRQZkO8lq1moR-jjUlpT2NOs
Australian Institute of Vocational Development - Clayton,ChIJj5wLYNFf1moRiYv6sr1oKXs
Excel Drive School,ChIJx8hBFPZr1moRmJyid3Sz0OI
Monash OC1 Parking,ChIJHeRW4zMV1moR_myt1gelt0M
NQT Education Clayton South,ChIJ5z23S8sU1moRYN3zkRdRRIA
Australian Vocational Training (AVT),ChIJ560yKOQZkAERS-tn4OJY7nE
SEM Driving School,ChIJizJKJzIV1moRqi70RBglmVE
Australian International Academy - Middle School Campus,ChIJAQBQmy1b1moRX02T67N07Vg
St Oliver Plunkett Primary School,ChIJuyFVdz9b1moRd83BuEQT9qM
Indie College Coburg,ChIJqxilH75F1moRRrbs0-RiOVY
Driver Training Victoria,ChIJ3-mLlDlT1moRgh9yFP6u3h0
International Paramedic College - Craigieburn,ChIJs_fqgG5T1moRk4aJ7L2AD2M
Need For P's Driving School,ChIJczfF27NR1moRqfkRUOxbHxg
Everest Driving School,ChIJo0lqaPpT1moRyxANeBx15xo
RICKY DRIVING SCHOOL,ChIJ8VVSO4pR1moRlk-k9FgKQGo
Little tinkers family day care,ChIJ2zMx1DhT1moROYD4YeTggN8
Aimers driving school,ChIJjQi0X2NT1moRraMSRhFQqxk
SNH Tutoring Cranbourne,ChIJF4Q9mWEO1moRzKYUyqLxldA
Amiga Montessori Cranbourne West,ChIJ_8qVaIkO1moR5kYDq6yXeF0
Inspire Early Learning Journey Montessori Cranbourne,ChIJ3UxZ5U8R1moRHRZOpBxafNk
NQT Education - Cranbourne,ChIJDXgo4NUP1moRVMDncUVQesw
AMIGA Montessori Cranbourne North,ChIJRxA_7oob1moRfbu_z7p_Uns
Australian College of Professional Studies (Dandenong),ChIJ6XkAd3UV1moR7MHdOERTWks
Cranbourne West Family Daycare,ChIJHyiDYZIP1moRB46ydvoSQd0
Xzavier driving school,ChIJxSLOdZkV1moRQQkZmiiad9M
Deer Park Early Learning & Kindergarten,ChIJC3pUkBaL1moRGGhCzwZ40FI
MrMathsTutor,ChIJ0z8AoA_11moRJyTQSsFqqG4
Imagine Childcare & Kindergarten Doncaster,ChIJ05XUrcM51moRrtNYwBYzNkw
Templestowe Valley Primary School,ChIJuUSrnqRH1moR4leHEdAWOfk
JNB Driving School,ChIJ-QsMMSU51moRo7CKrnfB6xQ
Creative Play Early Learning Centre Doncaster,ChIJfalO6PNH1moRx-sMG4S5Mi8
Shine Bright Rochester Kindergarten,ChIJv624H9-t2WoRVOlDb9BCD6E
St. Augustine's College,ChIJO8-4IIH22GoRyabnnciNUGc
Bridge Kids Early Learning Centre,ChIJ_6YzQRY31moRYbDbBSKGxOA
Zip Driver instruction,ChIJaZZW6Jw31moRPZr7bT5qoo4
Kip McGrath Education Centres - Eltham (Online),ChIJB_iI5wJI1moRoLhnFmW4OAw
ST Faiths Child Care,ChIJCRPBhjxI1moR6vnQkO3nDpc
Overnewton Anglican Community College - Yirramboi Campus,ChIJJ7mnu9NY1moR97tLTiK6FAw
Pat Cronin Foundation,ChIJyZ-iVq29KWsRrlMhe4r0hZQ
VICSEG New Futures Epping,ChIJfWV-HeZO1moRgdUIsZPo7ik
New Futures Early Learning Centre,ChIJ1aIps5FP1moRKqfGCYBKZ-o
Kumon Wollert Education Centre,ChIJFxEYgedP1moRB_s0isiGE24
Studio 11 Pilates,ChIJ0QMTdSNP1moRtBB3j4FeJDc
Ethans driving school,ChIJb18wKoBN1moRBJ8ona7Ffko
North Essendon Kindergarten,ChIJPQuzGy5d1moRT0XzfowoCF0
TSFX,ChIJHfh7B01d1moRL1_LMmn9SvQ
Specialised Training and Education Platform,ChIJUY_4TKxd1moRhdbktVPv7X8
Montgomery Park Children's Centre,ChIJIx5rp4dd1moRHOAJz8g_-oc
Karingal Place Kindergarten,ChIJu7JzvTgL1moRE_2rLerr3s8
Blackburn English Language School,ChIJW1gyrno_1moRIxOwrAxQXZI
Knight's Acting School,ChIJixcSh9h01moRLId_LimVgLo
Eastwood Primary School,ChIJqaI33LQ71moRQyuKodQ8Ht0
Ghanda Clothing Frankston,ChIJV3Dkc9l01moRmFciELskqf4
Kip Mcgrath Education Centres,ChIJN-7SItR01moRMXHC1X4a32g
Happy Kids Sports,ChIJAQC82zV11moRaV5FvbDd7wM
Michael Avery School of Music,ChIJi3KqcStC1moR2oiU5qnARss
Armadale Primary School,ChIJ-z7yRdhp1moRTqODMCfv6e8
The Travelling Koala,ChIJl7qGRCJC1moRkj4p2WCRlLo
The King David School - ELC & Junior School,ChIJQTdOH0do1moRSxkO_HBmcls
Glenroy Central Kindergarten,ChIJh89L05hb1moR8BIpSyEac68
AMEP,ChIJrU8r4vBE1moRTKj36gHEZwc
Broadmeadows Primary School,ChIJA0quUola1moRlt-bU5H44R4
TeamKids - OSHC,ChIJZ2bvEqdb1moRUH2U2jKQIdU
Meadows Primary School Kindergarten,ChIJYaO3T9xb1moR7tj2ssDYS4c
Raja Driving School,ChIJldFERGdb1moRacn1KGFPcO0
8848 Trader,ChIJq6omp-Na1moREjlt33zXtDY
Everest Driving School,ChIJH44P1VJb1moRibiOZNkAbpc
Songbird Early Learning Centre - Briar Hill,ChIJ0aCd0TlI1moRP5Aq4-Jkzzw
Foot Locker Greensborough,ChIJSyvJ6FpI1moRMypqhFaROr4
Schoolbox,ChIJAQDsaLD51moRIVoIio6WN9s
sySTEM@TECH,ChIJ90L5CQWP1moRhvPQAdmIqHk
Inspira Kids Early Learning Centre Sydenham,ChIJraHsseb11moRr5wlFePsknA
Training College of Australia,ChIJAQBwhByJ1moRgrZMCTY0pnU
Unibella Family Day Care,ChIJYzRshVX01moR8Y4PddeATt4
Ghanda Clothing Werribee,ChIJn8GJ-1yP1moRFByyzTGNAdQ
Master Li Wong Tai Chi School,ChIJR0SzWUtC1moRVUPXSN6-UmM
Haileybury - Newlands Early Learning Centre,ChIJvVcgRzAT1moRLURlD7qTmB8
Tuition Zone Keysborough,ChIJZbEUfQ0T1moRJWXK0CLBd7I
Package Driving School,ChIJCa_0JxdP1moRbBn7xDfUMFQ
Namaste Driving School Melbourne,ChIJF0xU5UpP1moRVfTsg7X2UjY
Start Training,ChIJc8sSAiFR1moRrbD0OLYaSr4
GGS Middle School,ChIJ8_anBZQZ1GoRw0YUCGu0Dk4
THe Bean House,ChIJKdS1whgv1moReg90rAGbU7I
Lyrebird College,ChIJ__9P5xUs1moRoLuDc45bi94
Bright Kids Early Learning,ChIJo0RIq9Uv1moR8I80SrVbv08
Paralegal Australia Pty Ltd,ChIJq6rmbUtd1moRpY5va8sP3ag
Taffy's Driving lessons Melton,ChIJZRJIpZvt1moReQmfgIXf9HA
Melton Uniting Kindergarten,ChIJcxK-qBHt1moRKaLlB6SeCBU
Holberton School Australia,ChIJ0_3DwIpd1moRac4lsvDg6ww
Learner’s Hub Tutoring Australia,ChIJMU36mYhg1moRokDVLaoFUo0
Toot Toot Childcare Melton,ChIJyfbN-B_t1moRJNw36D8SPRI
Ghanda Clothing Melton,ChIJnajrjdfs1moRFedj5fMT3tU
Indie College Mildura,ChIJe6i1Lk8Dw2oRGSmTC245Wz4
One Tree Timbertop Early Learning Centre,ChIJMTNp43Hz1moR8Yq1NMzn7JE
Aspire Early Education & Kindergarten Cobblebank,ChIJfRzt3_Dt1moR98ZH2t7Kmpc
Northern Mallee Local Learning & Employment Network,ChIJTRbmXHEDw2oROGnInGfwz1g
Licensed to Drive,ChIJEcln6KoFw2oRlrusS6eEhAU
Billy Button Early Learning - South Morang,ChIJnaPb9jBJ1moRJT3H-usgqkM
St Joseph's Catholic Primary School,ChIJVWd1a7ahKWsRIeFGhlp3mIQ
Narracan Primary School,ChIJ1-d2hDd1KWsRyiS81scIxeE
Thorpdale Kindergarten,ChIJ6-x1kiqfKWsRkgZYx2H61Jk
Rawson Village Accommodation & School Camps,ChIJf5srAzvjKGsRmGstdskQjGw
Hazelwood North Primary YMCA Outside School Hours Care,ChIJJ9tPflMTKWsR4uQkWIjp1hU
Kosciuszko Street Primary Outside School Hours Care,ChIJfUN_fwUXKWsRfW4K6fB9J6o
spare parts art space,ChIJifPoXFXZ1WoRGlCpkR-s6K4
LEAH DAVIDSON,ChIJS0hQZL7f1WoRvSaYmZYhk6M
Ghanda Clothing Mornington,ChIJcUH2XEXZ1WoRcsdbVxy1IQc
Kate Bowman Ceramics,ChIJ5VO9Qmbf1WoR9O2GVNsZW8A
Rustic Pathways Travel,ChIJ3S7_V0jZ1WoRaZALvf7cBA8
Sacred Sage Yoga and Wellness,ChIJ1zQ13BLb1WoRAkw8hUJ62Ho
Old Peninsula Grammarians' Association,ChIJkW8CE_vf1WoRUqVZHDfea0k
Skills Training College,ChIJUez07J4X1moRQspIzctHpIA
Wellington Child and Family Hub,ChIJURyWANkV1moRLt39w6_Dqq8
Indie College Narre Warren,ChIJgUzkC5MX1moRZcDxcVL1vjI
Mini Miracles Family Day Care,ChIJT9ZHxoER1moRzYpRBqoeQjA
Risky Kids Berwick,ChIJ2xyD9Rob1moR3jW3TPqF2N8
"Lore Tuition, Springvale",ChIJkySEEZgU1moRRg4OyMPBDCA
Article 26,ChIJ7dBeT39D1moRKXHgEWUNjyU
St James Catholic School,ChIJz9y3YNbgKWsR5jYUGG3HFjU
"St Francis Xavier College, Officer Campus",ChIJBeA0hJwe1moRj0R66SzdW90
St John the Baptist Primary school Koo Wee Rup,ChIJLwqsFnwC1moRIJgyOphHSgo
The Education Factory,ChIJ7Zh95fUd1moR2VSt8IadJ4Q
Nepal Driving School,ChIJAQAwW6iF1moRhHFpZ2VDRKw
ABC to VCE TUTORING POINT COOK,ChIJTb3QjnWJ1moRju3PgJUIoOs
Goodstart Early Learning Preston,ChIJ-fqYmTFF1moRFiftBagNitA
Merrilands Uniting Early Learning,ChIJ6WgSs3tF1moRRYF-XRkRACk
Bc Cooking School,ChIJdV3egPtC1moR8c_QBZl1vAg
VIT School of Hospitality,ChIJ4clI4gZD1moR78B_HkdQqFU
Freedom Music Studios,ChIJM9p3PPQ91moRQt0lAaQoaP0
Kingswim St Kilda East,ChIJu5YwgNdp1moRhu7GZ_hYmC4
Ricky Driving School,ChIJq6qWkWNR1moRu6WpFMloDw4
DW Tuition,ChIJc052_b891moRhwRLRXvH1d8
Whiz Kidz Early Learning Centre & Preschool St Albans,ChIJ0QdjZz9f1moRCGfOtWRbS0Q
Arcadia Melbourne Center,ChIJ7y7AUi9C1moRvV8D0ZgEQfg
Lasallian Foundation,ChIJ1_HF1ONp1moR0ijpdV_eLe0
de Been 100% Jiu Jitsu - Melbourne St Kilda,ChIJ3e2AA2do1moRb-ScOrA437E
Flow Hair Design,ChIJGRhWUOFz1moRPRjPAk462Fk
Pinot & Picasso Shepparton,ChIJz3UnvEqF2GoRjNe0tq-5oFc
Little Stars Early Learning & Kindergarten Shepparton,ChIJg6tzrleD2GoRU2jGThi2XDQ
Ross Psychology,ChIJmU1lO1WB2GoRqgQ2JfOtfEo
UPENDO FAMILY DAY CARE,ChIJZ9ihnB-H2GoRMCSLuy8Kaso
Riddells Creek Primary School,ChIJUSaaS8b91moR7IQq032h7FQ
Kiddie Cove Early Learning Centre,ChIJszFB6yD61moRibVnGbE6FoA
Melbourne West Driving school,ChIJm6obxJ6J1moRKGkFeODqMXM
Our Lady of the Immaculate Conception,ChIJT78iE4Jg1moRN08qexQRh1g
Leading Leaps,ChIJ08sfQk6P1moRr_KF5vhystE
Aspire Early Education & Kindergarten Tarneit North,ChIJLbqqzmyP1moRIgLRnkCxdZE
Campbellfield Heights Primary School,ChIJG0uI4fxP1moR2wKrk9N6xy0
Harbard Street Kindergarten,ChIJv9Fp2ZhP1moR6Jjdtr9qmKY
Virk Driving school,ChIJA4OAd_BF1moRKAeJK5LRkdU
I Said Driving School,ChIJy4OZFHJtV4UR31YxLOY_1NA
Melbourne Guitar School,ChIJX3IMShJF1moRTQM5ytylq9k
I Can Do All Things Tutoring Service,ChIJCQOUkrkZKWsRjHZVBVX5V7Y
Swinburne Childrens Centre - Wantirna,ChIJtY_TTiQ81moRKGi8Ik2GP4o
Kardinia Early Learning Warrnambool,ChIJAwCOMI9LzWoRws6btsJu_IU
North Edge Early Learning,ChIJMWPeTNhNzWoRSvbCpE2bD8A
Ghanda Clothing Warrnambool,ChIJmfg1PlRMzWoRTeIQI0_jpGc
Nirranda Arts,ChIJd0Y2jnKr0moRTkSue6A-DZY
PBJ DRIVING SCHOOL,ChIJ6154FZuF1moR88kpbdZSmYA
First Aid Course Experts - Werribee,ChIJAWAWjs-F1moR-b7Fv5veC2w
DSNM Driving School,ChIJH1jZ7gWF1moRYoCryOkjJss
Wodonga Senior Secondary College,ChIJx_4t9_xYIWsRdguuXXRFSiw
Guardian Childcare Wodonga,ChIJv3sS14xYIWsRltP3v46E-pc
St Augustine's Primary School,ChIJJ3-zFqS7MioROkQGuN8QUwc
David Mann Library,ChIJvURqX2xZIWsR5Fh7Nlzx-i0
Treendale Primary School,ChIJn689q7f8MSoRbuRYsh5CtOw
Keens Truck Driver Training,ChIJkw94O3PiMSoRDWKhwyt-8ZE
Kip McGrath Busselton - English & Maths Tutoring,ChIJdwtH7OY4LioRCY3ut2m9lIk
Creative Kids Art Club - North Fremantle - CLOSED at this location,ChIJ1Zi1qlmhMioRV2hKfpMd_8Y
Forrestfield Primary School,ChIJyXnvKRe_MioRlpMj_GYrsic
Kids on Carrington,ChIJS1A5F01mTSoRVNosCdVuPwM
Goldfields Child Care Centre,ChIJ-fVzO1JmTSoRkB1S0QJa9sg
"Emdad's PTE, Perth",ChIJjURsAXC7MioRomZ3LSSGKhs
Get Muddy Workshops @ Terraform Studio,ChIJRXtWKSt_MioRuXBgte1RZ18
Coodanup College,ChIJAQBci7B-MioRs_ievLzIB2s
St Columba's School Bayswater,ChIJJwYe-me6MioR07rBCPRiiMs
Stanwell College,ChIJVSFOF9W9MioRamzNDDacHo0
Sunshine Child Care Shoalwater,ChIJcTiGACiDMioR-E_tVgi1r-k
Skoolbo,ChIJVVWxxmhNFmsRtF5pB_236U8
1 Cameron Court,ChIJ_8yMoru9MioRiOec6gvcnck
Bannister Creek Primary School,ChIJiZ_Mmbe9MioRkIMq1uoLFl4
POLISH SCHOOL CANBERRA,ChIJW9CD8KO0F2sRJZgwzNAB9is
Canberra French Language Institute - CFLI -,ChIJ2Z5D-51NFmsRQVoleRErepc
Throsby School,ChIJm7J-RWpVFmsRz5DtQGF8Ns0
Macgregor Primary School,ChIJV_FpIsivF2sRasDJmcF3DFs
Neville Bonner Primary School,ChIJoylioPpUFmsRlpUJ23SLPIM
Communities at Work Abacus Child Care and Education Centre,ChIJiXyzMBhNFmsRXQh1h3eQGnM
DDLS,ChIJpSRSC2FfIWsRhURxEcxacQs
Communities at Work Isabella Plains Early Childhood Service,ChIJ37KjqLvKF2sRUcB1az6AJGM
PLC,ChIJ4b-j6r67EmsRbhlU3-4_OII
Empowering Tuition,ChIJ77F7Wr66EmsR0Oej50k1HqU
USL Schools of NSW,ChIJ0-9FDKW8EmsR90TeAgX6jvA
Navitas Skilled Futures (Auburn College),ChIJD3QwA7G8EmsRR04zgQx23qQ
Encourage Training College,ChIJPUiEcL69EmsRl9HTRtACCJ4
Chalkwall Pty Ltd,ChIJR4YLF7G8EmsR0_CRxgFfoAY
KTM Driving School,ChIJ_bnYtuq9EmsRjvVFWEYLzng
St Joachim's Catholic Primary School Lidcombe,ChIJja6lS6e8EmsR4RfZQKHmflc
Swann College,ChIJJconsze9EmsRo-0NO-kaFt8
Greenacre Public School,ChIJv0T36I-7EmsRJYOOu9JLe18
Newbridge Heights Public School,ChIJPxGUNPWVEmsRbt7wNrSHxRs
Our Young Wonders,ChIJfXB7NcG-EmsRsPT7xLJMGzQ
Verto,ChIJ7TICwLP_kGsRlLvyzXB0Y3g
TutorsPoint,ChIJd7IfmmyiEmsRCraB-ezdqn8
Sinclair Philip – Musician and Music Teacher,ChIJYw-zAvKhEmsRSA35X6cI2aQ
Star International College Pty Ltd,ChIJFZx5c_-YEmsRaBf0ef413xo
Onroad Driving Education,ChIJ2yJ5IVaZEmsRqH1MymwJtRI
The Kindy Garden ELC,ChIJcfaah93HEmsRMj51uE6U3Ik
Shire Learning Hub,ChIJ99zdzu3HEmsRwnESHLsl05M
Pre Uni College Digital,ChIJy9pi_BahEmsRc_hddsC7nZE
Spoken Language Preschool,ChIJXYIfR-SjEmsRQWxVAliGomw
Pre-Uni New College Castle Hill,ChIJCSw75uyhEmsRefQ1JiaOVak
Paxton Public School,ChIJVddwh3XNDGsRWQrdOk-VFqY
Ellalong Public School,ChIJcTFii0TNDGsRAUxalodBh6g
Weston Public School,ChIJ-XDYFC42c2sRc_aabEa7ebE
Congewai Public School,ChIJnRRvm8fNDGsR4cNH-QfQ9DE
The Honey Tree Preschool Bellbird,ChIJRwxTerDMDGsR9FQM1H5kapE
Richmond School of Business Pty Ltd,ChIJQ64w0QyjEmsRV8i0d4u2Qf4
Australian Training Centre RTO,ChIJOaAtb5ajEmsRP2UjZicKXxg
myEd Online,ChIJU4dTVh6jEmsRHRgmbdkV8Rs
Goodstart Early Learning Coffs Harbour,ChIJdxjT8gsOnGsRNwlbOB2IpdM
Goodstart Early Learning Dubbo - Cobra Street,ChIJ_zAzCqRxD2sRoYcieZCVzKU
Goodstart Early Learning Dubbo - Wheelers Lane,ChIJTeOCJpxxD2sRl9UaO6aC-vo
Sunlight Driving School,ChIJ9eyC3CK6EmsR1m9usdHp6Fk
Toto Driving School,ChIJoepN9AeyEmsRaOuynDMFZMM
Kumon Epping Education Centre,ChIJT2EtyMOnEmsRDWnLppE8Y4c
Tashman Driving School,ChIJuchd0VG6EmsR3gZaDun0w6E
EduVision,ChIJy0sF62inEmsRpQrpGVzf-mM
Dom's Driving School,ChIJ90FyjSeJEmsR7t4MgNxXHcc
St Dominic’s College,ChIJyS59gmuFEmsRfYj3gRBEop0
EduPlanet College & HSC Hornsby,ChIJpaS7KeWnEmsRJabLKu4NNOA
Gills College Australia,ChIJT-HJkCunEmsROcZfHnEdMkI
CODE4FUN Sydney Programming School Hornsby,ChIJCf-DLCCnEmsR1ml2N5w_uxU
Kip McGrath Hornsby - English & Maths Tutoring,ChIJ6ZDz0oOnEmsR6FbA3gbTEVU
Roadwise Driving School,ChIJD2ijdkJZDWsRXX5NFZVY-wM
New Hope Christian School,ChIJT5LNG7GgEmsRurggycGZzVs
Kindlehill School,ChIJ6UD2i5dvEmsRocAPJy6dHt8
Pathway to University,ChIJi2y0DrmVEmsRsTot_xd7dJ0
Eastern Medicine Acupuncture Katoomba,ChIJu9n3xulvEmsRRZ4I0f9aqt8
Valley Music,ChIJwc5cbbxGc2sRwYvIkLo_grU
Lochinvar Public School,ChIJ0Tyha8ROc2sR7fH8rAEvOjo
Pinnacle Tutoring,ChIJnzQK0dNFc2sR_WjL0iLTqgE
Futsal,ChIJnwZz7zxFc2sRipWOd20panM
Live and Learn Pty Ltd,ChIJ7ZDnjdOzEmsRXenSQ7J3vXk
Clay Sydney - Marrickville Wheel Studio,ChIJz8GZeFSxEmsRLYe-DcgJCX0
Inner West Kids Marrickville,ChIJFWlwyoewEmsRnag4jQGsKs8
Globe Preschool,ChIJbcFa1m2wEmsRS0g7aWb-1UI
Goodstart Early Learning Mosman - Cabramatta Road,ChIJS0Gd2qCuEmsRrFzXF4EspFw
May Murray Early Learning Centre,ChIJH-ISQoawEmsR879ZR2uxYI8
Shortland Public School,ChIJ-eQdLDk_c2sRkPTiiYfgqZQ
Our Lady of Lourdes Primary School,ChIJM6I8HlNAc2sRBwBazaxbVJY
L Driver Training book online,ChIJ_XTOkDCtEmsRpFx6lT7vyyE
TrueSCREEN Acting Studio,ChIJ1ZxOLm0Vc2sRCFzN80nQpmE
PEN Education Ryde,ChIJ8-wHwXGlEmsR3rx5L7erqjU
The Willows Preschool and Early Learning Centre,ChIJaR-0z84sEGsRiHc-A2m1puE
Goodstart Early Learning South Nowra,ChIJywfTokWAFGsR8UQXfKqm9Fk
Astral Skills Institute of Australia (ASIA) - Campus 2 (Westfield Parramatta),ChIJPbbozm2jEmsRMbzMMi6LC04
ACM,ChIJYR032COjEmsRNi6GhS5X4kY
Grahamstown Public School,ChIJH0L0YSJpc2sRm6O7jFQAWEE
Pymble Public School,ChIJIwK1PUqmEmsROsSB0xp9rhk
Beacon Hill Public School,ChIJj2dPtGyqEmsR0Vrh3QxP3OA
Braddock Public School,ChIJcdsGUaKFEmsR0U735aZB7jQ
The Spanish Cat Spanish Classes Sydney,ChIJVbm80T-uEmsRojobqWtAabk
Tango Spirit,ChIJIWvMTT6uEmsR4qasFIH6d0s
GrowPro Experience Sydney,ChIJiUEvvyWuEmsRwncRhXERrdQ
Sydney SAFE Driving School - Female Driving Instructor,ChIJ0eVJr06uEmsRXKioH0cB2bA
Think Productive Australia,ChIJD__wDkGuEmsRRGfU7ATTfiw
Camden Haven Community College,ChIJuZcc8O3JdWsRKZFfr3kMa3Y
Big Improvements Tutoring at Pennant Hills,ChIJAeGj8s-mEmsRCymhinO9zVU
EREA Flexible Schools NSW/TAS Region,ChIJKYKHryMZE2sRstmV-Q498Z4
Workplace Learning Illawarra,ChIJN87kFqkZE2sRK40yR3YSyVk
Kenny Street Community Preschool | Big Fat Smile,ChIJI7b1zrgZE2sRoJvgHZBw6to
Clay Wollongong,ChIJJeX267sZE2sRkfSRnkuMED8
Nareena Hills Public School,ChIJadrtED0aE2sR7dfERdSP8V0
Bellambi Public School,ChIJtzEuiCYfE2sR9RPPgyG6MI0
Tarrawanna Public School,ChIJ2xTWiTQZE2sRDF3ae4u-b2s
Mount Keira Demonstration School,ChIJa0eFbisaE2sRzTGHVz1koWA
Corrimal East Public School,ChIJaWAS2NUeE2sRmh_4s7SUrRs
Corrimal Public School,ChIJK2xLCMMeE2sRAb3_yqs4iEg
Grandma Rosie's Quality Long Day Care Wollongong,ChIJ9RDOy6QZE2sRopvPw-g2ppY
Stanwell Park Public School,ChIJj1hNtsTdEmsRYEa9SD1IMMY
Overboard Surf Shop,ChIJldiYdqcZE2sRRTZQgGPzD7Y
Watermans Surf,ChIJm_qtjL4ZE2sRaR6bcNbgV58
Flinders Primary School,ChIJ-ccUYGUTE2sR79OSY96fv0I
UOW Building 17 Student Central,ChIJ0d9-J3IZE2sRRD3GTzWw2h8
Incite Arts,ChIJh9kBMVsZMisRL_-tX5WHoCg
Aussie Potz,ChIJc5HgV5-TwCwRMhKNlwDiChY
Lifelong Learning & Care,ChIJlW5NNeqiwCwRX-z3XnXhQTo
Wynnum State High School,ChIJsWmhrUtekWsRj1xHPjkmN1A
Holy Cross Primary School,ChIJfytrSLVZkWsRACswLsL_dy0
St Agnes Primary School,ChIJPca4ueVbkWsRKlYGG50P8bA
Lapont Language Centre,ChIJBWZS6gRakWsRn0UCg5gmDoo
Buderim Mountain State School P&C Association,ChIJ3XceVv13k2sRmMDSyEj2MAo
One 2 Pass,ChIJsxwjUXmdk2sRNZ4bV247ujk
"Essential Driving School Sunshine Coast, Qld",ChIJ031c1umdk2sRURXns9DuxNw
AE Tech Driving School,ChIJi-nhC1Gdk2sR0Ni4b1LmDpY
Nambour State College,ChIJyRlhBf14k2sR3KyPLk0lH4w
Palmview State Special School,ChIJ0_q8ESSdk2sRLYtUJe3-CLs
Eudlo State School,ChIJ__c8k6SDk2sRmBMfDjpKXiI
"MyDiary: High School, Secondary Student Diaries & Teacher Planners",ChIJhe0wi911k2sRH2f2ySdc2V0
Mackahat,ChIJeXuV8tR3k2sRWeCSiAgVRrw
Stewart & Sons Coaches,ChIJU7nhQUq562sRAHl2lldDa0M
Oakwood State School,ChIJ2xCPGq-562sRlolGy7gPwbw
Burnett Heads State School,ChIJGwo90E_A62sR6gkKLzchXFA
Branyan Road State School,ChIJ56NAxDu662sRiMmDnUSjP9U
Jim's Tutoring Centre,ChIJb3XRRU2562sRIcAuobM5UGQ
Avondale State School,ChIJt8qRjiPK62sRVHMKzh2ZExo
C&K Oaks Beach Community Kindergarten,ChIJP0l297HB62sRa82BJBxYATI
DriversCollege,ChIJt_XWR92762sRbj5Hz7PB4HU
Higher Expecatation Framework,ChIJv-RrUMu762sR2dLQ2hlgRfM
Our Lady Help of Christians School,ChIJHXWq8gpkeGkRMgyLHC2KEn8
Sunshine Coast Efoils,ChIJZWOqbVuZk2sRhH5xvLqTGbM
School of Education & Humanities,ChIJHeA2bYRckWsRgx5jYf40Wzg
Oxenford State School,ChIJ67Ox-TERkWsRVqrkWJ9hENM
Aben Technical Services,ChIJM-aAuRRQ1moRFYW0vBs6pw0
Coomera Springs State School,ChIJ46Yi2_cTkWsRJvsB6iGZQeE
Coomera State Special School,ChIJqxZkg7MTkWsRlTTMxpTul90
The BUSY School Coolangatta Campus,ChIJV_FUiQABkWsRxfYKJYGEWO4
First Five Early Learning Bundall,ChIJ85ARNyUFkWsRKnv7EvTEMkY
Gold Coast PTE Study Centre,ChIJe6qRMRQPkWsRPaKGolupgfs
Australian International Islamic College Logan,ChIJTddrsBRHkWsRrn7GnCuKTEU
DesignerLife,ChIJdR0LW1jT22sRvggFzwuPJGM
Business in Bare Feet,ChIJ03W84f5-2WsRufmpnXl5ArY
Radio Rentals,ChIJs0dtjvrT22sRLbisBCiiAek
Smart HR Solutions,ChIJS-TmkPbT22sRYJIkDlF2IUQ
Career Employment Australia Ltd (CEA),ChIJu_0rrF9n62sRDltpCQIG7rI
JCU Mater Clinical Training Centre,ChIJS4HRhpzT22sRP4oQYK80Zwk
School Booklists,ChIJrUkYDtnzk2sR4tmhgr48g2s
Care Kitchen Cooking School,ChIJq6pqmvfT22sR013Na6ydQqo
The Drama Institute,ChIJZ1PDmlsakWsRSWdp7bXk57w
Miss Julie's Mobile Swim School,ChIJq6oW3-9SFmoRr1EJe2VtJAU
Queensland Traffic Offenders Program (QTOP),ChIJsQPZH_cakWsRzwivkSxK9F8
Sunshine Bridge Education,ChIJS3j5AOQbkWsRrXuKjQ9aIFg
English-Accelerator,ChIJ___PSJgAw2sRpyFaAKrZZ5g
Bubbles and Paint,ChIJD5C3MVYbkWsR35-hl7Bv7K8
My Yearbook,ChIJ6Q8W2lUakWsRVaHKYkPQpT4
Career Employment Australia Ltd (CEA) Rockhampton Training Site,ChIJCX-Ii9UBw2sR1E28u6q9y20
Waraburra State School,ChIJISD9biypw2sROIR6eSDtzXA
Melody Suite,ChIJVVl2fz9RkWsRwTIfGTgXqJ4
Enhance Family Day Care - Central Highlands,ChIJk_Ep67sBw2sRt8s2VgXKa7w
Stanwell State School,ChIJjTdle46kw2sR4QucvksrupI
Yearn to Learn Professional Tutoring,ChIJq5LrBvQAw2sRbhl1UheryZ8
Gateway to Industry Schools Project - Health,ChIJIXHAoqBQkWsRks52uE9vN4Y
Blue Bay College,ChIJAQAQTPIPkWsR-3TaQn9-220
Y Schools Brisbane South Junior,ChIJa-I5tW1FkWsRgj5k7YoTCL0
Tennyson Special School,ChIJ_zqxeBJQkWsRvlY8_Dr-PHo
MOTT International Students,ChIJJTtJGYQEkWsR0ko_KOLvEZg
Pure Land Learning College Association Inc.,ChIJi-TdaVtclmsRD6vgBB11jd8
Highfields State School,ChIJLQmf0hZnlmsRbRzGCiQ9JBY
Townsville Central School,ChIJT26YWsL41WsR5UzX0t1uDKs
Happy Vibes cafe,ChIJ0z78EVP51WsRwXIKBYRJpwE
Townsville Flexible School,ChIJZQJKVBn51WsRC5czmqBPyeA
Drake Training,ChIJq9oJj9v41WsRoUZXZ8yPmbY
Southern Cross Catholic College,ChIJax9hssT71WsRuc1M4b5af_w
William Ross State High School,ChIJk9yt19r71WsRm1VWeBi3I1g
Heatley Secondary College,ChIJt2GQrfH51WsRm1Xg4uoFFJQ
Annandale State School,ChIJC1QBAzH61WsRcCrf18QJvZg
Railway Estate Community Centre,ChIJE654bGb51WsRRSW5vZbMXlo
Enkindle Village School,ChIJ6z5QlGX61WsR6MZrU8taQ-Q
YWAM Townsville,ChIJteinhgT51WsR9OEAi72gvFk
The Willows State School,ChIJucs4Nbnw1WsRfzSpFQ3NEiA
St Benedict’s Catholic School,ChIJPUWO6Cnx1WsRLnXvEeHoXy8
Thuringowa State High School,ChIJH1A2U2fw1WsRNICsU223Ng8
The Cathedral School,ChIJDx-zFHz51WsR-csEpEgWRLI
Carinity Education Shalom,ChIJWS6Wr_Hw1WsRjq1DdrfViho
Australian Technical College North Queensland,ChIJH9B8RUD61WsRo22kYHquE7U
Jayne Arlett Business Author,ChIJoYIEWr_51WsREI0Z3Yb7ryQ
Community Training Australia RTO# 31905 Head Office,ChIJE63lKYr51WsRLIMmNKwgPCA
IN-STeP & IN-STeP Driving School,ChIJt0hEd7r51WsR2RefAdmDcHo
Gills College Australia - Adelaide Campus,ChIJYX9hNw3PsGoRg630SNz_9L4
Temple Christian College,ChIJGVQ2J8rbsGoRWxNqiFYLJBI
Stepping Stone Hewett Childcare & Early Development Centre,ChIJGZFudAf_uWoR6_gz1aszq3Q
Edge Early Learning Munno Para West,ChIJ8Y1kNbKrsGoRG9aq-Vhzgsk
Noarlunga Downs Primary School,ChIJM9ZiVL4msWoRwagT78Y-Lpk
Southern Australian Livestock Pty Ltd,ChIJscJVKWMpnqoRxLqtqlf0bTI
mteSA - Apprenticeship & Traineeship Specialists,ChIJU_kB6VJzt2oRYxmbOiqi5GM
Emali Early Learning Centre - Prospect,ChIJ6YY21GbJsGoRAFXUdiEEMwI
North West Christian School,ChIJI8i7OYrGe6oRs-vFzOe0Q7s
My Baby Massage,ChIJH2sKst7re6oRjvEPEMTe2nk
Ulverstone Secondary College,ChIJH5D_vR7Je6oRpHqdj87gvbA
Table Cape Primary School,ChIJF0jYZGLxe6oRb8KYlvz4_7U
West Ulverstone Primary School,ChIJ84Dbq57Ie6oR2w-kMeuZeqE
Red Nose Day,ChIJ22e1bglC1moRpy2eRW2N01M
Boat Harbour Primary School,ChIJx4578mX2e6oRtFXAdlTmll4
Sacred Heart Catholic Primary School,ChIJB0QU4yTJe6oRSF5fcUEPKQk
Crawn Motors,ChIJBWYy4fm9e6oRzfsdwcg57ak
Little Footprints Community Playgroup,ChIJ__9v5kTse6oR0ghrvjanadc
Groovy Kidz Childcare Centre & OSHC,ChIJ3UKp_RTse6oRO5Kq7UVc39Q
Slipstream Circus,ChIJ53k_x93Ie6oRXiO5dusuD7w
Penguin ELC,ChIJvXgS-_XGe6oRpl-2aLAMJ10
Stepping Stones Children's Centre,ChIJtbanOsTIe6oR5KQyIwml9uU
atmx Burnie Plaza,ChIJsydxB5nGe6oR-9V8T24JV2k
James Muir Community Health Centre,ChIJ51RDLoDxe6oRv99ikwApVQE
Discovery Early Learning Centres - Head Office,ChIJlYoz7t_Ie6oRhPKKeDhYZ08
St. Patrick's Catholic School,ChIJuSrYyLw2eqoR2h370de4Kpw
School of Health Sciences (UTAS),ChIJQbq405x1bqoRHQnxCqSgICw
Reach Community College,ChIJweNic8JbkWsRtHWJhrPHrew
Nursing and Midwifery precinct - School of nursing (UTAS),ChIJJ1oEbZ11bqoRcz8T-rZPBhk
Bowen Road Primary School,ChIJE9kHHd10bqoRnSTOgKVeW-E
Warrane Primary School,ChIJV6aF9_rfbaoRw3tpDI2Jqo0
Chemistry Building,ChIJCfNOQFrfbaoR2ua8NG2qzXs
School of Medicine Psychology,ChIJednQflrfbaoRatmXaqvBDLU
Old Hytten Hall Annexe,ChIJUwxN2ajfbaoRq9MP3WJRDPA
UTAS Residential Colleges & Campus Accommodation,ChIJF7BG11DfbaoRX4FZOYtCe4U
University College,ChIJmfzj8DvfbaoR1U93SnPG-gs
Sorell School,ChIJI3NLFAzjbaoRESxBsVbqQhQ
Huonville High School,ChIJAbBMEmJ-bqoRRw52xv4vPPQ
Lauderdale Primary School,ChIJsaAoscHdbaoRDb8-qbTAYqg
Ghanda Clothing Hobart,ChIJi9d9wIR1bqoRV8Dhw9yRuJA
"Tyson, Matthews S St Cecilia School of Music & Examinations",ChIJXZxU-tCmcKoRHBszdKJNaDA
Search Associates Australia/New Zealand,ChIJcZjW48amcKoR5WDbJDmiPok
Pinot & Picasso Launceston,ChIJTYGfz9mncKoRUMmkX5oc9qs
JCE Positive Outcomes,ChIJMWGvOsWncKoR5GGGGg2237A
Pilgrim Uniting Early Learning Launceston,ChIJm2Uf-N6mcKoR0IcplXmGWTo
Newstead Child Care Centre,ChIJRwcmHbCmcKoRWfw1CC9QLXk
"School of Business and Economics, Building D",ChIJl00ltIWncKoRUmA5huIikfc
One Tree Defence Childcare Unit Williams,ChIJlR8WOkKJ1moRL4b4AmS8tVo
South Launceston Early Learning,ChIJO1g5zo2hcKoRc2GWI2CnH4M
First Aid Course Experts - Launceston,ChIJAfBYnDihcKoR4LEJC7USnJQ
Tasmanian Divers - North,ChIJuXUosdqmcKoR3lW3NOCbbu8
Inspira Kids Early Learning Centre Laverton,ChIJ70tqyleJ1moROi1af4SjoZk
Get Maxi Cabs – Book Best Online Luxury Maxi Taxi and Maxi Cab Service,ChIJu8-mwMmJ1moRThDDFKAGXd8
Bonshaw Early Learning Centre,ChIJt4DXAaBc0WoR77Y1AQo0glY
Melbourne City Institute of Education Ballarat Campus,ChIJzS8qCbBF0WoRdRfpKBshGRU
Ghanda Clothing Ballarat,ChIJd4TOZv9E0WoRjiacOsq5SD4
Cornerstone Learning Ballarat,ChIJh4c9SpxF0WoRZGteE8taTvA
Lotus Nails and spa Kingston ACT,ChIJHRDsdrtNFmsRytHno4UmaLg
TT Massage and Day Spa Gungahlin,ChIJ0aHTiRxVFmsR4dNvFvoY3F8
Ali Price Makeup,ChIJe-VpJGNNFmsRkaqlhurj4F8
Creativa Studio Strathfield,ChIJY-v7QwC7EmsRLiu9TfLXCiA
Design Identity Australia,ChIJVWWgNa6xEmsREPDrU7SJ49M
Demonz Media,ChIJE1KTWCCuEmsRWOc4fgyLOb8
Cyber Interchange Australia,ChIJTxO_4fVeDWsR2aoCDQKImpM
The Pro Designers,ChIJiRbjFyavEmsRoXXRckdm64U
Arcus Designs,ChIJvX1lU2SwEmsRLCQ3u3tNaaI
Capture Content PTY LTD,ChIJQSPhmk6wEmsR79SI9EFU85Q
Online Presence,ChIJr4YhQ5KvEmsR0W4RO_shFSE
WebLingo - website design,ChIJ-6IikCnbcmsRa0OsDRq54ac
Metro Design,ChIJ87CsoRu5EmsRrZpLi6jJbP0
Fisse Design - Digital Agency,ChIJM0Y5GvQZPmsRPYsiiW1zbl4
St.George Web Design | Freelance Web Designer Hurstville,ChIJI6GqC7-5EmsRccX-wpb4Coo
Reasy Design,ChIJw6_abS5zCmsRRh7JcG0UvCE
Web3,ChIJpWhE2ECuEmsR1SprjKMXb0M
Loud Cow,ChIJqR1G3pf-kGsR6e5h0mXFGX0
Hills Websites,ChIJ37FKgCygEmsR4nzFdc0Ebt0
WP Professionals,ChIJ6Q1buVOfEmsR4PnbN0URBTY
Paddy & Alice at Home,ChIJu_-qFnqjEmsR1MPzass630U
Designers Next Door,ChIJtUIUNnaZEmsRzRM23sOyl7k
KWA Design,ChIJ_____xDIEmsRvJk45UemUW4
Point Graphics PTY Ltd.,ChIJ26EBi_XHEmsRBQDrUP_oIR0
Coast Design,ChIJ6XeTopqtEmsRqZLArEfcqVg
"Shiv Technolabs - Mobile App Development Company Surry Hills NSW, Hire Web and App Developers",ChIJb_qQ-G-vEmsRWF_hfqXYuEg
Vitalic Design Co,ChIJXcuuBe3HEmsRDmfjhThSJ04
DD Design.,ChIJD1i71Z-5EmsR5u4Jczlm1p8
Ratebe Bargain Shares,ChIJPziFJ-q5EmsRO330ma1qoiw
Candice Cameron,ChIJv8q8n23IEmsR2lsZd2e0qZo
Chill Digital Media,ChIJY17Vj5y4EmsRCywpzhPPzgY
Ayla Web Design,ChIJn7DftwKjEmsR1lqnfP3oy7g
SATZ Design,ChIJd8EymKKhEmsRfrtvlUHpi0A
Webmatic® Websites,ChIJB_JtBsOuEmsR4wULFS3yg6A
Web Mobile Solutions,ChIJ1eFRXiKjEmsRGLwcO9FNNA8
SPEC Design Group,ChIJA2nAsUCuEmsRAb7XevpW-Tw
Venus Infoway,ChIJ____ayCjEmsRIi6t0S0cu4Y
Bayti Projects,ChIJw9o2W-OvEmsR5sHfkIvupBQ
Autografica,ChIJb5HifaSkEmsR9JOu2M8Zs5w
Nambucca Graphics,ChIJtZ4LmbkNnGsRBArr8u1Srig
Townsend International Pty Ltd,ChIJTez9r8MNnGsR_9Ib72HHHvc
Owl Design,ChIJuafhFysNnGsRmVke4t7Tx74
Systems Made Easy,ChIJZy--AnkRnGsRL_GD4JTbvys
Munch Design,ChIJ5Vmfwc6B1GoReFCOy2LzrIk
Go4 Multimedia,ChIJ7zGGGOEhnGsRg8TqIOtovLM
Owl Design,ChIJq-g3ZRMLnGsRHH8CkGQVsIY
Social Space,ChIJnbTKCkwvnGsR8yisv17LA68
Design By Kico,ChIJsY_gSVwfnGsR4jgB086tee0
eLAB Web Solutions,ChIJnRxlc4SqEmsRupaGJ-GuXVY
Let's Build a Website,ChIJB1YWn_aqEmsR6B5yai16_LE
Apptitude DPS,ChIJS7ZI_feqEmsRX25KsZcbMLw
CG Digital Services,ChIJR-s9qoJVDWsRNxvsPJJtacM
The Digital Review,ChIJXzPz9ZSrEmsRC0y0gG1-wDI
PSD Brand Design,ChIJtYLR-fbKcmsRkQfH-skewNM
CONWAY DESIGN,ChIJH4991girEmsRT_foWpQ3E5g
First Stop Digital,ChIJo_qe7farEmsRRTxxrMZsLU4
Total Medical Design Balgowlah,ChIJYbNjNEerEmsRc8PbPDfSLpY
Trimax Solutions Sydney,ChIJEashSwmrEmsR9I_F1faA924
Turtle Technology,ChIJB25gT_jHEmsR1iWwUXuCSns
fracta.net Edgar Badawy - Sydney Website Design - Excel and VBA Developer,ChIJtb_FOHy7EmsR1qEfQFStpGU
Upbeat Designs - Graphic designer,ChIJS7l8ok23EmsR7lDDQTCGjsA
Blue Peak Roofing,ChIJBRU3D2GxEmsR-l-YwLJjyQw
Web Design Campsie,ChIJe7Di6HS7EmsR7DaIcNshAWk
Studio Michael & George,ChIJIWxr9-WxEmsR2nvOEgOkhxw
xTom Pty Ltd,ChIJufm5nNOoEmsRm9mc5DOped0
The Purple Panda Agency,ChIJz0VQ5gS5EmsRZ16uaiBWlGs
Architype,ChIJR5ohohmuEmsR1o69NQwQjKQ
Speedy Websites,ChIJ14TSE13HEmsR7fibuA4SqaU
Saffron & Co. Creative,ChIJ6f1OHbvxEmsRLodh7k-TGxo
Webtech,ChIJ____P67vEmsR9pk6bBs1F_w
Carolina Martin-Dover,ChIJWek_z2e_EmsRipGY1V9ya40
Code n Design Consultants Sydney,ChIJkz0_3AuvEmsRX55GCdKmizg
Bondi Web Design,ChIJNTxr46GtEmsRVQDcZ3yo048
Day Design & Development,ChIJK2-KHDOmEmsRw73J3EkG7dc
Web Dynamics Pty Ltd.,ChIJf7gsFJqlEmsRY4oqhZ1TW7M
The Web Composer,ChIJVy287kKvEmsRq2HeSibw3i4
Gance,ChIJg2796TOlEmsRnhqWoZNhXjs
Three Blocks Left Design,ChIJfQD5TRmuEmsRPL6l_ffHFmM
Digital Crew Pty Ltd,ChIJmYxuHmquEmsR5AIQNencGYg
Signale,ChIJp3zYlldUDWsRBBvtOBXbcPA
RUST Designs,ChIJA5txZiM3dGsRFRBMVf4f2F4
PreviousNext,ChIJXdq0jtSscmsRNZ4KlsiQA-c
Cupcake Design Studio,ChIJYSiDQxqlEmsRLo-bxhIdZss
Bluestarfish Web Design,ChIJVyhBwq2Cc2sRY0ozHnH7qCk
e-assistance,ChIJoRd2RVmEEmsR7hVd643SHHA
BIgBoss Infotech,ChIJVVVBJaeaEmsRYmRMHlHo0NE
Aus Asia Online,ChIJi6nrStKbEmsRk0_CJjKeyTA
Brand Ideas,ChIJZ8DWLvaEEmsRC0kW1itPehQ
Ulladulla Web Design,ChIJxYgXEu5QFGsRDjFVkX9soKs
GoRank,ChIJa-J__1CjEmsRm5HLP_rKL4c
AKP Media Design,ChIJa7ZAfzwSH2sR16URPENojeM
Spike Technologies,ChIJ78hPq1-uH2sRnFdBFnh3NIA
L K WEB DESIGNER,ChIJbw-4UPUhEmsR3xbuSeR7Tms
Creative Since 1983,ChIJVbRffTqBkGsRX1mWGCFb3SY
Mumbo Web Design,ChIJtTSXKkhTDWsRaFPj8pfF8kU
Webpub Media Solutions,ChIJB2adVhmEkGsRTN1MD4GwBLM
Kabod Web Design,ChIJvTQz35xBc2sRNtxqJyETNV4
Sean Thomas Bell | Visual Artist and Mural Painter,ChIJNd92BhcVc2sRWRp5ZnGwRyk
Offer24,ChIJBZDWIMU_c2sRpWAWAtyysP8
NOVA Graphic Design,ChIJCw6cBzcVc2sRdiIGaS9sl48
Iconic Design AU,ChIJHaLJPlEVc2sRctvpn7ehVsY
Exceedability,ChIJd8VNz7WzEmsRt22Z3GlMQIo
Feast Creative,ChIJhcq6zbCxEmsRh7-Ufk1_IC8
ian hobbsmedia + codey,ChIJK8_4mEqwEmsR-p_h0fsRDZ4
Content's Me,ChIJodLbQDyuEmsRqTs_WceS0-4
Direct Clicks | Digital Marketing Agency,ChIJE4ozlPKuEmsRpP0Verr9_b4
Morpht,ChIJWS3aQDyuEmsRbRm07Q0Jej4
The Life Style Edit,ChIJHz9qahmuEmsR5ZLe0bAPdUU
Smarta by Design,ChIJkd11PzuwEmsR6cymog4TeyU
Cloud High,ChIJOVMwJnOuEmsROHQY2xelIPY
Red Ant Media,ChIJmyNgAiuuEmsRu0uKcE2kz0U
"Gabriel Hidalgo Product Designer, UX & UI Design Freelance",ChIJP84e7UexEmsRjYRyA4U83sk
Studio Chenchen,ChIJ2YzcRS-uEmsR9N5DmMdt_PU
Steve Flory Design,ChIJ12svUgyxEmsRbJuBpK_kTUM
Lisa Moore Design,ChIJP7EHEkSwEmsRjU8JXEpSz7g
Lisa Reidy,ChIJVVUi5FqwEmsRnqNkaqIJ0zE
Bettina Kaiser art + design,ChIJ27jJYIqwEmsRXOWrH6iw0Wo
Meld Design and Production,ChIJ1zxc89exEmsRJYIk8hZfrQ4
So Watt,ChIJTxopHgSuEmsRZzhpnB9p03A
Citizen Wolf,ChIJwRWWuHOxEmsR7fD5_3Ps7h4
Missing Mouse,ChIJw-mP1GUUc2sRu0IUGSovejU
Byteserve Pty Ltd.,ChIJ43ehUwKsEmsR_rO0ktRznh8
Inscope Media Pty Ltd,ChIJYzFtO6GuEmsR1_Rhu5m2P-4
Nest Creative,ChIJe7Ubre6uEmsRJkmgpP-DlHo
WebFlash Design,ChIJ37Zg45euEmsRyM2c8d2PjIg
Digital Start Lab,ChIJv51G80CuEmsR3m_1-y62dFI
Webprojx,ChIJLa7kyoGvEmsR2nb0xBK1Jrg
Soop Creative,ChIJTUnSIcirEmsRFybwF7VJHMw
CreativSoftware - Software Development,ChIJbfBQZJOuEmsREy23snWO_Ns
Azzopardi & Partners Pty Ltd,ChIJgV058_KuEmsRIQcfCWJ9c_c
Anjel O'Bryant MDIA. Coloraction International,ChIJa8J8ew6sEmsRnbXsSiXVOmU
Elcom,ChIJvS9DNtCxEmsRktT2RpBQmNA
Ministry of Design,ChIJ1dpRhkUUc2sReOdv-r7Glic
ingen,ChIJq6rmTWYUc2sRIazWd4t4Mds
Izilla Pty Ltd,ChIJvcDTBHsUc2sRrSlSX4Ma-IE
DCA Digital,ChIJXVQvISIVc2sRczB6bkiMXjo
Chillistone,ChIJq6quly8Uc2sRyOKad4QcLvA
Steve Babic illustration,ChIJaU1U6WgUc2sREhu3yPAXrQw
Sublime Web Design,ChIJVVVF01EUc2sR83EqN4WrAtA
The Creative Business Agency,ChIJWbM3x1MVc2sRLPASlNTFqhQ
InteliPRINT,ChIJo0duQqYVc2sRLJj1FhX-6rk
David MacKenzie - Design & Illustration,ChIJPZ4ShQ4Vc2sRy-BkqIh5uv8
Picaro Design,ChIJm5cA81sVc2sR-qjNO9ZRzAY
Cactus Creative,ChIJVUPTz5AVc2sR21wUIRGYuDA
dustin.com.au,ChIJixD0QgrhqGcR0b3VYrSh74c
DigiCobbler,ChIJL84mctKoEmsRaFKQW7m-RF4
Vivid Designs,ChIJB65t4gymEmsR2hNcK0djiwg
GNA 웹디자인,ChIJVVWVxl2vEmsRgJFs8gfhzUw
Max Design,ChIJ8xCpm0qvEmsRcAvVfUFjtco
IVS Digital Solutions - Sydney | Digital Marketing | Software development services | SEO services | Web design services,ChIJy9tvEwGpEmsRUPZdMoHaFjU
Ideas Into Action,ChIJgeIUCtaoEmsRZRkASXt9dvI
Digital Burst,ChIJY4sxULapEmsRDIUyi9G4F8g
Karrot Karrot Design Studio,ChIJK4d2R9GlEmsRN2dFZ5cxfHI
allround creatives ~ design & market with a circular lifespan.,ChIJcfEiWJcRE2sRecrjEuxNNXc
Mystics Website Design,ChIJb9fH7I5sE2sRjLn_qmSRocc
Fire Mountain Studio,ChIJ__9PycqBE2sR3nIxCG-1p1w
Crafted Campus,ChIJXeJeK2MXE2sRrlCAQ_ZplqY
WB3D Studio's,ChIJq6oG0guJFGsRL1N3oAh7FaM
jervis bay graphic design,ChIJVwYt39GDFGsRGVUXuEATJPc
SSGC online,ChIJM58WOOpvE2sRPXgQvpLuFjc
Studio Friday,ChIJ-T6nZfcSE2sRiBwBpP_m4j4
3Easy & Co.,ChIJk70cP21vE2sRrZsTNLJpdd8
Mouse Potato Media,ChIJr6inuS7TEWsRS5jaBmZw3lg
Elegant Web Designs,ChIJk782EqwfE2sR2HZpHFDkdO0
Acacia Creative,ChIJe5-UBc-jEmsRkF3bTm_y9NU
No Stress Websites - Small Business Web Design,ChIJM5kjatv5nWsRP6i5ENosMkI
Atticus Global,ChIJ28rseFf_dWsRuaGueuT7as8
Original Pixel Designs,ChIJ-T-d0555c2sRqyHbS9xqt2s
Tracy Archer Designs ~TDP®,ChIJmeQvH8GDc2sR14ZXFlWD3NQ
Yowie Websites,ChIJVxD175Blc2sRqiCdn54VmYc
Helpwise,ChIJvzft7lCfEmsRmLC2cE2HTxw
IT Inspire Doonside,ChIJ0cCyb-2ZEmsR5xMX6hrbdSc
MS Technologies Ltd,ChIJlZUbOjJMFmsReyWloj7lVCA
InLoc Design,ChIJ_WdwsBO1F2sRtEdHd3eORu0
Lesley Allan,ChIJi31z1z-zEmsRKeBB56MENsQ
Local Business Services,ChIJOe_Xw9yxEmsRyuLvVln0Klc
maxmoment interactive,ChIJF8I0PcWxEmsRjMGYWdcz9Qg
Belver,ChIJQXNMmoytEmsRJtJ8paKdod4
Digital Ally,ChIJz58sev2tEmsRCaSAgvai3jY
Glance Graphic Design,ChIJmQgjHOCxEmsRKgEqNLZDqEI
eBrands,ChIJ84M1b_2xEmsRbBKFEqxMcF8
Lick,ChIJf3wWwnKuEmsRiUfe9DHKON0
Cheryl Collins Design,ChIJh_oMMyCuEmsR9v4YUe8_OBo
Scribble Graphic Design,ChIJyelOluCxEmsR5cyeX10l4h0
Content Maximiser,ChIJl5JSTpOuEmsRMbhEVrFpWNQ
McCann Health Australia,ChIJEy0bERmuEmsRzBBpORCI-dQ
Idea Box,ChIJj8alz0xd1moRu9qyxY9grXI
DRESSED BY MARNIE,ChIJl3-OHnKzEmsRKNAUELlBpj0
Adam Woodleigh Design,ChIJhdBzgMtLmmsR9DY_se8W0jM
Taine Riley,ChIJ__-zCQrcm2sRobQ7vQ5tw6Y
Arvo Web Design,ChIJp_sbE2ZPmmsRyOkkcC0NN0I
monti | kreativ,ChIJs5XOV1F7mmsR2w9KmAqTAxo
Sydney Website Design Agency,ChIJlQOKv_uvEmsRWn0jcjVGXoA
Loqium Web Design,ChIJ9SXMSuevEmsRhzTk76lPEBE
Web Design Sydney | Online Spiderweb,ChIJcYEG1kyxEmsRtn0U1ekuVjw
SiteShack,ChIJPx4Q20ZTDWsRuwxfAUeHl3U
Small Business Web Designs,ChIJs2hRuFmvEmsRsof-awmUU40
Sydney Web Design,ChIJKWBdET-uEmsRDTdMXMD4NS4
Digital Meal,ChIJfwsTV-SvEmsR2O0iTbNCNjo
REDALTO,ChIJl9RY0UGuEmsRIotnl0YBZog
Make Web Easy,ChIJP1AxEaG5dWsRxYYsKZFvLAo
Masani Design,ChIJtbddtTHIdWsRfMp4aZN4WbE
JPH Designs,ChIJHZpaE8KYCmsR7esDYTTDUDs
Vanessa Ellen Web Design,ChIJUQP7pS3RcmsRY2p9RmO-4G0
RCS Digital,ChIJNfxIanjKcmsRyanW4jRXX0A
MyWebAdvantage,ChIJ87NpD6rLcmsRvcsmq0r0gl4
Regional Web Developer,ChIJ2yraW7aZGGsRoONAO15iMUo
kim baker design,ChIJgbOL0V6ZGGsRXUrtWJblboE
KOHANDJANG Web Design,ChIJJXp97_mnEmsRlawYJxdxQ3U
The Brain Child,ChIJ4fxOShCAFGsRYjVVgn7kLVM
OKdesign,ChIJuaxvENkZE2sRh5s0rqpzKLs
Kray Website Hosting Wollongong,ChIJed4ejAkZE2sRRc-90Ku2fU0
Flyman Partners,ChIJA_YVNcUeE2sRNsvpjvnO3vI
Jade Web Design,ChIJBxAPQCASE2sRjTiC1UxReTA
Kray,ChIJCSa9VnMaE2sRHI6gITcVdqk
Spaceman Web Design,ChIJqci9A8XdEmsRs4Cvbn5v61I
Amcd Web Development,ChIJKUkG7sMfE2sRbfXiHmJpl4w
Shine Creative,ChIJ22Avn1obE2sRff9vPrWVtLs
Flossy Hair,ChIJ6bWMkizgI2sRg4-klQAMlM8
About Beauty,ChIJrYn46Bu7EmsR2H6MGLL9Ksc
Specsavers Optometrists & Audiology - Ashfield,ChIJ_eZgapa6EmsRTzjTbCcG0uk
Big Barber Shop Auburn Central,ChIJn2D851u9EmsREhSG-DZ3EzQ
I Create the studio,ChIJVdyruA25EmsRcFpHzRGuwAE
Pearl Nails and Beauty Revesby,ChIJoUN3heW-EmsRv49pak_7YsY
Koan Lane Hair Studio,ChIJmXmWx0L_kGsRQ9Oq0uYFyrU
Studio Chelsea | Brows | tanning | skincare,ChIJ3fiSFbCjEmsRm0ucIevtPkQ
Essenza Skin and Beauty,ChIJibB8q_vxkGsRynslBB5VfuU
Benefit Cosmetics BrowBar,ChIJIQUTDwqhEmsRTEElme0zFHw
Beauty At The Towers,ChIJ5VKy16afEmsReMfY9yjoS84
Brow thread,ChIJH8GQoOqhEmsRSd1lr0ixCLo
Beauty on the Promenade,ChIJZ5kWfb8NnGsRqSikdlXwn8Y
Hairy Rumours,ChIJF4TZjUoMnGsRy2JX-ydtlME
Breannas Beauty Room,ChIJs6kmmqURnGsRBUrsnHvD_-U
mk skin+beauty,ChIJZ09tvCBVDWsRNXnTXoVKrI8
The Beauty Plan,ChIJYzcTpp2qEk0RcyzpdSb_HUc
La Pennys Salon,ChIJOczmzQirEmsRKOoJa3VCAD8
C A T H E R I N E ' S Hair & Beauty,ChIJnWqDkoewEmsRZFTIj9rpCcU
Natural Bias Beauty Therapy,ChIJow5KdNLAEmsRB_KRYtzP54c
Catwalk Hair Salon,ChIJCe1qpXelEmsREnEC-93nCFs
IconiX Salon Thirlmere,ChIJHxwdU0VVEmsRTWIv9B-r1VY
Sage Hair & Beauty Co. Goulburn,ChIJs7bPXxyvFmsRbfp4N_tpIEM
Elite Body Contouring Hornsby,ChIJ86mkdSOnEmsRiYAuN60QB-4
First Aid Pro | First Aid Course Dandenong,ChIJCT-EUi0V1moRtXj0pmravSI
Altona Early Years Hub,ChIJ629M8Npj1moRTi4NyVIXHxg
Learning for Employment,ChIJ9xgjK8SJ1moRVLK3HSJ6n8s
GPC Education,ChIJ0RocqGGJ1moRTxGfg7tfur8
CS Education Point Cook,ChIJhfPQwNaJ1moRJBazPcc9x_s
Eureka Learning Network,ChIJzWr2qgtF0WoRvsnQ8oAybuo
CERT Training Ballarat,ChIJvT1AAUBF0WoRUk8GXJD67Xk
Highlands LLEN,ChIJx6ogL1ZE0WoRKo4-6AK7bBQ
Australian Education Union Victorian Branch,ChIJYzDqhfZE0WoR0paR9v1Icxw
FedUni Open Day Welcome Point,ChIJqZvtYfpE0WoR9xb_x109NPI
Child Care Course Ballarat - Micon Training - Online Child care Courses,ChIJf_nWuF1F0WoRtJG4LQYByMs
Ballarat & District Aboriginal Co-operative,ChIJ-eYTlFdE0WoRAztNxkH40Oc
ACE Learning Centre,ChIJRwNSkmlB1moRm2QhV9mfx1s
Seven Seasons Art,ChIJlfd5apRH1moRlnnS50JoasU
VEA,ChIJ7f1FYo1Z12oRRfhDILTCdt8
Aspire Early Education & Kindergarten Bendigo,ChIJvxzlOTRZ12oRqBwMcQhPVW4
Child Care Course Bendigo - Micon Training - Online Child care Courses,ChIJcRnGKp5Z12oRxgnEmIc9iMk
Bookish,ChIJBzx9UMFZ12oRU3rSyBHIeP4
Lynn's Learning | Berwick Maths and English Tuition Centre,ChIJ2T8TESsj1moRBBhXxP7j9mM
Hammond Institute,ChIJta5Tg1oa1moRhsgmz2A_Fs0
LILYDALE TUITION CENTRE,ChIJMzRGxVwu1moRFsNJGDwXY38
Beyond Youth,ChIJ27I3KGE71moRzKOflciD7N0
"Dr. Garth Grenache, Chiropractor and Tutor",ChIJHfBvWTA71moR-dnbyacluDo
Boronia Village Mural,ChIJ47OQ2L471moRLVpk4BZiCzA
"Early Education Program, an RIDBC service",ChIJX0-xgyNp1moRBqdvs9UuTOY
Colchester Reserve Sports Mural,ChIJaeskrz871moRcyndFt4PnAo
Beetle and Snail Sculptures,ChIJC5mhJPs71moR4fP8DKk9ONE
Mini Maestros (Brighton),ChIJi4YAjqZp1moRtBUVETpUlyY
Ovulation Calculator Pty Ltd,ChIJZYHgwLNu1moRkV7VHihRBXo
Kumon Brunswick Education Centre,ChIJ_zELtcpc1moR-N213R9U4gI
Emma Grace Sustainable Craft Workshops,ChIJffoiL3RD1moRGfSaObtNVpI
Building 207 - RMIT University,ChIJ__-vvdlI1moR-FmzEKH3ANk
AUS/ACIC Melbourne,ChIJRRj8wm1F1moRCovnhBLnzUw
Building 215 - RMIT University,ChIJiy4hGNlI1moRqL1X_axdGxk
Magenta Safety Training,ChIJdXL0W_9J1moRyy0upYhAPgw
Building 210 (Geoffrey P Hayes Building) - RMIT University,ChIJxXtu4-NJ1moRinNQQqNvC4s
Building 222 (Multi Level Car Park) - RMIT University,ChIJ80yrX79J1moRGoM9syIKkm0
"Austin Education VCE补习 - 澳升教育 - Boxhill Campus (VCE Tutoring, IB)",ChIJx2mcLrdA1moRB94Fr43R2NQ
Super Mindz Abacus,ChIJx37oNF1p1moRjX3JvAkhp60
Bido - Tiệm Sách Việt tại Úc,ChIJSU-dKMhB1moRwMNml8XtDfU
Ai English,ChIJx2Hy-H5B1moRGyTct3-CBjU
Mi-tec Medical Publishing — Patient Education for Informed Consent,ChIJ3TmIJQBB1moRN8sfKphUIjQ
Glen Education Brady Road Kindergarten,ChIJxWBxM-xr1moRSDRQO4Cps_A
"Astrologer Devanand - Best Indian Astrologer in Melbourne, Love Spell, Psychic, Palm Reader, Spiritual Healer.",ChIJuzMsCIFp1moRSdufM2bXd14
Alexium,ChIJq6pqYe1u1moRt5E0YDfhgWY
1SDO Training Pty Ltd RTO 41558,ChIJHRreGOFr1moRSJ6acNIgYKo
Buckets Early Learning Centre,ChIJI0B3zt9r1moR26GM-WGRlrg
Reading Bees Bentleigh,ChIJpSpKn7Jr1moR8vkc-HIWt4Y
Study Direct Global,ChIJ97FmQjUV1moRN10bldKAo-g
ILS Learning,ChIJcehWhXRr1moRWGGCqT8smf4
Monash IRT,ChIJHUEOtmJr1moRaMTlZDLGHvI
St John Ambulance Warehouse,ChIJfQyda75r1moR4a11NoucSyY
Traffic Control and Management Course Clayton,ChIJTTK-2GYV1moRCMrYHxyBFuo
Medicines Manufacturing Innovation Centre - MMIC Clayton,ChIJ40ivwPUV1moRTk_wpOImXZo
Evoke Early Learning,ChIJvb7Ds0Rr1moRQvuFnxSii9k
HumaniSE Lab,ChIJ77u8m_Zr1moRNRjU7wORmF4
Surena Foods PTY LTD | Melbo Icecream | Koohsar Kashk,ChIJYwZAlidF1moRAMdzI9wcrFE
AIET,ChIJv3VGUblc1moRGd7c26RTNWg
Centre for Higher Education Studies,ChIJY3EXiIpD1moR9RQA7CZ3o6g
VICSEG New Futures Craigieburn,ChIJSR5SmYZR1moRo6YVJthdnJo
Merri-bek Youth - Oxygen Youth Space,ChIJefirB8xE1moR1jGUFzK3Va4
Russell College,ChIJj2ZROTpR1moRtFeu6kwuLuY
Kip McGrath Craigieburn English and Maths Tutoring,ChIJ-3n5SBhS1moRy4hXCqqwSSo
Mathematics Pointt - Maths Tutor Victoria,ChIJg5Vh7iJR1moRnkHVzo2YTx4
Tracked Ai,ChIJe7KMzqdR1moRmGMrWr-Csw4
Child Care training Melbourne - KAL Training,ChIJ9Rw8ZE1D1moRwsUYt4a8o2k
Greenvale Primary School,ChIJqXB40hZR1moRmXT9CDdlSUQ
"CAQA Resources - Quality RTO Resources, BSB Resources, ICT Resources, FNS Resources, EAL Resources, SIT Resources, LLN kits",ChIJTec27PdR1moRNHCa5M6Pbiw
Keelonith Primary School,ChIJJaCnimJR1moRBJclXmbzyb8
AMET Education Melbourne,ChIJA9SLQMpC1moRNukGRT9Ri7U
Welcome to Melbourne Sign,ChIJRRcJIY1T1moRd01tjRwVomo
turningpoint Early Learning Centre,ChIJq6rqaHkP1moRWxaLiWyG5KY
Building G,ChIJwyC7R2IV1moR6T9AVoz8cmQ
RoshChem Education Centre - Cranbourne,ChIJbx8Y-zoP1moRTmrSDu1b_-E
Educentrio,ChIJxbK2axwP1moR9C7tn55kP7U
Zuloomi,ChIJKUa0pHcP1moR8wHZlSfxQC8
Xpert Driving School,ChIJJ9XsAcEP1moRGnHmSNPGiDI
Innovative,ChIJAQDQ4w4U1moRhymg99WoHmg
Your Study Choice Institute,ChIJ9SMg8QIV1moRGIL3UhsAdDs
"Family Link Service | Supervised Child & Family Contact Service | Melbourne, Victoria",ChIJfUVYFy4V1moR49WwU7ahXb0
Singh IELTS,ChIJk5AuLAUU1moRTH4FAc__SaM
Sellen,ChIJzefdCw8U1moR8h20TOiXWbA
All In 1 Driving School,ChIJb0qARkgT1moRijlCsPjapD4
Burnside Kindergarten,ChIJ026PrTz11moRLsH__Zg-nec
NQT Education - Burnside,ChIJHbOD9Dlf1moRGAyurFJzxJs
Cobblestone Green Park Family Day Care,ChIJLRemByH11moRCgcDvJEH8iM
Learning for Employment,ChIJq6raabKK1moRufpncXMXBDc
Heathmont East Preschool,ChIJS1HTtrs71moROkdPGG9NJ3c
Community Kids Cranbourne,ChIJXxethbgP1moRJlda0Bk55Dg
Sutherland North Public School,ChIJ24Up_UPHEmsR0GpCI7LZMiw
Strive Early Learning Centre Bankstown,ChIJyxunpwW8EmsRtLHIVSLIkr0
CodingPro Education,ChIJAV92lV2ZEmsRQBodtX9ROwQ
The Australian Hwa Rang Taekwondo Academy,ChIJYwz0GFC6EmsR1Wqg_kamwv0
Ruiz Property,ChIJj7ffYVVNFmsRJu69dlXh4Mg
Anshu Goel - Agents +,ChIJp6H_ljKL1moR-4wJdQYjGbc
FB Real Estate Group,ChIJM2962oWJ1moRIgnydXNBaqs
Unique & Co. Real Estate Group,ChIJLXzaYZmJ1moRFpclVayrbZk
Propworth,ChIJP0TBWw2J1moRkD9TCjr98kw
Infinity Real Estate Group Australia,ChIJ4cgVGGWJ1moRvZQdPo6BOrk
Eview Real Estate,ChIJE4vG1Nh01moRFS5kMtilchk
Zebra Property Management,ChIJBf8X1Nh01moRJVRU-GNyFko
Ray White Rural Townsville,ChIJYaR869741WsRb0dSaV1wyIg
Elders Real Estate townsville,ChIJzTcqTR761WsRe3yON0O6QLU
Honeycombes Property Group,ChIJ0VtMv9741WsReE4bhxlQ9Ho
Nxtgen Property,ChIJ-678OKH51WsRNKXxcDuPH3w
Urban Buyer,ChIJyTTEKoolwg0R6RY0nSci_Ug
Ellis Developments QLD,ChIJX4Rm7kP51WsREARgWdEZ2mQ
Reguson Property Group,ChIJGa4uuUj51WsRhkFVvF6BQTI
Connolly Suthers Lawyers,ChIJq9PrXdn41WsRGHrnCV7X_SQ
Holborn at Central,ChIJI2z5UyD51WsR-Hg15Tj1pX4
Sanctuary On Flinders,ChIJkYF-Jd_41WsRXT_6CtqS1n0
T1 Apartments,ChIJu7ck8tv41WsRNeDvcciw0cw
Property Returns - Quantity Surveyors & Tax Depreciation Specialists,ChIJ4VHWs1T51WsRfdIJtgawa5I
WT Partnership,ChIJN1Qmxh751WsReO5VwmsBmm8
KMD Real Estate,ChIJKX8SmlAFO6IRYMAnwt9_MeQ
Gold Class Century 21,ChIJyTM26OVFkWsR0Y1f0dusoLc
Harcourts Asset Springwood,ChIJn14I4VpDkWsRLD1K0KpwVU4
Knowledgebank 澳洲生活智庫,ChIJVWIDDYdDkWsRxB2UxTkdKR0
Harcourts Elite Group,ChIJ3Qi8golDkWsRZfBk41XI1vE
Chris Gilmour,ChIJQ2FEKWhGkWsRL2Rm5bkthQ8
Realty,ChIJp9dwaB9BkWsRkRdjajx-Zlo
AusPac,ChIJH5ApzPZDkWsR_00PLbS0s9A
Elders Real Estate,ChIJAQAAAAlakWsR-YHlPKdjqM0
Atlantic Real Estate,ChIJ48ngIr-0lmsRDXqGWAVpNDw
Enter House Realty,ChIJq6qua6NDkWsRiGOm6x8iJRU
Ray White Springfield & Springfield Lakes (Springfield Office),ChIJL1OxIyhKkWsRJ7_JHe7TSh0
STAGE Real Estate,ChIJD75G7B5KkWsRvM2sk9jmGw8
Crowne Real Estate,ChIJAQCwYq-0lmsRTjkrn9W09Pc
Crowne Real Estate,ChIJq6rG4XW0lmsRptIoAE3QI8I
Hayfield,ChIJ0V0AO3G1lmsRN5vVoBmhFhI
HY Realty Taigum,ChIJwwC5tpbjk2sRUYlYBWPJcSw
Ripley Valley by Satterley,ChIJyWElYoLKlmsRvYrKEMOrMvM
60 River Cove Residences,ChIJDcbrh3j7k2sRb_t6RkYvuw4
AWT Real Estate,ChIJVVUlCRJYkWsRElPBB5PrnsI
SP. Property Buyers,ChIJ___TKQyrEmsR6LOaOEKBcmo
Webb & Gleeson. Buyers Agency,ChIJO6j8UZGtEmsRFibVH4iY1mg
Rachael Day - Real Estate Agent,ChIJx0iYMCKkX48RR5gw6YgNUcs
Trevor Richardson - Real Estate Agent,ChIJIwruF_uvEmsRmljIzMrNsXE
Buyer Agents Sydney,ChIJs-XzoNitEmsRdc1pbQJ9lGU
Dunnet Properties,ChIJtejA8impEmsRxNARt5mjfww
Sydney Commercial Finance,ChIJv5bd1SOvEmsRm5MyhaSiiNY
"Presence Newcastle, Lake Macquarie, Central Coast & Hunter",ChIJzTWqyG4Uc2sR9bIwMm-94jY
Stone Real Estate Lake Macquarie,ChIJJef9r8AXc2sRu9g4nILgf2Q
Landlink,ChIJz_hi1noUc2sRC-CyfJTA46w
Reynolds Auctions,ChIJeYocCXsUc2sReHOENYuobkI
PRD Inner City,ChIJUd_xELAVc2sR_uQoKLZ0dCQ
Newcastle Property Video,ChIJJQWQxGQUc2sRq_REtua4-hs
Wisebuy Home Loans - Newcastle Mortgage Brokers,ChIJjRrELcEVc2sRRamcqVfvlWY
Newcastle Affordable Housing,ChIJESsafPQUc2sRUbgfSyVhYw4
Lands Advisory Services,ChIJV2AZvkIUc2sRZ_bZrymhZa0
Leader Capital Real Estate,ChIJwdVsYWlNFmsRISXZDshS4c4
Metropol,ChIJFUU_xkZNFmsR4lZ_011kkRA
Aussie Home Loans - Robert Mercieca,ChIJ9w5hXfpNFmsRTKksAIj_Pz0
Paull & Scollard Nutrien Ag Solutions | Albury,ChIJz4DRlyDhI2sRRjad0Htj-fs
PRO Trailer Hire,ChIJg9Kh819LFmsRTrWCKFqli1I
Bridgestone Select Tyre & Auto Five Dock,ChIJwZVpJlKlEmsRADZA9s2-8fI
Throttle Downunder,ChIJ3zsQB7zKcmsRaolE7Qfs61o
Johnson Bros Enterprise Marine,ChIJUcpI7-ZUDWsRs1QjjBskMXE
TJM 4X4 Equipped Tweed Heads,ChIJm6TTUbT_kGsRojH2wy9Txd4
Truck Hire Solutions,ChIJ3QGpiTj4kGsRROm-38lXzLQ
Brocks Trailer Hire,ChIJ5R8ET1TlEWsRcTC62GWtL_I
Lifline Easyhire,ChIJVYyI2BKYEmsRayg6uPl0W_0
T-Ranz Tyre & Auto,ChIJPzUAwHuZEmsRe10YB6igf5E
Boxer Trailer Hire @ Metro Petroleum Doonside,ChIJnVSZ-GWZEmsRhn6YBA0QGiI
Cartridge World Castle Hill & Ryde,ChIJl6zZyXShEmsR_gXh4oEyFc0
A One Caravan Repairs,ChIJJ2PGEN2CEmsRmHAcCq62dtQ
Xtreme Mobile Marine,ChIJh0je9k2pEmsRRGyiYVMnPTY
Sunco Logistics,ChIJVVUFozhMFmsRIMsIdMhzqbw
ROSE VALLEY FEEDERS,ChIJq6patDCen2sRsmThjAIK1j4
King Kong Trailers Sydney,ChIJM8rWkK2bEmsRQvEVOuFK_H8
Galvatech,ChIJDTqel7q-EmsR9ZaiWWfqHeE
Composite Direct,ChIJpdPO4VS7EmsRVY7DnCKGkl0
King Canvas,ChIJjaZieg6xEmsRvpwpVMosuus
Tradie Trailer King,ChIJBV3xLQ3wkGsRWkptG3UhVWY
Coffee Trailer King,ChIJkQAHvgvwkGsRr1Wrm7IKWJ4
Truckline: Truck & Trailer Parts – North American | Japanese | European,ChIJ8T3vqAzwkGsRb-Rm3JITwpQ
Trailer Transport Services,ChIJBV3xLQ3wkGsRbm90Bf8rgF8
Gary Arnold Water Supplies,ChIJT0Ap9i7skGsR0YHP3jQF-u0
Coates Hire,ChIJxw9debb_kGsRDtDZHFKxu8k
Thundercat Inflatables,ChIJC3CgpgEDkWsRO7BnkVcN-vA
Trailers2Go,ChIJrXqzymopc2sRP_mF4DVidyk
Ampd Bros Electric Bikes,ChIJyxhFgLcDkWsRNJL93oxLkqI
Red Rooster Lavington,ChIJ0e6_-BbgI2sRRPnwtoFeev4
Shuai Hu Chinese Restaurant,ChIJRx_t6Cqen2sRnKrwuBbgW60
Lawrences Furniture One Albury,ChIJn8ozLtjhI2sR3NPA654-y7s
Okami Japanese Restaurant,ChIJZw-L9WlZ12oRuOM99Y-IzEQ
Martin Timm's Farmgate Fresh Cut Meat,ChIJkyUTGDTkEWsRTL0_AlhfD8I
Ms Dumpling Castle Hill,ChIJZ6dsVP-hEmsRaMnQaOutoQo
Red Rooster Coffs Harbour Palm Centre,ChIJ0RTOucMNnGsR8yObztJcrHs
Maria's Italian Restaurant,ChIJ4XcrNbkNnGsR1wbHOTQDsUk
Okami Japanese Restaurant,ChIJvaiEf-FxD2sR2OvyevqNJco
Critter Busters,ChIJ8VNWa9mOEmsRhYnIHwFAouI
Pines Restaurant,ChIJT2B_isNFc2sR9rUj-udoTo4
Michel's Patisserie Pender Place,ChIJy14JtNZFc2sRAOw0QZEneiM
Archer Resort Family Bistro,ChIJJRHr9NiBFGsR4hJE1wcDj5E
Scampis Seafood Bar and Grill,ChIJm6QyEej-nWsRfzp9CD6XlPQ
Virk Supermarket Tamworth,ChIJzTskARmZCmsRCP3oPCfbW3E
Hastings Valley Vikings,ChIJmTASNsj4nWsRE3M6d1BkDeg
Bistro De Là North,ChIJnU2YzcyfCmsR4bODvC8tZ3w
Okami Japanese Restaurant,ChIJK-sz442ZGGsRyp8teIyq1PQ
Taco Bell Albion Park,ChIJP7OCJ7ETE2sRMRg8dF-cO10
P'Nut Sydney Olympic Park,ChIJmekgfrakEmsRsI1WLvIiMyY
Krispy Buns,ChIJX_KuMcv_kGsRzOaLh1sAvtM
Tweed Heads Jeep,ChIJaU3UoWn_kGsRWB4VGHA9eUA
7-Eleven,ChIJ3QEALACZEmsR0wORdRymaPw
SkinKandy Blacktown,ChIJMypuQi-ZEmsRX1gg3q6xfsg
EG Fuel Broken Hill,ChIJI3Y6jRas7moRuMzp8fzHmaI
Chā Bar Parramatta,ChIJPQuXyFqjEmsRoZhAt24JKXQ
Public Toilets Pitt Street,ChIJ96jonuCiEmsRm22vwroAzSw
Triple G Auctions,ChIJt_EcSnWvFmsRXQzr6aPLy8M
Southend Bar & Bistro,ChIJjfxuMfuzEmsRlFVu2lpdsZs
Scampis Seafood Bar and Grill,ChIJgzMI9KD_nWsRCWJ5pxFiQcs
Establishment Skin Clinic,ChIJ6TunErJ4c2sRpzO521dWTSU
Central Motel Nelson Bay - See Our Website Deals,ChIJM6fKa9qDc2sRPMZfjytyxuw
Dominic Litchfield Restaurant and Bar,ChIJ63bAbvufEmsRmcTevmqMmXw
Bonsan International Global Schloars Pty Ltd,ChIJOV3RiI-nEmsR8pPt0EcvXAY
stage2screen,ChIJ2z9biYWnEmsR1l8ZYsvOpN0
OneSchool Global NSW – Mount Victoria,ChIJJ5OOwQhzEmsR-P_uOJbeFkk
La Salle Academy,ChIJ-ZqsxssLEmsResbjlELfkPI
Kookaburra Kindergarten,ChIJ8Y7HSRFyEmsRigrbzmRSxig
Blue Mountains Grammar School - Valley Heights campus,ChIJUyo8tmF9EmsRFNtOSuNOlNc
Annie Burbank Piano Teacher,ChIJxcBo9hx9EmsR1mO8Db_aHLk
Hazelbrook Public School,ChIJDblJGe5kEmsRrNZyAJDSOBI
Hepworth Studios,ChIJVVUV8Y5kEmsRapVCmECThHE
Lawson Community Pre-school,ChIJd1JiTgVlEmsRt7J1NWZ2HHE
Oberon High School,ChIJSSwy0hsgEmsR3gNcUWOkR3I
Minarah College,ChIJ50QFrw6UEmsRzsd4KY42IAg
St Narsai Assyrian Christian College,ChIJN1NEMZmWEmsRtK7alKVaz6k
St Raphael’s Catholic School,ChIJQ4BSmqiNEGsRpmcGvwBa0jg
Purple Pear Education,ChIJxVaH__RPc2sRCsZx1tFeJco
Metford Public School,ChIJGbQVCdNFc2sRbK7NocwxJ5s
Tudoring Rosebery,ChIJq0Myr7uxEmsRV-vGcMHN3V8
"SDB Academy - Football & Futsal - NSW, QLD, WA",ChIJAb0VVgGxEmsRbzDDKYkNIGo
CCL SUCCESS - NAATI CCL考试培训网上课程,ChIJRUYXpuixEmsR2UP4KqODmiY
TENNIS 4 U,ChIJq6q6xHGxEmsRGjow7cAIBqI
NumberWorks'nWords Tutoring Bondi Junction,ChIJUa6D6vCtEmsREwkdVjXNJII
Fiona Education Eastgardens,ChIJzdWc0WSxEmsRFxCcG6SNBb0
Eileen O’Connor Catholic College,ChIJk6Q5lQywEmsRer5gbc39Ihc
Hawkeye Education,ChIJFxD7EmSwEmsR5cyFVz8u0JU
Learn with Luke,ChIJXTUh8rO7EmsRbp_rGvvTolw
AdiYoga,ChIJUwBODv6xEmsRwbuNhkGz79w
SDN Linthorpe St Newtown - Children's Education & Care Centre,ChIJJ7k2-jOwEmsRfuVPhdFRu8g
"Holy Trinity School, Inverell",ChIJE_nsi1H3oWsRTEJ6HKdyB4U
Skilled Driving Pty Ltd,ChIJZdg2_xi7EmsRFl1MFLwytv0
La dolce lingua italiana,ChIJF788M5CvEmsRw8EMjjCLAgo
HSC CoWorks Mosman,ChIJJ_QRVAOsEmsRHr9Ny1rZ4Bg
Nourish with Karina,ChIJSd9FYR2sEmsReCKApQX11PY
Aurora College,ChIJqd95zsalEmsR0FMB-X0Nmu4
Steven Teng Music Lessons,ChIJUbXl-QevEmsRiO-x14YOotM
DIAM (DIEGO IDARRAGA ACADEMY OF MUSIC),ChIJAQBE3y6vEmsRGqTTCE4dOY8
Miracle Maker Tutoring & Education Planning,ChIJhaDtBAulEmsRB9ltI8L4uRw
Casino Christian School,ChIJg0pO9gcJmmsR1mj8L8YSFWI
Learning Minds Tuition,ChIJ0ZovFzyvEmsRFxtIuYA599U
Tashman Driving School,ChIJu_EaaaSlEmsRqK5Aw9eAhbw
The Uniform Exchange,ChIJiRJeTX-oEmsRjjw7E3LsZf8
Roger's Driving School,ChIJxZq3JaGjEmsRPJGdKO37kFc
South Coast First Aid,ChIJEUsaOZaJFGsRZrhnnZndPAI
2EZ Driving Education,ChIJG4dg8jSjEmsR15UFpC_DvJo
Kip Mcgrath Education Centre Port Macquarie,ChIJ3fgAyGD_nWsRkXQNje2Nj2A
Meadow Music School,ChIJiUEMXiajEmsROnqdGHssVdk
Pre Uni College Schofields,ChIJx9PuLhufEmsRKxpPc6P4Jx0
Kip McGrath Raymond Terrace - English and Maths Tutoring,ChIJY0zyUqBpc2sRE-NetCw07yY
Rouse Hill Public School,ChIJG_S0Q7qfEmsRh6hqTczyYmg
Ironbark Ridge Public School,ChIJbV3QWZifEmsRfCg5sj2VJK0
Advantage Maths Tutoring,ChIJLc0Gm4mZEmsRWmVl2cq-jaY
1One Tutoring,ChIJmxzTiV-fEmsRCsQbqzsFsM0
Malek Fahd Beaumont Hills,ChIJMRemo5ufEmsRUQNwTKiS614
"Children's Music Academy - Piano, Guitar, Violin and Singing Lessons Glenwood",ChIJEbK_ADWfEmsRw697-BqQklo
Prestige Driving School Rouse Hill,ChIJHddGf1OfEmsRv9xZQi7dsiI
Marie-Cecile's Music,ChIJ4_bs7VxJFmsRUp3S8FS_ihk
Imprint Driving School,ChIJnU-BM6mfEmsRgwDK3yTz0fo
KSB Heavy Vehicle Driver Training,ChIJ32bp4mrcm2sRRVT9b7hB4Z0
The Education Centre Grafton,ChIJNXt-wofdm2sRL-VHiXvqXfE
Private Tennis Coaching,ChIJ2Tj1gUOuEmsRKX0hfGCQMIQ
Oz Study Pty Ltd,ChIJqao6Fj-uEmsRUxk5uGM5yjs
Philip John,ChIJ1-h7xECuEmsRydpxqw9STTE
Australasian Training Academy,ChIJaSgoNT2uEmsRtECy901L6YA
Brooke Avenue Public School,ChIJ7Rp1P9bOcmsRKph7yycNKjI
Brisbania Public School,ChIJWV2pdOG0cmsRd10QfZItQJw
Blooming Beginnings,ChIJdy2xvC1NDWsRacYuj2wJMoQ
TutorTree,ChIJMdrU6S2nEmsRW5Yqw66TjiQ
Code O Botics,ChIJ8Tu2swqnEmsRNBAdvEq_svE
A Plus Learning Centre,ChIJVSvLMbmlEmsRCU1LcDjJJ_Q
Sydney Talent Company - Talent Agency,ChIJ77Tp0sGnEmsRfnXmKyI98UY
Royal driving school,ChIJiSr0sjenEmsRMGrRcrzNEgI
a.babak driving school,ChIJ-x34946nEmsRSzExx1c02Fk
Thai Language and Education Centre,ChIJvQJE4SKnEmsRDir7f7m0lc8
Art of Driving,ChIJ9TXW3x6hEmsRSPfLgB8UoT0
Mi Driver Training,ChIJE2BL1HOhEmsRuPDd5-0vUaE
St Pius X Catholic Parish Primary School,ChIJ6bMFrZgQE2sRRO3IIIG0IzU
Holy Spirit College Bellambi,ChIJ3-wV613U22sRvr1COtmMaEI
St John's Catholic Parish Primary School,ChIJnZLOObwRE2sRrURyYuexWrU
Calderwood Christian School,ChIJsRlT5W8NE2sRBuuESlx3oeQ
Bright Smiles Multisensory Learning Centre,ChIJ52AclI4QE2sRSViwpWJETyM
Talent 100 Burwood Learning Centre,ChIJXY57GdC6EmsRhHIBV0vdD8Y
Q&A Education,ChIJVVWVdty6EmsRcaQG0gNoVkw
Inner West Music College,ChIJ2ZgKc6-7EmsR4SU6tggLElY
IELTS Talbibi,ChIJM095MymxEmsRw-8Zsqlpc-s
Mathnasium Five Dock,ChIJ8Qlc7ka7EmsRzyax4COIVD8
Profectus Tutoring,ChIJu6I1L3u9EmsRgvQEgqQ8T2w
Pre-Uni New College | Head Office,ChIJ9xLFpyi7EmsRMhI4q7HDMcw
Time4Maths,ChIJN0eVLeW7EmsRb8lRhDJU_l4
Southside Montessori School,ChIJUZ7q38q-EmsRRIJFggFccpU
All Saints Grammar School - Secondary Campus,ChIJb4gQHzO6EmsR75UkGPylqUg
GX Education,ChIJaapiVRm9EmsRXPhT_wN7cxU
Kalibre Education | Tutoring & Coaching Centre,ChIJKVRikEy9EmsRyQ1AkDPA0SU
Sathya Sai College - Primary Campus,ChIJ71cMaQLwkGsRbPArvdQK0O0
Sathya Sai College - Secondary Campus,ChIJfdtbgDDlkGsRR0XLoQQuE_8
Currumbin State School,ChIJ5194eCMCkWsReVP7Nc3G8wk
TugunTuition,ChIJIaJEqZcDkWsRi3dqr2Pf6I8
Len Prince Driving Instruction,ChIJlbOSGzn_kGsRppiiu0jXu74
Twin Towns Driving School,ChIJeWy-ci7-kGsRwSqWTBwkHUw
Nurtured Creations | Illustration | Graphic Design | Workshops,ChIJR2ixsx7vkGsR3wgIAx6TWGY
Pendle Hill High School,ChIJgSLwxYSiEmsRXDfmhpwL7DY
Pendle Hill Public School,ChIJ4VWtgaCiEmsRvXTeJlJGp6A
2EZ driving School,ChIJt4_INFWZEmsRgTXtSUz1GOo
Fairfield West Public School,ChIJf9fR4kWWEmsReJDylF4J47E
Apple school of driving,ChIJm4rtpkCZEmsRVBqGzTM2vXU
LDrivingSchool,ChIJRWSZm0CZEmsRO82wfVAMa0A
LiveBetter Community Services,ChIJwWB41but7moRq7huvrXSFkk
Aquabliss Seven Hills,ChIJixsiYIGYEmsR1jCVW74kcPQ
Save My HSC,ChIJVTO0_0CuEmsRpmuQUqxwRaM
Sutherland Public School,ChIJtaub4EfHEmsR_5Bv8SHa2EA
"We, Future Leaders",ChIJHU5UiQLHEmsRr-YKT1ZIvQo
Diana Education,ChIJJyVEekS5EmsRLctdNXS9wjQ
Excite Safety Training,ChIJzzylDGrHEmsRtn8_KvaZu3k
Miss Bianca's Tutoring,ChIJD4lIRXDkEgkRjztJe9fYTEU
NumberWorks'nWords Tutoring Miranda,ChIJ0S_1gRoBe0gRjAWSyIzlDOA
Motorvator Driver Training,ChIJYy2f-EfHEmsR6wieKAn3GPQ
Fit Futures Swim School,ChIJadTWZprHEmsRthJ7IXHY1XY
Alpha One Coaching College,ChIJtw4JBiKlEmsRjoQrcx6WXnM
Tashman Driving School,ChIJmUYaCobHEmsR4wIWt3HuI7o
Motorvator Driver Training,ChIJ46BfrIfHEmsRFiBc6Xc9qxA
DANCE 4 FUN SYLVANIA,ChIJN3BChp-5EmsRRHyCnRzf_SY
Growth Academy: K-12 Maths & English Tutoring in Sydney,ChIJSXV34q6fEmsREheto7u9tnA
Kearns Public School,ChIJyRutQdDtEmsRBE7EBy0lqdw
Alpha Academy Eastwood,ChIJVVVFnDikEmsRoo6dqy-IAb0
Gd2go driving school,ChIJo-c1umWhEmsR-rvfOjH12Oo
Holy Spirit Primary School,ChIJg4mjbMM3c2sRmyaG3eygm08
Rosary Park Catholic School,ChIJe7sTGsNMc2sRBjiy9x-ERoU
Macksville Adventist School,ChIJn6TDYwIsnGsR1jS2j-NJ-88
Woolgoolga Public School,ChIJh7x9asn0m2sRy9r8w8B_8ko
Chords & Colours,ChIJj9fUn_IpnGsRtZpvcGBFKpU
Ballina Coast High School,ChIJK4WH6BmAkGsRp95j-rINNaQ
Valley Performing Arts Centre,ChIJF1VDOVUpnGsRdpGLNv5LyA4
St Patrick's Catholic Primary School Sutherland,ChIJS2XItZ7HEmsRNcf7kNPvxaQ
Right Choice Driving School,ChIJQ1vKcfC3EmsRio2i8uVcdGU
Lectric Driver Training,ChIJyYrwwC24EmsRPgzXCditr1g
The Coaching College,ChIJc4RmLQC6EmsRzUkexFQO7Gs
SDB Academy - Football & Futsal Development,ChIJqQiS58G5EmsR8fw_OVy9cAI
Bulli Public School,ChIJ7x4FDbQfE2sRj9CtJsWFkCo
Tangara School,ChIJldals8GjE2sR1YQYCIFCrK8
L2GO Driving School Rockdale,ChIJk91csii5EmsRAgOsbKi4nuk
Himalayan Driving School,ChIJM42gpqG7EmsRntyvZcMIrMY
Sacred Heart Primary School,ChIJbQmyr1-aEmsR2Z9hvKrU8-I
Bardia Public School,ChIJ1XHxSqDsEmsRxBNwX_JY9Lg
Menai Public School,ChIJySQUUo_AEmsR-DjB-KpEJoc
Sacred Heart Catholic Primary School,ChIJpQDFeb-9EmsRYBm7DC9saU4
Bangor Learning Centre,ChIJo34qDFa_EmsRDHCOp2DwZQ8
Holy Spirit Primary School,ChIJOf1wzxCQEmsRUbTJlkwQhb4
Our Lady of The Way Primary School,ChIJDfuaOKOIEmsRU5M23z43ik4
Atlas Academia,ChIJNfH49uKnEmsRqkymIBfaR98
The Pocket Public School,ChIJO17irMj0kGsRZTe-nXB6-wg
Swimz Guildford,ChIJw9qES_m9EmsRvH4Prb3jyJo
German Immersion Schmetterling,ChIJMdkeKziPEmsRB0-IZy8LiJM
Budawang School,ChIJ--dZidxQFGsRU-r4O9h2IeY
Swim For It,ChIJv3AYvfKlEmsREl5rClOmpxM
Foci Education | English Tutoring K–12,ChIJQX3t2TOVEmsRA1qx3AomMP0
Hill Top Public School,ChIJq7uxWlWvE2sRvCecVv5lLqs
99 Driving School,ChIJC_cnLYG9EmsRSvqkYs9sFf8
JEI Learning Centre Lidcombe,ChIJp12Kdue9EmsRbuJiRSUhcMI
Onroad Driving Education,ChIJJ8LO1-6lEmsR2f8UF0xHPLg
Caddens Music College,ChIJdc7ucSKPEmsRuY_y5W7YYtw
Gorokan High School,ChIJzcBWs6HQcmsRGtaPEEIY2LA
Mount St Joseph,ChIJMXRl-lu-EmsR7N1CvIMK76I
Wellington High School,ChIJfwODX8ioD2sRJLn3NuAL_qY
Penshurst Public School,ChIJz2eIJ3O5EmsROeJX69FW71I
Lisarow High School,ChIJP115qQfLcmsR-2sE6gd9MGQ
Morisset High School,ChIJ16JFJ10oc2sR2GFas8jDPrg
Parkes High School,ChIJk67xzje7GmsRfpdW-mM1uCs
Glendale Technology High School,ChIJH8zqS50-c2sRxUQiOaI3-9o
Young High School,ChIJ0768NAX8GWsR1V3wTvpIEQw
Tumut High School,ChIJ6y4OecYaGGsRhLEAFXT-cBs
Wee Waa High School,ChIJ6yl9w-UVp2sRmRrJbB74NFc
Next Education,ChIJjW1zqxO6EmsRd1I3IaE8oyQ
Tenterfield High School,ChIJY0TuuodNmGsRl44NaOF4728
Success Tutoring - Liverpool,ChIJFQMBHJiVEmsR3nG4-o34kNM
The Sydney High School Foundation,ChIJjyUDkeKxEmsRKCpnbGHd5dY
Vincentia High School,ChIJ71L7286IFGsRNXZPdCD7aWA
Alesco Secondary College (Raymond Terrace Campus),ChIJDSVqfbtpc2sRVj57nOey75s
"CS Education Pennant Hills (Selective Test, WRMT Courses, Maths/English Coaching)",ChIJ0wdbCR2nEmsRqacDk-RBfes
Erudite Tuition,ChIJlc8RUOijEmsRJTYbWMmVago
OneSchool Global NSW – Condobolin,ChIJtRD1JdZvG2sRRzdtTJIsxLY
Glitzy Glam Beauty Salon,ChIJXdUxygZbkWsR6YUPDjyF1ZE
LASH DELIGHT & BEAUTY,ChIJcUQCTI5YkWsR0qjTvOcgjxM
Elizabeth & Co,ChIJY_XKU-pQkWsRAK0L9YwkMeU
La Diva Nails,ChIJ9zk7hABRkWsRypWk9y7RqgQ
Claire Andrea Make-Up Artist,ChIJLcfNbrVZkWsRBJOA1_Y6HNs
Made. By Jessika,ChIJyYngZT1RkWsRn3yFsoXXnIw
Cherish Beauty,ChIJL_JM7WZRkWsR5mqSscXUAWw
The Healing Stone,ChIJB1huMrNQkWsR2r1I2-5b1fE
Hydra Time Spa Massage,ChIJuyPlnI1ZkWsRXfkGw4usoWI
HERA Wellness Studio,ChIJrx44nHhZkWsRd_26QFDuKqs
atama,ChIJTaYl7_ZZkWsRDe_pUg0pPD4
Central Thai Massage & Spa ( Brisbane City ),ChIJ52lqL7BbkWsRUpRRkLvlHbw
Knead Massage Brisbane,ChIJE08FxARakWsR4bviBZKgQ_U
Royal Lotus Thai Day Spa,ChIJE92iXtxbkWsRiGiJIesgWwU
Wonderful Massage Skin & Spa,ChIJL-slZ3JRkWsRpnE62We323o
Soak Bathhouse,ChIJSZkLLXhRkWsRlhM9r0yKtTs
Le Spa Massage And Beauty Courses,ChIJPYLUvx9RkWsRDRfyMqgqkH8
Aesthetic Passion Clinic,ChIJfX7GmmZRkWsRukFM_XKw-YE
Eleventh Heaven™ Brisbane | Medical Aesthetics,ChIJ5xwFRpJZkWsR8RHmsAVW4l4
Aesthetics On Point,ChIJ9w3INGBbkWsR574qW1cFxng
Clinic 54,ChIJ00hPU9NZkWsRzD5nuhpdXyI
Dr Simone Campbell,ChIJFzxyLkizF2sRtT3L0tOEPRQ
Esthetique NY,ChIJa6aYIYZZkWsRl13E1MDzw-w
Spiral Logistics Pty Ltd,ChIJCcb8zLUT1moRniYJg8bQMZk
Logistics1,ChIJpW984iUS1moRuLRlr_Giw7k
Expert Logistics,ChIJRdF1VCsS1moRTAnbs3TIAMc
Monkat Logistics,ChIJq6o6BloR1moRN15BQqcZlaA
DG Transport & Logistics Pty Ltd,ChIJA8Ei9NYT1moRZN8DLJkoUco
Gold Tiger Logistics Solutions,ChIJEco0-xYR1moRnx9_MTTAJwI
FFA Logistics,ChIJofCDRLET1moR26Z3Jh1ecYk
ABBOTTS LOGISTICS,ChIJwcZyNXQR1moR0lD-h2mm708
Sargeant Transport,ChIJfR2OOHUR1moRNofaEETSdeY
Tri Logistics,ChIJi9i6ezYS1moRDtzBWqbbVdc
Pk Refrigerated Logistics & Services,ChIJjS4xvo4T1moRJiryOP1X9Bs
Willaton Transport,ChIJoVcvn2YT1moR7kgJq7nRbHQ
Spiral Transport Services Pty Ltd.,ChIJCcb8zLUT1moRBdDIS5zyiT0
Smarter Freight,ChIJD_B69boU1moRW_bjUy0Gwy4
Bulk Group,ChIJ507ONKgR1moRbZl-hXMdIiw
iCubic,ChIJAWV7SXYR1moRJUrUyFPI44U
Lineage,ChIJP-o4jE4T1moRLtk_XimqmfE
Wallara Logistics,ChIJ5Q-ICogT1moRiAclR1w3Oz8
Tomax Logistics Warehousing,ChIJDawkOmUT1moR2xpiZzYpo-M
Arora Transport Pty Ltd,ChIJmwxZBgYU1moR0GGM0kpF9QM
Bobbin Transport,ChIJDbh3Pn4R1moRaMfWa-m6OxQ
Amazon Hub Counter-Dandenong Plaza Lotto,ChIJhwWudlUV1moRsOaqq5bfO-4
Atlantis MoveSmart,ChIJV-whAUsR1moRkudoF3lkpYU
Calibre Logistics,ChIJ__2JpgAT1moRf3UJPx7xZ4I
Warehousing Fulfilment Distribution Solutions Pty Ltd.,ChIJqRrts1wR1moRngY4jPtpD4Q
Freezer Transport Equipment,ChIJDZp9tdkT1moRNTWU1hU25TQ
Camerons Logistics,ChIJ_6TztIw71moR53hpuWF1Cks
Auto Frigo Transport Refrigeration Servicing Center Dandenong,ChIJcTr1PHAT1moRQCexZQctvEA
Dumpling Chef Head Office,ChIJLxaybDUT1moRH0wQNkNIyYo
Anchor Packaging,ChIJbZGyTJUT1moRSurCtZElEO4
Avimarine (Australia) Pty Ltd,ChIJHe3G8qUR1moRlEeJRqLIZh8
Chase Products,ChIJAQDQJmoU1moRdqz0MF0Wu8Q
Neon Party - Custom LED Neon Signs & Lights Australia,ChIJE6ux84gT1moRKsdJMDh9IvA
Data Response Logistics,ChIJO3kNYQxt1moR42esw-HlLnY
iFREIGHT,ChIJNaWGBRJt1moRxEoNnjnJrCY
Thomas Logistics,ChIJkyTBoR9t1moRcIDgWt1yK2I
Consolidated Freight Solutions,ChIJ510ADh1t1moRgNRwKKUg9Ck
Simon National Carriers - Melbourne,ChIJjSpTaiBt1moR5BPWK65kQkU
Race Couriers Australia,ChIJ3eHcFhNr1moR-aRoz85ETSM
AirWarehouse,ChIJd4oyrQdt1moRw7qUEDrqc34
Race Group Pty ltd,ChIJwewPoRht1moRGhYuc_FW-fQ
S J Towan Removals Packing & Storage,ChIJLRTX2HJt1moRQ8Y5isnGR0c
DHL Express Service Point Locker,ChIJT7DZrE1t1moRfLTE_ii1XnQ
Men That Move,ChIJ6eIzbi2pEmsRAC_8OZtFhdA
Australia Post - Braeside Bc,ChIJ8xSw6SFt1moRYrOCYiSLkOI
Jacomus Biryani Centre,ChIJ7UWoFsEV1moRhfuUwANU4V8
PappaRich Monash,ChIJO0nHoctq1moR610E36XekXM
Stockland B by Halcyon,ChIJn_vJ8vZ3k2sRUrXj7L7JxFw
Hibiscus Chancellor Park,ChIJv9bfrT6dk2sRjxDu4fGS4Cs
Allora Gardens,ChIJU0npfIx3k2sRnmSzaOZlqt8
The Avenue Maroochydore Retirement Community,ChIJi_QknYp2k2sRFoRRaTshfvQ
The Avenue Maroochydore Retirement Community Sales Suite,ChIJwzsHNGB2k2sRpOuDCw0O5YI
Greenwood Forest Glen,ChIJbyEdjbiDk2sRxh_6YTQKNkk
Currimundi Gardens Retirement Village,ChIJc1zHgaaek2sRra2eqpJ4R1A
Laurel Springs Retirement Village,ChIJtVocEOJ4k2sR7I6dDn8Rwjw
Blue Care Elandra Retirement Village,ChIJI9OfFBeek2sRKQEQVMIbX9A
Edgewater - Over 50s Lifestyle Community,ChIJDYmogxJ3k2sRxfp-HSJJjlc
Stockland Halcyon Parks,ChIJu7d7uh6ck2sRWUgDrUPG5FM
Sanctuary Park Retirement Village,ChIJC9GK3gV5k2sR4ntVQURxe8w
Regis Maroochydore,ChIJW1pz9k52k2sRwnLgFd_b6Mw
Vantage Pacific Paradise,ChIJgW8XNNt2k2sR0L1irvizV_g
Suncare Community Services,ChIJP_ICDWN2k2sRHCXZ6-2DEig
Stockland Halcyon Lakeside,ChIJU_j3mVN3k2sRAAO4dkTesyo
IRT Woodlands,ChIJBRLXwSeck2sRXGWvZthVX3Y
Vantage Maleny,ChIJ7580F2mHk2sRKHbATqjrLXU
synovumcare bellmere,ChIJwQGBAvvzk2sRspF4XErHaMs
"Compass Financial Solutions - Financial Adviser, Retirement, Investment, Wealth, Super, SMSF & Aged Care",ChIJvbrXmziZk2sRtI6MTX5GtoE
Oak Tree Retirement Village Pelican Waters,ChIJV6cRgBiZk2sRQkfSSFFevfU
Saint Mary's Aged Care,ChIJW5LdL4GZk2sR9OsUjuoBEZg
RetireInvest Caloundra,ChIJL2HzpUaZk2sRn4wgUvGBBJE
Coolum Beach Care Centre (Sundale),ChIJ-_mnjt9xk2sR7vaKbXWWP0g
Palmwoods Tropical Village,ChIJmZRc80eCk2sR0u7sZI7sKtw
Stockland Halcyon Landing,ChIJHeD-wz93k2sR8Wa0ifytlPg
Cooroy Garden Village,ChIJsVhXRAdjk2sRKtNHUT1-MhA
Retirement and Aged Care Expo,ChIJuTyF7nWbk2sREPLIZImnjo4
Twin Cedars - Over 50s Lifestyle Community,ChIJe5mHbDCMk2sR1NAabvegdoc
Hibiscus Nambour,ChIJp2Z9WeF4k2sRHsN8esyM7W8
Pearl Home Care Sunshine Coast,ChIJjeYJjmubk2sRyN6-BBJSg4g
Sundale,ChIJiUz-scN4k2sRM0jd_Cr8bPw
Mooloolah Gardens,ChIJ5bnAx2SEk2sRrPF92UZr5Y8
Ozcare Caroline Chisholm,ChIJXSvw80afk2sRoZ68eu-7KxA
Stockland Halcyon Nirimba,ChIJ0Q6Cx3Obk2sRIm1zKvXISww
Hibiscus Noosa Outlook,ChIJt2wHsOVpk2sRb2PTxsCDl4g
Nambour Gardens Care Community,ChIJnZzmAR15k2sRIUhuXE6D57g
New Farm Deli,ChIJ-x_xDSdakWsRYlte_xmLn1Q
Wholesale Car Market Canberra,ChIJrR2uOzdMFmsRgKRM1rJVi-M
Express 3D Printing Pty Ltd,ChIJM-1D_Cm7EmsRtugTBcjXCeA
Display One,ChIJ-VdEgHq8EmsRo81pMSeG8E0
Creative 3D Printing,ChIJH5VI49KoEmsREwHisk8MuMg
Fast Print Services,ChIJI1fYmcmxEmsRGAd50l9zHRc
3D Laser Scans,ChIJWbUjt4OxEmsRtlmFsGspbYo
Glade Graphics Pty Ltd,ChIJ34PmZlm8EmsRSelAfcc_cj0
Liter and Penny,ChIJ9xHLJwywEmsRo6AHcjJ8AF0
Platinum Signs - Custom Signage Experts,ChIJe0EdP8GrEmsRPcz4LRfJz-w
GeckoPrint,ChIJP7YqO6m9EmsR4h5dCjUsPlU
XYZ Media,ChIJPcZTQI2uEmsRp_sXwQwGfjQ
Wrappit,ChIJNcmFD6S7EmsR4K8cKKzjRWo
GoProto ANZ - Head Office,ChIJ8ZqYAzZC1moRzIV_9MphHiY
3d Printing Guy,ChIJgcCqOy9h1moR6sNaBe7YiXI
Accent Print + Signage (Accent Graphic Design P/L),ChIJHY4OEs0-1moReAjoXCJk_HM
Keir3D,ChIJ5WzK85FC1moR48ZePS5ISag
Absolute3D,ChIJU3V8HFlE1moRw6lexFYT3j8
Allied Australia,ChIJq6qqqrVC1moRvsOhNCsJAFo
Minuteman Press West Melbourne Spencer Print,ChIJqw2tmkhd1moR8JDc6YI9A4E
Benefit Cosmetics Brow Bar,ChIJDyFu-2KnEmsRjy6slF4pXlA
Freskin Beauty Clinic Macquarie,ChIJ1ZDUH16nEmsRgoGqIWpW8VQ
Sleepmac,ChIJVcZOvzynEmsRLE_EIQXZ7pY
Kinetic Sports Chiropractic,ChIJP5EH2YWnEmsRcIHRmuSJ5qI
Tqoon Australia,ChIJVURmYPGnEmsR-DnStF8E7L4
Marie-France Group Hair Salon,ChIJi6GSr1yuEmsRVdi6Xv11ymk
The Glow Lounge,ChIJm_iiq6KlEmsR_YbJrLQiLPk
Freedom Hair Artistry,ChIJ03J5o2rrEmsRr9cPKwSuI4c
LashesbyMey,ChIJP5qi2t-lEmsRMSFjKabIYVY
Professional Use,ChIJkTxe1wWmEmsR8OK9qinHfYY
Total Hair Indulgence,ChIJjSjZgOmoEmsRXsPa5SgpQCc
Lashkani Cosmetic Tattoo,ChIJ8SmnjFqlEmsRVAulUeScaRw
INBLOOM,ChIJ3al8sA2mEmsRlOLZq6LnPvY
Seed Blossom Pod,ChIJUdhJfe6jEmsRQcevLHO3GN8
Flower Merchants,ChIJiZ6VhgWjEmsRpY8FOebaU2A
Winston Hills Florist,ChIJ28QPkdyjEmsRzFEse4OYG8I
Camelia & Co.,ChIJQXWPepynEmsRJyP9rRvsxLc
grumpy flowers,ChIJFepVlmGfEmsRJf6LLIEniRU
Genesis Motors Australia,ChIJSV2CFQimEmsRJ46uB23Qvlo
Sensha,ChIJVVUFQQ6mEmsR2QOw0kC0IkM
Parkable,ChIJG-NKBuClEmsRaoIvRw0Qd8o
Parkable,ChIJl7ExwLWnEmsREkWC7cOFeIo
Accident Support Group,ChIJDzNcaM6lEmsR7oAx1iGUIQA
GoGet Van Hire & CarShare Pod,ChIJK7PgaiynEmsRVSjeuPGTsZw
GoGet CarShare Pod,ChIJLSxO1tinEmsRNJAPJhkWrNE
SturmBock Custom - Australia,ChIJ3emrlaSpEmsR3nbpxWm9PBo
Mercure Sydney Macquarie Park,ChIJpStFh0SnEmsRDq8forxEK8A
Inteliment Consulting,ChIJ8T2txeKlEmsRTsTTrRWnNs0
Konec Mobile,ChIJ_5zDVQ-mEmsRRtZyS1vPqKQ
Lane Cove National Park,ChIJH0okSr6nEmsRdOrA1Rel5f8
Pearson Avenue Car Park,ChIJXSReEYioEmsR-hlxrpOcUOw
Star Car Wash - Westfield Hornsby (Orange Level Car Park),ChIJVVhAgIOnEmsRjpktH5YgHZQ
10 Shelley Street Car Park,ChIJXbUBZUeuEmsRucls8YFs56o
Cinajus - Natural Stones Canberra,ChIJD1phrqtNFmsRyBFpfwkNPJk
Hanson Construction Materials,ChIJaZZopn_gI2sR4KT6ef5BG4s
"Baasar Stones Natural Stone Suppliers - Marble, Granite, Dolomite, Quartzite, Limestone and Travertine Slabs",ChIJ4UuuCeJP1moRKQmDKECSWL8
MAMO | Natural Stone Supplier Sydney,ChIJ8Uqa2XmxEmsRzLwB0TDIvSA
TCE Stone Australia,ChIJq014Pta7EmsRLrpMOz6_A0Q
Anterior XL,ChIJYU4tbWqxEmsRmwjjL9FiPFo
SK Pietra Natural Marble Supplier - Appointment Only Service,ChIJjYCPD4Vr1moRHKbpbqjnCXw
Attila's Natural Stone & Tiles Supplier,ChIJkw4CuB1Q1moRT1iVhcNjuoI
Tributary Projects,ChIJ0XPxHTdMFmsRqxGDmpeDfYE
fernhillgallery,ChIJe_d7CcWtF2sR4Kf23jhB_Ww
Art Buy,ChIJ9Xq8G5dB1moRD0rc8qHdrf0
Wollstonecraft,ChIJYVooUAhD1moR_KmZgZL2dVg
ZEPO GALLERY,ChIJ5V-RBCtB1moRMG8c0NPSjys
Whitehorse Artspace,ChIJwX4S1q9A1moRAvGc7hott9s
Viewco ACT Showroom - Via Appointment.,ChIJ8cRYYTFMFmsRJI-DwUAg-Uo
Australian Aluminium Council,ChIJo8NhX-1SFmsRiFPi59f_d3k
PROJECT PERFORATION – BY NJM GROUP,ChIJMyQTsN9F1moRG5G_CZDIjMk
Knox Aluminium Windows & Doors,ChIJFSAC0mk91moRpOt2vPFvKXE
bUTE Trays and Accessories,ChIJoSE2O0Hi2WoReHVVEh7Nx4k
HLP Medical Supplies,ChIJw7_bf8JSFmsRaR4lVUM2rRI
Drake International - Recruitment Agency - Canberra,ChIJwbe1iWdNFmsRbLYdfnQBUPY
Australian Securities and Investments Commission,ChIJq4rH5UJNFmsR60aaR0XU57Q
Domino’s Pizza Cairns City,ChIJ57klH5BmeGkRn7JnU_it5O0
Trader Restaurant,ChIJ__8PhPdO1moRyvtiRpnWjjw
Okami Japanese Restaurant,ChIJkQ3NDRlP1moRrZ8B9z51sYY
Supreme Leader Wollert,ChIJvYAuArZN1moRskf5To4tMy4
Travelex,ChIJk4wP_GVNFmsR8yscblzCfEU
Frogatlas,ChIJyUKz2pG6EmsR2ijlHK2UvNE
Australian Exchange,ChIJcSr3J8S7EmsRkC3CqxtF3vE
United Exchange 1,ChIJvdKAbLG8EmsRHoT5cABBi2U
Zool Exchange,ChIJb57mfRi9EmsRpWZYOPZqzNI
ABAD EXCHANGE,ChIJuxU1x4u9EmsR-yIoIiblBys
Ali Exchange,ChIJmxHnFT6WEmsRjVXBrmMODhU
Naseem Exchange,ChIJqXxAkvm9EmsRo2mv57BPXr8
Red Rate Currency Exchange Auburn,ChIJY-iWkLG8EmsRfqbKioKnlbg
Western Union,ChIJd0flgPm9EmsRyCcTznKxyQw
Goldmate Foreign Exchange,ChIJEa38eLG8EmsRvTcuyNh6gl4
Anping Money Exchange 安平汇兑 - Eastwood Branch,ChIJo9BolrG8EmsRKMriSZ8OdmM
Western Union,ChIJUcEtpNW9EmsRcyRHNqhZx24
Western Union,ChIJ71TKupSnEmsRJUaD-HKb-jc
AAA Lucky Removal,ChIJO8FNBqG8EmsRkPx7mwG1v3g
WESTERN UNION,ChIJOU3v24W9EmsRg3PFXtOW5pM
MoneyGram,ChIJBy1RDX2_EmsR3DqeYGJtjiw
Money Plus Cash Loans Bankstown,ChIJ35uyjBq8EmsRCqZ2gfm7qZg
FinAdviser,ChIJaSS2XoyjEmsRCyjvOxu9lJE
Commonwealth Bank Castle Towers Castle Hill Branch,ChIJ_7FHpQ6hEmsRiRB4JK8GFKs
MoneyGram,ChIJNcB50CGZEmsRZrhm9pJgdWI
Western Union,ChIJ-RnM8Dq5EmsRM7a1Z4ou0Zg
Lotus Foreign Exchange - Hurstville Branch,ChIJ4_SFMb25EmsRxu9IuDjOAp8
Western Union,ChIJZXHplL-iE2sRSrJVzOK046c
MoneyGram,ChIJC1d116GjEmsR8ECsBhEe1iM
Western Union,ChIJ66zcxRVhC2sR0lsBSynUU3A
Travel Money Oz Kotara,ChIJd6hk2fwVc2sR0dzNnac42xA
MoneyGram,ChIJP9YZbfKjEmsRofjonEkATZE
iPay,ChIJwaN9shujEmsRCgP2EsC13e4
Easy Money Exchange,ChIJE6M7EJWjEmsRRueQiX_Obds
Western Union,ChIJJYwe-vAfE2sRY-fifAmEDxM
Coffs Container Return,ChIJU7aLlBsOnGsRFfAABeZPtdo
Better Price Cars,ChIJwwbA6s0NnGsRWFKXboPtl4c
Transfer Money To Sri Lanka,ChIJKfnR4ggU1moRyutFSAbkI9A
Wisemove Removal Services,ChIJjb4DQxaxEmsRtUvV7hlP_KA
St.George Branch Sutherland,ChIJybDehUjHEmsRlns7Ecr9R5Y
Sutherland Basketball Association Return and Earn Machine,ChIJfyX11lPHEmsRjbwv_SYdgHM
Western Union,ChIJq4HS42t9EmsReetELpioTwM
Western Union,ChIJc7schZgSE2sRIAXQRiLHhGo
Money Plus St Marys,ChIJlwfM_rGaEmsR48VDx8IlxbA
Western Union,ChIJW47AyzN4FmsRv7yIJ3pEGVQ
Nik Currency Exchange - صرافی نیک,ChIJfduGX5ivEmsRlRDhvzpcf4k
صرافی بلوچ | Baloch Money Exchange,ChIJ3RkyNpu9EmsRtldVoY-IkIQ
Orient Exchange Company Pty Ltd,ChIJ4XcPaC29EmsR3fsqBGcUDbw
MoneyGram,ChIJc43KeB-vH2sRBjmp1OtODDE
Western Union,ChIJD9HRrSevH2sRWbTBQmUcjb0
Travel Money Hornsby,ChIJRRqJL4SnEmsRnF0w9foo48U
Crown Currency Exchange (Westfield Liverpool),ChIJ4doYgUyVEmsR-HDmMgaHaiQ
Jalandoni and Company,ChIJVVWRjFGsEmsRKtPORo4N7Gc
Gold Line Removals,ChIJ_54TswSxEmsRzwr8so55EC4
CurrencyFair,ChIJawL1IioVc2sRcU2GmLRGtss
MeecoSales,ChIJq6qqqmUUc2sRsXzqi9_qoVU
Global Trade Money Exchange 環球匯兌 Newcastle,ChIJXcTYj4Y_c2sRE8sAqk_YIfA
Azand (Money Transfer),ChIJDYf0NcmjEmsRFgXo3lgHm0A
"Money Chase 万通国际 留学换汇, 移民换汇, 投资换汇",ChIJcfbDjNOoEmsR-zqC5tnYmro
融侨速汇 Money Chain World Remittance Chatswood,ChIJLxPIPNSoEmsRFvn2v2DDbIw
Sarafi NeoEx - صرافی نیواکس,ChIJP2SEJe6pEmsRZ9ZTxSN3a0o
"Webtrade Sydney City/Barangaroo: foreign money exchange, currency exchange, money transfer",ChIJHf5y5TyuEmsRbyEPumATQRw
My Travel Expert,ChIJjxiy1BiAFGsRGR7uAz6rJio
Ophir Road Resource Recovery Centre,ChIJazfxmmPTEWsRip4S6SZCsoM
Apadana money exchange صرافی آپادانا سیدنی,ChIJ4aABl5ihEmsRzmCznZMpp4s
Global Trade Money Exchange 環球匯兌 Parramatta,ChIJFZ3OzE2jEmsR-xHeT5XaQW0
Easylink Transfer,ChIJ3xrcOTE-c2sRbZpXJXnDrGE
CHFP Wealth & Protection,ChIJG2Ixwd2Dc2sRIAH46nMyU9k
Commonwealth Bank Salamander Bay Branch,ChIJcVvXTkSCc2sRjqmM_NEQQIk
Westpac Branch Salamander Bay,ChIJBSZZEUCuEmsRRnqSNRzwKdY
People's Choice Credit Union - ATM,ChIJ02jGZIw9c2sRdfwHsO3PrZc
SpeedyMoney,ChIJs8ksnuexEmsRMHFAPxhpH-s
Mr Hugo Removals & Storage,ChIJVe2c9j6zEmsRxEddYDFjP64
Northern NSW Aboriginal Tenancy Advice & Advocacy Service Inc,ChIJOxok6A7cm2sRgcwtGaUkx38
City Exchange Mart Pty Ltd,ChIJN9nG3lSvEmsRV6LRwOmG3yA
昶通速汇 ACCAC Foreign Exchange Sydney,ChIJ26qDhMSxEmsRRt2NLvmlpUU
ROSECAP | صرافی رٌزکپ,ChIJZaAVnxZr1moRLZmweK7Vh6Q
SnapMoney Currency Exchange (Sydney),ChIJ2TwOujOvEmsRRXjmEl-qucY
Crown Currency Exchange (Stockland Piccadilly - Sydney),ChIJRXNnusSvEmsRPUtQP3-gZl0
Compass Global Markets,ChIJSe0h6jyuEmsR5vd5tLdCH4A
St.George ATM Taree,ChIJF858RC3IdWsRB_o-MEXUlXw
Embark-en,ChIJf5ykDkOF2IURM7IMxP55qgY
Hills Ryde2go,ChIJbWXAoyShEmsR1IJnrlXUg6I
Travelex - Currency Exchange Chermside,ChIJ1RSL6wtYkWsRc4_M5V_VWB8
Travelex - Currency Exchange Capalaba,ChIJc94k65JdkWsRxfmUnS-KYfg
Travel Money Oz Sunshine Plaza - Foreign Currency Exchange,ChIJU8J9wmB2k2sR--BvqwZW16U
Containers for Change - Bundaberg East (Operated by ABC Recycling),ChIJ5b9GYUS_62sRxJWCgs6fzaw
Active Skip Bins,ChIJJQKtHU-462sRmemRT6onfmc
Clarkestone Movers,ChIJOX2p576V62sR3_w_B9cCZ2w
Australia Post - Hervey Bay Post Shop,ChIJtwiIzDGA7GsRS79EnaAUvX0
PayMoto Money Transfer,ChIJBV-Aq4FmeGkRPwBOj62WiB0
Westpac Branch Caloundra,ChIJDbLDkTiZk2sRJ0UuYcdK4HU
Tranzquip Pty Ltd,ChIJSZ3KvdF0wmsRe07nWr89qxE
Westpac Branch,ChIJJ8jJCqV0wmsR33_CAIQwXgQ
Westpac Branch Kin Kora,ChIJtfes4KR0wmsRoMQFtLE2QoM
CB3 Global Payments,ChIJAQBwRkAFkWsRewem-vPmVUU
thrifty money,ChIJAQBwRkAFkWsRzBBM7WRqMC8
Travel Money Oz Robina - Foreign Currency Exchange,ChIJ6UqGmLYckWsRbtxTQH2tBU4
Travelex - Currency Exchange Robina,ChIJC1ayArQckWsR6mFofeYCamk
Travel Money Oz Loganholme - Foreign Currency Exchange,ChIJEfAFiSNCkWsRzYlYfJgJ0LQ
Andy's Auto Rentals,ChIJVVVVVQlEkWsRk2x5PNW_XqY
Hervey Bay Removals,ChIJwQJMdimA7GsRYhY2IBXaVeU
Travel Money Oz Hervey Bay - Foreign Currency Exchange,ChIJUXUf5gaB7GsRhqh7znYDiuI
Commonwealth Bank Rockhampton North Branch,ChIJdySAT7EBw2sRHIz36FT7E2c
Bendigo Bank ATM,ChIJBWBv7JgAw2sRXLrtIWSGQEg
The Capricornian Bank: North Rockhampton Branch,ChIJc6ZT45gAw2sRnccnIqy_Dxs
Move Bank,ChIJkakKCHGqw2sR9wH6yB7s8R0
NuGrow Rockhampton,ChIJG-P7D3Gpw2sRU9EjUXlu25Y
Chemist Warehouse Rockhampton,ChIJXzfSXZgAw2sRDNgIbc3ROOg
RemitAssure,ChIJ2bvgp5NRkWsRu4kRujYjaAA
Travel Money Oz Indooroopilly - Foreign Currency Exchange,ChIJI23O0FVQkWsRzNXJlN-CtsA
闪电汇付 Bolt Money Exchange Southport,ChIJX5Nv5WsPkWsRh1gfwbE3TEI
Global Trade Money Exchange 環球匯兌 Gold Coast,ChIJ5wQc-b0PkWsR73A0X4G7apA
Crown Currency Exchange (Sunnybank Plaza),ChIJVQpLjLJFkWsRKj-66PO8hzY
"长江换汇 Sunnybank, Changjiang Currency Exchage, Exchange Rate Today",ChIJgfBNzKtFkWsRGT_LpsOBIkY
Global Trade Money Exchange 环球汇兑 Brisbane,ChIJ4QCtNNJFkWsRmCJLH_sT5fs
Crown Currency Exchange (Grand Central Toowoomba),ChIJgQWknWlclmsRtOlAQBzeoyc
Containers for Change - South Toowoomba Bag Drop (partnering with Return-It and Lifeline),ChIJUyAmSdRdlmsRL7nxHT3G9Oo
Black & White Cabs,ChIJrfCHuXhblmsRV2evl9CRIhU
Siluet Removals,ChIJgdQFzp5nlmsRVtVCMK_6n5Y
Unimoni Adelaide Two,ChIJKZVxNtbOsGoRjODRGP-Mbp8
AusCey Exchange,ChIJq6q-lo3KsGoRt_vcuN7wp0s
American Cash Service,ChIJ___PgCjPsGoRGPjbVCpQtxM
Worldex,ChIJ40X2LNbOsGoRlfvHxcJ57g8
Supay 联通换汇－老字号换汇服务,ChIJp_uSnwPPsGoRVrmLgs5fJkM
Tarka,ChIJ645Lv5jOsGoRBiYcZfHDMSY
Crown Currency Exchange (King William St - Adelaide),ChIJvZ9EuADPsGoR613WVsmKjEg
HardBlock Bitcoin Exchange,ChIJJ_4fIBjJsGoRJi-6foXzO5g
Australia Post - St Agnes Post Shop,ChIJWfXzBqu0sGoRLxj4iDZ1wy4
Ria Money Transfer,ChIJw2NL2PWvsGoRiUkr-LqcnSU
Travel Money Oz Elizabeth - Foreign Currency Exchange,ChIJr-YlhI-tsGoRlTQypmUWVfI
Ria Money Transfer,ChIJB3HKk2zGsGoRlEYFBjpygp8
Money Pars,ChIJzdgsvTHJsGoRSPqf79T5c3k
Western Union,ChIJdQvMnTUhsWoRJkQsq00ltUQ
Sarafi Maleki |صرافی ملکی,ChIJ6bpDRALbsGoRak7DV6_agOY
Western Union,ChIJ0_lYW-ggeqoRhrnn2VFKPKQ
Cash Loan Money Centres,ChIJT_tO7jQzeqoRLk0KmqeDGZA
Cash Train,ChIJxfzTdlwzeqoRUIolaOWMWzc
Travelex - Currency Exchange Launceston,ChIJU17GnNumcKoRbbs486W3ZA4
Action Towing & Transport,ChIJNVGhHf40eqoROZ75yl6cER4
The Nutbank,ChIJ9dh5-6MveqoRyCasVCZ9HEo
eGuide,ChIJD0TPTNJPeqoR0mtXQmXBRpI
R Stephens Tasmanian Honey,ChIJb7T8EQBheqoREsvgGm8sbhE
Australia Post - Hagley LPO,ChIJJ5x4Ddd1eqoRbH6_1RnN75E
Cash Train,ChIJU63_3I2ncKoRmWAKTIlMsCs
GLOBAL TRADE,ChIJ16RRvdFD1moRkuZZG6In514
Bendigo Bank,ChIJyZlpa4xE0WoRHei1tIOLmRY
Bendigo Bank,ChIJK1I6DvdE0WoRQi2WFqRK3KU
CHS Broadbent - Ballarat Packing Facility,ChIJ14O0TL1D0WoRV90qztact9A
PME Pty Ltd,ChIJrbvBZv5G1moRtQv9uKK6hNg
AL TAIF FOR MONEY TRANSFER AND EXCHANGE,ChIJFw1jZU9D1moRJbSE9CmvLUM
Kaah Express Pty Ltd,ChIJo7k0u41d1moRS2EZ2w_ryhk
Crown Currency Exchange (Westfield Fountain Gate - Narre Warren),ChIJp4rLJeQX1moR3ymq1YDSt4s
Phoenix Money Transfer,ChIJ__-_hS0S1moRFo_vIq2Wp1Y
Currency Exchange Cranbourne,ChIJCfY0LbgP1moR2xjlaeMU5cw
"Webtrade Melbourne: Foreign Money Exchange, Currency Exchange, Money Transfer",ChIJ66QYoLpA1moRcUZISiMrwRk
Commonwealth Bank Berwick Branch,ChIJLwwTU48Z1moRy8F8X0x7X04
PayRu Remit,ChIJd2wvvVJN1moRWCbzrWOMOVY
KVB Global - Melbourne,ChIJLWsRLshC1moRPpF2SQMG10o
Sarafi NeoEx صرافی نیواکس,ChIJofuI_U1d1moRwPSZ8ED9kaU
E-Trans 易通换汇 墨尔本,ChIJp-STlrRC1moRRZsRED5zBRw
Ranfurly Strategic Limited,ChIJ33cLS9xo1moR9MvK_yzmu1E
Removalist Moorabbin,ChIJayJ52ohv1moR2TmV1RCQ2xU
Commonwealth Bank Elsternwick Branch,ChIJAx9UJQBp1moRaCtRMIwuwzI
Commonwealth Bank Brunswick Branch,ChIJ0YpuyUxD1moRZWaBgCPMzOU
Western Union,ChIJm7XzFMRJ1moRDWS7foqqNhA
Hai Ha Money Transfer Footscray,ChIJt3sBGpJd1moRlc_99YXF4E0
Global Forex (Melbourne)全球汇兑,ChIJ7Q3EtN9F1moRxb_tpisYf7M
Freechoice Tobacconist Westfield Plenty Valley,ChIJz0fLJ11J1moRCVbjnRRC9p0
Commonwealth Bank Burwood Village Branch,ChIJ6bFZ2UxA1moRuq2He9Z--No
Yak Pay,ChIJ___PNYRB1moRdEyrLU681-0
Monet de Fleur,ChIJ_2d-CR5B1moRm_7Gs0f6nlg
Mikes Carpets Flooring & Blinds Centre,ChIJtwGbOX5B1moRBBGtxa2LZtE
eMOVING (Now Nestii),ChIJhdpJ_VFs1moRskGS30GwQFM
People's Choice Credit Union -ATM,ChIJ1bRqmc5t1moRljM8mP2FtFI
Crown Currency Exchange (Sydney Rd - Coburg),ChIJs29co_5F1moR1dakouJu3CI
AusCey Trade,ChIJlZM6HKMd1moRF014I9_Wk4g
"万通国际墨尔本换汇公司 Money Chase(NO Cash Service) - 移民换汇, 投资换汇, 我们不提供现金服务，仅限转账谢谢",ChIJpSn9tNVD1moRdF1dqodDjDk
Karaoke Home Entertainment,ChIJZ3KSDa4Q1moRRnYlrkvfO-U
Send Money India,ChIJz5DmJZtf1moRlqvcleosWEo
Ariana Exchange Box Hill | صرافي آريانا,ChIJob-DS0VH1moR1fBD29x7cTg
Photo Booths Events Hire,ChIJQ1N2xas51moRbc-oy0G6PSA
Commonwealth Bank Epping Branch,ChIJrV_nG6BO1moRGHSEpnNhKYM
Stickeroo,ChIJxzJP7V481moRkERYa7gybzA
Travelex - Currency Exchange Frankston,ChIJsdDSM9p01moR2-VKNNz3ems
Western Union,ChIJu7lO0oUMKmsR0JLYZo0SEuA
Westpac Branch Karingal,ChIJ0etSahkL1moRQ2SpZ327piU
Eden Services Group,ChIJ0adtLHFD1moRhUEVrkGeI-4
Instant Global Payments,ChIJVVWFzkxd1moRc6WJHO6FETQ
Crown Currency Exchange (Pacific Werribee - Hoppers Crossing),ChIJIX1AsV-P1moRO6BuIbwjXtE
Cheap & Best Car Towing in Melbourne,ChIJ__8jYuSO1moRzHb10q0GgHs
Commonwealth Bank Yarra Glen Branch,ChIJST3ObTrT12oRWEk3VJLxNuE
Book Maxi Van,ChIJgfIeZsZr1moRn-IKvMD0Ih8
Kapruka Pty Ltd,ChIJ37OKevZd1moRyNkJg5jO0cU
Corpay,ChIJsSdU2MdC1moRiYYpezhZGJU
Commonwealth Bank Melton,ChIJeXX5MD7t1moRwsyhR6J-IMM
Labros Logistics,ChIJfbNA_FZL1moRtzGXnSnu8oE
Australia Post - Meeniyan LPO,ChIJvURI8o0lKmsR1NW2R51vWpk
Commonwealth Bank Warragul Branch,ChIJz26AwBsSKWsRBZSwO8bL38o
Melbourne Currency Exchange Mornington,ChIJAV3xq5DZ1WoRAJqxt3oTqxQ
Pianos Victoria with Lachlan Brown,ChIJQfbeROFE1moR3lEuRUdDJwo
Woolworths Team Bank,ChIJqxzvGKAV1moRGIil_NW3Yz8
Wax Obsession,ChIJARu-AswR1moRRBUXbXMZQ6k
DAHABSHIIL,ChIJfxLH7Y1d1moRYkRMkvjiEcw
Commonwealth Bank Point Cook Branch,ChIJrWuFmfSI1moRjlamGM91lZs
Oz Removalists,ChIJnRb0zNKH1moRPh5g9DhOup4
Commonwealth Bank Richmond Branch,ChIJk8hKR_FC1moRzAj_vhfyM3s
"Secure Parking - Como Centre, South Yarra Car Park",ChIJp27iYoNC1moRTq4gdqBkEfw
Loan Market Rowville,ChIJDTRJgbFC1moROUyy9r3obd4
People's Choice Credit Union - ATM,ChIJSX0SCsiG2GoRUo1FJcnKpgc
Cash Train,ChIJVVVB_ype1moRF7LmK5WAWMk
Commonwealth Bank Sunshine Branch,ChIJfUvNdixe1moRpQI4cnArBjI
Speedie Waste & Recycle,ChIJh1_iyqta1moR6tG-cobIZ68
Supercheap Auto Thomastown,ChIJZXYkSkJP1moRYqm8PNz4P9g
Bedggood's Transport,ChIJDajEaY8zL2sRx-ISjGQrK8M
BankWAW Wangaratta,ChIJI6wKDM3dJmsRbkeW6zVMZOs
Beechworth Gold,ChIJB6j9RHKxJmsRit5FgsBN52A
Australia Post - Devenish LPO,ChIJrRgVI4MVJ2sRzEuU_JmhzQs
Travel Money Oz Carousel - Foreign Currency Exchange,ChIJu-ZOLSy8MioRiQX0sH4jhjM
Not a Hamper,ChIJ48nNWBf5q2wRoKTidcSJ5js
J Forex Money Transfer,ChIJZSbgKE2_MioRSzAAh7VY5H4
Travel Money Oz Galleria WA - Foreign Currency Exchange,ChIJP2uAhX2wMioRvTjkCf4z7FE
Western Union,ChIJYaT73RalMioRppQl5nmypw4
Travelex - Currency Exchange Belmont,ChIJScUE-sa7MioReWmCHnDJiyw
Crown Currency Exchange (Westfield Carousel - Cannington),ChIJj0S3Wyy8MioR4jk2XMP6_1E
Containers for Change - East Bunbury (partnering with Return-It),ChIJkZp-3GYdLioRgADH3pcyl6Q
Helloworld Travel Bunbury,ChIJNR0LRGsdLioRFLvdQxlGE50
CTI Logistics Regional Freight - Bunbury,ChIJN86XG2_iMSoRmOpFleKKmtQ
Australia Post - Australind LPO,ChIJrySAP9n8MSoRV7Eg0xRHcRM
Gator Made4u,ChIJpQqTWcsdLioRCUP7i2IoTS0
Australia Post - Burekup LPO,ChIJBVt0gQHlMSoRoIfGTP8lKWg
Containers for Change - Busselton (partnering with Return-It),ChIJBQbohXs5LioR2DpmNzQDZ8I
"Elain Blinds - Blinds, Curtains, Plantation Shutters in Perth",ChIJebeg8pG9MioR4vNqTS2BZ0E
City Exchange Mart,ChIJt8s1aRy7MioRqjhiwYSILTE
Bitcoin Dealers Perth,ChIJqx99S8S7MioRnBAGLPDq0CI
Changjiang Currency Exchange,ChIJCReJwDa7MioRG8iHBD8UP-8
Corpay,ChIJ425KB9a6MioR-jb-Za0iKwQ
The Good Guys Rockingham,ChIJ2wxDka6cMioRriQHzbEayWo
Travelex - T1 International Arrivals,ChIJSxhgDBK5MioRPwPhAK0Froo
Crown Currency Exchange (Westfield - Booragoon),ChIJxSLC5xyjMioR9llx5BJD0F8
Lynwood Newsagency and Lotto,ChIJ4b4PuBS9MioRySWyi_l4DgU
Commonwealth Bank Gungahlin Branch,ChIJ1zvf8ppUFmsRfWCBq9huWEQ
UniBank,ChIJC8KPu2a0F2sRiPJICnFsEdw
Travel Money Oz Broadway - Foreign Currency Exchange,ChIJY01LoymuEmsRABv3btqfCu8
Tasman Foreign Exchange Pty Ltd,ChIJ2-RaLD-uEmsRz11IPt9wcr4
Orient Exchange,ChIJkWXxCoq9EmsRqMFqIof_t2I
Vantage,ChIJ11J6Gz-uEmsRI7Z86owHZDo
FOREX,ChIJg3IldmquEmsRlMeg2Qb42mk
BCR (Bacera Co. Pty Ltd),ChIJ-f_v6_KuEmsRrr-060DG95I
Xinying Foreign Exchange,ChIJCxYpho2vEmsRRwmLdnI835A
Learn To Trade,ChIJTWdTqfKuEmsRbXVKynkS7BY
Travelex ATM,ChIJs2W0AMixEmsRsvaNhWm0u7Q
BC Payments,ChIJleDE9mmuEmsR-12O_StbsMw
DTFX,ChIJsffs8wKwEmsRlLOyNPw86tk
Tagarela Intercâmbios,ChIJQ_EcAA6uEmsR89gdGQIM23o
Royal Financial Trading Pty Ltd,ChIJBfXs00OuEmsRsiB9rYeJOcc
Flooring FX,ChIJkxWpDwmxEmsRzyB1sZ-5Ejo
Creature NFX Workshop,ChIJZ6skiwKwEmsRI1kClttVwQg
Web Magnate Pty Ltd,ChIJmezytrO8EmsRRtbQLFHYncA
FXTRADING.com,ChIJN2Wv7iCvEmsRZMZ9Us1MxmI
Wallstreet Tours & Travels,ChIJq6pehhijEmsRgEivHfb-keE
FxPrimus Australia,ChIJo58SZo2lEmsRkkXhHFM518M
Commonwealth Bank Bankstown Central Branch,ChIJi2Yc3Bq8EmsRcMXRwSo1hXA
Everpay,ChIJ60NLAKO5EmsRwCJevO9b0M8
Crown Currency Exchange (Greenwood Plaza - North Sydney),ChIJg7N8wxGvEmsRBt-V7E3wUxU
Ultimate FX Markets,ChIJUQ6iqruVEmsRFeCGHAaIbwA
FX Factory,ChIJz_t1_RepEmsRILHWqbghFUg
Westpac ATM Bankstown Centro,ChIJ1UW0ZAW8EmsRj4GmtctF0oc
Westpac ATM Bankstown,ChIJZ1TFR7-9EmsRZYBNCYkguRQ
St.George ATM Bankstown 4,ChIJVU1acQ-8EmsRp8cnLtflFag
FX Business Solutions,ChIJWSu6hqmjEmsRU6ZFeyx6b4w
FX Engineering,ChIJb6wF-7q4EmsRCAY2RZrAS70
Freedom Travel,ChIJR3K0JQC6EmsRGLkk8FYgboU
St.George Branch Campsie,ChIJpTipK5e7EmsRM84xGSEQTdQ
Commonwealth Bank 48 Martin Pl Sydney Branch,ChIJx65FIkCuEmsREWJ4epKtl2k
Commonwealth Bank Canley Heights Branch,ChIJxfrgHWyWEmsRgvpEcW3RniE
Intense Paint & Panel,ChIJ1zAMJsSVEmsReIcCRWirFgA
Travelex ATM,ChIJz3jPXhQBkWsR6MBmECrrzac
Crown Currency Exchange (The Pines Elanora),ChIJiTCL3TsCkWsRUkRq8-O8Tp0
Commonwealth Bank Tweed Heads Branch,ChIJLxE3icf_kGsRBnPefqQdl14
Commonwealth Bank Tweed City Shopping Centre Branch,ChIJWyI2icf_kGsR6MkLrqOko9I
Travel Money Oz Helensvale Kiosk - Foreign Currency Exchange,ChIJlyl2VfoQkWsRo-oMsQZg15Y
Crown Currency Exchange,ChIJ3VyvQHIFkWsR74IxWBSYM-I
Crown Currency Exchange (Robina Town Centre),ChIJT10fiVgdkWsR1xWKGe5Zwac
Blushed Fx,ChIJh4MzOEQdkWsReN8bFdHBHtg
Commonwealth Bank Runaway Bay Branch,ChIJDQ4Q_CAOkWsRQAVycCQuef4
Summerland Bank,ChIJpQICrIWIkGsRdmv58kzVlT8
Commonwealth Bank Kyogle Branch,ChIJH7_CuISvkGsRfqFfTiGLCno
Cashkows,ChIJ54xjFRsUkWsRHdpjkWjrwRc
Stripe n' FX,ChIJ5YDMDP4PkWsRzvF1RGuqM5Q
DomainFX,ChIJcW8Az09AkWsRXMemHDBwZ4U
Commonwealth Bank Ballina Branch,ChIJIbTrrx6AkGsRS0CVfGcUFFM
Pool Fx,ChIJhWCF8EQdkWsR3i5zhqcZsDQ
W,ChIJ1UjaF8sFkWsRgi-0ZGCtC3k
Greater Bank Ballina,ChIJKYW30x6AkGsRinlWwFLKNZM
Australia Post - Billinudgel LPO,ChIJBzXOhN70kGsR_am6vcA40l0
Helloworld Travel Helensvale Plaza,ChIJM244mfwQkWsRkISx_4zI3G0
bcu bank ATM - Murwillumbah,ChIJKba3OxPxkGsRlUPPjBRFX_k
FX 2 Freedom,ChIJY7pcnYioEmsRnTmIbWhypNA
Commercial Group FX,ChIJUVVeNCmiEmsRr2vmeSsDVgU
BloomForex Chatswood,ChIJldEfFN-pEmsRkymDIMTx4J8
Commonwealth Bank Rouse Hill Branch,ChIJ5VKy16afEmsRUrikPrgpDRU
ANZ Rouse Hill Specialist Hub,ChIJfaZE4KafEmsRQTwiDG9aOik
Commonwealth Bank Gordon Branch,ChIJ-VOZk4ioEmsRhj7XdHtjqR4
"Webtrade Hurstville: foreign money exchange, currency exchange, money transfer",ChIJh0QEAqO5EmsR0t2EodL1ytY
ANZ Foreign Exchange Arrivals,ChIJO4pwGeuwEmsRFVrm14C_38U
BRIDGEX,ChIJs0XRexqxEmsReJ9lPu-_Ng8
Admirals,ChIJd9cNJUCuEmsRhg92NvQ4kEI
Seven Oaks Capital,ChIJ8YOECoavEmsRp5-crPEmqSs
St.George ATM Caringbah,ChIJL6_-C6zHEmsRaVHsqWRDXoE
Harvey Norman Caringbah Warehouse,ChIJdWN__t-5EmsRfqKka8vXz4E
UniBank,ChIJQfUDp0KjEmsRHv8pF3refzM
Oh!FX Australia,ChIJk7BvudmuEmsRo9S64Hq33CU
The Key Levels Group Pty Ltd,ChIJbXLu4NsNnGsR0Pk8HYrw6ZE
CBA ATM (Palms Centre City Centre Mall),ChIJy9fC09sNnGsRVtSH1tWi_p8
Commonwealth Bank Nambucca Heads Branch,ChIJ80EcEFglnGsRCOkNPJGNOw0
CBA ATM,ChIJa3KLYcr0m2sRpDULHcOfROw
Australia Post - Coramba LPO,ChIJ04pjvlUPnGsRvdgl1lTWP1s
Australia Post - Mylestom LPO,ChIJabvZj8MXnGsRkws78-Aa5o8
KX Pilates Alexandria,ChIJhd1P1vOxEmsRrS6Q0hsTINQ
Corporate Alliance FX (CAFX),ChIJ6V4VEq6pEmsRZGeJ86jAEno
JDR Securities,ChIJifHEKn2vEmsRtms5GvBt5wA
Sydney Scaffolding FX,ChIJ44nlaglVDWsRWeLLxwNLAbw
FXGlobal Solutions Pty Ltd.,ChIJ__8_DtOoEmsR4c8N8E6YJHw
Cape,ChIJh6dc2ECuEmsR_Sf0UschnQ8
Commonwealth Bank Balgowlah Branch,ChIJDdJj6rurEmsRqPzat0Uyt1Y
AxiCorp Financial Services Pty Ltd,ChIJ8ytajfKuEmsR6_zWqg7IlAM
FEX Global,ChIJH6OEhUGuEmsRkIJLIXCr8yo
Commonwealth Bank St Ives Branch,ChIJMbn9aBOoEmsRBSVZWsIK_Ac
Commonwealth Bank Mona Vale Branch,ChIJy34MhaJUDWsRDBNTevpASUs
Commonwealth Bank 200 George Street Branch,ChIJ29VTgmquEmsRVqqmd626mlY
Trend Investor Services,ChIJq6o6qNOoEmsRhAs-Ka5mrm0
Equip FX Pty Ltd,ChIJw9J1uDGvEmsRiWb24Ajy9zM
PsyQuation,ChIJLzf1NiKvEmsRF9CmFzlSXM0
Smart Trading Robots,ChIJP_45ITGvEmsRna8gSDS5fLw
Construction Effects,ChIJO0jU7iWvEmsRw6J6YYdpxUs
EBR,ChIJUcvOjNOoEmsR963LfQEBUSk
DAAD Information Centre Sydney,ChIJ9cRQmuOtEmsRTdzP_F4HhR8
Shriro Australia,ChIJf9TIXyq6EmsR5WNk3Sf1x5s
Make-up Effects Group,ChIJz9Umtl-xEmsRMuy0jF59Eh0
universalforex.ltd,ChIJvRL7qI6TEmsRDoK9ml950ik
Elevate HSC,ChIJIWHzDrqnEmsR4KMCKpbpG7s
Epilepsy Action Australia,ChIJxwdWQ4OmEmsReSEBy6s-9-0
Travel Money Oz Macarthur Square - Foreign Currency Exchange,ChIJKYoMSrLvEmsRjo6kaJOq7Hg
Crown Currency Exchange (Westfield - Mt Druitt),ChIJzbLorWabEmsRznVJSohNktQ
Cash Stop,ChIJXYjI7PSFEmsRzMulyM2Hg-o
Commonwealth Bank Penrith Branch,ChIJNfCS9fOFEmsRzUt2AhsXA5s
Commonwealth Bank Doonside Branch,ChIJC-IwXoKZEmsR3Mp6MvFPrRs
Commonwealth Bank Carnes Hill Branch,ChIJn7Hp83CTEmsR4NkmNRHzB2M
Commonwealth Bank St Marys Branch,ChIJlzvBcLGaEmsRo29a4mBxMJ4
GraphicFX – Design. Print. Signs.,ChIJq6r65IKFEmsRZIrL5FpJug4
Dib Wave - Investing Academy,ChIJWzezG4SVEmsRBFUwOI0fi4c
Commonwealth Bank Springwood Branch,ChIJqw6wwmt9EmsRIiX9O1mivxc
Not more,ChIJvY-li0CuEmsR43spLnU0Lss
Ray White Griffith,ChIJa19QpRWuH2sRRR5EUtAgxy4
Westpac ATM Hornsby East Side,ChIJw7UTeGenEmsRV-ZFmQg3HrU
CBA ATM (Branch),ChIJBynm4RNyEmsRBywcqHQvuh0
Commonwealth Bank Lithgow Branch,ChIJpX1N91oKEmsRVQ6vcMxJbX4
The chart trader,ChIJbb5QMFOVEmsRCSqouYLfY3E
Commonwealth Bank Windsor Branch,ChIJo-GeRGdiDWsRcvn_lRRb3MQ
Commonwealth Bank Camden Branch,ChIJo4-UJ8PwEmsRYWOUy8oUPF0
Australia Post - Lismore Post Shop,ChIJ8ZKKax-ekGsR0xUdlUkP024
Westpac ATM Liverpool,ChIJP65LoLiVEmsRDhL5vvS1hNk
MEX Markets,ChIJBU3v5D2uEmsRSj99ayeXEzU
INGOT Brokers,ChIJafAiI2quEmsRJs1w4nGtmww
JBH Partners Pty Ltd,ChIJraraOPWtEmsR9iICtWIXU3A
St.George ATM Maroubra Junction,ChIJ-1eEcNSzEmsRIEbM_PiH_78
PJFX,ChIJTdwX8nStEmsRKRTu-_pqJcE
CBA ATM (Marrickville Metro),ChIJoT-DrEWwEmsREJsgJKNUFMU
Westpac ATM Marrickville,ChIJb9gG_ceG2GoRiFwuyujt03w
Global Colours,ChIJa2Ugml2wEmsRYMMb_cyM1iU
Kore Trading Academy,ChIJXzzIsoNKDWsRqZHDUdKO-6U
Corpay,ChIJ3V8Xhz6uEmsRZ4C_EH3CGFs
26 Degrees Global Markets,ChIJ_9AgbkKuEmsRBIwx7_dQGak
Commonwealth Bank Double Bay Branch,ChIJwW-VheetEmsRe6O6f403XfA
Mint Payments Limited,ChIJW1Gghp6lEmsRLAFSjMdXeGM
Westpac ATM Mosman,ChIJDwSis1qtEmsRu6vgCoVn_Qg
Finalto (Australia) Pty Ltd,ChIJHZ-3wWmuEmsRWnfkee9Wu7E
St.George ATM Mosman,ChIJsbRZIAmtEmsREudKEcKabf4
The Industry Spread,ChIJx6gnmtS6EmsRO0CmzvnjyCM
Commonwealth Bank Newcastle Branch,ChIJoav_y2QUc2sR2EvyPjztM94
Commonwealth Bank Swansea Branch,ChIJdRQt4dgjc2sR6JfBvRs6Ogs
Beyond Bank,ChIJ2ZS-pS88c2sRGtl1USEU4Ns
Beyond Bank,ChIJLVFhX3wVc2sRKzEMyq8-rqo
Commonwealth Bank Charlestown Branch,ChIJi9ynbIs9c2sRYdWAlcEZDZw
CBA ATM (Newcastle Marketown),ChIJlVBEDEUUc2sR6bzc1BXr1eo
CBA ATM (Branch),ChIJ8651Ros9c2sRnVWgMI6dA_c
Teachers Mutual Bank,ChIJe9XrLa0Vc2sR5_XXxXyASLg
Photobooths Newcastle,ChIJX8sKlj09c2sRZA6fTqi09x0
Australia Post - Charlestown Post Shop,ChIJc4LqXYs9c2sREHlL95ugMWE
Australia Post - Gwandalan LPO,ChIJ_b1GDj8nc2sR22P9LqKnmVM
Commonwealth Bank Top Ryde City Branch,ChIJqZCDi6-lEmsR8HJLvBf7djY
JB Markets,ChIJp3GT00OuEmsRBuaM0RrQVbc
Anthony McDonough Photography,ChIJNzMHgAaBFGsR8D3eakNIkno
Commonwealth Bank Moss Vale Branch,ChIJxyWzOz-XE2sRySVTxcDILWM
Commonwealth Bank ATM,ChIJ4b1vC5SJFGsROGsLAzl5zcg
Laverty Pathology - Orange Square Medical Centre,ChIJe3pH_oAtEGsR3chafBWa2Y8
"Charles Sturt University, Port Macquarie Campus",ChIJfclfqi7_nWsRM9sjkTaHmo4
St.George ATM Randwick 1,ChIJGa5Ad4qzEmsRmqB-nfMwN50
Hampden Travel,ChIJvyFH2PGtEmsR02uol6P3cos
La Maison,ChIJq6qaeBqyEmsRE8cF9efYYVE
Hutcheon & Pearce (Tamworth),ChIJx1kPEhiZCmsRVaDgzCN5gA0
Aussie Outdoor Sheds & Patios,ChIJjbLqFdaYCmsRLScPsh4DXKQ
Commonwealth Bank Wauchope Branch,ChIJ0y7-OzP_dWsRtGv3Unlt6Yo
Commonwealth Bank Wagga Wagga Branch,ChIJ9--HTX6ZGGsRtdrGj_BIJQo
PSC Insurance Brokers (Wagga Wagga),ChIJ74mGsoaZGGsR2oOvUqN6YJ8
Mortgage Choice in Kellyville - Bianca Long,ChIJkQlFFjWfEmsRc4fbT9FGhPk
Goldmate Foreign Exchange - Brisbane（中联汇兑 - 布里斯班）,ChIJRc88JnVbkWsRKeqbtVClbQ0
Remox Taigum,ChIJ1VlXf-_ik2sRQkKVBnQZNDU
GMT Futures & FX,ChIJR8dTdhxakWsRW8OkH8Of8M8
Forex Courses -Aufxpro Trading . Use my 23 years of knowledge for your benefit.,ChIJD7Z-cpxZkWsROGIZp2baXkQ
Lush Brow Bar,ChIJR0ViTCK1lmsRRHES70T4ZIs
BT Trading Investment,ChIJCfrFZQNbkWsRr16lcSYLgRw
Fitness Fx,ChIJzzO0LQFRkWsRjSm4pDt6Zl4
Lewis FX PTY LTD,ChIJseQnW3NQkWsRuwbRIj5R8m4
Commonwealth Bank Moorooka Branch,ChIJSZ7TbaNakWsRUo9piTCflvU
Commonwealth Bank Fortitude Valley Branch,ChIJXaE0pfNZkWsRW3KHkHqva8U
Goldlink,ChIJ12JMy5ZZkWsRZBSz9sE8vnM
Commonwealth Bank Arana Hills Branch,ChIJiYIDyFFWkWsRm0ffbZn1uuU
Commonwealth Bank Kenmore Branch,ChIJTwAAAFBSkWsRdKMox5vi4ZQ
Commonwealth Bank Cannon Hill Branch,ChIJQ4N1iVBZkWsRNAY8rTdnRL0
Commonwealth Bank Browns Plains Branch,ChIJgaupwGpGkWsRPoY2KyHQyN8
Price f(x) APAC Pty Ltd.,ChIJCUuJiiFZkWsR-SaH_eIVZ1s
Aus X Change Victoria Point,ChIJ2abrRhFmkWsRN7QTUccSfz4
Heritage Bank ATM,ChIJV9JrmDvlk2sRxIbzyxOu_Lc
CogniLogicFX,ChIJwxbEtqdbkWsR7j8Dsip9l3Y
Aussie Working Capital,ChIJo1rdYMhPkWsRiULtrzEUnIY
The Prop Trading,ChIJK-4yiOlZkWsRqn7bt7_Mczg
Corpay,ChIJ84nmB6pbkWsR5hf0c7pHv90
CBA ATM,ChIJG6N3zolZkWsRPXDGfeBQlDM
Queen Street Mall,ChIJBQS2EgNakWsReib5Zhg_c5g
Traders International,ChIJuTegZft1k2sRH0kRTLyLnwc
TradeSetup,ChIJAQAAQKedk2sRMlh-jDL0Paw
Frohloff Financial Solutions,ChIJ126Ngoydk2sRCW015keUWCI
Cooinda Clinic,ChIJPYwfQRB2k2sRvksBZoRVcV0
MediaFX,ChIJywM1supnk2sRjgXHXGAGSGI
Commonwealth Bank Beerwah Branch,ChIJbYrrAW6Pk2sRIIYXcNTZPnU
Macadamias Australia,ChIJH3ZErWi862sRpI57TvubCkA
CatholicCare Bundaberg,ChIJubrnSEa562sROboAaaJZ7Aw
Commonwealth Bank Caboolture Branch,ChIJc3ligcbzk2sROLlU3LHz9X0
St.George,ChIJX7cLXO9jeGkRvycSaV5TTDw
Commonwealth Bank Earlville Branch,ChIJ7SP9fAlkeGkRtDvsbZWMPZQ
Handy Tow,ChIJuV-lPjtieGkRs0cEUIvGeAA
St.George ATM Cairns,ChIJBa5M7pFmeGkR-b-tOZiAGl8
Coinstash Crypto Exchange,ChIJ1Xfpc8hnkWsRePJjl4p1wmU
Learn To Trade Crypto Currencies,ChIJDRBCkBkBEm0RtPYT1TgxhuA
Australia Post,ChIJXeMdlRI6kWsRien29eEfQF4
Crypto Connect,ChIJrx-ukhZbkWsR3oQTdMA1uzA
Westpac ATM Inala Plaza,ChIJpWfuid1PkWsRGE2LwHs9IWg
RoToR Payoff Diagrams,ChIJD56V8AZGkWsRJ3HS0m8qvoc
Winkx FX Lashes,ChIJTy8mVw0TkWsRv4uhxZDiYBU
La Viso Clinics,ChIJK0eNyVIDkWsRGqGOu3nXhM0
Gold Coast Mobile Tans,ChIJtY5cr6oFkWsRlK6V6yk1kps
Jet Ski World,ChIJWbmLkaoRkWsRMWTADv6FGQs
Beautiful Brow Boutique,ChIJo1buD4gEkWsRjV_VWyM64ro
Commonwealth Bank Beenleigh Branch,ChIJwyNbQtNBkWsRMKtkMQyPECU
FX LASER Tattoo Removal,ChIJ_8w9W1PT22sR3QCjjfpdHZM
Commonwealth Bank Caneland Shoppingtown Mackay Branch,ChIJKdimBgrU22sRTEEmURYH9-Q
Wally's Book Exchange (Hervey Bay),ChIJ1YBc2jaA7GsRT-OmjLtBdLM
Commonwealth Bank Hervey Bay Branch,ChIJkxSnyyyA7GsR7jk7olrE3sA
NAB ATM,ChIJPwsGFTCA7GsRFtSKHvlgm9g
Westpac ATM Southport,ChIJo_EFRAYPkWsR6pfKuYroX4A
Travel on Capri,ChIJq6qqWhcFkWsR8J8pxNaag68
Commonwealth Bank Clifford Gardens Branch,ChIJm3reXm9blmsRJMQ3_BbFgVU
TFC Financial,ChIJafQTRWhclmsRNB5lxDg_za0
Toowoomba Cruise and Travel,ChIJV66IPG1clmsRGD4SFOX9w70
CBA ATM (K-mart Plaza Toowoomba - Shop 8),ChIJbWq8X5BblmsRjpI64sS6Xw0
Commonwealth Bank Aitkenvale Branch,ChIJx9noix_61WsRoNPT2LHyr3Q
TMGM - Forex | Indices | Metals | Shares,ChIJ_azEMc_PsGoRPd-SiWuQpIc
CENTRO TRADES,ChIJj3GzU9bOsGoRFK7W7yOt2Mg
BIT FINEX Ltd,ChIJ___PskjJsGoRaan-eaoIHuE
Painted Glass FX,ChIJA4WBCbDJsGoRvaHp87XTZ2g
KX Pilates Blackwood,ChIJ3Qixu_fRsGoRJ9zOcMdbVQQ
Swiftco trading,ChIJx1SYIfzPsGoRFAG0fgtPlKw
Commonwealth Bank Salisbury Branch,ChIJlf2MZdCzsGoRMugX7LCEjnc
Crown Currency Exchange (Westfield Marion - Oaklands Park),ChIJRQNzQUTbsGoRj4S-O7Zvd6s
People First Bank (Formerly People's Choice),ChIJq4_xBUSxsGoR4P9BVYGFOJk
F45 Training Norwood,ChIJUTAUF1rJsGoRUcRQiuKOPtE
CBA Branch (Murray Bridge),ChIJl_YD7VJzt2oRArYvV1dRXLY
People First Bank (Formerly People's Choice),ChIJFQc7eZd-u2oRIh5LFVyQYUc
Commonwealth Bank Hobart Branch,ChIJ332LS5t1bqoRETpm0p1yEAk
Goldten Currency Exchange Tas建德汇兑,ChIJ27198_nfbaoRPaEiPRG-oUc
Commonwealth Bank Sandy Bay Branch,ChIJaZHF_l_fbaoRRZCgsfZmsfk
Commonwealth Bank Howrah Branch,ChIJN00QGk3ebaoRKixZDKXfx_k
Westpac ATM Hobart,ChIJJxqaq4R1bqoRB7K6ubig0Qc
Commonwealth Bank Kingston Branch,ChIJYfo4FsXZbaoREFiGvTcjeMM
ANMF (Tasmanian Branch),ChIJ5yjnv92mcKoRhVMe8-23G6A
CBA ATM (University Of Tasmania),ChIJuym_oVDfbaoRrBvMmKn89bE
Commonwealth Bank Mowbray Branch,ChIJm4n_95mncKoRzvuojJnBJzs
Forex WorldWide,ChIJVVV5R8ZC1moRXhIR-7_5fwg
Goldmate Foreign Exchange - Melbourne (中联汇兑 - 墨尔本),ChIJAYG-2VxD1moRvapi29rgtnw
Forex Trading Signals,ChIJX9Y8Qq1C1moRN48eyIaEONs
TMGM - Forex | Indices | Metals | Shares,ChIJCdRtLK1d1moRN0b9ZjnKRZw
Fast Forex,ChIJN2Dre8lC1moRAjsqKPueYiU
PFG FOREX,ChIJtxq4dJdZ1moRNEjagRbD0Pc
Vantage,ChIJq6r6OMhC1moRHEy4QxK0L34
Commonwealth Bank Altona Branch,ChIJ385iwTFi1moRhsJJQRw6ui4
Commonwealth Bank Altona North Branch,ChIJbwgqZxlh1moRiwlK1NCIBP8
Commonwealth Bank,ChIJq-fDlEtd1moRx8U4LFGjGVQ
MUFG Bank (Melbourne Branch),ChIJhz6IIUxd1moRfrorszWazzw
CLSA Premium Australia Melbourne,ChIJX6xmfc1d1moRmkFEdKb0KEA
Commonwealth Bank 385 Bourke St Melbourne Branch,ChIJBXVyH7VC1moRzVC8Ni8JVX0
Commonwealth Bank Williamstown Branch,ChIJa0w4qelm1moRTXhvjF37Fao
Commonwealth Bank Prahran Branch,ChIJtapLfyVo1moR9XW3x5ZOpik
Fx Services Australia,ChIJ_1E8dXRP1moReIga6TXsqrE
Catalyst FX,ChIJ___zNOVC1moRYPnR3q1acbA
Commonwealth Bank Niddrie Branch,ChIJT4UKCwxc1moRnAoDqEkuIq0
JB ALPHA Ltd,ChIJexyyNcZC1moRCLD7GLHUHVc
Moorgate Consultants,ChIJ54h9E8Bn1moR8qNJUpzciio
Concrete Wednesday Post Production.,ChIJQRTNkPhn1moRUSljuyBYmnc
CBA ATM (Branch),ChIJ78fFWfNE0WoRGk4D6MqLgoM
Frank Ford Travel,ChIJ7fhbYYxE0WoRn8T5oxMZZdE
Jiacheng Group,ChIJZ12xXyFr1moR26BQ_7sTbj0
Boss Trading,ChIJ__9vFBVo1moRda_yWNRgHVQ
Commonwealth Bank Forest Hill Chase Branch,ChIJtSrlOzo_1moRBQtHy3gy3yc
Lux FX,ChIJZ20M6uZC1moRLkBhjVjLTJA
China One Group,ChIJb-STXUQ51moRkKqbLoo-2Tw
YBI FX - Truck Art & Signage,ChIJJd1Lro5Z12oRvRkNriTEntY
Bendigo Bank,ChIJiVqACUeA2WoRF3b2gUxI9A8
Great Forex,ChIJMyEb7uM_1moRdFCoLBaD1_8
Commonwealth Bank Oakleigh Branch,ChIJJT7B3Vhq1moR486_BNG_0s8
Commonwealth Bank Mentone Branch,ChIJzQNpPMxt1moRset4Tj2oTb0
500 CAPITAL PTY LIMITED,ChIJq6oe9Bxo1moR13FrlTfOFmM
Bulls & Bears Report,ChIJ401lm8Rp1moRS-KLQTMNVIM
Flamingoes consulting services,ChIJLeAXBEBo1moRwTKCTolx8Zc
CBA ATM (Branch),ChIJC4n_yExD1moRVRSCbNwPsd4
Compass Global Markets,ChIJy753B8lC1moRESXqxGUGXW0
Interfinanz Pty Ltd,ChIJAQB8OUtd1moRUdHdf3ej-H8
Intrinsic Financial Solutions Pty Ltd,ChIJL0WZkqhC1moRN3gUrArPBfI
CBA ATM (Branch),ChIJPWpX2UxA1moRjQbZh9gANFU
CBA ATM (Branch),ChIJac09xg9A1moRBr0zkxUOI8k
Wowfx,ChIJs8hnZRdz1moRnl1uoT8yVhQ
Commonwealth Bank Somerville Branch,ChIJBaocw0vg1WoRfsF1F5m11eo
Arab Bank Australia Ltd.,ChIJ6YvGKbRE1moR7sug3bOves0
Commonwealth Bank Gladstone Park Branch,ChIJI-Q7ii1a1moRWJZHeRyZ998
Commonwealth Bank Caroline Springs Branch,ChIJdbzrBB711moRn-Bax-DRMeE
Arab Bank Australia Limited,ChIJ6UtQoAgU1moR3Ln2hBzBG4U
Ultimate Money,ChIJqarqlohd1moRcQvjGKy3kW8
TaxiCash,ChIJsf9B7O1b1moRB3tB1xY3dQM
groupthink,ChIJjc5iAd5m1moRhGkWq2BgnZs
Jiacheng Group Giant Express,ChIJ36I9V78_1moRLKOCu4tUIek
Commonwealth Bank Essendon North Branch,ChIJRQrZnntc1moRglI-U6mtEDE
CBA ATM (Branch),ChIJk1ZOhIvF1WoRAAnjk6cpwAI
FX Evolution,ChIJzX5Wk1Rd1moRJ1dFw3wkqTQ
Commonwealth Bank Geelong West Branch,ChIJv3j6n6oW1GoRUyoSTzcmqjw
Gordon Gallery,ChIJ_YFqBQMU1GoR_Df0yisRYZc
Commonwealth Bank Corio Branch,ChIJzzAu8lkX1GoRw50qFSBDj_w
Randstad Geelong - Recruitment Agency,ChIJfSYGd1EV1GoR7u1OGSKIePE
Commonwealth Bank Ocean Grove Branch,ChIJ-6iiGq041GoRC65HfDEEiPQ
Commonwealth Bank Glen Waverley Branch,ChIJ6x3QPr8_1moRWO6385cdP3g
HXL Partners,ChIJVVV5R8ZC1moREe9QBci8jSQ
CBA ATM (Greensborough Plaza - Level 3 Near Shop 14),ChIJSyvJ6FpI1moRfYWSubxPZrs
Test Group Limited,ChIJDRfDnFBd1moR0qWTxYxUro8
Commonwealth Bank Pacific Werribee Branch,ChIJX3zqBVuP1moRMakILfDdSIU
Westpac ATM Kew,ChIJDeMBmCJD1moRsZVjXWdCuAM
Plantmark,ChIJtf9W7x0M1moRSbMr7pq9_XU
Genesis FX,ChIJa50TOLe31moRZvJfvbeT5CA
BitBest,ChIJE4V6FbZC1moRy7LeQBWJL1w
Precinct ATM Woodgrove,ChIJH33789fs1moRGLcsipzJIUY
Changjiang Currency Exchange,ChIJ2ekelnNB1moRa9oLH-6bHHQ
Data Scientific,ChIJ4YXQdk5d1moRdQey73ESxn8
Hot FX Photography & Custom Framing,ChIJhwDo5G4JKWsRd1u8O9Hkkrg
Commonwealth Bank Mornington Branch,ChIJh9JG4U_Z1WoR8paD26glFUY
Bad Workwear,ChIJ8XzVEFIX1moRhRrID_H9upw
"长江换汇 Glen Waverley , Changjiang Currency Exchage, Exchange Rate Today",ChIJodX8IXQ_1moR2I8iECtcuDM
Free Websites,ChIJK98dwmtp1moRmddoXSUiMpU
WEALTHYASIA MONEY EXCHANGE,ChIJCYDooMA_1moRpJ3XiaJyR-c
Westpac Branch The Glen,ChIJT5KTirs_1moRIu4Q4I2sA8k
Business Sales Victoria,ChIJs3l9cppy1moRDT_hdsIPTwE
Foreign Xchange - Melbourne,ChIJ-wh6u5xd1moR-LpqNK7_3Nw
Weremit,ChIJqx7fj-ld1moRLpPx48w1czg
Bullion Coins - Buy Gold & Silver in Melbourne,ChIJVS46dbdb1moRQ-y1PYLtLuE
ECINSW,ChIJrXNenJNn1moRvEv1dD1ihpY
Commonwealth Bank Footscray Branch,ChIJGY-KC5Jd1moRWkn_br-8JAE
Westpac CDM Roxburgh Park,ChIJb87UwdOxEmsRjrENBmf-5fA
Ainslie Wealth,ChIJy9UZ0nND1moRttxgRcwhZUk
CBA ATM (Branch),ChIJhXja3GZo1moR6PzSPnV76_0
Walbrook Wealth Management,ChIJq6pqbUpd1moRSz6iMGfNCDw
Printing With Purpose,ChIJcwJPmipD1moRIUTP-HVovEc
Commonwealth Bank Numurkah Branch,ChIJk0jLstCm2GoRCF_Y5rlitRM
Crown Currency Exchange (Midtown Melbourne),ChIJI49FUFJD1moRd0W0HbEzlYM
Unimoni Werribee,ChIJM4sWjO6P1moRdoeBlUVH23Y
WPRS,ChIJR3tyZ0VMzWoR9zfT6H-wDXQ
Ariston trades,ChIJmegpgX_hI2sRa7EGw8wXPkc
Travelex - Currency Exchange Karrinyup,ChIJS9m52sKuMioRD_-DzGJNpgI
atmx Armadale,ChIJGzKz92qTMioRJJf0GGEl4vA
FXOpen,ChIJa-mlGmquEmsRkMR6YHCZRNo
FX Services Australia,ChIJhahEe5O7MioRI1jzkPfznJg
Wealthy Asia Money Exchange,ChIJ9R5-poK7MioRBkFeWGZkrVg
Commonwealth Bank Ellenbrook Branch,ChIJHzy3iWq0MioRfmZHrwaspSs
Internships Perth International,ChIJH5Q3ZXS7MioRbC2u5iVxkUQ
SMATS Group Ascot,ChIJ6Te2AVK7MioRlqqLBM4Kpwo
Bankwest,ChIJvfzbamOrMioRClxIQpkMhJ4
Anytime Fitness,ChIJOwqjVT8dLioR90XduAIcrC0
CBA ATM (Branch),ChIJLaRGLnkdMioRgp2QzFZFp5M
Bayside Marine Geraldton,ChIJ72ob48xF2isRSEKU-q5_22s
Australia Post - North Dandalup LPO,ChIJo1JqxvRmMioRTvhu67_H7N4
Travelex ATM,ChIJVw1gstO5MioR17XceoM01Vs
HSBC Bank Perth,ChIJAQAAANe6MioR-JnQ2kj2S3U
Wealthy Asia,ChIJhZQNZGy7MioRidA5Eqx_FUk
Indigo Money,ChIJT8ZArJW6MioRQDTWWebewcc
Australia Post - Spearwood LPO,ChIJn6paGXWiMioR4bUtomMosiQ
Mortgage Choice South Central,ChIJoyGkUmW7MioRLuXNwRnOLbo
Acacia Park Early Learning Centre and Kindergarten,ChIJvaHKH7AL1moR6tnnhZOCj5M
"14 Alpina Street, Frankston North",ChIJqWmG8nIN1moRwZjR689tYKs
Mansfield's Propagation Nursery,ChIJFe5wWiwM1moRgYWX_pCRtJA
Little River,ChIJW88UnyKe1moRECj1CXZWBB0
Cire Mt Evelyn - Kindergraten and Childcare,ChIJFcFnWcEu1moRnJ5xmlvEifQ
Annabelle's Family Day Care,ChIJ3dw0bsMv1moRqGiKTQUmpjw
Daisy Family Day Care,ChIJO_2Gn3kv1moRUWPMsTbvfjY
Me For Kids Croydon Early Learning Centre,ChIJsdliA5o61moRikIyo3jh0K0
Guardian Childcare and Education Kilsyth,ChIJETN9aso71moRdSZFSEOXy_w
Grow with play,ChIJ80QcUn8v1moReYgbf-q6fY4
Cire Early Learning - Yarra Junction,ChIJablX2AbTKWsReYIJuGxmI2E
Mayfield Childcare,ChIJSUlMDvtp1moR8w7JNsF_7Rs
Monash Caulfield Child Care Centre,ChIJW_euOPNp1moRfdCvOU1NH_I
The Hive Ashburton Early Learning Centre,ChIJkb0f1BBB1moRFCPUHnB6DgY
Extend Australia OSHC @ Korowa AGS,ChIJodP33f1B1moR8LCIAbhzgsI
Explorers Early Learning Ashwood,ChIJ84HoggpB1moRqi_tf84Qn2s
Chabad Malvern Early Learning and Youth Centre,ChIJE7Jizz2du40RqHMxGsiUUho
Simple Necessities,ChIJ_wj0AQFD1moRZaQ934Pckf8
Virginia Park Child Care Centre & Kindergarten,ChIJs64-gsVr1moRMieLdoqwMgg
Childcare Management Systems,ChIJwWBTt6Fp1moRGYmPQRGZVEI
Hornbrook Children's Centre,ChIJy0vWXDBo1moRGffliHmCRw0
Modvisuals,ChIJR5bfeCNq1moRNGhaBCvSFpE
The Learning Sanctuary Gisborne,ChIJk4BclrHk1moRhB8Sg7BireU
"Aurora Early Education QV, Melbourne",ChIJH2xDaCBD1moRvrThWaHD2XU
Evoke Early Learning,ChIJA6dIaXxp1moRuc4hOzRYUcU
Astra Education Group,ChIJw-rts-pn1moRUYrPEGZoTxY
Beacon Street Children’s Centre - A Pinnacle ELC,ChIJz5Ls_Bw_1moRxiMPsE1xtxw
Bimbi Early Learning and Kindergarten,ChIJL5iUdPlb1moRV2eBfwqGcR4
TeamKids - OSHC,ChIJR5uatOZd1moRmcChP4yMFHg
Early Childhood Resource Hub,ChIJofgdvkxd1moRjkH7HrFxneg
Bubba Organics,ChIJb_E_7V5d1moRzcBEuL4h5BE
Kool Kidz Childcare Melton South,ChIJx378iF6T1moRJiFwPOqYiqs
Child Care Course Melton - Micon Training - Online Child care Courses,ChIJ8xI1v7dC1moRLjHX3wvJDgc
little birds elc,ChIJ1bknKXjt1moRXXkT6LEkB24
Bacchus Marsh Montessori Uniting Kindergarten,ChIJ9-FF-VGV1moRO1Dk927EPPs
Aspire Early Education & Kindergarten Thornhill Park,ChIJbXIF2bPz1moROHTDZS3opZ0
Australian Institute of Vocational Development - Sunshine North,ChIJC5GyVIpa1moRGVO9Gt1VCOc
Kidscape Tworivers,ChIJLfHrONgCw2oRjmkmsC54tW0
Generations Early Learning,ChIJZSnwNtMAw2oRQgiqVWD0NOk
Shine Bright Merbein Kindergarten,ChIJETnJUdUAw2oRYYxODyDPkMw
FPMMAC,ChIJEd5sWEgDw2oRiOxZCp6yYcM
Nursery Ridge Cricket Club,ChIJN-QffZ0Rw2oRcLc4_NV0OEo
Grimshaw St Early Learning Centre,ChIJX0QxNDlJ1moRU_FvLg75MJQ
Brightminds Early Learning,ChIJ4bXPFOZJ1moRIkHMGh5cPws
Jetty Road Childcare and Kindergarten,ChIJr0_8M6_J1WoRnDEw2QKIA_w
Tillerkite Preschool,ChIJLXRValrg1WoReQXJxspdwpM
St. Andrews Beach Kindergarten,ChIJdcuXXT211WoRPPhnml3MJkc
Monkey Minds,ChIJY2VjMrbF1WoRM2H-zbP_FLs
The Avenue Family Day Care,ChIJLRaPCW8b1moR4nrs2puRUb8
I Am Learning Childcare & ELC Cranbourne North,ChIJ6d6cd3Ab1moRplQ5W44NO6c
Vox Bandicoot,ChIJnYXIQh9D1moRj_ffzB9vMWo
Baby Sensory Thornbury,ChIJ825qkk5F1moRBK4mVB3-XYQ
OLA | Early Childhood Education,ChIJm04pXCs312oR2YuyrEeMkqc
Only About Children Highpoint,ChIJ69mXps5d1moRaXwpm_bUhr8
Baby Sensory Brunswick,ChIJcd_bYQpD1moRFZ5wrRVJXEg
fka Children's Services,ChIJ549RDZNC1moR-Zsi3sV8I24
LoopSafe Technology,ChIJiXPrWaZD1moRVRJ29uwGFus
Little Saints Early Learning Centre - Pakenham,ChIJ9zbpJQUe1moRT2mFc_fDQu8
Little Stars Early Learning & Kindergarten Pakenham,ChIJ51aUS7sf1moRpwfswwlknLU
Westernport Child Care Centre & Kindergarten,ChIJidRyX4D9KWsRzddW_UUTAlE
Imagine Childcare & Kindergarten Oakleigh South,ChIJVVXFQKdr1moRxFb95xX1Leg
Creative Hands Early Learning Centre,ChIJDbPPBDOJ1moRtqSFPIAGhak
Little Tinkers Family Day Care Scheme,ChIJU22pbl2H1moRgBawgb5SHdE
Tangerine Playschool,ChIJl7f7cJWJ1moRf4v9feDentE
Virtual Personal Management,ChIJFSMBbSqG1moRvOOMzIFitUc
Reading Bees Williams Landing,ChIJt_Rj04yI1moRabrvyvye2PE
Featherbrook Kindergarten,ChIJP9t-PZ2I1moRSM-N5yp0Ca4
Babynista Australia,ChIJa1BwdGaJ1moRcNjHwA6eko0
MAJOR RECRUITMENT,ChIJ1-VLC3KI1moRXNj7Y4Au3js
Advance Childcare Management,ChIJq6oOpTNE1moRsO6fxMFz7zk
Guardian Childcare Mentone West,ChIJRa4izMht1moRL4rFB7vTrEA
Watch Me Grow Early Learning Centre,ChIJp389xddF1moRroIsJW5yBQk
Olympic Village Preschool (Child and family Centre),ChIJx737CC5E1moRtwwlL5USRT8
Maryborough Avenue Kindergarten,ChIJB84TBvBF1moRQafLiS5M2Ow
Pavanto,ChIJrQpi0HhF1moREunGNZ38Gv8
Elske,ChIJdQTVumBF1moREXWT2RqoaL0
Guardian Childcare & Education Abbotsford,ChIJqVFme7xD1moRxmP1PUpxMB4
J'Adore Botanique,ChIJt35UdhlD1moRDX4vG6u7GCU
Sutherland House Nursery School,ChIJuQa3MXVC1moRQXNnTdB2QHw
The Plant Society South Yarra Outpost,ChIJyeMlGv9D1moR2aJsAcSf-OA
Botanicah South Yarra,ChIJzws3RrBD1moReqImXe4NpP8
Palm Plantations of Australia,ChIJU2gXC55C1moR-AjSa9YsHdU
One Tree Defence Childcare Unit Puckapunyal,ChIJvaKWy_aJ12oROWWEL7RfSZU
Sprint Capital Partners,ChIJv337cXxC1moR4vc9OBGAQ2c
Inspire Early Learning Journey Montessori Rowville,ChIJu-rjv5U91moRGbyP3Ztwejs
Rowville Kindergarten,ChIJY0aSXwMW1moRdTx8JJNU_sM
Time2Play Family Day Care Service Pty Ltd,ChIJZ0wDz6mF1moRuas_OLZB7b4
Sunshine Family Daycare Pty Ltd,ChIJYQ8beU9Q1moRLrmAdMuUEpU
Montessori Beginnings Greenvale,ChIJUZOF6jFR1moRdubkl3dSptc
Whiz Kidz Early Learning Centre & Preschool Wollert,ChIJSwxvd3BN1moRX6_kzSRyBNA
Family day care,ChIJ6zJ_dmFT1moRchS0lBoaPbA
Upfield Kindergarten,ChIJ8aB4eqJR1moRbk01Hx1L-fE
Rose's Family DayCare,ChIJ5-cRvgFf1moRYv0Al6YNg4A
Big Childcare National Head Office,ChIJDQAaNxNf1moRkOiOGuNWBLg
Community Kids Haven Early Learning Centre Ardeer,ChIJ-aSumvdf1moReJj9Yok-Xl0
Nido Early School Avondale Heights,ChIJeUK-KCRf1moRBIJUcd7_-58
Easy iCare,ChIJ9_Et6jdZ1moRhy91aueWCZg
Aaa,ChIJGWdNJvFo1moRv-mshkyEuYg
Prahran Community Learning Centre,ChIJwwm9siVo1moRiVoh2EpQfYM
Poets Grove Family & Children's Centre,ChIJxYB_u_Zo1moRAjyptXxOF4Q
South Yarra Preschool,ChIJ-_UStSho1moR5emZsyTY62E
ecpd team,ChIJt5E-5whp1moRuzRnhot9DQA
TeamKids - OSHC,ChIJIQQ7NjJp1moRgILQuqjk9kA
TCP Training,ChIJxfsrKnRp1moRxBu9p29HHeQ
St Kilda Steiner Kindergarten,ChIJAQBQIABp1moR6Zlj1ig_4Z8
"Steph Hodgins-May, Greens candidate for Macnamara",ChIJ56uZzz1p1moRKKi4mj1yOLY
One World Consulting,ChIJ09tcZ-5D1moRtHVP_P9cPhg
Cornerstone Family DayCare,ChIJhQPs1Z2D2GoRM3vVqIA6xLg
St Mel’s Kindergarten,ChIJDyquB8yD2GoReNfDqJ3U5II
Happy Sprouts Early Learning Childcare Craigieburn,ChIJk7_3UIRT1moRsF_k4SwEdCQ
Happy Hippo Childcare Annadale,ChIJMdXKnDlT1moRH3XXa0NmFk8
Macedon Early Learning Centre,ChIJKdEb3_ni1moRUFQsUxd9u3A
Wallaby Childcare Early Learning Centre,ChIJaTuWOOD01moRvN0YRrWqPTc
Love and Learning Family Daycare Services Pty Ltd,ChIJl4jRHTSJ1moRPnpHl6oe15o
Aspire Early Education & Kindergarten Truganina,ChIJr3wVmvOJ1moR_vGO4Eu0Irw
Olabisi Babysitting Service,ChIJmV1NOz2P1moR2FvsLLrFK5s
Spott Cleaning Services,ChIJBTiiQSVj1moR_-roFEzyYW8
Kidscape Ballarat,ChIJQa5fgqpd0WoR9cbYETCJiLI
Story House Early Learning Ballarat,ChIJn7KCYs5D0WoRqWCgG6ZG66s
Delacombe Childcare Centre | Journey Early Learning Ballarat,ChIJAVCqdQRd0WoRl_M17h6TXJU
Little Wonders ELC,ChIJ9XAmKo1b0WoRzZIU39ZKffo
Busy Bees at Alfredton,ChIJn2IuOQ5D0WoRIo3GBwVQQag
Enid Rogers Uniting Kindergarten Ballarat,ChIJwU-nQ3pE0WoRbVnS2wFq-ls
Alfredton Uniting Kindergarten,ChIJc-sM6m1D0WoRyECh3NwazBU
Kids Academy Early Learning Bulleen,ChIJ_dSpZZhH1moR7q8MBmQa0ME
Fintona Early Learning Centre,ChIJUTEM0RhB1moRUPRwY0dhc48
Cara Armstrong Kindergarten,ChIJu7W6sX5B1moR1BK6ouQL8yY
Shine Bright Flora Hill Kindergarten,ChIJtWu07Y9Z12oR-pNC1KOJPs0
Love Bug Kids,ChIJBcSFAPdZ12oRXyx7r66U7b8
Epsom Childcare Centre | Journey Early Learning,ChIJI50j72ni2WoRcA473uOuQYE
Shine Bright Neangar Kindergarten,ChIJL0nGWctX12oR2dWsBz66LnE
Arrabri Community House,ChIJzztFbyA71moRj65ua3iPxkQ
Kids Own Early Childhood Learning Centre,ChIJB-tvy5Q61moRKzzh3wzq0II
Cuddly Bear,ChIJj0nbXeY71moRwXFcG4ArZWQ
Ringwood Uniting Kindergarten,ChIJVYD13tY71moRVoLbI_Cknws
Bayswater North Primary School OSHClub,ChIJkS697d461moRrLqDdAripMY
Croydon Central Kindergarten,ChIJ_29WD5A61moRpnJR9JeGFNA
Knaith Road Reserve Dog Off Leash Area,ChIJ7XcFBVM71moRcFvrbh5X7Oo
Structured Ceilings & Partitions,ChIJVVUxuOc61moReneZJSIwxCk
Explorers Bentleigh,ChIJFVDy5ihp1moRlFImV31W4Wo
Inspire Early Learning Journey Montessori Bentleigh West,ChIJ36nfmCZp1moRAqtypOnvOX4
KingKids Early Learning Centre and Kindergarten Bentleigh,ChIJgS22FMBp1moRuZKdKCtMY-A
Roseberry House Early Learning Centre Bentleigh,ChIJsRsei0Zp1moRox2aDBaqDOQ
Niño Early Learning Adventures Elsternwick,ChIJLcV2RmJp1moRPB5UsoXoiBU
Buddies Jasper,ChIJpY6ZV1pp1moRZp0ScyL-PkI
Bentleigh West Kindergarten Inc.,ChIJH3J6M0pp1moRWU-UFNJu4Ro
Glen Education Caulfield South Kindergarten,ChIJkbSUVwlp1moRQlTFg5toLMc
Little Bits Essentials,ChIJa02alvhv1moRoodSc4y4ZDw
Princes Hill Kindergarten,ChIJr5lrqoND1moRcp48y07u_4w
Romper & Co,ChIJ7WyTD4BD1moRJf9fmIHYfjA
Happy Hippo Childcare Lovely Banks,ChIJW7YyGsgQ1GoRH9kpPsRDmlg
Nido Early School Rosanna,ChIJlSl7dVhH1moRheASU5rcs2c
Enlighten Early Learning,ChIJWzoGkDRH1moR2UrMdOqYoqM
Goodstart Early Learning Rosanna - Banyule Road,ChIJpd27MkZG1moRgGMyM7UVQTM
Busy Bees at Macleod,ChIJsUc3EjtG1moRNv8DMpSTsHQ
Little Stars Playgroup Camberwell,ChIJc7C_lv1B1moR6Umgroj_iw8
Mothers Love Family Day Care,ChIJ87SJC51A1moR_pcnDIyV55I
MEGT Hawthorn East,ChIJy0GA675B1moRPcEPWVJT0oU
Glen Education Murrumbeena Kindergarten,ChIJaSLIzktq1moRIMUEYibihLA
TeamKids - OSHC,ChIJeWbuzR5r1moR23ZrfFrvQDk
Kool Kidz Franchise,ChIJrS7Pellq1moRQpKkt9-7L2I
Mini Maestros (Bentleigh / Bentleigh East),ChIJ_0ewUpZr1moRhT-r8HzOSDI
Sparkways Early Learning Showgrounds,ChIJcWGQ8Kld1moRIcX27QTv8BA
Jack & Jill Kindergarten,ChIJLX_CGWlu1moRmF6rfEzr8bQ
Totally Cool Kids,ChIJ2zuILppu1moRwVE504_808c
Faemli,ChIJScAOpWRd1moR_eSOUMSbx4g
Bayside Vacation Care,ChIJp96wk0Nu1moRH9Z6xLV6Ogc
Tidy Tots - cleaning for the little people,ChIJ47-VxVlr1moR09QvXhr0y18
Germain Street Kindergarten,ChIJR3RPwPxq1moR-zpRqQNfH08
Unleashed Doggie Daycare & Spa,ChIJoyEpIR1s1moRp1DP8EvjwgU
Wallaby Childcare Wollert,ChIJs4vcPh5N1moR45zeaKkDaW8
AMIGA Montessori Wollert,ChIJZ6IhmwBN1moRxnKGF59Vzs8
Panda Kids and Baby,ChIJ5_nJxqRP1moRMJsQ9FlAm3s
Holy Cross Catholic Primary School,ChIJNd_aUC9T1moRv0EuaO9u9Rw
Kool Kidz Childcare Clyde North,ChIJLacypDIF1moRyZLcppildPA
Aspire Early Education & Kindergarten Clyde North,ChIJp7gzCscF1moR_F7OenjBIFI
Child's Play Dandenong South,ChIJieU8w2sR1moRVXwR3V5jbPE
Alpha Omega Early Education (Templestowe),ChIJyQGq94s51moRP7gL2D5sxFk
Templestowe Kids Early Learning Centre,ChIJh0uvkvNH1moRtXqLuRDH85k
Little Sunshine Family Day Care,ChIJM-H5zko51moRQh7IqF3z6kU
Twin Hills Preschool (Lower Templestowe),ChIJz-dC-qFH1moRdYTrwPOMz0k
Gloryland Early Learning Mitcham,ChIJ9QnkH1k51moRQhTzo0Gf5bM
CPR First Aid,ChIJVVUVeIQ41moRFcb6XMIh-Ow
Country Kidz Preschool,ChIJoa2w20n52GoRJGXOyjjg_iU
Happy Campers Family Day Care,ChIJ38_D8QI11moRdLKQ5BxUjj8
Murchison Kindergarten and Early Childhood Service,ChIJRUQ58khp2GoRPyew7OB23D8
Kirrip Kindergarten,ChIJ_35EHs5N1moRhDNz33LeFTs
Time2Play Family Day Care,ChIJAQDAbEpO1moRycI12VUcwFE
Pony Fair,ChIJjwjKdHVL1moRbqwKR6SI3Io
St Andrew's Anglican Kindergarten,ChIJExQomUNc1moRn9H2C8N59ro
Montessori Beginnings Maribyrnong,ChIJQd-f-tNd1moR6rI5xahNQk4
GT Cleaning Pty Ltd,ChIJTaliripd1moRfVvCAT6CCp0
Holloway Productions,ChIJiWbwV_Fc1moRwu7JQxWuEAQ
RB Studio,ChIJmSbe-S0SkWsRo8OgzP8CMCE
Grace Beauty and Threading,ChIJrYykaysQkWsRceoqsmoLpLM
Lilyrose Eyelash Extensions,ChIJZ4AjzF8bkWsR-GDVVyujP0I
Benefit Cosmetics Brow Bar,ChIJORkIQ9oFkWsR3cdIdDOEh_M
eli. Hair Salons - Q Super Centre,ChIJ49mcF7kEkWsRFTrhbnYWv8w
Miracle Design Nails and Beauty,ChIJIxIHYaYFkWsRCj78UqPb8LI
Salon Express Robina,ChIJr3qRQkcdkWsRh3UF3I7pjj4
Cryo Aesthetics,ChIJ__-_KCUFkWsRt-GhXnqLcHc
Soul Good Beauty,ChIJbc5vx7UDkWsRFUCUNAs9HKY
Skulpt Clinics - Pacific Fair - Fat Freezing & HIFU Experts,ChIJkbtcs9oFkWsRUTKZF9-l_uc
Jurlique Pacific Fair,ChIJ7alLHOEFkWsR3XBL5kYHuSM
Bush Skincare Gold Coast,ChIJ13aRLV0BkWsRJQD4uICpIkE
Priceline,ChIJOaTZWY0PkWsR000Qw176ItQ
L'OCCITANE EN PROVENCE,ChIJnQLyRvwEkWsR1-iWOxdeoI4
Byron Compounding Chemist,ChIJG7HZvCQFkWsRqKLE9JY-I0Q
ACPHARM,ChIJF_IJGfEEkWsRypTXYh5WsEc
Skin to Soul Clinic,ChIJEcMdy0cDkWsRmU6myyTQF_A
FaceBox - Cosmetic & Medical Tattooing,ChIJ4_MODEkbkWsR7sKUS3_Hr74
Below Zero Cryo,ChIJLRhAAQIFkWsRW8MZn86hSoc
Mia Bella Skin Boutique,ChIJjfjwKR6ek2sRGB05ZMV8fuU
BEAUTY HUB BIGTOP MAROOCHYDORE - Brows | Body Waxing | Eyelash Extension,ChIJT7mLzA53k2sRppmRLFxM5MU
Blink The Eyelash Expert,ChIJQe4UWGl1k2sRrvm6WLbrLHs
AVA LASH & BROW STUDIO,ChIJzRX9W5N3k2sRZahTKxTIGQ0
Monroe Sunshine Coast,ChIJRbN1G6N3k2sRFKrJ7W-mCs0
Cryoskin & Body,ChIJA1H3MbR3k2sRzdtSWhZoQVg
Luminous Nails Sunshine Coast,ChIJp5npy_R3k2sRMyXgqJ9tdAg
Savage Nail Salon,ChIJjTTjsjX1k2sRqjgm3REZaCc
The Brow Room Sunshine Coast,ChIJIaPtbl2bk2sRd1GhdzcekYY
Eumundi Beauty and Kinesiology,ChIJVVXJDcVkk2sRpieE0W-iXvI
Studio Cath Beauty,ChIJCwslnJHsf6ERc5Cs_yFj9F4
Our Space Sunshine Coast,ChIJGTh-_Px4k2sRgoZu2GjVrfE
Wen’ells Essentials,ChIJN3SHFnx2k2sRFE2v2nRaUeg
So Sol Skin & Body,ChIJv8J7Ywt2k2sRYpQumDNgx_c
Vivani Organic Beauty,ChIJwWKktelok2sR0L9qBktXNeo
Ripple Girls Weekend Massage Day Spa And Beauty,ChIJAQCs7Hdxk2sRAbkrxgpjnCk
Solace Massage & Natural Therapies,ChIJOcj6CuZxk2sR6NvIku8uhfE
Rejuvenate Mobile Massage,ChIJ1YsJH8mbk2sRKVQPzApNp38
CosDerm Skin Therapies,ChIJZ9HXnDiZk2sRe8iKwxsojyc
Primal Release Massage & Remedial Therapies,ChIJqwFbUhtpk2sRsfb9sH08ZrQ
Hicaps Deep Release Remedial Massage Therapy,ChIJdRiozn91k2sR6eO5Kje7Wto
Helan Mobile Massage,ChIJSxh31WuBk2sRc-0f9BYWrqU
Ripple Maleny Massage Day Spa And Beauty,ChIJ3zQJ9BOHk2sREdcmcAGi2uU
Acupuncture & Facial Rejuvenation,ChIJzWlmJpllk2sRwGH_x68aLjw
Your Serenity Beauty,ChIJ91_WW22jlGsRz_Kc1-853xc
GEM Skin,ChIJoadyEU5pk2sRAgvIGCfUWOo
SunCoast Skin,ChIJ_957Xq1xk2sRX_tW0k-MTXM
Peregian Skin Studio,ChIJt1AKftlvk2sR7gh3_1r5cUw
aliangé skincare,ChIJy3lDHGN2k2sRup20HII3TQg
Saya® Skincare,ChIJ40RcHcdok2sR1HFvrYuBzYk
Sunshine Coast Light Therapy,ChIJpyKmAPNjk2sRk7eBo9YLjKw
Sippy Downs Family Clinic,ChIJvznbiridk2sRlulg1oU4ky8
Australia HIFU,ChIJH3mdfYOek2sRxU8C_e4UsEI
The Rejuv Lab | | Non-surgical face and body clinic | NOOSA,ChIJceraANdpk2sRjmSW-lBRud4
Skin Cell Clinic,ChIJe9gTW3Bpk2sRTDzyiTlB2H4
Pure Face Co.,ChIJpXQPDpZ3k2sRNvVgznZLjoE
The Facialist Noosa,ChIJ05vS33tpk2sR06e4tx3zKDY
Injouthful Cosmetic Clinic,ChIJg_ywgjpvk2sRq5odOxQKvGo
Ninja Sushi Burrito - Allenstown,ChIJHY2v0wiqw2sR-kphY3nNABI
The Q Thai Cuisine(take away only),ChIJITbLgBirw2sRIUyG09wVvv4
The Good MIL,ChIJ1QBG4Z0Bw2sRfYU48EkSaEQ
D.M.A. Beauty & skin,ChIJ08XkrwqTMioReHKC4Q51aY0
BeJeweled Artistry,ChIJT02mBaaXMioR6MN2TWbk6yo
The Full Monty Beauty Salon,ChIJq6q6_d_sMioRVPvsPSEtoWA
J&CO Hair Studio,ChIJ208U1EkdLioRp38cjvlrsAM
Be Beautiful By Shannon Jade,ChIJwwa00GDjMSoRlzlsEebdUkA
"Body Firming, Beauty & Skin Clinic",ChIJl_n-UjYdLioROk-5IQJqJpE
Pure skin mind and body,ChIJ692nJqvjMSoRTmYBKmh2Tkg
Pure Artistry Hair and Makeup by Shenole,ChIJZ3ku8wxHLioRsJcW2AgdlD0
Ashly's Nailed It Nails,ChIJpWfM_amXMioRQaE7SMqOlHo
The Hair Hive Palmyra,ChIJof7G8jejMioRL60DbX1UojY
Vogue Boutique Hair,ChIJDdMpd3FF2isR7TrWzauTjNQ
Hair On The Edge,ChIJZ2qmT7aPMioRJOuoZOOcn7g
Upside Beauty,ChIJ3Q1u19qFMioRW39iL0Dw4to
Elle Beauty House,ChIJ5Zj03TKbMioRK6VQYatx0Wg
Blinc Blonde Hairdressing,ChIJ2Yml3cS6MioR8zlutOQi3tY
Amani Beauty,ChIJq6oumPyZMioR2yp0LooWXFI
Cosmetique® Mandurah,ChIJZ1axFnJ9MioRO7g5dfqgHo4
"You, Restored",ChIJt2Sj9iZ_MioRL0Vk2RMbRk0
atmx Greenfields Ampol,ChIJqZeDLfp7MioR7RFIvWRLhO8
SALON ALM,ChIJnwVSBZW6MioRXfWPa6RaLN8
The Hair Society Subiaco,ChIJy2V9vhalMioRYu7RgotZah4
Modern Techniques Hair Studio,ChIJ6Vzaptu6MioR5vJGfTmzp_M
Hair by Laura Birtles,ChIJ9ah6rDilMioRK7H01MZku2c
Hair Mart West Perth,ChIJMT6R1TClMioRC9rEP2-kVLQ
SWANK HAIR EXTENSIONS PERTH,ChIJHSj1TZK6MioR52AU0tWkPus
Ambyance Hair Art,ChIJg0pRdxalMioR5BifNz3q0fk
NJs Makeup Studio,ChIJe2hndvKHMioRsQfa5sv8pFw
Price Attack Carousel,ChIJhQ7d9Y-lMioRtfHh7qOyE9M
Maurice Meade Booragoon,ChIJI-XB0TyjMioROcx485BhKrA
Mane Hair Artistry,ChIJCzY7GUW9MioRDVvaGMWmxY0
Maurice Meade Subiaco,ChIJO-8buRalMioRHOly1L9kOYc
Samantha May Photography,ChIJ39Sqe6C9MioRFXnosVz8RHI
Cast Studio,ChIJzeev6yqiMioRUB3uPqr03iQ
Nail'd at Tiffany's,ChIJCzHmjRilMioR8P_Koss_xGM
Dr Devin Nugraha (Podiatrist),ChIJLQ2TtlKVMioR6SrgFZxlFjc
Perth Tans - North Perth,ChIJ1S15AdC6MioRPhLoYfqIJq0
Bay Body & Beauty,ChIJL0ZyEPh_MioRiIfpX87iyVs
Chorus Peel Central,ChIJg5K1is9-MioRGlqj9S5achM
Amana Living - Wearne House,ChIJn0YhSi15MioRKwGNYjzgI08
Harper Optical Optometrist,ChIJhVCl6_N5MioRRnXolIBtDW8
Perth Lash Extensions | West Perth Eyelash Salon,ChIJH2G_K8KlMioRbDu6zMnVEe8
Saron Beauty,ChIJWZ9-0XmlMioRz6g_HDua-hM
Shelley Lash & Brow,ChIJLWSNAk2xMioRB85HlbmWoVg
Benefit Cosmetics BrowBar,ChIJm-dTS9a6MioRinAYgooeKqQ
Beauty by Belle Organic Concept,ChIJD9Qeypu5MioRSnFd3Gxqk5o
A Touch of Brow,ChIJBwCQ_MO6MioRfI2Wx4GzDLs
Optimal Podiatry,ChIJK9-uHu2_MioRIul4IfUqVCk
tlb cannington,ChIJMwttKSm8MioRGwYLKf24PvE
Amway IBO,ChIJibgUUHm9MioR8jx6aaldUxY
Mister Morris,ChIJjayW8f_OsGoRvrQiWbN4kaI
Teeze Salon,ChIJw3tkYWHPsGoRGMAJhNNy-Pw
MCo Style Bar | Beauty Salon in Adelaide,ChIJZx3p30TPsGoRfh6KLGPwQLA
The Edit Salon,ChIJGcDCWFXOsGoRi9i4sppiXkY
AA Hair and Beauty Studio,ChIJO785tHbRsGoRo7lA7XUuoHE
Sassenach Hair Salon,ChIJheJTvRvHsGoRDq7Ydm9VlWs
InStyle.A Beauty & Hairsalon,ChIJvVkrHWfPsGoR54T8cO7nBoY
True Essence Beauty,ChIJN38eRefLsGoRBWLdEyn1q5Q
The Chapel Aldgate,ChIJSfK9igczt2oRtoXaNiM18-E
Lable Lash And Brow Co.,ChIJAQCwycA2t2oRUCCSvZiiQSo
Kessel Run Hair & Collectibles,ChIJO0V4KDXbsGoR5WBh-6X8-CI
Genuine Salon,ChIJewLJwUGtsGoRBdpTLhHYZD8
Morganite Studio,ChIJkZPXAmwjsWoRaCPv23LUHmA
The Beauty & Brow Parlour Colonnades 2,ChIJ3wmt5MImsWoR_z0ZUyXDf5U
Tommy Gun's Original Barbershop Marion,ChIJryBMsW7asGoRMoa56NdC13o
The Little Beauty Bar,ChIJywuGND1zt2oRSPGCP0cTnE8
Halo Glo - Adelaide Body Contouring,ChIJQ3_N2frJsGoRbwbg34xuqr4
SOYA’S NAIL & BEAUTY ADELAIDE,ChIJFepWCYtPkWsRUDcDkCjUc50
Denim Hair,ChIJXQKCmWbJsGoRL9oGRzfv91g
Catania Salon Professional,ChIJy1nhIl3JsGoRuo640O-yAXQ
Essential Beauty Franchising Australia,ChIJdwad1D_IsGoRcwza4EBpAHY
Refresh & Rejuvenate Skin Spa Beauty,ChIJC2qSqP6ysGoR2o_v8kKa3D4
Adore Makeovers,ChIJPzF8EUjLsGoRkcmP0i2lE9o
Bespoke Beauty & Makeup Services,ChIJEzYlDSfLsGoRIgajF5z3Ecc
LMN BEAUTY CO,ChIJs2fFC77bsGoRsVBQiddO1qg
Hutt Street Wellness Hub (formerly Norwood Day Spa),ChIJXQjXoVvJsGoRJKc-2WARysU
ANJALI BROWS & BEAUTY UNLEY,ChIJZUj2vGbPsGoR6lcwduA1Jk4
Firle Nails and Beauty,ChIJeR9AlSPLsGoRarr5YDL1LNo
Mani and Sol Reiki,ChIJs7O5LBQzt2oRFEyj_8IPflk
EVOLVED Beauty and Brow Services,ChIJ7dLIxK3JsGoRwLkupok271Q
Lashes by Samantha,ChIJ9aSNdUHJsGoR6qcL14oJn7A
Senator Karen Grogan,ChIJj7rY80HJsGoRrDmV43Vz_no
Illuminate You Tasmania,ChIJfTn6DTl1bqoRtXf2WnKPu44
Caj Hair & Beauty Studio,ChIJaR4VI-p0bqoRg4EhJAH1zD0
Zoa's Beauty,ChIJi4cbG3KncKoRU4w9lXPdGgw
Lulu Nail Spa Launceston,ChIJMTXsUaGncKoRoRm1xdjwjVI
Balance Foot Studio,ChIJMyLeaKSncKoRckapUlNfuG0
Bee Pretty Lash & Brow,ChIJk2uy_fN1bqoRmof_I1ndfb4
Liverpool nails,ChIJGdzm8Jx1bqoRibYYXfxmPy8
Hebe Beauty (Claremont Salon),ChIJp9peVK11bqoRD5lmoL6hAfw
Mimi Lash,ChIJQ8tdvuuuEmsRsP6bivBPjso
Amy Chan Hair and Makeup Artistry,ChIJ3bXt9UevEmsRYjAoLACemnM
Shamo Australia,ChIJ1ShWyosbaI4RLWjqNmlzUqo
Stellar Choice,ChIJX_icWAGvEmsRDk7YSaOKw90
Smile by Design - North Sydney,ChIJMzjqs_OuEmsRK8sO2KYDi7M
Vida Glow,ChIJAW8GNLaxEmsRzt2eanOHNMU
L'OCCITANE EN PROVENCE,ChIJVwJWp_SuEmsR6I7GVuM_a0Q
I Am Siam Thai Massage at North Sydney,ChIJx69MX-2uEmsR1h_MwP0GOgU
Sydney Psoriasis Skin Clinics - North Sydney,ChIJC0DXWfKuEmsR6kR-tB0zDzQ
Style Thai Remedial Massage,ChIJBduQIeiuEmsRN36XE11IyHw
Dentique Dental Solutions,ChIJbws-HvOuEmsR3I41vVHy_lk
Little Duck Mount St,ChIJO5V_FZ2vEmsRy5RSNoIJoHQ
Morati Sirhanis,ChIJuzYZri6vEmsRth7Nvn49GAg
intensive Hair & Beauty,ChIJ1a3J7jqvEmsRm7zrRmvMjWs
Amy Sheridan Hair,ChIJrRYRusOvEmsRkU_0_v0z5qY
Zemura Salon,ChIJMbKxdPOfEmsRVWyWzA0evjY
Artistic Hair By Riz,ChIJaXlaQwmvEmsRk8xdVnQb0r8
Smooth by Sophie,ChIJn2rDWruvEmsR8v42Qzjd-l8
Sydney Microblading,ChIJj9U_a0CvEmsRINhWStR89b0
Organic Hair Muse,ChIJkw2WoBm_EmsRYlNKdPyGx6s
Car Wash,ChIJC_0D-72uEmsRZukL6nT493g
Eco Steam Wash,ChIJszREeQ6vEmsRcCj1geYel7s
Inch-Care Car Detailing,ChIJ42NA6SavEmsRYT2r30q_SfU
Concierge Car Wash Broadway Shopping Centre,ChIJh-6nuSmuEmsRdFgh79Lr7L8
Shine on Car Wash,ChIJ1zk9mYmfEmsRESx5RZK-e4U
Clarendon Carwash & Dog Wash,ChIJow0O26JiDWsR0Gj_DdCEXd8
Ozicozi ProtectMyCar,ChIJZ5m6ryavEmsRxwCzBu0x00c
Concierge Car Wash - Lake Macquarie Square,ChIJbcnQcNc9c2sR_HBoJQtfW84
Ampol Foodary Neutral Bay,ChIJw1-m_L2uEmsR5TxyjPELLeI
La Petal,ChIJ8U2eqlavEmsR5TRI5hd910o
Floreat,ChIJ57_UJgyuEmsR7caZG__3Qic
The Daily Bunch,ChIJ1bInD7mxEmsRSo0rcAbJuHg
The Flower Manor - Sydney Olympic Park,ChIJ_TbmbN6lEmsRXwaC68i9uJw
Courland Automotive,ChIJwwOF24quEmsRIK11wX81YvQ
Sydney Mobile Mechanic,ChIJdWY6YTevEmsR-4rXhfhxHx0
VehicleID Australia Pty Ltd,ChIJpYD7_a6vEmsRw_6xtlWk5Gs
Sydney Dash cam & Reverse Camera Specialist,ChIJX67-QN6vEmsRWJpzry9yn5c
Auscorp Finance,ChIJ___vGeyuEmsRlRtuK35H6Ug
GoGet CarShare Pod,ChIJgXEq6O2uEmsRvG0fBVNovdw
"Wilson Parking - 213 Miller Street, North Sydney, NSW Car Park",ChIJOUPj-qGvEmsRLYllRqberdM
"Wilson Parking - 1 Denison Street, North Sydney, NSW Car Park",ChIJ_5yOHGmvEmsRmGiTvOcEjVg
Nicholson Street car park,ChIJE92xcOiuEmsRex_VdfU8A60
Barry Street car park,ChIJP_u9ENivEmsRCYVoPDuc_2w
Winthrop Oriental Foods,ChIJBbY6G8OiMioRU-q84xMq2p4
Australian Clay Target Association,ChIJTZIh6a6bGGsR52VzqMiv30s
Hello Plumbing,ChIJtSaLsh1WDWsR8PcPnuj1lQI
Yamba Skate,ChIJqzNQwxZPmmsRRGd5XAZQB7Y
Mooloolah Soccer Club,ChIJZ9pGSfCFk2sRBl_rD_8m9a8
Strathalbyn Softball Club,ChIJHbORZpvZtmoRFCVqwRzEHDc
Nutrition Warehouse Halls Head,ChIJ_YQCj_B5MioRg4XM1qaaBCg
THE Katanning Country Club Inc.,ChIJq6HQYT8VNyoR7DNmJ88Tjqw
Harcourts Connections - Redcliffe Peninsula,ChIJP2SSlwbmk2sRCuL7V3QTQVU
Elevation Bookkeeping,ChIJ0xx9aGRXkWsRsk1a16_Ntss
Koi Knives - Clarence Park,ChIJTbGJEtbHsGoRB-9A5inAVu0
Joondalup Netball Association,ChIJqyNYHUNTzSsRRGLF-xU-gVI
Hinterland District Netball Association,ChIJVxZ3fAsdkWsRgf5ZyqAJjXA
North Gippsland Football Netball League,ChIJgQPvbTEYKWsRNVfAlZAiR9M
Kardinya Netball Club,ChIJW8GbXEyjMioRzbDbVLRU4dg
Anchor Homes,ChIJO-tPK203L2sRATg45qmYies
ResourcesWA,ChIJHVRsej-lMioRE-NW6mQGXpg
Victoria Point Sharks Netball Club,ChIJVcBATA1nkWsRHXwizPOZ1oU
Ochre Medical Centre Hobart,ChIJiwTU5451bqoR6MiARefTs7A
Travelvax - Argyle Medical,ChIJe6u9RPt1bqoR3Togj2CvE1o
Central Gastroenterology Hobart,ChIJLQ3KhoR1bqoRdCR5c1BxefU
Dr Gregory Harvey Hobart Knee Centre,ChIJwzVK7ox1bqoRkJptApkfO9A
Southern Anaesthesia Service - Dr Phil Browne,ChIJlZ0hcZ51bqoRo0yWDxC2Zvc
Nuwayhid Fadi,ChIJUXaiRKd1bqoRlil0OZYWfks
Dr Nick Davies,ChIJOQVYl5N1bqoRnNqI9O1k7sc
Rob Bohmer,ChIJkUNHm4R1bqoRrt-_KJRF9E0
TML Pathology Hobart,ChIJU06TRjh1bqoRhYfgKVCbD8U
Dr. Dawn Rayner-Brosnan - Psychologist,ChIJA_Yn4Yp1bqoRbyZUc8x_yj4
Cascade Road General Practice,ChIJkZIDD_J1bqoR6CaS7Xm2H2s
"Dr Paul Harvie | Hip and Knee Orthopaedic Surgeon | Hobart, TAS",ChIJy31N17t1bqoRkvoDSpB4RJE
134100 Hello Home Doctor Service,ChIJy-MyXux1bqoRJf67ONS_yxs
"Dr Michael Spurrier, Clinical Psychologist",ChIJ_9Uunax1bqoRgl8Oy6am0xQ
Gregory Street General Practice,ChIJiwnJjF_fbaoRg_QH_45Knas
Grosvenor Street General Practice-Dr. Susan Hodgman,ChIJV95F4FvfbaoR77U6fkVzzVY
"Hobart Chiropractic Centre - Kingston Chiropractic Centre- Dr Stephen Crean, Dr Ashley Dent, Dr Sam Crean",ChIJy4zeO5p1bqoR0YZBV8L6uh0
Stoke Street Family Medical Centre,ChIJKffO5wV1bqoRtmPJqvnge20
Reynolds Peter,ChIJv_BwywB1bqoRDIyOO75mVCk
Dr Snip Vasectomy Hobart,ChIJD4lO0yPfbaoRI0L3cMBQ9ao
Amiens Clinic,ChIJVzMNmbt0bqoRLdEralabY4g
Lubbish,ChIJf-8m1fJ1bqoRsM3MPR3uZAQ
Bayside Medical Centre -Dr. Thompson Paul,ChIJxyTYNiXfbaoRjRh9H2woiLw
Rosny Doctors & After Hours,ChIJfdyBPPTfbaoRidjLAAsLBfo
Dr App Hobart,ChIJDZkIHO51bqoRJLOJ_mSI53M
Dr Nova Thani,ChIJv_BwywB1bqoRK6CzCdpQGn4
Derwent Valley Medical Centre,ChIJo9WNKn1rbqoRkmkHR3F-0p0
HEARING AUSTRALIA SANDY BAY,ChIJ7_1Ib7XfbaoRbZ6_J8iI1Fg
Mortgage Choice Broker Adelaide/Kent Town - Michael Karp,ChIJQ3nSB-7PsGoRpBvrXhBYgqg
Mr PHO Hoa Hoi Vang,ChIJ1eVCbwVD1moRv7MWTamdxas
Wodonga Community Palliative Care Service,ChIJ5zfKbP9YIWsR2aUQiYQfdJk
BeyondHousing,ChIJhV2ZT-hYIWsRK0EvxV5DbxE
Breathe Hair Studio,ChIJYxJkBldYIWsRUo0c2NJt34M
"The Massage Company, Professional Massage Albury",ChIJecdNgJVfIWsRNdA8alNXQbs
Gallus & Rea Independent Living,ChIJjRqxeUpZIWsRoQPjUJopW44
UMFC,ChIJy1N8oqxZIWsRU_9u18wgyRw
Insync Infosystems,ChIJ3UKADUNd1moRolIeDXv3p8I
Vision Australia Ringwood,ChIJFyYbk5I71moRwKRDjuofDNk
Hosies Homes Albury Wodonga Display Home,ChIJswjBBwTjI2sRRnztglmBicI
21st Century Homes,ChIJu0wVIlxYIWsR24xkHvh9_zU
MHA Care Ltd,ChIJd7H6PHXNIGsRDF-Az3NjuU8
Cash Train,ChIJOadS44xZIWsRCrnwLz4kr9o
Spider Networking & IT Solutions Pty Ltd,ChIJTSirvNHbJmsRloyBmsWXtPA
Austral Blinds,ChIJFTYk173hI2sRbcLe-IdBdXI
Forty Winks Albury,ChIJv2uAKtjhI2sRS8P5VZT244A
Corowa Furnishings and Floors,ChIJW2vIRtk6IWsRUzTEgIVKlmQ
Good Night Sleep Mattresses,ChIJVVWFoBZZIWsR1GZ4GPdAZ4c
Gilchrist Property Group,ChIJlcfqD-_hI2sRm7FFofTUwVk
G.J. Gardner Homes - Wodonga Display (Beachmere Design),ChIJBVWOVC1ZIWsRc4GzLDexmHM
Mint Motors,ChIJaTwvmdpZIWsRRj92CPW9Uy4
Ducon Building Solutions,ChIJu8OgbTlr1moRY2AsojZBh2s
Typo Albury,ChIJ_3jC0WNfIWsR9UNMtZzP5RU
LM Curtains & Blinds-Luxaflex,ChIJvyAlvX_gI2sRySKhiPgxw3Y
NovaFarms,ChIJ1R86fVLJsGoRRBMFIw2Zemo
Mountain Yuzu,ChIJrfB4nCKfJmsRt78GVPAZLrs
The Good Life Farm Co,ChIJE5gmfJ0Y12oRy9aLn_j6MXI
Snowy River Lavender,ChIJZVl6yVzCPGsRVe5Rws-Ssvo
The Honey Drop (Enbom Honeys),ChIJe7DivsFN0WoRsEMQ3iTfT9Q
Moondyne Cutting Horses,ChIJzzLm70_ZI2sRinPpWD6lS8s
Patriot Bloodstock,ChIJfyMS18FdkEARO12uR2lMhQE
Coolmore Horse Stud,ChIJia39-oiEDGsRssqxR7JKklU
Swan Hill District Health,ChIJR6TN94OF22oRKx10IZFeeBU
Corowa District Hospital,ChIJ0avxQMs6IWsRAwyh5DRcsRM
Holbrook Hospital,ChIJj_PYyqxJImsRmqd-bHSQp5c
Corowa District Hospital: Emergency Department,ChIJ6ROAQMs6IWsRSwe6S7T-Abk
Henty Hospital And Health Service,ChIJWRGyhyIjImsR_31vpAMldpY
"53 Hebden St, Lockhart",ChIJ23p5CcrvIWsRoZioWdNOBPQ
AIM Calibrations,ChIJ-65cqetYIWsRuiAh_S3QYxM
Tomlin Medical,ChIJ2wg5o05t1moR6qmEmop1Dxc
Medical Solution First Aid Kits and Training,ChIJAS2DS9BF1moRiCcD0sVMniI
Fairmont Medical Products Pty Ltd,ChIJtwZP0XQ71moR16_j-nJD5mI
Victor Sports Med,ChIJ1cRp1AxYDWsRHuMAhrdVrkk
HMR Healthcare,ChIJvVHDCrZ3k2sRGPVB1J1zxAU
Australian Accommodation Supplies,ChIJwZkBOYot1moR_H_6gcIeJzo
Albury Townhouse Motel,ChIJ6b3S49fhI2sR2_-9mqFV5N8
Poolside Yarrawonga,ChIJ0cg86nTNIGsRKkC95TqTXb8
North Solar,ChIJ9yfhnQs21moRTfpIlxWj-Kk
John Batman Group,ChIJl8eXqmQ51moRBcE_3BI3SRw
TD Care Services Pty Ltd,ChIJN_fLibFZIWsRLA_0uZG7mfY
Riverina Murray Regional Alliance,ChIJAQAUNYRfIWsRQma1RJNJxXM
Moggs Accounting + Advisory,ChIJj7IbD0GtIGsRHnkr0wsZKg4
Active Flight Paragliding Centre,ChIJI2nc_s0mJGsRcwSa017CPdM
Advantec Australasia Pty Ltd,ChIJ5zYgDcBYIWsRgMf820ZUdUQ
Gamze Smokehouse,ChIJN2fIZ7jbJmsRpb8re7bqn6U
Foodworks - Omeo,ChIJNy96yTNUJGsRpxK8X2WGmiI
PDH Precision Engineering,ChIJ5z5Q4e_dJmsR8SllTPEfJ04
Lake View Children's Centre,ChIJz0m_xe09JGsRJOWavQMYLdg
Oolong Village,ChIJo2cIkwtBIWsR6O6tWjrtKUc
Yea Sand & Gravel,ChIJfS_4hMX612oRfLsnxDVYTyU
Expanded Glass Technologies Pty Ltd,ChIJ--x5TF8T1moRZKZudFvXG4g
Formulae Albury (formerly known as Border Compounding Pharmacy),ChIJ9dR6uxfgI2sRNb7Ed1tZ-FA
Ausmix Feeding Solutions,ChIJb5BK0idZIWsR9vWstI3PG4s
Penta Feed Mixers,ChIJR3ocfANZIWsR97iVH6FuKAo
Tanco Bale Wrappers,ChIJJ0N-1cNZIWsR4MdWAdhnH5I
AG Warehouse,ChIJTfq21nb7I2sRKGPBGJUCSNI
Formula Forage Australia,ChIJdSNH19pFIWsRWjLAjcb2Et8
Precision Agriculture,ChIJeaPCyFYxIWsRugY7P7XrjbU
Holbrook Landcare Network,ChIJhw8u_7joMwARJ-X3CJWXpCI
AE Henderson Pavillion and Showgrounds,ChIJZ6XrV1UxIWsRRDA8qTyK32g
Mittagundi Outdoor Education Centre,ChIJ9Ssr_69EJGsRisrUCK2e46Q
NSW Rural Fire Service,ChIJgVdpqH8lIWsRUaFi39U5LS4
Helen Haines MP,ChIJp-d_1DtZIWsRdXu33bn6UyE
TAFCO Rural Supplies,ChIJqzUMnB69JmsRO3kDIwAr_c4
FireTail Robotics,ChIJt84QsubhI2sRizJf8lEFf5c
Holloway Engineering Services,ChIJHdlPQQRiJK4RH8u3Ka_rjl4
KEW Agricultural Engineering,ChIJ6yzniaQlsWoR-n8KX9aW3X4
Elgas Local Agent: 273 Engineering,ChIJWzORkFnuIWsRrKiubwogvKo
Evolve Regenerative Agricultural Engineering,ChIJUb1xD2olqGsR8i3n6oKcr2I
Wiesners,ChIJMwd_fupYIWsRTWGD1r1b_6E
Rural Bank,ChIJ1R5c0UlFzmoRndvWV-1O5HE
Rivalea,ChIJF-jGM6QlIWsRzw0CNhAjJhM
Natural Ecosystems Group,ChIJa5Im72NfIWsR61MAAwe_JFY
AGnVET - Rutherglen,ChIJfcf6OVE3IWsR0-fJqrBt-aU
AGnVET - Henty,ChIJtb_KhnMkImsRVoR8iFlGTCM
Landmark,ChIJpzWyUzXuIWsRX4j9RPDP5zo
Thrive Agri Services,ChIJq6rOqAcCzWoRJW1CTEsHRpQ
AGnVET RURAL - Emerald,ChIJ3Q5xv3hOz2sRtWP_4t0WblE
Hutcheon & Pearce (Albury),ChIJ4TAI4KKDMQARcyWloJGUhLY
Worthington Ag Parts (Australia) Pty Ltd - Corowa,ChIJG7uDzhQ7IWsRCghXmBVg2Ds
Hume Fluid Power,ChIJAUGu5sZhIWsR6sd4xO1LoLs
Hydraulic Connect,ChIJK36Is7FhIWsRhj8Goymnc_I
More Air Group Mackay,ChIJD2ylSrfT22sRQuxnC5jd6xo
Stealth Air Compressors,ChIJK7U6O98T1moRfhxD-uIprSI
Alpine Air Compressors,ChIJGYJieTEoc2sRVLc5wM_P08E
Bruder Australia,ChIJU5ejrjExt2oRyk2HhSUGF04
Wolf-Air COMPRESSORS,ChIJNa7OEinCq2oRfdghSSSu5BA
Compressed Air Association of Australasia,ChIJOUazWdBp1moRYx-EwyA2EPE
Yenckens Steel + Industrial,ChIJNTfrqFzJJ2sReg__6p_aUI8
ELGI,ChIJXzWNEL_51WsRgbQ7lz4lWbE
"PolarPeak Pty Ltd - Commercial Refrigeration Installs & Repairs Services in Albury, Wagga, Wodonga",ChIJd3led7vhI2sRNLoT_axch00
Premium Heating And Cooling,ChIJfzvhfZRYIWsRxlH3f0nzjb4
Prestige Car and Truck Repairs - Repco Authorised Car Service,ChIJhXwzPhNZIWsR-36WtzizTcc
Albury Wodonga 4x4 - Repco Authorised Car Service,ChIJ03LXTLpZIWsReVA3cFrD0Yw
Anna-Clare Makin - Thermomix Consultant,ChIJXSBRc8BZIWsRUP5Lt3uFj8w
Ayton Air,ChIJ61GdGtHfI2sRCErYV4bjY_8
Goodyear Autocare Albury,ChIJs35MkNXfI2sRk5xAG6VBoAg
Climate Control Refrigeration & Air-Conditioning,ChIJI3g-ZILqFWsRk3isjJPsHEg
Capital Air,ChIJ0QwSLaFSFmsRNSy1l9qzo-g
Dale Air,ChIJl78R1uVs1moRIHQw9MnMvYY
Maroondah Air Group,ChIJx4qO_sY71moRyNYN9nNMx5o
Split 'N' Stawell Heating & Calling,ChIJ0XEe2Z3g0WoR59XDBzBzg2A
So-Cool,ChIJiazRFDlD6EMRgqmLBQmmpoI
Village Framers,ChIJZxAXjCpp1moRIiK8hEk52rw
Riverview Carvery & Burger Co,ChIJLwZ08LNjDWsRkgDx3moRg7o
Hydraulink Wangara,ChIJD00NKDxVzSsRvp5LPGxM6KI
The Agrarian Kitchen Cooking School,ChIJbyFCgu1ubqoRae66bh2thxc
Ayr Surf Life Saving Club,ChIJx8ebOUYv1msR47-B1TAKC1g
Fairy Meadow Surf Life Saving Club,ChIJV452JCcZE2sROWDTRaXgU2E
Scarborough Beach Surf School,ChIJVeGr_CqpMioRPfuz3K4e8Jo
Australian Steel Coating | Sandblasting Melbourne,ChIJ0f6PEXeL1moROQC_Yid56n8
Glenelg District Cricket Club,ChIJWYGoVeLasGoRjH7JayN3Jr0
Williamstown Central Tennis Club,ChIJ90M2B8Jm1moRiyCof2Ss9yk
Centenary Landscaping Supplies,ChIJj___nmlOkWsRDefpdWjkZ1w
Classic Moves Dancewear,ChIJ6xyHq-oRE2sRRNHC-NsIzSk
Kandanga Country Club,ChIJ6_We01CalGsRIEYu0MonoWE
Fishing Charters Townsville,ChIJCbWbDilXfmkROWox0aEOxbw
Emu Park Surf Lifesaving Club,ChIJc31BrTnuwmsRLqc1BSJ4ZcU
Manuka Tennis Club,ChIJU17XVulMFmsRFLw17p0ZfkA
PappaRich Collins 360,ChIJaXn0ubRC1moRDJMvoh_p6Xs
HA Hire,ChIJYWxQTHC6MioRMf1brdNpe8Y
Blue Works Men’s Clothing,ChIJc51gGRquEmsR7y1fYyxu4-s
Wilmslow Park Horse Agistment,ChIJ77oBf0MCE2sRga1mw99tP40
Tallebudgera Surf Club,ChIJuUd_er8DkWsRvp4H2_T0Nw8
West Beach Surf Club,ChIJzRKly8vEsGoRJObzca1RXuM
Drumplings (55 Swanston St Melboune),ChIJrQ32mSlD1moR9Vg-8NP7MLo
Ambience Air,ChIJSWR1glxTzSsRfenAaMKwaOM
SportsFit Health and Rehab (Five Dock Physio),ChIJz2c8fwylEmsRftntZ4GqR-o
Switch Physiotherapy Penshurst,ChIJVV2MOAm5EmsRI65yEdBUIOI
Velvet Steel Health & Performance,ChIJVVUZlrm6EmsR_KN4mnqoDYA
Balance in Motion | Sydney CBD,ChIJiUcLNzyvEmsRRKs6D1zG-W0
Hawkesbury Physiotherapy Windsor,ChIJ24wZymFiDWsRlECTdmnZlTw
The Physio Space - Moss Vale,ChIJV75EOEqXE2sRrnRBKGk7DHE
The Sports Physio Clinic Narrabeen,ChIJvWoFur1VDWsRy-g45xMxK8M
Active Life Physiotherapy,ChIJC-GkSgxdbQER1rzKJtktcOE
The Sports and Arthritis Clinic,ChIJjft4ggCiEmsRSPMoz4tAXec
Restore Physiotherapy,ChIJLTwIw4_HEmsRdFnvx4zEfyU
Sydney Child Physio - Mobile Paediatric Physiotherapy (Cherrybrook),ChIJuehmqO4-96MRpHTAD3jMcmE
Coffs Kids in Motion,ChIJw-ZzlkYMnGsRTSAxxeLf8mA
Ben's Physiotherapy,ChIJabecu6_1m2sRjLAPKN_2PB4
Narromine Physiotherapy And Sports Injury Clinic,ChIJfyGR9auDBWsRs0-p_3_eiw0
Macquarie Street Physiotherapy - Sydney Physio CBD,ChIJVdTm9WquEmsRdC4kKvAczxo
Blackheath Physiotherapy & Pilates,ChIJG-aK3BFyEmsRa-O9ELoQkjA
Seberry Ben,ChIJ5xiEWX2CkGsRd1IyoOfq6mc
Northern Rivers Physiotherapy,ChIJCcQjVjoPmmsRaf6Szk7NXPQ
Hunter Pelvic Clinic,ChIJxTNLb19Fc2sRj3AumgbCh14
East Maitland Physiotherapy-Karen Young and Nick Mursa,ChIJrwFAlaNGc2sRVJ2cQPF6ygE
Paddo Performance,ChIJq2J5vG2vEmsRB717V0-Of2A
Momentum Physiotherapy & Health Services,ChIJCwj-iyivEmsRBnBspvs2GAM
SquareOne Physio and Pilates,ChIJSd9FYR2sEmsRDIbDdYokM-A
Physio Therapy Yoga,ChIJG1hce-euEmsRNyurm5r3eKw
Inner West Chiropractic Care Newcastle,ChIJ9ZS3-xAVc2sRW4w2FUpxE5k
Your Physio Advantage,ChIJO18yv8q1cmsRr1uXQct1rC8
BodyFix Medowie Chiropractic & Massage,ChIJi_0BWuxvc2sR2EhHej7CGZ4
Move Clinic,ChIJS8D0IWuxEmsR2TsT2B74xTA
"Invigor Health Bondi Junction: Physio, Chiro & Sports Massage",ChIJ08TvcCOtEmsR6STftV1DmoY
Upright Physiology,ChIJGfewotStEmsRLWxyzWqhn5c
"Bay Active Physio - Sport physio & remedial massage, Bondi, Bellevue Hill, Rose Bay, Vaucluse, Watsons Bay, Eastern suburbs",ChIJczsrQd2tEmsRAhG1EVOksUk
Sydney City Medical Centre,ChIJ2TMAbT6uEmsR9titQqJGcuo
Active Performance Clinic,ChIJR8Dt0D6uEmsRNItIXHdyo2s
Active Physiotherapy Darlinghurst,ChIJdevs9DGvEmsRbZjrdvqqik8
The Movement Box: Chiropractic and Physiotherapy Clinic,ChIJSZ7z1givEmsR0vCXGcpA0s0
Christine Byrne Physiotherapy,ChIJx8k3q_WsEmsR1rzcYwCYTrI
iPHYSIO Darlinghurst,ChIJfd3_9t2vEmsRGyPk3layhp0
Perfect Form Physio,ChIJVVVFzBiuEmsRnAjxJMQWGlQ
Phytness HealthCare Dapto Clinic,ChIJuWcPq-oRE2sRk5QVXvBuvO8
Independence Physio @ Beauty Point,ChIJi7Ew9iW_EmsR3MN7KMWpxqg
The Physio Space,ChIJebSRfruiE2sRjkfjIM-WbAU
North Coast Physiotherapy,ChIJ5xiEWX2CkGsRBE4p74jlJNc
Thrive Exercise Physiology,ChIJI7A_aR-ekGsRgG5RzQdT7Yg
Rehab Management Port Macquarie,ChIJV8EI6-f_nWsRcc_LzkIdbTY
Lisa Ward,ChIJi0eIYU6Cc2sRok11J4PVqgQ
DiY Physiotherapy,ChIJBXNshayxEmsRlkYum3zEq24
Remedial Massage VISCA - Liana Innervation,ChIJBXQSc3exEmsRdWn5uxciqUk
Physiotherapy Recovery Clinic Concord,ChIJZRuBTGelEmsRnvJzRRUhTaM
Invigorate Health and Performance (Narellan),ChIJcQN4wq3xEmsRMpGkErDSXO4
Hand Therapy Associates,ChIJ1-JiFR2vEmsRs-DTh5Rj6E4
Sean Thorpe - Paradise Property Group,ChIJzwAn1i1teGkRmwq_o3Ci-58
LJ Hooker Cairns Beaches,ChIJeTm2s_tueGkRVPj5hkYcdK0
Teresa Cawte - Independent Real Estate Agent,ChIJ0yaXCWRneGkR_tRMb-MUcaw
Cairns Luxury Private Apartments,ChIJy6YIXmJneGkRyol9N5bmi4g
FIVE RIVERS SALES & RENTALS,ChIJr7uBo7ZneGkR09XSm60c24U
Champions In Real Estate,ChIJN9LowmVkeGkRhaAo0JpkapU
BCS Strata Cairns,ChIJYcVQ9JNmeGkR_TYwM3LDx0M
Cairns Leading Real Estate,ChIJ_cezA_FueGkRxbRKYc83_zQ
Stateland Pty Ltd,ChIJnbC-PpNmeGkRVO3QzPehENk
Cairns Leading Real Estate,ChIJVVWxh8JleGkR5p2tGfVuN-s
Harding Property Law,ChIJBTmeOrpneGkR4mgpWpJADFM
Cairns Kangarooms Student Living,ChIJp4w3mZdmeGkR9AuXP7JJZKk
Veronika Maine Emporium,ChIJr3dKNA1D1moRjr_TszvNhpw
Valleygirl,ChIJKVO5G8tC1moRZmiND1k-8Nw
Maje Melbourne Emporium,ChIJ32bc8sVD1moRlXg7XbE9xYI
adidas Sports Performance Emporium,ChIJ9QJhicpC1moRz58TV0nppwo
Rip Curl Emporium,ChIJI6k-PRyuJwARoY49XChyUdg
Kathmandu Emporium,ChIJ_VCuhspC1moRH4rBCkDQuLg
Laurel Wreath Collection Shop,ChIJVeiH4slC1moRQNYWTdTkKek
Emporium Melbourne,ChIJe2e9iMpC1moROAFy3XgYaSM
Bruce Goose,ChIJd2wOL4de1moRjFoWIGDMn4Y
Le Creuset Boutique Melbourne,ChIJbRYAh8pC1moRgWfi6zMypl8
Spoilt Gift & Homewares,ChIJ5TCEdExd1moRoKK9qJLc7iI
Taking Shape @ Myer Melbourne,ChIJWxhRispC1moRgIJ5cHsZtPE
The Academy Brand,ChIJTYjehspC1moR57NQeYlHOdI
Cotton On Body Melbourne,ChIJmQR19slC1moREpr7qf57WcI
Bevilles Jewellers | Melbourne CBD-Closed,ChIJt6MkD7VC1moRdLE4NZjac50
Paddington Coats,ChIJM6U2OzRd1moRp2niW1Ny-Zw
Target,ChIJX11rJiho1moRaRS7QXvO5jk
MAC,ChIJhTseM-RD1moRyQ0LLw_Uey8
Dymocks Highpoint,ChIJWU9XNjhd1moRvamYpyyLOtY
Sportsgirl Bourke St Flagship,ChIJETjcjbVC1moRsDxCfgAd8_I
W Cosmetics Emporium,ChIJH1DVfMpC1moRlacaG-jM6Dk
Fila Waterfront City,ChIJA-DSrE9d1moRub4EkZJZlDQ
H&H Jewellery,ChIJx2cTDbZC1moR4cMRDVaEIzY
Jay Jays South Wharf DFO,ChIJtXgmJlhd1moRUhZ09geCWYA
Coles Werribee Plaza,ChIJv9FY0FyP1moR8v0t20N5FCA
sass & bide Southwharf,ChIJ1ft0Plhd1moRYIoEkSUMVbQ
BOTTEGA VENETA,ChIJKaHxlWhq1moRJIlaF_E1Ulc
ICE KO-II冰錦鯉,ChIJi1pz1ORD1moRjc3JD1yG6A0
Real Living Options,ChIJfdq03qVmeGkRXixi3VspwQ0
Australian Evergreen Group Pty Ltd,ChIJMfMNAOJxeGkRYC54YtxyxDg
TSG Lutwyche,ChIJ32uTyTRYkWsRKx_hvW8-XQs
Cignall New Farm,ChIJ66xUEhlZkWsR--HhpsmsKd8
Permission to Move,ChIJ-Qt9zTDPsGoRR5jQ8FV4v6U
Pro-Active Physiotherapy & Sports Workshop,ChIJQcNxDSdzCmsRIf4MZv27GG8
Be Amazing,ChIJIzsyisGbEmsRNNjosQwe1Lk
SKIN CLUB,ChIJBxXAiDpo1moR3b0RzM6d0aA
The Lime Tree Clinic,ChIJyxCjCvukMioRyssINat48no
Gerringong Medical & Cosmetic Clinic,ChIJ__9POm1vE2sRu7WUC4fBCc8
Cockburn Cosmetic Clinic,ChIJ-Ueg7w6RMioR0m20IzBJdxE
"Westend Photography. Your Headshot, Portrait and Commercial Photographer.",ChIJmWtPyDiP1moRFYFg9OA70gw
Young Street Studios Pty Ltd,ChIJA425F99C1moRKhFMjNsbIHM
SavvyShooterF8,ChIJh3tIcU3N12oRdIBdVC8WNtk
Eloh Photography,ChIJu2pziyho1moRJ50WPXB7eIc
JS Photography Studio,ChIJ77XotGS_1moRwu1lw-fo048
Costco Wholesale,ChIJK4IIdwymEmsR5gDl8DeXrbM
Saltbean Cafe,ChIJ3x7oWar4kGsRHZAIdVZAgbY
Starbucks Coffee Co (Australia) Pty LTD,ChIJMenicgakEmsRf9-CIoY5-Jc
The Banana Leaf Cafe,ChIJkSYEpvoNnGsRNY1pwnSJQEc
Rehab Management Coffs Harbour,ChIJ-1JSSroNnGsRb4FCZNrqksM
Carney roofing and repairs,ChIJDwLaSRQRE2sRIgn2H7qdR-c
David Jennings Building Services,ChIJTzYbqgUfE2sRJ33Fb43C7fQ
Franco bros roofing & Carpentry,ChIJnaUHmlcPE2sRNQnEr1HIH2Q
D & J Professional Roofing,ChIJVVVJcvQSE2sRgUzfpAWHMZE
Real Christmas Tree Elves - Waurn Ponds,ChIJsbBDYIRt1GoRCYIJfdSUWE4
Oz Tree Services,ChIJ-ax2eQw11moRPpOWxvRInqY
dusk,ChIJ-5QzLRwU1GoRuwsWnLx94Ak
Real Christmas Tree Elves,ChIJY3b7GW4R1GoRAPvmFXx991Q
Arbay Tree Services,ChIJmTEVzcxz1moR-knWiNQpgwA
Redback Tree Services Clyde,ChIJoaLCkLIb1moRw9tDcCGbfdY
Tree of Tranquility,ChIJvUtO2Lxr1GoRysgRKk6hZAI
Calm your Palm — Trees & Gardens,ChIJhWmehTpD1moRCoxiSfVCWQw
Arboricultural Solutions - Consultancy & Tree Care,ChIJDRDolsov1moRPQ6I1ig9niQ
TAG GLM (ARB) (HORT) Consulting Arborist,ChIJFaARir1f1moRu3sfi-Da7Yg
The Yard,ChIJ97nTCh8o8CoRb9hSmV7fbVM
Metropolitan Arborist,ChIJp_OMTSFA1moRJjilXR-6CIY
Tree Mason,ChIJq6qqqr5e1moRlICVxgCULFI
GVP Arbor Service,ChIJLQSiQYRI1moRunMB9EefXd8
Greenwood Consulting,ChIJoffZgFck1moRorkjhB-QdfA
Harry's Yard - Arborists Tree Removal,ChIJh0yS0VJd1moRdr2sAdTZz8g
The Tree Fairy Arborist Pty Ltd,ChIJMXBLpRg51moRP-H0fh5G1sw
Summit Open Space Services,ChIJEQSM6f6L1moRFwjGod6ll6E
JF Arborist & Tree Services,ChIJfU5JcwVE1moRojO20-i4lX0
Rob's Tree Service,ChIJQcrKLh0SKWsRfQdfKlpGE6A
Dr Tree,ChIJg7rwNvRv1moR5FbIH2NlPe8
Taylors Trees Rosebud,ChIJq6oaUY3J1WoRMd8__h8Alkg
Progressive Trees,ChIJM4GX-yh11moR1x8x66E5oKY
The Yard - Tree Pruning Services| Tree & Stump Removal,ChIJz-xQVKlb1moRFPu_3EXG7x8
Heartwood Tree Care,ChIJic0C-wtD1moR8ZYMh5WoM0M
Sukhari Muay Thai,ChIJMwEuayVF1moR7lr-Vxt8kLM
Casey Martial Arts & Fitness,ChIJlZoIl7YR1moR66Z6-kR2VjA
SHUKOKAI KARATE CLYDE,ChIJVe3KZk0F1moREe0futa7x_Q
Raptor Taekwondo,ChIJh0ipDI8R1moRUipvCtkacLs
NOONAN'S MARTIAL ARTS,ChIJXwSEdI6YEmsRkx2uAzYtn08
Universal Self Defence,ChIJizuWZDhikGsRd9RG_u9Z8Qs
Cold Rock Ice Creamery Narwee Express,ChIJRbLrUra5EmsRmgK12DLS0kk
Duo Duo Roselands,ChIJ-0XsaLW7EmsRXPGdP1Wpsto
Krispy Kreme Mt Druitt,ChIJ23a2OoibEmsRRXjX90vmkzg
Waffle & Bean Dessert Bar and Patisserie,ChIJ7UA46r4BkWsR0r2JoJguAVU
Wendys,ChIJc35ytWmiEmsRGdaCAbTGUh0
Wendys Milk Bar,ChIJAygAGOWhEmsRiQEfvQS9Lg4
Sydney Ice Cream,ChIJh96d7wDIEmsRQ0WDGDDHCoM
Baskin Robbins Ice Cream,ChIJe3P1gwuhEmsRNoYGL9_8ARs
Smiths Icecreamery,ChIJy2dHiBUVc2sRzPBZguAGDAQ
BlackBall Eastwood,ChIJJXWIt6GlEmsRjoM7B_4LaNk
Cold Rock Ice Creamery Bellbird Express,ChIJ6b6F2IDNDGsRNTXedCImYSU
Filo Grocer Australia (Online Only),ChIJo3oeCrfHEmsRvCii4RhjGig
Pick n Eat Acai Bowl and Fondue,ChIJQfOvRAKrEmsRTjYCTL3fzt4
Wendy's,ChIJG3KC0JHAEmsRTguHBtV73mU
Fish Fish,ChIJadlvX2aPEmsRZUAvJUZOsKA
La Mono Merrylands | Charcoal Chicken & Lebanese Cuisine,ChIJb2WM_8uiEmsRtrjRyRSLZHc
EC - Emergency Cravings,ChIJy0Xmg2ipEmsRvPPZE1LIIUk
Blackheath General Store & Cafe,ChIJ__8P9RNyEmsRfs-rhUKuLQk
Pearce New Furniture & Bedding,ChIJaxc35ptuEmsR9lwwFVNDVh8
SeaSweet Patisserie,ChIJDROwPZeVEmsRetaB0L98YFE
MAK Commercial Refrigeration & Air Conditioning,ChIJ__aRYPmUEmsRLgfdJX-nSww
Ampol Foodary Kensington,ChIJcRKP3IyxEmsR-ie8H9USATQ
Haigh's Chocolates Chatswood Chase,ChIJJfxRL9aoEmsRi0zLFUkJt5A
Cold Rock Ice Creamery West Wallsend Express,ChIJ-TFzmUs5c2sRQxCL1Z97OSk
Cream Of The Coast,ChIJt499pid-FGsR5PCKuRApffc
Cream of the Coast,ChIJhylUHs6BFGsRRRVX4HjG6As
Wendy's,ChIJfSl1IyKAFGsRuQmkIgxQyBg
Mellabella Gelato,ChIJ8-Zmuc5fFmsRbNGEOiHK1z8
Ritchies IGA Harrington Waters,ChIJg1Tfl-DadWsR87RmTMcNf2A
Duff's Ice Cream,ChIJd2te7dvbcmsRM8GtLp4QTnY
Yogurberry Terrigal,ChIJOc8v_WDJcmsRu_N_w1iVXeI
Ungermann Brothers,ChIJEeHUQ0i0lmsRc7kqsHZ8RSg
Gelatissimo Ipswich,ChIJLfPMuP21lmsR7a86Ah2ttmo
Mee Asian Grocery,ChIJCcyhPA29wCwR0fTFWB6d3A0
ANITA GELATO,ChIJedLs9NhRkWsRVfeo4cydc1g
Ampol Foodary Ipswich,ChIJzcaxzEO0lmsRpJ9x6IceLLw
McDonald's Edens Crossing,ChIJfXW5eT5LkWsRcW6V7bppVuo
1770 Gelato Co,ChIJ51WI2rmF6WsRxFADOqEBZpA
Cold Rock Ice Creamery Innisfail Express,ChIJJwG49y3beGkRhQWOFw2GlYQ
Hivy Gelati and Pizza,ChIJX7f2e5Xjk2sRpcK11KLy4Zc
Bennie Adam Ice Cream Capalaba Central,ChIJDaEl_IxdkWsRTcGbO5T-LVs
Flocon Ice Cream,ChIJc7zZxaRZkWsRSFHZDsCfXiM
IGA,ChIJq6p6b2tkeGkR62efWozD494
Mövenpick,ChIJHzVe7YxbkWsRQ2whwbmoNP4
Super Chain Rochedale,ChIJk5pUJcVdkWsRmTtmfMjNshU
Ampol Foodary Wishart,ChIJXdUMm19bkWsRdf6mfXdnFyY
Wendys,ChIJFwKslIxbkWsRa5pYXT7wXB4
The Shop (Miriam Vale),ChIJXT9oRagd6msRJd14YAhKD9k
Baskin-Robbins Harbour Town,ChIJsZdhwtQRkWsR7KlgXNNDa_o
Cold Rock Ice Creamery,ChIJk8LsppF0wmsRZcp3BKOBT0o
Crunchy's All-Day Desserts Café,ChIJBUHyBLI7kWsRQCcWJuuFekw
Jakez Supermarket,ChIJQ1GxCiMFkWsRdl5AqSB91Sc
Sweet Republick Flagstone,ChIJY_jWet8xkWsR3DfMN3301cs
IGA,ChIJrz4BlcpDkWsRCqxE94r0EY8
Replenish Earth Home Soul,ChIJP85InJU3kWsRK7N6ivsIbF0
Sushi Aji,ChIJh9IWnX87kWsRREHgF_cze2A
Red Rooster Marsden Park,ChIJoccnfTZBkWsRrA_nf5Tz-Ok
Sweet Republick Rural View,ChIJcdN6Bc3V22sRA-sdIWq3bvo
Home Ice Cream,ChIJFyOKTeaA7GsRToFLrCZELQo
IKEA,ChIJyRzF3ivlk2sRXj4Gq2-IsP8
hamish's store of stuff,ChIJd1KPQ3qpw2sRFp0OEhdmuaQ
SevenTea Two,ChIJZfYePFkFkWsRbir0pL-xTug
Seekit Shop,ChIJ6Ql-qrJFkWsRiBu5jWhJ5L8
THR33 Coffee,ChIJYfl_z2ZDkWsRH7Gctj1tPI4
Pie Face,ChIJaUdAlcdBkWsRwycykRzNTLE
Wendy's,ChIJkQEAx-PZsGoR4-YzUMSl0V0
The Parlour Ice Creamery,ChIJ_Qnq9U8xt2oRFD9qoVUI_wY
Empire Video Hackham,ChIJKfmFcVEmsWoRSkHKFSsW9Fw
Browse In & Save Seaford Meadows,ChIJW1qk1yUlsWoRSkI29v9Czwg
Crepe Bar,ChIJIf-n-MLJsGoRwN3xhWkx_qA
Ynot Pizza Whyalla,ChIJjbeQMjpRu2oRcqKjFIeeb8c
Church,ChIJ_5R_rd3Ne6oRogwy9OiKfig
Liveat Brisbane Street,ChIJb_jqe96mcKoRNUzprqz3caE
McDonald's Brooklyn,ChIJXdTRw6xh1moRkpGCJpgfCWk
Woolworths Point Cook,ChIJX8CYU_OI1moRNoK5PG9LiGk
Mini Melts Ice Cream Melbourne,ChIJq5le7-pD1moRqmQdvwCbqyc
Coles Tarneit Davis Road,ChIJ-08MSX2P1moRimfavq1WNfY
Woolworths Featherbrook,ChIJHW-sq52I1moRj5GcbxxVciQ
"Pachamama Wholefoods, Kitchen + Bar",ChIJueWEBoZd1moRfwnXWK3fvHY
Shop Bao Ngoc - Open when we feel like it.,ChIJz3T66rxd1moRlIl_9_thxNo
Red Rooster Ormond,ChIJR3fi59Zr1moRVbVpNOoMC2k
Okami Japanese Restaurant,ChIJp02lOatt1moR9Qxml2gpTAU
Melbourne Ice Cream Vans Hire,ChIJ76-BaUBR1moRkdTAtmWESNg
Augustus Geletary,ChIJt2KAOLlP1moRQ9GA0sx7Y4w
Breastscreen Craigieburn Junction,ChIJEW1nuhxR1moRsuLEeKDzevE
Kuya JJ Asian Grocery,ChIJ5aufN5cP1moRVWS57dtcOSo
Okami Japanese Restaurant,ChIJe4y3KC0P1moReDYGIBPyEE0
Timber & Rose,ChIJQ6YUg1QR1moRPAQdiQmVero
McDonald's Highpoint F/C II,ChIJKbuXKMVd1moRPu-Cioo6iVw
Hooley Dooley Ice Cream,ChIJl0f9izkT1GoRRH_2rdJhFI8
Happy Eats Gelato (Moonee Ponds),ChIJUXFhJztd1moROR1tfpsEj90
Woolworths Highpoint West,ChIJNWnEAM1d1moRSP0MCsHETAY
The Hot Chicken Project - Geelong,ChIJ_-5MlhwU1GoROo6pjjfXbc0
Okami Japanese Restaurant,ChIJ___zf_gT1GoRMrAhWHFSdaY
Kōri Ice Cream Hawthorn,ChIJnSyA0ylD1moRSZImrlBIkGg
Rong Sichuan,ChIJpVq7Xl1D1moR10QsEYNybDo
Mica Creamery,ChIJ1eRwHZ-xMioRyKS4ZFmePeI
Coles,ChIJ6VggVeH11moRC52sp295YEc
ALDI,ChIJVbPGts6O1moR9uCMWboG6uY
Chemist Warehouse Chirnside Park,ChIJfcEsDNYx1moRWJMchPn8TmE
Calia,ChIJ_f__fMpC1moRPv5ae_bMUjQ
Sweet n Sassy,ChIJ-5rLSRS31moRX1QtAZXLISo
Okami Japanese Restaurant,ChIJ1_x1NIhD1moRhS1Ae4mOnlw
KFL Supermarket Braybrook,ChIJi5eq0vBf1moRIE7xfhfKUPU
OTR St Kilda,ChIJB8xOo6Fp1moRT4eXYkSS-fU
McDonald's Western Fairway,ChIJX_hPSLjy1moR-jJIonm4N68
Lord of the Fries - Hoppers Crossing,ChIJT8DZgXeP1moROJXaw_D-6Fc
HOYTS Watergardens,ChIJjSCC4vr11moRjzkk44zrmTI
"Tentime Café, and shisha lounge",ChIJcylq4bFP1moRD9_jpCF8mKE
Wendy's,ChIJ-aIFeSA81moRX1uITqlg980
Ben & Jerry's,ChIJ69V1fhe9MioRJHnvWvsXuQY
Dôme Café - Deep Water Point,ChIJ6RIkL9i9MioRdbAkojXCBEs
Fry'd Fremantle,ChIJM6foVZChMioR9IWom2yvToo
Chicho Gelato Fremantle,ChIJq4yPUfOjMioRRjQP-1kpeTQ
Cellarbrations Central,ChIJq1suGYRG2isRe-4Ogvfgm4E
Majors Group,ChIJ3Y9XRFmuMioRpEvDR4NrWfQ
Mica Creamery London Court,ChIJcS-cxni7MioR3-NBlKw63mI
Milk & Creme Mandurah,ChIJu9VByK1_MioRt5toylAvVKI
Baskin-Robbins Elizabeth Quay,ChIJWZQUgh27MioRXcvb804UdNE
Pietro Gelateria,ChIJv4UeM7m7MioR_P3Pt7PPv_8
Kmart Clarkson,ChIJR4qDYIZWzSsRQKd2ZfTc_ks
ALDI,ChIJLZ0kfG27MioRWUkhw7MdYcY
7-Eleven Perth,ChIJYfDEc4u7MioRUuUhQNuAT2o
Mayfield Early Education Enoggera,ChIJZTMW0whXkWsRKDT8KqqDOvc
Spring Hill Cubbyhouse Montessori,ChIJDaSsVbFZkWsRDp3RWo8g8lY
Southern Solutions Training,ChIJAQCwbx1akWsR0PbMAuLeWFI
Little Olive Baby Boutique,ChIJZ52VPb1XkWsR-uFN-hB7u-4
Goodstart Early Learning Woodford,ChIJJ9nRI-F0lGsR9NAV2Wwom9s
Little Scholars Burleigh Waters,ChIJhws_4XADkWsRN31ZGYJSSew
LEAD Childcare Rothwell,ChIJB_zDndTlk2sRysedrLENabw
Aussie Kids at Mermaid,ChIJ8XEZCIUEkWsRDK2ihbkqRzM
Imagine Childcare & Kindergarten Holmview,ChIJvxUOx6RBkWsRZOqRBAUlSqQ
Luna's Treasures ️,ChIJgwbXj78DkWsRsYWDJKgSO5E
Sünkids,ChIJOadpSqUckWsRyZYI6mX0L_A
RealSpace Creative Pty Ltd - Architecture,ChIJM70s_CwFkWsRVtGWdN22UTY
Harmony Early Education Bahrs Scrub,ChIJq6qWKBFAkWsRPuuE6mvBxIY
Māpihi and Co,ChIJNQQCTHdHkWsRgAsPMa_XAZE
Ryan Catholic College Junior Campus,ChIJOQoMW-nw1WsRaVAywkWPvRM
Safety & Learning Techniques,ChIJMxfBcfEdfmkR2zb2jSUSRbE
Enhance Family Day Care - Cairns and surrounding areas,ChIJj-I5z3yvgmkRoIvYIe60me4
Amaze Active Browns Plains OSHC & Vacation Care Centre,ChIJM9E9AHxHkWsR1QymZGqrIyg
C&K Eagleby South Community Kindergarten,ChIJzbpB9G1qkWsRQ-iAM8KTsgw
Kumon Kirwan Education Centre,ChIJnfY0SK_w1WsRdbB2b4h2YQI
C&K Woodhill Community Kindergarten,ChIJpf37fNEvkWsRWZANpHfdG1Y
Toowoomba Grammar School,ChIJF_L8dxhclmsRniI0KWpFNRg
St Clare's Catholic School,ChIJD-EDtxv31WsRIf7i8knTOvQ
Little Champions Child Care,ChIJ1eU_n5hqlmsRPtmcvYXOcmM
Narangba State School,ChIJkQeGBmT6k2sRsGkoPPK2YNQ
Little World for Discoverers,ChIJhdiWyicRkWsR0vvbc45eS80
First Door Early Childhood Professional Learning,ChIJY_dZ2cz6k2sR57OdXdj22Wo
Hawka Thai Massage,ChIJjyifn3-tF2sR_ab_bSmDiMw
Phanom Thai Massage,ChIJBee9sKZVFmsRW3zXEpv6ntI
Gungahlin Thai Remedial Massage,ChIJp9WOddZVFmsROgTYwBy6n-I
Thai Bodhi Thai,ChIJ0_Z4fZDKF2sRqOS8zhWL7kE
Massage by Ponti,ChIJ3_QxWIdTFmsRfyFdSN4JKSE
Wild Orchid Thai & Remedial Massage,ChIJqeAiO1Bn1moR6zH1ZXMmhoY
Thianhom Remedial Massage,ChIJx_aA5_tR1moRSnwKoVPHHWA
Nutchanat Traditional Thai Massage,ChIJL_2vwrxp1moR9AT6XORIJt8
Li's Massage Clinic,ChIJXbCBo_Zc1moR9dhih6PfnUw
Tuk's Thai Massage - Ballarat,ChIJGxpVEB1F0WoRahNv2h9wLLU
Araya Massage & Beauty Daylesford,ChIJ5eN_JTXT1moRMY9EhpAr6ds
Leon's Massage Wendouree,ChIJN4uKiPdD0WoRlbeTq4FoEe4
"Vigorous Thai Therapy (Smith St, Fitzroy)",ChIJCdL-duBC1moRVeA5bVxKi_4
Body Sense Massage Cheltenham,ChIJtSmft2Jt1moR1FTc2Vjazi8
De Rest Thai Massage,ChIJs2jQAItF1moRPMJtaeLHszo
Matra Thai Massage,ChIJlbzbucpc1moRBmEAf9wYYK8
Choi Spa Beauty Massage Rosanna,ChIJUxIUO29G1moR3IisH1rNZaQ
Anewbody Massage,ChIJsfQP5c9t1moRK01C477ukSA
Qing´s Traditional Chinese Massage,ChIJFYEP_exZ12oRXYnfLm9ZV1k
Patra Thai Massage & Remedial,ChIJyWoBQsRD1moRcnk4iMWhqfQ
Blue Water Remedial Massage,ChIJScoGsmIP1moR-L_jYT4oJg8
Carolyn Devries Massage Therapy,ChIJPz8wKica1moRV4D8T1LH9Os
Re-Energize Your Body Massage McKinnon,ChIJW9j-88Fp1moR-t43rQXjcfg
My Personal Therapy (Caulfield North),ChIJ6ZL9qOlp1moR_x6669MSWyc
Brilliana Massage Benteligh,ChIJNcfKOu1v1moRqySMdoId2Pg
Discover Thai Massage,ChIJwTAmuJg71moRNZmSIEK7k-o
Discover Thai Massage Bayswater,ChIJ_4OdB5071moR4NsOlp3c1qc
Lawrence George - Remedial Massage Therapist,ChIJ558Groc71moRjs7bRjKb0Vw
Hyland Hands Myotherapy,ChIJKWPyqQQ71moR2yTosbVh4es
Scoresby Thai Massage,ChIJNayxTdk91moRLy_ExpSX_rU
Remedial Massage Therapist/ Mobile Massage in Ringwood/Bayswater/Doncaster area,ChIJ9yOs_f051moRxpJnHOW1q4U
Bellis Massage Bayswater,ChIJD9xiI4c71moRqTGV0pRrUV4
Happy’s Body and Soul Massage Therapy,ChIJfaVzg5Q71moREa3sYMaBoWg
Anna-Mai Hoek Remedial Therapist,ChIJPZk0-ndp1moRUa16c6reId8
Harmony Relaxation Massage,ChIJe7PRe11v1moRENxjb_3qPSw
Her Massage,ChIJ4TU-68VD1moR18BaOeDLCcA
Lily Massage,ChIJacMF2Qlr1moRZw2GFpiaL9g
"Blossom TL Massage St Kilda - Relax Massage, 按摩",ChIJ__v9-fxp1moRLT-24aYnO2M
Yin DeeThai & Remedial Massage,ChIJ--2nl023EmsRYpLZIp4u_yc
Coburg Authentic Thai Massage,ChIJkSb8T3dF1moRGbRn7ISc0y0
Mindful Massages - for Women by Woman,ChIJiROcc7ld1moR7OQekZ9aChk
Alternative Myotherapy | Sports Massage Therapist,ChIJySMmQNta1moRXeBAmKCzBQQ
Vigorous Thai Therapy (Moonee Ponds),ChIJGcWNVrdd1moRl59LE9N2GHY
Vietnam Massage,ChIJaaVOEvhF1moRrF4QMg_zH0o
Myotherapy Works,ChIJz9-9e8dB1moRL288fpxxEJI
en Remedial Massage,ChIJf9gn-2NF1moR-ai61nmqtrg
Hawthorn Massage Therapy,ChIJt2dkEQRD1moRnlSWfqYJK6s
Serenity Body Therapy,ChIJ7Ua3wYxC1moR8zdPcUGXNSc
Pansuk Thai Massage (Ascot Vale),ChIJiSVjJXFd1moRZCaW08tYhiQ
Hong Kong Massage,ChIJG6o_7swU1moRPEpnuda7_aM
RGW Massage Therapy,ChIJOy_nQO1d1moRccGd3tGaJUs
Keilor East Massage Therapy,ChIJb2Sz_fZf1moRRHTgncfdM-g
Remedial Massage Therapy,ChIJ5z8VxbsP1moRd_xzUxx7umA
Touch By Venus Massage & Holistic Bodywork,ChIJ1y__VU5d1moRwLKyhUGMic8
Collingwood Massage Centre,ChIJj2Xp-RVD1moRB9wFYReDa2I
Origin Chinese Massage,ChIJyVfVX3c_1moRtumSIQWVbAo
Taking Care Mobile Massage,ChIJ0bOHdwYe1moRVBcufmNY53Y
Serene Body Therapy,ChIJM4t9h5E71moRCJkOZgsE6ow
SOMA WILLIAMSTOWN,ChIJaZOv6zln1moRCZuLXXDBvSg
Tibetan Snow Lotus,ChIJWZ-bjR9D1moR2XTyh2I3nao
Zen Healthy Massage,ChIJ726SBsiG2GoR8klML_whldg
JC Jasmine Massage,ChIJmdJ-rhH32GoR0FHImkNXSgM
KC Massage Therapy,ChIJcRjin4M31moRAzP0fKZbuwM
Beverley Walker Remedial Massage Therapist,ChIJu97moZ831moRIqb-CPoXGCc
The Nara Traditional Thai Massage,ChIJ7cxDrEWqEmsRDB2xEKh9rOw
note to self massage therapy,ChIJZUlYdCMU1GoRDkl8H-c0BG0
Andrea Tate Massage Therapy,ChIJxQo6fVYrKGsRXkc0gVKvG5w
Massage 4 Mums,ChIJD4hVo9ou1moRgfKELQ0YETk
Elissa Robbins Myotherapy,ChIJ6Wqs-sAv1moRr76W1NxySEE
Sam Dyer | Osteopath | BDHH,ChIJ4VOszV0u1moRRdTqbSgX4h4
MsYA Thai Massage & Beauty,ChIJ5_meLWlD1moRZxQ8DduFwIA
"Sugar and Spice Holistic Wellbeing - Psychic Readings, Vibrational Therapy & Hot Stone Massage",ChIJd53b5v_TKWsRY_-awgD4A3M
Eastern Melbourne Remedial Massage,ChIJ0ws0GXpq1moRt_vNaLRe6EA
Universal Flow Massage Therapy,ChIJ1dIS8MtD1moRKDUB0QfAHwg
Pansuk Thai Massage (CBD) Express,ChIJH8VH2lld1moRWU_Rzx-9Hmc
Vigorous Thai Massage (CBD - 391 Bourke St),ChIJr-efILVC1moRjfilNNXkfHo
Majestic Chinese Massage Mildura,ChIJf4AqBhgDw2oRLJlwsjt3TCA
Olivia Massage Doreen,ChIJqfNxYSxL1moRwTMRHWfMiQM
Pameiyong Thai Massage,ChIJzQOI0FCVKWsRSCNIRAHitF8
Holy massage,ChIJvUmEhk9r1moRHUG7j-984ww
Best Value Full Body Massage Package | Balancing Organic Facial,ChIJ__87B64Q1moRHgnlteMCy-M
ZenThai House Massage Clinic,ChIJVywWelFD1moRQHhTPn1ghsg
Detox Foot Spas,ChIJ-XUIAVlE1moRkCjvnO5xNWQ
www.totalrelaxationtherapy.com.au,ChIJNWgM1TFD1moRnlCXaT9M_t0
The One Massage,ChIJOwWAyZ1C1moRXw6D-boA20Q
Boon Ruk Saa Thai Massage,ChIJax8Nt9mnEmsRUpYFIFrDADo
Gordon Asian Massage,ChIJJZ2anoioEmsRwjQrtaXIRgY
Golden Lotus Thai Massage Rooms,ChIJDXtugE2kEmsRJOehm8gMFV4
Chatswood Thai Massage,ChIJK-2iUn2pEmsRj1vopPrKM0E
Revive Massage Therapy Crows Nest,ChIJZ2BVmsOvEmsR84u5zuviavg
As New Massage,ChIJy8A3n0BYDWsR5HNmacKM9fs
Chatswood Phoenix Massage Studio,ChIJmVod4CeItAERtpSyjtc8FpE
Black Diamond Massage,ChIJV34GQCkfE2sRFn7ltKQdXek
Bonnys Massage,ChIJJzORuM9_kGsR_240cBvafCs
Chiva Thai Massage Blue Mountains,ChIJfYTpk45vEmsRnYRtWk2_jJM
Classic Siam Thai Massage,ChIJQeqOaaYRE2sRu-ze0qWh6_o
Back To Health Naturally,ChIJ-eKcUQKekGsRzhOtXtbhbTI
Thai Sabai,ChIJ9aujiThikGsRmGreWFT1NMg
Byron Thai Yoga Massage,ChIJU_mbzEqPkGsRsnfi_AwWq4g
Mullum Thai Massage,ChIJ20o1wHCLkGsRqi74BdHYAYQ
A Relax Thai Massage,ChIJdXwfj8zxkGsR5u35Q1Ef3zc
Byron Massage,ChIJ___PEDpikGsRn4WngiNV0D8
Loving Awareness Body Therapy Zenthai Shiatsu,ChIJ5Sd-XdONkGsRIqi5xGgIbME
Northern Rivers Therapy,ChIJjThuRReAkGsRgA_voEQmJPk
Patrick Sterlin Zenthai Shiatsu,ChIJ_YVJ2kiNkGsRoZUyl3pvyS0
Thai Remedial Massage,ChIJR42May4AkWsR_twsBm1mwWo
Rous Mill Clinic,ChIJxc9lT993mmsRxYKUgU4EU5c
Ballina Thai Massage,ChIJnyMKAySBkGsRJrQwRrYTUZE
Nujaree Thai Massage,ChIJb2ULmdQpl2sRqkvY1ZkJqP4
Christopher Potter | Massage • Reflexology • Yoga,ChIJDwnyaPX5kGsRxELXnUSx3Nk
Evans Head Massage Clinic,ChIJ22OQ1WRmmmsRHJCNez9qBH4
Amos Aaron Blacker ​Remedial Massage Byron Bay ​Australia,ChIJya7reAVikGsRjkKFfSrSSyg
Path to Oneness,ChIJL35PU0P_kGsR_kxILJL4wqM
soNai Massage Therapy,ChIJPxVr1cL3kGsRzE-YUI5Ye_w
Cottage Thai Massage,ChIJW98BY3sRkWsRVjAi1lv0_MI
Byron Thai Massage School,ChIJT9oX-Q5ikGsRkMauMKJG-cs
Mai Thai Massage,ChIJlabok_IPkWsRYE8YoWexP-8
Meditations Australia,ChIJA8y1nPd1mmsRId5OCIaQwOg
Ripples Remedial Massage,ChIJByA_k571m2sRisNut883W4s
Holistic Massage Centre,ChIJWxcB2ztikGsRbM-KZkGHEao
Curatio massage and healing,ChIJTTuYszACkWsRQwjY2UK5KZ8
Lismore Chiropractic Centre,ChIJtS0_jBCekGsRzEyr0QzoZmU
TW Massage Therapy,ChIJm0qoU6MdkWsRg7FRgOmPQeI
Chan Supa Thai Massage & Day Spa,ChIJORV2iTlzCmsREOzuHOyA5HY
𝐓𝐡𝐞 𝐌𝐨𝐨𝐧 𝐌𝐚𝐬𝐬𝐚𝐠𝐞,ChIJ311O-z4FkWsRKjwzWH9cWMo
AS THAI MASSAGE,ChIJMZ8Rfh6JEmsRQaHTVVzdYIo
F&J Thai Massage & Day Spa,ChIJsVWtsca-EmsRmLEaqhXR1xM
Plern Remedial Massage,ChIJN1X-INyXEmsRY0ji_CkXiaA
Thairapy Massage,ChIJPwaLWt-_EmsROiKnkbgrW04
Cheerfully Touch Thai Massage Beverly Hills,ChIJi9wx72-5EmsRy3FU5CZFWpM
Montra thai massage,ChIJifnR--K5EmsR7oPaBosuJM8
MY THAI Remedial Massage Kogarah,ChIJf37-2Ba5EmsRTZt4aZEz_oI
"Feel new massage Yagoona - Relax Massage, 按摩",ChIJE093pnK8EmsRgSrG80L91Ac
A+P Thai Massage,ChIJtfhZUheuEmsRrmD6_5GVNRg
Terrace Thai Massage,ChIJ2-bkmaBHc2sRQ0BwITW2XxY
Mukdah Thai Massage,ChIJM0GDxRVFc2sRa22UjLbrRJY
Newcastle Thai Massage,ChIJv7qaEloUc2sRTdW7y0ScVrg
Kati Suba Massage Therapist,ChIJ7apHpTdpc2sRmAFdBgSjbZ4
Fairy Meadow Thai Massage,ChIJxWbNGjsZE2sRBAqNSFX8iPw
Ruaan Tong Thai Massage Corrimal,ChIJy4CmcdAeE2sRwKqnPOS010c
Blossom Traditional Thai Massage,ChIJ13bTAoaxEmsR_zParWeoKeE
Massage And Treatment (MAT),ChIJ57DulCOyEmsRRfkj81GxIK8
Mumsabai Therapeutic Massage Clinic Est 2008,ChIJI1sFhhWyEmsR9glYeMco8DU
Seabeyond Massage Therapy Clinic,ChIJqY0G8ymzEmsRgwt5mZOdPEE
Thai Remedial Massage & MindWork4Success,ChIJ4y-0Z9sfE2sRAWSVsPdH2qM
Kyoto Massage,ChIJgwbuoBiuEmsR49zA-V-fjZ0
Charm Siam Thai Massage,ChIJh1ycchqvEmsROol2mRPbhu0
Heal the World Massage,ChIJjSci5gSsEmsRxLIVFG20c-Q
Lily Body Balance,ChIJ3yTsrIMWqWcR-QDmC8RSrh4
Gasorn Manly Thai Massage,ChIJSdIQWQ-rEmsR1iUdcibMzsI
Malila Thai Massage,ChIJmSQ-RbevEmsRBN5PMoVNixM
D-Stress Massage Therapy,ChIJRwlCLvisEmsRinLvxPRd7As
The 4-Elements Thai Massage,ChIJgS4ECsCvEmsRIQZ-ALehJ4M
Adamstown Thai Massage,ChIJb0USXsIVc2sRB6tl8X_XuZk
Broadmeadow Sawadee Thai Massage,ChIJzY8QPLEVc2sRJ4ly2o-Y9YU
Newcastle Lilly's Remedial Asian Massage,ChIJ5ZBFk2YVc2sRf_06CTXkz_M
Onedee Thai Massage,ChIJyWorFFYjc2sRIO2RxLsgDg0
Massage Zone Newcastle,ChIJ12n5JwQXc2sRbqWLpCJHP68
One Dee Thai Massage Charlestown,ChIJwfbGWGA9c2sRBO1a5-Xf62Q
Magic Massage,ChIJfRSKBC88c2sRvKwHBIMd6hw
Ryde relaxing whole body oil male to male remedial deep tissue glutes lower back in and out call LGBT freindly massage,ChIJobLPNCWlEmsRZLUN2yrGlaE
RC Remedial Massage Newcastle,ChIJBXxhZwMWc2sRwjL3A_GFovM
Blue Moon Massage Eastwood,ChIJIxToDdmlEmsRbH2F8sgi470
Artarmon Marigold Relaxation Massage,ChIJ8yrp_yivEmsRTcnrKQGIfOA
Drummoyne Massage Sydney,ChIJgbA7e5OvEmsRUVhTfszKyqc
Jennifer Howard | Sports & Remedial Massage | Potts Point,ChIJx_IOm9mvEmsRuPUT3e7AoNs
Siam Cozy Thai Massage Balmain,ChIJMWs_G7SvEmsR0yX5dcsMm2o
Koh Samui Thai Massage on Manning st,ChIJfWlKqHRsE2sR058FWcbYZSI
Beachfront Thai Massage Gerringong,ChIJ33T0shJvE2sRVQjNFbtaeKk
Soms’a Thai Massage Clinic,ChIJEYGTQfQtEGsRXKNTK3zD284
Awesome Thai Massage Orange,ChIJvc3H11vTEWsRGGlXjerhTo0
One Touch Thai Massage,ChIJzWRJe7qjEmsRZO2cI5pz1nc
"Sunny Massage Merrylands - Relax Massage, 按摩",ChIJNTI5UDi9EmsR5jK4WA1eo_s
The Siam Remedial & Thai Massage,ChIJp1yri327EmsRLiDo4oHwy54
Ans Massage,ChIJV-AZIpL_nWsR8SsmndDAwVE
Port Macquarie Sport Massage,ChIJQ_ii2GYBdmsRzc-iqTmW2AI
Muscle Therapy Massage,ChIJv7UwcMX_nWsR2_id65rIKKg
Regan Taylor Manual Lymphatic Drainage & Myofascial Cupping,ChIJ4aY3s9mT-4QRl1q3ARHposI
Morisset Sawadee Thai Massage,ChIJEQqApEIoc2sR6uaK7OW9K0I
River Stone Massage,ChIJMVgCSV2fEmsRyWLt9O3GwFo
ThaiTanic Massage Toongabbie,ChIJe5T3_hKZEmsRiXSJWdj3Ic0
Swan Thai Massage,ChIJ65S4za-fEmsRW1CFcfUAJy0
Mark Jones - Remedial & Sports Massage Therapy,ChIJ6SW9unLbm2sRq_0leE22W64
Noy Thai Massage,ChIJb8ZJlUMRnGsRGTqjtcdvlik
"Matt Sincock Acupuncture, Shiatsu & Chinese Herbs",ChIJt5VFN9khnGsRQO3CKi_1UCs
Body and Mind Sydney City Thai Massage,ChIJ_RIzcSOuEmsRApLMifWeEK4
Nuad thai massage Surry Hills,ChIJn6c11I6xEmsRTR0qt6Dy5KI
"Sitara Thai Massage & Spa, North Sydney",ChIJBaLdb-uvEmsRtgwyWD4x4K4
Anchali Thai Massage,ChIJe-tv3eCxDGsRp-_J-cyQxfc
Gosford Siam Thai Massage,ChIJgQntTqbKcmsRlsvw7HU-kzQ
Mae Yu Thai Massage,ChIJowYjwQbLcmsRNLbJ5oHdL0A
Bella Professional Massage,ChIJuX8g9OfJcmsRi6sJ0bw_Lao
Banyan Thai Massage,ChIJOQ9cnd3JcmsRy0agtY7NqT8
"351 Absolutely Adorable North Gosford Massage - Relax Massage, 按摩",ChIJae8FCLbLcmsRZ2FckQzMqn0
Magic Elbow Mona Vale,ChIJEyjy8aJUDWsRWAEslHZ01Ss
Selfcare by Daniela - Myofascial Massage and Therapeutic Touch,ChIJlSrIlwC1cmsRp6L4SffuWCg
The CALMM Newport,ChIJk6NpL4pTDWsRJ32J10dbnMk
Propel Body,ChIJezfiNjmZGGsRoqaP3gPus5g
Home Thai Therapeutic Massage,ChIJEfKsT9QZE2sROigz8GqWwcI
Golden Dragon 2 Thai Massage,ChIJj6w9kLgZE2sRVXYeYumZApI
Figtree Thai Massage,ChIJB2eei_UZE2sRuKva8LfKb0Y
Warrawong Thai Massage,ChIJxV6FkRYXE2sR-4oRBr3W2Ic
Chiang Mai Thai Massage Warrawong,ChIJ5QPS9BYXE2sRtx4-7v3TzsE
Woonona Beach Massage,ChIJmb5WHgQfE2sRVGi4MBBQW90
Good view spa Thai Massage,ChIJAT7amTIVE2sRfgOXBF0VfZU
Shellharbour Village Thai Massage,ChIJrwt7HbAVE2sRetEf3fdzy_k
Koh Samui Thai Massage on Terralong St.,ChIJcSNdoHNsE2sRnyAPQmNHNH4
Thai Village Massage and Spa Bowral,ChIJxQwXwL-iE2sRAykI4ImgzPI
Remedial Massage Therapy- Thirroul,ChIJu9RI18QfE2sRtMUQn6c-tbM
Alignment Lab,ChIJTd27jXpfIWsRfM2lVs4ZtOE
Neuda Spencer Remedial Massage Therapist,ChIJPSckYBa7EmsRsAx8_aKBkyU
Payak Therapeutic Thai Massage Kingsgrove,ChIJT3NV77G7EmsRWnDk5ykTPlo
Sugar Baby Massage,ChIJKRPnhVS7EmsRt7gBaxiTyZs
Asian Massage & Waxing,ChIJadVcCi4AkWsRP7UOZCrDLPA
Essential Restorative Massage,ChIJs2JFYrdRkWsRp7-WrDXURk8
Orchid Thai Massage Gold Coast,ChIJb79xug0FkWsRFFsxY3J2k1U
Manipura Body - Remedial Massage & Somatic Movement,ChIJxerBZxlOkWsRKwYkqCwdg2o
Massage with Ivie – Pain Relief & Wellness in Burleigh Heads,ChIJ5d2MphNF0WoRT8z7VtlwCCE
Massage Aroma Robina,ChIJGXOmyzYdkWsRIFrHM4crKIE
Thai Royale Mooloolaba,ChIJxXd7KuZ1k2sRmSohU8WIPks
Barry Nelson,ChIJ9ehJe7PmEWsRe7MxeTBeNS0
Caringbah Kingsway Thai Massage,ChIJz60rK77HEmsRp3wVpPFp-kA
Ada Massage Sutherland,ChIJS0Rquf_HEmsRxvalCjUeXUc
Massage Coffs Harbour,ChIJVekkD-YNnGsR5ps1_vxR9mc
Soul Space Toormina,ChIJvXzZmc0RnGsRn-1veNdaX4A
Ryoho Ki Acupuncture and Massage,ChIJ5R4Z8WurEmsRXJuDlakNJRg
Siamese Thai Massage,ChIJkQf2JpCrEmsRzf6sR9UVfzo
Manly Asian Massage,ChIJF8jhYLKrEmsRXH4wqLDzvYQ
Fearless Health,ChIJI5_6EcXxEmsRuqJfpcDN2Cs
Xin Xin Massage Campsie,ChIJkbtRIlC6EmsRyHipAzpaHok
"Therapy Massage Beverly Hills - Relax Massage, 按摩",ChIJ44x_f9y5EmsRXIQwEBlt5LQ
Reborn Massage Therapy,ChIJX8GTAGG5EmsRUS0ZMMPErqQ
"Campsie Massage Yu Xuan - Massage near Canterbury, 按摩",ChIJ31p9IFC6EmsRHaZYe61BOFA
Harmonious Hands,ChIJGSL5C0SPEmsRRog5rheXEc0
Blissd Massage & Wellness Studios,ChIJ8wOiTq-vFmsROAOnhJ4O2Mg
Pillow Top Brothel Penrith,ChIJR-Tfs_SFEmsRxamjpu_8tZI
Australian Skin Clinics Emporium,ChIJ_VCuhspC1moRchSAPfCUDhA
Fujiko Beauty,ChIJsTYeFU5D1moR-YA4o24ATAY
The Beauty & Brow Parlour Emporium Melbourne,ChIJ4UzDUxyuJwARkgX4irH9cfs
Laser Clinics Australia - Melbourne Emporium,ChIJT7UTh8pC1moRCeb-K_711ts
Kim Bao Beauty,ChIJiy3Lqp9D1moRvCKIZIPxYLo
QLEAN @ QV Market,ChIJnQH1YDRd1moRzSJ0pr9Fg0c
Mecca Cosmetica Emporium,ChIJFxTGhspC1moRafELTlPrexI
Aveda Experience Centre Emporium,ChIJMyxbicpC1moR6vg2Hk9Lslo
Degraves Espresso Melbourne,ChIJVyEYFLRC1moRp_bdED3mzcI
Anda Cafe,ChIJodyqIx9D1moRCv5gGmug7Tc
Luna Hair Art,ChIJsTx-ZMVd1moRU5B63Yt_jfM
L'amour Hair,ChIJS0TLfj1d1moRZdOzC-424lE
Maison Tsumiki,ChIJKSxbicpC1moRCIbRWdShBeQ
McGregor Digital Construction,ChIJYZIfmNuvEmsRFR3hCyDDRlw
MACQUARIE CONSTRUCTIONS GROUP,ChIJCcTvvTyuEmsRs0nIdQmHoyk
JAGCON GROUP,ChIJ__8bLlmlEmsR27qIAmdZiiE
Arkitek Projects,ChIJq6pqpEGuEmsRdpaUk_eiXS0
Linesight Construction Consultants Sydney,ChIJgRnyLkKuEmsRCbJ9HdWERbw
Varity,ChIJC9TkI2quEmsRFtHaOkKSyV0
BESIX Watpac,ChIJTbCY7uWhEmsRQDSecma5YkU
Transcend,ChIJwRe4VUauEmsR0fI-Yr2xuTE
Brefni,ChIJudAdEpH_EmsRKksSpVhF53s
Constructability Recruitment Pty Ltd,ChIJu5WJN0CuEmsRdCRxF58kYl0
Caverstock,ChIJ2w_JzReuEmsRFVa2lWfliH0
MPN - Structural Design & Engineering,ChIJ4WN5Xu2uEmsRQ3m7IJAM4ZQ
Dunvei Construction Consultants - Quantity Surveyors,ChIJ_6TpHSSzEmsRdnJFQgt8pbc
ARCH Services (formerly ARCH Artifex),ChIJ__8PwD6uEmsRBhDpzfLh_Lc
CGC Recruitment,ChIJe-NN3GmuEmsR1GszHQG8zMk
HGA Group,ChIJh0PPg_CvEmsR8q0Fb3pIDA4
Hunter Facilities & Project Management,ChIJr43LYMWfEmsRBgKJwLW7t6E
Capita Yang Engineering,ChIJwbwY7x-vEmsR4OoB3N_QKXA
Testing Times | Software Testing & Quality Engineering Services,ChIJD19DSMKuEmsRRYCR-137p04
Simpl Recruitment,ChIJgXWCgRCxEmsRAd9_CWUBTJY
EB Traffic Solutions Pty Ltd,ChIJH5SfUhi-EmsRkzj0XJu6jpo
BrightSide Consultants,ChIJcckN82ivEmsRBlrmLq6qkYg
Enginuity People Australia,ChIJpx3hG0GuEmsRDLjuPaQD_Wk
JB Hi-Fi City - World Square,ChIJmwPYyTyuEmsRn5FgZNCzEK8
SYSTRA Bamser,ChIJMXGoDPKuEmsRgtXgDxnLfwk
Izzat Consulting Engineers,ChIJIX2WE_KvEmsR8tlq3GvVd_w
Amida Global Pty Ltd,ChIJvahBf0euEmsRNklfWIqPgfA
Alpha Engineering,ChIJAQDQs9y6EmsRVf28hRgz1So
Bridgeworks (Aust.) Pty Ltd,ChIJVcxa3OGxEmsRk7flZjQ9uDU
Haege Constructions,ChIJ4RtOGw2uEmsRXGNPxoFFyHc
Clever Builders Pty Ltd,ChIJAQCw8eWiEmsRDl6FPKvMgoM
Port Link Logistics,ChIJ70ilbKRg1moRrcU_RtUBOlU
Old place,ChIJSz93rT9d1moRJ5ZVbtbcN7A
Apex Transport And Distribution,ChIJ_YbLFdJh1moRHElnCx0M5Xo
APEX Supply Chain Management (AU) Pty Ltd,ChIJtx9tfzhh1moRYarNF7bYBD8
Transhandy Container Services,ChIJW4z-OqJg1moRyVDllYFvSBE
Mega Carriers,ChIJ7UycxkRh1moRQtEvcQbSJFc
Butler Freight Services,ChIJN5Yrupdg1moR9F3XNGR68BQ
Tamworth Pines,ChIJQ5ukYpdg1moR_qKDgdXD3m0
Coynes Storage Solutions,ChIJh2iXWCxh1moRn-B6Q4xFw0k
Overflow storage solutions,ChIJl91QEjph1moRl_7t7UyplpA
Rocke Brothers,ChIJJSzf5L1g1moRtUAqDpKDXbQ
Emerald Lake Logistics,ChIJezAp3MBg1moR7-XucsT7UGE
AUK Logistics,ChIJVVVVVeI61moRPK-ErZrxbq8
Karras Cold Logistics,ChIJUeetqN5d1moRDD2QASzK4fs
Sooner Transport,ChIJt1IV4sth1moRL49WUEOmsWo
G&J Containers,ChIJ4-gMVL5g1moRai73BxYssoc
e INTERTRANS INTERNATIONAL TRANSPORT,ChIJcbrPocNg1moRjxQE9xypv0A
Simply Containers,ChIJRcCEb6Jg1moRo7gQ3E42U6U
DHL Express Service Point Locker,ChIJT8NoQVJh1moR62uy0RzSODA
Roberts Roadlink,ChIJVVWVM-1g1moR1wR_xpIL_v8
BagTrans,ChIJ5fA1AvBg1moRaUCvyDIiERY
Vantrans Container Transport,ChIJZd1grLpg1moRCWWiOFuvkCI
Quins Group Pty Ltd,ChIJ-wwt6WJg1moROkQtiqpk30s
Zenith Home & Garden Decor,ChIJJ4NJkJlg1moRUkWZzw2IVIY
Stockland Brooklyn Distribution Centre,ChIJy-uaoqVh1moRcZFraRYOILU
Shop for Shops - Brooklyn Distribution Centre,ChIJ5x8IcbRh1moRdwitL6exLhg
Showroom,ChIJnd3hpfxh1moR1Ouqz5wBBYs
TIC GROUP DELIVERIES,ChIJvYAUj5lh1moRpo0xUYx1fRg
AFL Telecommunications,ChIJlbRmXqNg1moRvzKnewD-S3I
Botanist Creative,ChIJ09c8KBVNFmsRIs1tmBik3Fo
Agency 9 - Marketing & Communications,ChIJNWsT1ONMFmsRPe0QrlVyDfM
Kreative Online Designs,ChIJAfHrUYTKF2sRYI6WGEBERN8
Tout Marketing,ChIJE-Lps8-1F2sRqDULVKIiels
GoToWebsites,ChIJgwa-nMo6IWsRAaLut3jrNC0
Amire Digital Marketing,ChIJm46S57GrEmsR0RhxjCv9B7Y
Whitehat Agency,ChIJs5NMET-uEmsRp_fdIu34G-k
"Shtudio: WEB DEVELOPMENT, SEO, GRAPHIC DESIGN",ChIJrzawD6qtEmsRiaxYbg14yzc
Evolving Digital,ChIJOT8knrK7EmsRqr6IlbEPgUs
Omnihyper,ChIJ0zrqqkGuEmsRjK7HATFwF74
Eloquent,ChIJY4DCSNmxEmsRLElrc3bPvpk
Hybrid Digital Marketing,ChIJ4QPbxOIEkWsRnfjp2IXgIjw
Technique Interactive Pty Ltd,ChIJ6yWD3jGlEmsRi-0wbjLxU9k
DigiFix,ChIJsb6siWAU1moRwHW4TfxfoxI
Xugar,ChIJrS7HWo5D1moRng2zr4C7jGg
Significant,ChIJLSCYqbpy1moRR6h_-pP6PbI
Bliss Agency,ChIJG8e9gkRd1moRgV4ynZ2v48Y
Top Spot SEO,ChIJcR76_7RC1moR7GARYTqg0i0
Inlight,ChIJOVt52x5D1moR2YooMDVAdLg
Marcellin Business Network,ChIJ8echVz5H1moRp3Vn-MH9aIM
Looped,ChIJJYOSM-1Z12oR3VXjOluw-6U
Bendigo Copy Centre,ChIJkSV5IZVZ12oRA1M24a2bKzY
The Hub,ChIJSTdzGzujEmsRIKV3w_dH8O8
KFC Dubbo East,ChIJOQsGDyhyD2sRjkfSr9ZBFlE
Glenmore Heritage Valley,ChIJGTBOyyKJEmsRkP7v-Wh9AQ8
Shams Afghan Kebab House,ChIJmZHXRfQVc2sRVY3A2ZzhZYI
Mi Amor Home,ChIJbWRkYMqBFGsRM6Vpbh687IU
Gloria Jean's Coffees,ChIJ_YmRxO3HEmsRq_vGwv7Ciek
Woolworths Parramatta,ChIJmWxzUSCjEmsRtYrkmtOmbKY
bp,ChIJc4HjMg7IEmsR7NuoOsO0P5Q
Cafe Portico,ChIJAfmRgmWvEmsRmc85iRXig2I
Leaf Cafe & Co Shell Cove,ChIJv3-Ml4YVE2sRwsc5EY8Eigw
Blue Knob Hall Gallery,ChIJ4WePNeS9kGsRU0-UIp7Kxkw
Street Library,ChIJV0IJcrxFc2sRq-i2xyG-Zc8
A.P Town (A.P Bakery),ChIJ_YVftmGxEmsR_OklRLssZ5s
Newcastle Coffee Training,ChIJDZ3TlAM_c2sR9hjgyPEoy4Q
MOA Coffee Co,ChIJn84_6I0Vc2sR0iShJSoWTdY
Great Northern Hotel Newcastle,ChIJtzbPcnsUc2sRTQ41Qs1sufQ
Holy Goat Coffee,ChIJAQAQCXv_nWsR7cALXr5nAJE
Sir Will Espresso,ChIJaTM2hrujEmsRYK-ydN_3Xw8
Kahii,ChIJUxmf1j6uEmsRuBHglFY6U-g
Toby's Estate Coffee Brookfield Place,ChIJv9vuLmmvEmsR-xF-_8z2irA
Underground Coffee Roasters,ChIJEQFWu1qIEmsRTfwhTEUPWJk
Mobil Taree,ChIJYVKvNMLJdWsRDY7KzYP_zus
Orana Cafe,ChIJEawfr7GzcmsRmBMRfOgZZM4
Frankies on Gurwood,ChIJpSF3UTeZGGsRrvixADjsX0c
McDonald's Wagga Kooringal,ChIJH0jiCOObGGsRWw9i6275kt4
The Essentials Barber,ChIJq5XiGdUZE2sRx9skC5xxjQ8
Cafe Roma,ChIJAY48Dk4fE2sRNd1LqvzMIEU
Pasham Cafe,ChIJDWF1f9ARE2sR_0t5mqhdYfM
Star Buffet,ChIJZU-9komYEmsRr8lumewKJ8w
RidgeView,ChIJUXs2N_S0DGsR85NF5jf9ZmQ
NSW Small Business Commissioner,ChIJi6hbDkCuEmsReSDmclibnt4
Mike's Grill @ Cronulla Golf,ChIJ924jv5_JEmsRzJGCgZmAFAg
Deluxe Gourmet Pizza Cronulla,ChIJZdrjS93JEmsRvn1AZafjS84
CHILL-OUT BEACHSIDE,ChIJtz1YDx43dGsRcH2eW5TfKWE
Sips At Moby's,ChIJ6-71cfI_dGsR6yc_l87pICA
Leura Dumplings,ChIJp6DifR9vEmsRmPJXWvApo2U
Eat ME Catering,ChIJgQ0HprxFc2sRBA2PkgMFRXQ
Manon Brasserie,ChIJg-DEHiOvEmsRbQPGw3Z--iI
Jana Restaurant & Bar,ChIJb51D050Vc2sRnHdjo0QxDB4
Good Grub Club Daylesford,ChIJfW8vyjjT1moRA31I0Ly3bXw
Briars Cottage - Daylesford,ChIJM7yWeYnT1moRTwmUyXP44Vw
Lakeside Suites,ChIJRaBjpLrT1moRfOG9v59TAMc
The Oxford,ChIJUXYqwxLV1moRGhmU_MZ61iQ
Lellow Kids,ChIJTaOokCtNFmsR4mgPi3qgPtY
Cotton On Kids,ChIJzylnCT1NFmsRUEnGc2DEK58
Bokbo,ChIJJUOB98RSFmsR5Fg91F40ZjI
Fox and Roo Kids,ChIJCy9qfQNVFmsRtZ1q6HDgWbw
Mini Bling and Me,ChIJhRwTztFVFmsR5Mxxv8TuDww
Ted & Olive Boutique,ChIJLcMKsaZNFmsRQbbsY3M2lkM
Best&Less Belconnen,ChIJkYzGjHqtF2sR8JuUzm14_xY
Cotton On Westfield Belconnen,ChIJufbMyHCtF2sR9bursvE7ptY
Trenery - Manuka,ChIJCc2U8TxNFmsRWVNo5zoHlr4
Bonds Belconnen,ChIJfSU3-HCtF2sRafEba2qjktc
Joe's Boots,ChIJQdroZ_xMFmsRdWUgQDTVn6c
TK Maxx Belconnen,ChIJLf6UGOOtF2sR1VFnQStlQNk
Cincotta Discount Chemist Dickson Village,ChIJqZ2M0atTFmsRVDUvvBMlC3M
Infancy,ChIJg_RFlEmwEmsRGAOF78sR9GA
zen life athletiq,ChIJpTOp9cylEmsRGLozloLxPSY
Seed Heritage - Burwood C,ChIJ8cljw9q6EmsROKQz0Ntd-v4
DECJUBA Kids,ChIJH9Zz3LavEmsRoCCuU2IKTQM
JOSIE + T,ChIJq6omYli6EmsRwZhIS5WxRrs
Cotton On Kids,ChIJccMsR7rxEmsReHkw6NH9-nE
Seed Heritage,ChIJd7eCepWvEmsRLYkAGUZKi0w
Vinnies Summer Hill,ChIJl9Wbgp-6EmsR3qtQ1WJ_Pdc
Tommy Hilfiger Burwood,ChIJObP7WKu7EmsRxB-ON2UksyI
Twinkle Toes Baby Hand and Feet Sculptures,ChIJH7uuWoqvEmsRiXYK8_wK49g
Alfaberry,ChIJvWyH0uW5EmsRDnDwnXx1-6U
Polo Ralph Lauren Factory Outlet,ChIJl5twL5WvEmsRi-wr5cQX0kA
Dash and Joy,ChIJi7_cwFKxEmsRnXObiA90GTA
Cotton On Mega (Outlet),ChIJrYfZQ5WvEmsRS726rkMvfkA
SWEETPOT THE LABEL,ChIJQ1RWTx-uEmsRm3wMntfRQLs
Vinnies Leichhardt,ChIJVYoTRQWwEmsR9UWK6Jbom-c
Bonds,ChIJ8xQrsj-uEmsRTFcEghpIEh0
Bonds,ChIJYzMopSmuEmsRkFeI9uuT8Xk
Guess DFO Homebush,ChIJjU0T1Ze7EmsRR2N4fWihYg0
Pilgrim Clothing,ChIJEfgoBz-uEmsRzQHTFJ3yZpw
Vinnies Rozelle,ChIJufLLAMSvEmsR1jChdNKvdTg
Ji Studio 集,ChIJp3eGGSSvEmsRB407-H9zQtY
PUMA,ChIJ9cRAI5WvEmsRmRrAaFMSC_A
Country Road - Elizabeth Street - David Jones,ChIJdQiOyz-uEmsRYVSQVS5Z-Ic
PUMA,ChIJa2V78saxEmsRDrnA6OwZRb8
Nike Bondi,ChIJ-80dAgeuEmsRrGpIQ1jGLhA
Tom's Project - Chatswood,ChIJrdmEeNOoEmsRknKAl1Lt3lg
Cotton On,ChIJqbtXNg-rEmsRLYBnDIM0sCU
Bonds,ChIJ3YiWNdSoEmsResrUjhv3yOY
Bonds Macarthur Square,ChIJG6Y5WrHvEmsRw5PKvvtIEew
Bonds,ChIJMfJBjOVUDWsRcNjCOLUExTE
Mezi,ChIJBQJpkdy6EmsRAi9KDcULTnA
Nike Warringah Mall,ChIJd-XOEkWqEmsRAuN3riWGz30
Country Road - Macarthur Square - David Jones,ChIJh897eoDvEmsRQ3vKkRn_jIA
Baby House,ChIJoVcFGayvEmsReomnjQsERBg
TINY TRIBE,ChIJYWaJBXi9EmsREPjHEJZbUvs
Haenim Australia,ChIJW3RUGz2vEmsR9R7zto_WMZ8
breakmood,ChIJv5zirMmkEmsRdMOyIBn3Jcc
Tex-Design Workwear Australia,ChIJg8vJXKi9EmsRljqRs5xRLbQ
TeamMoto Auburn,ChIJ8zXKyU-jEmsRyQ-kTncxev0
The Pied Piper Children's & Babywear,ChIJJ2KmqvbidWsR2_ylzgLDtAk
Pomegranate Kids Clothing & Accessories,ChIJHyPqAvTidWsRj-EVHGrEZNk
Ollie's Place Kidswear - Head Office,ChIJP83LV1-jEmsROSBb81IavDA
DIESEL OUTLET - Homebush,ChIJSxksVzO7EmsRGximxg3KCzY
Shoes & Sox Myer Bankstown,ChIJ5XCfEJO9EmsRt3WEn5e0CLQ
Urban Culture Lakemba | Modest Clothing Store | Hijab Shop,ChIJUzziuMa7EmsRb1ewTDfKi9I
Best&Less Macarthur Square,ChIJAScydrPvEmsRVJLPkvcxQDU
Vinnies Revesby,ChIJs144nu--EmsRg_pXuKa71oc
Cotton On KIDS,ChIJ5Z70mwH_kGsRo_AQ4BmVpTU
Cotton On Kids,ChIJZ6U4LaEDkWsRiQXb8BRUmLw
Cotton On Kids,ChIJlYOeNLockWsRS14phQcJIMM
Sundays Child Swimwear,ChIJ__8vuRcCkWsRFXq9qqURoxA
Ghanda Clothing Coolangatta,ChIJC4SIxy0AkWsRXCerbZvCVDI
Rivers Tweed Heads Super,ChIJl9TkKSkAkWsRr5F4MD016OM
H&M,ChIJ9-gmEtYdkWsR8oLpF0DdXxk
Mini & Friends,ChIJoR6w7O0DkWsRz2mOtVC_J74
Cotton On,ChIJoxyJpbYckWsR_YLsJ7_Mrgs
Bonds Robina,ChIJGS6wRQ4dkWsR07Wrx4ZnqIQ
Sole Integrity,ChIJyUjTwy0AkWsRQrWDS-TlbkY
Hippity Hop Boutique,ChIJVfC_bu11G2sRYUugAu2kfr0
Coolangatta Central Chempro Chemist,ChIJU5iB7C0AkWsRiLFKiN2Lx_w
At The Curated Space,ChIJGbgZ4JP9kGsRl4SkUKdmKoI
Babylon Boutique,ChIJmeOPrTQDNQAR3siVw82kNK8
EB Games - Bathurst,ChIJBzxjHDTkEWsRCoqZwu-7p_A
Rudi Patootie,ChIJV4GhOpifPmsRe3XiYqLP2JM
Best & Less,ChIJaxRQAAyhEmsRELG4pmb3FT8
Bonds,ChIJ07x9hYKhEmsRVVx-aor0GWc
Cotton On Kids Penrith,ChIJMZy-ofaFEmsRer3imP8NYXA
Country Road - Rouse Hill,ChIJ5VKy16afEmsR5-LaUVLfQr8
Bonds Rouse Hill,ChIJd8hpq6CfEmsRRpl9xwbx5nw
Forever New Blacktown,ChIJ02qocQCZEmsRXTHfl25ICT8
Best&Less Campbelltown,ChIJ5wXNQFTuEmsRoMOO8UZJWy8
City Beach - Mount Druitt,ChIJeWs3mFyaEmsRzn9BzMmEeyY
Best&Less Minto,ChIJu9-l9xrsEmsRPSWTqKtwy9M
River & Lily,ChIJ8-WI9ivHEmsRbMMhKvTAYh8
Purebaby Miranda,ChIJZe8zQ5vHEmsRkm8CcwXL9pQ
CharBella Bubs,ChIJq6qqqhPIEmsRynkGzI9Z_LU
Ollie's Place Kidswear - Miranda,ChIJ3UNfKPnHEmsRmjdOPF9kxYw
Dremy and Co - Kids Butik,ChIJYTMl0B_HEmsRLczTYRWrR8s
Bubbaboos,ChIJVVX5UX64EmsRtP8rjz0DHtg
Baby Bundle,ChIJq6qqqiu4EmsRSIfCBqBnLUw
G'day Baby & G'day Kids,ChIJO2h9da-pEmsRIgLuvGOUlBQ
That Little Shop In Jannali,ChIJfyy39jnHEmsRixDHzJH8P5Q
Ollie's Place Kidswear - Narellan,ChIJV3fhQrrxEmsRRGWaYAaLwA4
Shoes & Sox Miranda,ChIJL8Q59LvHEmsRzgGqkX1lA5g
TeamMoto Caringbah,ChIJq1z8K165EmsRh7mr2bVRTa0
JD Sports,ChIJITQpTIe5EmsRM_Xo0sXWSNo
The Monogram Mode,ChIJJX9V2rKtEmsRfYfe05LG3d4
Sportsgirl Hurstville,ChIJ6zKxT725EmsRNwCmIQXbrOM
Cotton On Body Brookvale,ChIJVb5ueUWqEmsRZXwUGUj4APs
KOOKAÏ Miranda,ChIJEcXGXJvHEmsRO0PcVIlmQqM
goodgearnation,ChIJt6kkiX--EmsRsS5nxwkk15c
AustBuild Building supplies & Blinds Pty Ltd,ChIJ13UJDVm8EmsRYa9xwfeCuVk
Alex & Nia,ChIJTd8a_ESqEmsRvFZJx6r3gsA
Rip Curl Manly,ChIJP-T3aw-rEmsRtAXlZYZG7Qo
Lowes Minto,ChIJX5yK3A_sEmsRQVtAtWAAh48
CHANEL BONDI,ChIJo2oMGIetEmsR0EzOJIxzZpA
Shoes & Sox Castle Hill,ChIJMUn9pdGhEmsRqiA0QT46Lco
Kathmandu Castle Towers,ChIJVxAVDwqhEmsRZxzuYmcwCZA
Forever New Castle Towers,ChIJl03Brg6hEmsR1_aIXjKZAKY
Perri Cutten David Jones Castle Hill,ChIJqePaEa2hEmsR30x4ZP7xMSk
Cotton On Kids,ChIJAQAAy9WoEmsRFDtNTdGF3FU
Pavement Brands,ChIJt3n1INaoEmsRAj7loeRxXyY
Pavement Brands,ChIJEzwFIv0Vc2sRIiPQLsC70BQ
Seed Heritage,ChIJsZRpsuuwEmsRzNQtjBLoA80
Sportscraft David Jones Macarthur Square,ChIJ26WTK7LvEmsRkUpI49B7Roo
rebel Campbelltown Homebase,ChIJz26gxPXuEmsRSYQTFZ2UEY4
Lowes Narellan,ChIJoxO0u7nxEmsRyVqE3aflFuc
Littlemissflossy,ChIJUaQzTeUVc2sRWbx2mnmmM-c
Little Noa,ChIJwzmRZESvEmsRXTTG6CmMv4Y
Trenery Green Hills - David Jones,ChIJ23UCSLZHc2sRnIEMehE61PU
Blossom Possum Baby Boutique,ChIJ-0iWL0sZ12oRGaCndidwvsE
Seed Heritage,ChIJj9eL5_-YEmsRyCgsbnQ1FgA
Seed Heritage,ChIJj9eL5_-YEmsRiF2nVhzkQjg
Maternity Dress Hire,ChIJ3WFsaDijEmsR7TLF-79khFI
Hip Dysplasia Clothing Australia,ChIJibmvdr4PnGsR8EPw0ym8pKY
Dukes the brand,ChIJORoJY0EPnGsRbaPMCdRw9Rw
Best&Less Toormina,ChIJ1zctGpoRnGsRLixpez22CPA
Spendless Shoes,ChIJLyracDYMnGsRRv3s8KchIsc
Vinnies Toormina,ChIJEToIqpARnGsRBy_FSw3o09g
Feather & Nest,ChIJj0cctS31m2sR8UsL6jlB7mE
Vinnies Woolgoolga,ChIJp3LGlcr0m2sRlwpZt_T2irg
Vinnies Urunga,ChIJBwvfAko9nGsRYlG2WSUv62M
Wildchase Footwear,ChIJGWymm5MpnGsRcr2zZYA8qJo
Bambiniz Boutique,ChIJHeGBBhLIEmsRcvWNHEI29Y4
Manly Beach Babes,ChIJG-GCIg-rEmsRff6nRH6O6P0
Seed Heritage,ChIJs6FW-kSqEmsReyhl6Vq0BGU
Purebaby Chatswood,ChIJt3n1INaoEmsRpFX7SmayFXs
Seed Heritage,ChIJca5TtrurEmsRij9a6QJf-Ro
Ghanda Clothing Warringah,ChIJ8VeS-dirEmsRXWQZzryMxPY
City Beach - Brookvale,ChIJlZSbfkWqEmsRsTA8CdQ3Az0
Dolly Girl,ChIJ1RnY_USqEmsRqwmpQdF4uvU
Ghanda Clothing Manly,ChIJ8cDxeaurEmsRssDRvY7gR1o
Trenery,ChIJUZVi_kSqEmsR0ng-mvGujNs
UGG AUSTRALIA Store - UGGNAT,ChIJXTAv58lC1moRJvylVOpAAIU
Decked Out Gaming,ChIJd945ZmeqEmsRkRkUwjsTKb0
Smart World Company,ChIJZ9V44JWxEmsR2vnrXWrm64Y
Henrietta Skate,ChIJGXS9vkOrEmsRODmy7pUCD3Y
Rad Skate Store,ChIJzZlemWKrEmsRNm4rHL0Gft4
Spendless Shoes,ChIJb4kkf5pxD2sR-ZqZNdyvQF4
Save the Children Op Shop - Rockdale,ChIJMdVHZwC6EmsR56QEbLYLIQ4
Vinnies Kingsgrove,ChIJhXvYxym6EmsRubYMVeANTEs
Gorgeous Grubs,ChIJedpPwlHDEmsRYTR3cZW63O4
Salvation Army Engadine,ChIJ33wmmXLBEmsR523yNM3bqq8
BabyMum,ChIJy-6z8ly5EmsRCy5IGRz014Q
OurBabyHome,ChIJ6-cq1zq5EmsRXfp0f-0IJ7s
City Beach - Hurstville,ChIJIzfhsaK5EmsRc4MDNLKSZKM
iFAM Australia,ChIJAbEU9runEmsRgd8uoBUpvlA
Seed Heritage - Balmain C,ChIJ3UvKoLavEmsRIWvWDlA95_c
Ollie's Place Kidswear - Elizabeth,ChIJXeB7iT2tsGoRCpAOyaGR50c
Ness-Maker,ChIJKfm_O2Y_dGsR2duWZ2EyhiU
The Athlete's Foot Forster,ChIJ5ysQNz43dGsR4P7UAHgJBIo
Simply Bubs Merchandise,ChIJ2QkvArKaEmsRoq1oTNcLxY8
Seed Heritage,ChIJw8YBVfGFEmsRe35Gx_exTn0
818.company,ChIJYy_ujvSFEmsRaNT9880ylRw
Blue Mountains Ugg Boots Factory,ChIJ0SGgIk-PEmsRY3kyT8Vodb4
Vinnies St Marys,ChIJ9QvG_q2aEmsRlvyZu9DsZJM
Williams Shoes Penrith Plaza,ChIJEYy4TmuFEmsR8OX8quxHyNk
Himalaya Store,ChIJg4Kiy2S5EmsRVJ0nAXP1e4g
In Sport,ChIJUwLznDK9EmsR7U1xm-4lJBQ
B'Town Kids,ChIJn6iE-alfFmsR8xIv9Cao02s
Business World,ChIJMXiK5vq9EmsRdEQSqT3J3UU
Chic Clothing Co Pty Ltd,ChIJ8w2uWLCZdGsRik-09Cw6cvI
Fetts Boutique,ChIJowditpSnEmsRcWrnCwGe2SA
Pavement,ChIJNZYAifGtEmsRsugwvjr-vXo
Ollie's Place Kidswear - Macarthur,ChIJRyecTLHvEmsRH4mFslwyx1U
Best&Less Brookvale,ChIJwViqfkWqEmsR0Msg4lrLXgQ
Melba Muse,ChIJV3qe1XipEmsRZNh3-OguQew
Sportscraft St Ives,ChIJX5r9aBOoEmsRRcp8TtpmDi8
KOOKAÏ Chatswood Chase,ChIJT2OmMNaoEmsRcS3UVhpOvcU
KOOKAÏ Chatswood Westfield,ChIJTTLlZMqpEmsRwASvYlGXW2c
Bloch,ChIJdYXga6GfEmsRNw2mV9k1S0o
White Fox Massage & Wellness,ChIJvUILzQ59EmsRRzhXFGf2hO8
Seed Heritage,ChIJGVEORiCVEmsRlCGPtiWlH24
Little Rascals Kids Clothing,ChIJ1d82dAgR1moRLIxW1gnVr5c
Just Jeans Lismore,ChIJM1eU5B6ekGsRKynNmePRw08
Precious Prems,ChIJq6outEyUEmsR0Tse99SJ-B8
Little Raspberry Kisses,ChIJt9muFqhHc2sRx5YT8ZvKshs
Liberty & Co,ChIJFxt74k5Fc2sRoBPo8hZryuM
Factorie Green Hills,ChIJKxaTJrtGc2sRcW4pTMg0R6E
Platypus Shoes Green Hills,ChIJv3pykrtGc2sR5sBYPkQxLoQ
La Sienna Couture,ChIJ__8_3aC9EmsRetgtkbNn78c
My Little Fashionista,ChIJmc-6nMAfHkoRCH9qxxvYIg8
The Cub and Co Store,ChIJewE_ytuxEmsRlUaBKCFoEaY
Tidy Babies,ChIJd4UhkAyxEmsRXsBZ25TXQKc
Shoes & Sox,ChIJd4noMVCxEmsRSflE_oCVSHM
Vinnies Kingsford,ChIJ-4plVY-xEmsRoIG632EDjls
KOOKAÏ Bondi,ChIJ4RVpf_GtEmsRofyuaEC0o7I
Lorna Jane - Zetland,ChIJ1dzGJeqxEmsRVOB1xtq-7fY
KOOKAÏ Paddington,ChIJL5C13QWuEmsR8G5GQT0V--s
Sportscraft David Jones Bondi,ChIJSwlYm_GtEmsRzeNe-jXJCg4
Sportscraft Paddington (Clearance Store),ChIJ72QdPJevEmsRz1cpx4RbSlQ
Ferrari Formalwear Bondi Junction (Inside Myer),ChIJixRJBhutEmsRKu28wwVlVOc
"Agent Costume - Costume Maker, Appointment necessary",ChIJj4Bs5I2tEmsRUIwSdY56InQ
Tarocash Hurstville,ChIJdzm6tKK5EmsRv3wKYaE06Aw
Wetsuit Warehouse Sydney,ChIJ1z7oOq-xEmsRBojqd-1J35E
Lowes Macarthur,ChIJAScydrPvEmsRq4hhsRevJRk
MCA Store Australia,ChIJ68aBlEKuEmsRI1UHIGGkymA
Tarocash Macarthur,ChIJ6RONK7LvEmsRQc6DtOcbFqE
Vinnies,ChIJS8LFzIixEmsRUSf4w7Wf7Ic
Vinnies Campbelltown (Warby St),ChIJr_ZcKvfuEmsRuXBeLgYqC2c
Vinnies Minto,ChIJuxtx8g_sEmsRzGbw_2S39QI
Country Road - Chatswood Westfield,ChIJT2OmMNaoEmsRpAakxZauMbY
Vinnies Macquarie Fields,ChIJKwozz2rrEmsRSZ_cqZn7CwY
Lowes Campbelltown,ChIJ_bVP4_LuEmsR91cn5OSN8M8
Cotton On Kids,ChIJYzMopSmuEmsRBCI3d4Ue80Q
Seed Heritage,ChIJ-UtBlymuEmsReBfPmKjW418
"Adventure Collective Co-Working | Inner West, Marrickville",ChIJAQhVwCWwEmsRJPICUWJmiFU
Cotton On Body Broadway,ChIJ-y79oimuEmsRdPaUpWwaTOw
OCC Apparel,ChIJ9XF89vWwEmsR3XjdPmzgTio
lululemon Outlet,ChIJ-bRrwRGxEmsRkpg_uKx9pd0
Mannequin Hire and Sales,ChIJ88dArCavEmsRMvDAjINhZ68
Character Costumes,ChIJjYlp2GawEmsRsz0VJumCjj4
Cotton On Kids Balgowlah,ChIJY9BTJ5SrEmsRLqxZEU551GM
FRITZundLILY,ChIJVVUhMgmsEmsR0NkeAWG0v7M
Purebaby - David Jones Concession,ChIJFaN62CWvEmsRJiiGf40Dn5U
Fussy Feet Children's Shoes,ChIJQTzKc66tEmsRkl8NWnLKZPE
Smart Buy Direct AU Pty Ltd,ChIJdQUndOCxEmsR5wqn8kd4u8M
Vinnies Neutral Bay,ChIJF6tbXr2uEmsRR2m4H64j3_U
Country Road,ChIJ-W4EzD-uEmsRdhUbzv5fIro
Sportsgirl Balgowlah,ChIJN_1d49erEmsRKONQDOxfiJM
Cosette Boutique,ChIJE4-sEUCuEmsRnjwpEP5XPHM
The Junction,ChIJzwKq0jkUc2sRRmfOF4_93_s
Sobelle Living,ChIJF_lDl4UVc2sRwAlRaclJ8Ag
Bonds,ChIJO5J1Zos9c2sRYA-zcQJgG9M
Shoes & Sox Myer Charlestown,ChIJZ0xbnWU9c2sR5tZ_pUysdjA
societywild,ChIJDdwValIVc2sRIMYePyqqtZM
Zebra Finch Marketown,ChIJSUrgaUQUc2sRT9QxCRDGOv8
Lowes,ChIJnXuRU_sVc2sR63s1Epk92Ts
Lowes Charlestown,ChIJNwoHgos9c2sRYhkYNUj1M2U
Mathers Kotara,ChIJSYBSIf0Vc2sRuuIW_zGRA9s
The Athlete's Foot Glendale,ChIJx3TLnCc8c2sRuAujWq9H5Ac
MECCA Kotara,ChIJY7ihoNgVc2sRPXeyggy-Dkc
The Athlete's Foot Kotara Westfield,ChIJB_TCpJbw1WsRN59_8O5hNLs
Flash E-Bikes Newcastle,ChIJZ96XzrAVc2sR-zIlVb3y6Zc
Shoes & Sox Macquarie,ChIJT4hzzw2mEmsRdxwbMkYXQ10
Personalised Gifts,ChIJDwlxspylEmsRwRPmBiSegMg
Cherub Rubs PTY LTD,ChIJnzTyB3GTLysRITV4dajkQQE
Fairy Frocks,ChIJRyPFGIZtE2sRwT_R5pD_NUg
Bows and Bunnies Kids Clothing and Accessories,ChIJGQ-Vq_mHFGsRYrjNEhE3qtQ
Anglicare Op Shop - Bomaderry,ChIJmUyKw8B_E2sRYL5rgEVL6KU
The Clever Owl,ChIJVY1M3NMsEGsRNng_qNKNIsw
Ghanda Clothing Orange,ChIJSSdBu9MsEGsRbG2gqLbNeqU
Skechers Parramatta,ChIJ-7ZMTiCjEmsReOXrPKXRWBQ
AJE ATHLETICA Westfield Parramatta,ChIJW4jyOSijEmsRBDTxcWA0ZKg
P'Chi Swimwear,ChIJ25Ym0yf_nWsR7jRj65BfHEE
Manning Shoes,ChIJfS_hLCb_nWsRKDFlUq71EH0
Midcoast Uniform Solutions - Wauchope,ChIJyT9JFTP_dWsRpE3pYYBrzH4
Three Little Birds,ChIJJXLvPzP_dWsRofq7WcxMhR8
Cotton On Kids,ChIJQ4oVldzNcmsRLOWhFg2Mmfo
Vinnies Wauchope,ChIJb3MmgjT_dWsROQ2qT7tbluU
Macdonalds Childrens Wear,ChIJzz1Xq55UFmsRQyAU_PSn5vo
Best&Less Gungahlin,ChIJT0ORiJxUFmsRgt6LC7KU3P8
Best & Less Cooleman,ChIJw2BLtGa0F2sR1HVhza0MJw0
City Chic Canberra Outlet,ChIJPfjEZPVNFmsRw9JBlxVd4d4
Chilada Gungahlin,ChIJTYSCmfpVFmsRdCfocSqgZKU
Bonds Woden,ChIJNQULzry0F2sRpYIJJ9CPusQ
Vinnies Mitchell,ChIJC17XDw5TFmsR5TlBjlXGtkE
Party Capital,ChIJmS83-HCtF2sRXPEf1Dpz0z8
Best&Less Inverell,ChIJ3-01Izf3oWsRACmWHYUfh1A
Hire for Baby Pty Ltd,ChIJ5f2olFKlEmsRovzjp5E7V7I
Shoes & Sox Burwood,ChIJi9hjw9q6EmsReZJxHXBj7VE
Kappa Authorised Teamwear Wholesaler,ChIJkzPfro-xEmsRB_gTpUeDDfY
Promotechnics,ChIJ47pEV12wEmsRoNLZnqvzz5k
Roselands Florist,ChIJZU_DF-C7EmsR061SO2ui-WU
Salvos Stores Panania,ChIJmwoJmP--EmsRym0qOpqClpA
Cotton On Kids,ChIJF4k4GvAEkWsR6yFQPadtQt0
Baby Luxe and Co,ChIJq6qq44QckWsRMk-97Gd3Z8M
Seed Heritage,ChIJezgMFSoQkWsR_7VhauQw_JA
Salty Collective,ChIJP-WqcncBkWsRMCO2kMo4zIQ
Boardwalk Boutique,ChIJz4tzEtQBkWsR-FSr-AGTen8
Seed Heritage,ChIJV5fIfLYckWsR_TO8mXwprzM
Goldmark Tweed City,ChIJLxE3icf_kGsRGKPFcoSDMAw
Olas Supply Co.,ChIJ-6t_m38DkWsRuCla4GS3ogM
Trenery Pacific Fair - David Jones,ChIJ9Y7NiiAFkWsRtl5OmDLY_nA
Cadetshop Pty Ltd,ChIJNRJvzAEDkWsRO81WZnLvOhE
Sussan Winston Hills,ChIJo62btROiEmsR_eKowGnjKCU
Munsterkids,ChIJe1UklfXHEmsR5ZixOthyNv0
Hire for Baby Central Coast,ChIJP9qJnJnPcmsRCdEtkz-TEKg
H&M,ChIJ-ZMPb4w9c2sRQ8gOJuuL2Wo
Save the Children Op Shop - Toronto,ChIJk4_JU7skc2sRW9a0GXC6A74
Hugabub Australia,ChIJv2mJVQhikGsRFMXbBFWtrMU
TK Maxx Glendale,ChIJo21z8y88c2sRvGMigkWAS0Y
Shoes & Sox Myer Roselands,ChIJJQ4hT8W5EmsR702e0hXF9Cg
Gwunnies,ChIJw5h-6aG5EmsRLDfN2dyUQUA
Stormriders,ChIJ4wIUikE3dGsRfFg5NNVMYIo
Honey Fashion Boutique,ChIJjX-sLc2PEmsR4Nl-CzFynkA
Blue Eyes Warehouse,ChIJlWaroiq7EmsRDqhyYFbz7Ew
Vinnies Blaxland,ChIJmRhJBXKIEmsRuHQXr0mlMUM
IKEA,ChIJY4X0MGycEmsRon9gatPnJgM
Industrie Clothing,ChIJVePxdYO9EmsRdGtqxshgSXI
Darling Baby,ChIJMx3NBM1ZDWsRuHRSLd1cT4Y
Silly Billyz,ChIJxZhF3VtZDWsRjPeZ-9u9k4o
Isoki,ChIJq6rqEudZDWsRXrf3veKfw7c
Seed Heritage - Bowral C,ChIJIcAlub-iE2sRVgA2Z7WELRQ
Island Style,ChIJp44-ZrGaEmsR0hWJeSx-PZU
We've got it made,ChIJT3RqUTDTDWsRpxL_PtZceD8
City Beach - Narellan,ChIJx7qhl7vxEmsRRMLOw4Irnvg
TK Maxx Campbelltown,ChIJ3VFxR63vEmsRaBiNlucHugc
Salvation Army,ChIJc0i8yVsKEmsRt0etAFIl6Rk
The Reject Shop,ChIJ_W5CG04KEmsRRaijrQSHEtQ
Lahay,ChIJRcb0P36LkGsRyTGYAV8G2RU
Ollie's Place Kidswear - Fashion Spree,ChIJJQJuxlKVEmsRZ9Z56C-jFvo
Little Bub's Room,ChIJic_rJImVEmsRCwyxqe3tfv4
City Beach - Charlestown,ChIJv3b1ZYw9c2sRIDTz-Wh9AQ8
K Stars Jesmond - Surf Skate & Paddle,ChIJd4DR8DA-c2sRpE12GSXbXuE
Rockwear Charlestown,ChIJO1cyZYw9c2sRhTVSFv4Qcpo
Surf Dive ‘n Ski,ChIJ63kFRv0Vc2sRVnLE5n7f37E
Church 4 Life OP Shop- Cardiff,ChIJZx-JO8A9c2sRlcCPzwV9dwU
Vinnies North Ryde,ChIJVfWXVe-lEmsR0BkqPJqOdI8
Tots Little Closet,ChIJlwPJHsUTE2sRcby6ciXQhqU
Masuki Store,ChIJDzPevtiNE2sRtOaTd5NhAEQ
Posy and Poppy Designs,ChIJB23xNlhvE2sR6fTB3VLAai0
Triple Two,ChIJCXgplNkBdmsRpHiRSoIHY6k
Cotton On Kids,ChIJpYbRLCb_nWsRUKXCFbc43Cg
Oma's Bubba's Boutique,ChIJA_4F57Jvc2sRhs_YIzzzul0
Best&Less Salamander Bay,ChIJN7Ce3oSDc2sR2l2obGnUhaU
Kids Carousel Child Restraints Done Right,ChIJBzmFT9Aic2sR_UN16j1gJ-E
Seed Heritage - Myer Charlestown,ChIJVSasfYw9c2sRI2hrTW6-HGA
Little Treasures Handmade Products,ChIJAWHTPM9NFmsRc5JoFCLOoI4
Cotton On,ChIJKxNm6ITKF2sRMA2D2v3WT7A
Lowes,ChIJDx9gFYHKF2sRj_AQDg5xLUE
Cotton On,ChIJ2Qv4vby0F2sRGwxaiSduHgg
rebel Belconnen,ChIJg8E89XqtF2sRtX1Akb0V3FU
Converse Factory Outlet,ChIJsbe8VTlMFmsRnclyYV2sj-M
ASICS Canberra Factory Outlet,ChIJe5ZF6kRMFmsRjuC8z3DO2cQ
The Reject Shop,ChIJXZKTfXutF2sRSNVlxaup6tw
Harvey Norman Fyshwick,ChIJSVfw505MFmsRQ6mVJMrYFVU
Canberra Harley-Davidson,ChIJfVgkukZMFmsRVFCGOGRmvaM
Marquise Baby Clothing,ChIJVzaCuCZp1moRxM1q1J-uK1c
"BCF Tuggeranong | Boating, Camping & Fishing Store",ChIJF7ZH2I_KF2sRRZvTkMW2rU8
Allkinds Bondi,ChIJx0uAKiCtEmsRF-5vD3zBYKQ
Noffs Op Shop (Kingsford),ChIJFakMTMexEmsRtLMAqIav6hQ
Forty Winks Grafton,ChIJTc7OCAncm2sRj6Mcz8s4IEc
Ripe Maternity - Myer Sydney City,ChIJIS4Dgj6uEmsRorMPvCw3lu0
Givenchy,ChIJiw9XlT-uEmsRKZH_QqnM5wk
Goldmark Tamworth,ChIJvQABI7aYCmsR_2SCV9VH4RA
Katies Taree Market Place,ChIJ7QKl-CzIdWsRLytKRmMMChk
Forest of Play,ChIJ6X9jCcn7dGsRuBjhQfveVFg
Ghanda Clothing Wagga Wagga,ChIJO6VI936ZGGsRxSBDTC-jOWw
MADMIA,ChIJrfimIa-xEmsRF9_gWTYRBLk
GIRL MEETS BOY BABYWEAR,ChIJAYKND_2xEmsRycLD3Qp9K8g
Winter Rosie Boutique,ChIJeats_t4ZE2sRejKbgDXLI6Q
Seed Heritage - Wollongong Central,ChIJmbSGwbQZE2sR4x0AUgZqcWo
Butterfly Wings,ChIJ94ADV7sZE2sRoWrjUbUFTXc
Cotton On Wollongong,ChIJu9YIdaYZE2sRwp7eAdYICDc
Cybershop Wollongong,ChIJdR3UeLcZE2sRWYxNtxLsPT0
Oli + Jac,ChIJwREjRU8ZE2sRoPzZFCQnIdc
The Ugg Boot Factory,ChIJTzEe8NEeE2sRsyswo-pN9mM
Jay Jays Corrimal,ChIJR3EwR9AeE2sR2iMeP9yry4Q
Neglected Society Figtree,ChIJh86tkb4RE2sRNdm73aS1Gc8
Vinnies Fairy Meadow,ChIJobfpWDwZE2sRKybUxvNZBAk
Ghanda Clothing Shellharbour,ChIJQ9Yma58TE2sRzY7xqjrQilY
AUS-EMoto - STARK FUTURE - OSET Bikes DownUnder -NSW South Coast - EM Electric Motion NSW,ChIJccAXp78ZE2sRx7dz30Aw848
Christmas trees online,ChIJ8XGqg7lD1moRgAxWVkkwtsU
Redpath Horticulture,ChIJ_UBahuNY12oRulA8NWgXZwk
ASQ Garden & Landscape Castlemaine,ChIJ01l4Q3Qx12oRUWzWoVWUXHw
Woodland Trees,ChIJMUiKFJF012oRDWhUcEMOfWU
Cygnet Drilling,ChIJ6-yBCMvf2WoRtVs4wMALcTA
Jigs Garden Services,ChIJEzw8silVFmsR98SoPxWLogQ
The Garden Guru & Mowing,ChIJDZGh8ZRNFmsRpM0gTzSFD8c
Sydney Plant Co - Warehouse & Showroom (By Appointment Only),ChIJu0_ZI0ixEmsRZI9NApCaw5Q
Oasis Horticulture,ChIJVYZO1f-GEmsRPEbQEa0fEWU
"Price Cut Tree Removal - Tree Lopping, Pruning & Trimming | Stump Grinding | Tree Service Inner City",ChIJRW8net2xEmsRJZK6D_qPnew
Canopy Consulting,ChIJLWPsW9y7EmsRLQRgfqEaXww
Oz Education Childcare & Preschool,ChIJLQ1b4qy7EmsRlC8Bml1PfD8
Prestige Car Clean,ChIJQ3my-n6UMioRFZJqVBmZ1tc
Cockburn Car Wash - We Come To You,ChIJif4kXdGXMioRPMBrUlLEcL4
Xtreme Auto Detailing,ChIJq6ouhe2YMioRgUFbw0s2v8Y
Perth Car Wash,ChIJFzfIe52XMioRMe4rEl8TEqc
"Benno,s Detailing Services",ChIJP1fjfWSXMioR2nNKOcI-rGE
"Silver Sponge Hand Car Wash, Karrinyup - West",ChIJi2R0hiSvMioR_PT4pb3VPJo
Kustom Koncepts Paint Protection & Detailing,ChIJgZ7-n3-iMioRgkosYdj8y1g
Boss United Detailing,ChIJj_cqrS2lMioRmC2AQp-EFu8
Concierge Car Wash,ChIJd6Rzj_-rMioRZiz4DBpvs8E
The Wash Factory Dianella,ChIJM7MUZXawMioRJ50iXb52mXw
Kleening Zone Truck Wash,ChIJ0dXdR8i-MioRdELhbTXMz_s
Bridgestone Select Tyre & Auto Myaree,ChIJQ6wtpx6jMioRjidZnoPHRpo
Caltex Hamilton Hill North,ChIJQRe8Ej-iMioR-vu6aCiDrDY
Craftsmen Automotive Professional,ChIJeQvmGQ27MioRK7RBmdj19CY
bp Car Wash,ChIJyQYMwhKDMioRgWoLnhZGzdw
Iconic Detailing Studio,ChIJZe0Zf_uvMioRz4JDi8FY-24
Reaper Auto Industries - Perth’s Ceramic Paint Protection Experts,ChIJT61ctd1VzSsRxIS4zEAa6hs
Specialised Car Detailing Perth,ChIJhW8Oz469MioR701Wr0WNJfE
Qleen Detailing,ChIJVSCbBGu7MioR73VK-IdMoTk
Silver Sponge Hand Car Wash,ChIJSzVAy-6FMioR0txy1B3Hkas
Thunder Wrapping And 4x4 Accessories,ChIJ9SrwdMmDMioRzsXADHpK1xI
"Rockingham Auto Repairs - Vehicle Service, Mechanical and Tyres",ChIJ34ZztYWDMioR-ZDvkg8ktjY
mycar Tyre & Auto Booragoon,ChIJI6Lu2iSjMioRHLFMRGCb0Ds
North Bondi Kepos,ChIJV3EFZrOtEmsRI7Ouqg_KpeY
Peters Meats,ChIJXeoUu-GtEmsR8LXpbzlki-c
Subway® Restaurant,ChIJ4Wa7veGtEmsR2pakvEvp7QI
Oak Psychology Space,ChIJs_FA75-zEmsR1ODZeHI9sLs
Precinct ATM Randwick Newsagency,ChIJyUQo5SKyEmsRPYbWxrBom34
Shihlin Taiwan Street Snacks,ChIJv28cO4-xEmsRsNWbpuv6dmg
Yummy Palace Chinese Restaurant,ChIJhbNYauixEmsRo-ZflHXPAsY
First Class Learning Centre - Chifley,ChIJi78tgfyzEmsR7Ks6dC_tx3s
La Perouse Local Aboriginal Land Council,ChIJV9SoKKq2EmsRrnAD4r-rGJc
Soul Building Pty,ChIJ__-IPaq2EmsR4dCRdg6IcoU
Transdev John Holland - Port Botany Bus Depot,ChIJ7yLjFFGxEmsRE74bKxAbkgI
Little Hay Street,ChIJe3DjHhivEmsR9TsRE8Ai1HI
Time Square BBQ & Cafe 時代港式燒味茶記 Hong Kong Style,ChIJL0q5PKyvEmsRMOjpFFFqX5U
Argyle Bar,ChIJE0BV-lp1aYsRtNBiJQSzgJo
Lukumades Chippendale,ChIJKxjDCOSvEmsRFRHq8nOATIM
Rolls Vietnam,ChIJF9TIEBeuEmsRdPBj0s_GMlA
TAB,ChIJN7rmLa-xEmsRoGRWe2MnQOU
360 Food Group,ChIJyVAbspGxEmsRfkw74xK-Gu4
Sushi Izu,ChIJ-ac08zmxEmsRM_f7O2iupP8
WE LA THAI RESTAURANT,ChIJjUgHvA-xEmsRUOFDXsGKoW8
El Primo Sanchez,ChIJn_-8ehSuEmsRaYvD1g1nJWg
Palle The Meatball Joint,ChIJsXUqYUivEmsRmYa-O5aTopk
The Harold,ChIJE-SxcdavEmsR5ExJDbXLyxk
Lina's kusina cafe,ChIJ131NAyquEmsRoqA0CnKRY2s
Saigon Summer Glebe,ChIJvZx4jAyvEmsREtMTnxoSIE8
SULTAN PALACE PAKISTANI RESTAURANT,ChIJF9_5_5WvEmsRf3mF6oWSsn8
The Red Lion Hotel,ChIJlX84jcOvEmsRIW-FrMPOcZg
Mikki's Paella,ChIJObI9OFmvEmsRdChYQsfZj5I
Miklouho-Maclay Park,ChIJSblpqa2vEmsRSZJKqq_50EQ
Bangkok Bowl and Brew House,ChIJHx1qab2xEmsRDwTVpEnfSs0
The Little Potatoes Newtown,ChIJx0QvP12xEmsRP216RZ-pgUU
Express Brokers,ChIJ7x3i0F-lEmsRs9bWUR2Cj0g
Li'l Camino,ChIJPZpmo4uvEmsRcTlgu10Q5bw
Wild Bean Cafe,ChIJv77cNimwEmsR5L0rK0VHE7o
The Corner McCafe NSW,ChIJF_LNCSywEmsRBhnWsmjpyrQ
Vox Trading,ChIJ9R_1FfKuEmsRoKvGkgvioVo
S’more,ChIJxdEfm5ypEmsRjiyHOBUBSRw
465 The Avenue,ChIJH-6tntOoEmsR_gD-V3A-A8Y
Fin Cafe & Restaurant,ChIJxfyV29uvEmsRMXyFHTip9iY
Dr. Rowan Gillies,ChIJ3-MGed2uEmsRKEZqHEp6DPc
Gelato Time,ChIJlxbfqXivEmsRyyWMJb5q15M
The Rose Garden,ChIJmZb-PXGvEmsRrd9OBhpCWbU
Chimack Chatswood,ChIJta7nctOoEmsRKuPgx1dfg0c
Doodee King - Chatswood,ChIJv5CzMrapEmsRciO6ivZ-dao
Saikyo Chatswood,ChIJBbPx8typEmsRchEDaXxsg_8
Grand Bees Kitchen | Middle Eastern & Lebanese Restaurant | Dine-In & Takeaway Willoughby,ChIJcaT5DHupEmsR1k0yq3G71Qs
Quadrangle Shopping Village,ChIJmcskiUmpEmsRcrnLAgQXQWk
Rodney Clark - Castlecrag,ChIJR42ui0mpEmsRj5bRUyICDXw
bp,ChIJn5xkgC-pEmsRzhvF7sWy27g
Amcal High st day and night pharmacy,ChIJyzKFaDCpEmsRjmo1A3fk-vA
Metro Petroleum Castle Cove,ChIJH702fT2pEmsRYxzhfJcD8gc
Carlyle Road Reserve,ChIJe2d1dASpEmsRHQKnmp6jk_o
Arthur's Bakehouse,ChIJHTP2bqinEmsRQErpk6HtelA
Sheridan Consulting,ChIJueGCynioEmsRPgc_h0ZGRrE
Mind Mood Food Speaker & Trainer,ChIJW60zfKenEmsR9fteXpdUus8
West Pymble Public School,ChIJE3ZPytGnEmsRtQzFK6B_rUw
Kendall Street Kindergarten,ChIJV6O97SSmEmsR4OsWUgEVmAY
Kissing Point Village Green,ChIJyal-EEamEmsRceM6PXhIOSQ
Balmaringa Reserve,ChIJi1Q3KkmmEmsRq16nnRdfwwY
Estia Health Warrawee,ChIJd-9SaBWnEmsROCjPpvaiVjw
Archies Cafe co St Ives,ChIJqQ76fRGpEmsRe2YQyNtsCPs
The Lunchbox People,ChIJJ4EG93ipEmsRuKOCANr9EMU
Warrimoo Restaurant,ChIJzymlu-FXDWsRvuNbxU3JYRw
St Ives Chase Pharmacy,ChIJH67ju-FXDWsR4mf6lSSLBCE
Metro Petroleum St Ives,ChIJlcwzpeFXDWsRYMbQoZHbWtw
"SpiceVine - FRESH Sauces, Marinades/Stir-fry Pastes",ChIJ97X8Jx2pEmsRpuslgWtpAjg
Aspiring IT,ChIJWav3aQKnEmsR3Li8CowuRj0
Mount Kuring-Gai Public School,ChIJIVuGF9dZDWsRHSohbkSBVFY
Seaview St Park,ChIJmdEimNhZDWsRPnMKMDyDOyk
Mount Kuring-gai track,ChIJR-mWPfRXDWsRCa2LT8crmz8
Jack Whoppy,ChIJjSLWO-dZDWsRFOnKmtmSfL0
Kohinor Scaffolding Pty Ltd,ChIJLZBmJDdZDWsRC_M-VQcKpnQ
Made by Max,ChIJofgBlMWnEmsRjCKZSh2O7mo
Berowra Rural Fire Brigade,ChIJYZ9hDq9QDWsRp9N7VEOmkpI
Cowan Public School,ChIJxRjKTFlQDWsReMtTy5W7e58
Australia Post - Cowan CPA,ChIJGaNCI1lQDWsREjvL8x7PDUY
Australia Post - Berowra Heights LPO,ChIJWbnNDQlaDWsRluMtkfhOYiU
Serenity By The River,ChIJTZcFk29PDWsRbEjtD_VSSWE
MACKYS - Waterfront Holiday House - HAWKESBURY RIVER - arrive by boat,ChIJnSo76cNPDWsRfrweMIpSy6c
Hawkesbury Afloat,ChIJaZ_7TjtODWsRCX-oAXb61wE
Offshore Virtual Assistants,ChIJMck2DNxXDWsRWodpTkf7Et4
Bartercard Sydney,ChIJNUNMWiKpEmsRq12KQlMcCi0
Parslows Furniture Restorer,ChIJN0nGT2RWDWsRDFIyIUExHgA
Homeco. Belrose,ChIJcaXbG2tWDWsR2qPBZMT0Fig
Hospitality Management Australia,ChIJJS1VumpWDWsRCy9lkJkWUSo
Sophia Hennessy,ChIJAccKibipEmsR89wQsY1s99o
Yindela Reserve,ChIJqzKKJx-pEmsRyfP4PweNGHw
Forestville Chiropractic,ChIJ4ZIcEKGpEmsRAFEg2tN7VSc
Weaver Park,ChIJFZYkPKKuEmsRFoAhZNgupMI
Fish Face Bar & Grill,ChIJlSY6cyerEmsRld2HTFKiKf4
O'Dwyer Wines,ChIJVVVlEOurEmsRZ7Byh8oRgtw
Plumd In Plumbing Northern Beaches,ChIJ2Xvw2rerEmsRqJBVwvBD85k
Gourmet Graze,ChIJV-1U253HEmsRihISPIg5nzk
Muchacha Curl Curl,ChIJq6rWoJaqEmsRU16Re5g-LmY
Ampol Foodary Beacon Hill,ChIJ4S5ph2uqEmsRUW47pt0VHuU
Three Beans Head Office,ChIJEaoaF7-rEmsRM2YsQziTmtw
Manly Hillside Care Community,ChIJ-9D9FFGqEmsRpB7w7L1bK48
Alta Building & Development,ChIJjdl6TlSqEmsRiCJIx2hZ-7s
St Pius X College Playing Fields,ChIJE1LjOQSqEmsRdN3XOBnB5bU
"Walsh Oval, St Pius X",ChIJJwfzJQSqEmsRloP8BuI4F6s
Chatime Warringah Mall,ChIJNZhioSCrEmsRpwYjpWLFzp8
Cicada Glen Nursery,ChIJC6jV0P1VDWsRCA0hZ5Z5pIk
HOMstar,ChIJq6qeyoJTDWsR6vww37f2pEM
Sushi Sora,ChIJx4XmXjVTDWsR_9_UF-qSH9w
Tranquil Island Forest Abode,ChIJxwcs8H5TDWsRtD_LkSf5J0A
RW Stidwill,ChIJ__8b5BJTDWsRBtjMaZrAUOs
Legend Projects Pty Ltd,ChIJYeBLXaBTDWsR9oMQ6_20q7o
Australia Post - Newport Beach Post Shop,ChIJ6-93a0lTDWsRPQMAaDEG1jg
Australia Post - Newport LPO,ChIJbVq1Y1tTDWsRKZjyGh5FjX4
Amy Young and Matthew Young Laing+Simmons Real Estate and Marine Sales,ChIJWTdQVNJTDWsR74prN88OZgM
Ray White Prestige,ChIJU21_oQatcmsRUKM-nJ2WyKM
All Money Matters,ChIJZ5bynvFSDWsR2N9GvlTbaUc
Pizza e Vino Glebe,ChIJb96Ov2elEmsRV5qeUaTfxuc
Papilio Early Learning Hunters Hill,ChIJHWpsbGOlEmsR2N8ruafzvbU
Westminster Park,ChIJuUoliNylEmsRzM328yNA-F0
Kissing Point Park Putney,ChIJ9fOUWgSlEmsRo-e6NSKvfAk
FISHBOWL - Macquarie Centre,ChIJj1xytninEmsRWEq8rm0oeHA
Call A Bin,ChIJyXjsrvWkEmsREpn0wGiCc50
Allied Moving Services,ChIJzzxmw_4vL2sR8oJap1QuUD8
COBAINS COMMERCIAL & STORAGE,ChIJuU7_1sAvL2sRol9PA7_8ZaU
Littles Gippsland Coaches,ChIJsVIA1o8vL2sRFU1GSvSr_Ls
Northland Storage Units,ChIJoaOrkWIvL2sRR4COfMKrJaM
Dyers Distribution,ChIJeY9y6w8vL2sR0fz75vVDMb0
Australia Post - Guthridge LPO,ChIJH1_iHhkvL2sRtHzkg1K1hxU
Ag-Spread,ChIJs1Gz_fYzL2sRN8x0G_cGN4c
Ambulance Victoria,ChIJDRncOwgvL2sRrrw1NP42AP4
Bonaccord Freightlines,ChIJS3XTo6J8L2sRq4HCB9h-Nsg
Australia Post - RAAF East Sale LPO,ChIJW9KvMT4lL2sRb432MskCIj8
Peter Stoitse Transport,ChIJU-7FP2AnKmsRixEUnMBekUA
Leeson's Logging & Cartage,ChIJMXlZ2bApKWsRAiHI9y_owPw
Progressive Car Freighters,ChIJNQ6Bwrl4L2sRyjGIkEsIxK4
"BCF Sale | Boating, Camping & Fishing Store",ChIJH43e1dYvL2sR8niCAMy2yjg
Sale Magistrates' Court,ChIJzwBziAQvL2sRGng8buidXZ4
Kiernan Plant Hire Pty Ltd,ChIJS4HJRI4vL2sR1ia9fGyDmDk
Workforce Extensions Sale,ChIJJTUg6QMvL2sR5OlqFQSLQg0
7 Gordon Street,ChIJ5X7KU95_L2sRK5FA-k3Q3yk
RC International Logistics Pty Ltd,ChIJcTW6HvJD1moRRFG6pOyqyYY
RB Sellars,ChIJyZTIYmgvL2sRlBIn8N8x4S8
Prouds the Jewellers Sale,ChIJmSE80wYvL2sRg-thL1s_adI
Rockmans Sale,ChIJ4UPt8H4vL2sRgEBcMj5FH7k
Sportsco Sale,ChIJLSgiOAYvL2sRwZTyZXFMibg
Denim & White Boutique,ChIJcW3B8AUvL2sRmY0mhG6_0Ig
Sussan Sale,ChIJlaspuAcvL2sRoFYqMw1mbes
Jay Jays Sale,ChIJTWxQPAcvL2sR64g6wu47IV4
House Proud Gifts & Homewares,ChIJLSo6TwYvL2sRdDzoKQ-1Hd4
Our Past Times,ChIJ20pU6wcvL2sRGnWT0nxhjhk
Mallard cycles sale,ChIJ8aFbCqgvL2sRH-ceTHWlR50
Spendless,ChIJbRbb2wYvL2sRrkCA0iQdNi8
Cosmosis Lifestyle,ChIJTWxQPAcvL2sRqSG4PLHxmcQ
Town Square Boutique,ChIJi_zSTgYvL2sRzVApv4faFoc
Essence In Harmony,ChIJi_zgQQYvL2sRJEOfHZIx9F4
Jennifer Bee,ChIJp_dEkQcvL2sR30BmBBQKU-Y
Tyreplus Sale,ChIJ9RTDjaUvL2sRr4IEnD9T_Dk
Hristoforos & George Solicitors- Notarynow! Public Notary.,ChIJ8Tc4Dn9i1moRWAAbIya8XFE
The Little Big Law Firm,ChIJa0f2Mvdn1moRWgESoZ4jhOc
SENET - Gambling Law and Regulatory Compliance Advisory firm,ChIJw62aLchC1moRgG1S2w1cAyw
Jaramer Legal,ChIJfVkFYUtd1moRDN3I0Kf1Uu8
Becketts Lawyers,ChIJNQxyIQhD1moRsWsJyUtK0xg
O2 Finance,ChIJ7aoUlb9m1moR0DSFSDnEdLA
Lawpath,ChIJsT4vjEGuEmsROHMDDhQxrcE
LHD Lawyers Ballarat,ChIJG4ULy_VF0WoRaMPVO3H955Q
Opteon,ChIJ4T4dWfNE0WoRKd6t_eQ7oKQ
Mendis & Gibson Lawyers,ChIJW-tbFHld1moRKUh_m_DEThw
BTG Legal Services,ChIJaVLD39IY0WoR0BegK1KidAk
The Debt Collection Company,ChIJr_xRejpd1moR0wDbgSnQEhI
Saines Lucas Solicitors,ChIJT-LQUElFzmoREWNjtECRwZU
Wise Law,ChIJ4fVFuT6ncKoR99lsV9grkH0
Our Lady of Good Counsel Church,ChIJuTor-mhB1moRlwxUzMN1H7U
Rhead Group Pty Ltd,ChIJ27GdoypC1moR6u6Gfle25AM
Actuate Insurance Broking Pty Ltd,ChIJmcvz0fNZ12oRUY9tTSpSBcc
PD Law & Associates,ChIJUU0CTucR1moRybZtnXRBPZQ
Mepstead Lawyers Yarra Junction (Andrews Legal Group),ChIJe4f8UgTTKWsRl93M1DYDOX4
The Conveyancing Family,ChIJ6-cvOvEX1moRf03xDHgFkzk
Melbourne Business Lawyers,ChIJWfZT2Upd1moRw9UFAgQ2Pzo
New Vogue Conveyancing,ChIJfV5zbhajgwMRGWGxmUvm1XY
Ringwood Secondary College Library,ChIJ9bCAzs071moRv5it3R--W_c
Amber Wealth,ChIJqYsbHBqM7wARBBoM37VvPGY
Keen Architecture,ChIJn8epMPBn1moRHcLRp6DvUwM
Pont Logistics,ChIJtTPAMuZo1moRjj01YCtgvd8
Wantrup & Associates,ChIJeTCZL0td1moREUFc9x-NqDA
LFS Lawyers Pty Ltd,ChIJVahZWLNC1moR_xvNzHd7tX8
MDG Lawyers PTY Ltd.,ChIJBfO84Epd1moRrPSlmH17yEc
Blue Ocean Law Group℠ | #NewLaw Firms,ChIJP9oI8pRd1moRAjCjZ2i1f-Y
Workdynamic Australia,ChIJkUW6DrND1moR7YAp1ILtnrA
121 Property Co,ChIJM-HuHrlJ1moR2JPiC38xSHk
Mediation Minds,ChIJwyI44PJB1moRqs6aCnJL3uE
Quantum,ChIJb5GAyIVB1moRam7C8j1d30Y
Focalise Consulting Pty Ltd,ChIJlWZTDKtB1moR7zTaUxWgGSk
Orbit Futures,ChIJVVUF1ppB1moRc_Mk1cjk9lQ
Crucial Dimensions,ChIJn2yH1ppB1moRiQ97rStSnvc
Fogarty Search Pty Ltd,ChIJAQCUkkxd1moRWVBARQKdCDw
"Body Corporate Services (BCS), Hawthorn",ChIJr0vegyxC1moR8UI76DuN_tk
Verge Legal 维智律师事务所 (Box Hill),ChIJyxVdwuVr1moRV_f_8LUDoM0
Atzmon & co Solicitors,ChIJyQUusv5o1moRLiI8TyZOuxg
Gandel Group Of Companies,ChIJz1KZ1mdq1moRd_soCGfpJ84
Sabrini Foods,ChIJBbeslkIS1moRjzq0ZKLnToE
Rankin Lawyers,ChIJMTbu00pd1moRvlIxUaCrdrY
FAL Lawyers,ChIJH9eoVUxd1moRzVhgYhWuc0s
Kingston Funerals Melbourne,ChIJGXvxTGps1moRnCXFn3ReA4Q
Coghlan Duffy,ChIJAQAAvU1d1moRRvPAdOGZf0o
Florsheim Shoes Southland,ChIJAwIi1yNs1moR6yLa3K6A6GM
MARQ Labs,ChIJf2BVEopr1moRjHUXXLhTx7c
Primus Law,ChIJVVXlmsNg1moRHK31jwdCJzc
AHWC Immigration Law,ChIJu3jDjCBo1moRLOhqt15FGuY
The Society Of Notaries Of Victoria Inc,ChIJnclefvRD1moRreQd4DIUDHc
AXIS Employment Ballarat,ChIJ3TXJWfhE0WoReyjz1y5RSVI
Mats Mt Clear Cellarbrations,ChIJyQtUfipb0WoRkR8va1l93E0
Ellinghaus Weill,ChIJBwL8WstC1moRwRTzdEozDeE
Eaglehawk Police Station,ChIJ21w-K4JX12oRjEBx8grCWJs
Maurice Blackburn Personal Injury Lawyers Ringwood,ChIJRzv-69U71moRHVHZDDQ3ikI
Andrews Legal Group Knox,ChIJD7HwxDI91moRisJHOA_nnxo
Kyard Business Law,ChIJJVPqymNd1moRSyCl5xhUKRo
help recruitment,ChIJo_379tZr1moR9Px9bEgyCg0
Joseph Italiano & Associates,ChIJD9ZRttZC1moR0EhzgKqarQA
Vrachnas & Co Lawyers,ChIJrzAnoUxd1moRgimLOkRgNSM
BTT LAWYERS Pty Ltd,ChIJtylYXfhE1moRooXnq76EbM8
RV Legal,ChIJWxitrY5n1moRn4hUs9EQkGg
La Trobe University Student Union,ChIJj5JUx-JF1moRRw22ZbrbojI
WISE Employment Oakleigh,ChIJt1JWuFlq1moROjfovjgxtuY
OTAA,ChIJo1CfruEU1moR_Axoguiyr9A
Taylored Personnel,ChIJPTt9Qtl01moRCG-qEuYyDqs
Paul Tilse Architects,ChIJyawj1uhMFmsR3Lv889Gg4P0
On Forbes - ART Group,ChIJU-DWrF5TFmsRLXudkmQZb6Q
YOLK,ChIJQfj0M560F2sRdT1N1zQyTMI
JMD Design,ChIJbbg-yq5PFmsRHFJ_Qkd80-o
Sandbox Studio Canberra,ChIJqYr3Hf1MFmsRTtkDNOQ62ns
Studio & You,ChIJQ2wt_kWzF2sR84Nli0FF70o
The Architecture Practice,ChIJi3lCeIRNFmsRAZaWEO5C7-c
Loft Studio - Interior Designer Canberra,ChIJqTOcRTStF2sROTejU99MVaY
Solarcert Building Design,ChIJRwmf0N60F2sR4vHvsfDFSyo
Lymesmith,ChIJafZOXMpTFmsRYQdTBb4OS5Q
Foundsite Architecture,ChIJ6RzOC-61F2sRppjy9sddv8M
HOMES BY HOWE PTY LTD,ChIJO-v6_FVNFmsRrl4ZMzgNM-U
Mr Singh services(Nursery & landscape services),ChIJK6U798ZPFmsRKF-x32iNcHA
Dust to Lawn,ChIJla88GG0aNWYRfOOpBGe-zts
National Irrigators' Council,ChIJnZLMbB1NFmsRx3cYm-49u4M
Access Canberra Service Centre Gungahlin,ChIJlyQ7WpxUFmsR87XEWE7yqMw
FOCUS Toastmasters Club,ChIJK2q7et1NFmsRrmZjPxHTF9Y
Weeks Homes and MyChoice Design Studio,ChIJk2YlIrPIsGoRNQkR5PkuDIg
Edge Impact Pty Ltd,ChIJp8RTGNzOsGoRD1gL3RECUDQ
Amelia Langton Garden Design,ChIJnR9AU78zt2oRlFcBynY5quU
Dusty Diggers,ChIJQ9hFDD3VsGoRaEIrSAFXDwA
Ever Graceful,ChIJZ-RXg2MnsWoR6BMyPus9WJM
Capurso Artificial Lawns,ChIJK7eLN93zX6cRl4ZGf8ragtA
Adelaide Landscape Co.,ChIJ___zjSfHsGoRSa8ACb56Gw0
Affordable Team,ChIJbeUtAqm1sGoRiLFIQFXyBu4
Bliss Baby Photography,ChIJ_doYCya1sGoRNoet5Qt3TLs
Dial A Trench,ChIJ_xzt6-a1sGoR3jNAv_L2Uiw
Australian Country Choice Brindley Park Feedlot,ChIJGXZmSZmPuWsRZBCMWdD2TMo
QA Supplies,ChIJheSSQxG1sGoRKMtLokZzWt4
"Limestone Estate, Mount Gambier",ChIJQW1ttjQpnqoRVdI8SSkm7Bk
S.A Stone & Brick,ChIJsVtyC1dzt2oRlPV89CAMC9Y
SA Arid Lands Landscape Board,ChIJZyw5n2ffvGoRdPYoRrNUGpM
City of Victor Harbor Council,ChIJBZNJZkZOsWoRksADcItjfzA
Chapman Park,ChIJAWyj1a8lsWoRT9GsJJhcvpg
City of Port Adelaide Enfield Town Hall,ChIJCai6zePGsGoRTKdOM668KNo
South Australian Multicultural Commission,ChIJveJZf9fOsGoRliwv78aRDlw
Walkerville Town Hall,ChIJez3xOhLJsGoRVh71HHyUnlk
Ceduna District Council,ChIJkxCQD4GitioRPt4iW9N4YnE
District Council of Elliston,ChIJK28Ot6rXrCoRSP3bltWZcbI
Council Solutions,ChIJLWO4otfOsGoRaud9L1AQDvM
Adelaide Hills Farmers Markets,ChIJDxoFe10wt2oRulIKL2YR2Nc
Regional Development Australia Yorke and Mid North,ChIJB3_yipl-u2oRPqnEIwtVHDE
Startari,ChIJ4W9N_sXOsGoRHRd6NZtSPtY
The Box Factory,ChIJTUAZRSzLsGoR4IUJN5PJ0NQ
Bennett Architecture,ChIJ_ed8jpwlsWoRTsjRgofBQX0
Jomar Constructions,ChIJr2Sx76TXsGoR4gIMo5mMqmY
Rodeo Pty Ltd,ChIJ_cUOSh_PsGoROq7hh2cYUno
Ekistics Planning and Design,ChIJf0R1l0PPsGoRhZpPa3FNkeM
Margaret Graham Building,ChIJkcFmUxbJsGoRK-vzJIjvemM
Yvonne Svensson Architect,ChIJCQkgppHOsGoRx8UpkOQD55k
FirstStep Archi,ChIJ4ePCbebOsGoRW3OvMa1XRa0
Chameleon Photography,ChIJJZppgbjRsGoRFGfmA_ucbKI
Gray Hawk Furniture Designer,ChIJpUeNYNjOsGoRG_ItzyzUzk0
White Forest Design,ChIJ3cSG38HPsGoR2K0ibY_a9QU
Metamorphosis-L.A,ChIJ92ygyLrIsGoRV_BUNBzGsiw
Hamish Price Architects,ChIJ__8kDM7PsGoRnA-MYREqAB0
Red5 Creative,ChIJVcus-7XHsGoRlsvXDGYit8A
Urban Concept,ChIJ33acdFHPsGoRSS9o_wpvLV8
Woven Image,ChIJabAMf0PJsGoRYM44Jaybvpw
Motyl Shopfitters,ChIJAbCVSfDJsGoRjj3lirMtlSs
Concept DG Adelaide Structural Detailers Pty Ltd,ChIJ11U6mVO3sGoRSAehy1j9sD8
Malcolm Koch Design,ChIJdcm3f0PJsGoRMcvnZcGhK3M
D.R. Draft Design,ChIJH4XfGNy_umoRsgWPWvWbtms
ETZ design,ChIJTz6_K8_FsGoRkp_OlkmFwas
Daly International,ChIJN2ha1tbOsGoRMzCLx-FI664
Integra Projects,ChIJCWtn2sXLsGoRMG46C4BAjPY
Eragon Homes,ChIJr9Qkc7fLsGoR7WK4vkrBs6s
Bell Planning,ChIJwZksVTvJsGoRFldVUk-vBB4
Build Ease,ChIJwy6UMyjJsGoRDI33RMBzkms
Bankston,ChIJSye1aEPJsGoRbBrCKrJGXgI
Citify,ChIJ__8vevzIsGoRcZI2jlh1v7c
Ben Green & Associates,ChIJubSqKwLbsGoRYnuZEY4Q-ro
Darwin Architects - Morph Collective Architecture,ChIJ9RhLX_yTwCwREgqGerpeuRI
in4D,ChIJM03UMwyXwCwRW3NmuP8v4fI
Ilma Ali Design,ChIJvUXQuPSTwCwR_h0bWDWaxPI
Charlie Bliss Creative Photographer Darwin,ChIJ3azdUDyVwCwRyPyXEVHrPs8
RPS,ChIJl2JXXiqRwCwRTaXwzQ0oLFo
NTEX - Demolition Recycling & Remediation,ChIJWd6SSt2lwCwR5cXTwspHr64
Alice Garden Services,ChIJewI0AA4fMisRfkM84ZFAdMY
Tiwi Islands Regional Council TIRC,ChIJq6qa2H2RwCwR9CMx_8Tuoi0
West Arnhem Regional Council,ChIJXZw8u1GWtywRIPupDuVI4Lo
West Daly Regional Council Wadeye Office,ChIJ-YZFy0NxliwRpUaNFu-G28s
East Arnhem Regional Council,ChIJp9Y12PeA3WkRdgA3BrS2bpM
Thorak - Deloraine-Knuckey Lagoon Cemetery,ChIJ2V57w_y9wCwRL9QkQ0JeMDw
Landscraft Construction,ChIJId7UTXmZMioRuwmPm7qcA2I
Ecoscape - Environmental Consultants & Landscape Architects,ChIJr6Q32lihMioR8luINkSRmpQ
JW HOME MAINTENANCE & LAWN SERVICES,ChIJj8JbRIIdLioRD1stowYrJzM
Ty Stedman | Fine Art Photography,ChIJe7D9cEBHLioRig8Z-Yx-iBE
Image Homes and Landscapes,ChIJf6b-HPi9MioRX4o5thS4QLM
School of Design,ChIJP42um_CkMioRA7fiF8aiNAQ
MIKE EDWARDS ARCHITECTURE,ChIJrfuFHyyjMioRsYn7DvjUdZU
Winterwares,ChIJY5biU9GjMioR_k2qYbMpHIk
The Forever Project,ChIJVZR7LN-6MioRjt7B75uU52c
Allanooka Nursery,ChIJRRQQHqZj2isRZhAlqVxXQJQ
DQ Designs,ChIJ7aXeAWuTMioRa6L8ib0mDk8
All Aspect Design,ChIJ1-EUIsB-MioRCO-Iq23xGX4
Cushion House Australia,ChIJXy695cB_MioRtcV683tWIak
Mirvac Osprey Waters Land Sales Centre,ChIJ9cDfFyd5MioRaUT9aUBf58s
ARASTUDIO Pty Ltd,ChIJ5au1TNa6MioRvzCDzoENN1s
Blend Residential Designs,ChIJI2_7gE2jMioRyYnBSrTvBTU
FLANNEL Booragoon,ChIJ6WDNPoWjMioRJsfED2BwLwc
Gondwana Link Ltd,ChIJmXfOlyUnOSoRea4k1kVjqJM
Nature Play Supplies,ChIJ-43FGYiZMioRIaHLDOlxVw8
"Mahala, Forrestdale",ChIJDT_yAnyXMioR4JUAmpGX9ac
Hammond West Private Estate,ChIJdeeayhyaMioRaQ5KNFDNang
ADCO Constructions Perth,ChIJJ1TVGx-lMioR5ECxhJYoO0g
Nigel Moyes | Landscape Photographer,ChIJz6vqHtmlMioRLHBJX4dKLOk
SkyTec Photography,ChIJdcu9-Wi_MioR0NZtpmofKmo
Neurological Council of WA - Albany,ChIJX4jHrHlxMCoRJkdxTsJwP-4
Albany City Council ALBANY,ChIJn5kPLMVSMSoRkGS88m9ELvI
Outdoors Great Southern,ChIJf51TPiYnOSoRu5VB9INHYVQ
City Of Canning,ChIJ5dDvfPS9MioR1Oei687VURA
Williams Shire Council,ChIJUwJD3a1cMSoRkH6thM8QAg8
Clinipath Pathology Armadale,ChIJKTR3UmKTMioRmBOphh2JSV8
Halal Council of Australia,ChIJJyLpRvm7MioRT7GJAONsMEA
Leschenault Catchment Council,ChIJ-8yGTLgdLioRi6ZDYhYbXgg
Leschenault Homestead,ChIJzedTs57iMSoRVpMgZCBIKhc
Bunbury works depot,ChIJ69qExSjjMSoRRefpaswe2B0
Stephen Street Public Toilets,ChIJS3Jp5zgdLioR9WEuhO3oPoI
Aussie Building Specialists And Geotech,ChIJAVR2-xgdLioRiqmCzDhss2A
ATC Work Smart Inc.,ChIJH2Grjt5F2isRRbEjkCE5vAA
Shire of Harvey,ChIJjZAKLNr8MSoRPmZv85wBh0M
Watson Reserve,ChIJ_fgKqyPjMSoR4xOEIFMImT4
Eaton Community Library,ChIJ0V2MQhfjMSoR0pomeUUdX0A
Veolia Picton Resource Recovery Centre,ChIJ1WOpoFTiMSoRxZdVfSn2X_E
Harvey Town Hall,ChIJER_T1nsdMioRHLiH85SPbaw
Jeanswest,ChIJH6z_SxnjMSoRk2Rxk6TCGac
Forever New Bunbury,ChIJDXpTMRnjMSoR6LJoAefJOBs
City of Wanneroo,ChIJPw3-4dVSzSsRf9rdC_VUC6k
Eastcourt Property Group,ChIJE6Wigk2jMioR7BhF0TNrDYs
WAAC - Freo Xchange,ChIJH246BvqhMioRLr9656ctk6Y
Ministerial Advisory Council on Disability,ChIJDcGVK3uhMioRKIEmds1zefI
Rottnest Island Authority,ChIJ____W2-hMioRR6RhAB1k4Y8
North Coogee Dog Beach,ChIJJ-fWdYuhMioRdruh38wMRhI
Nedlands Community Care,ChIJQVW7kmakMioRbKVPGxqHNIA
Cargeeg Bridge,ChIJK1sH4yiVMioRY3CS5HgqUlQ
Langford Community Centre,ChIJt-Tf6N29MioRCbGk2XJtOPc
Cannington Library,ChIJC1XPLlS9MioRt5tzYafUiqw
EcoAcoustics Pty Ltd,ChIJq6p6_7O9MioRvUjFki33FgI
Elizabeth Baillie Park,ChIJa1fLiXm8MioRcAnyGLbwBA8
Jobfit,ChIJq6qq5lqDMioRe9A6OujiY94
Elders Real Estate Rockingham,ChIJWTYCMk-DMioRZHZwXA3-ouY
House Casa Maison Home,ChIJZ03LEWKDMioRGk0ijdcMVMA
City of Mandurah Operations Centre,ChIJ9UiBurt-MioRwLkUWRJ18lw
Secret Harbour Oval,ChIJIdcJg1yHMioR3e1f8uCIR0A
Department of Water and Environmental Regulation,ChIJcySm_tS6MioRaMCUG-Wzcqk
Town Of Port Hedland Depot,ChIJ-dxh2BpL9SsRluyDPeJY6E4
ANZ Branch Rockingham,ChIJ5yO2vUWDMioR0GC6m7WsBsY
ATM Rockingham City Woolworths,ChIJycXCy1uDMioRwu976EvxlgY
Connect Hearing,ChIJTbcb5ESDMioRok15I96a4so
atmx Rockingham Centre,ChIJDXO8npWDMioRFWBEQ-Mj55Q
Public Sector Commission,ChIJrdqF5y6lMioRGhZXvFuPZTM
Rangelands NRM,ChIJtzH4jlO7MioR_fRdF1vbCzU
Caroline Dunsire,ChIJP45kX-G8MioRrgVdvAggcII
Ngaanyatjarra Council Group,ChIJ2-kdlGm7MioRlhMATD7VWj0
Infinite Energy,ChIJaZjzQVC7MioRqW-E3ce4GdI
Westralian Strata Services,ChIJweioJkK7MioRg5Is79Bnw_c
ATBuild WA Pty Ltd,ChIJG2rVhtejMioRfLu4ISpat8A
Hope Avenue Reserve,ChIJacd5TMa8MioRVFFn7txFy7M
City of Cockburn,ChIJx-fgz5-YMioRU-ofxyFd50U
Shire of Wandering,ChIJCXepjkDEMyoRRfVP8LuSMDk
Shire of Irwin,ChIJ4fVzBmt-0CsRCvu8t_1rxms
Bankwest ATM,ChIJO72VRESDMioRZLCOStudYpk
Waroona Shire Council,ChIJ7cBxB0IRMioRMu4X7gKRZmw
Shire of Beverley,ChIJJx-uJtZ2MyoRuLIqxHW_MoI
Shire of Cuballing,ChIJWcTgkMuqNioRdehTOYDHQ5Q
Wheatbelt Development Commission,ChIJE4t_EnQ_NSoRarKa8vdAceM
Jessica Shaw MLA - Member for Swan Hills,ChIJQ9oth_a1MioRN0Yx8VQTer0
Pilbara Regional Council,ChIJE0K6FM-6MioRExE9r558NAQ
Pilbara Regional Council,ChIJOdN76M26MioRog5F1LsGF0E
National Civic Council,ChIJd77t5ui7MioRshM2aV2dbfo
Rivers Regional Council,ChIJzT_kVBWTMioRPnyw-o7Lfmk
Shire of Boyup Brook,ChIJNbEj-jFYMCoRn_UK7LvJiTs
Shire of Manjimup,ChIJW-dgV3hxMCoRJQ_2AI3hRy0
Subiaco's Christmas Cocktail Trail,ChIJ-d3OtL2lMioRX_EBkYjSOms
Shire of Toodyay,ChIJF_HlSLPVzCsR54TiWXFcUrk
State NRM Office,ChIJlV6m9mK7MioRVkn9MZFo9FE
Koondoola Regional Bushland,ChIJ9W5Fg-qxMioRJZsW2vCXvFg
Developed - Planning | Spatial | Delivery,ChIJoSyjjf6lMioRExggeZyGnCc
Shire of Coorow,ChIJg65FwJE4zisRgV_FNvDHMQs
Tamala Park Reuse Shop,ChIJRa_GeB9VzSsRo96nDkZhpWo
Jervoise Bay dog beach,ChIJQwUrZtKYMioR9LcR1z94eN0
Access Care Network Australia (ACNA),ChIJq6q62pGvMioRcD7NrFxkCm8
Mount Flora Regional Museum,ChIJ3xN_GVWpMioRNOyAoXd2Y4A
Mundlimup Timber Trail,ChIJn1YUb6H1MioRPhI-2eWPjJk
Curtin University Midland Campus,ChIJ7-VEkAi5MioRPNSNpYIr62A
Workskil Australia,ChIJXRX2m69_MioR2ZBZ4YBuVtA
Shire of Kellerberrin,ChIJeQZbXB7DNCoRDT4abUH7LYo
Department of Sport and Recreation - Wheatbelt Office (Northam),ChIJNUkXK8q6MioROEsc-eYrxGg
Strawberry Hill,ChIJsaBDyjcnOSoRHX534dqnMMo
Maine Architecture,ChIJk2vGZzClMioRG6_r49QaYwE
Nic Brunsdon Architect,ChIJAZdjh9O6MioREwF56tq4Njw
Donovan Payne Architects,ChIJ8ReYmx2kMioR0QtFFTDHE6U
CO-architecture,ChIJfQnULnm7MioRFQaXJChHchU
NORMU,ChIJA00RBhqXMioR7j_2aL0u5to
101 Residential Display - The Avalon,ChIJRy-rLkuVMioRxSsZcF3xbcI
Kings Rd Construction,ChIJybZHUBmTMioR9DyMQEEH75k
Olaver Architecture,ChIJA75DfBxD1moRP5X6rvy_M_U
The Avenue,ChIJsxUNzvaWMioRjWIi1qQWXzw
Prosser Built,ChIJyZa6M48dLioROQ81RFddJAM
PROEKT,ChIJk4FsMjylMioR0sZS8cQfDyc
Joshua Brook Architecture,ChIJdePL54JHLioRGyqLsRLmuXQ
ADE Architects,ChIJu9QAo6G9MioRU1bsvRaYcg0
Giorgi,ChIJAVOOgpmvMioRHWQnOWQUqtk
David Weir Architects,ChIJz2bOfh2kMioRwXMFSQCbrIc
BALTINAS,ChIJKyUNsdG6MioRqyVmYRMFTOs
michael cardinale,ChIJ2Xb0rUGlMioRAt7rMKMHfkQ
Evolve Architecture,ChIJbywaDVuuMioRzM7VYWh4C0g
101 Residential Display - The Capri,ChIJTdGxgLiXMioRYFs9OdTZ4L8
HUSTON ARCHITECTURE,ChIJAQCw14OhMioRup6G52DWnvA
Mike Richardson Architect,ChIJ3W1DPdqjMioREvZ6KeRdXjI
Studio M1 - Architects,ChIJk9iT9iGkMioRMt9B-SGY-O0
Tepuy Design,ChIJw0L_qZijMioRp6VuNOhUMjA
Jonor Construction PTY Ltd.,ChIJK7QnFiujMioRim52au4XjmA
FoxxCreative,ChIJN65FQgikMioROU16WqsrOdM
Sand between my toes,ChIJxdeqI2qiMioRT9__DEHBsCI
ShadeDOMES,ChIJVVUFzsxF2isR07A6_qHsKu4
Storage King Maddington South,ChIJM7AsdCq-MioRBJ02HE9eLuA
John Curtin Building,ChIJq6pqk4u8MioRGqum7ZsuvJ8
Bourne Architecture,ChIJG2OYjcedMioRYzyUYWOqURw
Rodrigues Bodycoat Architects,ChIJo4ocbR-kMioR8tEUzK_fJNU
Emergen,ChIJAQBAUXyYMioRzW-p6osKSiY
UpMinded Pty Ltd,ChIJAQDwYs1-MioRNjNoF9qgCRs
H&R Block Tax Accountants - Baldivis,ChIJQxdlrM-FMioRl_ZD7jxHCCU
Woods Bagot,ChIJNXgXfdS6MioRb6xqNvDLzUA
STUDIO ORIGAMI,ChIJca9I1YO6MioRBZ4esJGxlxs
Oldfield Knott Architects,ChIJywr2ig2lMioR-Fx42KfbA_w
MPS Architects,ChIJMddJ1UmlMioRT00LVunTIL8
DKO Architecture,ChIJP-Lyttm6MioRCtHeIVDvZjg
OTTOFIRM,ChIJWxir_s-6MioRwHDA605iHJ0
i2C Architects,ChIJZwzkFxi7MioRO_lQwwgnLog
John Kestel,ChIJnReAlt-6MioR_cjzXLMowH0
Watson Young Architects,ChIJH7bYLli7MioRe0tH9hOfvPw
COX Architecture,ChIJBygkBPi7MioRLEwHBsX77RI
Viewtech3D Perth,ChIJWwBe7LBUzSsRnkg4n0zMmhM
CDI Group,ChIJl5z5i9S6MioR9UkUuyywjyw
Perth Drafting Service,ChIJxT8Fctm7MioR0LBzkb4AR4o
Lighting Options Australia,ChIJQ3wMeTe8MioRzmm5Bn551Cw
Jag Architects,ChIJIca7KU6ZMioRfArXRct-XpA
CADDS Rendering,ChIJAQBAUXyYMioRnbePtUFt6zU
Easystart Homes | The Hudson Display Home in Baldivis,ChIJL7e-miSFMioRAekoeLnZ168
STEP Oiltools (Australia) Pty Ltd,ChIJa_8c-oi9MioRH51vyBeDIOk
Parm Tjhung Designs,ChIJpU89SkKjMioRKlnCup55Ea8
Momentum Apartments,ChIJGWpOQC68MioRmCx0xidJcGM
Kris Wiacek Architect,ChIJjfwLmCGkMioRNqASWHCbs70
Arc T-Lab Pty Ltd,ChIJgdN0-Y-vMioRgMjyaHVzuXY
Empower2Free Pty Ltd,ChIJj4ZVf_G7MioRR80nje35Ba4
TravisMitchell Architectural Drafting and Design,ChIJt-0pb5CZMioRTLPL9Ecem3c
Ektimo Pty Ltd,ChIJX5dp5neXMioRpKsC-buJxYA
DWA Architects,ChIJ8-RxLiC7MioRotYQe-HzxCI
Slick Design,ChIJXeMPrhOlMioRyfekP2t9Nhw
Turner Design,ChIJ45L8P9S6MioRLIFfULSti9A
Diverse Web Design,ChIJAQCwHii7MioRPnJlX1nU12A
Peter Moran Architect,ChIJH-PdDR-kMioRMNHxuTH3eeg
Design and Built Environment,ChIJ9byC2Pu9MioRHLVR9FMQQfM
Motivo,ChIJxzdvSqCvMioRURRKvGIlCeY
Studio Hira Pty Ltd,ChIJoQT7n-y6MioRkeiSE44mreg
REX DESIGNS,ChIJX7sKx6a7MioRngAuViXe_T8
Blank Canvas Studios,ChIJw7ayYcS6MioRaf75kjQlyVE
PC Drafting Services,ChIJkbxRG1tHLioRsKmTKMpusRI
PAUL LANE DESIGN,ChIJ0RWKWw5TLioRXys_lO-Mwfs
Harden Jones Architects,ChIJAbzwwhmlMioR4cONwhoeYI8
Geographe,ChIJVVVFo7hCLioRRa7XtqwTZGM
MW Design & Build,ChIJfcPHzAFSLioRdxeIXPeEZA8
Antiskid Industries,ChIJkeFfS4y9MioRX77zZFDWm9g
Idealings Architecture,ChIJi8guJDGjMioRTtPfs4gd4mE
Staple Design,ChIJ3W7M91qjMioRFuxapo9vZc8
Don Taylor Design Associates,ChIJRRRdYB2kMioR_faKQ9DLs8E
Passive Hive,ChIJ-5wLApa7MioR0gIGEDq1k_o
MDC Global,ChIJbfakfi6lMioR3os39I3IPB0
New Home Building Brokers,ChIJOVm32sKuMioRgGVx-cYXx6c
Atelier W,ChIJVVVhP826MioRO4_6iSW0HVY
Bellfort,ChIJY1B25BOlMioRn8BQ6t38ojk
essenziale,ChIJwwHmksO6MioRrmitFzBt6kE
Detail Design & Construct,ChIJ762KH-e6MioRFVWsxhEcc4c
Collaborative Design,ChIJMWPKGj-lMioR-25Rs-x_f5M
Azure builders,ChIJ0WvMfb-vMioR4Bs9ie6yyeo
GEYER VALMONT,ChIJJ8nwJiulMioRauDIfJ1ns5Y
Robert Sceresini Design Pty Ltd,ChIJK4amWgevMioR3VPUAl3WZaM
L.E. Roberts Drafting & Design,ChIJOVRgGdcU9isRARNewWZWzBM
Gary Marinko Architects,ChIJQ1wE_p6vMioRPnLNUKet1Bw
Tristan Viscarra Rossel,ChIJi9O2nKC7MioRVZnUG8vUC08
Home Design for Profit,ChIJq6qazp6vMioRp2O5g97Jb2Y
Henley Rise,ChIJ__97Pqy8MioRczDb-KzRFtE
Abode Como,ChIJ___i0K-8MioRly4aPbLwG30
Petit Home Improvement,ChIJicj9ht6jMioRZ9XgikjoRhE
The Summer by Match,ChIJnZuxcomhMioR1E0pHolK2II
Sandvik (DSI Underground),ChIJNQOfq8O-MioRKZ1viUtWk8I
Space Collective Architects,ChIJswhHQQelMioRgoZ4S38AnI8
Insource IT,ChIJq6qmiDClMioRqJSFC21UiDY
G.J. Gardner Homes - Perth West,ChIJYzmo4r-vMioRwrvQlGrJNkg
RenoQ,ChIJ_wA9CHavMioRbtYbjrxDT70
Hemsley Planning,ChIJlZCcl0akMioRIVvqLOqniMU
Manjimup Local Education Office,ChIJ5aF4MGpxMCoRIwiuH-5o6Eg
Peter Webb & Associates (PWA),ChIJETQKjzulMioRTAXfSFSlNLc
Christ Church Claremont,ChIJ39eu0zmkMioRZB9wUFmoObw
St Kieran Catholic Church,ChIJpzKMPeuvMioRZ2whSWgWCs0
Easy Living Home Elevators,ChIJoS0XSTelMioR3OTN3t0oSdE
WAIS High Performance Service Centre,ChIJowVNS76lMioRpGYc9fX8yTE
Architects Board of Western Australia,ChIJTV-frdS6MioR5YwR4kksOsg
Urbanscapes (WA) Pty Ltd,ChIJhcplipulMioRjjHJ7UMMth0
Alex James Gardens,ChIJccZ6w8PHMioRE9HTaPQ1aFk
Ridgeline Developments,ChIJF7-yNXS7MioRbYVtVdIb8VY
Cadsult IDS,ChIJSSQB6su6MioRg5fXptixxsQ
Cassari,ChIJb9C_Pgm7MioRYCf50fCm-Ig
The Coveted,ChIJwy29dxilMioRcSqlwCtOLuE
Mark B Images,ChIJD-LxDXW7MioRmmLvEuNdtH0
Hug Homes,ChIJBWX7S-6jMioRw3NEr6CONj8
WRSC Metalic Silhouette Range,ChIJDWnSuLF5DmsRJcUPCFXOOpU
Randal Shaw Design,ChIJ4Zi2D3-VEWsRjB2DNjrlU_E
Wealth Architects Mudgee,ChIJqeLWGSOJDmsR-AbfCZuIBSs
Turner Hughes Architects,ChIJZ1_ZRsKuEmsRm18vt1ewnoA
JJV Design,ChIJIdC-u_yTEmsRyvxZA-Lr_jM
Interiors By Cason,ChIJ00WWZaSrEmsRZA2ZQlN4cP4
Candido Associates Architects,ChIJx8mks_evEmsRZF59moPNPQA
Axil Architects PTY Ltd.,ChIJ1YJ0mbavEmsRPzKvz-hLLho
VTAS Sydney,ChIJE1KTWCCuEmsR-Ve8WqbQ9tg
Nouveau Architects,ChIJ7f1RHzavEmsRGxNJxdGg1jU
4d Architecture & Design,ChIJOZ4IKvSuEmsRyNYpgnEIAus
RUSH design,ChIJCUtCWcSvEmsRcttYG8wxtRU
Hill Architects,ChIJR-9fK9avEmsR2cJnTDCM3uA
SAGO - Design Build Architecture,ChIJM76UpBiwEmsRaIFPMr3QWyo
Morson Group,ChIJCVznMQ2uEmsRP8VDWAIg7AY
Rise Early Learning Abbotsford,ChIJHyaCykKlEmsRpdMKF-xFQJs
Two Tease Architectural Hardware,ChIJcx4qXMSvEmsRZ-urvo_mb20
TEAM B DESIGN,ChIJ5abhx9zdEmsRopn-13Nrbs4
Matrix Additions,ChIJq6pGhgWwEmsRyrn70Ek_-r0
Horizon Homes Design Studio,ChIJo3u7k_alEmsRbbMRiA-Jbz4
TRICON DEVELOPMENTS PTY,ChIJu-vo_2qlEmsRIvUjxpNIlS4
Bid.Shape.Shake,ChIJO1v5iJe7EmsRoFMM_El_q9o
Prinzair,ChIJ4WdKkdKlEmsRYgRf_IRvDxw
Brett Moulds Design & Drafting,ChIJm_POc5HnEWsRLMNutuFuMfw
Iconic Outdoors,ChIJ6yaXrEvTEWsRfSrWRkvI364
Aibee Architects,ChIJLZ8_UykpDWsRvLTeAJIG4zE
LTAA Architecture,ChIJ67plU9qbEmsRJGhDEx6ZMc0
Aspect Z,ChIJ_0KJf3fKcmsRbXxPRflVr6Q
Green Mouse Landscape Architecture,ChIJK8VRhkUUc2sR4AxW-7Gxpx0
Stafford Constructions,ChIJM-vIyIIpc2sRss9-I8Ts8Eo
Evolve Co. Architectural Builders PTY LTD,ChIJ4x7Dpnwhc2sRURKPS6dZ23I
SHAKEUP ARCHITECTURE,ChIJSwrLuEGuEmsRaR03twNRqCY
Krisp Interiors,ChIJwZ0ah109c2sRQAIkAJEQ9_I
Vision Structures (NSW) Pty Ltd,ChIJ7799l6bKcmsRCz0Nesc2xp0
Vetro Architectural Glass and Aluminium,ChIJs6LKYew7c2sRMI6VetBgs3c
Coastline Builders and Designers,ChIJ-VAMZAI9c2sRBwSwfsaqcrY
ITBoys,ChIJHajx7Dk9c2sRYWyM6jhc_QQ
MacPherson & Willott Constructions,ChIJ-2WSubUkc2sRtlqpSNhmOf8
Natural Interior Design,ChIJ8e7qTQyd8iURBHOlc3tARhg
Century Salvage - Bespoke Vintage Industrial Furniture Artworks,ChIJ0Qy1UZ3QDGsRQgDztcPynRU
Global Acoustics,ChIJz8dnqhZBc2sRRK8xSiAejp0
Lovedale Information Kiosk,ChIJywsanK5Lc2sResA9DTV5vak
Noble Architecture Pty Ltd (Scone),ChIJ7WA_9ZJrC2sRKK3_oBEmtDI
Aberdeen Surgery,ChIJHYxc1iZmC2sRXw3ynOLeQI4
Willow Grove Village,ChIJXeI8Je9pC2sRu1AyslLq_fY
Aberdeen Public School,ChIJ_2h3tTxmC2sRwKRpUCnH5-U
St Joseph's Catholic College,ChIJ_2h3tTxmC2sRwDFWdxzWCqI
MSK Architects,ChIJEwxKZ6ypEmsR91llz_huIi8
Williams Design Consultancy,ChIJ__9LZlQmc2sRVFk8r9hDr5c
P.B. Eveleigh Plan Service,ChIJ_TnsZvJrC2sRLEIHVDctyns
Fire and Rescue NSW Aberdeen Fire Station,ChIJxypwuCZmC2sRLKx3ix6_aYE
Sunday House Projects | Building Design | Interior Design,ChIJs4bsVHXh9o0RtWJAZYvmwIs
b2 Property Solutions,ChIJBcveyHnKcmsRg5UVRjF74R8
BlairBuild,ChIJxyDkk2S0cmsRhkA-FsWxY_4
Perram & Toohey Builders PTY LTD,ChIJO7baSz2wDGsRT0cYDW_SJvQ
Speedframe,ChIJxdUaHRdBc2sRweWTYOS5BNY
Citygreen Systems Pty Ltd,ChIJq6qtrCmwDGsR3Een2XzmxTo
Rose Building Co,ChIJY0Y1Ad0Vc2sRvSIDnPc-jQo
Bastian Architecture,ChIJW7Z_PX-vEmsRXcnFM74DX7Y
Ferris Building,ChIJjz8NTYkVc2sRDsdvTRf4OvQ
Systems In Sync,ChIJ1yHP-aJpc2sRjJbw6XwrqoM
Built By Eli,ChIJNyNWyoIVc2sRg2JMv4kKInw
DTA Architects,ChIJOaYkh_rxEmsRtql8Ne34S6c
Michael Kitmiridis Architect,ChIJmXVOM8axEmsR5Q4-uSHLVJE
Scale Architecture,ChIJeXPgnCKuEmsRLsvlZNxacu8
MGH Interior Projects,ChIJDdOogsSvEmsRpEUa4NTmCHg
Section J Reports Australia,ChIJ_QHlDgolc2sR83FLUgD8D6E
Aurae Architecture,ChIJfyHUXF-vEmsRktV0AU8Q2w4
JNDC - Central Coast Custom Home Builder,ChIJ31tT7yi1cmsRNVAdnN0stn8
Green Apple Interiors & Design,ChIJxYHtJ2Yjc2sRkwbDlFGfQLc
Mather Beere Architecture,ChIJucNmPaCtEmsR9XvgPu-eAm8
Little Rooms,ChIJ_Y5Z48IVc2sRHO6m9FPFrEM
Gus Armstrong Photography and Design,ChIJNSYLhDqJDmsRsGW9A5soCrs
The Beholder Styling and Design,ChIJ54sQzbm1cmsRyPS-wvBoPHc
Chris Robinson Designs,ChIJ8TjQLLfxDWsRaq8wpm3mKmw
Furfaro Architects,ChIJZ0rm1deTEmsRL8A4Jl9EQIw
Sydney Drafting Concepts & Design,ChIJP-fhoLrxEmsRv9wfeBWscQU
DKC Architecture,ChIJF_MU3heuEmsRf-61H587WDo
Brently Reid | EcoSphereDesign,ChIJq6qqqmWwEmsR5-GLx-tP9YQ
A1 Design studio,ChIJE8w0e-SeEmsROqapQ33nArI
Energia Design Concepts,ChIJVz9igXyfEmsRSQbdQAEN7eM
Colab Design Group,ChIJlQYp3bWxEmsR-I9e8K7udxI
ProPermit,ChIJxyakHr69EmsRwwsIRZC9ug8
ADH Studio,ChIJa7MDLauxEmsR9uNOgOIKz_g
AEDStudio,ChIJE_u3KefJcmsRdZPmCVlnZVk
Phoebe Nicol Interior Design,ChIJNUs4EaSxEmsRjJgNuxwQ-aQ
Inscape Projects Group,ChIJs_U7dPKuEmsRfjmUgfIWWoI
T Link Group Pty Ltd,ChIJgxTKhbq9EmsR0kr0Cm4nVIw
Dickson Rothschild,ChIJ7U6ZlESuEmsRevC262VGdns
Richards Stanisich,ChIJQ3b3DB-vEmsRzo_MhUmmPU0
Dobra Design,ChIJi0eszq2VEmsRfNcNwX4SviI
Brunet Homes,ChIJF4Q4Je-VEmsRN2oSPWQ2rL8
Baymon Group,ChIJ___rCdCXEmsRXKd57HiOwnc
Xtreme home makeover,ChIJt1SsJqOXEmsRJe4VyQ184aI
Bella Decor Australia,ChIJq48ACBCXEmsRpRSR_woI7Vk
Spec Design Studio,ChIJh53TicSvEmsRqvfu8MFrME8
Studio Parisi Architects,ChIJNZYUx_KvEmsR0IKDsbbazas
Ibiz Design,ChIJuyG6xxelEmsRxgnzuNrcQu4
IA Design,ChIJtUy-FkKuEmsRfk1qU1iK7Hc
Poli Urban Sydney,ChIJqdiKvUCvEmsRT9wH9ynNZEw
Pearson Architecture,ChIJAQAAACmuEmsRf9fIhVUqzwA
Harry Sidaway & Associates PTY LTD,ChIJGRLquLmvEmsRETPtJqWrVGM
Altus Design Studio,ChIJ2xneh7evEmsRRCJDJfqZHtQ
The Escapist + Co Interior Design Studio,ChIJi9QCtUCxEmsRRDF_YetlrVI
Opusarch Pty Ltd Registered Architects,ChIJI36_156lEmsRCwAArk3ugdo
Mac Design Studio,ChIJDaxtawGxEmsRInEaNILGGNs
Pirrello Design Associates,ChIJI0qtsHelEmsRjv3R0Rd9cN0
Archistar - Property Research Platform,ChIJ9_sYmu6hEmsRnF5vkEtuLI8
Apex Projects,ChIJE8_ebMyvEmsRF2ZYwzBPWWU
Palm Studio,ChIJzwjzpsivEmsRrfCEj9E_srU
Wurkspace 7,ChIJY26lEkCuEmsRQkx6rdAkFqE
Studio Prineas,ChIJrW40Yg6uEmsRT5BeDqoG-b4
Eastland Group,ChIJ2_m7k-akEmsR3sWTcfpsJng
Moffitt.Moffitt.,ChIJPbtF1SGuEmsRlaGSrPj6loI
Bayl Building Designers,ChIJq3ND8S1uG2sRuSgVoOTx5aQ
Kim Murray Architect,ChIJqUdsnQupEGsReSSshgiO7js
Charlotte & Co. Interiors,ChIJdz-z9QmuEmsRRMFjZ-S8yxE
Prue Laney Interiors,ChIJdTELM_y4EmsRDrORoXID7OM
Allman Johnston Architects,ChIJ5z13qeqiE2sRR68vHh2OfUY
Kathy Barnsley Architect,ChIJ2dBdMjqXE2sRJ_CmITOKhIU
Pitch Studio,ChIJu5OF_279EGkRrfPt4o2Bd3A
Bloor Plans,ChIJz8Ws8JKiE2sRacAj7VC8s1Q
Solis Haus P/L,ChIJ8fClGlKjE2sR5rYczIBVMx8
Seven Mile Architects,ChIJPSRdbPl_kGsRr47u4dwRDbQ
PETER CAMPBELL DESIGN,ChIJlxMr6TiXE2sRVIluHmych0c
Luci.D Interiors,ChIJsxHy8O2RE2sRs7SdoasXM1E
Vision Property Development Hub,ChIJDScdLaaNEGsRd5YHp8N47b4
Unearthed Homewares,ChIJb2qSdqiNEGsRmmiABpehxzQ
RizDesignOffice,ChIJNeZSu2g-c2sR9VM6DU0n4eo
Pedersen Design,ChIJo418Y34-c2sRmZdJHsJsLos
KH Designed,ChIJKX8nDUojc2sRoSLKyocKgEc
MKPD Architecture,ChIJv7W2_Ycjc2sRmNjIvYe2SkA
Plan Vision Australia,ChIJzz7_euYVc2sRUx-r0mGMa4o
Lucid Space Design,ChIJHbhTSu_ZcmsRCOH4tTkvKkA
After Dark Design,ChIJE_GeZ1oVc2sRi1h9y2bR2yo
Emagine Design,ChIJW1WAqy8Uc2sRfo0A0bVQxjU
MOJO Homes,ChIJeV8cTRFBc2sRW8rmdes73so
A1 Advanced Drafting,ChIJYz9Gid3KcmsRUcmNplJdjIA
Montgomery Homes Display Home Huntlee,ChIJkeKbBZ5Nc2sRjzpwgnxahgc
Viva Living Homes,ChIJ5wqwMxplEmsReW79xSZynpM
Smart Design Studio,ChIJxxwo5uGxEmsR4XYWdU97bZc
Classic Building & Design,ChIJnSSejeDNcmsRW-cOk3K5-1g
BAXTER HOMES,ChIJuT8mXeLNcmsRjNYD7r-6wPI
Montgomery Homes Display Home New Lambton,ChIJDdWjKCAVc2sRUl6LgcrKqW4
CalCo Surveyors Pty Ltd,ChIJedtP3PT7dGsR5bfjfk05W2o
New Eden Design,ChIJFeFbhnmBkGsR3O-nSJD2f_Y
Stroud Homes Coffs Harbour,ChIJR3oNJNkNnGsRXOePaRFoUIg
BAUA,ChIJHQSykVPmnWsRY5oJh5wCvO4
JLA interiors,ChIJYfa8QE4BdmsRxDKhCeX2jrk
High Style Furniture and Kitchens,ChIJSaMzTzz3oWsRz7nR7gq2lG8
Neate Projects,ChIJy6mpYx9tE2sR_oXRWHIMs_E
McMahon Structural - Advanced Homes - Home Builder,ChIJneemc8D3oWsR3xvfOAvRS9w
ECON BUILT PTY LTD,ChIJGaB3n-7bnWsR59O0nj_fgus
Starter Homes - Tiny Homes Australia,ChIJaQsZ9eiBkGsRCpaKd7Q_ZYw
Stanton Architects,ChIJb2gw4kmlEmsR4bBYdPsbvrc
Thames street studio,ChIJv-3vEbOvEmsR7tOqaXI9u80
Pasquale Romano - Chartered Engineer -Insignia DesignCorp Pty. Ltd.,ChIJk1ZX8lKlEmsRAP2C5Man8Ec
Stafford Moor & Farrington,ChIJg7QGpZOvEmsRqShgDofD7JA
PODS by design PTY LTD,ChIJx7hUc9KvEmsR7x3EsYaYTwU
Ioanna Lennox Interiors,ChIJj7ouHyqwEmsRlG96Xtc-7w8
Ware Architects,ChIJrarOu_JikGsRIAapX-P1s7Y
BKW Electrical & Earthworks Pty Ltd,ChIJFR66RvjtEmsRtFHAUypJcNA
Jindara Building,ChIJZw7zA90BE2sRvfXPq5V_vo0
Mezzanine Floor Builders,ChIJD66M3p99DWsRYai1oaD6bKc
Milcon Excavations & Drainage,ChIJO7uFFKhhDWsREFnF2W_3PN4
Poolside Company,ChIJ6Q4bLXjzEmsRtpe7n2HhkcI
Kamilaroi Construction Group,ChIJcWMIOUtlEmsRCrbNahYck34
TSF Architects,ChIJ_ftTjEetEmsRvuk50Nw8n7Q
Gawthorne's Hut at Wilgowrah,ChIJP4Oem9yJDmsRtcvrOTJGWn8
Grove Architects,ChIJFekD2_ytEmsRDxbxLYAKbLU
Corona Projects Pty Ltd Pymble,ChIJ7wjic1ypEmsRVNFxPusXLwk
Authority Creative,ChIJUW-PjqCzEmsRrrwb3RihPIU
Campbell Luscombe Architects Pty Ltd,ChIJ28PzeeGxEmsRqvAGkKALXrk
Chris Elliott Architects,ChIJl0H7bj-uEmsRfjWSdsSZOJs
M+M Architects,ChIJif64zqerEmsRrmEZYYJmOoM
DC8 Studio NSW,ChIJ2f8KrYyuEmsRy-ou0BKpa0Y
Mukti-Gupteshwar,ChIJ4_WFGATsEmsRrOqBKWiG11c
Myanmar Engineering Association Of Australia,ChIJ1b3YhPWXEmsRBP7oV0tOzcw
St Charles Borromeo Catholic Church,ChIJAReGh6GlEmsRY9p117UTpxc
Industry Planning,ChIJ191y5rwTE2sRMaQSC__7TfM
St Luke's Anglican Church Concord,ChIJv0M35826EmsR0tSxwXyo1Zs
Christine Forster,ChIJuZTHIDyuEmsRpol5eOze6Oc
COTIQU Pty Ltd,ChIJx8Vh0sKuEmsREhJ1TRPiIlg
Balmain Watch House,ChIJnb0Kr7SvEmsRKP9dMnpQ8_w
National Association for the Visual Arts (NAVA),ChIJ13oNdG2uEmsRKIPDXi9nMlM
Sri Karphaga Vinayakar Temple,ChIJDSAOTEa7EmsRZxc-Tk-YZvk
Stage Door - Capitol Theatre,ChIJQW8PNdGvEmsR2Mc05udvk8g
KinKera Community,ChIJbQxoSomvEmsRQQtiWgENoTI
Turpin Crawford Studio,ChIJjcr3kgivEmsRuwtJqpcUYfw
MetricMonkey,ChIJA3g3UQuyEmsRgTxJhgUwWag
The Now Protocol,ChIJO8ljGiKuEmsRHDgRt_PygVs
WIBAS,ChIJ_f8_nZUVc2sRdi5mTTJNqbU
GAEA Architects,ChIJHX14PmRTDWsRbHLbyPxG0lA
Gap Designers Pty Ltd,ChIJBWPIXUGwEmsRWxGXTMJYr6U
SJH Planning & Design,ChIJM81-XuW0cmsROrz14aSyTTQ
Lake 2 Country Building & Marine Consultants,ChIJ0W_gp8Ilc2sRuL0Ad8lAA3U
Kevlon,ChIJ93QT9kNTDWsR6qgHBuxpGNE
Beveridge Williams,ChIJ769V5tfNcmsRGFvIGxpIuGk
Suters Architects,ChIJVVWF9HsUc2sR9rhZPNSJUjo
KP Planning,ChIJ5ba1zPb7dGsRGwqL-VhEwUg
Central Industries,ChIJ302wFTUKEmsRydqCutttXss
Dingo Ezy Solutions,ChIJNwOxkk19DWsR7ovvVEjA4-c
Eco Logical Australia,ChIJt9twq2yJDmsRiicmmQvaTXk
MYARD,ChIJhQBi0X-fEmsRmbpKguDUTZ0
Cicada Creations,ChIJFSs5eeWjEmsROZl95WXbpXY
A1 Lawncraft & Cleaning Services,ChIJx5qMNRKUEmsRWAPV-Ruq7IE
Ponds 'R' Us,ChIJLfowZoLsEmsRAGccvZRB144
Glass Recruitment,ChIJVzlC9EivEmsRuVmbPtjMYR4
Helleur Building,ChIJP2vcuLg9c2sRDpijkRhZ9JU
Betta Lawns and Maintenance,ChIJseV03HXjdWsRluKvUod50BI
Brads Mowing n Maintenance,ChIJdVU6ilgNnGsRkLT254chzzw
Fair Dinkum Builds Lithgow,ChIJGWdLc6MLEmsRFFcDqOE9L4Q
FLO Garden Tools & Facilities Pty LTD,ChIJWX3aoPOjEmsRq_x-brZ7ghU
Green Sky Landscapes,ChIJAQAMDVBikGsRzECB3qB1IQA
Play Design Studio,ChIJd-NTwU6uEmsRP3wv-dvLu0E
Plateau Garden Landscapes,ChIJ8ecWZc4hEmsRTp25kkIc3Ow
Ezi Mat,ChIJs_ZpGpY3EWsRxbB2SFW9SKQ
CDV Design,ChIJ_wWD6uENEmsR6y4KuEWWjcA
Seth's Lawn and Garden Care,ChIJwYN4y8NFc2sRBnvz1Hw-QK4
Living Walls Australia,ChIJ5Y5kmOzXcmsRm_9ymjTMyW4
Rawson Homes HomeWorld Thornton Display Homes,ChIJD2OX3n9Bc2sRoPzobDTnqXo
J & SK Kuchta PTY LTD,ChIJqeHm9J7RDWsRgxkdcFnPfsc
Tarwyn Park Training,ChIJiRa9AyTODWsRJyndi1Xh80Q
Brickworks Building Products,ChIJ8-lYvMuQEmsRnQcrUqee8Gc
Aus Arbor Tree Services,ChIJz_DrnKy_EmsRZoxjgMtDprg
Smart Projects Group,ChIJW-XBkzOVEmsR5is59xSJ9lE
Flower Power Distribution Warehouse,ChIJweVCrVqQEmsRawidh3tNbhk
Urban Roots,ChIJ5e8Mz7CvEmsR-gW-jIp8svQ
Forever Landscapes Pty Ltd,ChIJP5pXWy2pEmsRynmFTXyQbAA
Genuine Building Services Pty Limited,ChIJNSxnAhiwEmsRYcKBjBL9RJM
TQ industries,ChIJZ5HmA3qlEmsRrQ243CTcbaI
Hawkins Photography,ChIJq7CfTJulEmsRtQT-ue634nM
Klick Photography,ChIJZ4wkBaivEmsRTI8n_ItfbH8
Binacrombi,ChIJO3VI-WpfEWsRmQS_NyJ8Dpo
The Beach,ChIJPT7vveBvEWsRu36BxL-d_g8
Arch Cottage,ChIJhVgIc5UJEWsRK3qlyJfgaTc
Abercrombie River State Conservation Area,ChIJhaZ9QpB5EWsRE1SiOb8j0Uc
Licking Hole campground,ChIJH_bMmTt7EWsRof6FYV-hYSY
GrowEasy,ChIJLZbZ7iU2EWsRsw1itEdDCa4
EMU HILL (SEDTEK Pty Ltd ),ChIJSxrgKf4dEmsRSEO8LhCDx_c
ICF HAULAGE,ChIJm_QQO40KEmsRrOBnEHX6xt0
Quality Building Supplies,ChIJ2cLmRinIEWsRTvSWMRfVNbs
eclectopia artisan gifts + wares,ChIJ15FX_uBfEWsR_XxD8P0eF9E
Everlast Retaining Walls & Landscapes,ChIJP9izOyE9c2sRpfcC0x2-G78
StevesOasis Landscapes,ChIJU1X5H9_RcmsRaNBXxt7tgos
Hallett Home Solutions,ChIJxePUxKFoC2sRBttwVff5sOE
Aberdeen Fishing & Outdoors,ChIJo1zT1yBmC2sRiZBS85qx-5w
FoodWorks - Aberdeen,ChIJI-hJZTtmC2sRcZbdhQDvpqI
Hunter Plant Mechanics,ChIJVUuSrBtdC2sRWkXk4lkhjkY
Dimmocks Quality Meats,ChIJgdrMXyRmC2sR1SJxiTcwNlQ
No Bull Building and Excavating,ChIJybBXIa1tC2sRCukYLiUjoSY
John Bradley - Australian Landscape Artist,ChIJ26q-B0kbC2sRAM21HXFYBUU
Denman True Value Hardware,ChIJQbzYwy-EDGsRLttWEyYht-A
Georgina Lomax Photography,ChIJ_RYpSfNrC2sRFTVR7todlyg
jusdiggin,ChIJ-WmTrao4c2sRVCwq9l4rJ1E
Independent Cement & Lime PTY LTD,ChIJ8dzE3T1Bc2sRt03QShJws6U
Mid-Western Regional Council,ChIJ29r6eGyJDmsRFIExL5nIkk0
Rylstone Depot – NSW National Parks and Wildlife Service,ChIJWVpPsU3TDWsRs91AsdmhXjM
Mudgee Local Aboriginal Land Council,ChIJ0UgNrweJDmsRvE5M3n9a__c
Mid Western Regional Council Library,ChIJ0zSfrBSJDmsRLdrtmZHQFfo
Mudgee Community Recycling Centre,ChIJfxVfq-uLDmsRuIvSsK91tRY
Kandos Swimming Pool,ChIJK8WBEQ3RDWsRU8j0yWluFig
Grattai CWA Hall,ChIJXZJr5INhDmsRlwgNhM6AWT0
Rylstone Visitor Information Centre,ChIJQ2VP5K7TDWsRBdHfKfnKZIQ
Kandos Public Library,ChIJ9R4iSAnRDWsRlrRG5sFBnSs
Willow View,ChIJufTTaHAODmsRjZ4kRxUqw_g
Ean Griffiths Memorial Showground Camping Ground,ChIJe3sg1nWJDmsRiIAFnoj5tI0
Mudgee Childrens Pool,ChIJEYNc3oOJDmsRR0ne3ImS1pk
Safe-N-Secure Storage Sheds Mudgee,ChIJ8f4ewamJDmsR6O-_mPTAKOo
Hill End Police Station,ChIJc5v_VE88DmsRfwP9svJemvg
Ean Griffiths Memorial Skatepark,ChIJg0hgBXOJDmsRsL83JBdH04Y
Laverty Pathology - Mudgee,ChIJiZPsP3iJDmsRBJr7I3WSCbc
Stockdale Park,ChIJ78gIpYCXEmsRSzDOQaqG8YE
Little Kickers Fairfield,ChIJfR91t7OWEmsRjGJsSEErom8
Carrawood Park,ChIJt14y4fK9EmsROgQbag4865g
Werrell Reserve,ChIJV_kgFuulEmsRq4Fy1VnhKYA
Tharawal Local Aboriginal Land Council,ChIJY-b6zsOqE2sRmE0aO6awl6Y
Biraban LALC,ChIJucz0orskc2sRx9eOLPTWC0w
Anthony Daintith Town Planning,ChIJ7TEhmy3kEWsRwFHqrqIbSt4
Abercrombie Reserve,ChIJa37Wo5XuEmsR5sBqq0ykKWk
Abercrombie Park,ChIJT-5fPbmXEmsRTTdKX6h1KVk
ARTC,ChIJDQIAAEDmEWsROvnH2Kb-25A
Littlebourne Guest House,ChIJdbFYbxzlEWsRmG02RMBemXk
Blayney Library,ChIJARCdQSbIEWsRXb5npcwEaqA
Burraga Dam,ChIJL0ogmxyeEWsRtCMa3L38_BA
Service NSW Agency,ChIJQW5zEBwgEmsRTNde9v0UE9s
Oberon Library,ChIJzXM0YRwgEmsRDEXUacMQSy4
The Oberon Common,ChIJhQ0dixkgEmsR_bMfbUzVyeE
Oberon Office - NSW National Parks and Wildlife Service,ChIJHXrHKBogEmsRj5YXdaE7a7Y
Black Springs Community Association,ChIJg2OC-8-FEWsRdww9RYeUQ6U
Bigga Golf Club,ChIJeZ2mDRQfEWsRQE5ELWQW3_Q
Oberon Hospital,ChIJza8hPRsgEmsRAGrRNRCISFI
Oberon Showground,ChIJYeVkhxAgEmsRYNz-c7UJBg8
Crookwell waste facility,ChIJgdPoS-M1EWsRtdp09JCFJJk
Oberon Hospital & Health Service,ChIJrUhIPhsgEmsRc2oGRJxi2cM
LiveBetter Community Transport,ChIJEwMnWeQhEmsRej6lVgXMedA
Crookwell Library,ChIJqzCkByk3EWsRuRj5qA3fLwc
Crookwell Industrial Park,ChIJhUwEhyk2EWsRlyQ4yng3XTU
TAB Aberdare,ChIJSUvowsU3c2sREY3anavqcGA
Lake Haven Library and Council Services,ChIJa-tNGaPQcmsRKM3gQfg91wA
Darkinjung Local Aboriginal Land Council,ChIJyeiMo_HRcmsRZM6Z32pP6uY
Awabakal Local Aboriginal Land Council,ChIJ2_Bik1QUc2sRQV9Q15Wk3oU
Home in Place,ChIJp_OLlLM1c2sRfwsFx3CMQvc
Mould Pro Newcastle,ChIJn9J0Hjo1c2sRd4vx2zklX-8
Jefferson Park,ChIJkyRRQyBmC2sRNSK6ityPxMM
Upper Hunter Shire Libraries ~ Aberdeen,ChIJ7UgkMP9nC2sRnuxWn-XxtVE
Australia Post - Aberdeen LPO,ChIJGy04NCFmC2sRU-cm6LkXxDA
Taylor Park,ChIJk1iOwiBmC2sRwXJCojqNiyM
TAB Aberdeen Bowling Club,ChIJmbjCvoxrC2sRbgLGxahUqdo
Scone Visitor Information Centre,ChIJX005qshrC2sR_2zU-COcjns
Upper Hunter Shire Council - Murrurundi,ChIJC88wp7IbC2sRrRx5rCy2wbM
Metro Petroleum Aberdeen,ChIJj6CG7FBnC2sRAJiJJOoR9wE
Laverty Pathology - Aberdeen,ChIJ32QIKWtnC2sRiSxzFvYof_Q
The Lott,ChIJwc1a1iZmC2sRZrutoojNgGI
All Seasons Irrigation,ChIJSyafuSZmC2sRIepMbfaCUfc
Scone Community Recycling Centre,ChIJfxlXxZtrC2sRgn7uSVWVx4Q
Muswellbrook Waste & Recycling Facility,ChIJP2GK9NBgC2sRJJ4CGei7bAc
Mudgee Office & Depot - NSW National Parks and Wildlife Service,ChIJEyye1gaJDmsRSY3VvJkZSi4
Dapto Ribbonwood Centre,ChIJ-Q-eFZURE2sRfVerUKza06I
Shellharbour Civic Centre,ChIJV8cUbqATE2sRfs9vzAP81Mo
Weroona Park,ChIJne4L049kEmsRrEUNWUX85f8
Castlereagh Macquarie County Council,ChIJo0dGFOETqGsR1UEtYpvFQlE
Lake Macquarie City Council Works Depot,ChIJzyMQqXo8c2sRhllAqFyHLsg
Carramar Park Playground,ChIJW1FG9_A9c2sREEDOkGmlY7M
Glen Innes Severn Council,ChIJR1PKIZjJmGsR028UYvtcyqo
Walcha Council,ChIJefquzlrvn2sR6WeZzGv2f34
Max McMahon Oval,ChIJK9sZqvlFc2sRi91I-DhrY0U
Lakelands Oval,ChIJ0TRCe1Q8c2sRft6NBSHGH_U
Mid-Western Regional Council Library,ChIJ5RU8TEKUDmsRK2jl5g0xi6M
Memorial Hall,ChIJi90yWEKUDmsRauqDtLOmjGU
Ku-ring-gai Council Operations,ChIJ1a81ACapEmsRxaRGBVt0HYU
Regional Procurement,ChIJWasPVRRBc2sRsYdgpz9j4NU
Upper Hunter Weeds Authority,ChIJG6m-8eWIC2sRZDZqz6N9_ig
Cancer Council NSW,ChIJ3_orLYs9c2sRePw3UIWvv7A
Bourke Shire Council,ChIJRXkdNx5EAGsR7rBcAnZT4is
Hay Shire Council,ChIJ3WE6VHbU32oR1Drhwat3tGY
Guyra Shire Home Support Services,ChIJh9tStRBrn2sR7S2wXuHryXA
Alpine Lodge Guyra,ChIJXS2_1zprn2sRt_Xxe8f3Pg8
Mudgee lawn Cemetery,ChIJL0nroy6PDmsRTR7gjozW15U
Homes North Community Housing Ltd,ChIJy6LGT2Kfn2sRKDuc88nl0Kc
Khammo,ChIJEx1JHYRrn2sRaArbkSAW7yo
Good Life Beef,ChIJVVVxPTz8nmsRzrKZFOvgs50
GW Group,ChIJzZ8tKNNzCmsRcDa7BnmDdTQ
Boonah Landscaping Pty Ltd,ChIJFZz-dHgml2sRZp6xxgEVEKU
Fontana Brothers Construction Materials & landscape Supplies,ChIJV6blTSmfl2sR5QNSMEGmsg4
Lemon Tree Landscapes,ChIJYWHtht30kGsRaspFB1IzVeg
Dalrymple Landscape Haulage,ChIJjcNHAqKll2sRWpX9VoGJbww
Warwick Sandstone,ChIJO3Uy_aWhl2sR17JJXGWgoEE
Sheds n Homes Warwick,ChIJ41sxI11tl2sRIYPkXDBC4VU
R&F Steel Buildings Warwick,ChIJraFE7KSfl2sRWJm2FJSp9-8
NetPro Canopies,ChIJ06fShKEvmGsRLD9I7So7Nw0
Boonah Drafting,ChIJIf5pYCool2sRHJgDsLwg_rw
Acacia Park,ChIJE4nymBaVEmsR66yypdGoqHE
Package Landscapes Pty Ltd,ChIJKVTlZXBrkWsR0YP5mlJbdMc
Ann Maree OBrien Landscape Architect,ChIJbcDnLvjFPGsRd5miSjz7Vg0
Jindabyne Landscaping,ChIJBTgXu0rEPGsRJeBslEc81mc
ELIZABETH (LIZ) MACPHEE,ChIJVVV5dovEPGsRVvFhsGUXDZU
McMahon's Earthmoving,ChIJp-oHVKgVPWsR7oGCU9Vzzw0
Jindabyne Sand & Gravel,ChIJbzZMfzXEPGsR2UEpIWYZbts
Fairidge,ChIJhSLiTTXEPGsRfhVS9QbvBrE
Merimbula Mowing and Maintenance Services,ChIJTXc-8qnssKsRC7a6xImMGKY
Barkers Tathra,ChIJtc7eaKmcPmsRqDXhYgQrrGM
Valkyrie Interiors,ChIJfZr4G5YyFmsRW4PabLGDqhA
Addicted to landscapes,ChIJweFMg-U9c2sRze3J8hBRpv0
TEGRA AUSTRALIA,ChIJ0V6RdfV3FmsRYWHGRnE7R1I
Tegra Australia,ChIJo7E2GjDJGWsRymSBbJXkaLQ
House To Home,ChIJs8OIjEb3oWsRlvEQ6Pl7a08
ATJ's Earthworks,ChIJzVTxIg3zoWsRWiPtiuoL1i4
Courty's Tipper Hire,ChIJ___DQo52oGsR8hRp1F37PZA
Plants For You,ChIJKQAwZvNyCmsRo1EQKra0lOI
NooKee,ChIJR3R9Ivpul2sRnvkaKyu13g0
Greenys Earthworks,ChIJTcj8RDafl2sRzAbdRil9uio
The Southern Downs Garden Centre,ChIJVThUexKfl2sRxywePMqq8Bs
Easy Az Construction,ChIJXQcbJ3spmGsReBCrw1d2r_Y
Stanthorpe Mitre 10,ChIJj0YmyKwvmGsRzNOyg7LnkWo
SRT Earthmoving,ChIJgTVVcsUpkWsREEgNDrVCK-A
Kmart Stanthorpe K Hub,ChIJP0NyzNkvmGsRn4599pw__t8
The Reject Shop,ChIJXWdxoawvmGsRo7mnTrxTHvQ
Mount Greville Lookout,ChIJ3bL3mhcjl2sRLHgT0L1gkE4
Reserve 772,ChIJX8RJCDKZEmsRr_4KQFV4yEo
Voluble Stills,ChIJu4-pZzCkEmsR4huTzaTXLww
The Australian Plant Shop,ChIJBx2SrgpB7kER2_vpS9PlfIs
Acacia Park,ChIJH8LJY86lEmsRR0XVD64p_KU
The Snow Goose Hotel,ChIJBYrUggcVPWsReknr0E_0Q2E
Cox Property Solutions - NOW merged with Ray White Cooma,ChIJB0Fb_fcVPWsRcpCbPzS6x7Q
Snowy Mountain Resort,ChIJEUv7CgEVPWsRVGPBI1BjV_g
Adaminaby Swimming POOL,ChIJHXCGpAcVPWsRN1LP4sNLZms
Kraft Earthmoving Sand & Gravel (Formally SMSG),ChIJ22vIv0rEPGsRjbLxEUM0n8Q
Snowy Scheme Museum,ChIJcYsl2KkVPWsR77IL9DvTJyM
McKimm Civil Pty Ltd,ChIJ_96Xz2HlPGsRYQqe2AmZ0_o
Eucumbene Lakeview Cottages,ChIJtcEUzCU9PWsR604KF2EhCFs
Anglers Reach Lakeside Village,ChIJC-NGMqE-PWsRzhI68d3MUJA
Adaminaby Public School,ChIJc2movwYVPWsRZsaB7j75FTQ
Fontenoy,ChIJldKTBVBqPWsRg30g8KSfnO8
D&A Earthworks and Environmental,ChIJuefvlcN7PGsRAVuioTuvhAA
Sustainable Vegetation Services,ChIJyT_BTr-Q2mURxM3ED4l-Lm0
Bryn Jones Building,ChIJAZf9QmHFPGsRaWvoCagTtUI
Nimmitabel Bluestone,ChIJw5_ZrkKyPWsRfER0mLjrfjs
Hydra Grass,ChIJEcDdDPrEPGsRuQATnZE0QjM
ANY TYPE EXCAVATION EARTHMOVING & CIVIL WORKS,ChIJLwu3E9MwPGsRyNFrRqfdT7E
Kraft Earthmoving Sand & Gravel,ChIJC3JVy4DFPGsRUghyoxNViUM
Snowy Skips,ChIJt0wHgo1FIWsRWYjjv0Meii8
Dee Gee's Photography,ChIJ27RM0DccPGsRXV1KamApQgk
Building All Aspects,ChIJo5EQizYmPGsRxq_NMwzSaik
Mill Cabin Bespoke Accommodation,ChIJpzVSlIDJPGsRsU-nvwbxFTI
Earthscape Walls,ChIJEXQaWEcVc2sRsbAN5HjDEcU
Pickering Oval,ChIJp3jS_fc9c2sRkKDx-Wh9AQ8
Big Green Bag,ChIJq6r68aw9c2sRidzqZouzk6Y
Elders Adelong,ChIJz5XDAbANGGsRlu-sbzWIb54
Adelong Public School,ChIJD26AD64NGGsR0DJCIhUCTj8
Tumut Valley Violets,ChIJd2fwkj0bGGsRgEKj2LnRS78
Eulonga Quarries Pty Ltd,ChIJZxlGLc0vGGsRCThzMd8pCJY
stella rossa,ChIJl6V_r7oNGGsRP1NJIGmqi_c
Stihl Shop Tumut,ChIJrVMBfFEbGGsRnjeRos-H5qA
Tumut Bricks and Pavers,ChIJYymMKy4bGGsRf5WTXFpV37o
The Reject Shop,ChIJTxcK0OgaGGsR0sksSPhyzoI
PRD Tumut,ChIJUcqOqOgaGGsRSCQfsh5t-r8
Nutshell Perennial Plant Nursery,ChIJLxz4Q2qDImsRWEsRHpZeFzo
Brema Group Pty Ltd,ChIJEXt68zZMFmsRc4-h8c_tJZM
Shepherd bus tours,ChIJH8d-iKkzc2sRWXLaEvW3xFM
STONY BATTER Red Island Beef,ChIJXVvWORHToWsRCCiUe-q-rjE
STONY BATTER NORTH Red Island Beef,ChIJf-yUEW3NoWsRWikhw_oLqzQ
Vinnies Armidale Bulky Goods,ChIJY--YuDaen2sR0_mSs3JR-aM
Uralla Shire Library,ChIJ8cq1JuuPn2sRHF08FEL6N18
Uralla Community Recycling Centre,ChIJmyHy55ePn2sRbn9h5ccK9K8
Uralla Neighbourhood Centre,ChIJEZFnP_CPn2sROeA3Y-Sezy0
Sunny Jim Mackay Park,ChIJYcCbT_qPn2sRMBRT7MEEVYk
My Open Home Media,ChIJO9w0CitDn2sRDPkcRHIf_iU
Inverell Shire Public Library,ChIJY3VuBjT3oWsRH8_v2VmUAI4
Southern Downs Regional Council - Stanthorpe Administration Building,ChIJceAWL6svmGsRBpurjxDYVCo
Scenic Rim Regional Council Offices,ChIJwTzSZiool2sRcgNGASCZYdg
Warwick Library,ChIJ9QX7hJufl2sRB8KWafxXm1s
Beautiful Abundance,ChIJ00lZRMNrl2sR3QW9iFmQx68
Woodenbong Pool,ChIJzZcfyuJHl2sR0ed4F8axigk
Public Toilet Australiana Park,ChIJaYr3qg6fl2sRf1GdXCI2-qQ
Bonalbo Swimming Pool,ChIJ1dIzQLT8mWsR9xrW-7BxKW0
Hope Therapy and Consulting,ChIJkUg8RJ6fl2sRiK4i6wMTXGg
Braeside Quarry,ChIJz4JUKMubl2sREb8bYtFHb1U
Davison Reserve,ChIJqTG3jTGfEmsRhm6yntwXjjk
Acacia Road Reserve,ChIJPWRSZabHEmsRtkPmDcxo_Po
Cumberland Council,ChIJ4Qdt14m8EmsRAn2iTObISRw
Rosewood Depot - Ipswich City Council,ChIJt-TzCInHlmsRyKYy6NRfQRE
Snowy Monaro Regional Council,ChIJLy2MSVXhPGsRN_AbgogoxUM
Adaminaby Police Station,ChIJY6JjqwcVPWsRZuuioL-btAc
Snowy Monaro Regional Council,ChIJWWI-tGqoPWsRwAcdQqqgkLE
Saint John's Anglican Church,ChIJR02xaQYVPWsROBwN6KLga24
Snowy Monaro Regional Council,ChIJ_Wl76fLEPGsRdk3hy1ysymw
Australia Post - Adaminaby LPO,ChIJnwG1lgcVPWsRkNcS6wr9-Nc
Adaminaby,ChIJ5wTr3j8UPWsRsBFEkLQJBgQ
Yuranga Cottage,ChIJdRyYa3M9PWsRUHzPHFpzpr0
St Andrews Lodge,ChIJbb8cKwYVPWsRkajXayOvVHI
Khancoban Depot - NSW National Parks and Wildlife Service,ChIJa38rXeokI2sRbF4R1gynDZE
Snowy Monaro Regional Library,ChIJKbOOzz-oPWsR4kg3pQz2yaM
Cooma Monaro Community Recycling Centre,ChIJUzVbGvSoPWsR0qm0J_z_wK0
Jindabyne Tip,ChIJiRsaGmjEPGsRi_lVdM9Oago
North Ridge Reserve,ChIJ7To3jd-nPWsR3coaG5Sd99g
Member for Monaro,ChIJI2-jngZPFmsRNugG7681mmU
Cooma Festival Swimming Pool,ChIJqfX6NGuoPWsRPaL9ac3oxZ4
The Collective Berridale,ChIJA7tII7nhPGsRR6Ti26Tq0Us
The Monaro Post,ChIJCb8injuoPWsRLDZbMxSpPMg
Cooma Visitors Centre,ChIJiThqQBWoPWsR2xRwW2vTTKE
Adelong Resource Recovery Centre,ChIJJ_nFmbsNGGsRAzu0-QLzA2U
Snowy Valleys Council - Tumut Office,ChIJk4ENvwleNAAR-6bTco-OYRI
Snowy Valleys Council - Works Depot,ChIJi3rano0aGGsRZ1dk2UwKAyU
Golden Gully Park,ChIJD1cnk7oNGGsRBSa8RxpAMRs
Adelong Showgrounds,ChIJa_QyMO4NGGsRRnbIwSazvlI
Adelong Service Centre,ChIJiYPsTlUNGGsRZArNFUX9q3o
Bendigo Bank Adelong & District,ChIJa0P6oLoNGGsRjN2e0_JH5cE
TAB,ChIJOWq4n7oNGGsR6U8oDjj6hhQ
Adelong Community Aquatic Centre,ChIJmRbYI64NGGsRF49tKnEu5VA
Cootamundra Gundagai Regional Council,ChIJs-OnRbE9GGsRMD_YJVedc00
Cootamundra-Gundagai Regional Council,ChIJK1TTAEzNGWsRkTRI9_HuVuk
Riverina Eastern Regional Organisation of Councils,ChIJq7eaf4GZGGsRUsHw14XCTBc
Cedar Park,ChIJs55w90QbGGsRASBI_iKX1dM
Tumut Community Recycling Centre,ChIJHSQR2fAPGGsRul1QD5HCF-Q
Gundagai Community Recycling Centre,ChIJN27QQEo5GGsRr3vjeQYYBvs
Tumbarumba Resource Recovery Centre,ChIJ7YANdZnrImsRAgBlyzHPvfE
Winter Bites Festival,ChIJG_zx518bGGsRjD8nwYDEGbI
Bila Park,ChIJM8i__uQaGGsRgM3-c7UJBg8
Jarrah Oval,ChIJG8q0lRMbGGsRsuP2j4b60cg
Tumbarumba Local Court,ChIJqZB3m_bBImsRKtio2M2JB4o
Bullpaddock,ChIJ5Xls2PwbGGsRQLyzGHYKr08
Rotary Pioneer Park,ChIJRTdFI-IaGGsRF-v-SyOZ9f4
Batlow Library,ChIJP5Ft28inImsRAsC0qVeVZDI
Fitzroy Street Park,ChIJF86ffTsbGGsRt9q7ouDyd_g
Jones Bridge Park,ChIJr2xSFz4FGGsR5Kt-1meyx2E
Australia Post - Nangus LPO,ChIJh1raDRhCGGsR8mZH4vJz_PA
Richmond Park,ChIJhbbeDOgaGGsRUM3-c7UJBg8
Temora Community Recycling Centre,ChIJ3d4J87sOGWsRYvmFSRHz7dQ
Tumut Library,ChIJ87EspOkaGGsRSdQGvhp0OI0
Phenwick Labradors,ChIJS-l583gNGGsR3EPMPozFuXI
Batlow Community Pool,ChIJM1GEmV2mImsR-oe-EuHugz0
Origen Architects,ChIJjTv_gNXXlmsRCt-wyeRI6U4
VizHouse,ChIJFeEsEVGfEmsRz3uR_cUznvc
Dream Built PM Pty Ltd,ChIJwWG-0MyYEmsRqQiqfRl2Lw8
Dream Drafting Sydney - Architectural and Building Designers | Drafting Services,ChIJR6P2MWehEmsRkWhFbaur6so
SIA Design Concepts,ChIJNb6-N2KfEmsR_on4H4_sbi0
Elandra Homes Custom Design and Build Specialists,ChIJExDE0mOfEmsRBXSKfCNa2xs
Mauzy Creations,ChIJAQAAWzufEmsRj2ZuB_iEqmU
Dezire Homes Pty Ltd,ChIJOch07sGhEmsR82QgO-_8ibs
VD&D Design & Project Management,ChIJxz5PzQKhEmsRWEzRdO5dO6o
Strongbuild Sydney,ChIJ1W4Od-WhEmsREL_V4k0y2Xk
CSR House,ChIJWzqZKwScEmsRID52usVAeSs
TOOR BUILDING GROUP,ChIJPc0bkjefEmsRq7JlcLf1qiE
Mandala BEST,ChIJueyCenCfEmsREPcUBOoPe5s
SARA - Style | Landscape | Revamp,ChIJkw5tfyyZEmsRv3dGGomV6XI
Supplied Holdings,ChIJy6YsgZuYEmsRcVlkQgq8TbI
Xtropy Systems,ChIJc8H7ew6fEmsRz_xJz0-gvsw
Acacia Park,ChIJs8iNOS6XE2sRYJj-c7UJBg8
Zac Tooth Architect,ChIJLYSgCTlikGsRzaJvblqUwus
Bilgola Bespoke,ChIJkWfllTlTDWsRzVRoGIZlQ88
Keith Pike Associates,ChIJVdpc3MavEmsReto34gIYP3Q
Adriano Pupilli Architects,ChIJexnmLV-qEmsR3AWDiZ1laGo
Become. Architecture,ChIJBydV2TCvEmsREnqHXFz89XE
CASADA CONSTRUCTIONS,ChIJjTv_gNXXlmsRKe8YwGqMVKg
Studio KaaKi,ChIJwXbQP8_FPGsRDOKdzhS3iuY
Selwyn Star Motel,ChIJR5c_nwcVPWsR0oWOejn_898
Lake Eucumbene Fishing Charters,ChIJf64YU7c9PWsR7SK56RLlKJ8
Adaminaby Self Storage,ChIJ_cGJmQcVPWsR7T6AuebjSyY
V & Co Design Studio,ChIJp1LBnWNPFmsRj5JmTPq-44M
revival • by • colour by OMNi,ChIJL4ieZ21TFmsRwp2Av-DbhuQ
PKT Consultancy PTY LTD,ChIJh2BUMOQVc2sRCT6Wuv1DnWE
LMC Drafting,ChIJ421A1TAWc2sRHYaradb8alE
OVDA STUDIO,ChIJ2RPwxvEVc2sRBZxKM6SGs_g
Multi Point BUSINESS DESIGN,ChIJI7ro9acVc2sRq4TYZjczI6o
Lindsay Perry Access,ChIJBWHO4xEVc2sRJGhPpqI_09s
Rev Design Studio,ChIJgbtHrzQVc2sRI4JdP9zEUk8
Arthur Edden Oval,ChIJrQkZ8pYVc2sRkTpX9j5SDPU
Rubicon by Ro-Co Urban Development,ChIJyxso9Q8Vc2sRnhPmhGxHpZU
Foreverbuild.love,ChIJ33lxouKxF2sRH42u2bxZ5vg
Adelong Police Station,ChIJo_giOLANGGsR1TNvm-ctMTo
Allspec & Partners,ChIJrc-oLuQaGGsRJH_u1bMDu6g
Tumut 3 pipeline inlet structure,ChIJCVCsqzGsImsRIoZD4hYruvc
JR's Hut,ChIJa2qEOSpBGGsRBOpVPHo17zI
Bendigo Bank,ChIJAfYGGBs8GGsRynl0FioCkMo
"Certified Energy - BASIX, NATHERS, ABSA Certifications & NCC Section J",ChIJhz1rr0CuEmsRC1BcFOTlQwU
Total Performance Concepts,ChIJQ2BUU_Q9c2sRSMgZZd5Fy4A
Certifying Solutions,ChIJJd__BpkVc2sRsyrt0mKDZGk
Makerspace,ChIJlTTZ4yE_c2sREt54nHvL5DE
Nspire Planning & Design,ChIJBdVnAQSfl2sR6qK9Z3ghOmQ
Southern Downs Building Design,ChIJx32mU6qfl2sR8gUz96h0a7E
Create Architecture,ChIJC1rI-db5kGsRAZJ6zM7iG_U
Revolution Building Projects,ChIJV8p2_2pVDWsRQ96yvfvbGjA
SJS Interior Design,ChIJ2Xy6_uhjkGsRSl9w8Xy-hf4
Maison Metisse,ChIJxZxIWLcDkWsRL_RIY_DryMU
Gorge walking track,ChIJhSAgs3pBl2sRrOyjI36-yGY
Maker + May,ChIJ70yjxdLFPGsR6YpO3tcKJHs
Evoke Projects,ChIJlaObMPgUc2sRRox5IRqOZeE
Habitat Lab,ChIJl9H7fAAVc2sRTjtvQQTm2wo
Precise Designs,ChIJRRw7gzb3oWsRc1ZxuMWElPk
DECON Building,ChIJCzDAanb3oWsR75J7IkDM7Dk
Zaher Architects | Byron Bay Hinterlands,ChIJXaZXRzuPkGsRyQLRfQWOTQA
Michael leung Design+Development,ChIJA3b2d5-NkGsR2oIG42PrtdQ
TONIC Design,ChIJLcSN2uxZkWsR6k0xg2LnVZg
Healthy Spaces By Design,ChIJQ4hQf6YikWsRMg1foTsl8KA
Woods Models,ChIJwTd0Sv3pkGsRKBc3HCha32c
TANEV MUIR ARCHITECTS,ChIJX4n8qteJkGsRBUnPmyJHeOc
4305design,ChIJRxI-N0y0lmsRL6d9Kj5TlGY
Figtree Building & Design,ChIJIXMZH8mXkGsRTWEob4WTZlQ
Houldsworth Design,ChIJFU1yJ-BdlmsR77xJuZkyuWQ
Lockhart-Krause Architects,ChIJx0R_DPlZkWsR4uyDKMkIvvc
Excel Tradeworks,ChIJ4xLsYNehEmsR1wd8YqImlWU
Masterton Display Centre- HomeWorld Marsden Park,ChIJEaxogmadEmsRoKBPwqUdFqU
Masterton Homes - Box Hill - HomeWorld,ChIJrQ9_Rf6fEmsRPlyawN-UzoI
Smart Living Homes,ChIJVb_DnO6hEmsRC_wieJeor84
Birch Residential,ChIJPzmUZpahEmsRPMrOYx4vO5k
Drake Architects,ChIJYciA4UmLkGsRd0Y0RbGu5BY
Alternative Modular Homes,ChIJ3WPwodFdlmsRXaxv_odqMNI
Alcorn Middleton Architecture Office,ChIJsxYwn1JRkWsRas_67p93OEg
Ipswich Websites,ChIJSQN3sNm1lmsRh6AtBzUvHUE
Vitruvium,ChIJ45n_-fufl2sRB-RaVn99XbU
Kydra Designs,ChIJOzFhjE-nPWsRPUwcEsk6iu0
Jeff Robinson Architect,ChIJSV47RO3EPGsR6ceujyqJOJo
Neighbourhood Architecture,ChIJW-zKEa1LFmsRLToW6Nz3ICg
Baxter Design,ChIJCYkPDJDLF2sRMbaaIs3JF_Y
Skill Tech Homes,ChIJ___77We1F2sRBgteuI3pAiY
Jindabyne Homes,ChIJPfSx_XXFPGsR1FeRmtFkg1c
Rawson Homes ACT Design Studio,ChIJwRyBCDJNFmsR2USaQdThW7s
Centro Architectural Builders,ChIJHQnESLoYI2sRxWPGxhanIMM
Toner Design,ChIJEUnbnjUUc2sR-V6T-s8OwEs
Actualise Design,ChIJmZvQDTwVc2sRuRwzdNHVKKA
Luke Tooze Design & Drafting,ChIJ4a3LFDafGGsRQ3lMP0MIihM
Yellow Architecture,ChIJScxlyG2tF2sRHs7_SQLn6V0
Studio56,ChIJyzahDi2sF2sRM9I-lxjmRGU
David Ryan Homes,ChIJEcg31Ua1F2sRMUhlbfwBg2g
Ausconstruct,ChIJr0r6Gvopc2sRxX6HieUvCqQ
skizze building design,ChIJya8Wh-wjc2sRw_f25CjUK3E
Seaside Homes,ChIJoRTuwDwnc2sRREdGcS6V4ek
Proconstruct Services Pty Ltd,ChIJubuZuqQkc2sRPrZNU3qkhCo
Australia Post - Hepburn Springs CPA,ChIJtSSJ3XrU1moRkmfDylRyrhg
Academy Translations,ChIJj11P-wwY12oRTfI0uvfY2SY
Royal Academy Of Dip™,ChIJ-2khGVEZ12oRBayLpTYMyN4
a house made of wood - Writing Academy,ChIJZT9OF4w90WoRIQ4uuhlo1U8
Dallas Trentham - Collectibles Store,ChIJn7jXNh3b1moRsG5HXgkHvNo
Illumined Truth,ChIJobtDtzEc12oR2O3Zi6Pj_4w
University of Melbourne School of Ecosystem & Forest Sciences,ChIJuyVR_tE50WoRABVDFKV5BQ8
Taradale Primary School,ChIJ6_f-voM812oRhOcuZ-x1QzI
Victoria Police Academy,ChIJA_hmh84_1moReNBu_4mYj54
St Michael's Primary School,ChIJE3APWe3T1moRr7t7zmrLbDc
Eastern Accounting & Taxation Pty Ltd,ChIJu6KT36Lk1moRWWWNYJUmCvY
Range Financial Group,ChIJuzusD5jk1moR_f0kXl4OBrw
Angela Papalia Accountants,ChIJHeh9IaPk1moRqqpK9lVa3tw
Shaddock & Co,ChIJcQo-dADT1moR33KlViqYXtE
FIG Bookkeeping,ChIJ8-7ydkrj1moRFmpgrtCxlHA
CEGM,ChIJl-Qzzbji1moRcFUkrFiv9yM
Franchise Connections,ChIJ4TzL__e_1moRTz5j3qC18Yo
7Wealth,ChIJCX7Vc5jk1moRBfLF4WEiH-U
EFFICIENT ADMIN,ChIJF-CbyKLk1moRpudPPC7uptY
Invisage Creative Services,ChIJHxp1ERjq1moR4xpJJdiZl4g
Returns Express,ChIJsdhMrNgw12oREKzL6-FpecU
Passion Bookkeeping,ChIJbclhBhYx12oREmUqX-QWu78
Success Tax Professionals Maryborough,ChIJp7jBN93X0GoRopRzcGT4BY0
International Taxation Services Pty Ltd,ChIJVc6c8R3e0GoRKpkvnMXGCFk
Herring & McMillan Solicitors & Accountants,ChIJG91jqqDg0GoRNpG-ZXrFlp0
Write It Off - Property Depreciation,ChIJ6TIJJEtd1moR5rmazW0pHpY
DockCom Technology Services,ChIJf787Tlpd1moRKP2ceroNkXc
Fineline Bookkeeping by Adriana,ChIJ69oi0-UH12oRa-Ec17XJG3A
The Sphere Group Rye,ChIJPcX3zYfK1WoRZ4gnrlrR_o4
BusinessBooks,ChIJS3pvpv9v1GoRnUGiNCvVTZQ
Morrison Accounting & Advisory,ChIJc_cKMzxgJWsRK_OIyhhivRw
NAB,ChIJS1Prp4sY12oRcbTTa3TnWA4
The Lott,ChIJ70CFD9od12oRuefw11OBY8M
Fell's Powerline & Electrical Pty Ltd,ChIJafsAlJbT1moR1fv8zIJhyVs
Paper Cut Bookkeeping,ChIJEZIx219B0WoRhGzmB3Nf3Z0
Bendigo Bank ATM,ChIJ0e5WR5bT1moR4xku1p2w6MA
Oakridge Superannuation Services,ChIJIalomBRE0WoRHghivmSourw
Hepburn Health Service - Daylesford Aged Care Facility,ChIJYUuATpLT1moRyUF_6uJI-HM
Emma Brinkmann Acupuncture & Chinese Herbal Medicine - Kyneton,ChIJ4_-QeCkZ12oRjyHfOm6Xl7g
"Emma Brinkmann Acupuncture, Chinese herbal medicine & dispensary",ChIJ_V09k9gw12oRjZA_OebqMvM
Universal Radiance - Qigong & Acupuncture,ChIJg7s96HEx12oRLPxGt_EzzMQ
Daniel Saulwick / Castlemaine Chinese Medicine and Acupuncture,ChIJHdcgXtgw12oRoWjGiPIm2d0
Evergreen Natural Health,ChIJqcxOmeh_L2sRY8DlRp_J3dg
"Lauren Pegoli |The Acupuncture Palette | Chinese herbal medicine, Acupuncture & Massage",ChIJt47nNjUx12oR07YMm5WuENI
Read Signs,ChIJg0Lqd5xu1moRyZ8TdymgRR0
KGMG Creative,ChIJqcCnyd8d12oRe8L-Wdm4bhM
Macedon Digital,ChIJrYQlrHIH12oRZfBEfTwXqHY
Monrose Marketing + Design,ChIJhVqrsLcd12oRC1wQJRm5ThM
Element13,ChIJM6xN387k1moRzDxUAP9Z3Io
Agility Communication and Connections,ChIJl23ZUe7T1moRBiNUE0PWEEc
StudioSmith,ChIJHVeJyl_i1moRSos9Aj5byqM
Aussie Interconnect,ChIJb1YOvunk1moRu0I7PpMrZV0
Small Dog Design,ChIJz7ZDnPlE0WoROxalrNKCLso
Valis XR,ChIJbdFXI9Vh1moRrgAFrg4Yxxs
ADELE VIDEO PRODUCTION,ChIJI731Zre31moRymHJKEmfEUU
BEX Lab,ChIJ6yNpeVJD1moRTxWn9SrJMc4
V&D Fencing,ChIJJwEgZ7Ht1moRd6RoiV32bqI
Half Dome,ChIJJ0UQ-FZD1moRXtjYftY7M4s
ACS Victoria,ChIJe2g_Rkdd1moRY2tZ-QnY64E
Mental Health Victoria,ChIJyQUusv5o1moR1SJgMQ0Cccc
"meta4 - digital marketing, web design and development, search, social media",ChIJD6XpzpJZkWsRwQnFntWQHF8
MEO Marketing,ChIJeaISAdtr1moRDdbXX4CFRfw
The Arlow House,ChIJWyUaNZjT1moRSg1chrUHG4A
Tipperary Springs Picnic Area,ChIJefCX5AzT1moRfgfcfptoWXo
SkillsPlus,ChIJZdveSZTT1moRSGXPWMG1ewU
Daylesford Police Station,ChIJsV9vNZTT1moRESJONrjtULY
Cosmos Capital Management,ChIJo8wdjzZD1moRxnvS-BYRcwI
GLOBAL TOUCH,ChIJO0ksHlVD1moRmlFyG6ubQvY
Om Reiki Centre - Daylesford,ChIJgbzCaAvT1moRZiGWyIj8Jts
Colour Logic,ChIJw634J-Mx12oR1m66NZzNB3E
Coldstream Aerodrome (YCEM),ChIJuyyK3oUr1moRYPAvBXZWBA8
Lilydale Airport,ChIJC0es8uUs1moRcPAvBXZWBA8
Hepburn Kindergarten,ChIJKzwYhWTU1moRszFHe5zDGIw
Porcupine Ridge CFA Fire station,ChIJ1eqBJ3XX1moRHGe9mAnWH_I
Star Flights,ChIJbWxJDwxc1moRUENOarPWvGc
Homesmart Real Estate Trentham | Boutique Agency,ChIJD5EmOQHb1moRphYun_ovp94
Victoria Real Estate Agency,ChIJ95NFvddd1moRZ8RawRMloAQ
Keane & Co,ChIJGSQqpQfb1moRKBorlM-Oufw
Agents of Architecture,ChIJNZEOnJzi1moRgn2LjjkQXWc
Next Address,ChIJnRUHaDrT1moRVbH2qld7BiE
MVM Insurance Group,ChIJUQzghkwd12oRiYpcQGGobKA
David Oliver Licensed Estate Agent,ChIJg4Dm2Jjl1moRbMnHwm8y41U
Song Properties Victoria,ChIJ9bXu7gFD1moRM52xrj7k77Y
Raine&Horne Victoria,ChIJq6qqqrVC1moRsve8WVqiMqQ
Bingarra Scale Up Solutions,ChIJVfDWjL7h1moRTuk5HERu4OA
The Team Building Co,ChIJwZbT5cUd12oRCTOSk89hrdM
Woodend Consulting Rooms,ChIJ0XdxnWkd12oRsCnCDlHvRrY
Sam Fenna - Belle Property,ChIJS_Dm87JD1moR5NSvuh37JyA
COOL COUNTRY CABLE,ChIJqarGud_b1moR85KcdmlGwbo
Midland Travel & Cruise,ChIJpctLYosY12oRc5V0bhM8M9A
Anna Mitchell,ChIJvw9LPbHk1moR5PKHUCj6RoE
MatchWorks Woodend,ChIJ4ZJcedkd12oR3-2k-nTzNc8
Australia Pacific Vacations,ChIJQWlJ3-231moR0JmAnojIBq0
Sound Of Joy Vocal Studio,ChIJ153Xgdvb1moRzwA2xGstziY
Simplex Insurance Solutions,ChIJ52nBCosY12oRrVfBgItfEnA
atWork Australia (Disability Employment Services),ChIJbfDwAt0d12oR9xs-g68ANx4
Centrelink Agent,ChIJYUuATpLT1moR1kABUgBgIps
VICSES Woodend Unit,ChIJS4Xd2Ngd12oRSwPuZm1vwhI
Elgas Local Agent: Woodend,ChIJS-xD38Qd12oRvb1yA3omJck
Maple Gallery Photography,ChIJq487cLPl1moR04apC_mvMD4
Steve Graham Auctioneer,ChIJ82I2wWMd12oRhllPRH6IppY
Kyneton Hire High Quality Equipment,ChIJHRVmZsUd12oRPwg5pEpy-hs
SkillsPlus,ChIJrcqfdqPk1moR4I_T4gV44CI
Mount Macedon Tours,ChIJxfn-GRQd12oRJDEjp8d6ZWA
Paradigm Urology - Kyneton,ChIJpWbpIUYZ12oRDrdnXNJkCc8
Mount Olive,ChIJB7ADsmrT1moRAiQT1OPqtYk
CVGT Australia,ChIJweeFZJbT1moR-KaI__3ivkY
are-able Outreach Daylesford,ChIJw1WCjZbT1moRn24nfQ1sG6c
Overwrought Garden Art,ChIJQ604Snwy0WoR4HHYpfxOFWs
Field Agent Australia,ChIJR-o6Xh5d1moROwzq3ja3vgo
Daylesford Media Teknologists,ChIJK0IuTu7T1moRo0K23iKd9VA
Centrelink Agent,ChIJIc-6B9kw12oRXhyIOpvCoQ0
The Church at Lyonville,ChIJ34xpOD7b1moRN0uvQgXex9Q
Clunes Tourist and Development Association,ChIJl8X2S-c80WoRaa9fc5D8RYE
Cavallo Acres Horsemanship,ChIJczWba-Qj12oRX3KLC2H9XsQ
Travel & Cruise Castlemaine,ChIJ5ZmjTt8w12oRVSJsnfJw0CE
Malmsbury Designs,ChIJ4QtS2qAj12oR-Mr-L89xtyU
Workforce Extensions Castlemaine,ChIJ1z6Evtgw12oRdCHhK2hjYJQ
Asuria,ChIJWSn0Mtkw12oR2tVoNkc2XY0
Jacksons Lookout,ChIJa1E7iWrU1moRlJy-bAHTP0o
Kellys Creek Lookout,ChIJjThm2yC_1moRQVQ88mvY-qQ
Winter Creek Farm ( Australia),ChIJRanF-1PZ1moROYg_aRSRTeY
Honest Eggs Co. (Packing Shed),ChIJJRFcOfjR1moRbHV-OdvQsfg
Greenacres Biodynamics,ChIJZRQt2PTZ1moR4L596S2KK3I
Trewhella Farm,ChIJ-94DeajR1moRXB6wG_kJT14
Fleurs de Lyonville,ChIJcRRUPx7b1moRRoB5U1ySuo4
Agripak,ChIJMc3V4j-21moRcqyTVIBflXQ
Southern Farming Systems,ChIJ58Twgjn102oRYijiufAWHvI
FORAGED FLAVOUR PTY LTD,ChIJFR9WYN3X1moRyWxQZZHb0Mk
Gary Murphy Engineering,ChIJ7SzM_Zrl1moRbUOLTSWF5D0
Springbank Farm Marketing,ChIJP51rmIoY12oRHnZtGZo-xsU
Trentham Food Hub,ChIJLUG7B9_b1moRfLDz7HzkjUM
Monk and Son AG Services,ChIJ160RIeSV0moRqp8b5X7cnQU
Dicksonia Rare Plants,ChIJBb3J9UMd12oRV_3SbGzZlIs
Metlam Australia,ChIJJQO9lTXj1moRho3mD6A_6oM
MGH Trade Solutions,ChIJwzXtAt7b1moRRIYwk7kKzSw
Oberon Suffolk Stud,ChIJ3Xyzb6fR1moRDyMF1eEEa8s
Warakirri Cropping,ChIJG5SnTrNC1moRRn4dWUdpbDo
AAG Investment Management,ChIJ-bm8VUxd1moRoKD7phwMzUU
Woodend Farmers Market (first Saturday of every month),ChIJI3LPk9Ad12oRTpeyPbhjJHM
RRET,ChIJG6_-6LHj1moRzRSFhBeAOQM
South Side Distribution,ChIJaygOHpgd12oRZkBtj9NdCLE
Hazel Colban Florist,ChIJafW33qLk1moROmapaEsDzSo
Truss Tech Aust P/L,ChIJj_GNCjbj1moROzKwUs_uWZ0
Central Pre-Mix Concrete Gisborne,ChIJXUr3oP_j1moR9pgu9deVGEQ
LaunchVic,ChIJfzoaklxd1moR7A9qmfLmFDc
Daylesford Show,ChIJvZNm47HT1moRxGGAV3X05YE
WOMBAT HILL NURSERY,ChIJJSDUF1vT1moRNyjvJuvcf3k
Robin Hill,ChIJ4zEbnxUi12oRhLIInnXtyi8
Aurora Dairies Pty Ltd,ChIJiXtsaLuvJwARtvpuLizAAIg
Cricket Willow,ChIJgatcoBnV1moRO4OXrolZWHM
PARADISO ARTS,ChIJPX13qoLS1moRPijtH0JIVu4
The Mackinnon Project - The University of Melbourne,ChIJywaQyfiF1moRDypvEy-YXuU
RIST - Rural Industries Skill Training,ChIJFxfXvbEDzWoRUy9OPOdCmAM
Kristian King Furniture,ChIJyVLiZ8nS1moRHTiOuBh_mp0
Trentham & District Historical Society Inc.,ChIJMfP3VWLZ1moRs-lKfMHECEg
Domino Rail Trail,ChIJHUPShx7b1moRxc4PLTGsxKs
TGS Electronics PTY Ltd.,ChIJ2ewfiEnj1moRnIZfLa2Qhj0
Mountain View Glass Pty Ltd,ChIJDwj62U_j1moRXfOSVT-nyok
Central Springs Mineral Reserve,ChIJdRp3T8nT1moRw5PlQL_9754
Oven Rock campground,ChIJzYW7JgA712oRw6JUEGEV3X0
Freds Tiny Houses : Trailers & Training,ChIJDz6TIhIx12oRPrH_lHjVdZE
SLS Motors - Repco Authorised Car Service,ChIJqchj4dyK1moRsGMAlR90jTU
Pines,ChIJe-wsaJTT1moRUYL7K-OUWGU
Dutjiya Mang,ChIJuSXv9l_V0GoRFPZLFPjxnwE
Granite Springs,ChIJE3wkBLgL12oRkGbM-m8MwmM
Repco Auto Parts Maryborough (VIC),ChIJr0G5chze0GoRPswYD0JImnA
Howe Automotive,ChIJIRPPWenT1moRXSg0vCKwgRo
Derek Steen's Auto Care - Repco Authorised Car Service Castlemaine,ChIJGctePsAw12oR2C5e6xOD_7I
Wreckeroo Car Wreckers & Cash For Cars,ChIJEbXLcCJh1moR8NcOzV33zwc
Maryborough Tyre Service,ChIJn4YwSRze0GoRo8tUwgWQhA0
Daylesford Primary School,ChIJQVIKhL3T1moRb_X9e6Fl_rU
Eddington Community Hall,ChIJ6baFxHLH0GoRizSrSbgkzaM
Blackwood Ridge Garden Room Restaurant,ChIJEd7607DF1moRb4fhudGR2rI
Subway Woodend,ChIJ_xqyI2kd12oRmmVGy_XRki4
fed. Foodstore and Catering,ChIJTz8MjooY12oRYrxyJWr-5zY
Oliver's Corner,ChIJqUlgLO511moRndaHsRQQsxc
Blackwood Ridge Gardens,ChIJh5Mk07bF1moRUCg9Gql-hRI
Blackwood Hotel,ChIJ-S5-w97E1moRmh0UpXNQgSI
TruffleTreasures,ChIJ-XgvxO_L1moRUJOvwO94znM
No35,ChIJAwLSzMdC1moRC4BHUsdWkpQ
IGA Local Grocer Newstead,ChIJ4fa1VeDS0GoRcGCWr_9j51s
The Oxford Private Dining Room,ChIJD4DFSAPV1moRlCaC5Tcjvak
Coles Cairnlea,ChIJKXP5e_Zf1moR5GrDiey29HM
Sohamasmi Centre for Performing Arts,ChIJ81R7fknl1moRMcNvL56I5aM
Daylesford Heart of Yoga,ChIJdd8otOzT1moRVEoNSvPcGUQ
Lauriston Public Hall & Community Centre,ChIJgYo3ePEj12oRRIHj33usBV8
Castlemaine Circus,ChIJlb87PScx12oRiGPhNMd8uMo
Alabama Wings Deer Park,ChIJ7xOaaw711moR5EKH-hwHzrg
Tegra Australia,ChIJyR_ipfRfF2sRZtxnrniuso0
Tegra Cootamundra,ChIJ3VF9udLJGWsRG2jTXrxmUms
Laggner Constructions,ChIJ0Xj1SeWtF2sR5lvUaDLDFF0
Syntropic Gardener,ChIJHYVxbjztkGsRDV8mUHJ9Mtk
Findon Creek Rainforest Nursery,ChIJw6yXHTi1kGsRJ9ZpcS4PhQA
Steve Back Photography,ChIJtw_I42itEmsRw3l5qwLuUY0
M D Christou Constructions,ChIJ2zuTw0KCEmsRzD5w03-P_FE
ANT CIVIL,ChIJb0rcAu-DEmsRqmy71gj-kOY
Stoned Decorative Pebble Supplies,ChIJCxrOIUqwEmsRkCXJgdtZmxA
Achievable pools and spas,ChIJfbfb6sNhDWsRHz2VRx_QjAA
GREENRIDGE TURF..When Quality Counts..,ChIJa1UBY1liDWsRmpzXlPcakkg
multiaccessconstruction,ChIJZY6LX1R9DWsRbvJgjROjhas
Cook Constructions | Hawkesbury,ChIJM88xjOCfEmsRYbJrz7QsZrQ
Studiocox,ChIJizksy1hfGWsRTLqmYpZPQtY
Lattas Lawn & Gardening Services,ChIJ--H1QPnuEmsRqsnC6zOjgjE
Drh Landscapes,ChIJJf2WkMHxEmsRODEpehmPEs8
Ark landscaping,ChIJk9zgEyTtEmsRkMKtcU8p5e8
Ausgroup Maintenance Services NSW,ChIJO9JZ_JrtEmsRIoOYhQ9-Axg
Summit Landscapes and Contracting Services,ChIJ6cq4H8bxEmsRm482aqguwtM
Permathene Pty Ltd,ChIJSXQceFawEmsRDLx1QntBviw
Shamrock Property Solutions,ChIJKVkTQSb7EmsRXS58hb8cLpk
JK Build Pty Ltd,ChIJCTphWvntEmsRRRdBow2zseY
Platinum Pool & Spa Services,ChIJDwF_H0HtEmsR7bKnAhAIqW0
Grassmaster Environmental Services,ChIJX4wYfaDxEmsRR8GBliLGp6A
allsite contracting pty ltd,ChIJB8g1HD7sEmsRUMJtYhf8Xao
Mohi Constructions,ChIJhfclXA69EmsR7hP_1zUXv3M
Ashmont Homes,ChIJm4lIYpCnEmsRx5s31bfuXDs
SKETCH STUDIO 77,ChIJ__8jPf7xEmsRy6usoot6ySo
Raj stones And Tiles,ChIJP-WibOjwEmsR63C9qId7bDU
The Climate Factory,ChIJdWfxXCjxFWsRUZJvh-v04d0
Native Instinct,ChIJ0X4M15x7PmsRsY61fBJU2WE
Lewis Landscapes and gardening,ChIJa0inIRehPmsRBwj5-NRdLLk
The Outdoor Crew,ChIJ2esQ0NyfPmsRfYrMCNG24Bg
Total Ecoscapes.,ChIJWdnjeJPtFWsRTE3ZNZ8UgUM
Ultimate Property Solutions,ChIJXYKMbEgXPmsRWQm9wLyPR64
PdD Building Design & Drafting,ChIJQxycO-PsFWsRRQK3hQ3Bs1M
"Earthscape Excavating, Bobcat & Earthmoving",ChIJX0Nvc1frFWsR1NWT2j6xXSU
KEEPLAN | Town Planning & Development Services,ChIJybLZOK6FPmsRC5xCK21uqQc
Dual Design,ChIJhyyCM7rxFWsRsiTg2wb9dRY
Cadgee Quarry Concrete,ChIJlegZmQMaPmsRRLqUmKeV4wU
Stonescapes Masonry,ChIJh_bZuyAXPmsRVoAxju3ahc4
Total Tools Merimbula,ChIJS_NltHqfPmsR7hYhrVaeS0k
Natural House Builders,ChIJgWC5xsqAPmsR_cD2h_vbrSk
Southern Euro Concrete & Excavation,ChIJG9P5iiYTPmsRDKnDjbmzO4k
Caddey Searl & Jarman,ChIJ-2V50D-fPmsRSQNaL34jhv0
Eco Logical Australia,ChIJ76IeuicXPmsRr-iH7tutAD4
G.J. Gardner Homes - Batemans Bay,ChIJ8YTADCLAFWsRC7fFu8rDQSY
JSC Contracting & Excavation,ChIJq6rOza_qFWsRc4PXFgOyw7s
Luhrmann Environment Management Pty,ChIJbWozEhCnEmsRKHm6OzgZfHI
Deneb Design,ChIJy1HQFM1TDWsRhcFvSRW6foM
Sydney Home Design Centre,ChIJQXVKEJBVDWsRvrMevdtULLY
That's Ace Property Maintenance,ChIJUQqX91IRE2sRjhIPmvoUpTE
All Projects Masonry,ChIJ41CtiPkTE2sRGYS22FNUM88
Narellan Pools Shellharbour & Wollongong (Illawarra),ChIJyYN-IZYRE2sRD5-0LelH0dM
Outback Sleepers Wollongong,ChIJlZZ0yTERE2sRiKq0qNUXMtg
Rachael Miklas Design and Detail,ChIJW8QTkfwfE2sR6aQUZ5DHJfc
Gads Glass & Shower Screens,ChIJzRkaCx0TE2sROz_wHOYv1Ek
Rawson Homes Shellharbour Design Studio,ChIJrdLX9YETE2sR3huEfIrjHVE
Warrigal Albion Park Rail,ChIJiWLUWKsTE2sRiQWzNfK_z3w
McDonald Park Tennis Centre,ChIJcVCNuO0SE2sRIEQgq_5Yq6c
Warrigal Albion Park,ChIJN3W73JUTE2sRhqrQCe-aqDE
Tegra Australia,ChIJFV165YZfF2sRSVvbYHUywT4
Tegra Quarry Jugiong,ChIJsZeYLaDVGWsRE5gQCH80wPk
Nulook Pools,ChIJbd4URAiuF2sRfGP31XirrhU
Yass Earth Movers,ChIJaU3yNJcQF2sRiUdZ1FPL9tc
Coota Concrete,ChIJfcJjXhLJGWsRVspzuL0nH6g
Afterlee Public School,ChIJuzmUBiutkGsRRPTQzb5sz00
Rathdowney Store,ChIJg_SRJH3NkGsRVhYdtsS9ASU
Tigmi,ChIJzZ0F01ZjkGsRwrsLSfwPmu8
MCG Excavations,ChIJ_61Q3rSBEmsRF5zUmOv_LMc
Lush Leaf,ChIJXdihnX99DWsRolw4F8eZWXs
SDK Solutions,ChIJ___DkP6EEmsRbKBIIqwU8lI
Simpson Building Group,ChIJyfRrnW99DWsRbaUifwtEyhA
CONCRETE SLEEPERS,ChIJjbOi1OKdEmsR9CGLNEqIfW8
ARK LANDSCAPING,ChIJJ0DcL-DtEmsRPECSMatnlmg
On Time Group,ChIJq6r6xnzrEmsR3mjAl1ToaZg
Dinos Creative Landscaping,ChIJq6re2t3uEmsRa8hD-rLIjbo
The Woolwash,ChIJi1SNoxHvEmsRQyk_MoZvz0w
Ace Ohlsson Produce Macarthur,ChIJe2gU-FjuEmsRHrHDKvK0n7Y
Airds & Bradbury Community Centre,ChIJnTEmURrvEmsR_m3R8M1jXCs
Brindley Park,ChIJ0VVBcozvEmsRswMhbKnhVZk
The Bamboo Jungle,ChIJQ-6ja4XrEmsRbLgnY0pYdJI
eWorthit,ChIJsaEUhxTsEmsRxuvy4uz5qVI
Airly Gap campground,ChIJLwYwBOjpDWsRW1V-cLf0r5U
Tilba Excavations,ChIJ0bSEk3BtPmsRCVHw7SOh4EA
John Michelin & Son,ChIJ7dtGGuynPmsRT80vbqPLHzs
Merimbula Sand & Gravel,ChIJf25HxqGfPmsRa8OAQ4_91Zs
Bermagui Lawn Care,ChIJSxSth88bd40RSydPKm8qHhw
Ezyflow Earthworks and Civil,ChIJJexJzZihPmsR4timhRj--T8
Foxglove & Co,ChIJddAKDS5tPmsR9h9XIc3vjtQ
Bega Landscape Supplies,ChIJa-LrxcApPGsRmmHSawAKUq8
Sapphire Mitre 10,ChIJM7WlSMUWPmsREgorAJImJhI
Brett Wood Photos,ChIJWwzcaJYBdmsRZ1RMkKfuo0w
The Handiest Man,ChIJqXHoxtrzFWsRoIHgbJuORF8
Staffords Hardware,ChIJDeqHZ2KDPmsRopceiGnW3k0
Decorative Building Centre,ChIJHROz_VqgPmsRj7L5jEx3gGw
Julie Rutherford Real Estate,ChIJR90aSl9uPmsRhaWQb9P2Yik
Boral Concrete,ChIJEdKFYKlvPmsRbR9uTcuKEEI
Boral Concrete,ChIJg7fQCekpPGsRRFZFEw5PbCU
Caddey Searl & Jarman,ChIJ123DPQuCPmsR7zH2yA5hw6I
LJ Hooker Narooma,ChIJ6WlGgSYXPmsR84ywC5RiQHk
Candelo General Store Cafe,ChIJM4Wlt4MkPGsRNB4vwmseb-w
BIG W Bega,ChIJUyUfit8pPGsRWNcVF3p_p5g
Mr Bamboo,ChIJA7G9vmhWDWsRr-t7jThqS_g
Beaches Group,ChIJkzU8VOBTDWsRjZ0He39sJ_E
Amanzi Landscapes,ChIJ__-r-EWoEmsRYzNKaujTu10
Spirited Gardens,ChIJGYDyXVitcmsR6XR_HHiTFwQ
Salamander Sand and Soil (Blue Water Landscape Supplies),ChIJKazPznWCc2sR4mKpPwKz0WA
Tip Top Trees and Gardens,ChIJ7-NTZiXGpS4Ro1wsoGIMfS4
Vision Horticulture,ChIJ-3V7OxaoEmsR8KBlS7pYQ9A
Green Cuts,ChIJ__9LYt1XDWsRV021kE60rig
Rosebuild,ChIJ___7F5FUDWsRK7zg1gUc3EM
Synthetic Grass Suppliers,ChIJ__8PW4JWDWsRBB-vetrAu2A
The Inspired Paddock,ChIJTZm_f4ZWDWsRwTh1hsgykq4
Janet Palmer Artist,ChIJOfR6uddXDWsRdHoi8csEnWk
Navigate Education Services,ChIJLQAQ-QBXDWsRDBNGfPgZfrE
Lander Metals Pty Ltd,ChIJ0_gKvngTE2sRVB5MDmtRdKw
All Round Tree & Garden Care,ChIJ___jdgoTE2sRBb4Gn8kQedM
Slater's Bridge,ChIJvxMkM_kSE2sRLYn5IZ9iDNI
LJ Hooker Albion Park Rail,ChIJ7dTBVfESE2sRB16-3ocY4_o
Railcon,ChIJq6peB5cTE2sRuAJwJYf7RZA
Pipeline Scaffolding PTY LTD,ChIJq3r1DmcSE2sRbrXkZb9vEvk
Richmond Valley Council,ChIJh-Ch_zoPmmsRTY2QN_J8k9w
Kyogle Community Recycling Centre,ChIJFzyL9l6vkGsR3NatRgDLU-c
Kyogle Court House,ChIJo9CY5YSvkGsRrHw_oNBZ2eE
Kyogle Office - NSW National Parks and Wildlife Service,ChIJz6FnvYSvkGsRmfVDGwbckZU
Kyogle Public Library,ChIJL-P_VJuvkGsRbwr7VaEPAqI
"Connect Business Solutions - Accounting, Business Advisory, Finance",ChIJ3wkGLJuvkGsRuzdFsMyk1G4
Kyogle Earth & Water,ChIJxweyGCWvkGsRlwqn7acB6Xo
Tweed JUNKtion (Tip Shop),ChIJrynynXv5kGsRU2YD_MaoXAI
Hurfords Mill Kyogle,ChIJiW7dU-OlkGsRfHpBXm6d5rM
Kyogle Swimming Pool,ChIJNX9AwTa7kGsR46eqf639W-U
Casino Library,ChIJIbb5rTsPmmsRtFhuypP2o2o
ANZAC Park,ChIJpzRkebqvkGsRTjzGjD8RD4g
Casino Community Recycling Centre,ChIJzedKs5kImmsRyXzfhrzfb1I
NAB Branch,ChIJ8c6Hp5avkGsR9HSyVrig01c
Ian Duckworth,ChIJK6IsoGSCEmsRPxi7Rh1bEQk
MSK Resources Pty Ltd,ChIJYynFh5GDEmsRyC8KuQmexrs
Ania Spice Photography,ChIJjXz1cgmDEmsROsQvhnoCTOo
Sandy's Bnb,ChIJjXeytuaDEmsRqQRgwMvdKxg
Hot Shots Tennis Academy,ChIJAZ4d2GZ9DWsRXVuQKRR-Bxo
EMPOWERability CCSP,ChIJJyZ8o16BEmsR7Hb03mSJon8
FANDR Constructions,ChIJAQCsemN9DWsRX1BoQPRxqTs
Mamre Park,ChIJczOZgBDvEmsR00pHeUxJTh8
Riley Park,ChIJH4CZEx_vEmsRIui4HNFZoMc
Deane Park,ChIJ7_WL7A_vEmsRQLbnoXaubhI
Dorchester Reserve,ChIJEx1tjw7vEmsRJlMBcCoAHqI
Kevin Wheatley Reserve,ChIJRzVE5xvvEmsRnD7MuZzQvwk
Hasting Reserve,ChIJn9vbIx3vEmsRDEl8QkM0KOo
Lincluden Park,ChIJi3PSVh7vEmsRQf-JfARUlVI
AH&MRC of NSW,ChIJC-M4VT2uEmsRDEOxKGY1Y_w
Hurley Park,ChIJ9ZCk5QHvEmsRwP2qRQsCU-A
Bow Bowing Reserve,ChIJQzV04wXvEmsRgFfpIeMPtwU
Bottlebrush Reserve,ChIJof9E_AbvEmsRy0m4P0QGH5s
Haydon Park,ChIJH-iUBovvEmsR92YTg1Wx5sc
Oberon Reserve,ChIJmakKt9zuEmsR65A4wAPbDdw
Brady Park,ChIJM9c9zHzuEmsRW4_UDZWayDA
Satsukino Park,ChIJGx79xeHuEmsRhWk-Uj8QOPI
Soldier Settlement Park,ChIJpd1omOXuEmsRgS_s0V8dFAg
Illawarra Local Aboriginal Land Council,ChIJobVPzroZE2sRHOrk_ScyBMU
Cransley Reserve,ChIJn1TVhePuEmsRCkfB--U2m4s
Wattle Reserve (Ruse),ChIJnTdx2t3uEmsRvNCe3Psqov8
Baden Powell Reserve Fenced Dog Park,ChIJgYcLzKTvEmsRyEKtTcUZyDM
Jaycees Reserve,ChIJS8ujxvzuEmsRdK8npu_-6rA
Kids Park,ChIJc2L93ATsEmsRvLowlZ2iDs8
Minchinbury Reserve,ChIJnzK2FnnuEmsRRPiH6m7nR0w
KDR Skip Bins & Waste Management - Lithgow,ChIJ2wFnQWoLEmsRv0UBw9OX0DQ
Rylstone Cemetery,ChIJ4zW-wGjSDWsR9D7eVSoSVaM
Eurobodalla Shire Council,ChIJi0NosSPxFWsRexmfc5w7xO4
Wagonga Local Aboriginal Land Council Narooma,ChIJoXuZuCcXPmsRRMQVs_t-9WY
Eurobodalla Shire Council - Batemans Bay Depot,ChIJKUeXGSbAFWsR8LnmD9Esdcs
Bega Valley Shire Council,ChIJh3HofnWCPmsRAC1EvZhQ2lg
Narooma Depot - NSW National Parks and Wildlife Service,ChIJC4kGt1UXPmsR0l3qs4nbs6Q
Narooma Library,ChIJ61713CsXPmsRDaTPHiw0T-8
Bermagui Library,ChIJ30a7H_RuPmsRJjNWqOzhTrA
Bodalla Tennis Courts,ChIJXc2Y1JgbPmsR6UPVH4NyC6k
Moruya Library,ChIJ6z9eazjxFWsRK8ME8IvGlGQ
Australia Post - Bermagui LPO,ChIJWcXD9vNuPmsRLOoCeqS83oQ
Cobargo Swimming Pool,ChIJ5StFmP92PmsRFx0YblWuprk
Brogo Community Hall,ChIJoU3P7bArPGsR1-wRrl4eaGY
NSW Rural Fire Service,ChIJ7XKUTh4pPGsRcdwM3VEi6tQ
Bermagui Flora & Fauna Reserve,ChIJdx_KW2duPmsRXp2YqDA210Q
The Oaks Country Village,ChIJ9UoUpe2DPmsRyMJ4Htnsus0
Columbine Memorial Park,ChIJ65xQL5KDPmsRuswgzdZmKtw
CatholicCare Bega,ChIJYa12KQuCPmsRm0R1PyVcq8Q
Batemans Bay Library,ChIJm2BiHB7AFWsRPwQPOP44nU0
Wellways Bega,ChIJV78CflyDPmsRS08CZG8ZNnk
Akuna Reserve,ChIJJSBVCAvvEmsR6RNkc2ydUhM
Akuna Avenue Reserve,ChIJa_mqLbLAEmsRhXxRW-CK1Yo
Dunbar Park,ChIJ1T8cINWscmsRgIPy-Wh9AQ8
Florence Park,ChIJpx2vnEBTDWsREKr2pbBTIZ0
Warrina Street Oval,ChIJqzfqOqRQDWsR4Ajx-Wh9AQ8
Howley Park,ChIJQ_03w4ivEmsRoOTx-Wh9AQ8
CONTRAST COLOUR,ChIJsygFYPZTDWsRMUAqvy79WDQ
Liberty Oil Albert Cvro,ChIJU1HVkarnBGsRLz1pD1NysPg
Trangie Local Aboriginal Land Council,ChIJRXPYOzi9BWsRuIuFZUQSnWU
Lachlan Shire Council,ChIJiWCqsIVIHGsRwHwv1vJa8MU
Tullamore Memorial Hall,ChIJpUnamsbWBGsR6_3bHp9_z3A
Pola Park,ChIJZytBQcHWBGsRvw-i617szEU
Tullamore Waste Depot,ChIJ50MQDj3XBGsRp6ZsvJ-N7Gs
"Memorial Park, Tottenham NSW",ChIJdzF2_uHtBGsRMP2-aPiyQXQ
Service NSW Agency,ChIJY4kn20ZvG2sRrqaLEZd8ghk
Tottenham Swimming Pool,ChIJPyKexzrsBGsRlcUFu5e17bM
Shellharbour,ChIJywgTha4TE2sR8OUyFmh9AQU
Zac Tooth Architect,ChIJH-MEHMWKkGsR4ePZe4qAPBg
Studio Haus Co,ChIJDQB3at1jkGsRIKM_AkWGV48
DB Projects - Byron Bay,ChIJoWJ4tKpjkGsRWSQaAFesnoI
Rikki Stubbs Pure Colour,ChIJt66TkhSwEmsReS0f4XNTW94
We Are Triibe - Byron Bay,ChIJq2fANTljkGsRvLakmDTIl_A
red DESIGN,ChIJt1QLKhwDkWsRvSgRi-uaf7g
3D Environment,ChIJjX5-tB1_DWsRxdu25WfUkr0
Actron Design Pty Ltd,ChIJHe-JL52mEmsR-w-Fy53KCRg
G.J. Gardner Homes - North Richmond Display (Mandalay Design),ChIJudm0adx9DWsRtDJKHC9nG3I
SDArchitecture,ChIJ4Sm5WY2vEmsRCOp5JFl7ans
Cactus Design & Drafting,ChIJn96yXh3sEmsRk_ClxybFf1g
View_D,ChIJlTqIJtTtEmsR2inQYShbTn4
MAYFARE HOMES PTY LTD,ChIJ91DGUjHrEmsRkhLyK2Y956k
Santolo Building Designs,ChIJwQUwFBDtEmsRRC24gyK8khc
Terzetto Group,ChIJ80QbcfPuEmsRbtJ0KbN7FCU
Sparkle Pool Interiors,ChIJu5afW4HRcmsRvzBBGRXNunw
Casalina Homes,ChIJ-_-_lWLrEmsRCJ5PL_OMXok
Olsen Palmer,ChIJRcAl5sLwEmsRLcIOMTmzNSE
Artech Prestige,ChIJ--TdYIjtEmsRMqxN2XmR5dM
ThomsonAdsett,ChIJeZbqwgdakWsR04EC0xtLOcU
Lucas Civil Group Pty Ltd,ChIJ__8z7I7xEmsROSu9g0IFZJY
Delta Built,ChIJVVVVVfKuEmsRwN0YCN257JU
R.K.Findlay,ChIJ6a2ILiHsEmsR07MzZHaFUkk
Bluesky Builder,ChIJAQBw1xDsEmsRJPDewqPjqUM
Vision Smart Homes,ChIJC9s5UcnzEmsRNgjbSLdZPWg
CJL Fabrications Pty Ltd,ChIJeTsWVqHxEmsRERLg_79p_7s
Aghapy Building Consultancy & Inspections,ChIJU8OwNhydEmsRam1_bT8NGiw
Solek Architecture + Interior Design,ChIJk-ib0eQZPmsR4A1pS_V9mMg
olaf.thiele architektur,ChIJ_6thPwyCPmsRpLDEV-jY7_U
John Eglitis Design,ChIJ-f-L4nQePmsRuWRjK0avtgg
Gordon Building Design,ChIJC3RgWnWCPmsRnDikbMtSlDk
SIXTOEIGHT,ChIJAQBk2PzsFWsRR2p0xaLvaWo
EcoView Design,ChIJy6iQu39RFGsRuRCCehgQtN4
Fox & Wolf,ChIJDXUt6MtMFGsRfo4D9ru99WU
DavidReidHomes Sapphire coast,ChIJ19tCmlqgPmsRD_wvr4V7S0g
Hudson Building Services Pty Ltd,ChIJMxGQWrEePmsRd_iAvdgVWJ4
Stoddard Engineering,ChIJs9OvVnWCPmsRaKrtrYfj7lY
Glass splashbacks digital art on glass,ChIJiY2FgNIWPmsRIDT91NwcZUM
I N N . S T U D I O,ChIJORQRZbBRFGsRuBDBz_8F0VM
Desert Creek House,ChIJT_6_em8sPGsRuMP2Duii3q0
Hot House Architects,ChIJ-R7XUulVDWsRaSYodzwIlcE
Georgina Wilson Associates,ChIJq2DFQuetEmsRwFqnB_xUUiI
The George Group,ChIJVaKvmOVXDWsR9pToqjM92Vs
Graybuilt Pty Ltd,ChIJJa_XtuFUDWsRlVrq-AAJ-aE
Legend Design Studio,ChIJabCQbh5VDWsRv_reP7eT9Mc
J Group Projects,ChIJ-4fMMBOtcmsRxl_PLOUA4VA
Drafting Help - Residential Draftsman,ChIJkxlvUL-rEmsRGTMFuQ75hVI
Site Specific Designs,ChIJZ3zphOpUDWsR3NMKdZDJi6c
NEST Building and Design,ChIJ029fxElTDWsRh2oaXFvgk6o
All Innovative Building,ChIJyWDb92x9DWsRf4wyRqsQ3nQ
Fin Designs,ChIJ7epn5KNUDWsR23kg63zKIIc
Dental Fitout Projects,ChIJi5uFIvKuEmsRiMCtbllkT_8
Southern Belle Constructions,ChIJ428feJ1TDWsRJicyTB6lAGw
NorthAspect Building,ChIJhbQ6aThVDWsRZjqaRtaaMYU
Xenian Lighting,ChIJs87X-UJUDWsRRuAZgSvNEqc
Musgrove Constructions,ChIJ5_7NXElTDWsRd7dZtVujRUs
Urban Aluminium Pty Ltd,ChIJv3NbHuRZDWsR-RwUUCYtANI
Rodney Albert Yannakis & Assoc,ChIJbTjkw9uxEmsRgJCp-H8Vitk
Pablo Segnini,ChIJcRnM_impEmsRUgeVAOEINfI
McNally Architects Pty Ltd,ChIJI0VKPeiuEmsRiCAdcD7cw8o
Hampshire Interiors,ChIJa_DFoB57E2sRBRmfs5kHlFQ
City Coast Building Design,ChIJC8SK56QSE2sRXaK5ZcDLutY
Duplex Building Design,ChIJF9uylCAXE2sRLysMTZ23s6Q
Papesch Architecture,ChIJ_x85oo1tE2sRDSUT9hDQT4c
Davidbelle Design,ChIJvTMvT2YTE2sRmTA-PnFhgeg
Spanline Home Additions Illawarra,ChIJvwDy5rdsE2sRTm32vrC85ug
tasmandesign,ChIJmc4LmwoUE2sRoimW2c1DkXc
Khazma Aluminium Fabrication l Windows and Doors,ChIJH17Bs_UTE2sRdt20bURBxSo
Lema Build,ChIJVVXx46USE2sRxz6AinK9tzs
Studio Weave Architects,ChIJAZz7TfcfE2sR_eteRagOc88
DJ Design,ChIJCz0WrUAZE2sRJruF0bHtGzA
Austral Archaeology (Albion Park),ChIJSe6ek0ETE2sRMdOxmSDuSPI
Dane Taylor Design,ChIJ_4HEDPEfE2sRUNZ8Fk88J98
Kibbin Design Studio,ChIJ07Wm0JEZE2sRMRLA3nZgGmQ
Pallas Hobbies (do not have shop front),ChIJZ-VqCOMSE2sRUD2BdhkaI8c
Plan Design Draft,ChIJKbAbKuJtE2sRv1ezlxQBTvw
IN2 ARCHITECTURE + HERITAGE,ChIJqxnlSQYfE2sR79AXmcHIz_g
AJF Designs,ChIJ1e4qnXNsE2sR5ii1yKb_AMY
Centred Building Design | Wollongong,ChIJ9bMySnvu8i0RUzHsCCuKh74
designs on south coast,ChIJV6Z4Yc4VE2sRUnKqr8hVd3M
G.J. Gardner Homes - Calderwood Display (Beachmere Design),ChIJZ7kSUUMNE2sRKbD88KWFyzI
SDC Building Design,ChIJXZ-KYFUeE2sRRUOSwjX1Ulg
Mojo Building Designs,ChIJq6qWyAATE2sRJPUzq4Rrze4
Johnsen's Glass,ChIJ30gAlx0TE2sR6c8szVxKQ4M
Bristol Paint & Decorator Centre,ChIJCTDxpR0TE2sRDny5AvKJCms
Howard Architecture,ChIJsQXHWb5vE2sRrVf_8yP-CdA
Alan Jurd Building,ChIJN_LjcWpyE2sRQ9tRkuPqMoQ
Allspace Design,ChIJiV1uZHgZE2sRDMhjL-rnQOI
HAAUS.,ChIJGScwyDEFmScRFgF22hFAQYc
LAAN STUDIOS,ChIJZ6biTHSvEmsRJym-8uZneKc
Chinnock Building,ChIJc7amiEETE2sRIPabJjpwS8M
Architectural Hardwood Joinery,ChIJXb2Ptx4fE2sRdUAeN4rS8vw
Ascension Cloud Solutions,ChIJY5grLssRE2sRuHY9Z6rHnVE
Fitness Cartel Health Clubs Albion Park - 24/7 Gym,ChIJcd89pTwTE2sRcLsib_7MpEQ
Surf Drafting,ChIJ742EAjEXE2sR5pCPsADdH60
Ultimate Interior Solutions Pty Ltd,ChIJ_SKRdqkZE2sRKbX0s7TekkM
McDonald's Albion Park Rail,ChIJseyaJrdZkWsRIrM7PcTGIQA
Chalk. Lead. Ink.,ChIJxx_RqFIZE2sRqwR14mOA4k8
High Tech Aluminium & Glass Architecture Pty Ltd.,ChIJIQeQZR8fE2sR5_OG-aaH_hA
GHD,ChIJ5VRcaaYZE2sROSRjnZrevEM
Retired,ChIJWeNA2gEZE2sRcLw3qrOf3nI
Greensmith & Co.,ChIJkRFDyokXE2sRE9jUQvoh0as
Wollongong Energy Efficiency - BASIX & NatHERS Certificates,ChIJkU1Uk_MVE2sRFE4wx631NKE
Augmentech,ChIJKdbrBm0ZE2sR91MOht8iPZk
Saltbox Building Co,ChIJb6VWgBNvE2sRB3zevEuTZ1I
Capital Formwork | Construction,ChIJpep4FxwRE2sRoh7kr9VfxXw
10 Star Pty. Ltd.,ChIJAQBQvS4aE2sRqXy3JwdQcj0
Diment Philip Architect,ChIJmfTt5cXdEmsRtvR5Er4pg8o
N-Tech Design,ChIJD7APr13rEmsRJFkPKeR_5Bk
Jeslie Interiors,ChIJQxFUvhjxEmsRyxAq3JWd8eE
FormDesignStudio,ChIJs_w-K-fxEmsRZz3XjoLqxH4
King Homes NSW - Head Office & Studio King,ChIJG7Q-4TzsEmsRpPYw7NJbBKA
Aambianz,ChIJTd6AgWLrEmsRNb_DsAf4cqc
Campbelltown Hospital Redevelopment Project Office,ChIJF-4wKK3vEmsRXeyRXu_6uh8
Altitude Construction Group,ChIJwWCiPRi-EmsRX6m1gCU-O5Q
Boral Concrete,ChIJJaA51MQWPmsRKAJmNQA-qT4
We Architects,ChIJq6qaON2tEmsRCCpCTyD8oyU
Architect Fin & Co,ChIJEyJHl26JDmsRczTmoi9GKLw
Hoyts Chatswood Mandarin,ChIJz0RuQtSoEmsR8sZbvPmRmX0
Man of Steel,ChIJ28MSRy-wEmsRGsHIqtITiko
Imagine Homes,ChIJ-SPg47cDF2sRCJvOq5jT1a4
Elevation Survey Northern Rivers,ChIJj3oKJKp7mmsRBwuNrOuj3GI
Lee Welch,ChIJy8iW2HudkGsRRdmcFjh67lM
EcoSphereDesign,ChIJMWrzGzCLkGsRjRbsN6-e1Ok
Michael Designleung+Development,ChIJVVVVVeWJkGsRjZFaWf8Zv-Q
Sanctuary Design Studio,ChIJtV3ZPgmFkGsREce3X8ee1Z8
A.E. Colledge Building Design,ChIJm0qbKeyBkGsRC8M9-KToAoM
Archetype Homes,ChIJ6wX7HXV5mmsRbkz2sZW0FnY
New Paradigm Design,ChIJS-L9oBgDkWsRj6PZz_n39bo
JOHN BURGESS ARCHITECT,ChIJjbrBtE99kGsRk0HZVS2SAwg
Insitu & Co Constructions,ChIJnX8VJQaK-WURTRbt6-pTqS0
Studio 153 Design,ChIJqdy4l-z3kGsRtImbRtbvi48
Expandesign,ChIJU5UGAZKLkGsRw963yeJ2GlI
Wild Rabbit Interiors,ChIJSReAy3j5kGsRFqBkvervN74
Building Spaces pty ltd,ChIJ8XviDLGIkGsRbyZedLQHS2U
Coreess,ChIJXUQ-ZDQbkWsRAFDVTdfTkTI
RLA Building Designs,ChIJp1Zzdn2CkGsR7oyPGg4FxHA
4 GC,ChIJ_f8TXN8ckWsRpcouSIXuo2Y
Atlanta Building Pty Ltd,ChIJuYNID-KJkGsRn00loeIANR8
Peter Turner & Associates Building Designers,ChIJo_0aSxmAkGsRK4N6DCu_Cuw
Ballina Building Design,ChIJZQlC4BmAkGsRKNGFS_sqm44
Cameron Design Logic,ChIJAQAAAKQikWsRpVw9JVNa5o4
ECOnic Design and Construction,ChIJcV9zD5eLkGsRILefcfbwavg
Marsh Duffield Design,ChIJLX_bsElZkWsRKQ6ykoMJPqg
Stellar Thermal Assessments,ChIJZwRImvgdkWsRI4ePPh1TdaE
Ivory Design and Solutions,ChIJtfUdSG2bEmsRKR678mlNo9M
MOBH Design,ChIJu3Ohe9O5EmsRgzo72WpC7-I
Hyperion Design,ChIJuwqu-yquEmsRVuA-QvxPOPk
Supreme Supports Pty Ltd - Website & Mobile App Development,ChIJw2i1XPSFEmsRaFcIP5UTvhk
Riverside Custom Homes,ChIJtfn39c5jDWsRHNzdDx3Yu9E
IB Dream Homes,ChIJ5x9yZSWdEmsRXgRddS6Hl80
Projoint Pty Ltd,ChIJEbdDlHRjDWsRSHiKUV5_A6o
Destro Renovations,ChIJBR5AJ9mdEmsRH8Mx5d3qQGQ
Elderton Homes Display Homes - Marsden Park,ChIJB2tTqv-dEmsRoTuiE700jLQ
Montgomery Homes Display Home HomeWorld Box Hill,ChIJt99yXd6fEmsRv8-BdPOVkfA
Mainbuild Constructions,ChIJ5-nxRAuPEmsRF_xVPOhDl0g
Francis Building Design - Custom Home Designer Sydney,ChIJAQCkRQK5EmsRVgJ0X1NflVM
Lisa Johnson Design,ChIJJ4LmJsUfE2sRrX7jPdi5GFw
Archidrome,ChIJxbM9WAenEmsRSPvMp7eVr_k
STUDIO DESIGNS DUNN,ChIJf6a_ryutEmsRhdtb0qlrLIc
Ultima Building Group,ChIJ5-78XwOLEmsR8_zld4zSc6A
OneStop Builders,ChIJVVWRbnzrEmsRsSuylxOVDAU
IMSU,ChIJtV_dg-XxEmsRVwT53XrPRNQ
Reworked Design & Drafting,ChIJZSZ8ecCLc4gR13imnRtH3cw
Pyramid design & drafting,ChIJx5364LiEEmsR-f_O810_I8E
Sydney Designer Granny Flats,ChIJhefkthRWDWsR8M4jVGmeTeY
James Manie Architecture,ChIJGbDYNNOpyQgRcdpHl5oyGvo
Stone Three Design and Architecture,ChIJeUB_cbrzFWsRbtQM6e47l9U
Edmiston Jones,ChIJn7wRkzrAFWsRnxuue0vrVTQ
KRINGAS ARCHITECTURE,ChIJc_8wTObBFWsRiNyRoebshBA
Thomas Caddaye Architects,ChIJ-aiK4gntFWsR-QzLaucE1kU
CKWorld Design Architecture,ChIJr9sZNHjBFWsRZNs5lCBjVCc
Involve Design,ChIJx3PrusPsFWsRAkXC_6s31xU
Seidel Building Design,ChIJCS7bK0TrFWsRUzd5AhxSnyI
Concepz 4u,ChIJyzpWHLC_FWsR9P4MlwiDaAQ
mclean milton,ChIJMTbIiSZRFGsRlL84mlGHysw
concepz 4u,ChIJv5ceojrAFWsRtyHESiBOKGo
MultiCAD,ChIJUTXbxDrAFWsRS-JXpJBXRbU
Hotondo Homes - Merimbula Display Home,ChIJu0oB4SOfPmsRG3r8llmOuBA
Bermagui Building & Construction,ChIJG7SGNA5vPmsRldB3IG0X_P4
McClelland Studio,ChIJVVVJkTJ4FmsRn1wp9kVjUCo
Masterton Display Centre - Batemans Bay,ChIJO2FJrijAFWsRPzi-SMeVRpA
Ranbuild Sheds,ChIJ2ZAyYqmcPmsRkyl3nejLpVM
Peter Downes Designs,ChIJo1WOW9FSDWsRb0B-ytxr00w
Progressive Plans,ChIJtdBa1parEmsR0K_5TnK7wQQ
Warren Design,ChIJFyRJK1GvEmsRBiwdaAEtSqY
Baxter and Co. Studio Pty Ltd,ChIJX4cRkaFVDWsROpBHMekcW3A
AV DESIGN HOUSE,ChIJpcYW-SWtcmsRlOKkvSC91zk
Draft & Design,ChIJHfb1l3iPEmsRpPIeQLzz8SI
James de Soyres & Associates Pty Ltd,ChIJsTCWlFxTDWsRl0mgbZMuKi0
C2 DESIGN,ChIJWX72Mw-rEmsRJVvpk9QMIOc
Southern Swell,ChIJq4tkaMCnEmsROiNvHnkcLjI
Beachill Construction Solutions – Custom Home Builders,ChIJozyAhnZVDWsRzaEjnXThxgM
Practically Partners,ChIJqaduso5UDWsRI_hQQ--84zg
Jo Willmore Designs,ChIJZYSnK9ZSDWsRGqCIPVlW6lM
StepUP Constructions,ChIJDYLgCqZUDWsRRnQUOYdr458
We Make Plans,ChIJ__8rEphUDWsRe5wE6vvRwVY
Steven Bain Constructions PTY Ltd.,ChIJCbKOeRtVDWsRa42UjS3RBdk
J Tulich Constructions PTY Ltd.,ChIJz0fvV4RWDWsRseV0MBvuHao
James Morrison Constructions,ChIJHw7osmZTDWsRvfPx9kYNZa0
Aurora Building Design & Drafting,ChIJq0sc6UsTE2sRTeKkIIAHLwo
bta studio,ChIJmVs46sB_E2sRbOENfpi8sXs
RM DESIGNERS,ChIJr-sFgTu7EmsRHxsq0nezjWM
Teknemodus,ChIJ3x_4l391E2sR-zL6cpdIczs
Longhouse Home Designs,ChIJgSamrOCNE2sRL1BjpbizyBM
Durant Building Pty Ltd,ChIJIShluaixEmsRRclt8m9ZWME
Switch Up Design,ChIJsVi4KqRuE2sRy0i11jXzs54
Lambuild,ChIJJfHnymBvE2sRu1nnJLW2KmU
Mysite,ChIJVVWZCWJfIWsRXAnDI333gD4
South Kempsey Solar,ChIJ_8PS2rPhnWsRNNheE3ERvUE
"Dustin Leaney, Homes & Architecture",ChIJfafQ6ljkdWsR7BD0oUByKV8
Mileswinter,ChIJL8Z2F2PFnWsRIi82STeNqw4
Inline Installations,ChIJ-7WyJEbfnWsRWzU3iyPJG_Y
Sundance Habitats Building Design,ChIJ9fnHyyzMnWsRVMrk5uZbHII
Aldavilla Primary School,ChIJlXDsVvh0nmsRMkowGgXyiak
Adraft,ChIJs1adXy_NnWsRnvQgmNEejVk
Bass Building Services,ChIJYahCAQ3VnWsRu-t4IfHxiig
NRMA Port Macquarie Breakwall Holiday Park,ChIJ66A21Cn_nWsR1FAbJ5Ms4Jk
Tacstravels,ChIJCUCpuhFbBWsRwf18w7aGWig
Raine & Horne Parkes Real Estate Agents,ChIJcySWuEi7GmsRgR68NFYw41A
Tecton Group,ChIJ2VauEa6xEmsRcS4e2A6mc3E
Sassine designs,ChIJ3fAjHuCxEmsRN73_Kc89s0Q
form follows function,ChIJBR88YW2uEmsRqKMLOgpXakg
Nicholas Graham + Associates,ChIJh3tpzrOxEmsRacjlNYeTxE4
Peter O'Shea Projects,ChIJlQYp3bWxEmsRkKB8ngpvJA0
Fang Architects,ChIJqQXol5axEmsRxZ2yhlnwQA0
archiVR,ChIJLS_dFrWxEmsRvNB4M3EBd0M
Infinity Design & Construction,ChIJVyX1WLCxEmsRHN08iRuO8Tk
Q Architects,ChIJSZg80_-xEmsRf_8OBBjpJoI
Lysaght,ChIJJzmESLGxEmsRYK6Vd21xYpQ
Gerzina Architecture + Construction,ChIJ5a0YEfOtEmsR_43J8stm1M4
3EM Architects Pty Ltd,ChIJVVUVuVGwEmsR3sgr2pEdkQU
THE TWO ARTISANS,ChIJczUmsUqwEmsRQ3uECgZiiQM
Aqupa Pty Ltd,ChIJpQhrbhixEmsRI8A4gC2HSI0
DACCA Group,ChIJOa0XS8-xEmsRGGUzuisbgxw
CRAFT ARCHITECTURE,ChIJXbTFpQWuEmsRgtVzjMy-n_w
Constructive Dialogue Architects,ChIJR8Cw3cexEmsROD4I4bldOgY
Kaolin Porcelain Surfaces,ChIJVaN6k3axEmsRMufwAVMFXQU
Hansen Yuncken,ChIJ1yUcEgCxEmsR2Q_VJqwjbn0
Kings Storage Despatch Depot,ChIJz_n8V6WxEmsRxR9BX_GAqOg
Constec Construction,ChIJ1QLlvJqxEmsR_LP6OvdfIQE
Belvoir Property,ChIJ97Z1brGxEmsRqJ8R45NCU8A
Azure Lighting Solutions,ChIJQYPkQGKvEmsRaDMrNcZwEdU
Miranda Central,ChIJA-kMp62xEmsRYo2lb-19LFs
www.ffarchitecturalanddevelopment.com.au,ChIJs8fTyOHXTIER4nsF_JTIAWY
Teknicon Design PTY Ltd.,ChIJa3kADVq_EmsR1nnfWqfHqdg
Design Projector,ChIJiUEvvyWuEmsR35ETBjTQszc
Coachwood Drive Oval,ChIJOXJzami_EmsRXOCtZY6cknA
Diva Works,ChIJ4Tr2duDHEmsRcK3z3IgQfBk
Advantage Construction Projects,ChIJw-NIODjHEmsRp-k1da3tBIo
Se Martin Builders & Joiners,ChIJveuJgCS5EmsRlUjj0Kqb8KE
Second Story Wealth,ChIJq6o2HfK-EmsRHy-163Bp4rs
Exclusive Developments,ChIJpVYMgyS5EmsRq6ctLTDgN1I
The POP Team Pty Ltd,ChIJgybexOK4EmsRZriRCjJfcYE
Ladysmith park perennials,ChIJp3a5tgyFGGsRTZ_RsOAhY0s
Morgia-Giffen,ChIJ-ezGpT6uEmsR6kROP185rgE
Wak'a Designs,ChIJj2FEnodjkGsRa-rqtu2FH9o
Wool and Hay,ChIJISDEljauEmsRY7f_vdm8LUc
Glen Alice Public School,ChIJq6qqqmraDWsRlEdpKoHW66Y
DEDA Design Studio,ChIJoeMCTd3NcmsRhUT3Rp6NA7Y
ACM Landmark Pty Ltd,ChIJe69IUqrPcmsRaYgb3-zHhVU
Harrison Architecture,ChIJK2Nc1hOvEmsRc2BZTq3imdo
Bacad Design,ChIJxW833M3IcmsROZg3jnh8wjg
All In One Drafting,ChIJKUhPd8PRcmsR2nF9a-F6oAk
Arnall Artisan Services,ChIJ41nqT8jRcmsRLpSu2IhAZEI
Jamie Sargeant,ChIJ_5oHjd_NcmsR-Ox41y72_e4
Project Works Design,ChIJOcOq_nfOcmsRgI9duiSpjOk
Etchells Building Design,ChIJjUAC2I3OcmsRIi3Y3CvFNPk
Logan Architectural Finishing,ChIJIfpmL4zNcmsRWIe9nzMAkHw
Fine Earth Joinery,ChIJN17Hk-LNcmsRFkeHfMPIpGg
ELKAD GROUP PTY LTD,ChIJAdk4KXC5EmsR9AYCWI690sk
Taylormade Residential,ChIJmU1QV6XRcmsR0dwkOnCiMdg
Alison Nunn Architect,ChIJ0Wa7LvVD1moRbSVrPOLTSRs
Aluminium Partition Systems,ChIJLSb6wzDMcmsRAS_c1ZaBHxk
Felsch Group,ChIJr2BOVfrPcmsR4WOShYNbdA0
Buildcert Building Certifiers Tuggerah & Central Coast NSW,ChIJKybdMJPRcmsRgxREkOnSsEM
Masterton Display Centre,ChIJY7ak1jDRcmsR840VLjTf7l0
Alumitec,ChIJNSK_MHPOcmsRYQiAdFsJQKQ
Coble Stephens Architects,ChIJ1Qg1YDCXE2sRy31csjg1e1Y
Elkad Construction,ChIJEUj5f0K5EmsR0VFOpzH6EPs
KANWAL TYRE & MECHANICAL,ChIJA04V303QcmsRmGCBs5FzQiE
Dennis Partners Engineers,ChIJx3YIS4TfnWsRz9RIkandg-Y
MODE | Architects | Sydney | Surry Hills,ChIJE1KTWCCuEmsR4j8NR8dyUbM
Hungerford Edmunds Architects,ChIJ3QM4tDawEmsRu00DqDl0NHE
Henry Power Architecture,ChIJeaTE-96xEmsRlIH54XKyQL4
Architects Nicholas and Associates,ChIJnz5DwBmuEmsRsZaGOhsT-oY
Fotoulla Lazaridis Architect,ChIJ0_-_C22uEmsRakdwdLmVNe8
OCP Architects,ChIJW4_f9yCuEmsRMNSwJzz0DRg
Rafla Design,ChIJAQDpGxG5EmsRkJ5JkDxQzzw
Beegum Home Design,ChIJNSF4fBu_EmsRP6Z407nwy4s
Managing Insite Pty Ltd,ChIJNTuupjy_EmsRY-UzyRmvnzA
LMW Design Group,ChIJ__820sq4EmsRhzAL0onvf7o
sanda.design,ChIJqZBiPI25EmsR0-lk1SQMduw
Tecto Construction Group,ChIJWxVxcCy5EmsRnOO_Vr_I1w0
Devakon Pty Ltd,ChIJd3aFk265EmsRVCmhxbjJvK4
Asmaro Constructions,ChIJT6woOsa_EmsRtCZnI-M9sDI
Tes Homes,ChIJfc3e8ES5EmsRCRrDWV6-8F8
Athenium Theatre,ChIJbdS43OX2GGsRQbN7-zH3Zv0
Silvester Fuller,ChIJRwFBig6uEmsRMWGpWhEmYFM
AB Interior Design,ChIJCXtH0zuxEmsRybkGiU5BJvw
Tim Allison Associates Pty,ChIJ4VGJzBiuEmsR5udScKnA_Wg
Cullinan Ivanov Partnership,ChIJlVEmfx-uEmsRXk8OOAAlzqI
Planshop,ChIJHV2nEPOvEmsRNxzWF9i9rWg
Strutt Studios,ChIJxSMqiCeuEmsRJCfxIqsuOmc
Michelle Leslie Studio,ChIJ8Z1tFNixEmsRjnXiHJ9_YzY
Design Tactics,ChIJVVUIz-CxEmsRVPjPPcZ34Tg
KAV Kreative,ChIJ78qgNG6xEmsRGkkSRzdKl9A
Sorensen Design & Planning,ChIJ6Q-TcUKvEmsRHd5mCRLXCsI
loopcreative,ChIJIdOykGWLtAERJ-PSIYuZp0Q
Adam Amin. Architecture & Interior Photography,ChIJz51lvUevEmsRLkTX-RYTbGM
3R Design,ChIJF2tNLOCxEmsRBmXDQD3qnRo
ST DESIGN STUDIO,ChIJ1f_aGAbfI2sRFgHw6KIX54o
Kiewa Designs,ChIJQ-Wv0y09JGsRZzeSx5N46fU
Britt White Studio,ChIJ84AAWG4nJGsRfhBkbL_FB8I
Detail Green,ChIJYw8aZm2xJmsRjwT9afJ_HBM
Gary Deane Designs,ChIJYzvq4MMlnGsR0TILZKoLRPg
Balance Design and Construction Pty Ltd,ChIJMy5Q8NENnGsRheqWKzGpaOQ
A&P Van Kerckhof Builders,ChIJ8UPwtDRwc2sRKS7dMcmDU6I
JDG Constructions,ChIJ01MtBJb5m2sRoZ2GjcNDDq4
Warrick Morley Drafting Services,ChIJiZnE_xgkGmsRppELwjR99kM
Dubbo Pool World,ChIJt6qg_bBxD2sRgVht3gYqKVk
Mark Wood Excavations,ChIJG1EWK4lfGWsRNBOMrX0KHs0
Studio HMD - Luxury Sydney Architects,ChIJywB5nNm5EmsR8SN3zOarIpo
RFM Designer Projects,ChIJ3fAjHuCxEmsRGUPrVbfz8ic
A Designer's Life,ChIJI8Dw3LWxEmsR_JQ4n2XPtVk
Arthur Koutoulas Design Consultant,ChIJ9Q1HmiKuEmsR5DTd2SaWGus
30axis,ChIJMZxr9sWxEmsReNhgv9WbJoU
The EC WORKSHOP,ChIJ4yylR8GxEmsRhvUC0I5L2oQ
Quick-3D,ChIJq6q62-qxEmsRTJFHF38FNIg
Watch This SPACE Design,ChIJDfmRwxmxEmsRfsv8NH1tUnw
K2 Design Studio,ChIJHRWbZKqxEmsRfUIUGxX5--o
DesignUnited,ChIJlV4NGgyyEmsRWieXzsbWxaA
Studio Ventana,ChIJJ-6kxy6wEmsR0k1KmaydmWc
OCHO ARCHITECTURE,ChIJIdw4sXStEmsRHqqKxLHUBGs
JD Design Fuctions,ChIJQVMGezCwEmsRUC8crlBAjac
Boss Design Pty Ltd,ChIJjYASEi-uEmsR927PVg-w3QI
Interspace Design Australia - Design & Fabrication - for special projects,ChIJUY10yBuuEmsRKD0Vef6TYIA
Harry Design Studio,ChIJAQDE3PGxEmsRXybBmAKXpks
Design Develop & Manage,ChIJ0U87NMK3EmsRnSVkIt1h8nY
Jodie Carter Design,ChIJK_wesk2_EmsRFKEQ_4-HiBI
Sharp Design Solutions - Interior Design I Architecture I Art works I Town Planning,ChIJl_jV17SxEmsRIEIuUXVWTgE
Alix Helps Interiors,ChIJM2sQc8mxEmsR9POuo0B2_mk
DACCA Architecture,ChIJPfJt3haxEmsRcPyGeRqJr7c
CRD,ChIJfWcl_cixEmsRnjVrZ0z0BdM
studio dass,ChIJrarqobuxEmsR7go54R6p2GE
Valich Furio,ChIJhVjK7aSxEmsRKSsecIVdKvU
Meta-Arc - Design Studio - Commercial/Residential,ChIJi_b9y4KxEmsRN7DnhcmItmk
HOUSEWORKS [SYD],ChIJrarqobuxEmsRUbJABt1rTMw
DAMIEN MAS,ChIJy3VgPbqxEmsRZZd11e5Bm8c
Vectorworks Australia Pty Ltd,ChIJuSJdC6SxEmsRtT5BjzpTtWo
Savvy Group Constructions,ChIJVVXGm0mwEmsRaNmMy08Cw9s
CADTECH DESIGN SERVICES,ChIJ9VKEhg4SH2sRaajaqcRFbJM
Yamba Design & Drafting,ChIJf_jmf0hPmmsRJ9BVDb3Xv0w
NOBLE SPACES,ChIJRW3PLrmJkGsR3_D7zzc-KBM
DRE Design,ChIJiUIUQjutEmsReNbv-_bHaS4
ALWILL,ChIJjyj-sh-uEmsRa8jwJ1U34us
Legacy of the Antipodes,ChIJc7D4cW6LkGsR4xHMScqVYxE
Horisen Lifestyle Community,ChIJVVWWfPZImmsR__xK1EqJKQw
Byron Bay Interactive,ChIJIVRrsIyIkGsRoClEIA-E1xw
Yanjaa Baatarjav,ChIJq6oaR6qxEmsRue4-xJmYc_4
MGDA Studio,ChIJ38UMI0qwEmsRDaKD4u4If8w
Apex Diagnostics,ChIJE1k94K-xEmsR-zEzJd3V8Pg
Macleay Treated Timbers & Pools,ChIJAcfy5oTfnWsRzvgcbiWTzJs
G.J. Gardner Homes - Port Macquarie Display (Samsara Design),ChIJHy9mLvX_dWsRjj9qpddSkc4
Landmark Gardens,ChIJxysyYiatEmsRAO1sD63uCWU
NJH Landscape Consulting,ChIJ6TpzWW2_EmsR6rXNNP40AUI
Quin Projects PTY LTD,ChIJb6sj4OW5EmsRdSRh0Mwwgv0
Auld's Rural Contracting,ChIJfXvtfVYXg0kRMRp83YspqnM
Grace Home Staging,ChIJHUW5n9CFkGsRtFnHegmjdlE
Alpine Nurseries Alstonville,ChIJVSFlAh94mmsRFD0L6wpipEA
Chainsaws & Brushcutters,ChIJ9yS0onfOcmsRL0xKTp4sLw8
Hives Sand and Soil,ChIJD6XvribPcmsRvF9TeSu_XS0
Moore's Nursery,ChIJOXPBv4t0nmsRhcKiGxXHo3Y
Thorman's Transport,ChIJ0ebkMwvOnWsR8N-FpCL-xUE
Mick's Backyard Earthworks,ChIJS7B1SirOnWsRX5Jvac9aOWE
"Kristin Hardiman Portrait, Landscape and Equine Artist",ChIJPVWMZr4tnGsRvH9o6WdpPqw
The Heritage beachside Cafe,ChIJhU5kVaTNnWsR-PqnBpP26Jk
South West Rocks DEVELOPMENTS,ChIJkYcg9L_NnWsR8WA30iRY5Og
The Bayrange Group,ChIJgQ501rclnGsRFg5ocWLKi4k
TAB,ChIJNX6W0cvNnWsRb31cniEgTQg
Build X Construction Group,ChIJ2TQDNS3vEmsRiMcfY6P5J-A
TPEC Pool Enclosures,ChIJLy2Igla3EmsRYt-kFjNUE-Y
Eastern Suburbs Horticulture,ChIJS_r7kaStEmsR3zKETfoPFdE
Ms. Chief Designs,ChIJOxhUWsajEmsRnTk-XTgo1_w
Sophi Odling,ChIJf8ZNf1qwEmsRpkdONsvV6KI
Clare Hall Town Planning & Project Management,ChIJ27xKXVOxEmsR0T6HzHW_zMI
Damian Seagar Analogue Photographer,ChIJS6GwRjSwEmsR8w2yr4ElOl0
Worksforyou Pty Ltd,ChIJQ62a8f-fGGsRUDc52gS2fnE
Rural Supplies,ChIJj6TdHC_BGGsRw_ASSZwHKiw
Coombadjha Art Studio,ChIJWwYDfo11mWsRpy3YPy-FEUY
Mitchell Machinery,ChIJta_8x8TTcmsRSPYDIuw0ZtA
Cape civil constructions,ChIJuaI_15rTcmsRzRECsRGPyYk
Mid North Coast Correctional Centre,ChIJRUzDoZN0nmsRPfVVN0UaYDI
Bellingen Shire Council,ChIJz5_Rl-AhnGsRtcG98QvkqPo
Oddfellows Hall,ChIJ4YITbYbfnWsRKEgNF4XHoS0
The HUB Kempsey,ChIJR8AkyHh1nmsRf3wbs36vR3w
Kempsey Shire Council Swimming Pool,ChIJfVzYVITfnWsRqFYCdJqtQng
Macleay Valley Water Cartage,ChIJI7I9Qlh1nmsRTGSoJgTQbng
Mid North Coast Community College Ltd.,ChIJ_RRVoYHfnWsRLj28GHOSNZU
Kempsey Library,ChIJW5uu3YffnWsRcJlv2KYDBXw
Unkya Local Aboriginal Land Council Cultural Eco Tours,ChIJwy0eOlUpnGsRwFVnaadXYJM
Kempsey Golf Club LTD,ChIJiYSaQvjfnWsRAMjlzTiFlRY
Greyhound Bus Stop Kempsey,ChIJd8JZkC7hnWsRTweWf1yDdWQ
Kempsey skatepark,ChIJJ8_jVYTfnWsRV8o11_PUmXc
Parkes Shire Council,ChIJl4bSEUS7GmsRi2URky0pnzA
Peak Hill Local Aboriginal Land Council,ChIJTwjQF81aBWsRI5k9gJI8LFg
Forbes Shire Council,ChIJzfujJSuNGmsR8LU4PxOqkl8
Parkes Shire Library,ChIJU3H2D0S7GmsR8_dUfViuaFg
​Timeline Ministries,ChIJ____viatGmsR4qoI3K2c7Tk
Forbes Shire Council Administration Building,ChIJBbA0JCuNGmsRsnQHP6sLeuM
Parkes Local Court,ChIJg6qrtju7GmsRGo6Jr3EI3YQ
Coventry Room & Cultural Centre,ChIJfWELHES7GmsR7cv7isN_e4g
Bogan Gate Memorial Hall,ChIJI9325z_dGmsR8qnXmchcgcQ
Parkes Waste Facility,ChIJmYyqP527GmsR2Cx76TiGPBc
Forbes Depot - NSW National Parks and Wildlife Service,ChIJiWkgtUKNGmsRcbElXwgsuUY
Yeoval Swimming Pool,ChIJq1VCdH3rD2sRWYuUR0nnFWI
Cabonne Council - Manildra Library,ChIJzwcfb0cZEGsRlZyV0JdQbBg
Harrison Park,ChIJ57wXELKkGmsROyatla_IUJc
Spicer Oval,ChIJ9U7bxTa7GmsRdp-yScc-QAc
Manildra Community Recycling Centre,ChIJddkhEnsXEGsRNXKIDB0M6Uo
Parkes Action Club,ChIJNw8CHaa7GmsRkrozTvAvwOY
Berryman Park,ChIJK8crjWvXGmsRB73S-GommvY
Forbes Recycling and Waste Depot,ChIJrU2M4_OSGmsRCZCzhJTsJg4
Jemalong Regional Education Centre,ChIJTbPM-M2MGmsR-QCdw_X-GcM
Trundle Swimming Pool,ChIJYTW282vXGmsRNdbqKaQtzlM
Spicer Caravan Park,ChIJnQP4Oze7GmsRDMWOYvAqM4A
Manildra Library,ChIJeaZs1lAYEGsRnL-BXRQjELo
Peak Hill Memorial Pool,ChIJg_SgRzNFBWsRU3_hwzBI0gw
The Aboriginal Education Council AEC,ChIJX2cN08ixEmsRzRTFdWzLrnk
Douglass Hanly Moir Pathology Alfords Point Collection Centre,ChIJq7qbrmNiDWsRM-OVYoUtun4
Jubilee Park,ChIJvQ_fa8-eGGsRN4zC-VSMyTo
Clarence Valley Council (Maclean Office),ChIJmyiCC2Q1mmsR-VD-NdwE_rg
The Stockyard Farm,ChIJt_nVSTTTcmsRlVDmPXchddQ
Ampol Foodary Wyong M1 Southbound,ChIJr51wsXvTcmsR4JDW9bEcB98
Allison Playground,ChIJnR2HCYG6EmsRpu1whPwIrfA
Kings Cross neighbourhood service centre,ChIJtZe-Ew2uEmsRE6XMJ7d8cew
Graeme Barr Architect,ChIJR1MP4gN-kGsRt4zbv5fMQWU
Frank Stewart Architect,ChIJ-2Nhr15ikGsRKg0NLl-KTc4
Logan Architecture,ChIJszcVCkdikGsRMyP6eS8T-po
Fraser Mudge Architects,ChIJ_2nHs9JjkGsRNwauhq41ALA
SMITH. Architects Byron Bay,ChIJs74sNDZikGsR2JB1GnEjk8E
Lucid Metal Architectural Imaging / 3D Rendering Studio,ChIJu395vzGwEmsRwke5uVj7FCA
S P A C E L A B,ChIJVVUuswh-kGsRN7Vc-GTMzm4
Scholten Group,ChIJnwMGZZqDkGsREw824y-wjuk
Daley Street Dental in Alstonville,ChIJqWWfm32CkGsRr8jJzsgqEjk
Crawford House Museum,ChIJwdqJjX2CkGsRy9pIZVUxUxY
Alstonville High School,ChIJ617vNoaCkGsR46eMdFlMuxg
Earth Company Construction,ChIJB6cJFZuJkGsRXqNDv4weAQ8
Byron Bay Drafting,ChIJA1fqre5ikGsRrkVWlcWELxQ
ULTRA BUILDe,ChIJaebjqwd9kGsR3XzCfX20H1g
Ayana Byron Bay,ChIJMRqIsNJjkGsRyG8lnG0303w
VAL-MAI PARK ROCKS,ChIJn1LaWbt3mmsRqJHPu38hgJg
Alstonville Police Station,ChIJzW6YY4iCkGsRsUzAro9ZZG8
Priestley Building,ChIJPWrElPODkGsRJJzHISFFQpI
Buckworth and co.,ChIJ0bKuf1JjkGsRbSZCE7r3L3c
Westlawn Wealth Advice (Dougherty Financial Services Pty Ltd),ChIJYySyoRuAkGsRdL7k-cRTUHI
Webber Build,ChIJK-7d-FJjkGsRsmPtd5ZVRUM
Byron Bay Building co.,ChIJ_2s1ud5jkGsRmj5SrodG8mA
"Panorama Byron Bay, Luxury Estate",ChIJGe1TQExjkGsRrOKho0o4Utk
A PERFECT STAY - Melaleuca,ChIJH43o5EhjkGsRlBQWmdLzVRY
Bacchus Byron Bay,ChIJs74sNDZikGsRMfupd-Ak9yc
Witzig Schulz Architects & Planners,ChIJEa6N0WY1mmsRWKHBEHwTiIc
Simon Hughes Photography,ChIJrZiEvAjcm2sRYKSSb9c11Ss
"Amaroo Valley Springs Luxury Villas, Kangaroo Valley, NSW",ChIJnxqp9yadE2sRul_XFoN539E
Amaroo Beautiful Home,ChIJbaQ3v3bJcmsRzDt2u8E7v90
Aero Smiths Lake,ChIJNefTnNU_dGsR9ud0seL81f4
Macro Projects,ChIJA23ajTfxEmsR9F0R3PEuAQk
Anambah Rise,ChIJJUN78mFBc2sRhJdibQONlcc
Oliver Du Puy Architecture & Interiors,ChIJ79RyxrdC1moRjqWCPV86SQw
Think Make Enjoy,ChIJnZcqi9dLFmsRHcfgZm7ayzs
Elders Real Estate Bega,ChIJAfie698pPGsRK7AdbdENd5E
Marshall and Tacheci Real Estate,ChIJQwsrd-RvPmsReWiMtkU00Jg
Beach House One,ChIJV8HEedSePmsRTSEdMU9WA2A
Elders Real Estate Tathra,ChIJp395aqmFPmsRhAryIwWRzrY
THE POINT,ChIJ05FT2Q1-kGsRVCI_qCDs_xs
Plus Studio Architects & Landscape Architects,ChIJre1ReR1jkGsRBLtq7Ke1ZtM
Pop Denison Park,ChIJPwBq7eN_kGsR72kLpmQrSgg
Ayana Beach House,ChIJeRyEsNJjkGsRWvTe-ca_STQ
Heanesbuilt Pty Ltd,ChIJ8V1itUlikGsR9j83oEtwmYU
JMG BUILD,ChIJS_jt1hCPkGsR2rIcaWit5IA
Easy Street Living,ChIJ4TZdibGJkGsRnwqdOhrXNOg
Bevan Boss Design,ChIJq6rOeP-sEmsRyArSkYHxxLM
Wivenhoe,ChIJ0YsoVxXxEmsRF0c1fEs87eE
CDMCORP PTY LTD,ChIJ3YstwMSTEmsRb_QOBAOsxcE
Butterfield Property Bega,ChIJRe8N998pPGsRPk-Fcf9E_ow
Rod Sironen Constructions,ChIJ1cHmQzh-kGsR8s5vO_eTUUg
MIDCHILD Studio,ChIJNQR0WrljkGsRxEqbWBHD0pg
GNP Golf Design Pty. Ltd.,ChIJ7Vz0SwL4kGsRr0Jf-7s7dPY
Aureus,ChIJz8YhNv9_kGsR9UmpEYhqdRo
Robinson Building,ChIJ3x91WUnzm2sRk5MXqG0rKEA
Constructure,ChIJo14Sx7f0m2sRkv12pM4DwRY
Bower Homes,ChIJrUAO7G9xD2sR-BJC8THFEzI
Straightline Studio Co.,ChIJIzleklXwEmsR04PaKWkth44
habitat home designs,ChIJuWBPJdvxEmsRMO1SrOKZGOg
Michelle Viret Design,ChIJmTWCxSfdEmsRs-bhs3pT2AY
Poppy Bevan Design et Décoration,ChIJpTfEmlIUc2sRhnUIpYPGlk0
Interior Blank,ChIJze56IZoDkWsRaCJlcKeOfu4
Lennox Lawns,ChIJ18CLvDZ_kGsRFKq9XDn-X_4
Birdie Byron Bay,ChIJAWoWOj6JkGsReuwyNqU_gBM
Suncatcher Pools & Landscapes,ChIJVVUhvt70kGsRQshdrKQ-NAE
SOL Landscapes Co.,ChIJjW2waqgk1moR0fmTMw5gJVo
Farr Fencing,ChIJ43wZjFj1m2sRqjrs_W6RZfg
"Fair Dinkum Builds Northern Rivers – Custom Sheds, Garages & Carports",ChIJ2wUTeCV1mmsRPbiiQl9oR2o
Bathurst Lattice and Lumber,ChIJ9yXVy2DmEWsR6PvTc35OPmg
Yellow Rose Gardening,ChIJaVlRBvNPFmsRvRYbMuqMS-c
Pavilion Homes - Display Home Throsby,ChIJ8WYADplSFmsRtCe8GWIaCXM
Ellison Horticultural 2.0 Pty Ltd,ChIJoaRo_S94mmsRM8SufzXpSsY
B & B Timbers Ballina,ChIJ9wlueM-BkGsRqaXjFQzRpkM
Growing Grounds,ChIJFW2Y5WqCkGsR9TqmNlDwiks
Teven Valley Plants,ChIJ4RhPtdCDkGsRWmNiIFkkSTk
Ezy Bee's Lawn Mowing and Garden Care,ChIJq6qW1yuAkGsRIwlt2nhc7x4
Camwil Palms,ChIJCXbJbk2GkGsRRe1JcpaJ9vU
Robert Donato Nurseries,ChIJsXtU9WKBkGsRBxgByBxw2mU
Alstonville Settlers Motel,ChIJz46PDnmCkGsR3xm3I969Ctw
Ben Aboody Photography,ChIJR6UrChJ_kGsR2WW6B0onh9E
Dianne Ingram Art Studio,ChIJWXEEtpp2mmsRlgZrQItyK94
Alstonville Slashing,ChIJnVs60H9_kGsRtkGEWjagF4o
Yamba Ready Hire,ChIJeX3GttZNmmsRDU5g6S7vJO0
Graham Austin,ChIJKT3dzBK1cmsRnSLN-pJJk1w
Southwest Contactors,ChIJ_aeu1bzwEmsRXlO4Xbd4GFI
Thomas Acres Public School,ChIJsf3CVuvvEmsRC2JhyGWZSy8
RE Property Group,ChIJU0u6XCXktAERvL9exGBOJBc
Luxe Life Pools,ChIJ-4F9GKXxEmsRXR8EZOXJAwY
"Sophia Waters, Chisholm Sales Centre - Allam Property Group",ChIJKfak1v1Dc2sRcEWpZohaW0Y
"Taskers Property Maintenance, Tree Service and Stump Grinding",ChIJbebrHI6EPmsRe-Zrs1euvHQ
Ozdig Plant Hire,ChIJ80mtoVonPGsRTKtsAgP9ZZc
Bombala Electrical Home Hardware,ChIJb4OTCgF7PGsRHUbS4qlYkgg
Lizzi & Rose,ChIJPfeQwwV7PGsRTchPbz9OLts
Bega Mitre 10,ChIJSadnkt8pPGsRrsaRNPdEYpI
Kmart Bega K Hub,ChIJC9-gbxqDPmsRxWCeL7OHQ9U
Merimbula Mitre 10,ChIJb784evmfPmsRPtUG9jp7k4k
Mark Gray Gallery - Merimbula Photography Gallery,ChIJP2YH-z-fPmsRAg3yrxGTL-c
Northern Rivers Celebrant,ChIJwx0uw5iDkGsRsQXIaOl0pUA
Alstonville Library,ChIJv6zDt2KCkGsRgFemOQc6KcM
Gram Services,ChIJj6uqnqyDkGsR6GZleQBAfHM
Public Toilets/Park,ChIJz3fjcPeDkGsR72qGhIeUrCY
CG Creative Design,ChIJ89qx9qKBkGsR0jJh9ofdpJE
Byron Bay Websites,ChIJdyTlAzmDkGsRUXLIWsnnDw0
Liberty Alstonville,ChIJI6FKHYiCkGsRfBb1qvLDg5o
Alstonville Public School,ChIJcwa5koeCkGsRM-z6ajUCRGY
Alstonville Cemetery,ChIJfzn62Z14mmsRngT0Qh-IWwI
Namatjira Haven Drug & Alcohol Healing Centre,ChIJC0W-eQt4mmsREwWVX06x62s
North Coast Recycling,ChIJdUFQzJCCkGsRhXaBP8ANLRg
TAB - Federal Hotel,ChIJ73JGeX2CkGsR_y66EuxsSYM
Ambarvale Sports Complex,ChIJebYqC7vvEmsR4Fzy-Wh9AQ8
Clerkenwell Reserve,ChIJs0R7r5TvEmsR_RuN_5nBbzA
Boythorn Park,ChIJF85egJbvEmsRufQyKmrMq6k
Nurra Reserve,ChIJQzva5ZfvEmsRG1GW5hUdRec
Shiel Reserve,ChIJeyD0zKLvEmsRIk68yaKabAg
Fieldhouse Park,ChIJAyMCsbzvEmsROF1AikeU-Dg
Amber Cottage Early Learning Centre,ChIJe5gOp-zvEmsRbepOUIxjdWI
Gargery Reserve,ChIJV6-qAcDvEmsRz93GSbDpiPA
Haredale Park,ChIJ9-ckrvHvEmsRzlv5D0ccB7s
Fred Sheather Park,ChIJkbLEkr7vEmsRV5ZsPIj_gZU
Dickens Reserve,ChIJl4nzepfvEmsRrXcl0aL7O9I
Patrick Newman Park,ChIJ502tKL_vEmsRpuQjBnzt1vs
Cleopatra Reserve,ChIJmcLjTO3vEmsRC6e7Tg9S8Bs
Trotwood Reserve,ChIJcdAR7JXvEmsRQYahP0uFISg
The Junction Works,ChIJlQ6e69e_EmsRF7UKrh2dx3I
Campbelltown Billabong Parklands,ChIJVz9WA1XuEmsRC2jOERXssK4
EzyAccounts,ChIJBcKnvpTvEmsRyHQm4s8nQRw
Glen Alpine Reserve,ChIJJz560rjvEmsRwN7big_njHo
Manooka Reserve,ChIJcevQYGjvEmsRGQzGBcsujrk
Startop Reserve,ChIJ6Qk2-73vEmsRscZ4HkBCtPQ
Greco Reserve,ChIJmSsOf_bvEmsRu-nDag-BfNM
Mandurama Reserve,ChIJe6jkEvLvEmsRp02W_VT5lR8
ALDI,ChIJ_7bRNrvvEmsRQsGZSCVNBOM
Moncrieff Reserve,ChIJr07vbZvvEmsReAgqs_qq-jQ
Julius Reserve,ChIJLXY44o3vEmsR2S6GGjj38Ko
Molong Library,ChIJbcG4lIjYD2sRNDFeN2QYQqs
Orange Botanic Gardens,ChIJPVwciK4sEGsRkHz-c7UJBg8
Snowy Monaro Regional Council,ChIJi9yqTgB7PGsRKP74R2V0keo
Service NSW Agency,ChIJYU8MRMd7PGsRR1F78a_wtV0
Sparta Angus Stud,ChIJOyqf_QhnPGsR_JK38Aj7v7s
Bombala Depot - NSW National Parks and Wildlife Service,ChIJ6xoz5SZ7PGsRcCZRR2x69iw
Bombala Office - NSW National Parks and Wildlife Service,ChIJW56y4wB7PGsRuuADhLQ55kw
Snowy Monaro Regional Library & Community Centre,ChIJbdgXGgJ7PGsRZH_tW4F6FBw
Australia Post - Nimmitabel CPA,ChIJJev7YuFRPGsR87pl4BmFIus
Candelo Swimming Pool,ChIJ2di_030jPGsRo4ReiWab-AA
Candelo Public School,ChIJI0Pgn4MkPGsRaXZHZfuFImc
Service NSW,ChIJmSn9ct8pPGsRifUbFVAEveI
The Lott,ChIJb1a_kT97O2sR8q99UOTX1JY
Bombala Swimming Pool,ChIJ-QgbbgJ7PGsRUvIl-B3pR7g
Bemboka Memorial Hall,ChIJ5fJ43n4xPGsRckUPwtURQCE
Bemboka Pool,ChIJqTBtjs4wPGsRbq1BWn_ze-g
Berridale Pool,ChIJW__6-AHkPGsRDG1rtNfScWg
The Lott,ChIJlzsdBgF7PGsRgzOXPWRtvIs
Bandara Children's Services,ChIJyeBjBO0pPGsRRSQM4nsdxyc
Bega High School,ChIJ32r7i3WCPmsREIjTW21sfwk
Jacky G Automotive,ChIJ8WfJMW1RPGsR0JU2VaPITWU
NSW Aboriginal Land Council,ChIJ37spgyXAFWsRjqjqs9Q8He0
Upper Shoalhaven Landcare council,ChIJIY31YC14FmsRh_Q9HIWeSis
Eurobodalla Community Transport,ChIJlfBIhwbxFWsR5vfTZm9oXwU
Mount Burra,ChIJ1VcwurkxFmsRqZQ9_CjES8c
Tarraganda Hall,ChIJuV1cMiiCPmsRo2pC4yHd_7g
Bega Valley Regional Learning Centre,ChIJp99ZqdmhPmsRAMWz4z90vWM
Bega Youth Space,ChIJncCInp-DPmsRj2hSjwlMLgc
Bega Valley Shire Council,ChIJz1096YKoPmsRSBXN76gceik
Bega Valley Shire Library,ChIJD6JQd3WCPmsRwylD8k3Hjd4
Bega Community Health Centre.,ChIJf9OAkGWCPmsRy0tl-1juRu4
Eden Library,ChIJozydViemPmsRq-yzbxkWIXA
Bega Cemetery,ChIJN0Dhb52CPmsRBgDUxz4Jg7w
King Blue Sky Cleaning services,ChIJV_wPKospPGsRZ5Oln9ExpCU
Byron Bay Surveying Pty Ltd,ChIJRWc9VJ-DkGsRhXgQZqc30EQ
Ozzybuild,ChIJRQ3lrOeVEmsRDMor5z1e6og
SPARROW WOOD DESIGNS,ChIJgQdGCGCUEmsRdSDidaVIq24
Casaview Homes,ChIJY4ipL1eTEmsRTKsHkrjDjjw
Advanced Media Group Pty Ltd,ChIJO_SQdt6Dc2sRdGVeGQkupp8
888 Survey Pty Ltd,ChIJoWW4CyGBc2sRP3sYLxE6yTc
Nicholas Dunn Associates,ChIJdy-SfZWuEmsRt_iK1Yt9tus
Glyde Bautovich,ChIJWWKd1xCwEmsR80dRS8Yzi7w
Adelheid Design,ChIJCy7Z5fuxEmsRcPcVbEMcLOQ
White Ink Studio,ChIJO2FYCdivEmsR5DpJJQBIYPk
Graham Humphrys Architects,ChIJm-55s9SvEmsRK7J40fDSHNM
Robertson & Marks,ChIJQX82VCCuEmsRr0srLzSXLVY
PSA Architects,ChIJXc1y8TSuEmsRsDRHtZRNEyo
Facet Studio Pty Ltd,ChIJeWoo3ReuEmsRO_cfeXVHe2U
CWF CONSTRUCTIONS,ChIJKXKnrSKwEmsRIbr2T9ulIjg
Moline Axelsen Public Art & Participatory Architecture,ChIJeaTE-96xEmsRiDAIqpBKM6U
Pro Bono Publico,ChIJ1XIo7iOwEmsReTumaobGJ0k
Pohio Adams Architects,ChIJc1qpwuGxEmsRzX5BCt3s3Js
Tom Mark Henry,ChIJnRt3UCuuEmsRIWqeYC76a64
Everick Heritage,ChIJLy5UfHSxEmsRXrgeLW422RU
HoJu Homes,ChIJlypwQuWeEmsR1EbOQMYY9TY
Rez Constructions Pty Ltd,ChIJxVmVRzFfDWsRKYZITWeBaAY
Reflection,ChIJc27dl--vEmsRWQDLQTbMPE8
Elementree,ChIJR77SDdWhEmsRlNiVmsQRbXs
EcoMode Design,ChIJH18sSQzdEmsR1rJpHCRYziQ
Tetra Tech,ChIJxaA6nC7hEmsRSpR9LeN45bk
Studio Helm,ChIJb7Ar43uxEmsRs7yBXkGDHrg
Appin Public School,ChIJf0mgHkLjEmsRIvjlluU_Jqc
ADR Construction Co.,ChIJSXh5AOb_EmsRFde9WwH-yJQ
McCourt Building,ChIJJ5Cuxg0fE2sRVloOx3pw2CQ
Mudgee535,ChIJn7D9DYGJDmsR-nwunEXhOx8
Matt Davis - Real Estate Agent,ChIJF0_MJolzCmsRxhEQt06aP1E
Dods and Zuccon Architects Pty Limited,ChIJJSzRpxuuEmsR1d5U4GY7vBE
Test Before You Invest,ChIJ40X1Kd-tEmsRdBaZWQRNUak
Metropoint Group Architects,ChIJY6vf7huuEmsROE8iOv4MjxY
Tour Architect,ChIJOUB7wT2uEmsROnrwB895bI4
Mallinger Constructions,ChIJgTyqD4dfDWsRt5wM-AlUy7g
All-Builders,ChIJ18gEYmnjEmsRHPfjg-reATY
architecturehub,ChIJ__-ryta0F2sRdI75SdxQqLU
Place Studio,ChIJyb2Ic2SwEmsRLz_VKxTHbrA
djb group design + build,ChIJHUss-S-wEmsRcfPvO6SQopc
Muir Design Studio,ChIJrwIFhuSvEmsROBZdXg70Qzs
Threshold Studio,ChIJUXfg5U2iEmsRII6g5g0XMSw
JCB Design Partnership,ChIJmQgjHOCxEmsRTRqQd1yvZCI
Urbanscope,ChIJZ6_ncTyuEmsRaVD0w7VXYg0
Point 2 Design,ChIJEcls2TmwEmsR_RW5qztOVoE
The Casper Project,ChIJLdU_WPevEmsRWgkVWKvRrRE
Latitude 360 Interiors,ChIJ1fg1ozuwEmsRAndDcr_Up2s
Bailey Street Design,ChIJJVZtCTewEmsRmp1LeV7lDH4
RCK Design,ChIJJxdiH8ehEmsRPira0F6WY3E
Artico Homes,ChIJaeBO4uKZEmsRPZRNzjFaPKQ
Roshills Constructions,ChIJeYxB1KCgEmsRCBOnMzW1TAc
Yepsketch,ChIJyc4yAA-nEmsRG4uJaPI7FvE
Golden Eagle Homes,ChIJU1Nel46fEmsR2YLcLm8v6GQ
Artek Developments,ChIJq6r2Tx7gEmsR_JqI7PUBmxs
Timberworx Unlimited,ChIJgyQNb3ifEmsRDJavIrVxfVg
Wayne Tucker Painting,ChIJwf_H1burpmsROQk1AxiJ8WE
Laycock Constructions,ChIJmVsRf5yVEmsR9JQOTpaM_Nk
Wide Span Sheds Bega,ChIJ3VC_30GDPmsRBOtvTIyf_oE
Tempo Living - Austral Display Home,ChIJD3Ah7FKTEmsR1FEiJbdQtXk
BIG4 Bays Holiday Park,ChIJG9okynN4c2sRvvR-yt9rv_Y
Bush-it,ChIJJRAtLLqLtAER-V2QmiIRRaQ
High Grove,ChIJUWXmXtVhDWsR9jRsmsTicZs
Sydney Designer Homes,ChIJY3DcFjqlEmsRrS6hav5QXEM
Custom Design Pots,ChIJNVyQlF9fDWsRqJi8mTF9-QQ
Lamond Contracting Pty Ltd,ChIJ_ysrwVv_EmsRWLtrhnb2Q88
Designcrete,ChIJCb7P-Rf-EmsRPjDJlAkU3sI
Narellan Pools Macarthur,ChIJqQpNDhIAE2sRLf1ez7yysUI
Ploughing And Rotary Hoeing Services,ChIJ_16iw52TEmsRBbyXLcWiwYM
Palmers Landscapes,ChIJO8k-RfFyCmsRwsbggURX8lc
BMD,ChIJQ4pnOfVyCmsRDYQ6tiWweHk
Mr Cheap Home Hardware,ChIJ25DTvZTyqGsRoNqQrL1GiBc
Angourie Bay picnic area,ChIJOdyatSFNmmsRRhbS8S5sjI0
Angourie walking track,ChIJM0xBtqFNmmsR02cfxhPq4ow
Kmart Yamba K Hub,ChIJhfU8WMRPmmsRiQIugX385n8
Stockton Beach North 4wd Access,ChIJm3CJyT93c2sRPF_9clYn5Eo
No Blast Pty Ltd,ChIJX8TuA9qvEmsRlAH8rSx930s
Blacknight Services,ChIJ_3p0aDCuEmsROz5aJtUYDmk
Trevor Street Playground,ChIJeeWSt-CvEmsR_B5eNaEAgXw
Excaliber Concrete Sleepers | Sydney Concrete Sleepers | Garden Edging,ChIJfw7WKv2dEmsRk4104udIOoU
Garden View Nursery At Regal Gardens,ChIJyfYA5eGfEmsRmnt-fKUEXeE
Pacific Facilities Management,ChIJPTB4I3dfDWsRWUCgipaKKX0
B&D Duval PTY LTD,ChIJ2RdcgsBfDWsRvfe_nK30h-E
Renos Maintenance Building NSW,ChIJ__-vQXCfEmsRr863rAvuZ_s
Typhoon Skips,ChIJ7ajt6qOdEmsRRAPN6Vb0QqE
Finlease - Equipment Finance & Vehicle Finance,ChIJ4_X1ZR2fEmsRT2uGyoLAjKA
Brailey Group Australia,ChIJdSatJeHxEmsRJs6MzPKXfhY
Allsite Developments Pty Ltd,ChIJM_H_pRn-EmsRd1AxSFB5V38
Artshack@Wilgabah - Single Room,ChIJh6sxee3kCmsRL7KrDhnoWV0
Centrelink,ChIJvS5wo5TyqGsRNdwKTehi4AE
Monaro Fisheries Office,ChIJZ2dKBUrFPGsRADObc4qKDA8
Jindabyne Office - NSW National Parks and Wildlife Service,ChIJFTNYmPLEPGsRt5W1pIryDug
Angourie Green Pool,ChIJCX7FTdlNmmsRlJ20lq0S7yM
Debrah Novak,ChIJJw_uinVOmmsRmnRpLnow3ro
Angourie Beach House,ChIJAzFj3glNmmsRWIDhzFBB7kU
Yamba Libary,ChIJ_5FfbdhNmmsR2tLlX1DuD7Q
"Treelands Drive Community Centre, Treelands Dr",ChIJ5YyqWGlPmmsR7RjUe5l_xpA
Yamba Community Pool,ChIJ93m93NFNmmsRgJKXlgshI8w
Yamba Tree Cutter,ChIJC3VhTAdNmmsRKcEWc6LQv4M
Wolfe Digital Solutions,ChIJ0__juDNNmmsRLcqZuIZl2p4
W Creative Productions,ChIJSXkQV8tNmmsR8wlZZDY7JsU
Dianne Ellis,ChIJFVk9QdJNmmsR2PjzVLl7jpI
North Coast Road Sweepers,ChIJzeX-MTa1m2sR7-QZkYC8u5s
First National Real Estate Iluka Woombah,ChIJh-IWrHRPmmsRBKZt6OF0xS0
Tomaree Neighbourhood Centre,ChIJY0ap3aqDc2sR6UF2sHXjzEk
Sea Winds - Over 50s Lifestyle Community,ChIJYcAGUfKCc2sRLGNaUnaG7uY
Early Learning and Care Council of Australia,ChIJCyqmMeFMFmsR6bwDNxjlhCM
Douglas Grant Memorial Park,ChIJw_fdEiawEmsRsy-sFPK79CY
Australian Respiratory Council,ChIJrwTwP9KvEmsRxNgPU8ftbkQ
Annangrove Park Reserve,ChIJG3cE4AOgEmsRcIby-Wh9AQ8
Annangrove Auto Services,ChIJMaqcvfifEmsRzlvYWyz27PM
"Carla.k Inspirations, Mosaic classes",ChIJyarx_O5mDWsRubCN4gXs5ww
Appin Zone Substation,ChIJZQLxHyLjEmsRRABGsw62dGA
Metro Petroleum Appin,ChIJfaY24EPjEmsRXD6yMRLETn0
Appin Compounding Pharmacy,ChIJi0cYF0PjEmsROoENmifN54Q
Bright Sparks Early Learning Appin,ChIJgc8SAVzjEmsRNOBJXOli9eI
Broughton Pass Zone Substation,ChIJYWBtEhj9EmsR4CjsOPRr_Nc
Dollars Appin - Hand Sanitizer in NSW,ChIJBx9inGjjEmsRTdUxbh9De_A
Wedderburn Resource Centre,ChIJc7GmI57lEmsRzVAiuvushEQ
AGH Camps,ChIJg6G_2iD9EmsRumfL3r5hSRk
Wollondilly Library Picton Branch,ChIJUR0-ahH_EmsR6uVyk0BYB0w
Noorumba Reserve,ChIJI3i8713lEmsR0So0Gsdm7PI
Dapto Library,ChIJIZvyPr4RE2sRB0K5aVvPZsw
Falstaff Reserve,ChIJ7y6W2l_lEmsR6OZkd76hKf0
Samaro Real Estate,ChIJgTPgMiz9EmsRuIBabopitJg
Appletree Aboriginal Area,ChIJpT--gHyUDGsR-eX0-GUJ3lQ
SIXT Car & Truck Rental Mudgee City,ChIJC_aANlCJDmsRftt1NBhp4bo
Hideaway Domes - Glamping Mudgee,ChIJS-C5nspfDmsREEf1JXRsdAo
City of Sydney library,ChIJgY920wWvEmsRcBZJvjQSefI
Lalich Park,ChIJB380W5iVEmsRkjYA9JDkMvI
ARDLETHAN SOLDIERS' MEMORIAL SCHOOL OF ARTS AND MEMORIAL HALL,ChIJG_bmuAzTHmsR2f7J2rC2Kgg
Ardlethan Bowling and Recreation Club,ChIJ99JaeD_THmsR8jMQLogZNz0
New Dunesk,ChIJQwsEpqnUHmsR4NlJi37wviU
Ardlethan Pharmacy,ChIJsUr2L_LTHmsRR_-I84_v4Hc
Gray Surveyors,ChIJTzO7yu4aGGsRP8SQ7uP9QQU
Toyworld Tumut,ChIJ-XvevOgaGGsRmQYlMWBayo0
Australia Post - Tumut Post Shop,ChIJH0PrBOYaGGsRqKGUg2F6X8I
NSW Rural Fire Service,ChIJMahHH-kaGGsRc9tp9lhx0Eo
Contemporary Heritage,ChIJf7QLuRM9c2sRmK1JSz_y1IA
Aurum Kitchens & Joinery,ChIJU3TXRV09c2sRo6hpwITb-4s
Swanson Industries Argenton,ChIJoRQUgxQ8c2sRCn7JC10Nxc4
Auden Property Group,ChIJo8HaVzw-c2sRD_bXNVlAK_8
J Wilkinson Constructions,ChIJubxffig9c2sRxc8ZIorSnCE
Innerchi Studios,ChIJ__870N4hnGsRCrDWl_CDHDY
Archanaut,ChIJySh8jtwRnGsRjP5rqcgXwP0
Ieshahomes,ChIJ6ckgPv0hnGsR6xyR1anS7qo
MAS AGWORK GROUND APPLICATIONS,ChIJ43-qBzwjIGsRwCASB4IBAIA
Bendigo Bank,ChIJX7_uilIgIGsRenxiZOEXMek
Federation Modular Solutions,ChIJEYCK2n7NIGsRS0dwOs2xCLw
Ariah Park Hardware,ChIJCT5mPls8GWsRafKOHIeF2Qo
Ariah Park Preschool,ChIJBVGIfFw8GWsRRaexHu-eDRw
Ariah Park Central School,ChIJn-KlZFw8GWsRclgFzCYgURo
Landmark,ChIJFVwh_0Y8GWsRBzhARDS_cBA
Mandamah State Forest,ChIJWVTJDSs5GWsRbckIKF9g0oc
Nutrien Ag Solutions | Ariah Park,ChIJI2x4sqc9GWsRirdiBNWADIY
Elders Ariah Park,ChIJdzceHVs8GWsRO6R7ISJ-k0U
Ariah Park Pharmacy,ChIJh6O1O1s8GWsRQ0Y_ttYyuH8
Ariah Park Police Station,ChIJPYVKklw8GWsRQOi2jKMDpj0
All Safe Metal | Aluminium Fence Eastwood | Glass Balustrade | Structure Steel Rosebay,ChIJw3GPjTW_EmsR78hv2G0TEv0
AMPS Agribusiness Limited,ChIJNQLzlaulCGsRzye3FDcpFxE
New Armatree,ChIJi4HEIICmCGsREHl2YUqQ5a8
PHE,ChIJX5V_qh8bGGsRqPiEe3-lJt0
Gilgandra Toyota,ChIJ1yutZI20CGsREJWN-sh8n0U
3D Archpix,ChIJFQ6N_Nw9c2sRPRrKJxrXlnQ
Graaph Design Pty Ltd,ChIJyeM4bcIK1moRlDY0mAheuG0
Realm Building Design,ChIJbypsR8w632oRTPThM994Y3M
Precise Build Pty Ltd,ChIJdaTTJAMl32oRbx6Gi6F09to
Outback Builders,ChIJqy38LI9JHGsR2SHDIaiHiDU
John Lillis Associates,ChIJYbLBKRCpE2sR6A3h3rLSHH4
Willeroo Interior Design,ChIJWWt2mWOSFmsRyOMjFpYR3bw
Chris Clout Design - Building Design + Interior Design,ChIJ-xAfcthrk2sRzxxsv-gzNVo
JSJ Labour Hire,ChIJmZhittQTH2sRDR2A0BbTOPU
Ranceas Building Services,ChIJSS-z5gM9c2sR3lYiWLYq8ck
Hutcheon & Pearce (Temora),ChIJzy7tVd0OGWsRjdn0vliZxLs
Hardware Home and Rural Home Hardware,ChIJCy3Z6FxfGWsR8HnZDlfqM58
Warrumbungle Steel Buildings,ChIJU0sLFNsHCWsR6MSw983aXLk
NetYourJob,ChIJ5YsOChXJJ2sRnZlyEKbqqK0
Landmark,ChIJx5YnmD_THmsRXkbJgeBq9Wk
Ariah 62 Coffee Lounge,ChIJwTN8aT_THmsRbVV8t6gbFHU
Menz Plant Pty Ltd,ChIJmW0UVvdpH2sREiEfaQWtFss
HRD Readymix Pty Ltd,ChIJIWgGdsISH2sRZ34GxXkV3aM
Total Scope Building Projects,ChIJow8rwEy0F2sRMvSElpSDuuE
Jade Clarke Photography,ChIJh1zkn8G3sGoRT6-GNtyVCQs
Holford Field,ChIJCzZrQwg9c2sRciy-3ChAJLI
Nambucca Valley Tree Services,ChIJM5JGDhqDnmsRzDzwa7-msH8
The Little Plant Shop,ChIJaXk0t9EpnGsRUAJxL_BWaSM
Savvy shopper online,ChIJCVrMm1IvnGsR1rtez0cTPbc
The Reject Shop,ChIJSbyVhZMvnGsRJHFiPNdsRv0
Bottlemart Express - Brolga Hotel,ChIJn51en1IgIGsRZP6dv0Qqk4k
Nutrien Ag Solutions | Hay,ChIJ66EdVQ7V32oRQ47uy3pZvhA
Hay Motor Cycle & Marine - Engine Hub,ChIJPzFtzYnT32oRI8wZzi_r17s
Elders Coleambally,ChIJGc54SPggIGsRoTx9lLNTLjY
Ampol Hay South,ChIJDXp_xZrT32oRE8aF82WHMt0
Hay Mitsubishi,ChIJ4b0LRY7T32oRTn4AZi2RcjA
Australia Post - Hay LPO,ChIJQ-9aXnbU32oRO8ZRYwNGPWU
TAFE NSW - Hay,ChIJ08H8xHbU32oRTYz2MGIEU8I
Country Carriage Bed & Breakfast,ChIJr6NQXK0XGWsRnX9wnI5Pfpo
Rockley Studio,ChIJv5sOVgSUEWsRrgp-SEz-UFA
Olde Bridge Art Gallery,ChIJFcMkdV65EWsRh0ETfr9vA78
Corner Pocket,ChIJT1KPk_0hEmsR4tuiccMBfU8
Leeton Shire Council,ChIJQ8W7xyISH2sRhmPESbrbNsc
Narrandera Shire Council,ChIJiwFRCPlpH2sRxG83hlk6Kmw
Australia Post - Ardlethan LPO,ChIJSxXqLD_THmsRAl8D9pG2oHU
Bland Shire Council,ChIJp-VlREVfGWsRVekPOrhr28Q
Leeton & District Local Aboriginal Land Council,ChIJdx5vuxYSH2sRdDzQDK7QzAM
Leeton Shire Council Depot / Pound,ChIJyXDVsw8SH2sRFcvNPdYzB5g
NRMA Insurance,ChIJBf3eNRXTHmsRKaLQ8VOwMMU
The Lott,ChIJcXAyDT_THmsR1Hqtc-Q73jI
Ardlethan Ambulance Station,ChIJ4az34jzTHmsRWkky2uLDLDM
Eddy May Communications,ChIJfwVklWTVHmsRyIzut3JoRzQ
Leeton Salvation Army Recycling Centre,ChIJq9zGjh0UH2sRMuaqu2v5liM
Leeton Shire Library,ChIJgx1kxyISH2sRtGjAupo8bPk
Bland Shire Council Children's Services Unit,ChIJTxm6WF5fGWsR8tu7SRFCAN8
Narrandera Community Transport - Murrumbidgee,ChIJGyeoLJRpH2sRalu0xDYLElY
Mawsons Walleroobie Quarry,ChIJZ3SpQWQpGWsRZFsdcr7gl60
Narrandera Shire Library,ChIJf21JZQJqH2sRN7v33q0d1aw
Leeton Indoor Stadium,ChIJreeKzyQSH2sR5QrTtdeA2cE
West Wyalong Local Court,ChIJ11e8MEVfGWsRcwOqD-5thgw
Leeton Visitors Information Centre,ChIJb-th7DsSH2sRGEUtrLiUJWk
Manildra Group,ChIJtVEKFANqH2sR8HjTV3-FYoE
Narrandera Community Recycling Centre,ChIJI799iOlBH2sRBBLlNYF_5Ek
Leeton Business Chamber,ChIJTTW7q6oTH2sRyV1UTscecOI
Leeton Rescue Squad - VRA Rescue NSW,ChIJC1g8N20SH2sRtAa-56OUHps
Henry Lawson Cottage,ChIJJR67sycSH2sRpOCa2oYfiTk
Anthea Corrigan - Thermomix Consultant,ChIJ7ZRQverBGGsROQXrMsbR1oU
Kindra Park,ChIJtxw8EjrBGGsRgFNZFHp88sE
Allawah Community Care - Coolamon Community Transport,ChIJl0PRHvXBGGsRXJXBz5YciYU
Allawah Lodge,ChIJsR6x_CjBGGsR8tgH_8bPSXE
Lions Park,ChIJVfV1OiNfGWsR_CXx2TEyKzs
Leeton Regional Aquatic Centre,ChIJpRDxWCQSH2sRI6SMZkdSxbo
The Lott,ChIJLTqnIcISH2sRxSeHiWwlB6I
grainflow Grong Grong,ChIJ6yDzWuJHH2sRUzvCRKQTw8Q
Diana Auddino Thermomix Consultant,ChIJb6TItEoTH2sRn3DCtZmiUd0
LG Assist,ChIJNxW8J3xr1moRN9iPWiFljw4
Hilltops Council (Boorowa Office),ChIJiS5vW_RJF2sR-Zr1lqinXTQ
Service NSW Agency,ChIJmVrpFFHBImsRaM3NgnEkaMM
Hudson Street Park,ChIJE0z0wZ0bGGsRwpbS8oS28Gk
Alex Stockwell Gardens,ChIJWYZRSeYaGGsRDx9hcMvTSWI
The Tumut Wetlands,ChIJmd2ACvIaGGsRqWCVPI1h5q4
Boorowa Library,ChIJ5z8E5lLXXAERJAKv7nJPyS0
G&J Groves Pty Ltd,ChIJ3fOF270aGGsRVwwa9hhl_tA
Batlow Memorial Park,ChIJh2dzEW-nImsRHqM4I2HaWGY
Boorowa Swimming Pool,ChIJcfMxbPRJF2sR-DHamKUH1yo
Reedy Creek Park,ChIJk7z0tF-nImsRyOezkYbosgA
Snowy Valleys School,ChIJz3yaSegaGGsR5fnPglbHc8c
Boutique Motel Sefton House Tumut,ChIJ260wLOYaGGsRLfJVRwCeKRo
KFC Tumut,ChIJi9F8F-kaGGsRlV-2Pej24_8
Jack Edwards Oval,ChIJm3i3fRY8c2sRvSRf697q7LA
Argenton Motel,ChIJKwBZQHc9c2sRB8Az1ipHHTY
Alesco Secondary College (Northlakes Campus),ChIJH070bx49c2sRIjYbY5FDDXo
Kindyerra Reserve,ChIJk_cU9hY8c2sR5ay0RDkxw-E
Edgeworth Library,ChIJC5XTnh08c2sRKW1fRzhIoh8
Tulkaba Park,ChIJF6fD0388c2sRvKRH1HySLv0
Lake Macquarie Landcare,ChIJg2WHsWI7c2sRlIle6apPt_Y
Ulinga Park Community Hall,ChIJN8i_Jrg9c2sRTJERXuFrSoE
Swansea Library,ChIJRXG5DWIhc2sRocRkG3C3wVQ
Multi-Arts Pavilion (MAP mima) Lake Macquarie,ChIJlxXiH6c9c2sRMDNynX10PBU
Murrumbidgee Council,ChIJtbGbE8ghIGsRrQRKwC8ND-A
Murrumbidgee Council,ChIJORU7vjOXH2sRgZ73l_MKIYE
Coleambally Community Recycling Centre,ChIJYbaXl3MgIGsRYomMKPkBAIc
Council Offices,ChIJe52QbHGLkGsRKyCxarODE-I
Temora Shire Council,ChIJz_ok594OGWsRZ6yV6ii91uU
Temora West Park,ChIJ06feaB4PGWsR-EmSfyCJqd4
Service NSW Agency,ChIJ9W1dSYkPGWsRI9aHTbETOXI
Upper Lachlan Shire Council,ChIJL7qNRCc2EWsRT2wYsTxL4FA
Upper Lachlan Shire Council,ChIJp7vWe-KuFmsRUo0CWfzdl_8
Crookwell Memorial Hall,ChIJIUkUVCQ3EWsRPuZ8Kujhs98
Service NSW Agency,ChIJ6w5dXQ83EWsRQ2jU-9EuTjM
Oberon Children's Centre,ChIJDWF7BhAgEmsRnkZPU20jHxw
Crookwell Memorial Oval,ChIJu1X8odhJEWsRzuASqrX9-7g
Daisy,ChIJRSt17nSBEWsRk8U6NWUWnSU
Gilgandra Shire Council,ChIJv3Wn6ZG0CGsRCRllRqw8ovw
Service NSW Agency,ChIJzWA9-K-1CGsRWpIXgCSzmbw
Baradine Depot - NSW National Parks and Wildlife Service,ChIJJc9IAJJNCGsRYBS_EKnJONk
Baradine Office - NSW National Parks and Wildlife Service,ChIJjfQMPoRMCGsRLMJqXRdKFWs
Orana Living,ChIJLckl7JG0CGsRI72t6wEU4YA
The GIL Library Hub,ChIJRadYfY20CGsRjAQ8Ly754WM
Centrelink Access Point,ChIJM8KkooRMCGsReymeCV0ZjOE
Gilgandra Swimming Pool,ChIJaWDAFZK0CGsRWMFRtpFjS0k
Coo-ee Heritage & Visitor Information Centre,ChIJxz3LTL20CGsR_dTzieB0lYc
Cooee Retirement Village,ChIJRZTC04u0CGsRvIWvpg5cW14
Cooee Lodge Hostel,ChIJs7ILnoK0CGsR7qOfMuwHc_M
AHRENS,ChIJsTvQDZ60CGsRr1uAw_x5JzA
Cameron Park Community Centre,ChIJCR8Fj60-c2sRWEe0h5XRhrg
Cowra Council,ChIJnRtX2QeNEGsR6bAoSq4421Q
Coonamble Shire Council,ChIJZ6xupm5_CGsRl1ZKZFNrXdY
Warren Shire Council,ChIJbcBPKGbFBWsRrPVApm-RMQY
Coonamble Shire Depot,ChIJKRqPsn5_CGsRMvU_8soBIK0
Involve Gardens,ChIJYZ-BUJ2rEmsRg2JYmGmpVJk
Landfx Landscape Architects,ChIJdzhltQ6rEmsRkHS8ywW8rug
Stemporium,ChIJMYRt3gSsEmsR0qVhlAoRVcQ
Allyn River Permaculture,ChIJ5X1dXneldGsR0f7ao725E8U
Williams River Steel,ChIJ-Wt7GIFqc2sRVkSZiVzzuzE
Steven Foster Photography,ChIJkSR9CPOiE2sRyuijjfX8VeQ
Midground,ChIJVVV5yXGqEmsRQjBQAVV2jiA
Huntlee Academy,ChIJZbJYwL5Mc2sRqNtH0nj65Dk
Diggermate Mini Excavator Hire Hurstville,ChIJ5yx7sCW5EmsRF74FsttkmmA
Greg Murphy Scenery,ChIJxdjHIMmvEmsRlQbqh_yj8Bo
Peak Trade Constructions,ChIJP41sG9-5EmsRVwG5WGprJgc
Elders,ChIJbXAjulpfGWsRxH4PiDETwAQ
Paddys Rest,ChIJB42CGB3VnWsRhujOEUCGdMA
FUNKYA@UNKYA MARKET,ChIJ5ya8_f7VnWsRkzSdQq9CjE0
Cedar Park picnic area,ChIJjT6FWP14nmsRZ8fOjKnasUM
South Beach National Park,ChIJZfGw3kkunGsRy3s6eKpQvj8
Eungai Public School,ChIJH32rbVPUnWsRh7Ln6hqLviw
Johnston Plant & Heavy Vehicle Repairs Pty Ltd,ChIJTX6vRVFvc2sRlOLzWC-vbHw
Alma Park Lutheran Church,ChIJn7-vtIaDIWsRtwScZ_DlLo8
Alpine Treemovals Pty Ltd.,ChIJ7VoLmaReDWsRPr98hrpGiAg
Forest & Earth,ChIJOTYbRomCQWERUdCLqrOxIN0
Highlands Water Cartage,ChIJ2fYUQ0-fE2sRLxhAfESAmxk
Heritage Park,ChIJfX0AuufvEmsR5bG39kDtesw
Benedict Sands Mittagong,ChIJO6jEOxK8E2sRgnVfOv-cGCw
Alexandra Weddings - Celebrant,ChIJxyT8JLmtEmsRDSATx9Yf-UY
Artalishious Creations,ChIJP5IbJNylE2sRn1zWcuktJ3U
Landcom,ChIJpbmedsGjE2sRGi1SP8z1t8w
Augusta Park,ChIJld9zase5EmsRwEDy-Wh9AQ8
Allawah park,ChIJ_f5xQb65EmsRCBWb7X9_93M
West Wyalong High School,ChIJGaXw2ldfGWsRosNzC7CxlHE
Lake Cowal Conservation Centre,ChIJV6WL-DHBG2sRwMnEZbA-CuA
Rose Garden,ChIJN4wt9LFfGWsRCVmmQG1U_Jk
Temora Community Centre,ChIJF25Wq98OGWsRbzJFsjcZvLU
Paddys Rest,ChIJn12wZ55_nmsR6K6ZSc05ihQ
MidCoast Council Libraries and Customer Service Point - Stroud,ChIJ8XKhnUePdGsRo81_q90O5TI
Worimi LALC,ChIJeyxsdw1uc2sRJA1SKgB9NF0
Dungog Depot - NSW National Parks and Wildlife Service,ChIJE6XF1guZdGsRRNhRXT89OBU
Reviva Reuse Shop Tea Gardens,ChIJ79jr2paBc2sRf-NxBDguMOc
"North Arm Cove Community Hall, Tennis Courts & Adjacent Park.",ChIJtbVkrBB_c2sR2kIYyno5PEI
Allworth Homes Renwick Display Homes,ChIJ2bPhdNSjE2sR8GaiD45dnmw
Singleton Council,ChIJ4SiLPNGvDGsR-SjFyVnqpWw
Service NSW Agency,ChIJjXAvCDqZdGsRUGfq657xz4Y
Dungog Waste Management Facility,ChIJCSswuZKZdGsRVOOpVYZtqbw
Local Government Legal,ChIJf89jshVBc2sRWLoHF6uKj-I
Singleton Public Library,ChIJWbXZmNSvDGsRvvsyuWFMB0A
Doug Walters Pavilion,ChIJzeVVVQCZdGsRwdfW0GJ37Q4
Pat Hughes Community Centre,ChIJf47IwG1Bc2sRfgiHvt-6tMI
Gillieston Heights Community Hub,ChIJo2zBxhxHc2sRBX465ck927w
Wollombi Cultural Centre,ChIJXQhRQ53QDGsRnVjhwopAgJc
Dungog Shire Library,ChIJoZ1nS7CZdGsRqsqJXcMtKgs
The Mutual Bank,ChIJK-5L87CZdGsRqGz7N-V0JpA
Glen Alpine Community Hall,ChIJ7VNDEurvEmsRjiSXvyjwE5A
Hill Top Community Centre,ChIJz5EtGACmE2sRztHZoDUfwE0
Performance Frameworks,ChIJ89MjkIymE2sRVxHkvF-HWnQ
Werribee Park,ChIJu6vgpOXvEmsRCb7IylVOewk
Hartford Reserve,ChIJL_cry-_vEmsR0oGUZcHo42A
Braeside Reserve,ChIJGxVG6crvEmsRWkfIAarlNWQ
Ashfield Reserve,ChIJ2Yq8rfrvEmsR9WonSCFID-0
Aylmerton Reserve,ChIJN6VL9JemE2sRoxGoQh2dhgc
Inverglowrie Reserve,ChIJwzqGo-7vEmsRDRH9OiPFqX8
Tighter Engineering Holdings Pty Ltd,ChIJJSbgclGmE2sRc6mmUTku6V0
Sunrise Road Park,ChIJ9TaxatanE2sR0stKzXeZItA
Yerrinbool Hall,ChIJc03iaNanE2sRQJ2aRipbHY8
Mount Huon Reserve,ChIJ_3BtqsfvEmsRsW56l_qg3c8
Colo Street Park,ChIJDYBSFLyjE2sREJf-c7UJBg8
Corlette Park,ChIJmVzjnTmXE2sRCeU2s_RP0lo
Abington Reserve,ChIJCSpscubvEmsRuo_8kSRv-Uc
Memorial Park,ChIJGbDDn72jE2sRg4v05V4MrW4
Yerrinbool Oval,ChIJ253nbC2mE2sRzvsjXHpAbnA
Resource Recovery Centre,ChIJwWKYbRyXE2sRKbn3NRCKYTc
Lackey Park,ChIJy4DHXmuXE2sRWs5K-hGZ5J0
Alpine Activity Centre,ChIJwa-E1vnEPGsRC8Y1zABhnOo
Ritchie Bros. Auctioneers,ChIJUVmpv2ilE2sR_QAQJn-lCp0
Rotary Park,ChIJj3nOxgSjE2sRIJf-c7UJBg8
The Butterfly Bookkeeper Pty Ltd,ChIJbwx5KsbvEmsRFEj9uY9co1U
Australian Transformer Services,ChIJ__8rpuvvEmsRWKJKkJvsOtw
Ritchie Park,ChIJ41p-7G6XE2sRcJf-c7UJBg8
Goode Park,ChIJ63XMcmuXE2sRoJf-c7UJBg8
Henderson Park,ChIJmQeHdUKXE2sRELL-c7UJBg8
Towradgi Hump,ChIJEUnK8CoZE2sRn59xeHc49Eg
Plus Nutrition,ChIJC2kQ0A__EmsRuNOxvvPDaDQ
Greater Hume Council,ChIJ88TyNZguImsRCfSCrsb8e9I
Greater Hume Shire,ChIJG1WnurNJImsR-uk3XtvnrSo
Lockhart Shire Council,ChIJy8JaGrTvIWsRCjntcwbY34M
Lockhart Memorial Hall,ChIJ55gHdLbvIWsR53p7mCjD36o
Many Rivers Regional Housing Aboriginal Corporation,ChIJ3xUhUYX_nWsRE93ohEUFhxo
Nambucca District Rescue Squad,ChIJV63cQmIlnGsRIFqAXWJ90oo
Hunter Councils Environment Division,ChIJt9h8-BRBc2sRGG1TqObRYG8
Hunter Workers,ChIJLRDEP0MUc2sREXKBxaFolyg
Muswellbrook Library,ChIJ9ailPz5hC2sRfj-XKBFQc_A
Arts Upper Hunter,ChIJrQfcaz5hC2sRLeHLM7PqNl0
The Benevolent Society - Muswellbrook,ChIJ1YQVjD5hC2sRD0dzc_pC6Uk
FJ Machon Reserve,ChIJi5YWeTyqEmsRqvjQbJeSFQo
Provincial Home Living - Belrose,ChIJ16y-o5BXDWsRgaQ1SicHQR4
Truman Reserve,ChIJ4T6aSI5VDWsRQHzx-Wh9AQ8
Aboriginal Land Council Young,ChIJxWAblqH-GWsRlcN-SoUhkSY
Albert Park,ChIJLZ5eWwvIGWsRtkGpvcxPDoU
Apex Park,ChIJg3as9gfJGWsR5LFhUG2KyaM
Mackay Park,ChIJOVe_eF7DGWsRG1-4_6wUETc
Jubilee Park,ChIJb2E7Kg_IGWsR3GgRxBgCFTo
Temora Library,ChIJ5-DmxiAPGWsRgp_Jyj0GtCM
Waste Transfer Station,ChIJOYYoCl3IGWsRvfChgoKebG8
Business Cootamundra,ChIJaXGhVQrIGWsRTqT96OofxGE
Parkes Airport,ChIJUzVinFmlGmsRR9hsLOxJZgY
The Arts Centre Cootamundra,ChIJhWgI_QzIGWsRAf3nReXEawY
Gundagai Swimming Pool,ChIJGXw_5xo8GGsR2jXat7d2VoU
Goolawah National Park,ChIJVVVVlTHhnWsR_MjZwisWFtg
Delicate campground,ChIJq6LPsbLlnWsRNBa1jDUZsX4
Muswellbrook Regional Art Gallery,ChIJsdFYyhVhC2sRy8OaYoCquUA
Heron Close Park,ChIJzR3P4axHc2sRC4ZRm2yPeAs
Eckford Reserve,ChIJ96meWqdFc2sRijhEA25HsN8
Allen Park,ChIJKd_WckePdGsRR5-cUUuvXFQ
Noel and Daphne Unicomb Park,ChIJ8bvJ-CNDc2sRNqvEEUJqJsw
Parkwood North Park,ChIJrRxQVRFBc2sRr0yrGpBJ95A
Cecily Reserve Park,ChIJVQgDHv1Pc2sRW3SpIu31hBQ
Thornton Oval,ChIJs8g3p25Bc2sR1WCrkb0aRnU
LMRFF,ChIJW48pLWM8c2sRgac6Dq1NQFE
W Interior Architecture,ChIJ7yPBmc2rEmsRFt3kHkq2OTg
Austek Models,ChIJca-Oxq2rEmsRQC6Osn2O_MA
Nassima Design Group,ChIJ_f_TOb25EmsR6MCIPPwQqBY
L.P StratiCo Design & Build,ChIJv9VWb_C5EmsR5tbvQSkIh9Y
SLC DESIGN GROUP,ChIJGfkncre5EmsRNskF6-PvlTQ
Richard McGregor,ChIJ__8bi0u4EmsREGxV7A4XYVw
Studio Bide,ChIJoSWhu9W5EmsRqX_x800wNeY
Crafty Kabinets,ChIJGQLLcLe5EmsRO0oxgK3p9hM
The Scenic,ChIJ___ThqqwEmsRWjTfozGd8dM
Nexus by Resico,ChIJIUx2g6qwEmsRKNHXjF8aE6s
Reds Building & Carpentry,ChIJFQI5oyu6EmsRXUYfkUH66x4
CCIC AUSTRALIA PTY LTD,ChIJ8VQ1QL25EmsR5FMYOo7yrok
Timothy Court & Co,ChIJgyWR-J6ZE2sRPPEZPfE62XA
Bloor Plans,ChIJmx2SrqmjE2sR43D4ik_6MdY
Spearwood Burradoo,ChIJg3ZFUuWZE2sR4YMmL8hOZLU
Pmh Building Co.,ChIJE8wzmtq8E2sRlYtWODqEb3s
Trinder Alpine Constructions,ChIJ2W7FqwcHPWsRwYUq2Ibvv-w
Allfitz Homes,ChIJPYwlBPhUEmsRnr2Cn08MGCw
3d Anatomica,ChIJ1_gQuL-iE2sRMmCJRj7QLXs
FIX Systems Architectural,ChIJo7IUqbevEmsRyqNQ99xdfak
AO Design Studio,ChIJ__8Pmcp7E2sRsLPuspRdRZs
AWPM-Civil PTY LTD,ChIJKa0CxZn_EmsRVDdTduQ6e_w
Planitree,ChIJA1hGZkijE2sRegwvMXq3_ys
Molina Architects,ChIJ__8_mYiqEmsRiscGyLFRKko
ELLEN WOOLLEY ARCHITECTS,ChIJAQA8XE-pEmsRejIugPxADA4
DAVID CHOE,ChIJbUzqNAq5EmsRB8rD91DBLxk
Merjie Design,ChIJmR3h6aa5EmsRNSFce20rJjI
grain architects pty ltd,ChIJvadLeTu3EmsR-GKyAARgbCQ
Helix Projects,ChIJAQAUVJK5EmsRaC4Lr1Vdl-s
BPS Developments,ChIJ84ER-UG4EmsRcOu_qxBdl3U
Velliss Building,ChIJ3xZHV6m5EmsR5vXqrQp6vwc
Harper Group (Aust) Pty Ltd,ChIJqwLCQ6K5EmsRP8FB72FFRs4
Tom Gray Architect,ChIJAQBQRNsfE2sRqw0KQlQRyIM
Josephine Reich (M.A. Architecture),ChIJTZ0l1VerEmsRLqATm2bvIV4
"Heliconia - New Builds, Renovations, Interior Design, Furniture and Styling",ChIJc1464gGrEmsRBfH4GAqPaPM
AMME Construction,ChIJXQTiIGWpEmsRF6EYnKp3dmc
Brother Nature Design & Build,ChIJbQie81erEmsRGv2hquXW2SI
THE DESIGN CONCIERGE,ChIJIxqxq8GrEmsR0ucJiCFVEk8
7-3 Design and Joinery Pty Ltd,ChIJ3ybl0qerEmsRrwNFDg43cn8
Nicmar,ChIJYe8HAVWqEmsRPaADHsWBp5U
Boli Designs,ChIJE1QNVkm4EmsRti5H79f77nM
Projectac Development Pty Ltd,ChIJrQsXoRC7EmsRbMrsB0Q3Bu8
Gould Studio,ChIJVz8Yrnu3EmsRKbK2em8a2gM
Grounds Constructions,ChIJ5-BZ3c7HEmsR8H8m1ieN9Vk
Pixelcraft Graphics,ChIJ9y7fnhW5EmsR2e1Pj9_-seU
Allworth Homes Central Coast Display Homes,ChIJAQAAAOvQcmsRTuLLIWrQN-o
Allworth Homes Wongawilli Display Homes,ChIJT-46i_QPE2sRWrAnccsUItc
Inhaus Designs NSW Pty Ltd,ChIJ5dh63XilEmsRwIMEefkwWQY
MacKinnon Design P/L,ChIJv_fbAr_JJ2sRDrY88uA37kE
Willick Design,ChIJ8Z-UxMrJJ2sRro6hqJilt7Y
Apparentt,ChIJPUBPPPlC1moR-TivHH39t7k
Freeburgh Builders,ChIJIywe3KAhJGsRuxSLYPJ-Bm0
G.J. Gardner Homes - Wollongong Display (Edgewater & Sunbury Design),ChIJi-v-ClUPE2sRGZWznn9Yb4c
Deirdre Brennan - Real Estate Agent,ChIJKZlHrnCjE2sRKPoFB-0wC7U
Warrane,ChIJ44vS4murEmsR91Z3VDu0pNE
LEC Consulting Pty Ltd,ChIJ03S_VUKpEmsRQXgvwgjuVO8
Perrie Designs,ChIJw_mCZ12vEmsRXy1XPhBmGpE
Chase Projects Pty Ltd,ChIJ_2A6H1-qEmsRsaDrAJCEBMs
J Motherway Constructions,ChIJQYvERdqrEmsRfEWUOT5L5IA
Northern Building Pty Ltd,ChIJ9xJDMVSqEmsRmFZnRTI2Ujw
12d Synergy,ChIJhbisvM2rEmsRVqUvDOA1T2U
Aneeta Window Systems - Showroom by Appointment Only,ChIJ12KtgGGrEmsRFOdy_u1mWb8
iAccess Consultants,ChIJAQDw7bitEmsR3DcvQZYGD4U
Easton Planning Consultants,ChIJC5i2RNivEmsRtt0W3IOR55o
Australasian Institute of Surface Finishing,ChIJq6qqvoCoEmsRpxG6VixDgGc
Bickerton Masters,ChIJMS9otIquEmsRTbRixFB1N_U
CKB Consult,ChIJ493AEfaoEmsR41tNBg_IcT4
Access Consultants Association,ChIJUwr0IQ8U1GoRi_OfkrPuAyw
Ostinga Architecture,ChIJ_5SRyhiuEmsRq4T4uZhJYhg
Studio Ga,ChIJ__8vuOmuEmsRFqyM7r2FIAI
Corona Projects Pty Ltd Miranda,ChIJFzMWAIXHEmsRM-u1KN6IIQo
Barnson Pty Ltd,ChIJO0EecUa7GmsR2GupKq0ZZRY
Molanco,ChIJp2LAaPCJIGsRFW8gev2b51w
Eeles Trelease,ChIJu395vzGwEmsRns20brMWD3k
Stevens Sand And Gravel & Bulk Haulage,ChIJG3gLdooTGmsRLKA87Sh7Tvk
National Memorial WAAAF Creek Walk,ChIJBwP0GH6pIGsRl00XtY7Y5Cg
Carlton Projects,ChIJ8QMyhpuwEmsR_e8RUU6zFUA
CASF Australia Pty Ltd,ChIJQfmUlsOZEmsRoOgJqhfP0So
MSA Prestige Woodcraft,ChIJSRyd2xKYEmsR7UtpcAeqN_g
Blackadder,ChIJMZJhP0CuEmsR0D8Yjmjq3xw
Gifts for Giving Australia,ChIJV2mYJcGZEmsRIrHw27sg2V0
Evolution Precast,ChIJRQjPuTGaEmsRoM2xFGjIyec
Stryker,ChIJH7mxqBWZEmsRT0-LP_Z-BJs
Envirotech Facade Solutions,ChIJn-f_K26YEmsR8fCmAncfLqg
Starplus Homes Pty Ltd,ChIJnYN7PkaaEmsRzwZDHHeT_1k
SWB Plus Newvale Engineering,ChIJl9B46x2ZEmsRdTn5XoO2LEY
Arrawarra Rest Area,ChIJo651UzLzm2sRqsWuvV2nmsA
Apex Shade Structures,ChIJZ6hbQMsNnGsRboT-YLfkHw0
Woolgoolga Beach and Headland,ChIJudHzaVqLm2sRG969rCcLV3M
Archira,ChIJ__9vXCivEmsRM1mbYfZ3eGk
Robertson & Hindmarsh PTY LTD,ChIJK7kREtquEmsRE2Hq4rkzims
See Architects,ChIJ_xxO1kGlEmsRfm8aYMyDLPA
Charrette,ChIJPXoJZoyvEmsRooAafH1_s4I
JRZ Group Pty Ltd,ChIJf5L9iyapEmsRKLI6-f121bE
AG Public Art,ChIJV9WzBIyuEmsR24q_MwdZdyA
Great North Architects,ChIJAaDq4uiuEmsR0m3KorrXVUI
EL Design,ChIJVVVx-S2vEmsRdWfoEaCJDDg
Studio Gorman,ChIJVVWZlSmvEmsR_bPpaNO6xbQ
JPDC,ChIJN95cYNOvEmsRCx6vSUYXux0
trinity,ChIJFXi_PsOuEmsRFnn6HNUS-RA
LT & Associates,ChIJVVVRXzipEmsRVY1Vm0flTAw
Rylock Windows & Doors - Sydney - Appointments Only,ChIJF87a6q6xEmsR29N7pEI02m4
Mi Designer,ChIJYZrM-SavEmsRDOdGS9wF9hI
Architectural Information Services,ChIJQ-zZMtKoEmsR-7Bo5NaT9YA
Five Foot One Design,ChIJZ_aJjN6vEmsRC0ezCmG1ruM
eClassroom,ChIJpdghkyWpEmsR9F9iYTewB3k
C-Side Surveyors,ChIJyT1k1ZeuEmsRtdVncdkVsGw
CC and C Solutions,ChIJLQGh39OoEmsRQYmtX0kT_z8
Luxecon Group,ChIJVxX8sg-vEmsRLYhhkpHOO1k
Wal Musgrove Constructions,ChIJKenODtCuEmsRxhYTW8VBJFI
WWP GROUP,ChIJVVW5CvKuEmsR-dRg9Z4KBoQ
Bristol Paints Artarmon,ChIJWcZLJjmkEmsRR3oWJTKuEp4
Clark Brick And Stone Constructions,ChIJZ9pVXTSvEmsRWpcGGg_c9e8
Riboni Constructions Pty Ltd,ChIJadmhVueuEmsRSDKh_vIa-tg
Vigor Master Pty Ltd,ChIJW849dM6JtAERrlrdq40cxf8
Geoff Howden Photography,ChIJz9eNXSGvEmsRzQ1AEwDhE0o
Solve Group,ChIJ80GR00CuEmsRsFqfQF_TY-g
LIS PHOTOGRAPHY,ChIJ6wloGzyvEmsRFPQxHv2ZsUs
BiGfilm,ChIJDxO5_BOvEmsRdnPHoay2CV8
AC HOMES,ChIJt5ywwxmpEmsRom4a6DuFSs4
REMX Remedial Building & Excavation Sydney,ChIJ15asaCmpEmsRGwxiFsB88z8
Aurizon Homes,ChIJ4dklc3CpEmsRb7Pm8-an4aI
WPS Waste Plans + Strategies,ChIJa-EC2UivEmsRaDuoxaT4Oio
Advanced Consulting Services,ChIJPcZCHtaoEmsR5CGlp6XqHOg
Beston Homes,ChIJnYo96q2pEmsRYyLSVtHfaTs
Graphite Architects,ChIJ16SZP42uEmsR82QeCS8pSYY
ROBERT ASHBY ARCHITECTS,ChIJaX5gc39-1GoRo2V_JNxqu_M
Tony Coote Architect,ChIJ57UHWX6vEmsR-LRt41NtDaA
O'Keefe Architects,ChIJQUhax5OuEmsRcFAUZhe_i0o
MCA Architects,ChIJGZYchsKuEmsR4L_AVI0L88c
Watson Young Architects,ChIJnRvopnivEmsRXvj__mbOf6M
Martina Hayes,ChIJMVEgbkOvEmsRp3Em_f_cSUw
TTPA,ChIJPcZCHtaoEmsR5g2dLY4cE2Y
Plan & Elevate Design Studio,ChIJeb5nfuOxEmsR3067Lflsp4o
Parker Studio,ChIJfdxSpuGxEmsRzrgFIfFDjUs
Quantum Built,ChIJw_1UwCWwEmsRmdtlRtqv2RY
Architect George,ChIJfxA2dbqxEmsRAMevjtu6LXY
Fusion Engineering Services,ChIJv9dDKFe6EmsRVHEHgJ9V3oQ
Darren Gray Cad Services,ChIJz5elBb3zm2sRjfFsximOhN8
Comma Design Studio,ChIJs-MtKbKvEmsRcheOo4QSpp0
Eleanor Design Studio,ChIJnWXb5fKuEmsRskTer7g_n0g
Melinz Kim & Associates PTY LTD,ChIJfRH1fSOvEmsRabQFSuo3nyU
Louise Sullivan Design,ChIJQfGnicWuEmsR-7JARKWDTSM
Cameron Woo Design,ChIJP9iBF92uEmsRBU5uocxWmWo
DVHO,ChIJR9ceEwivEmsRdFgiT7fkzsA
Nexgen constructions,ChIJ59H9RkypEmsRlVPJWdjUdt8
Sunbeam Studio | Interior Design,ChIJ4T4qiU6vEmsRL9ToXog-O-s
The Silver Arc Asia Pacific,ChIJb2ScVtGoEmsRAcLwXvpk4SY
Studio Trio,ChIJV2bdVeKvEmsRQkqvGIt6OfE
Kendall Co Constructions,ChIJq6raqd2uEmsRtRW4xoV4Hew
Danpro,ChIJdfJ-mW-vEmsR7oJYBcpocqI
Accent Plans,ChIJC9oC4vZC1moRi0uZ8dT78GU
Firmbuild Projects,ChIJVVUZ0_e5EmsRGUWcfZzK2FI
ELLEN WOOLLEY ARCHITECTS,ChIJKWRKlkCxEmsRuqRhhb2sJMo
ParkTransit,ChIJ0zUHVpOxEmsR_aFoxgLgNMs
Nautilus Design Group,ChIJ__-LGOG5EmsRlm-Nt7qLWJc
AKA Acoustics,ChIJZTF6Bo6xEmsRxuPG8Mq-uWU
Studio Panetta,ChIJ95-0IcOvEmsRhoDe_PUjwis
Leonard Design,ChIJwZVgNSqvEmsRmA4Nay6IguA
Gentry Alexandria,ChIJ___DU-muEmsR2LZVqLk7qXk
Castlepeake,ChIJgWkINtmuEmsROwLj4DHJtp8
TCG CONSULTING ENGINEERS PTY LTD,ChIJq6raxdOoEmsRCN4ZTH-OQNA
MLINA Pty Ltd,ChIJAdGkm2KYEmsRZ_wvtuJGyfk
Go 2 Lawn Services & Property Maintenance,ChIJgaanFVy7EmsR2IWQu7TTHWo
Arrawarra Headland,ChIJ_wxr8lbzm2sRSpwbG4hNPaM
The Landscape Store,ChIJt7Rq3ZSvEmsRELC0QPfrXm0
Akasska Constructions,ChIJcaCFiECuEmsRBkXy6TZpUU8
Atelier 8,ChIJfYyeyZeuEmsRvg_dqDCNIZI
Plantfile Pty Ltd,ChIJs0JEGzyvEmsRFhSua0uINSQ
Atlantis Aurora Ecological Landscapes,ChIJE-tU29WpEmsRCNU7F3FTWFY
FieldTurf Australia Pty Ltd,ChIJkUufWDqxEmsRl9n97rptsoM
Buildview Corp Pty Ltd,ChIJVchJqtqxEmsRwx5gv-95CJU
Earthmoving Attachments Australia Pty Ltd,ChIJOeRo3AKXEmsRwQYWjixyBlY
BG Concreting,ChIJFy3sMkebEmsRQdndphRlCX8
Urban Maintenance Systems,ChIJjQrib9ebEmsRGk2vEoelEZU
Garby Nature Reserve,ChIJK3Uwskjzm2sRTO5ylFuaHvw
Look At Me Now Headland walk,ChIJwVLfmLoLnGsREDmpyxuigZo
Wickham Park,ChIJvZlzUS-vEmsRN-vcNm74t9U
Ground Up Landscapes,ChIJq6puuEupEmsR-MpSKpXVABo
Debbie Mackinnon,ChIJqeVxMt2uEmsRLtiNlXEK21E
Little River Land Care Group Inc,ChIJJRcH-nzrD2sRwoktP4pWCXo
HOME ENGINEERING CONSULT PTY LTD,ChIJ_9mSJVe6EmsRXuaG9Qli0hg
Arncliffe Youth Centre,ChIJtUQO_MSxEmsR6LkJqgAjnYc
Riverine Park,ChIJlfV9J6WwEmsRUZdFO05diRk
Belmore Street Reserve,ChIJrXTw9qGwEmsRzY5k00fPqvw
Eve Street Reserve,ChIJf2ywcc2xEmsRb_VP1kSy56E
Beehag Reserve,ChIJGbAS-aWwEmsRALKUCVBLkAI
Precinct ATM Arncliffe,ChIJ00aFJKKwEmsRjtww9w_jGSc
Greenway Park Community Centre,ChIJhUbbFRWTEmsR7luRFrcwdII
Artarmon Park,ChIJ31uhJdiuEmsR57oKP_D7y1c
Cleanaway Artarmon Resource Recovery Centre,ChIJPX7mft-uEmsRkLla_Kx0G6M
Artarmon Village Green,ChIJB-Pi77CvEmsRzDUnrGiBGB4
Artarmon Reserve,ChIJSXV7JNeuEmsRaetklml2Zsw
Wickham Walk,ChIJ2Y4uPdeuEmsRVL_4rNrEssE
Compliance Council Pty Ltd,ChIJH92vlQarEmsRmN-bqvnmHRg
Marlow Street Reserve,ChIJnTCzodSuEmsRASN4-4w8VHo
Thomson Park,ChIJs75Z1CevEmsRYFzx-Wh9AQ8
Wellington Local Aboriginal Land Council,ChIJb76HtDevD2sRMTbMe-E-6KE
Cabonne Council - Yeoval Swimming Pool,ChIJAXvOCW_rD2sR3l3aYNVSis0
Wellington Library,ChIJ____arWoD2sRnlb_xD3ywrg
Cabonne Community Transport,ChIJ09eWbRvZD2sRGWf0686wMSY
Narromine Library,ChIJE1i0y6iDBWsRzPxIfGOWIYU
Ashbury Community Garden,ChIJj4IOF426EmsRB0-0XLs41j8
Pat O'Conner Reserve,ChIJM56VfUK6EmsRgMXy-Wh9AQ8
Morton Park,ChIJ63c7VHGwEmsRy-xvJeqd-QQ
Squeakygate Retreat and B&B,ChIJ38JP_0E1mmsR0BXxJOJfv8I
Velocity Physio,ChIJc_14oZM1mmsRhzoiIvsaJQk
Maclean Library,ChIJ1azHeGM1mmsRSE1NpI3YVpM
Clarence Valley Seniors Computer Club Inc.,ChIJ04aWdmQ1mmsRz5K8XTW1tDQ
Ashby Flowers,ChIJpfO0Xbk1mmsRnyc9v6RVWLc
Maclean Community Recycling Centre,ChIJ8UzMDZNKmmsR2D3saU7krUI
Livable,ChIJLeA2M7o1mmsRO_1RuIWVOFw
McMahon Electrical Services,ChIJNSpIobZLmmsRKHhn2QHbIlM
North Coast Road Sweepers,ChIJ0-C-i6dLmmsRZ1kt5g3l7pI
Clarence Medical Centre-J R Mathews,ChIJs568fWM1mmsRn-PKMR3Rh1k
VERTO - Maclean,ChIJIVawXjQ1mmsRcVK_W2Jjw8M
Lighthorse Park,ChIJ4XYak7yVEmsRKi4NDoq_mvM
Mowbray Road Reserve,ChIJ5WJ3UCupEmsRiOi9-2Gmw7M
Gore Hill Park,ChIJjahw4wSvEmsR61v701_iHO4
Dorrigo Library,ChIJu5OLq5GjnmsRNRssWePZJSs
Fairdinkum Builds Tenterfield,ChIJvV_U4pJNmGsR8pzgBu30b1A
Jamie Shaw Building,ChIJq_y563YU100RFplPAh-62cA
Bomaderry Mitre 10,ChIJp0TbPbZ_E2sRBDeVwQQArcY
Cally Mill Farm,ChIJp6wsxaGGE2sRYzdPwFKNYCo
The Chill - Sanctuary Point,ChIJU0VfvTGJFGsRMN5O8pvyHlI
AXISCO,ChIJ47snnO6hEmsRMa4AtkgihAA
Mosaic Creative Styling,ChIJgekUE16qEmsRVyGX9c3gJIc
POWERCHAP ELECTRICAL SERVICES,ChIJjzsTISOrEmsRDG4c65YMBQA
John Curtin Electrical,ChIJZ_RL5BayEmsReEI34Ausbf4
Bedgerabong Public School,ChIJF6FK2Vr-GmsRMbPtAo01asI
Pulse Lawn Mowing Carlingford,ChIJXyqBqjGPvk4RysA6z8sooB8
Bucketts Building Supplies & Services,ChIJy2Zve-z7dGsRpet7kgvllJE
Jnp Mowing services,ChIJuZ25BK-7EmsRD5b7CrMNFpU
All About Earthworx,ChIJh_zggjzxEmsR201cSYScnMY
Never Wilt,ChIJ-T8vpQHvEmsRYdxNd_vW2mM
Rocket Rons Engineering Services,ChIJ03sLdKVZEmsReyEANziNqCU
Pixel Visuals,ChIJEQMTR8H3EmsRUjCUGNBCDd8
Arclite,ChIJc-pcBcWxEmsRB3R0JtKSEeM
Emu Creek Retreat,ChIJ40hyBBPomWsR8_9aW9eBbUI
Collins Creek Public School,ChIJsWTqMMa5kGsRZSytg04edY0
Beaumont Building Design,ChIJ7zWuGIkMKmsR7yEkJwqFkcE
Mantle Sustainable,ChIJw0IOUiaPFGsRPgOuGt3G0V8
Thomas Isaksson,ChIJzQz1RRiuEmsRd7fntfGwAOs
Djokic Constructions,ChIJha47oL8ZE2sRzDWMRsLqoDQ
G.J. Gardner Homes - Shoalhaven Display (Montville Design),ChIJK76XFyyBE2sRysqaGx-bPi0
the sticks,ChIJJ89uKYB3E2sRWLtBIZWL01k
Build Platinum Pty Ltd,ChIJfzN5AMt7E2sR-4wf1bR1BEE
The Seidler House,ChIJ2SBy7LaVE2sRwkKvNbrWcIE
Intercapital Consultants,ChIJkbWPb2SeEmsR9iF_BSngxOQ
MAKE4BUILD,ChIJsQu7fOiiEmsRiji13_vFWZ0
Mountain Creek Architecture,ChIJq_BXXBUWJGsRQsChVG-91MA
Daniel Younan & Associates,ChIJp4DjhrWuEmsRJiBHD-awXKI
INNOVATE DESIGN,ChIJVVWZ6L-uEmsRyAiPaCDTnJY
Infrared Home Entertainment and Automation,ChIJo0bQtMKuEmsRivDpUkIZLDw
Beckom Public School,ChIJAYkAVngtGWsRmGEntHiYg5I
Beckom Roadhouse,ChIJU3192nMtGWsR5vMJnIm_3z0
NSW Rural Fire Service,ChIJI0ijLR0PGWsRKxvZZLh_4eY
NAB,ChIJ6Q8FBt8OGWsRJ97b79WFvhs
Girragirra Retreat,ChIJ-wRlS3PzGmsRbiFsiBCTNA8
CENTURY 21 Central West - Forbes,ChIJy1IczMvzGmsRam_q_9HoGfQ
Davy and Watt Building Design,ChIJO2jO_oMHdmsRiCxxvKilHjc
Beechwood Public School,ChIJFVao_GD4dWsR8_f2lduYfB0
Steve Fermio Environmental,ChIJhUdywef5dWsRn7UwWa7eT9Q
Beechwood Homes - Warnervale,ChIJR__tzKrRcmsRnZDdabMCjfQ
Studio North Architects,ChIJ8152LVqnEmsRlBzaR_jdpwc
"D+C Consortium Pty Ltd,",ChIJV8U4m7mmEmsR-f_3sBL7TPA
ANODE ARCHITECTURE,ChIJAQDwzw6rEmsRfGkLCq1og80
Deuchrass Architects,ChIJt3u0VUOrEmsRfl93NJf-rLg
The Malton,ChIJPTdvrMGmEmsRHyF2cHznuOk
Beecroft Railway Station Gardens,ChIJ92gjlsCmEmsR_iHLPw5kMbA
Architex Fabric Structures,ChIJHyPJYgUSH2sRUU3kNfJfENw
Warren Central School,ChIJxZ-p5GXFBWsRfyHIldTWgaI
Nutrien Ag Solutions | Warren,ChIJgU4IvWjFBWsRWADPY7UP_VY
LESERBUILD,ChIJC6fcTN4pPGsRygLZFFvfhlY
2pi Software,ChIJr2aaVnWCPmsRyvp1OVEh01k
TAFE NSW – Bega,ChIJj3qiuXeCPmsRmTGA4Zn0UdY
South East Regional Hospital (Bega),ChIJcYH6uGWCPmsRaiVJvb7c0a8
Old Bega Hospital Regional Community Cultural Centre,ChIJC2tJmoGCPmsRDfIXvw5MpoQ
Madhaus,ChIJ_7XcrxU3dGsRgRjPOz5y7nU
EARTHBOUND design+construct,ChIJPdo_OoQ_dGsRh-EBjSCIPAM
Woodstock Building,ChIJNeNeAfk_dGsRMyxGqc2jRZk
Access Australia,ChIJhaMIpIM-dGsRr7PfmxjpH4I
Daniel Drafting Service,ChIJ8ZOfnYm7EmsRImAw08S9Tvc
Jasta Constructions,ChIJm53Gu1i7EmsR9ZZXqkwP8ac
1st Choice Builders,ChIJAQCZqQ-7EmsRLuphj1qrcLE
Unify Constructions,ChIJ1w4SQ2m7EmsRs7wkMGlG9BY
Dashville,ChIJe-IF6uiyDGsRElch6RQpW5U
Lucchini Oprescu,ChIJHaT_jBavEmsRVC7fDmHbIaQ
Australia Post - Junee LPO,ChIJS2hunO_2GGsRw2OM6rBgkyI
Noble Builders Pty Ltd,ChIJ7XOobqz7EmsRgcGU15Cfuh8
Admark Constructions,ChIJL1sy1cbxEmsRF4_4abhfg98
Gitter Group - Architectural & Industrial,ChIJy7AOEiL_EmsRmgBGe_NX3fY
Trace Architects,ChIJqyS-79SscmsRo1n34tHP5Yg
Kate Bell Interior Design Studio,ChIJI_6e5NWtEmsR6Ze1K67JbvI
Hartley Courthouse,ChIJ1S5dPrkNEmsR7VcgHkU0H_Q
Horizon Homes Bella Vista,ChIJ9_K-J1qfEmsRz4c1N9yrWdY
Buildcraft Constructions,ChIJQw9lKFqfEmsRiKkwetywl_Q
Brass Homes Pty Ltd,ChIJZ__KQn6fEmsRvNWxvS4XPz0
Bella Vista Village Green Reserve,ChIJnwuEsPihEmsRSiY_v-SRyHE
ZED Group Consulting Pty Ltd,ChIJVVUV4VCfEmsR573C71vcIPE
Vivid Homes,ChIJ_Uk0l1efEmsRx7_tEuZhzr8
Professional Certification Group - Private Certifier Sydney,ChIJUdKJoAqmEmsRWuX92BXo1IY
The Capital Real Estate,ChIJrwp33IafEmsRToPHSGoiwEI
Real Therapy Solutions,ChIJ34zZ-8yfEmsRRe6FibS4RSE
House of Harmonia,ChIJzSzN45ofE2sRoSM_fLgVsXo
Bellambi Neighbourhood Centre,ChIJH8YNdyMfE2sRmaFkFmx9ps4
The Illawarra Flame House,ChIJmWj4tDMZE2sRpdY2rzQcfVI
Little Zak's Academy Corrimal,ChIJHSDjlEYfE2sR-WmJDEaiWKU
Urbancom,ChIJ__9L3HMZE2sRtwfV8FURxiA
Hamilton Hayes Henderson Architects,ChIJvc-tu14FkWsRozsW4BFcsxA
Bellata Public School,ChIJnbPRZf_SpmsRmqvGtGxXQ70
Australia Post - Bellata LPO,ChIJM3Ek71TSpmsRC9hI1dxExJY
Truro Herefords,ChIJGfbcjrw7oWsRW4Aw9Yi15-M
Nutrien Harcourts Narrabri,ChIJDVGg7rQ1p2sRHFd5XZPu8fs
FYFE,ChIJMxCBXyw1p2sRP4vrmLk0NIQ
Strongbuild Berry,ChIJHZhFWsh7E2sRsnYoAUno_tY
Bellmeadow Homestead,ChIJvRIlBdlnnmsRWtaJZ6cubss
Highfield Building,ChIJt5a8Q5atEmsRGhjStqnv6AY
RICHARD WILLIAMSON,ChIJ__8jAsOtEmsRciVGnDQTggM
CSA Architects,ChIJn2To55KtEmsRRvwTxkJni14
SCA Architects,ChIJt2B955KtEmsRUcFrfCzSBXQ
PDP Architects,ChIJ570ibiStEmsRBf7uz3aiHNI
Terra Partners - Building designer,ChIJjbn9u7CtEmsRMIS1TfBrnSY
Szewczyk Edward & Associates,ChIJ6WxFxe-tEmsRPcIReL0_JuU
Phillips Henningham P/L Architects,ChIJsV2IO66tEmsRvx6J96D0ZnM
Sims Thomas Creative and innovative design,ChIJ00uGp6WtEmsRVABcJXN6eQk
Eminence D&C Group,ChIJ5zxRo8KtEmsRRaRI1WXPgzo
Atelier Chardon Architecture,ChIJ6bw6JJitEmsRf22srqisbYo
Bella Ikea Developments Pty Ltd,ChIJ-__reOetEmsRJVPUjOQHf7g
Enfold Projects,ChIJCc2srvGtEmsRvrZpVKFCws4
CASWELL.,ChIJ3yqBx_qtEmsRGr-B7uLmy6w
Wende Reid Studio / Form and Colour P/L,ChIJYXNBVAiuEmsR42ZEWVpav8U
Build,ChIJ__-vwsWtEmsRFz5J9Kw-zus
Zack Smith Constructions,ChIJa6R21MKtEmsRqVK-SBa583g
MAKSIM POTENTIAL,ChIJ4fCA3PGtEmsRLnhTBJyjL5I
Abuild PRO PTY Ltd.,ChIJOw4fj-etEmsR6SHmE98ATeE
Central Projects,ChIJVVUMpeitEmsRcYS9to_PfHQ
Sullivan Building Services,ChIJ4zWOpsStEmsRE_YLK-6eP_Y
Atelier Property Group,ChIJh3vMiPGtEmsRUNW_tMODxzc
Osborne and Dowling,ChIJj5GYHvffnWsRK9cI_yZMQZQ
Hammond and Wheatley,ChIJcdA9Pd4hnGsR1acBf4vIROo
everick foundation,ChIJ8Xp2Zd4hnGsRbXVC-TJD3I4
Bellingen Memorial Hall,ChIJo74GxuIhnGsRJfDkGpPCW2s
Arch Space Design,ChIJ5UKskIFVFmsRrY1ySArk78Y
AR2 ARCHITECTURE,ChIJf9nJroVUFmsRCzvezyhY9K4
Element Building Projects,ChIJH-S52aBSFmsRpjrFPoUax-k
Mansa Consulting Pty Ltd,ChIJ7eeej4BUFmsR79yjUr2Adv0
Belltrees Public School,ChIJR9qWYxM4C2sRzMJAjQ0eCAg
FYFE,ChIJracHKxRhC2sRPySr2vZt6OE
McDonald's Belmont NSW,ChIJo78n890ic2sR4HtbaBc8BSc
Belmont North Public School,ChIJI7smZcwic2sRQaboFUK_NUk
Creative Kids Preschool,ChIJRz_ng_4ic2sR1YRLqmH50dc
Belmont Public School,ChIJ2X8SRecic2sRg3U6ymk-vjI
Adriano Pupilli Architects,ChIJG8WU-C1ZFGsRUpuzTFeA6-0
Jansen Design + Architecture,ChIJS4OP5xdRFGsRrBkwJgPMrdo
form follows function architecture + interior design,ChIJ__-Du0BZFGsR39FGvY3eylc
Coastal Architecture Ulladulla,ChIJHdhQdvBRFGsRI8Cbb5jx9ts
Alpha Building & Design,ChIJ39ov7TdZFGsRyXaUgheIJT4
True North Design Co,ChIJLxejUK9NFGsRzxAZ0uCoJeM
Duplex Building Design,ChIJU9PRoXJRFGsR_wyryA8oNXk
Exceed Building & Design,ChIJWQBAlLxQFGsRLJuAHLydIlQ
Honeysuckle Beach walking track,ChIJl0ZnV46_FWsR5xbTRgLgqlU
Greenscape Constructions,ChIJ36IK-EZZFGsRJYD_4jR0wkE
Oaky Beach walking track,ChIJX3_Ps_W_FWsR4FLELIruqCI
Harcourts Batemans Bay,ChIJ8_azPWzrFWsRfnIfrYr1Sss
The Isla,ChIJQThVKi3rFWsRYKYMK0hS1aA
Baylander Builders,ChIJ123wrftQFGsRQOAAPa8Epg8
Surf Drafting,ChIJ7ejKTYNRFGsR2hYTiud6vfE
Jack Millwood Builders,ChIJMVfmsAlRFGsRjohtW6VYUR8
Bawley Built,ChIJ__-zmoqtFWsRCj6Cu1R1NHo
Lysaght Batemans Bay,ChIJpQCKRp3qFWsRYrF-mxZ9UGU
BW&A National Building Consultants - Swan Hill,ChIJxbQdAPeF22oRpLffksltoyA
Real Property Agents,ChIJE5jZ7tZeFGsRsho7X9Tdh1g
Bendalong Point,ChIJqztObChfFGsRNonB2fyo0_M
Positive Spaces,ChIJTzKoH9uJFGsR5_EJh9LNPco
LYMBERY BUILDING,ChIJQSoWujqPFGsRdBe1ML_66Ps
Northside Early Learning Centre - Mollymook,ChIJcTNqY7tRFGsRKqXxS58TC-8
Lawrence Huxley Building Design,ChIJ4T1gC1SME2sR7_lcsOr53hM
Gibraltar Construction,ChIJC2Fs99mNE2sR_hFtXmVUhJg
Bendick Murrell National Park,ChIJmUo504emEGsRMSVght4PE6k
LPC Trading,ChIJbV1DDi6pEGsRzKxbracSRyM
Bld Homes,ChIJ21-5yaZJFmsRqyX3vbq90nM
DSI Underground,ChIJC7sIHmY9c2sRbE-xObOBNcI
Suburban Projects Building Design,ChIJp3850n61cmsRzrH7bACWmiw
The Pole Home Centre,ChIJSX5XZu-0cmsRTp0vhZDUX0A
Sustainable Systems Architecture,ChIJn0ALfP-zcmsRL7Mkx8oyCOo
Inspiring Designs,ChIJMfp9jNC1cmsReLTHymEH3SY
TAMOSPAYA,ChIJkYFeFUtLDWsRjWTx235yqDc
Sé on Terrigal,ChIJxdBWqufJcmsR3N4RBMP41K0
DeMont DeSign,ChIJ315k5NzJcmsRS9QbDT-GM5s
Barnes & Barnes Design Collective,ChIJP1pCnHO3cmsRAemXBnykhUg
"Demont Design - Building Design Services, House Plans, Building Plans, Architectural Drafting, Central Coast - Free quotes",ChIJ9ds0cIS1cmsRM666tq2yQ00
David Law,ChIJwf_dzZ_KcmsR1a8ew_Lkk_8
DeMont DeSign - House & Building Plans Central Coast,ChIJtQ6rTnjKcmsRSsA0AqWEMB8
Markham-Lee Architecture,ChIJYwuerwWtcmsRBWJBEJyZAo8
Davison Building,ChIJM_IIvwm2cmsRprtZhk-v7L0
Eye3PhotoDesign,ChIJpzxalzWTKY4RFe10VITnldA
Starr Glass Architectural Windows Pty Ltd,ChIJ15QuKH41DWsRHrasDPSltIo
TCW Building and Construction,ChIJ31-jEzq1cmsRaQzcTkeNQdE
Mennie Builders,ChIJG2DOm2KzcmsRKWfEbG5RWTE
Maple Design And Construct Pty Ltd,ChIJVVUVJlY1DWsRuHdKOEcrggs
Think Project Services Pty Ltd,ChIJXeTaPapKDWsRYV1226aSrtE
emphasys PTY LTD,ChIJw7WWw_nLcmsR4nXB8VyRC4Q
HENARISE PTY LTD,ChIJlzgFcLbJcmsRKYC9XUyKVWA
Cool Coast Shade Sail's,ChIJoyBTT_e0cmsRAViZpUkJJZU
Lindsay Frew Constructions,ChIJu5pMM-nJcmsRYhHcm4XVhu8
Manifold Public School,ChIJyzkhBgkKmmsR5PoBnIPldgc
Positive eco,ChIJdaSbUyW7EmsRKCPW46dwat8
Buildrite Sydney,ChIJCXn9RGGYEmsR1HXIchw_Jp8
Lidcombe Rise by Billbergia,ChIJSWbFeiq9EmsR0vmEjUt4VpE
Pitching Point Constructions,ChIJ___7AhilEmsRxpz2THfUc_E
NEW BRIDGE APARTMENTS,ChIJq6qeEqG8EmsRhpm5TetODNg
VH Building Services,ChIJjYj3iVi8EmsRAlvI5xoHzuc
Ki Building Services,ChIJq6oGL0y8EmsR4zOxSSkhpCc
A&C Aluminium Window and Door,ChIJRYS71Z67EmsRPfYiI9rkKkU
NSW Resident,ChIJUe4MJXt9EmsRH32XsjcbDL8
Moritz Interiors,ChIJgTYMYMt9EmsR-tySF8Sl76A
Eco HABITATS,ChIJAQDMd6B9EmsRY7ZPjukovZw
Stoned Decorative Pebble Supplies,ChIJ8ZGVixR_DWsRRLciOIVclas
G&K Windows,ChIJLbZUxQiHEmsRpAO2MDjRNyM
Centre of Excellence in Agricultural Education,ChIJ-4jqXz-DEmsRQYIqN1TI3fU
Graeme Rendle Interior Design,ChIJ0wuoIVNAc2sRUT77d2_oOZ8
Buildsafe,ChIJcQ1pE-RAc2sRHj2sF7ZBW0I
Mainfreight,ChIJK-CI2zY8c2sRc1BZ1vzkLrs
LJ Hooker Moruya,ChIJ3VjjiBjxFWsRYzbkaBzjCfA
OZ Global,ChIJYf2fsLMQE2sRwtBsSuU2CqA
CareSouth,ChIJ8yreIhAZE2sRNDuzLDSS17E
Element Joinery & Design,ChIJXWIGYLrRcmsRL06O5ZxwDNg
Coastal Evergreen Synthetic Grass,ChIJOYvbWGvPcmsRc4uWgV2Yilk
Berkeley Vale Private Hospital,ChIJ63l8dI_OcmsRY5Q4R-fNTBI
Creative Coastal Homes,ChIJr7iTf7jOcmsRNhzRFJGPCL8
Power Projects International,ChIJO9-aNezNcmsRniv_lFi0V-s
OpenShutters,ChIJj3Qf533OcmsRej4l3B1Bdgs
Central Coast Mufflers,ChIJN5b_f7jOcmsRqNOaxRM7TyU
Berkeley Vale Pharmacy,ChIJ27XmdY7OcmsRQpMEEinszt8
Community Transport Central Coast Limited,ChIJDxoYJL7RcmsRJntKq057WJg
Wiseberry Killarney Vale,ChIJJ7r0qyChEmsRInecfUpV-k8
Global Project Services,ChIJyz7iTIBKDWsR7G1j-QlYqco
SHAWOOD by Sekisui House,ChIJcwCTBqWdEmsREv8_2Obj8M0
786 Painting Services,ChIJP0bHDPydEmsR-SvqcmAjscM
Akoona Homes,ChIJhS6jP2ydEmsRlHhEFCP4_tk
Edwards Heritage Consultants Pty Ltd,ChIJB3T-pwxjDWsRIxepKvbq-mI
Berlang State Conservation Area,ChIJjSpRrAAPFmsRBEzfmttwN9A
The Big Hole walking track,ChIJ45hUj2cRFmsRE7WLievSpJY
Majors Creek State Conservation Area,ChIJVyiTaex0FmsRxqhi6O6RHHQ
Kitchens of Choice,ChIJF1uC96tvPmsRCJi3fnv6ces
Captain's Quarters Townhouses Bermagui,ChIJyVOCgGduPmsRP7bFlCzOkpw
Bermagui Beach House,ChIJ3emNH2RuPmsRH1DKKRKh68o
LiveLocates Bermagui,ChIJ7dYYTPNvPmsR3r8RfdXoDfk
Clarke Law,ChIJFXtsevRuPmsRQaWEAEdTaco
Bermagui Visitor Information Centre,ChIJA-73H_RuPmsR4N5ifoBTYjE
Bermagui Brushes,ChIJe43ExKhvPmsRIDTvvfrz85c
Bermagui Bay Beach House,ChIJXXtvqcFvPmsRoC4EOQBKYro
Tree Survey,ChIJkaPJAAtaDWsR6d5r4njr1iE
TTM Consulting Pty Ltd,ChIJv2W1uV2vEmsRTUy9h_V2N8M
Homeark,ChIJAQBQOmu7EmsROTSHar-JdU8
Ismay Reserve,ChIJf4o2lzu7EmsRzkcYOblGKOc
MD Lighting,ChIJZyAsVG-lEmsRKpVJ3-rQAes
Dovell Naval Architects Pty Ltd,ChIJAQA8KdRSDWsRuqP6PMakNnw
Sails Real Estate,ChIJv8jEIUCfPmsRqA3BW0wnEiE
Closed,ChIJ1507WhWfPmsRFO-rIUD6b20
Bristol Paint & Decorator Centre,ChIJAcqZMwKhPmsRAloZECT_74Y
Berrara Beach Holiday Chalets,ChIJsR-DsLpfFGsRR5FEfJBQB9g
Bunky’s By The Sea,ChIJBa_YXrxfFGsRd6xQUhiwyR0
Berrara Beach Chalets,ChIJTep-aNtfFGsR5f52PN4prtQ
Raine & Horne Sussex Inlet Real Estate Agents,ChIJOVVjIYyKFGsRNs5P_LGFc8s
Level Electrical & Air - Gloucester,ChIJUbYL1az7dGsRwPvQutDCliM
Shut the Gate Wines The Little Grocer Snowy Mountains,ChIJf94WPP7jPGsRyzWcv_oQRbY
Out of Bounds Berridale Pizza,ChIJW908sJnnPGsReVxcR77A_o8
Southern Cross Motor Inn and Tourist Park,ChIJYUAfO_3jPGsREhIK41GZx3o
Snowy Mountains Motor Inn,ChIJhQUBHavmPGsRFgCkG76UKkc
The Perfect Piece,ChIJ7yGyE6PhPGsRZaBowL5albk
The Range,ChIJ-cfL3j_nPGsRbj7PSTmcLmw
Berridale Public School,ChIJg1LUFqrmPGsRR3uho14llaI
S. A. Lambert,ChIJB2NOoWXEPGsRnV8If4gynMo
BLUE HIGHWAYS GALLERY,ChIJs7tUMhWVIGsRu-fYMBejsyE
Berrigan Caravan Park,ChIJK9_SrxKVIGsRLomFcMI22_U
Berrigan Shire Council,ChIJjUy3kwyVIGsRPQVgYMz9P2s
Wilmar Schütz,ChIJCSKglI1o1moRukUxAZSA_f0
Berrigan Public School,ChIJQUxp9xKVIGsR5bLLG3tW6MY
Berrigan Economy Harrows (BEH Fabrications),ChIJaf6dgg6VIGsRGBJTNwuE9TU
Berrima Market Place Park,ChIJ5Qdj1zuWE2sRwxfg2bsLuB4
The Loch Events,ChIJt0lRQXa9E2sR0jKWvkjk5s8
Hillside,ChIJxVHWWCWWE2sRRGELnGF3skM
"The Story Centre, Berrima District Museum",ChIJ_9SezEqXE2sRUMXsoluuBYI
Coromandel Homestead Berrima,ChIJnfpoMkKWE2sRv0qq5EyQ_O4
Kmart Ulladulla K Hub,ChIJ8cEC21lRFGsRiEQtx0Xwtww
Toyworld Ulladulla,ChIJP6s6M21RFGsRr00HNhu5UJM
Hamilton Electrical Contracting,ChIJc8lcW5etFWsRLr9ayziEBn4
Highland Creative,ChIJG5PphuOZE2sRCALaP1Rei0s
Ranbuild Young & Yass,ChIJSb3txlX5GWsRlgvlXcZ9Nzw
GMT Fencing,ChIJdzDlxr_KF2sRSvTGSbx-hy4
Limestone Permaculture,ChIJuytt7XqOdGsR1UsrWr7fDtw
Activ Plumbing Solutions,ChIJ_-6coOmJFGsReQZm4g9zCao
Smart Footprint Homes,ChIJHR8LLfw9c2sRWGUyxfeDy6I
Clear Vision Landscapes Pty Ltd,ChIJKbB1JcDLcmsRTyqaH885xi8
BC Lawns & Gardens,ChIJI9XweJfLcmsRR53BmSFAyk8
Landscape Lighting Design – D-Lighting,ChIJ__-DTr-1cmsRfOF_kWqLRG4
La casa design and construct,ChIJA8cJYd_JcmsRXZ_efi0L0NY
Denis Madeleine Permaculture,ChIJ8aNOxWqHkGsRt1Hr7_Tl5Ps
Pulse Lawn Mowing Guildford,ChIJo0gzTFWRTqYRXmdl4zPlQd0
Ace Sheds Batemans Bay,ChIJrZWbT53qFWsRoDyzYRA66nk
Brogo Permaculture Gardens,ChIJk8IpPCUrPGsRfw3XjqfOSg4
Bega Irrigation Bearing & Mower Supplies – Irrigear,ChIJx_h4yN8pPGsR4j8Y3CVdMPU
Keogh Plumbing Services,ChIJx8ZPVzafPmsRREZ19tK4XpQ
HMS Group,ChIJPdYwWF2lEmsRZxmupMZWulI
Weddin Gap to Black Spring loop trail,ChIJw4mmuQ09GmsRQ_Z66J8uJGs
Black Swamp campground,ChIJUWYzACjPdGsRkxgtruefiiY
Blackalls Park Public School,ChIJa0-WCcwkc2sRHJxgE_2kBfE
Blackbutt Forest Reserve,ChIJgU8keoITE2sRAHjy-Wh9AQ8
Early Learners Hub - Blackbutt,ChIJT1F60zYTE2sR0Oid-RzGoiM
Old Kiama Fire Station,ChIJSdLMg3NsE2sRf8pCzmMpfGg
Mezzanine Builders,ChIJwxsBKNOaEmsRyr_TsFeLRik
Evolution Joinery Pty Ltd,ChIJ2XOyoUiPEmsRl0kl9E_-B2E
VERTEX JOINERY,ChIJiVDzAMuaEmsRbLWtJbTdvzE
ADS Glass & Aluminium,ChIJscn0gsyaEmsREUM2SrIouHg
Blackville Public School,ChIJLVc-hJS3C2sRGz-IrYSVjAI
Blackwall mountain,ChIJi0tW06G1cmsRRg04yd-YvbU
Berri John Building Design,ChIJFQlqNLNKDWsRjB4F3YIbsuc
Coaststone Benchtops,ChIJfTCdr1Y1DWsR9AwpXgVXoxc
Edwards Family Homes,ChIJlS6bzVBLDWsRd52mI1AdRuY
Prestige Habitats,ChIJV6nnu3BLDWsRYz5bTqrJZCo
Whitecaps - Pearl Beach,ChIJF0nM43dNDWsRCQhVKHVQn_g
Cohort Engineering / Stefani Group,ChIJpxi5xmPKcmsRxI_Lar8TH84
Redhead Sails,ChIJHYXiJaTKcmsRml3PHVMtWi8
Milestones Early Learning Blair Athol,ChIJmSioJ1vuEmsR_8zcPfakzh8
Blairmount Public School,ChIJPc1BKl_uEmsRS_Yi7gfDtXw
Social Habitat,ChIJb-Oan3CLkGsRdc0jfXPBrtc
Arcbuild pty Lty,ChIJk1Yr1ciJkGsR9grMDRQ0Pcs
Alexakon,ChIJq6omoE-4EmsRdcWxiOP3rYo
CML Building & Constructions,ChIJ2Q0WuTq4EmsRdoZQ8BnhfBo
Infinity Rigging,ChIJe6qB6we4EmsRvTyo1__mTgA
Leading Creations,ChIJAwBQLAlTFmsR0fee7cvLR0w
Murphstone Media,ChIJfdye-ditF2sRk8zDFj6MSuA
Blandford Public School,ChIJ90F0_Q4ZC2sRa6isCapkwhM
Blue Mountains Building Company,ChIJ0wS12mOIEmsRK6nW09vJWbE
Star Structures,ChIJ44VkUld8tAERKvLVIUxBpJI
Noiseworks Out of School,ChIJGSW6UHyIEmsRjEqUr3niP_Y
MARIAN SHAPIRO,ChIJccgK_PaIEmsR7Y7CA1njbSE
Hess Property formerly Harcourts Coffs Harbour,ChIJPQ5SebkNnGsR64OANYdhBCw
Sydney Sandstone Cutter,ChIJgeip4tRkDWsRHZJvj5fsrLI
Comleroy Road Public School,ChIJzZggMvJ7DWsR0vOjmyN3NJQ
Blayney Public School,ChIJDZXoLy_IEWsR75-Z0dw479M
Blayney Preschool Kindergarten,ChIJmyutBS_IEWsRTKp4ub0QhpI
Blayney Multi Purpose Service,ChIJDdSRA9e3EWsR9L9gHE-RmOw
Blenheim House,ChIJs3N7I-GzEmsRMAaccht25Kk
GBA Heritage Pty Ltd,ChIJDdVUZz-uEmsRZ9J32rFYlp8
Urban Real Estate Bligh Park,ChIJ6bwXz0GdEmsRiBr_D-DF3Do
Tiningi Hall,ChIJ9_V0GnKdEmsRrYIEbGIXkOQ
Sydney Louvres,ChIJ3178CwpiDWsRqiKZBDJVi4k
Western Precast,ChIJS3PLytljDWsR-HGxd5JF9cc
Bespoke Joiners,ChIJq6raCHmiEmsRshB8dwY-htc
Glenfern Over 50s Living - Sales Office,ChIJJwBvLiD_nWsRep_6wzx9Lrk
Waddell Landscape - Design & Construction,ChIJdYQ3Q9ZD1moR_BW-8dK83k4
Jazmor Excavations,ChIJe_VAZAk7c2sR0Zd70hjH0so
Plantscaping Solutions,ChIJB-Cl2jUlc2sRIAVWAIQ5CDg
RAICO Pacific,ChIJ__-vjDFMFmsRhlM5sSIJjP0
Primo Insulation / Primo Building Services,ChIJA0OBuINNFmsRNxNFnZorrZs
Casino Historical Museum,ChIJyXlxmKgPmmsRfUBvUKoPY14
Casino Country Store,ChIJU3rMyTEPmmsRzcSB8V0YRMI
Northern Rivers Rail Trail,ChIJU6sKMlIPmmsRLUDTDkZ74DI
Sullivan Nicolaides Pathology Casino,ChIJzYbz4y8PmmsROwFHrx7RYZg
Luci Macs Lotto and Gifts,ChIJBY5u4C8PmmsRaxfpIqYwPsc
Cassilis Public School,ChIJ-XztHf_7C2sRW_4Z71xeVn8
Merriwa Silo Art,ChIJ5dMc7tCJC2sRFw19CiRrfs4
Merriwa Police Station,ChIJ0XIVq_yIC2sRLyoVePDFQtg
MELISSA KOCH INTERIORS,ChIJFy-ukzapEmsRfG3Cafedjm8
Lane Cove House,ChIJW6d4_R6vEmsR0XxQI4ARtDg
AJP CONSTRUCTIONS PTY LTD,ChIJYUE0wDGpEmsR6W4VpRSkZGQ
Stallion Realty,ChIJf4L2EK6pEmsR67kjMPQ6em8
Sandlik Constructions,ChIJX8IhS8uxEmsRrAK1eoHI54M
The Electric Canvas,ChIJQ0IyUKJitAER4WHhdeSh_kU
Cove Dental,ChIJs4uqBTyvEmsRegjPz313gik
Morrell Reserve,ChIJ0W-2wCOpEmsRRASI5c6pFgY
Freelance Tile and Stone,ChIJH3pZgZahEmsRKKf-POr6y9Q
Stoker Playground,ChIJ8WaCwlqpEmsRhgIcIGfWXDQ
Polly Harbison Design Pty Ltd,ChIJ67K98hOuEmsRJsXs9Chjwhs
Kelder Architects,ChIJH3EPUUz_kGsRi7in_3wOAMw
Amart Casula,ChIJBfZCureUEmsRlKAJqZjyb9w
Sulfaro Accountants & Tax Advisors,ChIJ0aS2CoG9EmsRMSRrZ4JY_u8
The Glen Residential Care Service,ChIJobb6ZJbqFWsRmDICH-5h0n4
Coastline Building Design,ChIJc5eMFqrbcmsRwUrM-qD8l4k
Hokin Prestige Residential,ChIJQ21nLTAhc2sRWg_3BygApoA
Jan & John Rutty Drafting,ChIJNxchboTQcmsRdbgtuchorAM
The Chalet,ChIJE643cDIhc2sRcz8AFFOfgqk
Beaches,ChIJSTaDtaIgc2sR-aMm1swCxwY
"Intechpro Pty Ltd, Sydney Australia",ChIJl0HuMVWTEmsR5q8lTdGweUQ
Amici Services,ChIJoVCzHEqtF2sR-MoTbfAcZVo
Finite Gallery,ChIJrUZggnAhc2sRLpjqPxfwwEg
Swansea Smash Repairs,ChIJmwRgLmQhc2sRnd4znfXpzyk
Caves Beach Public School,ChIJxfnpWWMhc2sRbSVdtOfyf3g
Southern Cross Care Mawson Court Residential Aged Care,ChIJhSVpWXAhc2sRBuYA9Zehbng
Southern Cross Care Mawson Court Retirement Village,ChIJ494J9nAhc2sRAolApUzKfNg
McLean Builders,ChIJ32womfzYcmsRFP-RR-ofXbY
Cawdor Public School,ChIJdTivePj5EmsR0cccRKg3pzM
Keyturn Projects,ChIJdbBQDcSKkGsRkpyQWEI4tUY
Durrumbul Hall,ChIJ1UCftd2MkGsRcMfUU6CHFRQ
Ezy Build / HRB Projects Pty Ltd,ChIJZw_dXjOSEmsR5ZMczPDZ4HY
Silca Engineering,ChIJiSqUgv2SEmsRHtz8XuN0SWQ
Ruhil Care Disability Service || Best NDIS Provider,ChIJIQ0iR7uREmsRZR5BJqJe3EY
Bebeah farm,ChIJj68X8H0rDWsRSmGS0OXNqQs
Brush Creek,ChIJtXZzOL0-c2sRdFoxkKeNfHc
Bristol Paint & Decorator Centre,ChIJ1wtHnbvQcmsRWYHEWsCsbcE
The Fifth Element,ChIJ4X1ixUHLcmsRyCOdr-R2v-0
InRight,ChIJAQBkjYfMcmsRcIho1wAr1zw
Ralph Rembel Design Studio,ChIJRZMhN_leDWsR_Ev56vQ3yPY
Kmart Ocean Shores K Hub,ChIJKREdB0D1kGsR797c1zRVpvY
Inscene,ChIJ56FgJ8mvEmsR5VDMGzzKWcE
Carla Middleton Architecture,ChIJMfUTEY-tEmsR7K4RfS2fOUE
Home Made Architecture,ChIJE49P-byhlKARcRGs1h3_L4c
Studio Williams,ChIJ4S4MNheuEmsRfZRsI5XaFVo
Edge Design Studio,ChIJ9z_0LgSuEmsRceS15zFQWjY
KEKSIÄ,ChIJ2xsv0Z1NFmsRQyRFeQuPC6A
Angry Bear Landscapes,ChIJde5_mgdsVmkRT4KBr78EXr8
Muru Mittigar - Country Division,ChIJp9m_5iaFEmsRJvZSHu_haQQ
St Mary's Sand and Soil Supplies,ChIJgWRWK2uDEmsR9Inh22M1AFs
Custom Coast Homes,ChIJJcFbxpv4kGsR6mySBeZ8654
Crangan Bay Constructions,ChIJFWa_ZNknc2sRjpfGSDaCwwg
Your Landscape Journey,ChIJyw9Ww-ZZDWsRkT0p5cIMaW8
Singh gardening PTY LTD,ChIJKyVmUHZVFmsRiRGjyrSu-oU
B Group Luxury Builders,ChIJh_-KtnfHEmsRhv-zaw_t25I
Clear Vision Constructions,ChIJA_ef8_XHEmsREhufaqqtr_o
Greenfields Development Company,ChIJj0WZP8-MEmsRmY3mGMaRj4g
Tallowood Beachfront Cottage / SOLscape Holiday Rentals,ChIJAQA0KIUHdmsRgaKq-a5Ljus
Bonny Hills Beach House,ChIJs-61TYUHdmsRawaANryOPPg
Boardroom on Banksia,ChIJ__-rAJQHdmsRilDuZzhVHvQ
Wauchope Bonny Hills Surf Life Saving Club,ChIJp-DtypoHdmsRzVXLotNd_RQ
Rainbow Beach Estate,ChIJ8aXPql8HdmsRSJIltRaTy_U
Bonny Hills Tennis Club,ChIJN4GMytYHdmsRYsvDRwBSuD8
Bonny Hills Pharmacy,ChIJ9UxGzecHdmsRaXFB7efLutI
AAY Tiling Services,ChIJddoj7ISVEmsRWCoCrNXdJVA
Waterside Gardens - Bonville,ChIJPW2cq_8QnGsRtr2Meak5MA4
Bookham memorial hall,ChIJ26s2jTxxF2sRCfRbgM0ygOM
Freshwater campground,ChIJCUkz9d1vdGsRu3sHi7ijLtA
Weemala,ChIJUfx72To9c2sRSvwNsGAEPoQ
Wulf Projects,ChIJo73OhGU9c2sRNypuYxwVhWE
Britto's Engineering Pty Ltd,ChIJFYqWackVp2sRIylk4ZtHri0
Civeo Narrabri Village,ChIJu2U7t_80p2sR9_ko5Q61S1U
Nutrien Ag Solutions | Wee Waa,ChIJc3iD2xkVp2sRUm_U4tme1fU
Lachlan Valley State Conservation Area,ChIJBzJ4qlOs4WoRdvs2kpDCMS4
Booligal Public School,ChIJu9TKkZxT4GoRjPV7sr5zxXU
Clare Public School,ChIJVVVVVVWF52oRSIcVOdGbWas
Davidson Architecture,ChIJu1qk1CBD1moRILsTcf3IKF4
The Stella Collective,ChIJI6dWRCVo1moRl57Hrqiw6PU
Derry Drive Playground,ChIJGwuAGBLNIGsRl4yRRgUlMEo
True North Boomerang Beach,ChIJ0xS2Y4E-dGsR2HRZz7UMZM0
Gidget Boomerang Beach,ChIJE7AUl_M_dGsR9N63Zn8Vwa0
Bombora at Blueys,ChIJ2zgWfV0_dGsR_OvlX4lMNFU
Boomi Co-Op shop and caravan park,ChIJGTIeAzVkpGsRKwAJzXntZtU
Boomi Public School,ChIJ_btuLPJjpGsRfdjsJVNS2wk
Boonoo Boonoo National Park,ChIJJUFYkAHMmWsRcO_-c7UJBg8
Robinsons Cabin,ChIJSSHqZsTLmWsRHuBazSt7viI
Basket Swamp National Park,ChIJqwBLd-i1mWsRkO_-c7UJBg8
Boonoo Boonoo River walk,ChIJ3-lWqV_NmWsRQl-LCSxbJQM
Boonoo Boonoo Falls lookout,ChIJ901gvr_NmWsRWokaJoif_xc
Boonoo Boonoo Falls Picnic Area,ChIJd3y9u3zNmWsR3fgpAyCbMwI
Morgans Gully picnic area,ChIJAYW30oHLmWsR2PWl2PCTxug
Alkira Respite & Day Therapy Centre,ChIJyWbBprskc2sRG-I8Oo6UmJw
Booral Public School,ChIJpXlWDjiEdGsRhvhvUE9R5KA
AT EDGE pty limited,ChIJGWjMTFeEdGsRGx0pARpa0nU
Quambi House Museum,ChIJN00xukePdGsRov_4jFNeZsY
Hakuna Matata Resort,ChIJv4MbtKKHdGsR0irReNdUFyc
Stroud Court House Museum,ChIJDVrXGo-PdGsRs8sRB6T8PNA
Stroud Public School,ChIJy79leziPdGsRau8K2bRRWN0
Bridges Villas,ChIJlwJJOmSyIGsRaIem-YMmrEE
Barooga Botanic Gardens Playground,ChIJC2uU-kizIGsR33e18FD4A3I
Barooga Aquatic & Recreation Centre,ChIJRZWBfV2yIGsRhq61xYvj7Ao
Barooga Police Station,ChIJO6qeZIuyIGsRQc5O72SBru8
Jojeni Group,ChIJP9GZV3nldWsRuVO0_PyMLKQ
Bidgee River House,ChIJk3KT7YHV32oRgnCjtt-K7x0
The Courthouse Hotel,ChIJnRgJuPJJF2sR58kjM28M0Hg
Self Storage Units Boorowa,ChIJo1xCeNFLF2sRAh9xQHFA3Zc
Boorowa Central School,ChIJQ6K0J9pJF2sRi_-jLEKuktQ
Pointsbuild,ChIJq-QUT6f-GWsRAwliK7dlzck
Boorowa Police Station,ChIJ4ZdURvNJF2sR3OtafMKfx88
Fire and Rescue NSW Boorowa Fire Station,ChIJkUylivZJF2sRMZarXuDo1vI
Boorowa Street Medical Practice,ChIJARs7c6D-GWsRX3QgnJO39yY
Booti walking track,ChIJLSKYuHY_dGsR9o3frRlSukM
Ghin-Doo-Ee National Park,ChIJK3U50wVfdGsR4An_c7UJBg8
Booyong Design,ChIJY2T5NlaEkGsRuVEZvuSF8JU
Tucki Tucki Bora Ring and Cemetery,ChIJLfa2KmtxmmsRoX145JCxxdM
Borambil Merino Stud,ChIJqfIeZdApIWsRHFC7hefXcOo
Libby Jones Podiatry,ChIJGfK8YYaZGGsROIhcDU_idtU
Boree Creek Public School,ChIJF8KbFP3mIWsRrsEC2E8D7xA
Aloeburn,ChIJo-5nYfjnIWsRLsC4rn14BT4
Australia Post - Boree Creek CPA,ChIJk4QbRPvmIWsRtFSiVR98pd8
Boronia Park North Playground,ChIJNydqEn2vEmsRaogSt1OlA70
Inspire Program Boronia Park,ChIJt2Ii7YelEmsR8mKDOyZPvWU
Boronia Park Medical Practice,ChIJMzNmhBelEmsRhz0I22gsm6o
Boronia Park,ChIJLR-UcXsRnGsRmcw2KmvVXyU
Allambie Park,ChIJE4XyW7qWEmsRAPjx-Wh9AQ8
Terone Park,ChIJxwdnoe-WEmsRsC3x-Wh9AQ8
Bossley Park Public School,ChIJgUSQUcKWEmsRRkSH9ixvNq0
Young Academics Early Learning Centre - Bossley Park,ChIJc3DzJfmXEmsR_Os8AfMrFAg
SWIAA Villages,ChIJ5StCbM-XEmsR_oTqay2IUBw
Bossley Park Preschool,ChIJU2FkZo6XEmsRs2kl0X9LS7k
Turbosmart,ChIJWdguuh6XEmsRicEGnKBySgM
Lachlan Valley National Park,ChIJEVhj0BYn3moRBbmDSCzI0UM
Sawn Rocks walking track,ChIJTWrgGMfZoGsRlgJ5FkjJns8
Ocean Paradise,ChIJ3_67HzQHdmsRE6f9UuGkRvQ
Challenge Community Services - Disability Services,ChIJY2YTukM0p2sRzlOzA8yt1LU
TAFE NSW - Narrabri,ChIJnZ2oZmY1p2sR4O9uQXyxmAM
Cobram Library,ChIJH2IhtmutIGsRZOBO6frOvWs
Drake Public School,ChIJ5fNwEdzAmWsRYHYX4gYEz_0
Westpac Branch Hay,ChIJZQj7SHbU32oRdc3fyktWkEg
Boorowa’s Roundabout Family Cafe,ChIJX8BCYplJF2sRklbi_bYUjmM
Sea Build Pty Ltd,ChIJtaZ63KfHEmsRQT6KgyXehQM
Mageia Design Studio - Residential & Commercial Interior Design,ChIJbRLnYXClEmsRL5pw-ZvEU78
Look Design Group,ChIJVVWlkYmpEmsRP1fJN2ef2C8
Frontier Projects,ChIJq6q61w--EmsRCAxccd2t_Y8
digiflip,ChIJZRwOIBmAkGsR6duTGDqdtZM
Plus Minus Design,ChIJBdof4h6uEmsR-53F9i9c0Uw
Mountfort Sydney | Real Estate Photography,ChIJH7x6MZKvEmsRJ9CQ45Y8DVg
Traditional Timber Interiors PTY Ltd.,ChIJu_SnRbjKcmsRnCGrjuyHbX4
T White Building & Construction,ChIJqUdNCca1cmsRym2ezDbaHso
Kanari Home,ChIJx3EU5-QC2WoR0OQyQWyv-3Q
Boomerang Beach Surf Co,ChIJQxHeAWk_dGsR0hO7OQER9UE
Cramp Builders Pty Ltd,ChIJN0DUlt0XkWsREOib2DjK8uo
Boonoo Boonoo Falls Lookout,ChIJU2qrt2LNmWsRQSm3MgmKvBs
Transpire Constructions,ChIJbQCwvkIDkWsR4Xx-MuGr4Pc
Local Government Engineering Services,ChIJ2bec0DX3oWsR4nfOEAAQlBc
NAUK Group,ChIJq6paLAlTFmsRbM97lN0BvVk
Montgomery Homes Display Home Teralba,ChIJLZ1gZhI7c2sRwQVDcIs0txs
Montgomery Homes Display Home Edgeworth,ChIJqQwZIto_c2sRj3ETD0xjkWs
Australia Post - Inverell Post Shop,ChIJmUd8mTb3oWsRh7IabEAne1M
3DUCE,ChIJ0SgGO7OtEmsRSMpna-DaUaI
Atelier Haefeli Pty. Ltd,ChIJ15LyhdKscmsRGNA8mAgdEhw
Stewart Design Pty Ltd,ChIJic5NRENTDWsRp4YZh15z9D0
Max Thitchener Design,ChIJE1RRix62cmsRdq_8wWRrLzI
Paper Fig Interiors,ChIJq0Il1DO1cmsRYVIcWGC00ck
Concise Design and Construct,ChIJOyhjNwwDkWsRSvtW5bSwN9o
Fisher Fitouts,ChIJNfNit2CvEmsRR4M0egw3AYo
The Parks Legal,ChIJ0VooCMiWEmsRynD9Opzj8oI
Densil Cabrera,ChIJfx_wgtaxEmsRChgANNEMyVU
Yarrow Build,ChIJUczoR8e5EmsR3IJDDtLDzos
Sydney Croquet Club,ChIJZZc-JLytEmsRRiV260HJDIA
Queens Lake State Conservation Area,ChIJL2IVce_9dWsRXxROcghEn-I
Australia Post - Stanthorpe LPO,ChIJV1gdUKsvmGsRTOrLGMe52Vg
Catherine Baudet - Independent Architect Advisory Service,ChIJgZ8J2mFQkWsR5UpH_AQYoAc
St Andrew's Anglican Church / Parish of Lismore,ChIJUbcJBBqekGsRb5HCq1K6Dhw
Lismore Baptist Church,ChIJ8fKaOgaekGsRsFOAyPLOcfg
Jagera EcoCommunity,ChIJe8TaE_lLmmsRiKtgumcuD1A
Villa Maria Adoration Chapel,ChIJ_0d3MvFZkWsRtCdGaSYsMQI
Urban Strategies Pty Ltd,ChIJ5WZHwQdakWsRogVrXyiXYJk
Piwinski Constructions,ChIJ7QyATjFakWsRNM4B5b7aSms
Friends of Mahratta,ChIJb9tTxsCnEmsRN4yqdJElOxA
Megalo Print Studio,ChIJ1wdsd_5MFmsRHuo_x_J7tfU
Grayton Building Services,ChIJ7YRfGAxTFmsRBbKkJ4OlBPY
N.G. Sanders + Associates,ChIJ_RRpXPJZkWsRplCXuVld4l8
St Patrick's Cathedral,ChIJCQdHu21clmsRd_kScGfGF6I
Australia Post - Warwick Post Shop,ChIJmZmIF5yfl2sRQ9Z72fa06JI
Ammache Architects Melbourne,ChIJtVxCkK5q1moRB9kKTSb-Tgs
Boronia Multicultural Services Inc Toongabbie,ChIJPULqanqYEmsRTUO_dhcknRg
Sawn Rocks Car Park,ChIJtQQFokjYoGsR36Yqb0s9icY
Camyr Allyn Homestead,ChIJneoDMG-mdGsRXZHCNLbA3j0
Luxury Pools & Outdoor Living,ChIJM_Co5rLJcmsRfbT7sx5m0Dg
Swell at blueys,ChIJL2i2CH0-dGsRK-A8pmcbizI
Clarke House Boomerang Beach,ChIJVVWB-oY-dGsRs8AiJcEq5Is
Bob Simpson Landscape Photography,ChIJ8Vd4T7WMk2sReOzQB86csEo
Sunseeker Pools,ChIJGY2kyz8DkWsRGVEDoUC_tYE
Lancasters Electrical,ChIJnb4e1OkBkWsRVhPIMIRFwpE
Boddington Gardens,ChIJRXDSBcKfEmsRac0mRFeFrsY
StL Smell-the-Love,ChIJ9W6wn7GdkGsRtBrxH7Wx_pw
Totalspan Northern Rivers,ChIJMSPtFfp7mmsR_ZVuVt6jj20
Design Smart Living,ChIJZf0DNTbJcmsRtmcUSzKOaQk
Giddey Carpenter Northern Beaches,ChIJJd_2gePKcmsRsnrnXKEJU6Q
Bolder Creative,ChIJ91PXqnnKcmsRGzypRdsUCnA
North Coast Sheds & Garages,ChIJbX42JtlummsRBkQRqRpmLDg
Wide Span Sheds Warialda,ChIJ04L9JbrVo2sRurAManop_6s
Rogan Building,ChIJawpmK4RDpWsRbMKmAQC2YN4
Loganlea Florist Tenterfield,ChIJD61HAHtSmGsR1Wy31LYFD8Q
Wide Span Sheds Glen Innes,ChIJRTxwppTJmGsRlfmHvVZI3Vk
Affordable Aussie Home Improvements,ChIJAfNJFWz7dGsRIetDxovoBCo
Indepth Landworks,ChIJkazcVINZFmsRFAIuxugrcJc
Claire Cavanna,ChIJpZWTEG65EmsR0Ia6JLczMgA
Sorted Projects,ChIJeTF4QE_HEmsRFapKMsaoxfo
Marimena Pty Ltd,ChIJswpWgl--EmsRI0wemmRyc7Y
Lake Cathie Community Centre,ChIJ-fmhmjgHdmsRormW_reeQWo
L&N Group Pty Ltd,ChIJSTWJRhK9EmsRbPyeX50auaQ
Bettaponics Aquarium,ChIJSQ3Y5EeXEmsR-YoOuA_MAAU
Maroomba State Conservation Area,ChIJwfOBsp2HomsR40SdeDlYi9U
Johnstone Concrete and Quarries,ChIJDQtLzKUXo2sRU-n78YXlh2I
Texas Mitre 10,ChIJO8BaU8maomsRJvqhBdzd4ao
Bethel Quarries,ChIJTUbY_PnhomsRv9WDsDNTrK4
Firewheel Nursery,ChIJQaFmtfSakGsRbBsNQD2YrFU
Miss Tree Native Plant Nursery,ChIJUf_6WgeFkGsR2tfQc1Ygz48
Nimbin Building Materials,ChIJjTunmVaWkGsRoy0tk7DHcgM
Kmart Forbes K Hub,ChIJoZAjQnCNGmsRy-S7no1iUuk
Booker Bay public wharf,ChIJDUdYsqG0cmsRK3Ei765QTEM
Mason Concreting Pty Ltd,ChIJY3TQgjOtcmsRBO8qAX_FAfE
Martin Excavation and Retaining,ChIJ0bE67X21cmsRVaPRpQGGyr8
Austurf,ChIJBc1BHafTcmsRQzUHD9uOm8k
YASS FIREWOOD SUPPLIES,ChIJ0THYJX4QF2sRXeOnAcf-r90
Searle's Brick and Blocklaying,ChIJY1Rvg6mLkGsR146N0upKgdE
O'Sullivans Gap picnic area,ChIJpUvZ4jVndGsRX94KMSrgdpU
Two Mile Sands campground,ChIJRxcD6bdvdGsRPIwTE8t9LDk
Designwood Pty Ltd,ChIJNYoho3w9c2sR-WnwyOxTgek
Boolaroo Public School,ChIJ27NfwW48c2sRFN7_5SIXcr8
Petrie Excavation,ChIJz-26tLE1p2sRwN3Zp9pXK8o
Lein Contracting,ChIJyxm545g1p2sRUbRgr4n8dbI
Specialised Civil Services,ChIJnzTsFms0p2sRsBtF2vnLxRk
Wee Waa Mitre 10,ChIJZRs6-8MVp2sRAxTx4t44Jks
LifeHouse Care Op Shop,ChIJh1VEwFKrpmsRw5ZahItqb_k
Vinnies Wee Waa,ChIJITm3uccVp2sRkGyuOGmvEBY
The University of Sydney Plant Breeding Institute,ChIJYZNHmBEzp2sRnk-ED6ocLKU
Namoi Business Directory,ChIJ9THv1UQ0p2sRAOGGlbrsXyY
Vinnies Narrabri,ChIJ54BmUls0p2sR6m0MQ5rNm1A
Jobling Excavations,ChIJgfE_stSsIGsRplqlF--QQ58
Mawsons Tocumwal Concrete Plant,ChIJ2QgR2QypIGsRf_x1S25YqL8
Southern Rivers Water Brokers: Rob Crow,ChIJM-1eQIChIGsR50cR6wSfRDo
Nutrien Ag Solutions | Finley,ChIJ9dG74k-hIGsRFUKWATG1olA
Boomi Nature Reserve,ChIJX5B1j4NjpGsRL1qNUvN9JvI
Boomi West Nature Reserve,ChIJcSOJ_n5npGsRvK_lpyGVTJk
Rover Park,ChIJO6p11aHHmWsRIKJ4ByaBFmc
Jock Ross Mitre 10,ChIJnRRud3hSmGsRDPgzzznYrNI
Burrell’s Concrete,ChIJv94QFJ8kc2sRPTpF7hEh4uU
K&D Stani Wholesale Nursery,ChIJh_6hf1GEdGsRgYD3wrkkhMs
Motivating Personal Change,ChIJgxAQIXuGdGsR5Nq-4mMdVAk
Barooga Service Centre - Repco Authorised Car Service,ChIJyw-0HYuyIGsRf_PKgRClaKU
Murray Valley Regional Park - Barooga,ChIJcffp556tIGsRuy8RWhnb06Q
Rawson Falls Nature Reserve,ChIJMS48o2X_nWsR_J8QaWY1fvY
Rover Park,ChIJOX4kkNPHmWsRh0AHFv1-_WM
Brocksolid Concrete,ChIJWQiqwBfBm2sRdYjlYNiPhhY
Cataract National Park,ChIJ3zpgM5PbmWsRTsWjh9EqbLM
Explorer Park,ChIJmR6VKquQGGsRojN4dDYkdO4
North Bundy Station,ChIJdbxJD9Bf3moRi0rl6EHLxf8
Purple Petals Florist,ChIJ8e0GmkTV32oRJ45gDvqVBXI
Boorowa Caravan Park,ChIJw5WsfB1KF2sRBpuq2JxEzfQ
South West Shooting Supplies,ChIJb-iRgnJLF2sRCZIy7nrsIpQ
The Ned Ryan Motel Boorowa,ChIJt1Y29yBJF2sRK0prjo9mIA4
Metro Petroleum Boorowa,ChIJe3EH5vJJF2sRFliWbUHH0Xs
Banksia Turf,ChIJMQdSSp_qdWsRSmWeAGPNpes
Western Plains Turf,ChIJxWnQXWFuD2sRFAgDcXt5bDw
Booyong Farm,ChIJN_nq8J6FkGsRvRqx_j6wEcw
Nightcap Ridge,ChIJX134IraRkGsRfTZ7SY44Z2s
North Coast Trimming & Supplies,ChIJvYCsCtMOmmsRUY7zPft1pyw
The Cad Factory,ChIJEeeyao3fIWsRDZ3K7HfU5bQ
Frasers H Hardware,ChIJf1_oUPpBH2sR9wEzSPcOFY8
Mavller Nursery,ChIJTakB847dFmsRajf-ENsvkqU
Boronia Park,ChIJ35edDKaoE2sRJvZDxBjS3-k
Strata Blitz Services,ChIJ6ek4MhqvEmsRU23gajpU1fo
DesignAE,ChIJyfj-EfylEmsR8KYfgeqQjzg
Eagle Rock,ChIJZYybrfTHEmsRLuvTgg4Lqsc
Bondi Pavilion,ChIJDcgjiJ6tEmsR0M9ai0-UY-E
St Andrews Park,ChIJ3XY1fjvsEmsR-5WSJAMu_d0
Bonny Hills Body & Beauty,ChIJFR1XDYQHdmsRAP409BUqS1U
Allure By The Sea / SOLscape Rentals,ChIJ52CYNXgHdmsRaEKIAi5F2Iw
Leslie Williams MP - Port Macquarie Electorate Office,ChIJQXqLvhsBdmsRDGz_Ubjo1bY
Combined Coaches 1 Pty Limited,ChIJLe1prQaUEmsRY_s-hIBwhrE
Texas Swimming Pool,ChIJ11vfh8maomsR6GfpZx2XQSs
Texas Memorial Hall,ChIJ_fo9X8maomsRMoCRbMKTSJo
Northern Rivers Rail Trail - Murwillumbah to Crabbes Creek section (24 km),ChIJWX9_Ow7xkGsR0D-oYd0ziVI
Rustique Lavender Farm,ChIJE2epH5R4ImsRzAic0paBwvo
Camden Library,ChIJW3eY2cLwEmsRetal3ZHLNDQ
Kitchener Park,ChIJN-vp0YK1cmsRUT7bffT_rNE
Rip Road Reserve,ChIJl6rbPK21cmsREnAH7ji8GNg
Tuggerah Library,ChIJqcxqQ9zNcmsRM5f-7j3U_YQ
Cooney Reserve,ChIJ_bgs3HbKcmsRPmWDmqnOjTk
Green Point Park,ChIJs2-b3G21cmsRyaTHt4Myir0
TAB,ChIJr9sS_t3JcmsRvnRKJQfyB_Q
Community Environment Network (CEN),ChIJxz_Rk4vLcmsRbeOdth4H_dE
Spa View Killcare,ChIJPzXKt-uzcmsR5I6XHFXIHUA
Novo Shoes Erina,ChIJ1fJ-B3rKcmsRU35d1WyREOM
Meadowbank Park no. 7,ChIJjfUTs5KlEmsReUWAVRg29yI
Hilltops Council,ChIJYbQsBx78GWsR4cl2dv2r2S0
Hilltops Council (Harden Office),ChIJZcRCxCHgGWsRggdX70zq5d8
Bookham Oval,ChIJXWd5yP9xF2sRm4UZVOQyjPc
Bush Roses,ChIJ75j6OaZxF2sRa7yJXr0V1kU
Yass Community Centre,ChIJSYfC0f4RF2sRAMh04PfJG6Q
Harden Murrumburrah Arts Council,ChIJf8CCvGrgGWsRYO_J8bpnnyk
Yass Valley Library,ChIJux-cpYUQF2sRs_xLhHXTq_8
Burrinjuck Dam Store,ChIJg6QGCTFyF2sRP_kuqlMohWk
Harden Library,ChIJ7wx2Px_gGWsRvpKw3YNfQcA
Hudson Signs / Get Stitched,ChIJr1h1z8EVF2sRSPx85xX058A
Diverse Project Solutions (DPS),ChIJzQXj9oYQF2sR7f9HrJFT7aQ
Gundagai Library,ChIJxz3JxRw8GGsRzinNh7Zs3Wg
Harden Olympic Swimming Pool,ChIJV02S5x_gGWsRcBJTUrcY1d0
Binalong Memorial Swimming Pool,ChIJ1at1IY5pF2sRKS1wF9fYEs0
Yass Memorial Swimming Pool,ChIJPcftP5cQF2sRFs413btOBuM
Harden Murrumburrah Landcare Group,ChIJY-QMMxvgGWsR8MJuPaB8umY
Off Road Lift and Shift,ChIJZ-729wbdbgcREUoDyszIbZY
North Coast Scouts,ChIJJdpMvZf5m2sRrDrAu40fUqs
Lowanna Community Hall,ChIJS_n8znIDnGsRxx42jCfpuz0
Country 2 Coast Canvas & Shadekits,ChIJ22amCU_Cm2sRoo3SBd-iMNs
Clarence Landcare Inc.,ChIJF6KEvAjcm2sRMajUJQub9Uo
North Coast Occupational Hygiene,ChIJe54MntVNmmsRvgVtFa95u3U
Ferry Crossing picnic area,ChIJ9yje6PNPmmsRJWZNOXj84UY
Birrigan Iluka Beach,ChIJNXEKf09PmmsRG6OUmVcuUM8
Clarence Valley Surveys,ChIJrX63Fgbcm2sR6_IMNbC60MM
Bulahdelah Waste Management Centre,ChIJKU5uiWhndGsRfHdYrxuknh0
Bulahdelah Swimming Pool,ChIJw-9gcy9kdGsRLShP_wRIHAA
Bulahdelah court house,ChIJoam4kEZldGsRvCivSlmxXHs
MidCoast Council Libraries - Old Bar,ChIJ6x0uzpHPdWsR_V3jVNHcaCY
Gloucester Saleyards,ChIJc7_bjpX7dGsRFmrv5nBv-k4
Walters Park,ChIJoeutdXs8c2sRN7HBfEDHxZQ
Speers Point Library,ChIJ3WXVl2M8c2sRWC8tkynqJ04
Macquarie Field,ChIJuS2XCX08c2sREvXXJf5LUUk
New Tredinnick Oval,ChIJv_iQ02Q8c2sRqeacr5WLuPc
Narrabri Shire Council,ChIJEcstWFA0p2sRA-46RfgDoYU
Moree Plains Shire Council,ChIJ8fLLpFKrpmsRRFAxdIZNvWw
Cotton Research & Development Corporation,ChIJe1cgqUQ0p2sRHjsYF1BwXZM
Service NSW Agency,ChIJ7Zw1hQ11oWsRhzBVECFPleQ
Boonalla CCA Zone 2 Aboriginal Area,ChIJO09venScoGsR37-qS4FuWwg
Narrabri Depot - NSW National Parks and Wildlife Service,ChIJrXCW8uI1p2sRfuWxWxkkOhg
CRUMP STOCK & STATION AGENCY,ChIJ6w-zWQF1oWsRmTQ4raQnkoY
Narrabri Court House,ChIJCzsTelA0p2sRC3qjpnAWn8g
Namoi Calendar,ChIJibVEyhEVp2sRVPG2n5vUwRk
Wee Waa Library,ChIJDwIYwsMVp2sR87oLDIZINIs
The Living Classroom,ChIJyRy9qxN1oWsR-x3_Hf07OJ4
Burren Junction Artesian Bore Baths,ChIJacOS--mjp2sRnfDMHwuN0cU
Bingara Library,ChIJq9-8_Hl1oWsR3Vp3EQvCMDk
Webb Oval,ChIJP4m2ZBdVoWsRp-5F9PkqVgI
Advanced Civil Group,ChIJ57rgiMRSoWsRd2Q-sd-WCzA
Pirate Park Playground,ChIJVwXbrlY1p2sRAwDLrBnERNQ
Narrabri Community Recycling Centre,ChIJueFRqgc4p2sR-EA_Mu-yDiw
Moree Community Library,ChIJoevnt6xUoWsRcno92uVNhmA
Narrabri Landfill,ChIJHa4LFGk2p2sRMA15_Ilr4EE
Northern Slopes Landcare Association,ChIJM6_Op4J1oWsRA8Hs3RX-Gzc
ARTC,ChIJyzGDj9A1p2sRzcvmbpOzmhw
Walgett.net,ChIJc4SjNzi5p2sRH0VwiPigm9s
Moree Family Support Inc,ChIJQa341qxUoWsRAg5SDn_bD94
Boggabri Memorial Swimming Pool,ChIJgceJfAymoGsR86tH4Oi-hvQ
Narrabri Region Visitor Information Centre,ChIJVzSG7voyp2sReKBu5S9lEC0
Maayu Mali,ChIJN_908WKrpmsRso1jv3eHk2Y
Bank Art Museum Moree - BAMM,ChIJe9CGsVNToWsRkVVnqsR0R38
"Kirkby Bike Park (Formerly, Rocket Park)",ChIJlRF4SABVoWsRI1EqLSBLQIg
Rural Property NSW,ChIJD4uyJDM0p2sRkqEzXDB_ge0
Bingara Visitor Information Centre,ChIJMeyH5nl1oWsROfa1Cra_GLg
Cleanaway Moree Solid Waste Depot,ChIJ_dnXWkqrpmsRQ8qbiufJglA
KENWAY & CLARK ISUZU MOREE,ChIJnSVYolRToWsRhoUnk-leiZE
New England North West First Aid Training & Security Services,ChIJ_eEUK4ZVoWsR9XTUgwtiNNE
FlatTrack,ChIJ8QQtvVKrpmsRsM_VQ7ic1Qs
TAFE NSW - Moree,ChIJCe2-fa1UoWsRfg9DqBeiFKE
Gwydir Day Care & Preschool,ChIJt7C5CUurpmsRBB_vaABMx38
Mulwala Library and Federation Council Office,ChIJ9V2E1-vNIGsRu0082RCrFXY
Urana Office - Federation Council,ChIJfakm2EiyIWsRL9eljdU6ViY
Murrumbidgee Council,ChIJWZR9bMSJIGsRQ-OjGSQ0t7s
Digger Loughnan Fishing Jetty and Park,ChIJBTUM09LNIGsRsagGEVnfd8c
Mulwala Cemetery,ChIJHxxny8DNIGsRSg6wNvImTCc
Hammon Park Playground,ChIJ2fmv7f7NIGsR2MrGPnverRA
Corowa Library,ChIJxb3T-Mg6IWsRxORQh4R7qFc
Strathmerton Fire Station,ChIJ9XXFlWWq2GoR6Z2WKW94d9E
North East Border Trades & Labour Council,ChIJ__Td0udYIWsRKGwgaMcCmsI
Berrigan Library,ChIJ7Ypj7QyVIGsRQEx1aWUHtJk
Cobram Skatepark,ChIJ3fbMxjitIGsROMGKv5Ja4GE
Corowa Saleyards,ChIJWwY-oyE7IWsRzOi-dBRKza8
Yacht Club Foreshore Reserve Playground,ChIJf38L-2_NIGsRi3ntwKSMRyI
Cox Playground,ChIJg6YOxBOtIGsR2nfURpffqnE
Cobram Memorial Pool Playground,ChIJNy_zboKtIGsRUFrNPfPjG_A
Berrigan Public Swimming Pool,ChIJAZg4mBKVIGsRtvpPo3mt43A
Punt Road Playground,ChIJ_4rhYiitIGsRiGQYGGzilLU
Lions Park Playground,ChIJgYxNAGTNIGsRKI_EEiqgLj0
Yarrawonga Foreshore Reserve Playground,ChIJez2vftzNIGsRcsHBuDfu84w
Thompsons Beach Playground,ChIJiyuIaDytIGsR13PGhn_OA88
JC Lowe Oval Playground,ChIJAwpnNuzNIGsR02FX5qB7DQs
Sturt Street Playground,ChIJcyRQ2VCtIGsReKCekqxTRTI
Mary Court Playground,ChIJ4-ga0ZbNIGsRk1tVp-OnFjw
Yarrawonga Skatepark,ChIJ2e6P2Z7NIGsRouhJKcAY3KE
Pioneer Park Playground,ChIJ9fGg0Q-tIGsRGB2RGdm5JUc
Tocumwal Swimming Pool,ChIJj8E1fD-pIGsRreTtekJYlw8
Scotts Reserve Playground,ChIJ8XlzneStIGsRLJzPchgtc2Y
Helen Dalton MP: Member for Murray,ChIJvyi8_Fs732oRYBZUXXYN27A
Conifer Close Playground,ChIJcbkLdd_NIGsRJ74vFEZ3R5k
Kennedy Park Playground,ChIJ37atvwTNIGsRz1BKfk_Y9xQ
Yarrawonga Library,ChIJ70AWsJ_NIGsRaAdSFjocMsk
Woodlands Park Playground,ChIJtc3NKxzTIGsRFojI5lW3z3I
Levings Park Playground,ChIJ721g9FutIGsR5KE5_Wxqc5A
Parker Reserve Playground,ChIJme7O3xqtIGsRZFbgWZdSq0M
The Lott,ChIJxfVWYkepIGsRPspc7okzGZ0
Weston Close Playground,ChIJ-b6TVOXNIGsRUarobm8wxLE
Lockhart Community Recycling Centre,ChIJXwgTfPDuIWsRC0kFEjpUrG4
C.R. Wood Park Playground,ChIJifiFLUdPJ2sRsU8u8zVhRJ4
Tungamah Jubilee Park Recreation Reserve Playground,ChIJlVWKvDY5J2sR8HSdaEwVtHM
Boyd Street Park Playground,ChIJA1QdcIE5J2sRi5CRXBHkaBY
Strathmerton RSL Park Playground,ChIJk_MNDKar2GoRQ1JBJNT2xgs
Numurkah Apex Park Playground,ChIJlQ75U8Sn2GoRlRTAekS3-BY
Katamatite Museum Park Playground,ChIJ7fF1rONPJ2sRCSJ8kDgrxiw
TAFE NSW - Deniliquin,ChIJa0jQQzIl32oRqy0nTcV8UwM
Public Toilets North Boomerang Beach,ChIJuw6By_g9dGsRw5tSeLQVcT8
Public Toilets Boomerang Beach,ChIJv_YUS5I_dGsRuBzs_59j-Yk
MidCoast Council Libraries Hallidays Point,ChIJX8MRVa80dGsRkI-iBL-Wwek
Cabonne Council - Molong Library,ChIJbbPPfofZD2sRlDM64Qg-JjQ
Haynes Contract Harvesting,ChIJSwcBY7bRD2sREiXQ4HqyEEw
Blayney Shire Community Centre,ChIJm1O_wyXIEWsR_d_ye8OZR9o
Canowindra Library,ChIJ9fCxdG9mEGsR7wiWcRwQsfc
Athlone Office & Depot - NSW National Parks and Wildlife Service,ChIJ9fHsSsdFpGsRLOKtSzY6sy4
IOR,ChIJGYwh3-1jpGsR_UuAR_BBQcM
Urbenville Depot - NSW National Parks and Wildlife Service,ChIJgS-EB9pFl2sR5g-gAORGHiU
Wild Hunai Australia,ChIJA4zkkD_jmWsRBYtimH8P_nw
Tenterfield Shire Council Chambers,ChIJDXCjm4dNmGsRi_3dmjj1Iig
Stanthorpe Council Offices,ChIJTaWnL6svmGsRTd786RkOjic
New England Waste Tenterfield,ChIJuw0q_H1NmGsREnnlCGX7vuQ
Glen Innes Severn Council,ChIJzdCFyZnJmGsRjNYSgy5Lel4
Centrelink Agent,ChIJkXprp4dNmGsRUa8mIO-pgok
Shire Depot,ChIJleXyAu3JmGsR8JXKmTnj80w
Service NSW,ChIJMbf72oNTmGsRYaEIRZl497Y
RSL Pavilion,ChIJM1dQZYZNmGsRS73gOU_WZDU
Australia Post - Tabulam LPO,ChIJM2e1ecLumWsRpH7jtxrul_k
Torrington State Conservation Area,ChIJTdsKQSuPmGsRkFJwgfzKSbE
Tenterfield Public Library,ChIJLbZvUIRNmGsRePVfjXQiKVw
Tenterfield Star,ChIJdzkpn4dNmGsRGZS-xpiasZI
Timbarra National Park,ChIJtQPzQYC5mWsRHXBZGsEnCds
Brad Holley Contracting,ChIJIftg75lNmGsRLtJC9Vxc9C4
Tenterfield Cemetery,ChIJW9aZeAtSmGsRJMl-bDdMbJQ
Stanthorpe Library,ChIJq6qq3qovmGsROHBecoCRrt0
NSW Ambulance,ChIJwf1hnGJNmGsRz73qKUugrAY
Tenterfield Community Health Service,ChIJQWS8tI9NmGsR0iluQr8lvJk
Tenterfield Show Society,ChIJrfous3dSmGsR86ymXoZWq94
Mountain Blue Tabulam Packing Facility,ChIJiXBdbl_vmWsRLnyrjvi5Yvw
Wallangarra State School,ChIJt3ks0vxImGsRmwpBCTzuRg0
Stanthorpe Agricultural Society,ChIJ6WuOB_AumGsRI8tKQgcgJU8
Commuter Car Park,ChIJc7wv6WI7c2sR1snWblWZPFo
West Lakes Access and Support,ChIJR22k0oI8c2sRPL293eCRFjY
Barton Field No.1,ChIJ6S1_BMMic2sRqfKL8jzYVnc
Defender Close Reserve Playground,ChIJ4SBQ6KM8c2sRMGMScC1wpA8
ABC Laundromat,ChIJ22lWc347c2sRfMlquMC8PmA
Gregory Park,ChIJU-0-dl05c2sR_GCjiO9q9fA
McFadyen Firewood,ChIJT84ZE6WFdGsRMUENIP-ZEl8
Stroud Waste Management Centre,ChIJI5KvPH-JdGsRQoUUYewlME8
Screentek Systems,ChIJL95RQTOEdGsRj56wc7kVSOk
Hattam Farm,ChIJrzAPrgyGdGsRehtDUIp32Zk
Stroud Swimming Pool,ChIJS9UkHTmPdGsRBPx707C2DlA
Carrathool Shire Council,ChIJHWXUiqYxHmsRjlJPc5Vp8rQ
Carrathool Shire Community Transport,ChIJ_RH05GQxHmsRNhK-DeuMenc
TAB,ChIJ60FDvI-yIGsRpqguI0Vko-s
AgConnex - Benerembah,ChIJ5zKt8WjHH2sRL8EczZZB-A8
Langi Oonah,ChIJ6eG3YQyzIGsR3g9gsWdwMDM
Killabakh Nature Reserve,ChIJOaFWoauVdWsRxrL596nZaBU
Comboyne Nature Reserve,ChIJR61ZuqPsdWsR_nBjXGOu66U
Bridal Veil Falls Nature Reserve,ChIJI3IM0h3tdWsRqPtNDY-Zh3c
Werrikimbe State Conservation Area,ChIJ1TVEWEIpnmsRtahyLOKz5Dw
Koorebang Nature Reserve,ChIJvd-KXQ6IdWsRPzV_JFgNZF0
Cooplacurripa State Conservation Area,ChIJn0pMUYMOdWsRmh8dL2diXXw
Comboyne Show Association & Camp Grounds,ChIJAYCVBLvsdWsRHk438I3Okag
Dunbogan Jubilee Hall,ChIJZdq1ZZridWsRhYzFs85hzqE
Curracabundi State Conservation Area,ChIJT-SY0UU8dWsRwACbxol_-8I
Booroongen Djugun Limited - Community Care Service,ChIJUzIZWK91nmsRgM6yJ78pvuY
Goonook Nature Reserve,ChIJdQS0jbK_dWsRWkgDQXmsyVQ
North Haven Community Hall,ChIJAf0MM5jidWsR_B6KEIjNDcg
Booroongen Djugun - Kempsey Community Transport,ChIJwX10fu91nmsRYpdrrpWngC0
Newbys lookout,ChIJt38Mq8PBdWsR3NCtmzJwqNk
Charlie Watt Reserve,ChIJ_fnqiCUHnmsRvmpFD96k1QY
Rowleys Rock lookout,ChIJ724sC12hdWsRsPCdR0WpQjE
Kiwarrak National Park,ChIJvxpV5lnLdWsRka6X7bBBESw
Kiwarrak Nature Reserve,ChIJI1bA4xK1dWsReJePBA3VWx8
Barrington River Reserve Campground,ChIJV8YiULj8dGsRgui-jm8havw
North Brother lookout,ChIJ0RlJlazjdWsRy6V2YJ4MO1E
Bundaleer Care Operations,ChIJUxYhbCv_dWsRId1SqDGuSos
Wingham Memorial Swimming Pool,ChIJK1L3YEG3dWsR9LPuo_bfDMQ
The Y NSW Laurieton War Memorial Baths,ChIJA2vTRPTidWsROhmPk15ABq0
Inverell Shire Council Administration Centre,ChIJHUGdgDb3oWsRBha3rHEONiE
Inverell Town Hall,ChIJ4zFImTb3oWsRLkns9e61-bs
Walcha Library,ChIJAZdktVrvn2sR6-RM5gUFr8E
Laverty Pathology - Uralla,ChIJlf3Tv_CPn2sRBcBkW-aJnPw
Walcha Preschool,ChIJGSxiNUbvn2sRvFjCokqPGHM
Cataract State Conservation Area,ChIJhQ00Z-ffmWsR8ClbMPBY22U
St. Ann's Library,ChIJs733UuOZGGsRrWlQYkVsRHg
Junee Library,ChIJfbaqmu_2GGsRuN_XXj64gZg
Centrelink Access Point,ChIJiS5vW_RJF2sRe1UfUTqEdkA
Cutlery Creations,ChIJsV_XjlSxdWsRrBxMQhHQIF4
MidCoast Council Libraries - Gloucester,ChIJSb-9J_X7dGsRaMya59R7lKs
Booti Booti Office - NSW National Parks and Wildlife Service,ChIJd9pghsk-dGsRJqMDfCyNE3A
Booti Booti Depot - NSW National Parks and Wildlife Service,ChIJle8Fjck-dGsR9-zql4coNLE
Minimbah Nature Reserve,ChIJi0t7xyI2dGsRkao_sID97gk
Midcoast Assist,ChIJJSiq9z83dGsRSF_Xzhd7jGc
Yarringully State Conservation Area,ChIJg3mqmlxrmmsR-s1REeAoav8
Yarringully Nature Reserve,ChIJi8viGTlrmmsRqJfnblnMNKs
Coraki Public Library,ChIJe1P5YoSvkGsRJwKzNt1aDqg
Evans Head Scout Hall,ChIJq6phmGVmmmsRYOeiVYETFlM
Hula Pools,ChIJ7VN7sidvmmsR4D5fjTClk8g
The Clay Station,ChIJDyTPMS1lmmsRat-pSUFpV4g
Tregeagle Public School,ChIJE2VgVs93mmsRgjdpjXt-9aM
Apex Park,ChIJd1DwUTpikGsRmvHsfMjBbUU
Borambola Outdoor Ping Pong Table by POPP,ChIJTxK-rkuHGGsRJVASif9ViMw
Riverina Gin,ChIJA7zXeQh9GGsR34QMcgJrsDk
Urana Community Recycling Centre,ChIJC7YeGEuxIWsRp3MSMyBtLgg
Sandigo Hall,ChIJa6_9LN9dH2sRRt31Vu3NGaw
Turf Galore,ChIJNYLuFrZWH2sRKq84kK8xhcs
Claudine Grace,ChIJMQRGnEZTH2sRHSRBVsKgBM0
Braidwood Office & Depot - NSW National Parks and Wildlife Service,ChIJPfJXeDx5FmsRNWW3ULae8xY
Caltex Braidwood service station & Auto repair,ChIJA-l_GC54FmsRlt17wGCUb9w
Braidwood Memorial Pool,ChIJv2flRTF4FmsRv2c9kp9YMu0
Braidwood Library,ChIJdUTCNTJ4FmsR6PS7fzDuJFg
Mick Sherd Oval,ChIJiwTjEkFeFmsR1ZsTIN32gDE
Mongarlowe Cemetery,ChIJzaN3PdjRFWsRkKsVHwbjcJs
Boronia Bike Track,ChIJ4UNBKXulEmsRw3XMukHUqqU
Aberdeen Park,ChIJcZsgu5SWEmsRjT6rYNjVCYg
Janice Crosio Early Learning Centre,ChIJjyl5dryWEmsRA-TaBfdTCF8
Falklands Park,ChIJUVeUU6aXEmsRtpIPMRmGkfY
Hope Park,ChIJUYg3gSeXEmsRBlhZjMfHHsE
Yakima Park,ChIJlyrvoOuWEmsRfQzcS6ZHBXw
Family Day Care,ChIJLeX8BJOWEmsRVbnYDkIEe8w
Burramy Park,ChIJMYVXpceXEmsRrjcXgMr20cs
Anchor Resources,ChIJKZ4kqzC7nmsRhuqwMvDqhx8
Mike Colreavy Consulting,ChIJpdnqctkNnGsRn444nIDRbEI
Dovida Mid North Coast,ChIJnQzY2cghnGsRzS2c1HZpkUY
Australia Post - Booligal CPA,ChIJrbPojZsD4WoRq5eB2nT5Dlk
Indigo Shire Libraries,ChIJD1eMOgQxIWsRW2uYC9uzymo
Numurkah Town Hall,ChIJLVRtwdam2GoR2u_XWchEuSE
Mullion Creek & District Progress Association,ChIJwcq2ANwqDmsRka9beZS_bpE
Charlestown Library,ChIJK6EpIos9c2sR6dVMqELQ_W8
Gobbagombalin Park,ChIJLQWQgvaZGGsR-_QWIn-xRTE
Wollongbar District Park,ChIJU87p7rqDkGsRGgLouklAkz8
City of Canterbury Bankstown,ChIJDyBlcky5EmsR-w-HCCzTEmg
Lasallian Mission Council,ChIJ0VCudhq8EmsRr3mhQruXFIE
Goondiwindi Regional Council,ChIJkUO6W54Wo2sRpZp3BpE4HMg
Northern Rivers Livestock Exchange,ChIJ02n435kImmsR4MR3unW81jM
Condobolin Public Library,ChIJfzKCy9JvG2sRwEUMsacBjS4
Barraba Library,ChIJK-sem7RXoGsRZJAT1EenCYc
Erina Central Coast Council,ChIJL4z0UX61cmsR5tnTKRrwhlw
Warrumbungle Shire Council,ChIJ2TFXO9sHCWsRqA_rBbvJHQE
Gwydir Shire Council Warialda Works Depot,ChIJlUB6rMXVo2sRa7ijr7wJS4M
Barraba Bi Centennial Community Centre,ChIJ-frfvUtWoGsRUuJXlKBwMto
Coonamble Shire Library,ChIJ13ilfW5_CGsR1AuU_t9kY1s
Manilla Local Court,ChIJh1LKW_1koGsREwE7RIvXH_8
Coonabarabran Visitors Centre,ChIJqyhggdoHCWsRzGvtZfEeD9M
Barraba District Hospital: Emergency Department,ChIJcw_AG7ZXoGsRi7o8OlDTFoM
Inverell District Family History Group,ChIJdUvfzjX3oWsRmwpyMIOnhRo
Joblink Plus,ChIJSb09lrRXoGsR0eR3L9HNBZM
Manilla Showgrounds and Sports Complex,ChIJdx3GD-NkoGsRoNj-c7UJBg8
Holy Trinity - Manilla Anglican Parish,ChIJR3C-ZQFloGsRKGIeIbngk-c
Edward River Council,ChIJ_bEdZMw632oRBNlplLmJWCQ
Goondiwindi Regional Council,ChIJzT5X0DQXo2sRN1ONQrVMmN8
Murdi Paaki Services Ltd,ChIJ15Y8nx6uEmsRrBcfTcTYGaM
Northern Inland Regional Waste,ChIJ7z9TarSYCmsR7xZ6cviiITk
Public BBQ Kilpa Street Park,ChIJRWcAVV4vmGsRyiUJDrtK62U
Murray Valley Regional Park - Barooga,ChIJSZqnDTqzIGsRcWE6ragugMc
Byron Bay Library,ChIJE3GmDDdikGsRkGL-c7UJBg8
Mullumbimby Library,ChIJp8-XlAyLkGsR-SsoWa-rdYk
Molto Creative,ChIJA8-2oeJ9kGsR10TGue1cta4
Borambil Park,ChIJG8LD2oL_CmsRD45wVt5SxHM
Alpine Shire Council,ChIJZUxGTiQhJGsRyy-enNz4DoA
Murrindindi Shire Council,ChIJRWZDyDIIKGsRMr9cdiwccJ4
Central Coast NEW Independents,ChIJxYNO7CM3DWsR7yj1zqKJHHI
Baker Park,ChIJT70oFP3RcmsRMDjx-Wh9AQ8
Elizabeth Ross Park,ChIJ052hbGe1cmsRBvrUDCtrJLQ
Terry Hie Hie Aboriginal Area,ChIJVcdOTY1BoWsRHmxh0A_A9Bk
Benalla Rural City,ChIJmXOqzAIPJ2sRGRzOkvp10sE
Hunter and Central Coast Development Corporation,ChIJUVgkrFwUc2sRU9ZRGm785vw
Minmi Reserve,ChIJOwc11ic_c2sR4XRCgqT6JiQ
Ron Bushby Oval,ChIJs7sqhNgpl2sRrlQ3SxEBSfA
Boronga Nature Reserve,ChIJ9Q85d158pGsRMMdw23KIcIE
Northern Rivers Community Gallery,ChIJ2YimZxmAkGsRH0qqwufM2fI
SCT Logistics,ChIJVc9AvWxFkWsR1CLr-C-UIA4
Boonah Arts Festival,ChIJXdxjyZwpl2sRMaXBtZBE-tY
Woollool Woolloolni - Wellington Rock,ChIJHx3COSa3mWsRLcAgTEmnZkM
Storm King Public Boat Ramp,ChIJd8g8GdYzmGsRbt-beq_drzY
Ross Park,ChIJoa-GDnJ9kGsRyf9ag0od5ok
Goonellabah Library,ChIJycB4GoqdkGsRrr3lwxHBz5I
Ballina Library,ChIJ6ZD-riWAkGsR6Xw1Udk_sw4
Murwillumbah Library,ChIJATgEYgHwkGsRpuKipGH9Oy0
Barr Planning,ChIJLX3NLPQUc2sRGWdolwt-MoY
Leslie Dam - Washpool Reserve,ChIJ-9QoqkyYl2sRCwR-6UrpOqA
Cowra Regional Art Gallery,ChIJC3R_0QeNEGsRsX5jtl_4j_o
Cameron Outdoor,ChIJUYS2gZ1_L2sRTZ99Kfzmh0k
Roots 2 Leaves Tree Services Pty Ltd,ChIJF73jaKRjJWsRWS1FcKxk8w0
Rawson Homes Merewether Display Home,ChIJY2JJLlAVc2sRlchOu8umdg4
Clarinda Park I.T.,ChIJe4xHpbC8GmsRSrJ7wQ-oop4
Bundanoon Sandstone & Native Plants,ChIJ11xEb9ONE2sRTlWIXukLqZ8
Hutcheon & Pearce (Coleambally),ChIJr8LiOvcgIGsRQRFsIxw2nbM
Carlos Sanz Follana,ChIJR8ThVSWuEmsRZpx3YXMJEBs
Coastal Flo HVAC Solutions,ChIJa301c_X7kGsRJC5CKA1cKB8
Shirley,ChIJgwntqM1EPGsR4yiZt9l6Lik
Greenland Merino Stud,ChIJb1DfySzxPGsRVb70gTn46hI
Elite Concreting and Landscaping,ChIJlyBa_SCBL2sREgN_ZO_BQks
Landcare Granite Borders,ChIJn4sdLoRNmGsRKDyBaZjZS1M
Randall Group Construction And Management Pty Ltd,ChIJKzNU7Cr3oWsR6I-RSibNhtA
Glen Innes Home Timber & Hardware,ChIJz82jD77JmGsRyoCDnPhqebQ
Burns Creative,ChIJP2PCBxiuEmsRdbKqyMb8v6Q
Keeley And Sons,ChIJ05F5QqOjE2sRbWpPR8FKYE8
Wollondilly Lookout,ChIJT-ECi2fHE2sRKtJ0hvniax8
Loader Constructions,ChIJ-wtDPkCXE2sRotKUkiDEqnY
Believe and Become,ChIJq6qr_U9VEmsRF5pL62mORxk
Bullocks Flat,ChIJDYTKrsnLPGsRg_cu_QkQrig
Bullocks Hut,ChIJIRn6HcfLPGsRdRb9_c0rcWE
Bullocks track,ChIJ7Y8vCs7LPGsR7aTUYaP74sA
digital grade dirt,ChIJ_U8nnNvDPGsR57JCQczSzCA
Skitube Day Parking,ChIJUyFDc8nLPGsRrU84S6nNkh4
Big Yard Escapes,ChIJCUT0akTJPGsRllrfjSt8mqk
Porcupine Rocks View Point,ChIJKbXNlvXLPGsRbyW0YRej9EM
Woods Airconditioning & Electrical,ChIJ3wWwr1OrpmsRAMqyqmDXbI0
Ardell,ChIJp2kq4OGeEGsRVFdtMJO35tA
Glen Donald Estate,ChIJfax0aKufEGsR0AfUVPCKvZ4
Lachlan Fertilizers Rural,ChIJW-Z4XpKTEGsRPlNXbo0UQec
Cowra Concrete Products,ChIJE4eBHpONEGsRUsMRfIye0M8
Wallaby picnic area,ChIJnYr1X42dEGsRyrCqHxLQ8cQ
Elders Real Estate Forbes,ChIJ4eE8ZiuNGmsRgQC3sq7AGhw
Bundagen Co-operative,ChIJBwPABeIWnGsRvGGjdN_Zc60
Bongil Beach,ChIJoaKKSu8XnGsRlYXqCdEmypA
Bundageree Rainforest walk,ChIJ67gt7fkXnGsRDBxAxnWXoVA
Muurlay Baamgala cycle trails,ChIJFwGH4lsXnGsRojfFccLllLA
Pine Creek paddle route,ChIJ-z7NrvERnGsRhweUNk4IJcg
Stonequarry Lookout,ChIJU9iZ_C2OE2sRTQjFQPPHe6s
Grand Canyon lookout,ChIJiSL7DieME2sRYC6ba9EwCoo
Bonnie View Lookout,ChIJF6SuCiKME2sRni_wvx7Amng
Tooth's walking track to Bundanoon Creek,ChIJSyeERnWNE2sRJ1LkyzywByU
Sunrise Point lookout,ChIJNVJvCLqNE2sRbAKU3CutqC4
Riverview walking track,ChIJAzGACZyPE2sREvPgd5C11eo
Gibraltar Construction,ChIJ4aLk3Zn0E2sRV5vJlnXGL9I
Blowering Dam Viewing Point,ChIJCQzNjWQFGGsRCoMt8436Rx4
Delta Agribusiness,ChIJSUhm6fNfF2sRcyGqQ_9UVyg
Grace Munro Centre,ChIJ-cjvi7nFoWsRl3wv95xu98A
The Reject Shop,ChIJG89gcDf3oWsRLngUapn4F4Q
Raine & Horne Inverell Real Estate Agents,ChIJf5OtuDb3oWsR4YBLG_s-6pk
Kerri Tom Photography,ChIJbxVn4waVzUYRwue5tjIAP8A
Bundeena Maianbar Art of Living Festival,ChIJ-WUOTo_IEmsR2gZEWW0RaKk
Bundella lookout,ChIJ5cIDWirdC2sR2PS5O0v79Ww
Pinnacle lookout,ChIJjzuoS-_dC2sRAYNs-xEVZOA
Norfolk Falls Picnic Area,ChIJmcoCIPLdC2sRjs3IE_p8yG4
Bi-Rite Home Appliances Gilgandra,ChIJT4Gj2fK0CGsRXtAZU09z0Xg
Bundemar Merino Stud,ChIJo410joptG2sRegx_FG7JUNs
Richardson & Sinclair,ChIJNxeTOWbFBWsRVXaxFs1ARAw
A&D Home landscaping And mowing,ChIJX1noWd-DBWsRhbuxvgjPA2w
Coolangatta Estate Homestead.,ChIJVXtObXh9E2sRawN3tw5iJJw
Apical bushfire & planning P/L,ChIJx3iIDNZvE2sR3nLqFlTgqrg
Alan Davies Earthmoving Pty Ltd,ChIJ_TrYIAFxE2sRSO8FYbQ1XZc
SFS (Specialized Fencing solutions),ChIJ-XI4Ve5vE2sRLXMydELzccU
Bundure Rest Area,ChIJoVoIjsVHIGsR1PTXCMQV-CE
Murrah Flora Reserves,ChIJT5AqYT99PmsRuSBBwHUa3n0
South Coast Holiday Accommodation,ChIJg1m7cPRuPmsR4GYFhG6tKDc
Nutrien Harcourts Real Estate,ChIJc_dKFjf3oWsRO9OBVwzFSCk
.,ChIJiQoizKmJDmsReWnuOzpCYeQ
Bungabbee Nature Reserve,ChIJf1X91jihkGsRerDUkjy3z3I
Grainger Gardening,ChIJXc7F3A_9kGsRchVyvVrMZcI
Border Rockwalls,ChIJFYMBvmz5kGsRtDRya7TqmBs
Kinross Cottage,ChIJ0a8_yG7zPGsR9Vqy5Hw0BeQ
Kinross Cottage,ChIJc0ymeKDzPGsRctycD9k4hK8
McGrath Estate Agents Snowy Mountains,ChIJL-dCbBWoPWsRM3QsBDBYrWw
Bungawalbin Nature Reserve,ChIJE-Gh1W8-mmsR8c4kAsn9BYA
Bungawalbin National Park,ChIJMVaoFbIVmmsRvaizExzVHWg
Bungawalbin State Conservation Area,ChIJx4I2yg4UmmsRiuITUJPyiZw
Suki & Hugh Gallery,ChIJseYgMkJeFmsRtg3Kb8U1-Gg
Bungendore RFS,ChIJZQ5OPW9eFmsR6bgxVxFnR_I
Canberra Nursery & Garden Centre,ChIJK6qY83FPFmsRxPJjPtN6CJ8
Bungonia Caves Lookdown,ChIJ64oLjvsFFGsRQfd2dj-Ao24
Stevenson Earthmoving,ChIJEXMz9qmlEmsRh-6u9IuVvwg
Wandha Myall Lakes,ChIJedWEE6drdGsRg3c6iYyXUr0
Tip to Tail trail,ChIJNVxqGfE_dGsR_lGGyyQ_tC4
Bunnaloo Public School,ChIJi956vyU72WoRhPHrHFakka4
Mawsons,ChIJ4d6aRqVZ2WoR4USJx-usqC8
ASH REAL ESTATE,ChIJzwz9k9o732oRifaV3Z9M6PU
"Metricon Homes display, Dungala estate, Echuca",ChIJYe2gGkwd2WoRCWeJ0vXTW0w
Blake Slatter Photography,ChIJ7SJfwXspzmARqtAmkYQAXh8
Brook Enviro Services,ChIJgwZAjnFhC2sReovOCFtWPIo
Lake Cargelligo IGA,ChIJxWeZrYVIHGsRw_74gxdpRCY
Whispering Pines Organics,ChIJBzvBTkLEHmsRNo2L3spyFb4
Craftsman Homes Riverina,ChIJ2WNL6ckOGWsRiy0sPPVIHvQ
Burning Mountain walk,ChIJB6zJSfgXC2sRCz86Nxn1gZY
Gwydir River State Conservation Area,ChIJWW4AfwiVoWsReFsUgpkFF7o
Midway Library,ChIJy7zKvtcCw2oRPIEu30fGbyI
London Bridge Arch,ChIJRbZmixI3FmsRNp9cSR8VQJU
ACT Spray Seeding,ChIJ___TEEOsF2sROSScau4MrGg
Burra Landscapes,ChIJkYRq3K4fKmsRQAXYE-CCgdg
Wakool Burraboi Public School,ChIJl_4nNay13moRXM3L2LrTApM
Mawsons Kerang Concrete Plant,ChIJmYHYtKjc22oR2uQHH0q_GEY
Grow Mode Solutions,ChIJ2zNpG7uF22oRhbDY1neJH-s
Kerang Rural Supplies,ChIJ7XZY_KXc22oRJrvAd_5WABE
Advance Turf,ChIJOStjswmJ22oRfbX4KFdeEZg
Finders Keepers Barn,ChIJuyqjV7SF22oRS7ZopfOhKwI
Mawsons Boort Concrete Plant,ChIJT7HDwMpA2moRpT3yz2Pnvxk
Yamagata Garden,ChIJdf7cKf2P22oR_8jI_lCHd_s
Gurnett Oval,ChIJc_LIuHCF22oRSCv-Y2y7hhM
Billington Photography,ChIJ6a7HrZeiE2sRlwTkm-9TU3I
imagineartclasses,ChIJ59dj-sqjE2sRzQj46rWZDfo
COOLABAH Belted Galloway Stud EST 2015,ChIJZfs-rVMAdWsRht4RYL5VVtw
Service NSW Agency,ChIJfY0NGdf7dGsR18zON3u5buM
GACCI (Gloucester Arts and Cultural Council Inc),ChIJW07TkIf7dGsR3nJZaXgZVBo
Centrelink Agent,ChIJETTzb_X7dGsRHJKd_tK0_DA
Gloucester Office - NSW National Parks and Wildlife Service,ChIJFxUr1fT7dGsRBndXFs9Gaqc
BOLDtech,ChIJx4BSQ-n7dGsRnIiL0in_sow
King George V Memorial Park,ChIJz8IXfgn8dGsRTDk2MzFlyT4
Gloucester Community Recycling Centre,ChIJv7SYebf8dGsRon1mkruvbXA
Gloucester Landfill Facility,ChIJR1Kfml_8dGsRDla2UBtyZMY
Coolongolook Cemetery,ChIJb-GqMLBFdGsRTVTNX2h94ks
Wauchope Community Arts Hall,ChIJZReiLjP_dWsRzbutHs1YPz0
Laurieton Library,ChIJlXioi_bidWsRDUiHbwfg5IE
Civic Centre Theatrette,ChIJcxBRp0CXE2sR2XmQhxKxY8Y
Penrose Village Park,ChIJuzHXZbOME2sRBX_vZzkkGL0
Seymour Park,ChIJAR6eDjaXE2sR4Jj-c7UJBg8
Perisher Valley Office - National Parks and Wildlife Service,ChIJdd5P837LPGsRLWLPEu59Ezc
Greyhound Perisher Skitube Stop (Bullocks Flat),ChIJsUmmcDLLPGsRnWH82jfTuuY
The Retreat | Alpine Property Management,ChIJbz0BpTHLPGsR5Rhd3UVUcRU
Thredbo-Perisher area,ChIJE-hBUADNPGsRtJeEYRxEwQY
Rock Creek snowshoe track,ChIJ9fBd8DzLPGsRMxBVSREGGCg
NSW Dept of Planning,ChIJMVejlfLEPGsRCQoyQOgrIb0
Perisher Valley Visitor Information Centre,ChIJg4CwjX7LPGsRG2lndn2FEJ4
Jindabyne Community Recycling Centre,ChIJ-yHKJ2jEPGsRA012z9vg_6U
Hertz,ChIJc66HWU1LI2sRAKI2rqP0U-k
Perisher Snowsports Hire,ChIJp6H3MHzLPGsRl6jFTYz-3uI
Thredbo Valley track adventure rides,ChIJl_eB1CDLPGsRNKfPeO5e9eU
Hamilton House Snowy Mountains,ChIJn-lRNRXFPGsRBne_vsS0gzk
Jindabyne Rural Fire Brigade,ChIJB4JcZajGPGsRJU96G5ggp1Y
Nugget's Crossing Court Yard,ChIJSxVx9vLEPGsR1WZ4n3FO8Kc
High Plains area,ChIJE0SuaI5ZPWsR_0ggeDYHm4Y
Australia Post - Jindabyne Post Shop,ChIJba9o6fLEPGsRCVLX-fdgK04
On Snow Reservations,ChIJ0z9kSI3EPGsR8pWxeJilO14
Accent Town Planning,ChIJXxXbIIjFPGsRZhzCg9e76RY
Telstra Payphone,ChIJKQvOCTLHPGsRGlxJt97kwIQ
Oxygen linen,ChIJVR19XLXFPGsRFfzAKnMtZ8U
Miyay Birray Youth Service Inc.,ChIJY2pPRK1UoWsRG0JGm898hjk
Bumbalong Bees,ChIJ4aDp8WCCPWsRJbJRw1UZm1Y
Respect - Yallambee Lodge,ChIJ475orHWoPWsRcKiDf0soE5k
Eugowra Sports Ground,ChIJow-rRmCdGmsR7EwLJk1C244
Laverty Pathology,ChIJqUPCOijZD2sROIssE9F2qB4
Jobs in Council | Council Jobs,ChIJNaQe3ylr1moRajSZbX86Wq8
MidCoast Council Libraries - Tea Gardens,ChIJZeE_9c2Ac2sRKemv3S7BJhs
Longworth Park,ChIJK6VgrBd8c2sRRY2EbnEb094
Casuarina Park,ChIJMXXz3jZ_c2sRU7GfBAR5v6k
Weddin Shire Council,ChIJdx0hm-kSGmsR_YVeR4M4i_E
Forbes Court House,ChIJHeGmxiqNGmsRkUAdKz1S_S0
Service NSW Agency,ChIJ-X757ukSGmsRbo1jXZrMDJs
Service NSW Forbes,ChIJK5k3m4_zGmsROwg1GJFcZgk
Clive J. Anderson & Co. Pty. Ltd.,ChIJ4fZ78MESGmsR6e19hj3gn9E
Australia Post - Forbes Post Shop,ChIJn6XeLyuNGmsR5WpKHrHIlQQ
Apex Park,ChIJLZGOT9WMGmsR3OlEycASXJ0
Grenfell Aquatic Centre,ChIJU_CQbukSGmsR7f-61W6BzbY
Cooper Civil and Crushing,ChIJpf11TVoxGmsR-0croLBzpZo
Lions Park,ChIJK9IGACvzGmsRQprrGwLsj3g
Forbes Family History Group Inc,ChIJ4wBvxSqNGmsRHG6tW6r0HbI
Meagher Park,ChIJbSKKJdWMGmsRoYH9g34P1uc
Forbes Visitor Information Centre,ChIJga9NLdCNGmsRiSJu_07TGms
Forbes Skate Park,ChIJG3hp6dTyGmsRIdwyBqXFjIU
Lachlan Valley Water,ChIJL9YrnCuNGmsRgv-8CnnOWC0
Forbes Literary Institute Library,ChIJ4wBvxSqNGmsRTUTaR-tX6e0
Forbes Police Station,ChIJYeK6wSqNGmsRpWIDL7dFH7o
Forbes Victoria Inn,ChIJRTCqvyuNGmsRhHRBn4SVJzQ
Lachlan Health Service - Forbes,ChIJrR_BadGMGmsRO9RMZ_hxop4
Grenfell Visitor Information Centre,ChIJqc1tDMISGmsRZDIjR8w60n4
Forbes Phoenix,ChIJPwn7SCuNGmsRUhfDvSupK4o
Forbes Preschool,ChIJpf0t7szyGmsRL1hy9xQn04Y
Jemalong Irrigation Limited,ChIJI39GGwL5GmsRHzE172OFLBc
Aussie Biscuits (Business of Aruma),ChIJ33VUz9TyGmsRWCjW6RADNDE
"CWA, Bundanoon Branch",ChIJ069e89iNE2sRDjVPlWrBB_k
Bundanoon Men's Shed,ChIJc9QJ4tiNE2sRhSqgAI3IEwc
Burgess Street Park,ChIJjRbLGdmNE2sRzWf1kQ4EwSk
Bundanoon Oval,ChIJuwDGw3WOE2sRCNGcMDVvT0g
Bundanoon Swimming Centre,ChIJF4mTwnWOE2sR0gzoyNsZuvE
Bundanoon General Cemetery,ChIJbx_2YsSNE2sRONZzWzZnJe8
Moss Vale Public Library,ChIJvzntWT-XE2sRYUaL8xbg9tk
Penrose Village Hall,ChIJEydCILOME2sRp_DK5E425nM
Jensen Park,ChIJ38AHh_SRE2sR_rYF9EO0FA4
Bowral Central Library,ChIJv6d9bpWiE2sRH_h5GyFh_Gs
Buskers Avenue Park,ChIJs_VuffSRE2sRHlCRqOViY_4
Jugiong Recreational grounds,ChIJm4pS2bTVGWsRF5xLx4T0RAA
Jugiong Cemetery,ChIJxVXcnsHVGWsRtzBiLeFRqI4
Centrelink Access Point,ChIJnfAA1L3FoWsRRcEr9N7ZDvs
Bundarra Community Health Centre,ChIJ-cjvi7nFoWsR8zOusyhEiNM
Bundarra Police Station,ChIJp8uVm3DFoWsRC1OlYN4fLms
Bundarra General Store,ChIJ8Yt51L3FoWsRlw3wwZLtEkc
Williamson Rural Marketing,ChIJm2gevpXFoWsRZpZDibnIeI4
Australian Rock N Roll Dancesport Council,ChIJAQCsZ9X2oWsRnw78f9ojJ_w
Service NSW Agency,ChIJG8imdlVXoGsRxWeHiLDd2kw
Ross Hill Reserve,ChIJdV5otiX3oWsRM3B5BB-fHEU
The Salvation Army - Inverell Corps,ChIJ7dNcXjb3oWsRz877kcv32S0
Inverell Airport North,ChIJVbpJ4JT5oWsRwSNlIw6lCe4
NSW Ambulance,ChIJi_iBxDX3oWsR5VYou1Kvsfg
Muggleton's Removals,ChIJZ4Fb8jfxoWsRygFfE6oStak
JM Air Conditioning & Electrical,ChIJnRQRPIncsmMRXUa12BPqKsM
Scott Mackenzie Lawyers,ChIJUYC8AYn3oWsRn2YWaHB54U0
Public Toilets Bundeena Reserve,ChIJyyBrgLTJEmsRHEtognnKJ7g
Roger Summers Memorial Lions Park,ChIJDber64XIEmsRm1Akn6z39ew
Bonbora Avenue Reserve,ChIJTXiTWI7IEmsR5GQqkyo2_tA
Bundeena-Maianbar Heritage Walk,ChIJcXQpBYbIEmsR-upTccK5gKo
Carol Provan,ChIJN2eXOd7HEmsRtJP5z1KZCCQ
Upper Hunter Shire Council - Merriwa,ChIJM4Dx1mOJC2sRmzfAX8Ea1GU
Service NSW Agency,ChIJ0VyVw2dbCWsRHFf5S3cM098
Gunnedah Shire Council Works Depot,ChIJbfvdglpzCmsRDrGxS8fTcNE
Merriwa Resource Centre,ChIJEX3OffyIC2sRvixuz_DFIr8
Gunnedah Depot - NSW National Parks and Wildlife Service,ChIJcyZTBIJtCmsR1jzYRrA4eJ4
Bowen Oval,ChIJ_WV8EktaCWsRAYkF95KFNGk
Australia Post - Coolah LPO,ChIJP1dM_ktaCWsRJwpR93Ha39k
Centrelink Agent,ChIJTdCWOmbFBWsRbakUBa-DyI4
Warren Library,ChIJexhNomfFBWsR9yUI_LPpZ_E
Centrelink Agent,ChIJ-52Gs_K0CGsRJeHUkLGTCAM
Warren Youth Centre and Community Hub,ChIJ4yibULHFBWsR8nZSXkzYgxE
Warren War Memorial Olympic Swimming Pool,ChIJpeTMRmfFBWsRfx1blXcZxzM
Wungunja Cultural Centre,ChIJXaQHnZW9BWsRph5puMtfkxY
Elgas Local Agent: AGnVET - Warren,ChIJQXMGNWTFBWsRX3_4BsV4CNw
Warren,ChIJv-v7_IXEBWsREHZDkLQJBgQ
Haddon Rig,ChIJbaxGKGbFBWsRq16KsoxrwLE
Vinnies Warren,ChIJZz5chGjFBWsRTLjyXVuTU8c
Sustainable Soils Management,ChIJXT-E6GfFBWsRbNVxQ2DQHlw
Blackbutt Youth Centre,ChIJzYlrlKATE2sRWjbu_BpbWVI
Jerrinja Aboriginal Land Council Medical Centre,ChIJgyBQyaCCFGsR3ff37XMECxg
Jamberoo Youth Hall,ChIJAZxMI4xtE2sRHPg-uRYGldY
Elouera,ChIJsWqRmFR6E2sR1T7jEzQbGOQ
Cooke Park,ChIJ6X36f2xvE2sR_RVHhnXsB6I
Hindmarsh Park,ChIJ5wCwlnNsE2sRIHvy-Wh9AQ8
Illawarra District Noxious Weeds Authority,ChIJe4pknXRsE2sRL1t8saQ2ano
Gerringong Library,ChIJOb-Y8spvE2sRszY4q_yoveg
Alphababies Warilla Child Care Centre,ChIJYYp-r4sTE2sRsypAWEOfv_U
Blue Haven Terralong,ChIJudUqfm1sE2sRvQtv_b_ScOY
Gerry Emery Reserve,ChIJ_xS8KgxvE2sRrstioKeQcEs
Warrawong Library,ChIJC1snTxEXE2sRdutZhQZM__A
Oak Flats Olympic Pool,ChIJO_-HJ_4SE2sR0M_HyeUV8gM
100 Years Murrumbidgee Shire Council Monument,ChIJseDD9zSXH2sRJI39VhxkBNs
NSW Government Local Land Services,ChIJUy7i-sWJIGsRM7yCsusLulc
Jerilderie Community Recycling Centre,ChIJ1ROBt-yJIGsRJaafIB94GBw
Brew Park,ChIJWeGhPA2JIGsR6WrvRt8vwJA
Jerilderie Library,ChIJX2sYx8WJIGsRdXadvWlVN6g
Australia Post - Jerilderie LPO,ChIJu8lDs8CJIGsRsFi2D6Y5M90
Horgan's Walk,ChIJE69NnoWJIGsRs3du9EbMw7k
Bermagui Community Centre,ChIJiXO4n_ZuPmsRrPPnsvwPGsI
Centrelink Access Point,ChIJZc9gIPRuPmsRoXPjO2tgQ3Q
Bermagui Rural Fire Brigade,ChIJxxHynPZuPmsRJlmUVxTJKy8
Capital Pathology Bermagui,ChIJwxMNArpvPmsRpwZA1fLvV5M
Service NSW Agency,ChIJTeRbI9sHCWsRR0byTb3iNh0
Glanna Merino Stud,ChIJZxInDEOUDmsRmOoJXt4NDMQ
Mendooran Memorial Swimming Pool,ChIJX-Ca2mMqCWsRC3PVPGJ91kE
Warrumbungle Community Care - Warrumbungle Shire Community Transport,ChIJF2Z-c9sHCWsR6RmBOWofuC0
Dunedoo Memorial Swimming Pool,ChIJ3_YHaOHLDmsR28PW9iU2ps0
Gulgong High School,ChIJBczYDkeUDmsR7XwLUkCKRPk
Cardan Retreat,ChIJhwQa2meZDmsRBgj5XBxWbcU
Gulgong Visitor Information Centre,ChIJ54zeFESUDmsRFH6PRAcoDYc
"Emily Peoples, Solicitor",ChIJif0g2sXtDmsRnvqbjQ5xsQ8
Gulgong Showground,ChIJUQ-9rWWUDmsRfZ1ydxtO3qM
Coonabarabran Memorial Swimming Pool,ChIJX93XkdoHCWsRlD2ejzdembc
Mid Western Auto Electrics & Air Conditioning,ChIJdSno0e-jDmsRevCUWycQ_L0
Yuluwirri Kids,ChIJATcTgNYHCWsROfcVQfNVF70
Castlereagh Family Day Care Centre,ChIJb1yNIcUHCWsR8gIa1s7uvSw
Charles M. Chocolate Memorial Oval,ChIJbZr3aHuJDmsRQfilBjfrGBo
Gulgong Ambulance Station,ChIJH46wBkOUDmsRCjsOOVYkgYc
Ean Griffiths Memorial Showground,ChIJKybraHSJDmsRoXPyHO0sPq0
Mendooran Central School,ChIJ89KwZsojCWsReUFOXYz_XXg
Coonabarabran Health Service,ChIJMa7L0d4HCWsRkNL9c7UJBg8
Royal Hotel Mendooran,ChIJoyyV92IqCWsRL8EFCYa_Hkk
NSW First Aid,ChIJV1-2BweJDmsRDPNDGsJIsdA
Kingscliff Wastewater Treatment Plant (Chinderah),ChIJn0T4hDD_kGsR_66fDkMTiQ0
FlexiSchools,ChIJMdhULFn_kGsRIt30YYRTtcU
Delegate Progress Association,ChIJT9QaFz97O2sRKMEXNrCEbvU
Steampunk @ Altitude,ChIJwcfBzBxRPGsRW-X78ofuOyY
KODA IN CRIMSON,ChIJZcmyqntsmmsRNvBB5h-YQZw
TRAC International Pty Ltd,ChIJQ-Pu6W9rmmsR50dUVBlH83U
Canyonleigh Community Hall,ChIJf2BHvojtE2sRfsSLK2VsEmI
OC Billet,ChIJh3vs8gxhIWsRFtEfQL9tyAU
Petlyn Fibre Products,ChIJU9VEjQNhIWsRMvXudsfrhfI
Glen Innes Town Hall,ChIJt3HxIJjJmGsRpt2HmQyt65M
Life Choices - Support Services,ChIJK_XJfU7JmGsR6P5rtA6-caE
Glen Innes & District Community Centre Inc,ChIJ9z1AkpfJmGsRuTasN_wDEH4
Glen Innes Pound,ChIJhxBoQijJmGsR0GVykKKj0cs
Ampol,ChIJ6Xm0-Xyen2sR45N2sjPhD_4
William Gardner Conference Room,ChIJtSOBbJDJmGsRzzJdHbo6rvo
Australia Post - Bungwahl CPA,ChIJgT_yr7ZqdGsR2UemvVbKjP8
Australia Post - Seal Rocks LPO,ChIJy63wrboVdGsRZ9KNaD6rM1o
Service NSW Agency,ChIJTeHhgIxZ2WoRnIS8oB86G4o
Deniliquin Community Recycling Centre,ChIJk-s-_bAk32oRW3EG22V6mGY
Edward River Library,ChIJ2Z3i1Mw632oRaJ0fdBxbgOo
Keath Street Playground,ChIJMZ0QZEVv2WoRQKD-AsveV_I
Leitchville Recreation Reserve Playground,ChIJe7zimfxv2WoRSNHdQj8GM2k
Barry Street Playground,ChIJBavDsxID2WoRaxwWfVMNcKc
Apex Park Playground,ChIJb7ugbJlt2WoRhkKw56n16DU
Apex Park Playground,ChIJK6l4FPpn2WoREFyk2RpUZ7o
Intereach - Deniliquin,ChIJqcefYTMl32oR43JzP9gDXt0
Service NSW Agency,ChIJNZYEmJSJC2sR93OQJxB9pns
Scone Youth Centre,ChIJp9uyjotrC2sRDTWE5fTOYQs
Equine Research Centre,ChIJQW3w3F1sC2sRoQeqAKcoNJY
Simpson Park,ChIJL_NgMBRhC2sRF0bTE0Fs7vQ
Scone Chamber Of Commerce & Industry,ChIJASZanfRrC2sRK7Zye5xty9I
"The Uniting Church, Scone",ChIJS6R1DvNrC2sRoES7QdduPh4
Sparke Helmore Lawyers,ChIJWXVIGfNuC2sRLUa2RsBErt8
Home in Place,ChIJExqjA91hC2sRmaT3KNVpYdE
Upper Hunter Shire Libraries ~ Scone,ChIJj3aFNPNrC2sRTqP0RppCzYE
Karoola Park,ChIJtyNJYjBhC2sR3dc66OQ3T7A
Upper Hunter Early Learning Centre,ChIJIyukIvNrC2sRHuauQTbrTaQ
Weeraman Fields,ChIJFzo799hgC2sR15hpW274-eY
Cowan's Bus Service,ChIJw2zjzCOwDGsRsIEYIFHK9dc
Olympic Park,ChIJiYun2RBhC2sRJIB1BnEnwTo
Waratah Warmbloods and Agistment Centre,ChIJtc-tu4ZtC2sRAUJKbRTLA58
Walker Mobile Mechanical Services,ChIJy9jxyGprC2sRBWSgrUxoBEY
ROSEBROOK,ChIJgwFIpUdhC2sRoop5IBxLolc
VINTAGE FIGHTER RESTORATIONS,ChIJAXK-Lq9tC2sR5UMxopblwZ0
Laverty Pathology,ChIJNdLzPnIbC2sRqEQPl5RhtdI
Nabiac Swimming Pool,ChIJ65sG9N1LdGsRtxd2WyJS0Ys
Resolution Planning,ChIJN505Yo2gPWsRivziyoPgd9o
Australian Wine Archives,ChIJD9Z75VWnPWsR2FE_8VQnjHY
JenSol Photography,ChIJGwfUW--mPWsRVNHxwzAmigM
Cigana's,ChIJv3IOvGqoPWsRlzKhTY8EAtQ
Cooma Car Club Museum,ChIJx0bZlV-pPWsR5VPF0zW1tkU
Howlong Library and Federation Council Office,ChIJ1fgoIAtBIWsRX-PBz4QL-cc
