name,place_id
Solar Systems Ireland,ChIJ1bzFvKMTZ0gRv2XumkDHPig
Sol Art Gallery,ChIJ4ShjsJsOZ0gRu7B_rdduwf8
Solartricity,ChIJZaq6tq4TZ0gRe_d09mxNz1A
Solar Volt,ChIJ9aO-Z1vwvm8RwGAKoYVzTvI
Solar West,ChIJKdKdHhQcVWcRJRtCtxqxmPM
Solarwholesaler,ChIJUwfymf4NZ0gRdxW-ymo0LSI
Solarwinds,ChIJ6dXwBCyFREgREw6CXrhqrcY
Solarworx,ChIJrURUUDd5XUgRE0_5ScZhNEU
SOLAS,ChIJI_HMu_EOZ0gRHyyJYv6jEBg
Solas Art Gallery,ChIJ_cMrpl9kXkgRvkn-fHGKltk
Solas Beauty Salon,ChIJ7R1ycp6RW0gRQ3zGgP7B0I0
Solas Bhride Centre,ChIJI8EgIdZ4XUgRIx3wJyapObg
Solas Cancer Support Centre,ChIJIS_tBInHQkgRaMdAl69yx5s
Solas Ceremonies,ChIJw-pzSTjBZ0gRKgDc1gezlrI
Solas Chríost,0x486774a5081871a3:0x2cb7f9b588eef40c
Solas Counselling & Psychotherapy,ChIJr86HENAIZ0gRDSCgw4ZQ0N8
Solas Family Resource Centre,ChIJFwRJj93rW0gRe_aiVILsotA
Solas Healing Bray,ChIJdWqHfG6pZ0gR9NrW5omyB0Q
SOLAS Health & Fitness Ltd.,ChIJjVlObSqEREgRiDjKcszUNXU
Solas IT Recruitment,ChIJgYvBJJoOZ0gRiloRJolWJaI
solas marine,ChIJyxmfOYcHZ0gR6vlRXC7LOrA
Solas Medical Rathfarnham,ChIJWawBl5ALZ0gRt90KMI42iVM
Sólás Na Mara,ChIJ1bddZm0ZQ0gRM7Wf_yK9CGM
Solas Office & Hygiene Supplies,ChIJDcte5enTXUgRnzgbD9St2wM
Solas Project,ChIJn1p4qNgNZ0gRgFXZ0UVtdKI
Solas Project,ChIJ3X-9lDsMZ0gR8SRYOrYME3k
Solas Psychology,ChIJ5bnZCU6TW0gRRLdMNcmR3bQ
Solas Psychotherapy Services,ChIJbY63Tb9lZ0gRjOXS29bPA4w
Solas Safety Limited,ChIJq_ZMx4ASZ0gRbSnzMF87cpU
Solastech Insulation & Ventilation Ltd,ChIJuysgK0ZfQ0gRb-mcDfXo46I
Solas Timbers,ChIJLRPFo9ZeW0gReDuNeBFWPUM
Solas Web Design,ChIJUeP-URHzW0gR82BcZCrkknQ
Solatrex International Ltd t/a CALCUL,ChIJV3hk28NBW0gRlVdH-sAf1AM
Solaya Thai Massage in clontarf,ChIJCdL_F54PZ0gR55Uxrdd8F1c
SOLE Seafood & Grill,ChIJ7dhVQ5wOZ0gRHy-Ie6Qk5bI
Sole 2 Soul Therapies,ChIJE7L9brOwZ0gRfd5A1C4VWME
Sole Connection,ChIJjQuE3Wg1RUgRLwqzu1GGiSE
Solecsecure,ChIJVxCDvLT3W0gR-OcFejovKW8
Sole Footwear Distribution,ChIJ6wE6nV8dXkgRN1Am8O-SCmg
Sole Good Reflexology,ChIJwRnVZFupX0gRrIOxMMLQ-P0
Solo Pizza & Kebab,ChIJ64QhKwDlXEgRrPJaGI0dD7U
Solenn's School of French and English,ChIJgwkz0SEeXUgR-BoU-EsMOhQ
Solera Wine Merchants Limited,ChIJXbRJKTUMZ0gRfBgJSqIUN8I
Solero Viva,ChIJ6yxbIv_WQkgRtU6ygEcDHrI
Soler & Palau (S&P) Ventilation Ireland Ltd,ChIJQ5-sh-d1Z0gRd8k7jkohCKs
Sole Scent Wellness - Reflexology & holistic therapies,ChIJFznpfMx3XEgRb1lku0HWe9M
Sole Serenity Therapy,ChIJV9C1yGBbZ0gRrFTuz4kkJlw
SoleSpace Holistics,ChIJKZ8vZ4kxZ0gRSslNSh4RP54
Sole Sports and Leisure,ChIJ_8jZph0baEgRWFE2dExu_yM
Sole to Soul Therapies by Pam,ChIJqehYR_QTW0gRJ0QW9iBxV_w
Solgari,ChIJg1jxGOiuEmsR_nDXAUGU5mQ
SOL Golf Course Construction Limited,ChIJTRQ_ZHYoRUgRrsTzfOef16w
Sol Haven Properties,ChIJO3TeLJwPZ0gRZi5gnmzBFwc
John Glynn & Co Solicitors,ChIJSdUtckoLZ0gRpnV5eOPIDDA
E.M. O'Hanrahan Solicitors,ChIJhe6ZoF4OZ0gRC5u3di0U-7M
Solicitors' Benevolent Association,ChIJoelL5tYOZ0gRyFxilmPqA4A
Solicitors Cavan - True Legal,ChIJOS2OD5ENXkgR-z8D5KGiHH8
Solicitors for Elderly Ireland,ChIJc29DdbYPZ0gRB8u474AJI_I
Geraghty & Co.,0x485b96ef9c156e51:0xa95b13dea72fe0f
Solicitors In Ireland,ChIJJ06HXJ7TXUgRW9Da6TxdOeY
Hughes & Liddy,ChIJ7_4-tpcOZ0gRVYh2Cst2eME
Tony Reynolds Solicitor,ChIJo6HZqLBtZ0gRyIRCOj94yi8
Byrne & Company Solicitors,ChIJaapV1PEQZ0gRUhn8KEiohcc
Solicitors Websites,ChIJUQRzIukPZ0gRnFb7kSJaw0g
John P O'Donohoe Solicitors,ChIJn8rsL5nGQkgRIavVQv3nWQs
Solida,ChIJsyWDdxRtZ0gRwoqO2L93WkI
Solid Attics - Conversion,ChIJ93DYWuh89CsRivJ63Pqmxq0
solidcontractors,ChIJkdGOzFINZ0gR-kaGoWrTrp8
Drews Turner's Cross,chijhavkg-spregrg9wh_jhufu8
The Junction,ChIJtX-MfM2PREgR-0i7g7JpNBU
Solid-Link Consulting Ltd,ChIJC3g98IabREgRvRbXT_Joah4
Solid Print3D,ChIJg-SUQl1bW0gRrznzkTANwh0
Solid Rock Church - Drogheda,ChIJEcSSgRA6Z0gR_3WDBaopc_Q
Solid Rock Centre (Church of God),ChIJAUQ76vUMZ0gRzLz8EjeUWAo
Solid Solutions - SolidWorks in Dublin,ChIJM8s6XZ8MZ0gR0AbL9s1gIKc
Solids Technology International Ltd.,ChIJSYaud8wEaEgRlsO7hpieRH0
Solis Counselling,ChIJ9bP-7PrnZ0gRjnYtAdYfgIo
Solis Green Energy Ltd,ChIJH_rFm10LZ0gRrMRQ04P_Cfw
Solis Therapies,ChIJxQDsuIKJZ0gRsAG4zwvchYg
D & S Machinery Ltd,ChIJ_alyzFQLZ0gR-iHR3hjqhRY
Sol Luna Terra-Pia,ChIJPdvWQOhtZ0gR1u6vLO_T6s8
Solmec Engineering,ChIJNckZ4UhnXUgR4M2D7MML3N8
Solo Arte Ltd,ChIJTxAmS5nGQkgRnZRePOYXsws
Solo Boutique,ChIJr9Ji3oWlXUgRoGOnZJQ8DQI
Cartman Supermarket Limited,ChIJ8z1uNU-bREgR7X4MGFQvHpY
SoloForm,ChIJ--aneA-6Z0gRMixdha754jM
Solo Hair,ChIJVYzpy1AOZ0gRqCJ4sI5YueY
Solomon Fine Art,ChIJxwnQEpwOZ0gRyXIRdgRuVPg
Solomon Grinds,ChIJC4ldFd9zZ0gRkXb6lAGcCI8
Solo Pizza,ChIJt1hspmlcW0gRShmZYJkTsxc
Solo Salon Supplies,ChIJm9SIFRypZ0gREO-NABl90_I
Solo Travel,ChIJ954fWHJxZ0gRzs72PrlcI1I
Elite Private,ChIJ-dY9RJsSZ0gRfo22D0Mke8Y
Sol Rio Restaurant,ChIJQyvWWKFkWUgRw8nBxcSCfbk
SOL SOLUTIONS IN WINDOW FILM,ChIJYVF98zgNZ0gRfFVeOy97qvs
solstice,ChIJq27gI80LZ0gRAEnXFsk02Y0
Solstice Arts Centre,ChIJyX9etk1bZ0gRAot1dZf8tsY
SOLSTICE (Relax & Revive),ChIJrUZjTb-WW0gR1QZ0AOb3AnI
Soltec (Ireland) Limited,chij6cdg2_zuxugrxd7rc2mr08e
Soltech Repair Center,ChIJQSOTLkqQW0gRJrUG3yK9Nhs
Solten,chijlboab5qoz0grb45sfuv6op0
Solterra,ChIJScbrFQk5Z0gR-oUokjkj4HE
SOL Therapy,ChIJZaZoQPz1XUgR5BhT9dZlKAY
Solus,ChIJCcDVffQMZ0gRSp6j7Fmni6A
Solution Centre,ChIJT15Iy4l0Z0gRNUfv6815gu8
solutioncoach.ie,ChIJW2xgGcKFREgRStpKQgg9-ns
Solution Focused Therapy Dublin Hypnotherapy and Counselling,ChIJb7Z0S_EIZ0gRE7iA51eimnE
SYNERGY SOLUTIONS,ChIJmeze0sAIZ0gRd96mkCl3XJ0
Solutions,ChIJEfiJWmANZ0gRZ7jNOg62Bio
Universal Creative,ChIJAYcL6JsOZ0gRti72V0a21hY
Solutions Recruitment Limited,ChIJM_xcTHw1RUgRmI1sdm6JJuM
Solv-X Products,ChIJxQly30nPYEgRnpb18n3_O9A
Solvar Limited,ChIJSRwZHpAOZ0gRnCdEg9DIvps
Solvay Finance Ireland Unlimited Company,ChIJr7Z7iscPZ0gRIp5WjnIeDOM
Solve Outsource - Management Accounts,0x486772ac27fc7235:0xcd21c3fe37e77da0
Solve A Mystery - Dublin (Pick-Up Point),ChIJ91a6i4IPZ0gRLrhndCstaWg
Solv-Echem Ireland,ChIJt7F4dyMDcEERRNzU7iLUW4M
Solve IT,ChIJeTjZzAwuQ0gRBEn3cPGaQHU
Solve Logistics Ltd,ChIJo2-1j8ULZ0gRT3PQlRo0j6U
Solvers,ChIJ2UvDa14PZ0gR48SZQ-CXWs0
Solve Therapy - CBT with Sharon,ChIJW2hX7r1dW0gRXXC0haL7pSE
Solvotrin Therapeutics Limited,ChIJiyKm2TObREgRvu9NtwqMlO0
St. Kizito Pastoral Centre,ChIJKzGhDolpZ0gRisH4ulm6KOc
Soma Burger Co.,ChIJ_0hUmtZyZ0gR1COm_xcGbtI
Soma Coffee Company,ChIJCVc1oBCQREgR5fMws2OyUC8
Soma Co-working,ChIJX0OGF_q_W0gRaL9-8VgOdqo
SOMAdublin Somatic Movement Education,ChIJ66FFUCYPZ0gRMSIUl8S6T9k
Siobhan Potter.Accredited Psychotherapist.Integrative Body Psychotherapy & Embodied Supervision.MIABP. MEABP.MIAHIP. ICP,ChIJO52UGMFdW0gRP0gbIMlMHFg
Soma At The Spire,ChIJA15KOoQOZ0gRmuXBmG7CwsI
SomarMed,ChIJc2z5VQIMZ0gRU7N89XbG17E
Somatic Experiencing Mountjoy Square,ChIJqwhojiAPZ0gRDR3R_ui52ac
Somatic Therapy Ireland,ChIJoWugfMV_XUgRGZEHzi5qYvU
Some Dose “High Fashion,ChIJQQ75P40HZ0gRq34n1YLZ1vo
SOMEN Asian Noodle Bar,chij-fb4tvobregrw2xf9dkfj_y
Some Neck Guitars,ChIJ13Q26p0OZ0gRESYrT9o8g-w
Someone Like Me Art Competition,ChIJf092Di8MZ0gR_8Mg-p-EbJM
S. Somers & Sons Funeral Directors Ltd.,ChIJET3r1fBFXUgRIIgR_ixuVcc
S. Somers & Sons Funeral Directors Ltd,ChIJSeSIzvhEXUgR5IK2bHNuHCk
Somers Commercials Limited,ChIJgRRgi6nkZ0gRhpX5hsa977I
Xeinadin Somers Murphy & Earl,ChIJdws0dpYOZ0gRXghltuUVL7s
Somers Psychotherapy,ChIJUQGtLURzZ0gRPfbL1qWrQbU
Somerton Physio Old Bawn / Tallaght,ChIJCf3NaK0LZ0gRlgxrRdff8ag
Somerville Motors,ChIJG9TCVGNrZ0gRj-SgqLTd82U
Something Blue Acoustics Wedding Music,ChIJFeWIKa_HQkgRpkLagdQIGpI
Something Blue Studio,ChIJQz4OHwsbaEgRbSpLA-U74yU
Something Fishy,ChIJ66AOkAwIZ0gRgYKEgtDf7JA
Somex,ChIJzz0L9rLlREgRRw94KkBMq0Y
Somex Automation,ChIJXRKxpzUfRUgRktl3jBIRhIc
Somjai Thai Massage,ChIJ3SXE2-WpZ0gR9mXbRAYdOTc
Somneo Mattresses Ireland,ChIJ-2I4o95tZ0gRUM8zTly0WlY
Somora Motor Parts,ChIJSwIulcgMZ0gRftZcG_iw9vc
SomTek,ChIJWwF_oxc_W0gRClGB8d2KX_E
So Much Marketing,ChIJsRSocMB3XUgRotmvNscXr0w
Sona Nutrition,ChIJERqhbjfYQkgR3l4szEynQxE
Sona Bikes Showroom,ChIJebM-bugPZ0gRXB0KHwcokpQ
Sonairte,ChIJ2fLMdEE7Z0gRlux1qmYojO8
Sonalake,ChIJq4h1C8EIZ0gRnnaYsdYgbDM
Sonalife Limited,ChIJQ5XnYnMJZ0gRQOuARHVKhts
SONARC,ChIJ6UdN_pJcW0gR1XpFuNz8zvA
SONA Retreat,ChIJU6C_8ISDRUgRk4073K3BBSg
Sonas Nursing Home Knock,ChIJP99nUnlVWUgR7yCfLqvh-y0
Georgie Browne | Sonas Coaching & Mentorship,ChIJSdmnZpyDZ0gRjEQfnHDwxkY
Sonas Bed and Breakfast,ChIJbTImfV8aZ0gRGaOdnuS71M0
Sonas Special Primary Junior School,ChIJwx6NjcWFREgRm5n4yAWCa1A
Sonas Health Foods,ChIJO7TPhfIxW0gRH_qXK_X6hHE
Sonas Innovation Ltd,ChIJ6zHtjzoMZ0gRTXJPR6ia45Y
Francis Street Medical Centre,ChIJBWPqmy1tW0gRTuX-s2YrmSI
Sonas Technical,ChIJqxH7x6IOZ0gRZ71GqBeN2UQ
Sonas Yoga,ChIJv5G6aExxZ0gRCeVFoK08MUQ
Sonbrook,ChIJocggEcUPZ0gRQP9235O0ljU
Sonder — Mountjoy Square,ChIJXSkCSekPZ0gRlGxWGSoX2lM
Sonder,ChIJSwAe-jrrX0gRrBoh7zu79mg
Penrhos,615883b120fa44d49ebcb3a8503e1aee
SON Design,ChIJdfMSr_KvRUgRZY0tsWlJGsU
O'Neill & Associates,ChIJxxXTNbcLZ0gRYnEBL3kQ34U
BALLISTIC Camps & Parties,ChIJ51IwnQCQREgRAzvJ5bSIldI
Sonflour,ChIJBXvxvKSRREgRl7PAjkEvAMg
Song and Dance Stage School and Studios,ChIJP2atizAFZ0gRIakyojfNnrM
Song Moo Kwan Ireland Ltd,ChIJC6iK3icxXUgRacx5OL7AEmI
SOA,ChIJg-KBQesNZ0gRRJH--Y9J55c
Sonia Harrington NMT and Pilates instructor,ChIJPS_Ct0wJZ0gRoEH2h4vhf3g
Sonia Lall - Analytical Therapist,ChIJFbpOYZANZ0gRFE-HDzs4bn0
Sonia McEntee Solicitors,ChIJSdKwUCENXkgRywQEt2Vtxjw
Sonia Woods Training & Mentoring,ChIJQ5hkGBmXW0gRVOJ2CGwlHc0
SONICA,ChIJUdf_vqIOZ0gRlgemfyPK7_U
SonicDelivery,ChIJAQBcUVa5REgRHdHGw5A8gy0
Sonic Electrical Ltd,ChIJZXZd7X1dW0gR6GRQbdHTWOk
MedLab Pathology,ChIJy7ivWQgJZ0gRDFqnlHuylZg
Sonic Security Systems,ChIJS2DApxh0Z0gRHhHEZhbVuQI
SonicWall ACS,ChIJcYeYy68bZ0gReaPVCNt7B18
SonicWall Inc.,ChIJX-WEzyuFREgRRMs7hcO6u0M
Sonitus Systems,ChIJT6gNTZMOZ0gRizdtnR7KWI4
Sonix Entertainment,ChIJVVVVlfQuXUgRFEJTlO9BJxE
Sonja Smith Photography,ChIJg5MiKLwJXkgRdgLyM09rXfE
Sonnagh Hills Holistics,ChIJS82vh9TZXUgRJYp13cJbzMA
Sonna National School,ChIJ2YAL1h3AXUgR9BcSK7Ox5pY
Sonny Bear,ChIJUQqFW1OBZ0gRRDO_VxDCL5M
Sonny's,ChIJcWRUSGilZ0gR5mSiXn8CjMI
Sonny's Deli,ChIJE-zRyweQREgRUZ_bA3lq2Yg
SONO COUTURE,ChIJW_90PIitRUgRsWzznP8FmBc
Son of a Bun,ChIJbfMwbA6QREgR00dEccp56OY
Geospon Image,ChIJwSbFVaF1Z0gRFfUvSVuA_AE
SonorPlex,ChIJla-xhD3pXkgRbKQj9YpnmBM
Sonra,ChIJSRnnLdMNZ0gRLY5xIp74j4w
Sonru,ChIJwTQEBHsAaEgRsVCj724GjYs
Sons,ChIJHa-GyhsPZ0gRb5UCdHFHGJw
Sonya Carr Coaching for Success,ChIJjREZ5K47Z0gRioxE5tAd1_0
SoolNua,ChIJIcHWxIUIZ0gRa07zZFLZrF0
Soon2be.ie Bespoke Wedding Stationery,ChIJA5qidrWRREgRKmsa92NizHU
Sooner than Later Solutions Limited,ChIJAdYba4QIZ0gRO9W2EmPNK7o
Sooo Cherry,ChIJAcluPLI7XUgRa8-hrhv2rL8
Soothe Massage Therapy,ChIJNRKAGyoJZ0gR4nr61RPcfSk
Specialist Orthodontic Practice,ChIJg0ZQVS0GZ0gRM3Ik6SBvf50
SóPA / Dowra Handmade Soaps,ChIJV-dv_iBCA4QRpNykqZ5I9Z0
Sophia Green,ChIJZyH3sLQHZ0gRxa5o3-j8iVo
Sophia Lopes,chijybwxc5wrregrpz4z_d6qtfw
Sophia Housing Association,ChIJwUQKIzwMZ0gRqQGKpxCjuIU
Sophia Health Hub,ChIJ4SEG1JwbZ0gRa-Q-dWb804I
Sophie O'Dwyer,ChIJRbp99mULZ0gR92f6iyR3FTo
Sophie Barat Residence,ChIJDyYYVxQJZ0gR2lZUoyDFXio
Sophie Coyle Illustrator,ChIJBUPSbFsMZ0gRnqtLjuZauC8
Sophie O Connor Makeup,ChIJYaDeXI5pZ0gRSMKy7H2TIUA
Sophie’s Rooftop Restaurant,0x48670e9f902b83e1:0xa49fa625b2afaac1
Sophos,ChIJu1rKRvSRREgRpSl2QuiF1bs
Sophun Toys,ChIJvQqXDyANZ0gRH_tG88P0jNE
Sopnotec Service Provider,ChIJGccNAAUNZ0gRDxfGxOwobcQ
Sopranos Takeaway,ChIJtxubal0FZ0gRNa4GdL1nP4Y
Soprema Ireland,ChIJUYIRsSgLZ0gRrCqVrV6C0CM
Sherwin O'Riordan Solicitors,ChIJsWC2c78OZ0gRvNQ8551fbak
Soraya Ricalde Jewellery Studio,ChIJOS3EHdXxXkgR2yadzBMFZSM
Sorcha Consulting Limited,ChIJJ2p1fWYPZ0gRqxjNNIfQhSc
Sorcha Barry Piano School,ChIJTeLoMVSWW0gRe1DWhZRF4ZA
Sorcon Plant,ChIJW98Sdy0uZ0gRoJ4EvCsbi7E
Sord Data Systems,ChIJe4EcWacJZ0gROVRTA29Aggg
Sordillo Chiropractic Centre,ChIJ86oVnGNbW0gRDIGm3tMlD7g
Sorella,ChIJkdIv8y5bZ0gRFAqzvGsNvvk
Sorensen Civil Engineering Limited,ChIJV2qwERiPREgR-GtQPO3j1Bc
Sorrentos Family Restaurant & pizzeria.,ChIJpfBrmHr4Z0gRT92xvjvTGaM
Sorento Takeaway,ChIJG6R4TEXmZ0gRiMOBl1KZcCw
Sorentos Ballymun,ChIJc5SM1csPZ0gR_fCS4Uq1i0k
Sorento’s Takeaway Kilmacow,ChIJn3CDOpzFQkgRq1n5x6bYjIY
Sorrel and eve,ChIJvcsoRXaxZ0gR4rW7-q4XtAo
Sorrento Boutique,ChIJ_64OCY5vZ0gRlRSQQtkXN8M
Sorrento Consulting,ChIJX4G6ArMHZ0gRXPhyd5MmIYs
Sorrento's takeaway BALLINDERREEN,ChIJcVeyNdubW0gRB-c3sz8ewwg
Sorrentos,ChIJb3kXvzvMYEgRVIWyHv4W5PY
SORRENTO'S TAKEAWAY Carrick-on-Suir,ChIJkcjUiFDXQkgRV_gIL22iq6M
Sorrento's Take Away,ChIJO6v4XOAcXkgRLVPBG9o8Cs0
Sorrin IT,ChIJiRfGRMp4XUgRYcSSjeMg5nc
Sorted 4 You,ChIJA0EIT7oTZ0gRb0KDnQvgJHY
SortMyBooks,chij-zgnmwbhrugr0ut4o6oflc4
SortMyTax,ChIJZfz2UNyXW0gRW3TPiWGPUCc
Sort My Web Site / Service of Digitales,ChIJj-R1f0jLWkgRBBo2ewDKsLw
SOS Computer Solutions,ChIJc0I9KRCPREgR8RpVJsetrdQ
SOSAC Photography,ChIJcXTcOAeQREgR78KepfcKACA
SOSAD Dundalk,ChIJM5k9cKDPYEgR9T-Nj1IubxU
SOS Bookkeeping,ChIJiVscDacYZ0gR82zIj551DBY
SOSbrother,ChIJ6UATzG6oZ0gRhTYlRFmLpmo
So Schools,ChIJZ5fArDdbW0gRSCnKbIwDEf4
SOS Cookies,ChIJdwh8zYxdW0gRLKWi9zNLYFA
SoScout,ChIJcUETmSGZzKgRs8LvcLww120
SOS Dental,ChIJj6bCfo0PZ0gRIInQRCoTWnE
SOS ICE,ChIJH7QnGSoMZ0gRKwoyODfccaU
SOS (Kilkenny) Limited,ChIJLa8E6okwXUgRWgIuZMZgRgY
Shanahan O'Sullivan Legal Solicitors,ChIJKdoVvOhdW0gRH9WsOr7z3Ig
SOS Liquid Waste,ChIJQVFzxKqzW0gRsYR-CfXrr_0
SOS Locksmiths Dublin,ChIJKfqApNgQZ0gRhmptVuJz0sA
Sos Marine,ChIJqynznekiZ0gRSvJbU_Dm6bs
SOS Office Supplies Ltd,ChIJjYGiYAcJZ0gRGOKDnpbIle8
Søstrene Grene,ChIJyTnzWSEGZ0gRL-G8d_8Jv-I
SOSU Cosmetics,ChIJv6EKVHbL2AIR9BC1pKr6YC8
Sean O'Sullivan & Company Chartered Accountants,ChIJdw-uKsT7T0gRuyVxCs90DLs
Stephanie O'Sullivan Interiors,ChIJr3aEX48NZ0gR379VaWI7urk
SOTA Technology,ChIJFb5d9U2WW0gRSQJD_vDZykk
Sotax,ChIJGVAxwcR0Z0gRSLAulpeWXB8
Sean O'Toole Carpets,ChIJ11Gu4yPEQkgRmwCYe_4IuHM
Sothebys Dublin,ChIJ1YyuMZoOZ0gRmRjHhXmNHv4
Só Therapy,ChIJ5Vm8-6OXW0gRztUKYyop608
SOTI,ChIJZ29-gfCWW0gRhOvuSrOlLHo
SOTI Inc.,ChIJ3xe3dL2XW0gR9un_xDIS9OM
SOTOPARRA Architecture+design ltd,ChIJibkt6403WUgRYEOuDNPTX_0
So Trendy Balloons,ChIJv3Gui5p4Z0gRfTXkcYfPkOo
Sean O Toghda Solicitors,ChIJKd9rl5wOZ0gRUiCfz8dxLYs
Soudal Ireland,ChIJydab8KISZ0gR_AcaGwnk1wc
Souhan's Shop Garage & Filling Station,ChIJ71_xmBFeZ0gRkH3DbO9VbwU
Soul-Stirring,ChIJazRveF-pZ0gRkjHTskNxF1g
Soul2Sole,ChIJWZf3O8hfZ0gRJH0SjFXYh9Q
Soul Balance Homeopathy,ChIJ5zEgyj4FZ0gRJL4alLwbigc
Soul Burger & Pizza's,ChIJu0VKvdN5XUgRZw2idGiVAi4
SoulChild Play Therapy,ChIJU72sliBlZ0gR_uelFnR0_YY
Soul Clinic,ChIJ344c15GuIwkRTUJ1aDQrGb8
Soul Dance Arts,ChIJcffJgQvFQkgRGONmIxsVizI
Souldent Dental Laboratory,ChIJ6TWVvmtbZ0gRMUeYLOBt0sM
SoulFire Coffee shop,ChIJ02NaDS4ZaEgRmqJ_qT9j3yE
The Soul Food Company,ChIJsaYvPvsHZ0gRRJ7ij82jIdY
Soulful Healings,ChIJKfkBCMyJW0gRz-HOszcKnEY
Anita Alig Soulfulness Healing and Coaching,ChIJqQWyjxu7W0gR0nmir_yaASU
Soul in Hands,ChIJcZUx43-9Z0gRXzSS_9RQc4c
Souliving,ChIJqdu3qFOVW0gRwWWfFK05uJI
SOUL,ChIJuY-gVQgJZ0gRvoZ0u1eDC5M
Yoga Shala Galway,ChIJ1edABAy9W0gR_ZGFbm3x9JI
Soul of Beauty Salon,ChIJ-za3pnqoZ0gRfoXIVJvT0oU
Soul Pilates,ChIJlbWggByCZ0gR-BCCfcZ6PDs
Soul Remembering,ChIJrVzHB3RrXkgRTut_-OurToY
Soulsaol Holistics,ChIJXck8GBU1RUgRaSHti9dMgHw
Soul Sauna,ChIJhdq2eQx1XUgRu9Xd0zHpk84
Catherine Rutherford,41d62c3b28161dffa959d28ae0330452
Soul Therapy Holistic at Personal Touch Beauty Salon,ChIJ5_odGZgLZ0gRnA48Og77nA0
Soul to Sole,ChIJwdtvvWUXaEgRaSukIDsAFX0
SOUL TO SOLE REFLEXOLOGY & WELLNESS,ChIJM2X9dgXHW0gRAd4DXP1yqEE
Soul to Sole Wellbeing,ChIJO8KN_H0bZ0gR6oTa3qX79IQ
Danielle Vierling,ChIJBXapjh8MZ0gRtFZVZyyf8Iw
The Soulution Therapist,ChIJJxvVognHQkgRnYnnalJahJo
Soul Yoga Cork,ChIJwQukpqWPREgR3c1LX7vUAL4
Sound Healing School Ireland,ChIJd4QFZjUNZ0gR79I5QII4TSw
Sound-Hire Dublin & All Party Equipment Hire,ChIJIT1XkoEOZ0gRL2X4_dlREns
Sound Innovations,ChIJ8bei5L4SZ0gRitxhtmzDD4Q
sound Relief,ChIJy-ZkNZsOZ0gRn_9zX-yWvXE
Sound Insurance,ChIJOTR6QEEPZ0gRxtara81dm30
Sound Advice (Ireland) - soundadvice.pro,ChIJh6ahVfQLZ0gRVFKHJ-HQxQE
Soundcaster Studios,ChIJ1WbeaPQMZ0gRbJYoNYsPnys
Ai Senma Beats,ChIJy1LmoK0xQ0gReeRjv4IgPKU
SoundCoffee,ChIJ5fX9oHhlZ0gRLs3yzNo-veY
Sound Computers,chijob1hndtoxkgroqs3d8d-ya0
SoundCorp,ChIJHWtUduETZ0gRJRvz1oY30uQ
Sound Factory,ChIJxTAuq5cMZ0gRMOMaeM5_iPg
Sound Garden,ChIJ33HbhpinZ0gRzwTYWPmtO8Q
Sound Gardens,ChIJr16VTdMIaEgRWBLj88MB0Kk
SoundGrinds,ChIJETM_xzsTW0gR-xhODIasYRY
Joyful Healing with Denise Hill,ChIJ2dsn0UevZ0gR5AohH9_2Rrg
Sound Hire,ChIJTZcbxaUOZ0gRrzyP5kRrU_4
Panic Sound and Light / Panic Hire,ChIJSwoobPGhYEgRRl42aDiSJvM
Soundings Therapy Counselling,ChIJWRgA28BTZ0gRNo4i2pPFzgg
Sound In Motion Music School,ChIJWyp6N0kXXkgR0rl_Cf7eSvY
Sound Magic Ireland,ChIJt-sfBEFCECoRJivHG4Pin18
Sound Mamas,ChIJIUi6982BZ0gRDAVVcQ527j8
Marcin Lewandowski photography / soundofphotography.com,ChIJR9aYeRCQREgR91fcG85jKU4
Sound of the Sea Maharees - Holiday Home,ChIJMRgaZF-tWkgR-NWckL5bUEE
Sound Out Rhythm,ChIJz5V2lUTmZ0gRsfrjS7P0hDY
Sound Productions Limited,ChIJv1WKnqEMZ0gR6AY6mcXbIzE
Sound Quality Gifts,ChIJb_bnQUSfYEgRra8rZntL-Po
Sounds Around,ChIJa_gLmYIOZ0gRlw4wKntxSag
Soundscape Studio,ChIJmRiG4xSfRUgRqC7tzb6aoqw
Sounds Good Systems,ChIJL0Mdck8PZ0gRbIVZDOQk-k0
The Sound Shop,ChIJQ8Sqc545Z0gRoLSjvZBTvfE
Soundstore - Tralee,ChIJmV57l6c1RUgRmDbBYeBuDLE
Sound Test Ireland,ChIJA-wNk7gMZ0gROaUXw8RVq1c
Sound to Light Limited,chijq3u0nscww0grkmiurmwy3j0
The Soundtracks,ChIJh6OcUv53Z0gRacHOOBmPUNI
Sound Training Music Academy,ChIJOWAk04IOZ0gRG9vszvtwRpM
SOUNDTRAX,ChIJ7W0roCqPREgRid_Jdemtplo
Soundwave Surf School,ChIJqyAwovWZWUgRIDhzTvzLp7c
Soundworks Limited,ChIJ-UapGK8MZ0gRT4nRIMjTd-s
Soundz of Muzic,ChIJf9rYGaxsRUgRpKOQRRwgJeA
Soup Cafe,ChIJxUy1-wkJZ0gRpLRcmL0bmDU
SOUP DL,ChIJ4fm8P7IHZ0gRO92L1NUWJgs
Soup Dragon,ChIJC1v0o4IOZ0gR1Qb75AnCTZg
SOUP 2,ChIJ8z4s4-ENZ0gR3Gr2hfiOlU8
Soups,ChIJSW4-goSTREgRrQTQL0cMowg
Source Trade - Digital Transformation Consulting,ChIJK0ZVDvcPZ0gR-3AQzvLrE7w
Source Air Conditioning & Electrical Services Limited,ChIJUUPtCDwLZ0gRd2nMwNxxgGs
SourceApart,ChIJLV--RRUvQ0gRDEsZOuLsFXw
source bioscience,ChIJJ52YVl3CQkgRRTdndqTPAms
Source Civil Ltd.,ChIJWa1dfvKoX0gR5znOvoNdCQ0
Sourcedbysab,ChIJTwDtJ_frX0gRV1aF-iViw0w
Source Design Consultants Ltd,ChIJj-nxUr0OZ0gRWzYLP-0nHLQ
SourceDogg,ChIJ9-qJfGKWW0gRYER1hatjQ0c
Source Group,ChIJrYtDdscNZ0gRNxOgyjxa2P8
Source Interiors Ltd,ChIJwa-OTgcRZ0gRqoMzQeHsXTw
Source LS,ChIJBdweLu-WW0gR4uPQx6fPTRo
Source Security,ChIJ4d6TXqptZ0gR7eh_yKed3oU
Sourceweb Technology Limited,ChIJSb2cDSORREgRiPMM-IkrV5A
SourceWorks Ltd,ChIJ_y3xu9EHZ0gRIwvboiRwjI0
LW Products,ChIJdea-yC_PYEgR6BUDR-zRxz8
Sourdough & Beyond,ChIJe0k6huAPZ0gRM83afnLWi_I
Sourdough Sisters,ChIJ0wClVjYPZ0gRyY20l-EakCY
South Wexford Physiotherapy,ChIJ7dHDO-zTYoIR_pLMpH9BgAY
South Abbey National School,ChIJ54T4q3NtQ0gRSN9VEAF0sww
South American Shop,ChIJVyx7SYMOZ0gRYBReM6t60Es
South Aran House,ChIJS28_SzOrW0gRxPjEfYwTofo
Southbank,ChIJ-3RRLyoNZ0gRQgfM0G2Cz1o
South Bark Blackrock Dog Walking & Daycare,ChIJF-x-D1AJZ0gRdQt27XXXKMs
South Beach Pavilion,ChIJ30jFHiGvZ0gREvinGt-_mwk
South Beach Clinic,ChIJFzU_pBqvZ0gRixBoOE69jHs
South Beach Medical Centre,ChIJOUIqBFfMYEgRXJ3WOVKCVfo
Southbeach Holiday Apartment,ChIJPXdCpNcbaEgRua8ISOq7mFs
Ballyferriter Self Catering Holiday Homes,0x484fe37ba63ba5a3:0x785e834360351757
SOUTHBOUND Wedding & Party Band,ChIJb8k5cCnKXEgRMD-p6x1L4lI
South by kazumi,ChIJ_-x5Pl4JZ0gREsrRqrZtDHg
South City Psychotherapy,ChIJrUdRZH8NZ0gR-Bwly5e_NRo
South Coast Logistics - Dublin,chijjucfncitz0gr34rgdu7qggy
South Coast Diesels,ChIJO-HjZPV4Z0gRj29IzBn3Xpo
South Coast Motorhome Hire,ChIJWbC5yOr1REgRm2uCEbD4UVY
South Coast Plant Hire Limited,ChIJo3PaFWqZRUgRJB8hh0IMUGA
South Coast Sales,ChIJC_SbiDKOREgREIvfObxXR80
South Coast Spas & Saunas,ChIJa2ATsWCRREgR9rI5s5o2Kh8
South Coast Table Tennis kinsale,ChIJ-Qrj9v5hREgRvEQrzhntmmk
Cream Room Coffee House,ChIJ92d0F19bW0gROVAiZKJ7Fhg
SouthDoc Tralee,ChIJLxIHKUI1RUgRnmL_fN6EhkQ
Dublin Computer Services and Repair,ChIJVzm7td8IZ0gRblwtQJnvRYQ
South Dublin Auction,ChIJNzSvaosNZ0gRTTk0QhbmTzk
South Dublin Autos,ChIJKYnaiD8MZ0gRPpL4-SnznCM
South Dublin Chiropractic Clinic,ChIJXQ5YbEkJZ0gRuLdVJU94Lic
South Dublin Collaborative Lawyers,ChIJgyydTrMHZ0gRM8y7dDIQVNw
South Dublin Counselling & Psychotherapy,ChIJyQCZriEGZ0gRuhxGcSopO9w
Hopkins & Lockhart Motors Limited,ChIJK2H4sFEOZ0gRtTPc2YGv0NI
South Dublin Credit Union (Donnybrook Branch),ChIJZX2k47kOZ0gRWrYnXuurA6o
South Dublin Dental,ChIJj-x84lAIZ0gR_-F8LXPqa7U
South Dublin Electrical Wholesale,ChIJ2VYkcSIMZ0gRV09ZHDQYqtg
South Dublin Electrician,ChIJ5XVtn5cOZ0gRl6uug9jnOuM
South Dublin Floor Sanding,ChIJ6_SJqaYPZ0gREhPAjzQMzFw
Aylesbury Foot Clinc,ChIJxVtc7Zp1Z0gRcq53s07m2EM
Homeopath,ChIJE_OHisQLZ0gR_yuiStrt6Yo
South Dublin City Council,0x4867724d6fbb9e6b:0x1fccb5ff1c6de76b
South Dublin Minibus Hire,ChIJLQZQMI4JZ0gRYZpwYk7FsNU
SOUTH DUBLIN MOTORS,ChIJuwkm3K91Z0gRYEUSdz93G4c
southdublinmusic.ie,ChIJgfvr8RcLZ0gR5y5RhQJdUEk
South Dublin on Ice,ChIJH8e78cl0Z0gRzbaKh7HX-SE
South Dublin Painting,ChIJce9io9wLZ0gRmHLKq-d6iz0
South Dublin Paving and Landscaping Company,ChIJu0BwzKavZ0gR8zRVB-7qT3Q
South Dublin Podiatry - Chiropody and Podiatry Clinic,ChIJJ7lxYt54Z0gRwO397yxcYBE
South Dublin Physical Therapy,ChIJWaKkLH8MZ0gRTYD1qogdkqA
South Dublin Radio Club,ChIJ-YC4AgALZ0gRzOdjsmGr_5Q
South Dublin Roofing,ChIJ26uDYlUPZ0gRxrWH4RCpcFU
South Dublin Strength & Conditioning,ChIJ7RQNrBAMZ0gRihghBlkOBXg
Dublin Guttering services,ChIJ5zT_TJMbZ0gRMhKqDAImdFo
South Dublin Self Storage,ChIJ55y2k20LZ0gR9mwA8KRPZn8
South Dublin Skip Hire,ChIJs5NOaoZ1Z0gRE7b4q3Vsels
South Dublin Therapy,ChIJecfw2nsIZ0gRq43AtcA1Poo
South Dublin Tree Services,ChIJYfYkWrgJZ0gR13JOZRqdXrI
South East Abrasives,ChIJEf9TpVw9Q0gRSWGetbRQzWY
South East Aggregates Ltd,ChIJ1SBJ_fdFXUgRPAubFDJ9it0
South East Animal Rescue Charity Shop.,ChIJR4XU4b0BaEgRLCDeoJtxXJA
South East Business Network,chijw7abynr-z0grz6dme8j00se
South East Career Guidance,ChIJB1zWWoXDQkgRJKefzjMGyC8
South East Car & Van Hire,ChIJHTJXVWTEQkgRWwgpAMkJFAg
south east car sales,ChIJSzEDvnEuQ0gRyXUWc-Oh0Xk
South East Spine and Sports Injuries Clinic,ChIJl8vVKBPDZ0gRwdgfSuoSeQA
South East College,ChIJW_o2RIPvZ0gRabt9YbqGIjM
South East Counselling Services,ChIJ2_2TWFRdXUgRux9ouwUAaSo
Southeast CPC Training & Compliance Centre,ChIJvXHmu1Y3XUgROYJD7nUQ2Po
South East Dairy Stock,ChIJA7A22gHBZ0gRZKv2v2lyxRQ
Southeast Doula Care,ChIJkUwlIpkfaEgRb_TFICi5kx4
Southeast Driveways,ChIJPzxp8jb5Z0gRaIjaiPSiBSI
Michelles Driving School,ChIJU4UWhyfEQkgRFzQ5qZm9HSg
South East Energy Agency,ChIJAyIRZ5swXUgRMJta2pCK2Ic
South East Energy Brokers,ChIJ9b31Si-QtEERwS6_gnrkK4M
South Eastern Chemicals Limited,ChIJD3oxoV_PQkgRjIGdMWY8uZg
Southeast Farm Painters,ChIJiZdnKgRnXUgRQT0AMImVNXk
SOUTH EAST FITNESS,ChIJQf-M5IUbaEgRK3lV0EnRTYM
South East Formwork Limited,ChIJbdO8UXa-QkgRuu91-0fWKdo
SOUTH EAST FREIGHT,ChIJPX-dSvpbXUgRqpHi-snHVPc
South East Ireland Chauffeur Tours,ChIJI70We-Xq3AsRtVKWwHre0ws
Southeast IT,ChIJb021ogJbXUgRdnIb3u7dVas
South East Learning Centre,ChIJWUEXOkMbaEgRA8bs9yuGKTs
South East Makerspace,ChIJEdJvDJ3GQkgRSl2U039KK6Y
South East Natural Slate & Salvage,ChIJUVmSuajnZ0gRx-1STiFxFj0
Southeast Nutrition Clinic,ChIJx6JBsJMvQ0gRRMCAenkLuyM
South East,eaf595a852b2b94d860f44764a7738b6
South East Radio,ChIJm-tOiUMbaEgRhbUMaBP1ZUI
South East Salsa,ChIJjWHgZR_nZ0gRnIRfPim_bu0
South East Seating,ChIJm15oHTQGaEgRMCkQYW2RA0E
South East Simon Community,ChIJsUJxNJ_GQkgR4zSZBZxWdNE
South East Stationery Company Limited,ChIJexJEX-jDZ0gRkNP_YnQA8p8
South East Surveying (S.E.S.),ChIJtYdFxwDEQkgRrcvQr_-GCkI
South East Therapy,ChIJ-1LfZSyvZ0gRSfmIBb523wU
South East Tug Services Ltd.,ChIJIWsq6JjGQkgRD0aVyJ0GJzU
SouthEast Wetsuits,ChIJFUCfivQKaEgR4DVd_5xPEIg
South End Family Resource Centre,ChIJ9erP6mkbaEgRQrJRA9Cylpo
Southern Advertising,ChIJheSsfmNcW0gRjoUjUsUafdo
Southern Regional Assembly,ChIJ_arHa53GQkgRJGhpBjj5qtM
Southern Building Products ltd,ChIJkZzVJL0NZ0gRXiNTAz3DJHw
Southern Ceilings Ltd,ChIJX-fABCnZQkgRgZJg_pink5w
Southern Cement,ChIJEWikJo10Z0gRt47DeNCywRM
Southern Cleaning Equipment Ltd.,ChIJK5GEcFibREgRE2eMR1pmgJ0
Southern County Fishing Resort,ChIJxXrquX9QXUgR4u-HivtKrYA
Southern Driveways,ChIJI0oL6T63QkgRgfGgWoWyRTw
Southern Fencing Services Limited,ChIJOUL5kw6cREgRZUsu3d-7acE
Southern Fire Safety Ltd,ChIJn3MVfrsFaEgR2fyAV96qj6U
Southern Fuel & Farm Supplies,ChIJZYgP-9hiQ0gRW4dFAY-xPxs
Southern Gaels GAA Club,ChIJw60nEwRJXEgRW4QQmYELkpI
Southern Gates,ChIJK1vfOD2QREgRJ3QcUdqTAqc
Southern Green Homes Ltd.,ChIJy2iPiWOQREgRlnFVHeoibFY
Southern Hydraulics,ChIJo_DBLUfEQkgRsuy3qXGDicI
Southern Machinery Ltd,ChIJs58oBfB-Z0gRdnzMpp4BC2A
Southern Milling Limited,ChIJYbRH4QeQREgRdKvZqYIHllQ
Southern Mobility,ChIJQ7TXvi4JZ0gR4kNdImUXNgQ
Southern Motors,0x4844f5947ee40fb7:0x17f4681ca961a123
Southern Performance Styling,ChIJ7aNyXXSbREgR7me-gmI-U5k
Southern Pumps Ltd,ChIJw6sLNICaREgRLsdrUrtgCmc
Southern Racing Motorcycles,ChIJwwnV1tdiQ0gR3udnAC5QtVQ
Southern Renovations,ChIJvbR6bIORREgRe1vxMqeSXjg
Southern Sandblasting & Powdercoating,ChIJi--g5JGeREgR-4kmfh3FRdc
Southern Scientific Services Limited,ChIJ1_TLvDU6RUgR0kLkreZg_NI
Southern Services Oil Boiler Service EST. 1991,chijc-5ynbeqregr4cpgudafovq
Southern Solar Electrical,ChIJiylA9-h7Q0gR0ZsSagZwMAY
Southern Spices,ChIJb9uNYrUJZ0gR4A7OsjNruIY
The Southern Star,ChIJ_WubicClRUgRa3ZA1_5G2Hs
The Southern Star,ChIJx4iWxwOQREgR-XMflRmfs8o
Southern Tree Services Ltd.,ChIJJSX0WrSaREgRVqA2Ia4T02w
Southern Tyres,ChIJu5BBACyQREgRms38P834ixs
Southern Windows and Doors,ChIJi0Shkf27REgRWiiS2i6UBtw
Southgate Associates,ChIJKyEE4Z0OZ0gRbscY5627ZoM
Southgate Barbers,ChIJ18QKMU06Z0gRUqYJuZlP4Gg
Southgate Barbers Beamore road,ChIJsQvtI_g7Z0gRHiEPb7jOEwM
Southgate Dental,ChIJLeAb0rI7Z0gRQBw5HinTGh0
Southgate,ChIJ89g439rkXEgRkxnlrD4fo5I
Southgate Florist,ChIJPYLoNk06Z0gRQANF3zUPw60
South Hill Evangelical Church,ChIJ88TnGd8IZ0gRlRLdgZKg8GM
Southill Hub (SOUTHILL AREA CENTRE),ChIJr6i_EIpbW0gRb_EbECAPpIc
SKDP Killarney,ChIJ27GTGgg8RUgRNur0BAN1X-o
South Kerry Glamping,ChIJN5kvoHf0T0gRZpp7qBdYapQ
South Kildare Beekeeping Association,ChIJbYAgk-1vXUgR7SoiCTT_T1U
Southland Sirens Roller Derby,ChIJZ5jYDvPEQkgRTfKRZDPJigo
South Lee Educate Together National School,ChIJn9OcWM-PREgRgT7t0oQtENQ
South Liberties GAA Club,ChIJpcgBMCRaW0gRr32r-S6VPgw
Southlink N25 Limited,ChIJ5ykX47LFQkgR0Dj0LN8BeM0
Southmall Court,ChIJr4BrkA-QREgRA5O2X1-hpyY
South West Mayo Development Company Ltd.,ChIJd6FNv4xvWUgRM0HX90jNCQg
South Meath Golf Club,ChIJwY6AjdOLXUgREWpsYlfVrwk
South of Ireland Language Centre,ChIJbd2dvN-RREgRV2jdLnLwi08
South Park Plumbing & Heating,ChIJ98UkLGEIZ0gRx_OvfdGpgec
Southpaw,ChIJZX5LBC8PZ0gRlWybrnteP7I
Southpole Engineering,ChIJw-qS_TGdZ0gRRrhy4Fh8rQM
South Pole Inn,ChIJc0EqKdtWRUgR-ncJDUiunP0
Southsafe Training & Consultancy,ChIJMy1gD3sTQ0gR9iN6BJ8cGjE
Southside Personnel,0x486708c6d5f7d417:0xc529e0df3bd6fc39
Southside Angling,ChIJoS56ciIMZ0gR3WcN3zneGdk
Southside Driving School,ChIJrXcLZXIMZ0gR0gQjPr7OOIQ
Southside Gearbox,ChIJ3eqar8d0Z0gR95JaW9ZZ7q0
Southside Gym Sandyford,ChIJoxLnyA0JZ0gRuLQTK27eNN0
Southside Medical Centre,ChIJOfWiSDA6Z0gRt5Zer_T02mY
Southside Movers,ChIJv_3nP5YIZ0gRPbGj4qKwX2U
Southside Osteopaths (formerly MoreHealth Osteopaths Blackrock),ChIJYfBv2cYIZ0gRjfn6uJHPuFk
Southside Partnership DLR Limited,ChIJ58CB3MYIZ0gRh1IS-xX_b3s
Southside Physiotherapy Clinic,ChIJewbh0WEIZ0gR4bI-VcX90sI
Southside Printworks,chija8zp_iyiz0gr7_rrjnjr72e
Southside School Sports,ChIJ7z2fTzUGZ0gR6J81fkwUEug
Southside Skip Hire,chij_fei9ybzz0grh50fz7kvvo8
Southside Storage,ChIJp61RT6QJZ0gRukz3-ckHOPo
Southside Tax Services,ChIJQfFA9ZQLZ0gRd65hN7xkSIs
SOUTHSIDE TRAVELLERS ACTION GROUP,ChIJHT7OpyoJZ0gRbAl0oDZiJ5E
Southside Upholstery,ChIJeyyGZl0LZ0gRv0FW-ND1EAs
Southside Wardrobes,ChIJaUZfGwMHZ0gR1zoNxmt5Oss
South Sligo Holistic Health,ChIJqT1LFvq3XkgRhMTOdIlhYr4
South Tipperary Arts Centre,ChIJTyzBZ-IxQ0gRYKMYmyRKewg
South Tipperary Autism Support Group,ChIJb82t5WMvQ0gR-MtZsVe3_MY
South Tipperary,ChIJo4DAtn_LXEgRciSN5e174Cs
South Tipperary Acupuncture,ChIJ0ZLM08w1Q0gRGwLwqDNFW74
Living Well with Dementia Service,ChIJZ8A1_B4xQ0gRGbJB567aTvg
South Tipperary Storage,ChIJ7R2UtvkxQ0gRGLMRPUQPZ8E
South Tipperary Women in Business,ChIJEfh-fOQxQ0gRyJn_97Epid0
Southview Veterinary Hospital - Small Animals,ChIJU2PAnuUxQ0gRq8W8i2ABB98
southwaycapital,ChIJ22FfN7EMZ0gRnVoI78MVJ1c
Southway Couriers,ChIJAdJZsTcxRUgRtLeHHq1Z2uQ
Southwest Engineering,ChIJv87Q5BL5T0gRd0kuIMp1Bcs
Southwest Counselling Service Limited,ChIJkUgrkgk8RUgRSu57AQcjmqs
Southwest Crushers,ChIJo70EABwrW0gR4gfPGuqR5qY
SouthWestern,ChIJ2z4JGZgOZ0gRHCyAXAsSh88
South West Specialist Training Programme in General Practice Ireland,ChIJyb1cCwHRWkgRCPaNc0ZucwQ
South Westmeath GAA CE Company,chijdtvz8b3axugryf4bo8mwjp0
Southwest Radon Limited,ChIJ1_EergIuRUgR93oUfSXc4yE
Joe Curran Electrical,ChIJQVPbcJ2OT0gR5W0DJWTH2ds
South William Adult Boutique,ChIJhVvtRZwOZ0gRwbbg7woAkdo
South William Clinic,ChIJpXWwR5wOZ0gRxLnJ79vC79M
South Willliam Clinic Clontarf,ChIJW-QYMwsPZ0gRBDH66wwz8QA
South William Studios,ChIJBQ3uR5wOZ0gRUIC1jRn5buk
South Wood Manufacturers Ltd,ChIJSwJCporyREgRycV0NuRljME
Sova Vegan Butcher/Coco Sova,ChIJTVAK9x0MZ0gRcLgKDDF_0I0
Sovereign Sailing - Sailing Courses,ChIJCxAnYPBhREgRUK2euatOMM0
Sovereign Security Limited,ChIJt-pbruHDZ0gRbyOcWAu99Dk
Sovy Trust Solutions Limited,ChIJ1yKVBr8VZ0gRXTAHdYu6jg8
Sowan's,ChIJbb38Ac1tZ0gR8XAix_yjVZY
Soy Bar Asian Street Food & Noodle Box,ChIJD9uuCKfqXUgRp1WwBQA0-Iw
SP SpareParts,ChIJea8I9skPZ0gR0CdSqtkG7XA
Spá Atlantach,ChIJWZH4sM38T0gRkA00Lqcc5Es
Space Connection,ChIJ1UHHXKI1RUgRgw59fEFxlUE
Space Exhibits and Interiors,ChIJdWRx1-ILZ0gR5tORE1EjRG8
Space Creative,ChIJX1r1C2AOZ0gR2rrJlgZwW4k
SpaceCab Ltd,ChIJNYqrJITzREgRFKPgoP_8hr8
Spaceconomist,ChIJRSWTgA4JZ0gRTMjaSFL5V74
spacecraft Artist Studios,ChIJpWCuaQNdW0gRPXcr3RXZXKM
Space Creators,ChIJmd_l7cARZ0gRqtmp8XXt-X8
Space@DublinBIC,ChIJxcrNpZsOZ0gR3uhwB3lbZiY
Space Forms Ltd.,ChIJgchwxVcNZ0gRWD8j1_O1PNE
Spacelab Web Design,ChIJ_ajLVkuXW0gRPYM3kpkSdzM
Space NK Grafton Street,ChIJAbw1iZsOZ0gR75b7tjIxDTs
SpaceOut Garden Rooms,ChIJbe8tC7nBXUgR3j4mOtKlioQ
Space Out Sister | vintage shop Dublin,ChIJTTuurCYMZ0gR7dGwpbItS_I
Space Plus Ltd,ChIJe1A7KhsJZ0gRWmDJy_s1vUY
Creative Space Services Ltd,ChIJ5Tuj_ZUOZ0gRuZZqp5POEZg
Spaceship,ChIJ09RsbdBfW0gRVAwoNiAafFs
Spaces - Dublin,0x48670f0b3cd9fc2b:0x6a5c3822f2cedfdf
Space Therapy Clinic,ChIJ4xz_N17mZ0gREVc3IsIPlCU
Space to Grow Studio,ChIJhXkMx7bnXkgRwlsv-xAWxbU
Car Wash Galway - SPACI AUTO WASH,ChIJwd7P_ruWW0gR3Tm_AOvOAL8
SPACIOUS Architects,ChIJ8deA3CQGZ0gRRmXCm734RnA
Spa Cottage Organic skincare,ChIJbeBel42FXkgREuPsDxW1_Ms
SPADE Enterprise Centre,ChIJqyx0eC4MZ0gRaHPxJimvmI0
Spa GAA Club,ChIJQ7Gj-wU7RUgRTtwZIGVXQnc
Spa Garage - Tralee,ChIJoY1DAEJLRUgR3n7bSuR0D4k
An Spailpín Fánach,ChIJOScI__-6W0gRBTGlGCsx_3Q
SpainU Irlanda,ChIJIQQAwgkPZ0gRYG9ulDKAORI
Spa National School,ChIJeZzLs4RKRUgRnl6kLVVjGgI
سرمایه‌گذاری اسپندارمد,ChIJyy0TxsarXUgRrSWUuKKx2uc
Spanish Armada Interpretive Centre,ChIJwYyE3VPnXkgR76zPCmb7uzY
Spanish Au Pair Ltd,ChIJ2V3xty-RW0gRKYvlY2GBdMk
Juan Jose Manzano,ChIJvaBrTgwMZ0gRRQiUd3Og2mc
The Spanish Institute,ChIJ2xiYVPqWW0gRgLE__BWQB3o
Spanish Intensive,ChIJNYvcdg0PZ0gRaKoMJ2sLKWc
Spanish Legal Services,ChIJAaUB-fcLZ0gRKJl2stzRm5c
Spanish Point Technologies Ltd,ChIJ2X-ao5IOZ0gRyW684-SvA70
Spanish Point Golf Club,ChIJwzkqxkodW0gRKZiGyXETObE
Spanish Point House,chijsaxv0a0cw0gr-yckeczmm0e
Spanish School Online,ChIJFWQ_bAGpZ0gRwwbrIgIDA4o
Spanish Studies Centre Cork,ChIJm-d4bQ6QREgR7Q74064NHfc
Spanners Cafe,ChIJ8brNnX5JXEgRFZTESA8DbI0
Spanners,ChIJk-JDpqAMZ0gRfKQJYPV0XJY
SPAR,ChIJx0pfIJ0OZ0gR758AjwNTuEA
Sports Physiotherapy & Athletic Rehab Clinic (SPARC Sandyford),ChIJq9CEl2cJZ0gRvqiV6RZqk1k
STEPHEN PARKER Architects,ChIJIRI7OyUGZ0gRG9jubDSTmU4
Sparc Solutions,ChIJ2xpQTkWlXUgRUD_lyDuf24I
Spar,ChIJlyE-tASQREgRGFY_v7qmX4E
Spa Relax Today,ChIJYdBHtVYPZ0gRH-FJyTfNGXo
Spareparts-shop.ie,ChIJo38GDj8JZ0gRmyD7Oy0DJyU
Spark Digital & Analytics,ChIJsYAfRCHovkQRcs_9WsgVGxk
Sparkasse Bank Malta plc,0x48670ff189df5335:0x59309653f29c2e76
Spark,ChIJBxyCQNINZ0gReH85WlzNLEA
Spark CrowdFunding,ChIJXcOsSJwOZ0gRbOJqy5I_ueg
Sparkdigital,ChIJEbAYWPQLZ0gRfjtuc_doAsk
Spark Energy,ChIJpyV1r1UTZ0gR7rHXAjSub4E
Spark - The Events Agency,ChIJYWNh7N5vZ0gRDlX8mZYSSFw
Sparkfit,ChIJC8Ytq49xZ0gRPqf-o9T2O1E
Spark Foundry Ireland,ChIJAxidf5IOZ0gRMxuu8Jmuy7E
Sparking Speech,ChIJczwTZbQHZ0gRIHGXOcqKmns
Sparkle Art Dental Lab,ChIJIc61wVMPZ0gRGbcFiy0hSKs
Sparkle Beauty Salon,ChIJiQUqoVAOZ0gRgDx_HM6b6Vo
SparkleCleanz,ChIJKUUGBEMZZ0gRNmF3vw9OXRI
Sparkle Costume & Show Hire,ChIJA1iXpysQZ0gR5lq-exarZA4
Sparkle Lash,ChIJ6-4wIcKdREgRQZe2CAD9mvE
Sparkle Media,ChIJMfmh-JkEZ0gRpK2PFTEJVhA
Sparkle Squad,ChIJ6Z9aYfN1Z0gRqS7CAQSZYcw
Sparkling Windows,ChIJw1Ngk3BgQKcR6IVgsqYLoLM
Spark Market Research,ChIJZ8AY71YNZ0gRO4PxxSzMd0c
Sparks Lab Supplies Ltd.,ChIJO6cyYpsOZ0gRjqaECCjJDAU
Sparks Bistro,ChIJ2U_zwC4MZ0gRI67pTGLdiJc
Sparks Electrical,ChIJqfNoRQALZ0gRaJobATznYD4
SparksWealth,ChIJdwXtctgPZ0gRRWF0lyKfFP4
Sparktel Recruitment Ltd,ChIJKdOX-F15Z0gRhyjcJAOcVCw
Sparró Garden Furniture,ChIJo0-JariJZ0gRx0ra8eEHid8
Sparrow Insurances Limited,ChIJbfoPGEWRXEgRvTttu0Jkp4o
Sparrow Therapy and Wellness,ChIJpyZ98p4wXUgRrSlnw2OyKPI
Spartan Boxing Fitness - Spencer Dock,ChIJ8SOIMIkOZ0gRWPNgO3zue8A
Kilkenny Spartans Volleyball Club,ChIJd-43ZnwxXUgR0EQ7YvnvHEw
Spartan Financial Solutions Limited,ChIJv0cx-ywTW0gRK8sCGHh-pyo
Spa Solutions Ireland,ChIJO8mKSTs7Z0gRXdRdZCSm4Wk
Spatched,ChIJu2d_fbsNZ0gRnhRb3UIVqL0
SP AutoTech,ChIJKycmanKFREgRSbV18GHq9JU
Spa View Veterinary Clinic,ChIJj2ao3sfEXEgRFmHyqdUWKgI
The Spaw Stay ‘n’ Play & Wash ‘n’ Go,ChIJG9lle8qFREgRHPtVl4qS400
Spawell Golf Academy,ChIJ40nX7OYLZ0gR73sWUiSR1n8
Top Oil & Spar Spawell Service Station,ChIJr8ATh2wLZ0gRdXYw2IWaUv4
Kate's nails,ChIJH0uNB9rTXUgR-210MRgS2-g
St. Patrick's Cathedral Grammar School,ChIJhwYhMSEMZ0gRpW3MaWasXpw
Simpsons property care,chijcye4qswtz0grf-hxlprx-84
SPC Ltd,ChIJc-FC8eXFREgRHonqlBvfeCs
SP construction,chijq_jqudunz0grqlvxnuj74bo
SPCS UK & Ireland Limited,ChIJiYQBwbwNZ0gRFEIDvrBt6X4
Smart Polished Concrete Systems,ChIJQxFXs4mFREgRlzRogMdrzq0
Silk Plaster Decor Ireland,ChIJnR8hdfQNZ0gRiZkIM1k4CkM
Shannon Precision Engineering Ltd,ChIJRTedQCRAW0gRtpQQJyRQtAw
Speakada Lingo,ChIJa1MsezUMZ0gRemPhZgkXYEA
SpeakEasy Speech and Language Therapy,ChIJ48iAO2gLZ0gR7LOSit-s40Q
Speaking & Presentation Skills,ChIJowg3CfJ4Z0gRiF7h5wISKs0
Speak Up Sing Out Music Centre,ChIJgQvmrhhlZ0gRAUuUj54hpHg
Speak Your Mind Media,ChIJJbny99cHZ0gR8-ZQRQbo4W4
Spear Product Design,ChIJf4ZwF4sSZ0gR5uANrAjMbos
Spear Design,ChIJL3aaVh04WUgR1b-wvLR1HbE
Spearline,ChIJKaAaUZWlRUgRXWqsSIgD-DU
Advertising Agency Speciaali,ChIJU2bDU2kPZ0gRfEYMicgLvKM
Specialized Travel Services,ChIJ66_0DVgTZ0gRjYm11ZKY4FU
Special Branch Tree Services,ChIJ_4nig0xrW0gREjDKMo7xlDs
Special Days Wedding Stationery,ChIJJSuBUZkcaEgRm03s4IBtcmM
Special Effects Ireland - Gerry Johnston,ChIJA-6VmtanZ0gRzS0_T978vBM
Personalised gifts Outside the Box Crafts by Lara,ChIJJ2n_ddGlXUgRSB4r3OL5zkg
Specialised Coaching,ChIJ___bt8YOZ0gR-wm0ixhSskU
Dublin Dental Specialist Clinic,ChIJmwu2HEgMZ0gRPFF2LEccjkI
Specialist AV Ltd,ChIJlfIK5OoOZ0gRtNxazqLTGiw
Specialist Cars Ireland,ChIJtb36geQMZ0gRQS7vxIdHoXE
SCS Specialist Cleaning Services,ChIJk-EyidYNZ0gRIsyotDstVxw
Specialist Diecutters Limited,ChIJRewshXxpZ0gR8YezcjODbG0
Specialisterne Ireland,ChIJbTtK0fvHQkgRKiLowd6nD18
Specialist Medical Care - Dundalk,ChIJGxfuVaDOYEgR3ePUMhNomUw
Specialist Nutrition,ChIJ30NFlhLGQkgRX1RJUdoy1eo
Specialist Pain Relief,ChIJcc6gy--FREgRF7Xzq6vX1D8
Specialist security services,ChIJzb89b9Z1Z0gR7EC5M8H5-xg
Specialist Tooling Supplies,ChIJ94wHkUZzZ0gRZ4Sz2kVf8VY
Speciality Print,ChIJHz3j1aMMZ0gR6q8bUOu8daA
Specialized Ireland,ChIJcda_HoR0Z0gRDR_qnZDuFVs
Special Kids Medical Clinic,ChIJdUT-hzqdREgRe7zyoQ1BW9g
SpecialOccasions.ie,ChIJlzGqb8oOZ0gRyT3nomUZ0VM
Special Olympics Ireland,ChIJSRTxkkoMZ0gRDdvflJ_qWI0
Special Ops Outdoor Adventures,ChIJZ1Y7GpCkZ0gRouu1dmWltYE
Special Steels LTD SSL,ChIJxcjFFK8MZ0gRG5uctsxeInI
Special Touch Interiors,ChIJd8fINY8IZ0gR-Ne8Z7krHrg
Specialty Golf Trips,ChIJo61YeOIxQ0gRX6Pf-HkxV2I
Specific,ChIJ24_j4DgZZ0gRmXgbg_i5A-A
Speco Environmental & Safety Services Ltd.,ChIJme5efyyRW0gRAehVJ70b0Sk
Specs For Less Opticians,ChIJOU6gPAwSZ0gReA59BtSidyQ
Spectac International,ChIJFTMyyCDMYEgRhbs_c8f574Y
Spectacular Opticians,ChIJ4Rnlixt5XEgRhnIvJY4H-O4
Specter Technics,ChIJG4I1LB7DW0gRFI9ehJbumug
Specto,ChIJ5_BxAKBfQ0gRXuEd2OfQhzI
Spector Information Security,ChIJRQJm370OZ0gR-vZkJm2vnFY
Spectra7 Microsystems Inc,ChIJy3QTaKWPREgRLWc77qL1RZg
Spectrum - Delivering for Your Brand,ChIJFYytVYR0Z0gR1bZnJhHDDKc
Spectrum.Life,ChIJZf76zpAOZ0gR1Nxpm2J3Gao
Spectrum Productions,ChIJW0BQmBh1Z0gR2f9OoM3P7mg
Spectrum AV,ChIJF2NSdOqPREgRjKDw2ZrUxww
Spectrum Aviation Personnel,ChIJixXJVIR0Z0gR_rJgYgkpsjI
Spectrum Counselling and Supervision,ChIJVZ0HLzYTW0gRFXA9jWvptWY
Spectrum Digital Services,ChIJfyLRroYSZ0gR9vlOwCHOfZ0
Spectrum Distribution Ltd,ChIJCX2OUTlzZ0gRakDpfxYqTCc
Spectrum Ergonomics,ChIJhQbjZ7kPZ0gRxhYPFcTvdpI
Spectrum Fibreglass,ChIJZf2nf-KPXUgR7C7rRMSujMY
Spectrum Foot Clinics - Chiropody & Podiatry Newbridge,ChIJm3YsFOR_XUgRJZa-OuGk_QI
Spectrum Health Sandyford,ChIJV1hMhQsJZ0gRfo51RWANOuA
Spectrum Engineering,ChIJRdeP_U4FZ0gRz0ABSRGBhw4
Spectrum Nutrition - IFSC,chijd2puvowoz0grekkpgbsqzhs
Spectrum Plastics Group,0x485daf7f325ec717:0x2fb906ec26a4b255
Spectrumprint.ie,ChIJeVf17kF0Z0gRsCUg6TKVDBM
Spectrum Property Services,ChIJXTiNTHttZ0gRAdi2DqYDzUs
Spectrum Signs & Printing,ChIJM-gNnv9IXEgRU8_wytevntU
Spectrum Speech - Drumcondra,ChIJ-cW9eGUOZ0gRFGmp2_pbdwQ
Spectrum Stitch & Print,ChIJh8b6lNFJXEgREoS9_Vk_Lz4
Spectrum Telecom Installations Ltd,ChIJl1yv6MZ_Z0gRe7vhTPwlZgM
Elocution,0x485c4968b286eb31:0xc0038aad712d030c
The Speech and Language Academy (Grainne de Paor),ChIJeUazLnjHQkgRI-AvyeSmy_s
The Speech and Language Centre Ltd.,ChIJ0_fmcUIuXEgRlJ9X0uv1idg
Speech & Language Therapy Services,ChIJ31FPkvOeXEgRUiQGUAcUMNg
Speech & Language Therapy Clinic,ChIJqez0sxpcW0gRAF8j8wSCMNo
SpeechCue Ireland,ChIJ468V9J4wXUgRBscxhq2MUBs
Dublin School of Drama and Communications,ChIJ3Sg3HNQLZ0gR2JVfb6wa174
Private,ChIJS42l-PwtXEgR4WAWGXdAn0s
SpeechMatters,ChIJb_J6kAMMZ0gRbDXgRgabMnU
SpeechPath,ChIJkSlCB5YOZ0gReb6AMlrn6oA
Speech Therapy Clinic www.speechtherapydublin.ie,ChIJR2CRRpsaZ0gRb0wzSAmQs1I
Speedart.ie,ChIJlTWQaXB3Z0gR2XZ4ljGS5LI
Speedex Same Day,ChIJxbXp3y2OREgRxLLbkRDPxxQ
Speed Fibre Group,ChIJo_h4eIFrswgRefo1vHEjeS0
Speed Garage,ChIJf5OzBwc6XUgRWVw4u8vPc14
Speediwash,ChIJKaesuWJcW0gRb1goW3Dwejg
Speedlink International,ChIJGfj_9nATZ0gRpS6tbY1sacc
Speedpack Kurier,ChIJR7vAJK8MZ0gRxWk0IBAd3xw
Speedpak Contract Packing,ChIJ1RgOoSkQZ0gR6QMvYxqwA34
Speedpak Group Social Enterprise,ChIJI6cnCikQZ0gRmbJ2DweYy3U
Speed Queen Clearwater,ChIJc6CWN3kNZ0gRzq6zEYtFETM
Speed Screed Liquid Floor Screed,ChIJ0W95DmOtYEgR-izuQLLxejw
Speedtech.ie,ChIJ4wprigo6XUgRFFXQHZNXM7w
Speedy Freight Dublin & Ireland,ChIJU-F4jh0PZ0gRWYySpy1wxc4
Speedy locksmiths,ChIJG4Y6EzbDQkgRwGAi1B6gGbM
Speedyparts Direct Ltd,ChIJrRPHHwzAXUgRKsKFlOwecUs
Speedy Cleaning Services,ChIJxyporKEPZ0gR3XltJp_TgIs
Speedy Services,ChIJ2Uk58u4NZ0gRVBibCqz7QvQ
Mondo,ChIJA3trkQUTW0gR_CK0mAluA-U
Speer J.P. Locksmith,ChIJMareF82UX0gRTR7HxAtxzP8
Speire,ChIJxzuz33KRREgRcbC-5Jb2ndM
Spellbound Bridal Couture,ChIJR95KFhQJZ0gRjVdjBNNX9es
Spellcraft Copywriting,ChIJ1yXuzAgNZ0gRnpbw1QFerQY
E.Spellman Associates Ltd,ChIJ38O-7Bt5XEgRkOiMmhS6Ymw
Spellmans Timber,ChIJO6nzxgg8RUgRUmo5VzCCmlw
Spelman Callaghan Solicitors Finglas,ChIJOSmwzEVzZ0gR8YXXzllwxjc
Speltbakers,ChIJc0uo5MlJXUgRklHztztPeYA
Spencer Auctioneers,ChIJa_4RR8PGW0gRJf6RGRqqFZc
Spencer & Donovan Solicitors,ChIJLY1qN-2eXEgRXHwwvoFjOkA
Spencer Lennox,ChIJo0Tei4uUQ2ERX5XfW_hKEz8
Spencer Stuart International Ireland Ltd.,ChIJ70IukZIOZ0gRyvJcQxz9--o
Spendlove Cafe,ChIJ_b3XsiyvZ0gR-PjH3k7__sQ
Spentide Ltd,ChIJoQM-159jQ0gRVCGxznPB09Y
Spera Brand Management,ChIJFy_OF-wMZ0gRQuiT0WLItRs
Sperrin Galvanisers (IRL) Ltd,ChIJ61_bnUtjXEgRgA0YHvxqqkE
SPF Security Ltd,ChIJs4REXwQNXUgRosntIQda4pY
SP Gifts,ChIJERXpGuMjZ0gRwmO-JjH7kEc
Shanowen Plant Hire Limited (Demolition),ChIJY-ASvlISZ0gRAeXwMV2zljw
Spheattransfer,ChIJgeLqBpHHQkgRA1ePLgDYCxI
Sphere 17 Regional Youth Service,ChIJt9LiTuAPZ0gRhrCFNj-GXMA
Sphere Health and Fitness Centre,ChIJ-Why8T5wZ0gRYkVAC825zZg
S.P Hickey & Company Chartered Accountants,ChIJT6yR1JcOZ0gRPrMXHksp3W0
Stephen Sheridan wedding and portrait photographer,ChIJHWApldcLZ0gRJ2vAoZuMY3U
Sphynx Tattoo & Piercing,ChIJt90MACoMZ0gRyvY0ZcYXP_0
Spice Hut,ChIJy9o5vIvBX0gR0uzeOvxkAAM
Spice Inn,ChIJwzmb0xaQREgRK7dBOIdTmms
Spice and Kebab,ChIJoc0TXFAYXkgR4Fbdeh6hytk
Spice & Rice-Dublin,ChIJH9O2KCIMZ0gRmiWxlHYTQZs
SPICE AND RICE EXPRESS,ChIJBxEF-EEPZ0gRZEBBUT5j0U8
Spice Aroma,ChIJoezBKmkHZ0gRG2aQ2Tt3HEo
SpiceBazaar,ChIJf6OnBh3BXUgRQ--YVTy2F0g
Spice Cottage Indian Takeaway,ChIJL5I3MIAIZ0gRZDy34438h9k
Spice Cove Indian Takeaway Dublin,ChIJk_Lz4oAMZ0gRVNAeyfYGckI
Spiced Barna Asian Fusion,ChIJ7XHvDAy9W0gRSmdM105vSzY
Spiced Salthill Indian Restaurant,ChIJZ7SZUvmXW0gR_OsG0SpqfwY
Natural Soap Spiced Sensations,ChIJQ6AvgesNZ0gRo0QfpH8nlFo
Spice Guru,ChIJgdqtpTpAW0gRHeY50eHiwpA
Spice house Kitchen,ChIJFwn_XRilRUgR4_eEM5BQc0g
Spice House Indian Kitchen Santry,ChIJRdVewtMPZ0gRsUJMTEVRHCQ
Spice House,ChIJ83txjy5zZ0gRdO9Kx7SnUrk
Spice Indian Cuisine,ChIJwSgcf9mFREgREupmK390ZPY
Spice of India Bishopstown,ChIJf9SWBSmOREgRb2Qw5UerYFY
Spice of India,ChIJSx3WipwOZ0gRYe6PRsvgx6w
Spice of India,ChIJj7zImmZcW0gR2mEBooId1Ag
Spice O' Life Limited,ChIJm1_zjLEBRUgRBHtAj5xEumg
Spice Indian Restaurant,ChIJtUEZ5EQbaEgRA7cc1n-lBS0
Spice Retail Home & Garden,ChIJnfLFQcfnZ0gR-E9PBQ8uqdQ
Spice Temple,ChIJ9W45VkUTW0gRfafWA1C5rFA
Spice Village Indian Restaurant,ChIJA0L_jh6dZ0gRcdKRg3RXJE0
Spice Village Rialto,ChIJMRsH61INZ0gRLRMhj7iN3CA
Spice Village Indian Restaurant | Terenure | Dublin,ChIJgW6GkrALZ0gRXqyUK0Bgk5w
Spice Ville Cork,ChIJSzXZvCKFREgRBnTGZLbb02o
Spicy Bite Open Buffet - Pakistani Indian style (inside the mall),ChIJ27q5cZ0PZ0gRcO4lXyti2yM
Spicy bites Monaghan,ChIJr1xlwUOfYEgRJjSfGD8naZU
Spicy Dog Media,ChIJN7iZUHA9XEgR5jd1Y8GoLMM
Spicy Food Guru,ChIJb53tD7brX0gRjsC4Wx9tBCU
Co La La Asian Restaurant,ChIJ_xH3eGy7W0gRBfW0GsMd8gc
Ard Eoinin Spiddal Bed and Breakfast,ChIJ_Z-P51a6W0gRPzFuXM4DmWI
Spiddal Craft Village & Café,ChIJVVlsBKq7W0gRuuXOexOClY8
Spiddal Medical Centre,ChIJg1eI_1a6W0gRWjUBgWE9z_8
Spiddal Caravan & Camping Park,ChIJWYR5V6a7W0gRd3VLv0NPKzU
Spider AF by Spider Labs,ChIJ51Gp2a2RREgR6FLOww-asjs
SpiderNet Designs,ChIJ6fnY3OHPYEgRX8k-PGn0Fy4
Spider Web Design Agency,ChIJsSPMCVcHZ0gRXBN5Ip-xygs
SPI Fitness - Personal Training,ChIJKzE3uLkPZ0gRcufND_EGHvE
Spike Academy,ChIJbV8_zGl8Q0gRTGiLei1ZZDg
Spike Island Tours Cobh,ChIJs9X5O6SDREgR3pTOkx6LHQ8
Spike's Musical Instrument Repair Service,ChIJcR07LjnpW0gRjYSxyYnw0QQ
Student Programmes Ireland Ltd,ChIJ8drXvRKzREgRX4wsiiIq7tw
Spillane Tree Care,ChIJ7bnLGUA7Z0gR2QbL8VHQceU
Spillane Brothers International Transport,ChIJZTt8hK2cREgR6GPM2QAjySA
Spillane's Bar & Restaurant,ChIJqfMC_3o1RUgRePKQizoLnxI
Spillane Seafoods Limited,ChIJD2gmwTo5RUgRzfDLqlKyieo
Spillrite Industrial Ireland,ChIJh2KpDagNZ0gR1xSk6_RtBr8
Spilltech Environmental,ChIJ__HAJB2fYEgRqWELl3_M2F8
Spin 1038,ChIJ_elGz50OZ0gREwS7Yf_6BVQ
Spin 11-Custom Cycling Clothing,ChIJ66YoBI0SZ0gRaBtcp-PCP-Q
spinabac,ChIJGWy1POILZ0gRbUI2jWkgeKU
Mid West Spina Bifida and Hydrocephalus Association,ChIJtUHVTb0OZ0gRUKuryh4kQx8
Spinal Injuries Ireland,ChIJtRO51IkIZ0gRP3fBWATgzEE
Spindizzy Records,ChIJQ3EFMjoMZ0gRwaY7_cRQGa8
The Spin Doctor,ChIJd8hCB56bYEgRHFjerLKzUdI
Spin Doctor Cycles,ChIJbyBSANkrW0gRyt1Y1B2sNc0
The Pilates Room Now Spine Excellence,chiji8lnonrfw0grqemy3req2io
Spine Life Centre & Hyperbaric Oxygen Therapy,0x485fed435b8e52cb:0xa81ee6f1ada085a8
SPINEWISE.IE,ChIJJWsDxSJyZ0gRjR1Quwu7fWE
Spin Mop,ChIJLyNdV8YPZ0gRZTEJGIzexSQ
Spinners on castle st,ChIJ0-kJG4b3XEgRSbSX3Erchhs
Spinners Bar,ChIJyYAiN5DFQkgRI2SAzcn6RJU
Spinning Wheel Blooms - Cut flower & wellbeing farm,ChIJ3eWlkvCdXUgRSV1JORco8DI
SPIN South West,ChIJiaFNGnRbW0gRh8RuvjcscnQ
Spinzone,ChIJq2qkhpEMZ0gR45ud5WPOOAo
Spiral-cube,ChIJyc2SrEddXUgRwD1NSBdkZKk
Maxer Host,ChIJ9YWBJs90Z0gRYSzXsFjNozs
Spiralli Business Solutions Ltd. (By Appointment Only),ChIJqRP07i-QREgR0V_lYHzQAWc
Wild Rose Holistics,ChIJpaC12iaXW0gRmz3WZodKE2M
Spirasi - National Centre for Survivors of Torture,ChIJTf7MoOGZXUgRcHTG3b-cJ4o
Spireco Stairs and Balustrades Ltd.,ChIJub6oyDcFZ0gRcyHxj9HSREM
Spire Counselling,ChIJv2_fCwv4XUgRqNcWnRvnpTY
Spire Marketing Corporation,ChIJfc0t7B3AXUgR3mFTwwk0LdU
Spire Printing & Signs,ChIJIbnFU8YPZ0gRG13kSl-yJ6s
Spirevision,ChIJf09AO4QOZ0gREClvujyOZzk
Spiritan Provincialate,ChIJreXFxhgJZ0gRzoEaUuDcMBA
Spirit & Style Interiors Ltd,ChIJJyNUBuZ7Z0gRHarTstAsuJ0
Spiritan Education Trust,ChIJAxxAJIcLZ0gRR11Tl27grO0
Miss.Spirit,ChIJHyuW81DTXUgRqsfxF6Sshbc
Spirit Connections,ChIJebJ7bOH9XUgRwaXgF9xrsIE
Spirit Essence,ChIJI96-R7u9QkgRNKhcxDcxPeg
Spirit Financial,ChIJYYA2lgYJZ0gROtWKAkNaZUM
Spirit Foster,ChIJ1cmdhwsJZ0gRHwRZmZavwZU
Spirit Health & Beauty-Leisure & Day Spa,chijkwtz-yfeqkgrnhtgn4ilqfw
Spirit Jewellery,ChIJb06wT5oOZ0gR6qkEskSpkLg
Spirit Lines,ChIJsabmUfldW0gRRmRyRRTskLY
Spirit Memorials,ChIJ26KJlmtcW0gR5TyFB9XARU4
Spirit Ford FordStore,ChIJmfXORwwJZ0gRGMFTdgUfFjc
Spirit Nagual Photography.,ChIJb_OigObFXEgRZE1-3h0-M4s
Spirit Premium,ChIJQSKemA4JZ0gROTbxKBd88rg
The Spirit Store,ChIJu7KsI5nOYEgRzxIlttHohAI
Martin Ott- Spiritual Healer and Naturopath,ChIJK3MvP9OaREgR5yinWpzaS9k
Twerk Fit Classes,ChIJSbNZvuEPZ0gR9etneuYaVmU
Spiritual Ceremonies - Wedding Celebrant Ireland and Registered Solemnisers Dublin,ChIJ1efAwZtzZ0gReks_NBQ-gek
Lavender Hill Spiritual Connections,ChIJ1eSQ319zZ0gRRQk4GxQ0p_8
Spiritual Earth,ChIJS6H7MqYdaEgRo_jlCmJ7XUw
Spiritual Guidance,ChIJh8DZpaMNZ0gRBA_EQlXVWf0
Elaine O'Mullane Spiritual Horticulturalist,ChIJdb7B95UIsQ4RlSrKqlDDLiw
Miriam Fitzgerald,c4440dd99173feaa7b5d14dffc4c7841
SpIRE - Spirituality Institute,ChIJgWl1LggPZ0gR9MiEWBSbwxY
Spiritual Tarot By Trish,ChIJqWCETOoVZ0gRiOfBvcSe78U
Spiritual Healing Massage Therapy,ChIJNa2XS9p3XUgRLO-WwVPR83I
Spiritual Wellness Christine,ChIJ4ZP9EnoHZ0gRTMNm4enhjwU
Spirit Volvo,ChIJhXR3kw4JZ0gR3_cgWbIhIss
Spir Sauna Sandyford,ChIJTzo9mCAJZ0gRBnlplFufOvs
Spitalfields,ChIJSUPbEzENZ0gRfVMr9jmriT4
Spit Roast BBQ,ChIJw8av8w-SREgRRaEFBXEfVoc
Spitting Pig Ireland,ChIJdUpXNNCdZ0gRM1TXJZ3He_0
The Spitting Pig,ChIJw8av8w-SREgRnS12NhSeXCE
Splash,ChIJvSPtec8wRUgRw4yAfoqqQSM
Splashing To Swimming,ChIJZdORbEQjZ0gRx6Mfzu9AovY
Splash N Dash Adventure Race,ChIJf91afH2dZ0gRdhJ2p-R6ZHg
Sligo Swin School,ChIJkWsD1MTdXkgREe748DxxhMs
Splashtastic,ChIJn85xXSEQZ0gRPESKDfK0h4g
Splash Valley Aqua Park,ChIJ-9OAWy-_Z0gRbIUyz3LiUYE
Target Fitness Tramore,ChIJmUTWC4rCQkgRu9vd3KCPAuA
Splash Zone Bray,ChIJJyLGWCOpZ0gRbAJ_KoIKl7M
Splat Paintball,ChIJVVVVVSS8W0gR9P0pck_dmcw
SPL AUTOMOTIVE LTD,ChIJbRX9eaU9XEgR1qgj0q1jj_o
Splink House.,ChIJQdO9se-WW0gRVfoRTIrb7JM
Spilt Milk Ice Cream Dublin,ChIJPSlZ_c8PZ0gRx0TWZdOe8iU
Smith Property Management,ChIJ1dXE0bNtZ0gRU7mflkS6-_0
SPM Consulting,ChIJ4ypCNDUjZ0gRvJbQNK7X6wA
SPM Furniture,chijt44ecf8jz0grjtqwbryxxhc
Sean P Matthews Insurances,ChIJmVVdTiI6Z0gRqlT0OdjC6IQ
Africa Magazine,ChIJ5V17H36MZ0gR85iGbrtWI2E
Scoil Phádraig Naofa,ChIJIY8Nb_pvXUgREk0KGN5-wVM
Scoil Phádraig Naofa,ChIJ4eV6Kib0REgRvDJ3FOXnewg
Continental Pastries,ChIJA4qDUVI6RUgRoP9ZFGWsU8w
Spokes Bicycles,ChIJ5eV2M5zGQkgRNhPJL4amLxU
Spondool Limited,ChIJSb3ZiNgIZ0gRslduK2-vtZk
SpongeBin Mobile Bin Wash,ChIJOWxOBobJYEgRb-F2iKDZaRg
Spoon and the Stars Hostel,ChIJU58fVSQ6Z0gRSDS_G9Dlt94
Spooners Cleaning Services,ChIJ87QXzcXkXEgRiaN-ZHzi2fs
Spoonful Botanical,ChIJTe7gwsA3Z0gRLFcG0CHlY54
UCC Department of Sport & Physical Activity,ChIJOQXv_i-QREgRAy3uzY7dYU4
SPORT AND REMEDIAL MASSAGE,ChIJ3frAGcQaZ0gRQA-cauRxAQE
SportCaller,ChIJlaB3IZUOZ0gR3XVJyyyxq-Q
Sportchip,ChIJkebuvYwSZ0gRnnwU3owdnC0
Sport Endorse,ChIJ-5uiBp8JZ0gR26QXPjHc5vo
Pallas Stud,ChIJhUvhC8ubXEgRL9-HLpD3uJE
Sport House,ChIJ10DO60DEQkgR5Zp6jz7Fi2k
Sporting iD,ChIJlcuvfIthREgR_MgtNMX63-o
Sporting Ennistymon F.C,ChIJk9HxMpEHW0gRqZGI_-0sgps
The Hurling Store,ChIJE6t3KkMzXUgRhdGRtOluaqQ
Sporting Greystones FC,ChIJ08Ii2EmvZ0gREGfKtiMpQuM
Sporting Press,ChIJ6_aX1houQ0gRxMC3VMJvhSg
Sporting Tours Ireland,ChIJ6TDpxuRhREgRWN44dGnF8pc
Sport Ireland,ChIJL9_peVYNZ0gRYeYvMJATDKU
Sport Ireland: National Aquatic Centre,ChIJ6YLP36ASZ0gRFF7KEmtbtgc
SportLoMo | Sports Manager,ChIJJ7pt6AldWUgRCuict0-MicM
Sport Media Agency,ChIJwVD2bXwNZ0gRH9YcmzafRWA
Sports Rehab & Performance,ChIJs7UXvcx5Z0gR5eFfNH26UEA
Kevin Ferguson Sports Therapy,ChIJ9afT_25zZ0gRU3_0LF3PGBo
Sports Academy,ChIJJQBu60qTW0gRblCMEqSueDA
Sports and Fans Pics,ChIJx72GGSUMZ0gRuEM8PcrMnJE
The Tree House Café,ChIJs1GUZdwbZ0gReA70xbx2ipI
Sports + Spinal Physiotherapy Clonmel,ChIJPX5mNHMuQ0gRkm8T0g2wLUQ
The Sports Bottles Guy,ChIJ5RP8cVCEyW8R3NjPPdFj_fc
LB Sports Video's & Game Analysis,ChIJx-TWrT2RREgRJCyzN5Dd0Is
Sports Care Medical Ltd,ChIJnVurZq7ZXUgRXtcLtunkP1M
McDermott's Sports Centre,ChIJjbI5u0OfYEgR7Oy8MQxpUgM
Sports Clinic West,ChIJa1DUG6ddWUgRgH5Sccm5GS4
SPORTSCO,ChIJKeq1n-kOZ0gReUYOQcxXs-s
Sports Coaching,ChIJY0E517DnZ0gRkpdwtDU51t4
SPORTSDEN - Navan,ChIJ46OhaExbZ0gRpQv2nI3csKY
Sports Direct,ChIJI1evmMM5Z0gRZJsfFUYWsdw
Salerno Sports Dome,ChIJs4OgsFSWW0gRnaAulRezneo
Sports Equipment Ireland,ChIJ5-dGPSFoXUgRLgdZ8wSBDvU
Sportsfile,ChIJ1b8zCh8MZ0gRkqB2oZ9WQT0
Sports Fitness Academy,ChIJA4yf9EG5X0gRCTW6Otut1hI
Sports Foods Ireland,ChIJ7VYjhpESZ0gRZk43UPBDufc
Sports Gear Direct Cork | Adrian Ryan,ChIJqdXGv8yPREgRE4tKoTCnMIs
Sports Hall Solutions,ChIJk4ENzVg7Z0gRJhDNZhx7Bu4
Ballinamuddagh Stud Farm,ChIJm15oHTQGaEgRopL_hJqTUJs
Sports injury and acupuncture clinic,ChIJgTQtOdhBW0gR9Okru4jdK9o
Sports Injury Surgery,chij_4dz2iqwxugrk4avur44wz0
Darren Macfarlane Pain & Injury Clinic,ChIJcX54P-WWW0gRTyFDPtkWXuk
Adamstown Community Centre,ChIJl_qlhVhzZ0gRFPIHtpyOP5M
Sports Lab Drogheda,ChIJNxvHPJU7Z0gR5opIKqCgMbo
Sportslawn Ireland - Artificial Grass Suppliers,ChIJu8hJaffnWkgRp1jWskSxrxA
SportsLink,ChIJh_WYZtwRZ0gRG6b0YJZQqTQ
SportsLink FC,ChIJBYUY2xYRZ0gRa-UGfjfQeuw
Sportsman.ie,ChIJtbJFjPENZ0gRioEgfxXWKck
Ballina Tennis Club,ChIJqUS0N1w3WUgRRR8hwbmUhtI
Dr Ciaran Cosgrave,ChIJgwqNw3URZ0gRKmwhPRHWW7k
Sports Med Ireland,ChIJF6nnJ5oOZ0gRh7K7fXJOfpk
SportsNewsIRELAND,ChIJoe2ud6KXW0gREVnkvXdxvnQ
Sports Physio & Performance,ChIJnZcwZ4jEXEgRBI-X-bXFpPo
Sports Physio Ireland - Dublin 2,ChIJMXAzw5cOZ0gRehbYp7HHj4M
L.I Physio Therapy,ChIJ37FqbEZzZ0gRamHI-Oomyhg
Sportsplus Physiotherapy and Rehabilitation Clinic,ChIJAWH40kSRXEgROeruUijP8-U
Sports Press Ireland,ChIJzeM0QAMNZ0gRK1tBgQsgknI
UPMC Sports Surgery Clinic (SSC),ChIJs8pevOARZ0gRtbOuDubfegk
SportsTax,ChIJ10dPCeMxQ0gRsXQJnBwWeXk
SportsTech Ireland,ChIJLV67BZBdW0gRCg2Wlq0LnCM
Sports Tours International Ireland,ChIJLXWy0PwNZ0gRsvtt16D76hU
Sports Tours Ireland,ChIJEVqGObLlREgRuNJW3lXQM3M
Sports Venue Business Limited,ChIJVWdxxpnoXUgRLvtEcQV7drI
Sportsway,ChIJWTdlwQszXUgRlqFdqHHh3hk
Sports World Netting,ChIJ_fiFNJ6CXEgR3Eib5LPacbA
Sportsworld Terenure Running Club,ChIJuTrKD40LZ0gRIpJC3g782p0
Sportzone,ChIJH7moyDcFZ0gRyTRsf_4CjZc
Sportszonedirect,ChIJs-8m_EgFZ0gRV-CDWdldLmE
Sport Taekwondo Ireland,ChIJUb8wehsOZ0gRjHu6qYMjPxk
Sports Video Productions,ChIJxzU7IW-RREgRDCK1UcwOz64
Sportworks,ChIJJ9mNK_k9Z0gRxW4ludlxjhc
Sporty,ChIJj8bw9pQJZ0gRXVFnkPm_tUk
Spot & Hop Personalised jewellery,ChIJyR5AktMLZ0gRQgN7ugF_usE
SPOTLESS DRY CLEANERS & LAUNDERETTE,ChIJoeNov0JcW0gRytsWEMd964c
Spotless Cleaning,ChIJG9Fha505Z0gRigBdJpe7UXE
Spotless Drains - Tipperary Drain Unblocking,ChIJL2tKhfzFXEgRscFjYPj7TB4
Spotless Shine LTD,ChIJOTeFn4QTZ0gRcv_7X-jEDFA
Spotlight Ireland,ChIJvfWOyy4MZ0gRMboeSbFqJSo
Spotlight Stage School,ChIJm5qHYFxdXUgRRiquh6xhaMk
Spotlight Events LTD,ChIJybbYEd6RREgRpgW0gWxOB4k
Spotlight Investigations,ChIJnXcJeFEPZ0gRj-bVgjo89d0
Spotlight Hospitality Recruitment,ChIJWRqFHYUz46wRvaKxMifwFQU
Spotlight Skills Limited,ChIJFc7g9oQwXUgR6uvofIaI86w
Spotlight Stage School,ChIJa9t3D2RcW0gRni-77fqkNyw
Spotlight Studios,ChIJVRaDPvCxZ0gRUD5xfc5jLPQ
Spot Online Solutions,ChIJP156xXERZ0gRgdknpEbpnkg
Spot on Sports,ChIJYeNq21pjXUgROPYqTPtRVRk
Spot Recruitment,ChIJ9_8yFqEOZ0gRo8v0eihZHS4
SPOT Therapy,ChIJY3s9Kl4aZ0gR27owzy63C2k
Superior Pipeline Products,ChIJczaCN695Z0gRzZ_5telgu-Y
St Patrick's Pontifical University,0x4867701de9c405dd:0x5cf21f246ec65d75
Sprachreisen Dublin Irland Sprachschule,ChIJS71i5aIOZ0gRE0U7WNT97qw
Spraoi Studios,ChIJc2J8fEfEQkgRqmdVaId3zyo
Spraoi agus Spórt,ChIJLxaB78kBYEgRSObZu_odDAc
Spraoi Early Learning Centre Ennis,ChIJq9jeUTATW0gRD8yThc2ZBUs
Spraoi Community Childcare Centre,ChIJkwvsdMbpXkgRkputhKBP1Iw
Spraoi Early Learning Centre,chijnb0nr0txw0greh_p_qnd65a
Spraoi,ChIJh2lP22IMZ0gRTfZ04xtx8T8
Spraoi Glas,ChIJq004e4nNXkgRo1d48Ic8GYs
Spraoi OT Occupational Therapy,ChIJgXH_A3QZk6wRv-wLMbJ2jX0
Spraoi Speech and Language Therapy,ChIJ5wsPLwqRREgRO-gT3bHvJ9Q
REA Spratt,ChIJRZZJuSAYQ0gRGAvYAUfesy4
Spratt Fireplaces and Stove Centre L.t.d,ChIJccXNe7SVX0gRhhd93cML7jQ
Spratt Personal Shipping,ChIJs-GQLdoRZ0gRcFF_NiPo8Pk
SprayFoam Insulations,ChIJv4P_UyFzZ0gRHk23qr2Ak-U
Sealright Insulation,ChIJj3YDKw4kqWoRz9OtHhf9NMA
Sprayline Cleaning Services,ChIJy5WxL3MLZ0gRrJVovsKZOYI
Spray mc property improvements,ChIJPY0l6xTXjosRUliT8XcsDNs
SprayPlaster,ChIJ05wa3RZbZ0gRjsdetBqF08g
Sprayquip Ltd,ChIJIXPUI6IMZ0gRYv51NNJS74A
Spraytech Farm Painters,ChIJ0b8nMIbHQkgRR-j07RDyoiw
Spraytek Agri Limited,ChIJBYfrVV0cXUgRiBDrCnc2wPo
Spreadcover MB,ChIJrX1vNNQNXEgRqsfelQYyYJQ
Spreads Plastering services,ChIJF5WKgfANZ0gRSkuULN8chA4
Sprezzatura Rathmines,ChIJ94_C8TINZ0gR2cZmeZY-mxA
Sprezzatura,ChIJm9w4hNANZ0gR8azS99PPX9g
Sprig Technologies Ltd.,ChIJiaCc-r1JXEgR5mKHK4Ksw8s
Springboard Communications,ChIJf8YNlbaaREgRDGfl81kQtSs
Spring Construction Limited,ChIJR-Fiqx-dZ0gRbH_ZEQ31x2k
Springdale National School,ChIJkV-VTO0PZ0gR6gZhOhmGu4Y
Spring Doc,ChIJLz_3M0tbZ0gRA-rAhBSPdTM
Springfield House B&B,ChIJ9Q6JgsJWREgRIJscqjUjzCo
Springfield Bed and Breakfast,ChIJJ7vzWPdwZ0gRs8KNRfJDYGE
Springfield Dental Surgery,ChIJ0_pLM7h0Z0gRWa3CYbaTF7E
Springfield Hotel,ChIJ6y5i4DpyZ0gR950GVk7LGD0
Springfield Lodge,ChIJXSVKD3I8RUgRl5SLE2BR5lw
Springfield Medical Center,ChIJi4RwNrh0Z0gRpXD9w1_qnuE
Springfield Pharmacy Tallaght,ChIJGYjK4Jt4Z0gRzuixyc0WPVE
Springfield Ramblers Schoolboys Football Club,ChIJESQDvKODREgRW321rvaxA6M
Springfort Hall Hotel- 4 -star Hotel Country House Hotel,ChIJLfG-pFe5REgRcsS1iSAGJeg
Spring Facility Services,ChIJf3R4uFYNZ0gRnjTnQgZ0oXw
Springhill Kitchens DAC,ChIJdXkZm2ZdXUgRh_tNrXgyvHc
Springhill Dental Clinic,chijv3_cvzewxugrr2rdf0i_dcm
Springhill Court Conference and Leisure Hotel,ChIJoXJlO5MwXUgR-y-rvFqbSyU
Spring In Your Step,ChIJba7A_iMJZ0gRlVvkw7BZNo0
Springlawn community techno disco,ChIJIUh5Gu3TXUgRfwZn_w8Xrfw
Springlawn Bed and Breakfast,ChIJbbk4rLqaW0gRF1wEkczwQRA
Springlawn Childcare,ChIJ28g_r5nTXUgRECf6IYrvmGQ
Spring Life Limited,ChIJrbVEy-x7XUgRJznlD8TsYB0
Springmount Garden Centre,ChIJcQabzFDmZ0gRAuCYD_tfTYs
Spring Nurseries,ChIJdcYz9IC6REgRiB1_06DCu8k
Springridge Construction Limited,ChIJ1c5m9rFmW0gRwZG0BC1U8ps
Spring Sanctuary Counselling & Psychotherapy,ChIJSZoTb3V5XEgRnr7mY9dvN_g
Spring Therapy,ChIJRZYa5umPREgRF2sLZ6Vd0_g
Springvalley Water,ChIJNce1WitnZ0gRrbaoeAPpC1M
Springview House B&B,ChIJTX6-drIgXUgRN50Reekx2OI
Springwools,ChIJ03c2s5sMZ0gR5_S2i2UvvQY
Sprinkles & Swirls,ChIJzzrVgYMZaEgRTqCbVH8GFDU
Sprint Coatings Limited,ChIJk1u-X-0SZ0gRWoNtoEiJhvI
Sprint Spinning Studio / Health & Fitness College,ChIJO-9msE_mZ0gRvwYML2UWWMI
Sprint Design Inc,ChIJtR-LLcznZ0gRD6gtJu_6BJQ
Sprint Digital,ChIJKz09Zb4PZ0gRUlEK5I14LMs
Sprint Educational Supplies,ChIJkeI148yUX0gR02Wr2iZSoQU
SprintHit,ChIJTVw-2zsPZ0gRKgO81LSLAqo
Sprint Spinning Studio Arklow,ChIJESw5cgDEZ0gR1a1wVX_VTuU
Sprint the Printer,chijbcdxt68rz0grp4isy08rt10
Sprocket & Hubs - Motorcycle Emporium,ChIJ9SDp5w1GW0gRNPTn8CD7Ol4
SPRO Entertainment,ChIJPd_JXmfDZ0gREDozBzyKTV8
Sproule Energy Consulting,ChIJnb3zLtbDXkgR-y6XQc6IG8M
Sprout Farm Ltd,ChIJGwuciSZ7Z0gRt7n2TRfWBGI
Sprout & Co Exchequer St,ChIJP4ly8ZwOZ0gRqtVSJsiCu_g
SproutPlans,ChIJ_ZRtfDcNZ0gRXYsy-9TSGCo
Sprout Social Limited,ChIJhw3FXJcOZ0gRbcJHhLapN00
Spruce Cleaning Rathfarnham,ChIJKWQPZL3-O6kRpntBrdz0xjE
Aldan Property Maintenance,ChIJeTRoxdYNZ0gR7KvTdDC-qj0
Spry Finance,ChIJKwwDAb8OZ0gRq3ULLWVmHXs
Sutton Park School,ChIJBZdeX-UEZ0gRunCr2gJIye4
Sustainable Power Solutions,ChIJUx312m7lXEgR3wAX7vJ0F0U
Secure Power Systems Limited,ChIJCyXDfKEMZ0gRgRk1sLXnU0I
Scoil Phobail Sliabh Luachra,ChIJby7j7NUgRUgRiM1BJ8ZmYBY
SPSolutions,ChIJLzSXvQ46XUgRBgOaq4UM5bU
SP Sports and Leisure Ltd,ChIJg0HmDwR0Z0gRpyChB6YuZ7U
SPSV Skills Test Training,ChIJ28YZPf9zZ0gRvfMbp-hgVvQ
Smart Parking Technologies,ChIJj9Il_dYRZ0gRGYAX7-aSTJw
SPUDGUN,ChIJY8ItFRs6Z0gRc6iFt5ch_5Q
Spun Cycles & Spun Run,ChIJH-skkhleZ0gRvhAV0wz9G4s
Urlaub im Cottage,"Urlaub Im Cottage, Ferienhaus Spunkane Hill, Waterville, Co. Kerry, Irland"
spunout,ChIJRcnVUpsOZ0gRLalQjJL8j-g
SPV Energy,ChIJD6aM1P2tYEgRUiPDo7ohpmc
SPV Healthcare,ChIJLZ2wswAuQ0gRqvcuWryHUtQ
SPX FLOW TECHNOLOGY KERRY LIMITED,ChIJt2nBnH88RUgRzAXkHMccXqI
Spy-shop,ChIJ39EjeqyRXEgReucDVuM3IlQ
S.P.Y. Hair & Beauty Salon,ChIJe9GSQHwOZ0gRA3PLwsmU-B4
Spystore IE,ChIJ1YiI1EN0Z0gR0CElqCskIqA
SQ9 Solar Ltd,ChIJUVOMc4UPZ0gRyBA7FGKcB1w
Stainless Quality Fabrication (SQ Fabs),ChIJz3PjcbVTW0gRvMlkfp_s2JQ
SQ Golf,ChIJu3zzKbVxZ0gR1dP7wra9MH4
SQT Training Ltd,ChIJV_fbH8JeW0gRmY9kn87fLmY
Angel Harmony,ChIJ6WKsC0HnW0gR86n1n2CEcIQ
Square One Cafe,ChIJifyrHQ8JZ0gRaBeBTu_7o0U
Square Integrated,ChIJF8rOMSQJZ0gRvCzAGdqvXWg
Square1,ChIJO0U73lYNZ0gRtzQL9KZEcbw
Square Blinds,ChIJSV6zDpEMZ0gRZYbWs1ho1wM
Square Box Interiors,ChIJlWdF9voPZ0gRnysdvt25Y9s
Squarebreed,ChIJH1KFpY8NZ0gRrFcbTuPxpZc
Square - Speciality Coffee Bar - Kildare,ChIJZzEwM9B4XUgR9X7-pCcFfg0
Square Corner,ChIJg2zy0tuFXkgR7YJwQQky3-I
The Square Dental Practice,ChIJYfg0lrV0Z0gRAqKBGt4Xfjs
Squaredot,ChIJ4YhyLpoOZ0gR1_Ag2eMUSCg
Square Garden Flowers,ChIJ-ZWbActZQ0gRFtBVAO0DUKM
The Square Grill,ChIJE7hnxCAYQ0gRY7GrEFF3xwY
Square in Square,ChIJbzq4RGt1Z0gRFGyqTjGpEgA
Square Kebab & Curry (Halal),ChIJ2eYTwpI9RUgRoYmIhVwXF-4
Square Media Wexford,ChIJLfKPlVwbaEgRqza4tEaOXCI
Squaremile,ChIJvWXhHvoRZ0gRJ_irOwAfZzs
Square One Distribution Ltd,ChIJj09RzJOnZ0gRtkMOvxumNUY
Square One Coaching,chij7wvyqxejz0grdw1kr0t0cj4
Square One Counselling,ChIJlTgDfD5sOWwRzkGqjkbedKY
Square One Training,chijm1dw6pafw0greppgogdwopk
Squarepeg Solutions,ChIJnzG1_zYGZ0gRBL_I6jYYiuY
Square Restaurant,ChIJpagJFlHPYEgRaaINL63lb-w
Square Root Solutions,ChIJ-Qbe0yM-XUgRy1fIElzayjM
Squarespace,ChIJtZZZYScMZ0gRkxyJqKp3Y2o
The Beauty Bandit,ChIJp02l8-0TW0gRMXuSzPl1YW4
Squash the Ideas,ChIJ__7kjlwPZ0gRBFp8W7Hl2fs
Squeaky Clean Property Management Ltd,ChIJ2fAazSuOREgRYPbUT2WLq5A
Squeeky Clean Contract Cleaning LTD,ChIJ22ww5kCvZ0gRCebhV9cb5A0
SQUID Loyalty,ChIJBeUejcaZRUgRNsEF9_fQGV8
Squire Patton Boggs,ChIJQY4s-rUPZ0gRErVJ1Ki5HY4
Squires Gilbride Chartered Accountants & Advisors,ChIJVw54W5cOZ0gRNSJm6ascnpI
Squirrel Bag,ChIJW_1-aUS6Z0gRbMkL4Zdg7EQ
Squirrel Investing,ChIJ82EaybcNZ0gREifCAvyuIjI
Security Risk Advisors,ChIJb2SFfyU7XUgRsakdEAua1k0
Sragh Dismantlers Ltd.,ChIJSQAAwLGlYEgRBL5T_29mnh8
Galvins Travel Agency,ChIJvQuPwMX7T0gRS1-kc1GqOnw
SRAM Corporation Europe,ChIJ9RBnyJnGQkgRJ1a7c4shzPM
Sara Roberts Ceramics,ChIJf0tlFLF9REgRj44Lw5kdJNE
The Rape Crisis Centre,ChIJnaR28zToXkgRad_KgMNE7N0
HQ Dance Studios,ChIJTzdGPXl_Z0gRRaUz1Ve9b6c
SRC Hotels,ChIJxz-F6b0PZ0gROxDbAuC1YmE
SRConsulting.ie,ChIJOYZdlvLJXUgRfw7ChCs5OME
Southern Regional Drugs Task Force,ChIJBViaQ3-QREgRsdlc9vStVvk
SR Design Construction,ChIJWRA-IaBl34IR0h96eC5LfHQ
Srelle,ChIJ5zWUO1oOZ0gRHCgqaE-pD_w
Sremium Ltd,ChIJQ3vczosOZ0gRq5iG8RGRuWo
Shankill Radio Flying Club,ChIJ92RpCNSlZ0gROOVCHlW-fPI
SRG Motors Service and Repair Garage Limerick,ChIJz8CydvhbW0gRXwwG3k2f_90
SRI Executive,ChIJv4jr9uoOZ0gR_OCEcZM2d9I
SRI Ayurveda Indian Massage,ChIJ4QYGdmIOZ0gRAgE1YR49Z7g
Sri Siam Thai Massage Swords(Since 2014),ChIJYQRYru8QZ0gR4ISnzu3Vz8I
SRL International Concepts Ltd,ChIJm4bJsJI8Z0gRCY2u_Yegs_o
SRL Traffic Systems | Dublin,ChIJC8WQ-mETZ0gRv3CPNxeqNGs
S & R Motors Ltd - Donegal,ChIJmYAE9U-oX0gR-ePRncW7I30
SRS Alert Fire Systems Ltd.,ChIJ55ZduvUSZ0gRSowZajIdm3c
Seamus Ryan Sand And Gravel,ChIJoUZlP8TrXEgR6YTX89TzQ1A
SR Security,ChIJWwdfg5kbXkgRnrx1aKK3lDY
SR Technics Airfoil Services Limited,ChIJR4XmbtGaREgRWxo4Re_g3O4
SRTrans Courier Service,ChIJgTxNOGivXUgRnlFaXB_LvDo
Sruhair,ChIJ2QPH8WS_W0gRlbVho8cQckE
Sacred Heart NS Sruleen Clondalkin,ChIJ2YaKi2dzZ0gRE4eA6ZREU54
Sacred Heart Presbytery,ChIJu8jjumdzZ0gROeLuSOufcVk
An Sruthán Beag,ChIJ-TVf9UZXREgRXvoxNjzNF9s
Sruth Yoga,ChIJNxi83oqXW0gR44sC5Rl1OJ8
Sr Ventilation,ChIJAf4YJtR0Z0gRWd_9XlRTsyQ
S Ryan Invest,ChIJ6VgnRKAOZ0gRVKj_M9eRRbo
SSA Architects,ChIJq-By2L8OZ0gRxIsbmNv6xLs
Roman Catholic Sacred Heart Church/Oratory Belcamp Lane Priorswood Dublin 17,ChIJYWplhBYRZ0gRJCUj6F3zNJw
SSAFA-Forces Help,ChIJgyMAT5oOZ0gRRZ3XTbQSXD4
Side Saddle Association of Ireland,ChIJncJ0gAu6Z0gR77IZQpxYnHk
SSA Recruitment Ltd,ChIJXc7qhBcPZ0gRZEqDHexB528
KGM Ireland (Formerly SsangYong),ChIJMZrKf1sNZ0gRqf5VuYiL50c
SS beauty,ChIJGR1mWDPrX0gRBMdAtkpF9nw
SSB MARINE,ChIJg3TDKyPfWkgRH-eJcfhxSoQ
SS Bookkeeping,ChIJrRgLVI4LXUgR-Hdwq-E_Utw
Sligo School of Contemporary Music,ChIJdYd9nE_oXkgRHqczdSjRvLM
SS&C Insurance and Wealth Services,ChIJr5Gi8soMZ0gRmRCqyL5EOow
SS Custom Vapes,chij7qz1s7fnz0grzrij5pf0cfg
S & S Cutting & Fabrication,ChIJp4k0lp4MZ0gRU9-v3c_ebho
Joke Shop,ChIJE7eGROWWW0gRvTWdvYin2L4
S&S Drinks,ChIJJXp5wNO3YEgRJdP9VzmaDu0
SSE Meentycat Ops building,chija-6a6xa-x0gry18kzscqzqa
SSE Airtricity,ChIJ-6QKlqsJZ0gRNMj5BAQit1s
Kerry F.C,ChIJJUO0LaQ1RUgRB4IEcay1Z4s
SSE Cleaning,ChIJEyoDZUuRW0gR_T1k4qeqY1s
S-Security Ltd,ChIJ1cjq4SfEQkgR6nS_8evVNe0
SSE Charging Station,ChIJ2YopiSLBXUgR1nl4ikJd6fA
SSE Kingsmountain Wind Farm,ChIJXcQ8-i3JXkgRCSbkkyhpZZE
Tawnaghmore Power Station,ChIJJypHhmw6WUgRi95m2x2rICk
Walsh Coal Merchant,ChIJP69UUqbGQkgR_Hsg-uVHCIQ
SSG Ltd,ChIJm_VCVywNZ0gROqo9IlW-MDc
State Street Global Advisors Ireland,ChIJvygipr0OZ0gRdiCALV11p_4
SSG Property Maintenance,ChIJTWmCJvZlZ0gR-pPyhx4afLk
St Stephens Green Trust,ChIJJb7NxF8JZ0gR83dI_aX-Rbk
Specialist Screening Healthcare Ireland Limited,ChIJGR2SfJkJZ0gRZgquLU5swQI
Midland Picture Framing. Owner Tom McGuinness,ChIJIdrZgBTTXUgRDy6dOhftHdI
SSI,ChIJM2t7dx0MZ0gRAqhzejBqg7g
SSI Environmental,ChIJmeZIHL8SZ0gRYzaExQlBgXs
Smyth Stapleton & Company,ChIJf1wzI4mlXUgRARCl693RUak
Source & Supply Logistics Oranmore 1,ChIJ6-hwRreRW0gRMOUUMziURpM
Shields Sadleir LLP,ChIJ09FisgWQREgRyEx38fQLu8g
S & S Mechanical,ChIJkVtdDVmNREgRxzOhi6wIBAg
SS Michael and Peter Junior School,ChIJVSPVp-TDZ0gR3u1gD1ayC18
Scoil an Spioraid Naoimh,ChIJmdxpNUo7Z0gRn9oazrnExto
S&S Office Interiors - Office Furniture,ChIJqTd4NYoQZ0gREbXZ39BIPmE
SSPC,ChIJIaPm4MtfW0gRrsyAw_3aHlE
Ss. Peter and Paul's Church,ChIJx1Z8FeMxQ0gRw17N9Qgnr2o
Saints Peter and Paul J.N.S Catholic Primary School,ChIJ96TNLcMiZ0gRM9yjEWOnXGw
SSP Facilities Management,ChIJ0ea-0KoMZ0gR42LcLWXbi9s
South Sligo Summer School of Music Song & Dance,ChIJa-Em5eG2XkgRt2LztJ416no
Scoil San Treasa,ChIJMzBk2iMJZ0gR21oIDycg7DQ
Smart Space,ChIJhb6hbTnfXUgRGYp0Qs9pcFI
Scholarship Sports USA,ChIJV_dHFZFvXUgRVBYE-tB5Tqc
St Angela's Academy of Music,ChIJsad81LnFXEgRQ4rTQsNCBMc
St. Anne's City Farm and Ecology Centre,ChIJ1a06SDcPZ0gRY-KNBS_qSUU
St. Colman's Russian Orthodox Church,ChIJZ0iQyZlyXUgRgbWvyp3Og-M
St Cronan's Church of Ireland,ChIJCdlzoTVjW0gR1tUsSO7peh8
St. George's Heritage & Visitor Centre,ChIJHRyGFeqFXkgRz_3D0xJBA-U
St. Giles,ChIJ3-P0m-I7Z0gR4xLpep-e7kM
St John the Baptist Boys' National School,ChIJaTmKcGxcW0gRTncnNxV4e4Y
St John's Park (Northside),ChIJ0acqg-w1RUgRT8njjkNjVwo
St Judes,ChIJB7IVd1SWW0gRqP6KLsOgkfQ
St. Kilian's Senior National School,ChIJj45e8SULZ0gRSS8yTqMA_Ew
St Malachys Boys National School,ChIJNx7zD-4PZ0gRzHqBZgpyc40
ST Pumps,ChIJOeua09UNZ0gRyvLAFglpQFU
St. Thomas' Cottage,ChIJReTGtYuZWUgRJUuC6uGG6Bo
St. Tola Goat Cheese Farm Shop,ChIJjwCe01QOW0gRucVdvXwap2M
STAATUS,ChIJm9Hrj2cJZ0gRMIMKuT36IN0
STABANNON SCHOOL,ChIJMx_F1mI1Z0gRC_cD0J6ElR8
St. Abban's Athletics Club,ChIJ5durZWVrXUgR5wTekcqkIEQ
Stability,ChIJRfPcl4QPZ0gR0uUdqgwocng
Stability Financial,ChIJG6bkpt4OZ0gRcORi84Ed_3M
Stable Supplies,ChIJU8rewtjNYEgR92BJXLsoSAI
Stable Diet Cafe,ChIJb5dFQEIbaEgRuelIYskgTOo
Stable Lane Enterprise Town House,ChIJ2RnF3p7XQkgRwHp6DTDdO6w
STABLE of Ireland,ChIJ54zBcpwOZ0gRrfX7c0vLM04
Monaghan Stables,ChIJXYrqomHuW0gR0RXp-l08huY
The Stables Club,ChIJSUhrxWNcW0gRXVobHLageI4
Stables,ChIJw9t3ce7LXUgRmwLoWtbSLz8
Stable style 4 kids @ Galway Equestrian Centre,ChIJMd57ZuCNW0gRk3ZPX6phEKk
STAC Studio Limited,ChIJ95wsOpdZXkgRqFG4bY2iBZ8
Sinnott Training & Certification Ltd. | STAC Training,ChIJJ1cCIoRcW0gRrQa_9aPa_iI
Stacey Hannan Designs,ChIJ_QkHoD8NZ0gRPw6nvUZ7yEM
Stacey's Beauty,ChIJSxFyLuwNZ0gRDDhjmDUmGOg
STAC Fire,ChIJC-ckNWZbW0gREjEC3JVYjmk
Stack LLP Solicitors,ChIJOc4J2B9wZ0gR7jabKyiAZGI
Padraig Stack & Co.,ChIJN4d4X6WPREgRdh7aPK2Oiuc
Stackallen National School,ChIJKeADsqRFZ0gRFAt7hRDsvvA
Stack Chimney Services,ChIJbceqzY4YZ0gRMTuVeRSNm1o
Stacked,ChIJ_RqM4K8MZ0gRXKKnji9Vyws
Stackit Burgers,ChIJu_9EcM0NZ0gRWSrnIWU6y-U
Stackolater Ltd,ChIJTQg1ARmhQkgR05kL2_xZz8A
Stack Pain & Injury Solutions,ChIJ0bhkakFtW0gR9wqMx7xh9lw
stackscientist,ChIJj8DxTBZ0Z0gRjtb6fI7bAtg
Stacks Pharmacy,ChIJ-zsqDLcZZ0gR_aFrFEtCRkY
Stackstown Golf Club,ChIJE7pxVTAKZ0gRcAywMf7U2mc
Stadium Karate & Fitness,ChIJZ_FMx4ASZ0gR5-HSbLhPhcs
St. Aengus' Church,ChIJNdiEOUILZ0gR-Pf_01M7esY
Staffline Recruitment,0x4860cfb51b5e7b57:0x90ce0e228b88c5f3
StaffLink Recruitment,ChIJISmaqY4OZ0gRpDGSohAcAEc
John Stafford & Sons,ChIJj8fQgGsPaEgRQeFTZarOZqA
Stafford and Company Solicitors (Kildare Office),ChIJic7id9B4XUgRhqHiNIKE-TY
Stafford Bakeries,ChIJ28wh27PnZ0gR186yIz2Ddpo
Stafford Wholesale Limited,ChIJmzdZkoYbaEgRLa50jHn-lxc
Stafford Butchers,ChIJD4E594oAaEgRQxfJ_bOz7WM
Stafford Engineering Group,ChIJPeK7UZYMZ0gR074Ozk_btQU
Stafford Farm Finance,ChIJ-_HOZHpXZ0gRvr7yaejVkjg
Stafford Fuels,ChIJhbmJrQu6Z0gRh2XgegX3toA
Stafford Group,ChIJ_05ftIMOZ0gRV9wAKXhdQZs
Stafford Irish Spirits Co.,ChIJubhFKjgBaEgR4rZF9uDwTtY
Stafford Lynch Ltd,ChIJzyw27pISZ0gRjjUmem7X74M
J.Stafford Plant Solutions ltd,ChIJC4qQc2-qQkgRjX-iN_ietZY
Stafford Quantity Surveying,ChIJ925BnEseaEgRwdOm2QeDEW4
Staffords Delicatessen,ChIJqXNk1iY6Z0gRQdFUvOa_rmQ
Staffords Self Storage Ltd,ChIJEz4neFHnZ0gRrOosI1e2lUo
Staff Uniforms by ATP,ChIJu8oN7VcRZ0gRE-KDucp_eiM
STAFF WANTED Personnel,ChIJFU-iMMsTZ0gRVRfefEdRLPc
Stag and Hen Weekends,ChIJwSFI18YUZ0gRAGbpQUusFo0
St Agatha's Parish,ChIJSf-xhYoOZ0gROTGOstnXLWo
Stage & Lighting,ChIJqSJZl5wOZ0gRHXYCSuiQtvs
Stage and Lighting Shop - Repairs,ChIJJQYWItfPYEgR3sOC-E5KSpk
Stage Lighting Centre,ChIJ79ysljIyQ0gR8eK_pD29STI
Stagers Lifestyle,ChIJa3vQtHgVZ0gRXmX7IP-UB1M
StageSchool Ireland,ChIJy-VHkjOXW0gRn87_VKQBUKo
StageScreen Classes,ChIJb1f3xqUOZ0gRRpq6bEXDL3I
Stage Screen Hire,ChIJNefdqMWPXUgR0b4Z50Iz1n8
Stage Works Youth Theatre,ChIJiQ4WyGqRW0gRpTfC-jfVB-I
Stag Free,ChIJhZxaErQ7XUgR7D3QebRSBlk
J. Stagg Cycles,ChIJoesqIlpyZ0gR_EZL6N-M5E4
Staggerbush,ChIJ0UNi-LZlZ0gRQYh0ySEA9wM
Staging Your Home for Sale,ChIJkXsmCFQ9Z0gRay-4ezkArU4
Stagit,ChIJ5zk8PXTAXUgRR6R0Wy1eRoA
St. Agnes' CCMA,chijucdpk3omz0gr-05_1gu9k3a
St. Agnes Credit Union Ltd,ChIJC-ipGH0MZ0gR77g-UeYvnaE
www.StagParty.ie,ChIJvdZCXF3CQkgRvOUdBlYaUFo
StagPartyCentral.ie,ChIJBQ3n_AiQREgRRDEnyucStoM
Stag Party Sligo,ChIJmdFXQTToXkgR2OX2vdHzMR8
The Stags Head,ChIJ8ZuR6JwOZ0gR5jtVW54gEHM
STAHOLMOGSTORE CIRCLE K,ChIJ4zvm8HdRZ0gRoUx0x2sWbKE
St Aidan's Comprehensive School,ChIJ5wwTwiQdXkgRGlX2tLQ7hNk
St. Aidan's National School,ChIJuZg4B0gvXUgRnEefi6pST9A
St Aidan’s CBS,0x48670f838d086fb7:0x2ff30d75bc8e8256
St. Aidan's Community College,ChIJv2iEkYKaREgRWEXAkl5QBvQ
St. Aidan's GAA Club,ChIJxe5lKkIVXEgRgW9nPHwIneg
St Aidan's National School,ChIJgfgiNvjjXkgRZ5zUDnLiCos
St Aidan's Primary School,ChIJHSKD4mEAaEgRpV2dHvREzmY
St Aidans SNS,chijsae5g5j0z0gr1k70hbjfmis
St. Aiden's Guesthouse,ChIJEd9C1fcLZ0gR5Cu3tVkiFy8
Staide's Home and Gifts,ChIJxxGls-NRWUgRg8oVI2m0bGA
Staigue Fort House Bar and B&B,ChIJm-eP8WiIT0gRNKyxgYYQcXs
Stained Glass Dublin,ChIJv80TdIQSZ0gRMlkNopt5P4Q
The Art of Glass,ChIJ40xtex2fXEgRn-nHq4zwuNI
Staines Law,ChIJdz1AbZYNZ0gRW3X-0XoaqNI
Stainless Fittings Ltd,ChIJpwkwjPhbW0gR3o2hKzMIuOA
Globe Stainless Handrails,ChIJv31pefuBXkgR6ArmlMGTsRc
Stainless Steel Pipeline Systems,ChIJies6-zirYEgR-G-GKgwWzeM
Stainless Steel Solutions,ChIJr13QIAY6XUgRakazH9v6KAA
Stainthorpe Electrical and Security certified visonic alarm installer,ChIJXz7b6dgNZ0gR1jd-35vC_iY
McQuillan Staircases Ltd,ChIJdR9UsBS7YEgRwr_nloi3LBc
Stairlift Cork,ChIJYXZBkvuxFSMRuc8a_YZ5cvw
Stairlift Rentals Ireland | Stair Lift Hire Services,ChIJH_j2vEeBZ0gR06ZCPziZ7Ow
Stairlift Repair,ChIJmS589y55Z0gRHuRMrx7pYDw
Stairlifts Access,ChIJhTKQwlMLZ0gRM10Ra0j6mjg
STAIRLIFTS DIRECT DUBLIN,49547a81217c96440af21b730633fde9
SIL Stairlifts Ireland Ltd,ChIJ1QktbU5tW0gRHpDJZKBX-yY
Stairlift Solutions,ChIJzYAwq6uXW0gRHDtTjD5JRDs
Stairlifts Plus,ChIJCdaHj6B1XUgRh_B9ypgH8eI
Stair master carpets,ChIJP-Ap_tkNZ0gRPBQ-YVfG5wM
Dún Bhaloir / Balor's Fort,ChIJE5FkGmp99UgR88NmRuzPT-8
Flynn Bros Joinery Ltd,ChIJhfaJ-IalXUgRlSmPaMBQaK4
Stairs Dublin,ChIJRYez1T4OZ0gR28cD8phxi7A
Stairs byJea,ChIJW5pz3QB0Z0gR-k01UlCSNTI
Stairway to Beauty,ChIJi1sAEVBxX0gRXMbfyZNnbOM
Stakelums Menswear,ChIJ85NUhurEXEgRufLIyAlCiFA
Stakelums Home & Hardware,ChIJ5fsB5JHEXEgRZrHknDAJYGQ
Stakelum's Pharmacy,ChIJq68CTNDTXUgRVOptHIk9c-A
Stakelum,ChIJp8YHa8DEXEgRqw8kxWnrVl8
Stakes Restaurant,ChIJOQHCTA39XkgRdAbj1bb2YMU
Staleks PRO Ireland,ChIJh3HsgHu7YEgREzdia3WVIxI
Stalks & Stems florist,ChIJoy3tkzrgWkgRkY6jZBUDkB0
St Aloysius Catholic Girls Secondary School,ChIJufuuOxiQREgRy9DH2QmNkA0
Stalwart Security Services Limited,ChIJne2mqAKbREgR2IYAZMrEzN4
Stamark Limited,ChIJO-HjZPV4Z0gR6eclUj4HnDA
Stam's Bamboo Nursery Ltd.,ChIJEXAjjEBAQ0gRVxUyM2BZCc4
Irish Stammering Association,ChIJXUjAhDIMZ0gROkXZOhaLNsw
Stamp & Company Accountants,ChIJ2YLsAosAaEgR7qUPRB2suCQ
Stamp Bus Hire,ChIJN9FZWYwAaEgRNfEZ1OiZZLQ
StampHero,ChIJF0XC4YEOZ0gRHJQ5XPsmuEo
www.stampscreations.com,ChIJaTxbUz8daEgRwf7WEhtPiuc
Stamp Transport,ChIJAfj7nCP-Z0gRg3-kuMi41y0
St Patricks National School,ChIJwS1oH_E8Z0gRyT1RkhboTv0
Stan Accountancy,ChIJpyYNEDqdREgRbO2cafQrJsY
Jamie The Coach,ChIJ23xv9BZLZ0gRUjyKwDK30BE
Stan Bradbury Estate Agent,ChIJKaRlkIFJXEgRfF1GtXi2tZk
Stancu Plumbing Limited,ChIJh6Y1FC9vu6MRuaaciCuFp8w
STAND (previously known as Suas Educational Development),ChIJjUJRdJQOZ0gRMYFznIEY38k
StandardAero,ChIJcZ5W0LudREgR_lQjQWOQ0yE
Standard Control Systems,ChIJl3CxcLUMZ0gRDyhhio6G5ik
Standard Fire Safety Ltd,ChIJb_oKlNqFREgRWLS4BoZILSI
Standard Life,ChIJIy02Ip8OZ0gROr3-3o97Lqw
Standard Printers,ChIJLyb6GEiRW0gR7TGQWKcZaME
Stand Crowd,ChIJ6aiM5FZBQ0gRNgJlmES3svw
Standish Sawmills,ChIJ5VbhHb_7XEgRqyLYVkddieE
STAND OUT FILMS,ChIJV2yb3uYNZ0gRDlH8cY2uNIQ
Stand Out Plates,ChIJzffYqtZrZ0gRgsr-YX5ZcYU
St Andrews Resource Centre,ChIJMyzPE5MOZ0gRNXEL4kjvTAE
St. Andrew's National School,ChIJwUAPlImoZ0gR6wD3Gp4P9uQ
St. Andrew's Presbyterian Church,ChIJLVmmqv2pZ0gR4h_Poz6emP8
St Andrews National School,ChIJGRB6D9sUZ0gRtjg2Nsh23gg
St Andrews National School,ChIJaZHuyF8aZ0gRUK5ZBcPN5OM
St. Andrew's National School,ChIJ5wVqaVhyZ0gRfTYgKt8qqus
St. Andrew's Community Centre,ChIJryxigD8MZ0gR9ItwqJzkXek
Standun,ChIJi8iy01e6W0gRSTsjZFEa1VQ
St. Angela's College Lough Gill Sligo,ChIJM7yOPzHpXkgRevmTntU-n18
St Angela's College,ChIJL2qz3Q2QREgRd5ifr7-tOZs
Stanhope Secondary School,ChIJS9NxmC0MZ0gR2r8cHtI3FJ0
Stanhope Centre,ChIJT-sP6ywMZ0gRuvmetXYP_FM
Stanhope Street Primary School,ChIJxekkUywMZ0gRzEHv_n2rvoE
Stanley & Company Solicitors,ChIJm37p9Q-QREgRzxkb0jlmqc0
Stanley Asphalt Ltd,ChIJPdRcWqV1Z0gRcguVQnN4sDs
Stamullen Place,ChIJYREC_nI9Z0gRSIhM4VZdlt4
Stanley & Sons,ChIJj9iFgk07WkgRLu4OyAgM2tA
St Ann's Church of Ireland,ChIJvZVOxJsOZ0gRqaWr96-JTC0
Stannah,ChIJGXWJrGZ0Z0gRno539DW4-1Q
St. Anne's Walled Garden Allotment,ChIJgSBdKJAPZ0gRt7NfiJS7kns
St Anne's Catholic Church,ChIJq0dnukroXkgRNmzXDJtnlFc
St Anne's School,ChIJNfuWnUdtW0gRF9lk8tUADQU
St. Anne's GAA Club,ChIJPaAi_isLZ0gRMK3B0XbCr0Y
St Anne's Golf Club,ChIJM-TGFXAFZ0gRd4Ih2J4Mljs
St Anns National School,ChIJsStA-JxXZ0gRexBiKlsu3YU
St Anne's Loreto Primary School,ChIJj_SQmkxbZ0gRK88ItRYCNYI
St Anne's Nursing Home,ChIJFbKHxBikYEgRUe-LcQ9sbmA
Rathangan National School,ChIJ-0XGSP2gQkgR9bCUu3clY0k
St. Anne's Roman Catholic Church,ChIJS2DMUv8HZ0gRfUXv57Bk5mM
St. Anne's Park Par 3,ChIJaeLpQpAPZ0gRUJdLElyLBF4
St. Anne's Tennis Courts,ChIJScCaCJEPZ0gRFnOc7vpItFY
St Annes Primary School,ChIJv0HqXZZ0Z0gRiGwdogoUYeE
St. Anne's Primary School,chijnvzmlhc3w0grbgg0bfft_oi
St. Anne's Special School,ChIJB6Y40NHkXEgRBuNO8XRh1Mg
St Annes Secondary School,ChIJhUBvxGmyXEgRnN7mMSWAncs
St. Anne's National School,ChIJK9iF5P8HZ0gRKdy3oZ8w4mo
St Annes Tennis Club,ChIJ3d1fj6TGQkgR78BAJaa7i18
St. Anne's Special School,ChIJrW_sLMF_XUgRIqdhv9Y2VLI
St Annins School,ChIJCa4WK5rAW0gR6vBaqxAa1r4
Stan's Garden Nursery,ChIJ3U4G-bmvZ0gRFaLKPsAIij8
Stanta,ChIJd7yVpmeyXkgRwszZ48feVVg
Stan Tasty Bites TakeAway,ChIJWZS8JALEQkgRTDG2VrgUWbY
Stantec,ChIJ8TIhh7EPZ0gRIzNj6cszMF8
St Anthonys Boys Primary School,ChIJVxEdylSFREgReWulpjsf3EU
St. Anthony's Parish,0x48670fa8b4200c39:0x42fdae2a85194cd
Oughterard Credit Union Limited,ChIJe3Syu8TGW0gRg5eakCjHoJk
St Anthonys B&B,ChIJeQ7GG7uWW0gRQt4OMoXAAPY
St Anthonys Special School,ChIJbyDn-5tdWUgRqLWINyY6b84
Staple Foods,ChIJQU48rusPZ0gRgWeIsj2bZcc
Staple Foods,ChIJiXrwQZQOZ0gRw5gR8Ggl6cs
Staplestown National School,ChIJQ0h4OP98Z0gRhR-1N6idSBI
Stapleton Mapping Services,ChIJPfmJe-YJXUgRw8_Fq6hBlc0
Stapleton Plaster Mouldings,ChIJASuoEVXDXEgRqNTRzJJVoqs
Stapleton Childcare (Preschool),0x485b861593372ddd:0x3880aae22cbe7184
Stapleton Property Consultants,ChIJUdCdMsAPZ0gRdWUDT6OHDn4
David Stapleton Roofing,ChIJr4wgHDORW0gRRCYdzcVx_Zc
Stapleton's Bakery,ChIJz50WcNDkXEgRP6ZIjsDYU2g
Stapletons Expert Electrical,ChIJjyiFT0vxW0gRrKGcISKc6Co
Aidan T Stapleton Solicitors,ChIJCWUKW50OZ0gRgR2JpTgYM5E
Stapolin Website Services,ChIJkZMxnGFJXEgRbkHkFelHm2c
Stapolin Educate Together National School,ChIJu5Atk74FZ0gRAawmq7NSuCs
Staqoo,ChIJkbPSgYD-XUgR_7wxsM2zxi0
Staq,ChIJ011EYlwPZ0gRhWPPWoMw0e4
Stars Translations | Language Service provider | Document Translation,ChIJyzjvbCgMZ0gR3bjwhuGm-VQ
STAR Translation Services,ChIJTSebXfcOZ0gRy1GG6srfLuk
Star Ali Gates,ChIJb2va_1cNZ0gRWCZRXCZA_-A
Star Amusements,ChIJ9dxInKH7X0gRgI4vU1jpJxc
the star project,ChIJt10UNB0OZ0gRn0tmHQoJCaQ
Star barber carrick on shannon,ChIJ_44Sf_uFXkgRE8Ft0DZmyAg
Star Blinds,ChIJAeI7OH0OZ0gRUVRvUXG4na4
STARBREAKERS RACING PIGEONS LOFT,ChIJJYrC82wNXUgR6uKxJE56GV0
Starbucks Burgh Quay,chijb8t6fouoz0grv3rz6th-mcc
Starbucks,ChIJ21Tgj3s1RUgRnsCJi917h_U
Starburst School of Speech and Drama,ChIJXapMvKQwXUgRxwAfXQ0FoiA
Starcamp Summer & Mid Term Camps,ChIJ5zlDcdmFREgR9vkUo6BB4BQ
starchain,chija_tbwsgsz0gryg_ns-_iqem
Starcircle,ChIJv0Uk1BORREgRqrEiMz7xROs
Starcom Ireland,ChIJHzHKlpIOZ0gRvM23UfXzIDQ
Star Canopy Life Coaching,ChIJUS3mPyKXW0gRX12RGUC1VqE
Starcrest Seafoods,ChIJ1aixnKapX0gRBu-wRm2hCBo
Star Dental and GP clinic,ChIJHciH9shzZ0gRGpnSy3B7QG4
Star Digital,ChIJ-8SI4UzlZ0gRbnqIACX9yCo
STAR DJs® - Wedding DJ,Kingswood Business Park
Farzana Shamshad,ChIJqXlBQxyRREgRTxnx5993IHI
Star Edge Beauty,ChIJJbLawz8MZ0gR1bSuuRADnUY
Star Eyebrow & Lash. 21a Florence Road. bray. co.wicklow. A98W2T1,ChIJgRYi8QSpZ0gR6HEwLAOt8mA
Starfish Event Hire Ltd,ChIJ0RE36uRErAAR-bzr9lqKX0c
Star Fuels & Farm Supplies Limited,ChIJvxE7ZgkuQ0gRVyn3mPlt2io
Stargas,ChIJ9XuRf8lTW0gR963haRdWiao
Stargaze Photography,ChIJ2fnZyJAwXUgRWV6ThtLwZ4k
Star Gifts,ChIJw5hf_-hFRUgRA8PsumGw8P8
Starglazing Windows & Doors,ChIJ13xLbW-LXUgR5Ht7iJe79hk
Star GP,ChIJzwch2EZzZ0gR6luI2CxH7gU
The Star Hurley,ChIJZfyZFZkwXUgR8zSXGP0E5fw
Starke Tools and Supplies,ChIJh3MWVTtdW0gRZsSGuQwvdWA
Star kebab and pizza house,ChIJN50HhASVX0gRMrvBQWJl2lI
StarKids,ChIJmzP3_atyZ0gRNMVIUGp3F5Q
Star kitchen,ChIJXZKZ26Q5Z0gRTqzGAm4xY_4
Starla Boutique,ChIJAUP_RZwOZ0gRm4PeLcDdUEU
Vitamin Shop Cork,ChIJK07zyxaQREgRNIw8VbEs4c0
Starlabs Nutrition Ireland,ChIJhW1qEvCRREgRtQZvwRLWxkc
Star Leisure & Casino,ChIJ08ll_l2oZ0gRoSBK4LitoXw
Starlight Media,ChIJzUvwSxKfXUgR9XxuRZqHt6Q
StarLight Academy,ChIJd1Fnluc7Z0gRAoDuzLkLH0c
Starlight Psychotherapy,ChIJU6cU-5cZZ0gRLJ4yOapnOXY
Starlights GFC,ChIJe6aIV-oRZ0gRAx2RbMUh8ek
Starlight Weddings,ChIJ3S5ASh5zZ0gRBYcKI1hi9oc
StarLine Ireland,chijqxqp3-qnz0grotjj1c9smci
Starline Car Clinic,ChIJj57Km5sLZ0gRYQfFLV80DTc
Starlite Drive-in Cinema,ChIJpV25ctZ5Z0gRQjuOCtGsCUc
Starlit Therapies,ChIJVzCDkkVbW0gR5KuK0RAZdCw
STARNET Telecom,ChIJl8fpMxydREgRJiI6mmaiTII
Star of the Sea B.N.S.,ChIJ7wFCkN0OZ0gR548JPKToYsU
Star of the Sea AC Cross Country Field,ChIJU-EnwiQ8Z0gRYHDq0VqFwew
Our Lady Star of the Sea Retreat Centre,ChIJs3qY_YzhXkgRq8AJdr5gWcs
Star Of The Sea Primary School,ChIJv7Rub6OFREgR3wOxf4onC1E
Star Outdoors Adventure Centre,ChIJJ6wF50lsRUgRVHny9nA-R94
Star Pizza Dublin 1,ChIJq6pnNYkOZ0gRIFoNVC1ei_o
Star Pizza Clondalkin Dublin 22,ChIJYZ1PN0RzZ0gRrHcqAGVwYxc
Star Pizza,ChIJKxf7T-wNXkgRuF1Kuu4ST1Q
Star Pizza & Grill,ChIJ2XZXhLCRREgRlZYnF4gLmI0
Star Rescue Charity Shop,ChIJsbDLEt0xW0gRhl8D5DtFwh0
Star Roofing & Guttering,ChIJS0TWZbV_XUgRVcCbkyP6714
Starry moon beauty,ChIJc-Yw8voNZ0gRdETq9bgy-Ok
Starsat Ireland,ChIJN8GhO53OYEgRLTHZPmzwfMA
Star School Supplies,ChIJ1W_tYOcOZ0gRhhwz5I7Drcs
Starsearch Entertainment Providers,ChIJt6I1WbydZ0gRzBnfdJdEXNs
The Stars Group Interactive Services (Ireland) Limited.,chijvu5jlqgiz0grmf76dzforkm
Stars of Erin Gaa Club,ChIJOYpZXFCnZ0gRjqaAUOQCrUM
Stars of India Restaurant,ChIJpzOuSsLEXEgR-CbDE7WSmw4
Little Stars on the Lane,ChIJYz-VmjKvZ0gROXYONhr1Wko
Star Stitch | Clothing Alterations Tailoring Dublin,ChIJzWegs2dzZ0gRLTifdGX5gjM
AV Star Systems Ltd,ChIJqace6qbFXEgRbm8sBEYGAzw
Start Mortgages Ltd,ChIJpTwWKEsJZ0gR257hiX4nwzQ
Start4less,ChIJD7z5DJYPZ0gRfdJz5nYOBkE
Star Tandoori,chija9pkis5pxegr6kxztsplhfq
Star Tarot Reading Ireland Norah de Barra,ChIJaeioP_J_RUgRn-d9RHuaU7k
Start Art,ChIJ0ak4xPk4DoARSj19ErKVG78
StartBright St. Finian's,ChIJP4p7ZjRzZ0gRmkoOg5B-k-g
Start Monday,ChIJI4M_m6IOZ0gRKorx4_ioFrI
Star Tots,ChIJv7mWnx4JZ0gRR2QV8XpgL7c
STARtranslation,chij43k_e_ntw0grts-j8t8xioc
StartSmart,ChIJg3Agwr5_XUgRYTPkVNTzj9I
Start Solar Ireland Ltd.,ChIJC0Zt2gNJZ0gRPZuGj6keOPU
StartUp Ballymun,ChIJY1uPStMPZ0gR5Bj-QXLVg3M
Office of the Dublin Commissioner for Startups,ChIJmQSP2I0OZ0gRvEx55oBKlVs
Startup Journey.ie,ChIJQx_e_Z4OZ0gRMYgbAgIJzhA
Startup Manufactory,ChIJze6KL3oPZ0gRhQ2a7KmQqQE
Starwheel Astrology,ChIJ5-B3_kJPWUgRjV40qQCESNU
Star Window Furnishings Ltd,ChIJ4RQXZgF0Z0gRp9ZLxwViUYY
Starworld,ChIJOZVawcENZ0gRQJijzgxOHiQ
stash.ie,ChIJ5Vx7DMtvZ0gRO-WGtzxufLA
Stasher - Luggage Storage Dublin Airport Premier Inn,ChIJN8BwpQARZ0gRmYvaa9UHePQ
STAT Accountants,ChIJsQ-xBGlcW0gR3E6Mr67WExo
Statcounter,ChIJH1HCBDsMZ0gRgQxK2TDYB8k
Statcroft Transport & Civil Engineering,ChIJUV_Q7eiMW0gRg7mia5zWzwc
State Claims Agency,ChIJnW8Mzr0PZ0gRf0zXUJXMqCk
State Laboratory,ChIJ9WG1xHhxZ0gRkmFfpId4CxE
Stateline Transport,ChIJUY1y_OYRZ0gRtHP9fGXjSBo
Stateside American Restaurant,ChIJ_W24wi3rX0gRO73Ww9ei8uw
State Street International Ireland Limited,ChIJW2GUffg0XUgR8dJf-aqOC8E
Statewide Towing,ChIJK9gBEToZZ0gR-NkB7xM7dQ0
Hugh Statham Jewellers,ChIJSajpyLx4Z0gRcbB5-AHO6Bc
StationBliss,ChIJq-ryk8EeXkgR1tgSq2S-9I4
Stationery365,ChIJ0exxwbYMZ0gRLRCEF9hLSNo
Stationerydirect.ie,ChIJe1LuXWFtW0gRzu5aPLFvtUQ
Donegal Stationery,ChIJDVHHdc2UX0gR5P0aVMlOtAw
The Stationery Store Limited,ChIJyfUuwZJ4Z0gRfMGJdlho_iA
The Dungeon Bookshop,ChIJ3QIgFwk8RUgRSYT9atyZie0
Stationery Warehouse,ChIJ_7_7HRINZ0gRd0wbIF3W4k4
Station House Dental Surgery,ChIJ32h7Xs2UX0gRS6JvkboqXds
The Station House Hotel,ChIJ00_DX1JdZ0gRiu5Cp4Ktu3o
Station House Interiors,ChIJRfjXp2OFREgRPMIMREdshs4
Station House Hotel Letterkenny,ChIJu-VhEdKUX0gRlvCn-EjU5XE
StationHouse Media,ChIJWfmMLTnxW0gRJUFpRKmpEvs
The Station House,0x48609f4f33ab7967:0x60f7ef4e45a4880c
Station House Theatre,ChIJBXy8nFI7WkgR-AvcKk77b9M
The Station House,ChIJlxDFTWBKRUgRQjChkmSbpoo
Station Master,ChIJA1-n4gBxZ0gRpxPCeDKX-Ek
Maxol Service Station,0x48677018ec1d4b3d:0xac712761775730dc
Station Studios,ChIJ8_AaNOYiZ0gRurLwcS_a8LQ
Station to Station Wine LTD,ChIJazsRejIJZ0gRGGNYnG6JJuc
Station View Tavern,ChIJd_xPWaeaREgRjpjTEou4bcA
Station View,ChIJF-MaI8GfYEgROwwE747PRF8
Station Walk,ChIJf3hZ6_J_XUgR-KN69XFKcxw
StatisticaMedica Ltd,ChIJAYziop8OZ0gRKPFa9hm8NBE
Statkraft Ireland Ltd.,ChIJH57PYEaPREgRGE-Dx9ewH4U
Statsols (Provider of nQuery),ChIJeXziKaCPREgRy67u5zXsLMI
Stats Perform,ChIJK0r75LxdW0gRRe_aQ0-9JRg
St Attractas Nursing Home,ChIJUaOnTYCyXkgRzq3OMVBS2MM
St Attractas Community School,ChIJdfn9apS2XkgRUwWywjl7HBQ
St. Attractas N.S.,ChIJ3YnkdnWzXkgRbnFIWI8TQCs
Status Hydraulics Cork,ChIJs9jHDHWQREgRr4cpD39jIBU
Statwolf Ltd.,chijv1uygzgoz0grb7vlvpv0g4e
St Audoen's National School,ChIJj3GTBCYMZ0gRwYnFrt-IuXI
St. Augustine's College,ChIJFxjZWGkYQ0gRlm6BCBDi_gU
St Augustine's Roman Catholic Church,ChIJN4BRlRCQREgRCqUFdkt9FpA
Staunton Accountants,ChIJIWc3_KbOYEgR_HmrjcLTdNY
Staunton Byrne Hairdressing,ChIJnbMObEWFREgRBzEWldlk_tw
Stauntons Foods,ChIJnWBl2y70REgRrnbTaFbqmFk
Staunton Media,ChIJR6yFOyyWW0gRn3TTVZ-4e0U
Staunton Office Supplies Ltd,ChIJVbjk8Z7OYEgRxOnqYUX_B2M
Stauntons Pharmacy Main Street,ChIJzyzodHVdWUgRjbksuYHRkU8
Stauntons Allcare Galway,chijbxuwz1oww0grekqxu8p1cns
Staunton's Barbers,ChIJYWuK7XVdWUgRF1IT_jRqX2U
Stauntons Allcare Pharmacy,ChIJ3VID0VWWW0gRz2s5djvC30E
Stauntons Allcare Hair & Beauty,ChIJR0MxcVSWW0gR8wHiLUVK_Q0
Staunton's Holistic Healthcare,ChIJmex7u714Z0gRWWuHAMa7BQA
Myles Staunton & Co Solicitors,ChIJcSg-WN9lWUgR0fjyb9iU5oQ
Stauntons on the Green,ChIJY_84Mp8OZ0gReySfJlhEp8k
Stauntons Life Pharmacy Navan,ChIJ72OV9kxbZ0gR5U0_LuA-ezA
ST Automotive Solutions,ChIJQTfS7bMRZ0gRTZX_QiqjfRc
Staveley & Partners,ChIJm5wBSTsGZ0gR4mJdlH9Sbdo
Stax ICF Ltd,ChIJJ9mKCcN3XUgRvOzrexX4PwM
Staxon Digital,ChIJnSmPoQBbZ0gRJ97hqeMiurA
Staxon House,ChIJ_artqgdbZ0gR3fAVzKP57KA
Zeni Ensuite,ChIJLZZiSPIOZ0gR8eDDYeT-CSA
Corrib Village,ChIJbX-CeIyWW0gRThcOXRXhTVk
Altido,ChIJT-AZozYMZ0gRVbcT7INeSZU
Fern Rock Bed And Breakfast,ChIJ5UqaYadIRUgR8LbfvJgvBNY
Seamount House B&B,ChIJv6m944wQZ0gRitcg8yT_0jI
Riverview House,ChIJV3gHLY6zX0gRFjcmfAD68Z4
Woodlands Bed & Breakfast,ChIJmwrxxgg8RUgRDX99K14djpw
Stay Barrow Blueway,ChIJZ03gVwB3XUgRpImPpKRB-W0
Staycity Aparthotels,1eec50b761bc1dda9848440ad4fd4401
Stay Cork,ChIJlUXpqw6QREgRnCRsZ5ocCu0
Dingle Way Snug,ChIJVXN58Wz7T0gRFHPlqq7JfZY
Stayfence Ltd - Pet Containment Systems,ChIJnTLdnvUXQ0gRJ3dBFmK1hO8
Generator Dublin,ChIJH2CS6S4MZ0gRzgijUTAyjx4
STAYHOLD Limited,ChIJs_9NTIoQZ0gRZKaK1O5yIbY
Stay In Cashel,ChIJkVXJqejLXEgRF_rUzJlKuxk
Railway View House B&B,ChIJxTjYrjBtW0gREXBqPGmphaw
Bleantis Mountain Cottage,ChIJxenf6FI7Q0gRAmYhdPQu50M
The Square Townhouse,ChIJ6Y6BBD9fQ0gR8g5rz0gyu9I
StayinFront,ChIJg0aCusYUZ0gRsoCtDdSNKSg
Halpin's Town House Bed & Breakfast,chijt7rmssqwz0grc8ta7cgzltg
Stay in Kerry,ChIJ_zk9MZwzRUgRUrAdE8aph70
Stay In Sligo | Doorly Park,ChIJMemw6QDpXkgR6LVh7FUr8sw
Stay in the loop.ie,ChIJf3kXTY3pWkgRVe2r4TvmjWI
Stay Lit Candle Co,ChIJSVsjnVofaEgRCIuh52U6K_s
Stay Near Dingle 5* luxury accommodation,ChIJQfHmUZL9T0gRj4tKjuocSAQ
StayPlanet,ChIJIwG_vIEOZ0gR4G9eYSGMtQ4
StaySlim Swords,ChIJqypppe8QZ0gRzmv5mDMbOHk
Stay Strong Pilates,ChIJo5X0BYPBXEgRaI_jr188rqg
StaySuite Marketing,ChIJ2ep432B5Z0gR5feb4a30ldw
Urban Rest Dublin Port,ChIJI10nBYAPZ0gRDMAVdDkmkts
StayWell O'Riordan's Pharmacy,ChIJYa2FQNhJW0gRMY68H8KLdlo
Stay Wild Images,ChIJR5kgzkWTREgRFjaUNeEJveo
Stay With Us,ChIJFYyXdbgNZ0gR9k1L-ek2ehA
STAY YNA Co.KERRY,ChIJFcbuQGD7T0gRU_ZAPo4xA6s
Saint Bartholomew's Church,ChIJd7qIUMcOZ0gR-V-cTw7Fkiw
St Beacons National School,ChIJabMUwcLOQkgRVUC9JWDjcbE
St. Benedict's Church,0x4867055f52c8f61d:0xea730c83db3c1a6a
St Benedicts & St Marys National School,ChIJK54VVPEPZ0gR4kTWD7u0XCc
St Benedicts National School,ChIJg8diim5tZ0gRiqAQ4ajzR5k
St. Benedict's Community Café,ChIJyzLykkkFZ0gRAJ970o1OYtU
St. Benildus College,ChIJnfOyqBsJZ0gR_ILnGcBx2Xg
St. Bernadette's Junior National School,ChIJAQCQcthyZ0gRwF8kAq_oKY4
St Bernadette's Special School,ChIJg5WPRsiUX0gRjxS6_uGF7Zc
St. Bernard's Children's Services,ChIJIYZcYm7TXEgRxuVfhm5diyw
St Bernards Soccer Club,ChIJOxh-pj31W0gR7hkbvOLguhA
St. Breckans GAA Club,ChIJMTtAcfgHW0gRcNKXbBl4O6M
St. Brendan's NS,ChIJK0f1Kyd7WUgR_ncbiByCn_4
St Brendans National School,ChIJPxJqkhl5XEgR1egoxx7NJP4
St. Brendan's College,0x48453c076b7fdd93:0xe6631467bc5daf24
St. Brendan's Catholic Church Coolock Dublin,ChIJ5Zp_jsMPZ0gR5OFjnqsQmNQ
St. Brendan's Community School,ChIJc0kOMoj3XEgRcVctwf8_Lrw
St Brendans GAA Longmeadows,ChIJe8LsGFYMZ0gRE_JbIvbqZLM
St Brendan's Catholic School,ChIJR2kD-3SQREgRSJcQpcGP39U
St Brendans National School Bantry,ChIJcRC43k1-RUgRlAUgHG6LEQQ
St Brendan's National School,chij2yspxxkkxegrqbasgal8sjs
St Brendans National School,ChIJc0zwHTvoXkgR6Qc2ni3Se18
Church of Our Lady and St Brendan,0x48453565865358a5:0xa368b6ea1e6cb15b
St.Brendans Park FC,ChIJBeqTA4k1RUgRZDGIZQJAoRY
St Brendan’s National Catholic School,ChIJFb-_rMEPZ0gRjrPSFrEV0H4
St. Brendan's Catholic N.S.,chijk2kvdllcregrnxdkegpnpro
St Brendan's Village,ChIJzTypelV2WUgR3C7WCyId2io
Saint Bricin's Professional School,ChIJE321x3ETXkgRKBvIQyl2RZQ
St Brides GAA Club,ChIJD4CyiKfOYEgR8a6XpD_xDr0
St Bridgets B&B,ChIJCQh6Ela-Z0gRk8ncoyqQ8Dg
St Brids Special School,chij91nf_55dwugrmvivyopkmg4
St. Brigid's Girls' National School,ChIJnTykVXUOZ0gRMiLFEfILgug
St. Brigid's GAA Club,ChIJe4j2Ix84XEgRFMv-MGj83TU
St. Brigid's Boys' National School,ChIJ-WnVuV4IZ0gRannlTUHbKJw
Saint Brigid's Special Needs School,ChIJpwGviKvOYEgRcLrUwc1T2Qc
St Brigid's Church,ChIJo5mx5OIIZ0gRwScWmgNcTi8
St Brigids Athletic Club,ChIJ3UGAqmbkXUgRN_SuLnMVSDw
St Brigids Badminton Club,ChIJSYx6zPcHZ0gRncjK2vlydEA
St Brigid's Boys National School,ChIJlahrE7APZ0gRQw0vmGs2YKo
St. Brigid's Junior National School,ChIJ-_TjXkgLZ0gRoD7pg-Wr3sQ
St. Brigid's Cathedral Kildare Town,ChIJv_BDXsR5XUgRCU-hJKmTM1s
Coláiste Abhainn ri,ChIJZXwIJBcsXUgRfyYVEUuIRUQ
St Brigid's College,ChIJJasMLhh5XEgRXrFDzUQ5Tfc
St. Brigid's Children Centre,ChIJU7ztZB_EQkgRCbl_z7dyJ_w
St. Brigid's GAA Club,ChIJa_00GGwNZ0gRUEAn_-MgsLk
St. Brigid’s Girls’ School,ChIJzSJUUGgIZ0gRM6fCBqpJ5V4
St. Brigid's GNS,0x48670fb828b0ac01:0xd39f406f97bec3f6
St. Brigid's Infant National School,ChIJYdz0fJINZ0gRprp3kL6xWVw
St Brigids Secondary Catholic School (Presentation College),ChIJSXIWPwY8RUgRm40U210ND4k
St brigids ns limerick,ChIJk-UxVBtcW0gRS7YW5K3IKPs
St. Brigid's Day Nursery,ChIJnewtTn0OZ0gRKzFMIrg0miw
St. Brigid's Girls National School,ChIJPdcU8ykNZ0gR33Bn9QC6TuM
St Brigid's Catholic Church,ChIJJwwd6zKRW0gRZoio6m-cXGg
St Brigid's Photography Group,ChIJez_YlhkNZ0gR0uvLA8eqxXI
St Brigid's Community Playgroup,ChIJEehW7EIbaEgRW2sH6-WnIho
St. Brigid’s RFC,ChIJJ9QMHWcIZ0gRLHcCpbBlnN0
St Brigids Senior School,ChIJnUPfEowNZ0gR8LdKQ5X3MhM
St. Brigid's Special School,ChIJJ0Bf7R7AXUgRiijyRgfRdq4
St. Brigid’s Gift Shop,ChIJ6co97aBVWUgR2ZsiGoBrtjQ
St Brigid's & St. Patrick’s N.S.,ChIJlSfqhR86Z0gRrW7TIuj0Q-U
St Brigid’s Catholic Primary School,ChIJ92Bh-SMMZ0gRt-F9IDO02_A
Saint Brigid's National School,ChIJJaPN6uIIZ0gRRLxkytqcDb8
St Canices Boys National School,ChIJJ71Xg_oNZ0gRm9RYHYPocxY
St Canice's Cathedral,ChIJB3lownY6XUgRPBzzdD6l1Jo
St Canice's Credit Union Limited,ChIJbf6fHZ4wXUgRf7Hf1P2Vw4I
St Canice's Girls National School,ChIJT_jeDvENZ0gRhMpEDnsH6RE
St Canices Convent Primary School,ChIJ-amuCLy2QkgRayu7VdhGxvo
St. Canice's Co-Ed National School,ChIJQeCCXHA6XUgRcGEuAUmQ9-I
The Cotton Library,ChIJRwf8K-VBQ0gRm-YIb3lFeYA
St. Carthage's House,ChIJPfv1035BQ0gRwvgu3CNw6Jo
St. Catherine & St James' Church of Ireland,ChIJT5hOk8sNZ0gRybYM5yq2lxw
St Catherine's GAA Club,ChIJe1G8I2qaREgRvUj7rn1Ia3g
St. Catherines Farmhouse,ChIJDTjw_tWpW0gREHce6H6438Q
St. Catherine's Infant School,ChIJm7-Q7JUNZ0gRxnvk3qgtOe8
St Catherines Lodge,ChIJ4XlRARxzZ0gRbjrJNToGxSQ
St. Catherine's National School,ChIJzceNhSgZZ0gRrOR_urrt4KE
St Catherine's National School,ChIJe9CcLBYMZ0gRbcGsTeBmAgE
St. Catherine's Senior School,ChIJ2a8-MbkNZ0gRe-DJjDj8X84
Saint Catherine's Vocational School,ChIJu9XRLVsbX0gRP9mDZ04Qu-E
St Catherine's National School,ChIJ1VFyONSRREgRzL4-Xv-ZXUk
St. Cecilia's School,ChIJndg-jKvCXkgRqPau74m_XAc
.,ChIJaeWcv4HTXUgRznQP9iGWBe8
St. Christopher's Hospice,ChIJyXWbD-YNXkgRE4hRo00QWsc
St. Ciaran's National School,ChIJRYWpLV5tZ0gRadX6FuLW0Hg
St Ciarans Community School,ChIJrR0Hn0hbZ0gR0XOQjVaqj5Q
St Cillian's National School,ChIJjZou25UMZ0gRi8FIdkYTd6g
St Clare's Convent National School,ChIJP9sV2w8MZ0gRI7puukeYSyU
St. Clare’s Cavan,ChIJ-UxOYtMNXkgRAadUVmNCaO8
St Clare's Comprehensive School,ChIJj3tPG83xXkgRuAmP8TBFxwg
St Clare's School,ChIJSaqOizVtW0gRHhga5JMeZeo
St Clares Primary School,ChIJJUf8mMTwXkgRdUPiFGgb6xw
St. Clement's College,ChIJt8QHr4NcW0gRpt0IK75R17c
St Colman's College,0x485bfd9d0158fd3f:0xda1956b88ac9ce1d
St Colman's College,ChIJjXHcAj9fQ0gRTMIMfsxjtc0
St Colmans National School,ChIJnZ-mY6PqXUgR9URrs2yB1uQ
St Colmans Catholic National School,ChIJO8vb9YhyXUgRTfCuQ81xT6s
St. Colmcille's Primary School,ChIJ9USprhvoXEgRtHEYB3JiTSo
St. Colmcille's Community School,ChIJCZ5zObcLZ0gRS18HRV6zr0s
St. Colmcille's Senior National School,ChIJA8JhDgwLZ0gRtaMgOsKAWY4
St Colmcilles Girls National Catholic School,ChIJwSXnju0QZ0gRH_08fqZpbjE
St Colmcilles Junior National School,ChIJA8JhDgwLZ0gRs8FWLYytxSc
St Colmcilles Catholic National School,ChIJtxK4yn9jXUgRCtxNbeZQl7U
St. Colmcille's SNS,ChIJd4mrInhXZ0gRoh4Gm4QTYRA
St. Columbanus National School,ChIJf3Bc2iMHZ0gR1Abd6tV_E4c
St. Columba's College,ChIJ150bjzQKZ0gRM_EOnupsooE
Saint Columba's Boys National School,ChIJ5Ub961uFREgRkgJSH3bUM7w
St Columbas National School with Facility for Deaf Children,ChIJRaEIrFuFREgRiKatmhOhrRI
St. Columba's National School,ChIJW_PBwl8OZ0gRXmztQ5HliiE
Ballyturn National School,ChIJt17jDot4W0gRKx-Cz0bP4Uo
St Columbas National School,ChIJuxTmSQ5fXUgRoFkdXmEeXmE
St Columbs House,ChIJGRh6m6H7X0gRaqv1wVYClSo
St Conleths & Marys Catholic National School,ChIJ217R_ud_XUgRnyujPh9bzw0
St Conleths Infants School,ChIJ217R_ud_XUgRrWv8vniE-5k
St Conleth's College,ChIJMzkwBLkOZ0gRA5h-cnVypzc
St. Conleth's Community College,ChIJX2X9b-R_XUgRlC9RvHMinqk
St Conleth's National School - Derrinturn,ChIJeUarqAyGXUgRCiD7OpoNl5Q
St. Corban's Catholic Boys National School,ChIJH3y5SqN4Z0gR0b9tt1tFhgU
St Cremin's National School,ChIJn2zgDF_DXUgRnd_hrWQT19M
St Cronan's B.N.S,ChIJYWEz32SoZ0gRr3FY41p-qR0
St Cronans AC,ChIJDUtMkUQTW0gReCRuwPqRAzc
St Patrick's Catholic Church Knock,ChIJ9UUCsirjXEgRlMHXR1oT2Nk
St. Cronan's Junior National Catholic School,ChIJ-aX9YOIQZ0gR3enimwWNI9Y
St. Cronan's Senior National Catholic School,ChIJbexKqOoRZ0gRv0i-LFMq6Pc
St Cuan's College,ChIJrXtNFapyXEgRHfMmEcDYoks
K Plastics Products,ChIJuZWn27bpXkgR4YMAJjx3T8c
St Daigh's N.S,chijly_wh3c2yegrygu0-bmdfhg
St David's Poultry Team Ireland,ChIJbzQ4X2wxW0gRnggV97ugYYM
St. David's Holy Faith Secondary School,ChIJN61BliuvZ0gR-NWXzqEv2pY
St. David's Boys National School,ChIJR1R1J8oPZ0gRh5qcfGG_OZc
St David's College,0x48670fca60991933:0x1664096791de766d
St David's National School,ChIJ6SY_8ASCZ0gRG3UdyMrgnkE
South Tipperary Development CLG,ChIJgbJZz3RKQ0gRcvYXd0wQmI0
Harold's Cross Surgery / STD Clinic,ChIJqUxQJg8MZ0gRUnJw6oh0iAg
Derek Freedman MD FRCPI,ChIJk-6_g6UOZ0gRxt8QlE3wW6Y
Student Consult Ltd,ChIJ5fGViIQOZ0gRen2s90ELQeM
St Declans Community College,ChIJ5wgkLFHfQkgRuR73QxLlPCg
St Declan's School,0x48670ec00ee5e78d:0xfca59db26453bcb2
St. Declan's College,ChIJ86YpRbgNZ0gRdngbzgMEo8Y
St. Declans National School,ChIJ6yTWdaLGQkgR97_30MEsLkA
St. Declan's Way,ChIJAbMx65vLXEgR3-hJUaxsneA
St Dominic's College,ChIJqRkiJjYLZ0gRuR8rb9_c8tA
St Dominic's College Ballyfermot,ChIJt2u17OYMZ0gRnzUqyruENxY
St. Dominic's National School,ChIJNSKdFTYLZ0gRWrnsU4aJhN8
St Dominic's Church,ChIJ6yI6rlwLZ0gRKwsJWWFnQLs
Saint Dymphna's School,ChIJZ2Dtl4g3WUgR8xAHryiCWJo
St Dympna's National School,ChIJzWZ_4N2fYEgR8ludzRGNDQE
Ste Murray | Photography + Design,ChIJd7KW8S8NZ0gRj1GsZTT30i0
Steady Pulse Designs,ChIJWy529bcnjqsRkS2kWQdxrWk
Steak Out Catering,ChIJv_YoEDJ4vmgRCUyhZ6_oNBU
Stealth Mode Limited,ChIJ2X716UAhXkgRVl8QWEFTqu4
Stealy's,ChIJCWQuwLEPZ0gRnfQQnFtOrn0
Steam Carwash and Valleting Kilbride,ChIJJ5-nraYTZ0gRn8ltX2Bx7js
The Steam Museum & Lodge Park Walled Garden,ChIJ7zUmSgx6Z0gReskYnPsn10Q
STEAM Academy Limited,ChIJy0C3XQAPZ0gRDWHGfiF_wFU
Steamboat Music,0x485b5c667c9c9b97:0xa96ced188c9c921c
Steamboat Eye Clinic,ChIJzZFLFHldW0gRO82HpUTBSK8
Steam Box,ChIJbTcuJzsMZ0gRc2Qv-5MZGs4
SteamClean Cleaning Services,ChIJyaB06gptRUgRnrUPifLvBNI
Steam Clean Donegal,ChIJj0iJt5vAYSUReBMXE6GAC3U
STEAM Foundation,ChIJ0VnEdYGRREgREvKZQo1CHJg
Mechatrons Technologies,ChIJOw09jwB0Z0gR0-t_ggBbymM
Steam Museum Café,ChIJhweG1jN7Z0gRQIeDpY1zMSs
SteamPRO,ChIJ3XjUQUKSW0gRNc2ReaIa8Tc
SteamPunk Studio,ChIJsSi4DpUPZ0gRkInz_J9xVug
Steam Richy,ChIJ34kbUE4Yf2sR4-50d8WyyN8
Steamtech Carpet Cleaning West Cork,ChIJWZ-IsS2yYEgR9PMdedlPyrQ
Steam Valet Autodetail,ChIJGzt5yvRzZ0gRzuxlhU84FB8
St. Edan's National School,ChIJCfLBnmf8Z0gR16htRmUi6ew
St Edward's NS,ChIJp0IoN0boXkgRFU9ZNWb8DLA
steeco,ChIJSwHuwerNYEgRvuL3KQzCKSs
Steekaz,ChIJpaqmr6LQtocRNTbolUy1Scc
Duggan Steel (Irl.) Ltd.,ChIJnwHVOHIuXUgRLioMdxq9-RQ
SRS | Steel & Roofing Systems,ChIJj1o9EFc-XUgRKmUKG9JTCTM
Steelcraft Interiors,ChIJdWkaGH0NZ0gRwvJXtPk5J5s
Steel Doors Ireland (Empress Engineering Ltd.),ChIJp14n8M9rZ0gRQiJEU0LewFU
Steel and Mesh Fencing,ChIJnY6LOMORREgRSKZOOFZNsJ0
Steel Formed Sections Ltd,ChIJrZRkwPCvYEgRiqZ_KAV5Grg
Steelframe Design & Build,ChIJ-fI7LdBxZ0gRo4JOO_mLj9c
Malone Sheds,ChIJt3Oc6lu0YEgRajwqpPSKgf0
Peristaltic Filling Machine,ChIJ5ce37dYRZ0gRPKe57FTBYII
Steelite Specials Ltd,ChIJfWDq6K-DXUgRvR9zt5zMoEM
Steel Online,ChIJi-9002gNZ0gRJSDXB_fjKAM
Steeltech Sheds | Sheds Tuam (Sales Office),ChIJZ1lajETxW0gR9mm7ryJPM4I
Steel Weld Gates & Railings Ireland,ChIJ45EKrFw5XEgR5SUmUUQWrrs
Woods Engineering,ChIJqSKPvyWKZ0gRt_EuN-Dw9bc
Steen O'Reilly Solicitors,ChIJVzTGakxbZ0gR-igd7kmPMyU
Steeples Financial Consulting Ltd,ChIJeR6R4gTNYEgR_rfWT9XNPuc
Steeple View B&B Guesthouse,0x485fbfa62e2813f5:0x92d920c83df1865d
Steer Housing Association,ChIJ8Q152DLrX0gRxLsrirUOuWY
Steering Point Driving School,ChIJXcEuB_WFXUgRgn7qaw6Zfcg
Steer Law Solicitors,ChIJP-TAM9V5Z0gRRsoAXHAPHu8
Stefano Manassero fitness.,ChIJZ88qqLsRZ0gRIyDRTnEmED4
Stef's Barbers,ChIJ3c6DY0xbZ0gR3S--Dgw4rRI
Steiger Team - work at height - rope access,ChIJq17lWkcTZ0gRjGWdwUjE71w
Steineberg Fireplaces,ChIJfQmvudzDQkgRcfI4PWu7XBc
Stein Study,ChIJ87Zr5J8OZ0gReG2BP1s9Qu4
Stein Travel,ChIJu5YTDEA1RUgR0xGm62ngDCs
Steiriliu,ChIJp0WSM07BW0gRBjm5W6ssQ1w
St Eithnes Girls National School,ChIJdeNyQ-4PZ0gR0Cq1PClYMqc
Stela Foods,ChIJQ1hwlEhtZ0gRazP_o6vRLlg
Stelcon Construction C/O Diarmuid Collins,ChIJh4kS0xwpW0gRkdfs6YpeBhk
Stelfox Cork - IT Recruitment,0x4844900f88edad83:0x81e9e4e848b455dd
St. Elijah Indian Orthodox Church,0x485c7924db353469:0x442f1c0eb7995719
St Elizabeth's Nursing Home,ChIJB42H8wD2XUgRIkwNmZmMqRs
Stella Cocktail Club,ChIJj-ETSrANZ0gRcaOFxclOBRI
Stella Diner,ChIJARhCcQEMZ0gR2TAmPWZg7F8
Stella Doradus Europe,ChIJt8sPeGvaQkgRk2lUmaaQek0
STELLAER 212 - Private Charter,ChIJa4NnOLRzZ0gR-sTdBxBsBkU
Stella Maris,ChIJozJjci6YWUgRelh6vqF37r8
The Stella Maris Center Parking,ChIJC4hWjIifQkgRCcDlpqaG9kA
Stella Maris Hotel,ChIJG-kZIGzoWkgR7k8hOJ1Xh-M
Stella Maris Nursing Home,ChIJO1cOBk3yW0gR8y68VT-KIzY
Stella Maris Nursing Home,ChIJo5kepflIXEgR7bkY_xHJA1Y
Stella Maris Rowing Club,ChIJuWlrJ-IOZ0gR54BdLVe2rng
Stella Novus Limited,ChIJFcqQk4oPZ0gRgfFTm9BSong
Stellar Certifications,ChIJ1UefwF0OZ0gRwVvjLRr_4zE
Stellar Property,ChIJ8ccmYe-WW0gRawex_47FBZQ
Stella's Beauty Salon,ChIJb4-fpIJtQ0gRKwIs-mR4Na4
Stella Steakhouse,ChIJf-bAIsgNZ0gRxCejXqQDuLw
Stellwagen Group Limited,ChIJ3xlr98YOZ0gREWQAL01qXlE
Stelrad,ChIJ3xV7lZQPZ0gRBxpZ_HjlFwM
STEMMER IMAGING Ltd - Sales Office Ireland,ChIJAbIVrZRlW0gRX8cXY9ppXAs
STEM Recruitment Partners LTD,ChIJyZ5JMS9dW0gR1pH4oj_5I5s
Stems from Love Floral Design,ChIJd2qhllT5Z0gRVVHbNVP3yFE
STEM Consulting Engineers,ChIJI98_2pgJZ0gReFv74MCyR_8
Sten Logistics,ChIJ8aZH5I0MuEkRuBWzqyaR6gY
Stena Line - Dublin Port,ChIJK4QaxA8PZ0gRXsHV1LdmTv0
St Endas Family Practice,ChIJvzsi9r8LZ0gRRAxyoyFg0k8
Stenics Media,ChIJabwt9_gOZ0gRAunigozgevk
Sten Stone Ltd.,ChIJ1Uoo9HttZ0gRFF3KW1ICTng
StentAI Ltd,ChIJyVWBAeV_XUgRMAoVgBBOLjY
Step-by-Step montessori & Early Learning Centre Carlow,ChIJZcPJR0VdXUgRqsXrCRb2a7Y
Step2Magic,ChIJ3b2i8zoLZ0gROni694y_sB4
Step Ahead Footcare Podiatry & Chiropody Clinic,ChIJ8YL1ly83WUgRFPAZWSBYhgM
Stepaside Dental,ChIJ2d5ExLYJZ0gRzET00Hnd60k
Stepaside Educate Together National School,ChIJFRyFz84JZ0gRjPeQRubd4Ow
stepasideetss.ie,ChIJcXbAz84JZ0gR84-32ZjbB_c
Stepaside Eyecare,ChIJZSV3Ir8JZ0gRoOpze6sIk4I
Stepaside FC,ChIJIYAgclMJZ0gRkZ2Y0JWukEM
Stepaside Golf Centre & Driving Range,ChIJv23hNMQJZ0gRWUAj7G61L_0
Stepaside Golf Course,ChIJS5u0lsgJZ0gR149wRS8Zuho
Stepaside Medical,ChIJqWzK-okPZ0gRQGz4BthwqDY
Stepaside Santa,ChIJyzU0-ZAJZ0gRKy7wR8Zx99c
Step-A-Side Systems,ChIJU71FFcYLZ0gRL9eX4SuP_40
Step by Step Reflexology,ChIJ93hBYOgRZ0gR0CgvQSCfy4E
Carol Mills Step by Step Counselling and Psychotherapy North Dublin,ChIJYZcgs6kYZ0gRa0uICGLAHF0
Step by Step,ChIJsU_4-TrAXUgRTGnCVlUG-5Q
Step by Step Crèche & Montessori,ChIJtVwHLBdGXUgRZCnpvZY1rpE
Stepcare Clinic,ChIJ7bEPtdY5Z0gR_zZZ2EouQSo
StepChange,ChIJre18u5wEZ0gRpGwuarfho_Y
Step Forward OT Rehab,ChIJhdspgZEIZ0gRbkw9faAO6qk
Step Forward Ireland,ChIJ71TN2_4NZ0gRsT2Jg_isQHo
Stephanie Barnes - Play Therapy,ChIJgevtItrxXkgRWuQ_Z9Ubxkg
Stephanie Joy Photography & Visual Artist,ChIJR13BLbMOZ0gRy-DtfIu4zYw
Stephanie Porter Make-Up & Lash Lift,ChIJhfK_EMT7X0gREPWwg1IjMag
Stephanie Quinn Suantraí Psychotherapy,ChIJE1ZwLR7PYEgRuCC7c7J5RdE
Stephanie's Touch,ChIJT2fXJ-SCXUgRkQ2t_SRxRDw
Stephen Gaffney,ChIJyZ6pTekNZ0gRcwvMbmWHJzs
Stephen Bennett Studio Gallery,ChIJef9zEHQSX0gRXXJplYV9Reo
Stephen Brennan Orthopaedics,ChIJF31SjS-QREgRdhMb2NR-CIQ
Stephen Butler Coaches,ChIJedAzQc58Q0gRxMRhqd_22Ec
Stephen Cooke Counselling and Somatic Therapy,ChIJN4IveSuFXkgRn4M3iyrDuB8
STEPHEN EGAN & CO,ChIJH4hwd7oPZ0gRLwdVkBvO8TY
Stephen Hannon Tarmacadam,ChIJ4SAlSmULZ0gRknRLFXfTaJk
Stephen Harris Heating & Plumbing,ChIJPV9dkkARZ0gRaM9a0JoJUmk
Stephen Hurley Health & Fitness Arklow,ChIJJ51zcNDDZ0gRQicXdY-hyu8
Stephen James O'Neill,ChIJvT5tFCgMZ0gR6hcj5nULoeM
Stephen Kane (Furniture) Limited,ChIJZTUZoU5DZ0gRDzSd4hsMZJw
Cllr. Stephen Keary,0x485b379d7c584e21:0xd5a177c87b0bf1f1
Sligo Taekwon - Do Club,ChIJP_QMj9vpXkgR8koM-uCFboE
Stephen Leahy Bus Hire,ChIJh3iquLcPW0gRBWpq7by5TAA
Stephen Malone Painting & Decorating,ChIJt_Utx5AMZ0gRl9Fov9GiApo
Stephen Mason APS,ChIJuXmEG8njXUgRTqCJkd4yBKc
Stephen Mc Donald Electrical,ChIJZbbOYQjvXkgREkwv-sD2Im8
Stephen Miller Packaging Ltd,ChIJAZHbFP0IZ0gROa7VzGm4KCo
Stephen Noonan Solicitors,ChIJOeG6x6IOZ0gRL13r58p_Hro
Stephen O'Connor & Co Insurance Loss Assessors,ChIJf3Kj1S_SYEgRd8iyAjOI_t0
Stephen Olwell Opticians,ChIJ9aZM-J3TXUgRad21oWEjhvE
Stephen O'Sullivan Photography,ChIJwdb33UUNZ0gRwvjrdUqwpag
Stephen Reeves Auto Crash Repairs,ChIJP4WjGKBBZ0gRmncvImuGwgY
Stephen Reid Consulting Traffic and Transportation Limited,ChIJBxgabWcaZ0gRkDKyaYsSrvY
Stephens Catering Equipment Company Limited,ChIJr5YI0RVwZ0gR90X_bpDPM4M
Stephens Cooke + Associates,ChIJeeApkRzAXUgRdq3QvoLWIMU
Stephens Display Solutions,ChIJyyCibOyPREgRLhywFwbK1xA
Stephen's Green Shopping Centre,ChIJsyP0p54OZ0gRfKESW82zxqE
Stephen's Green Club,ChIJHZNIUZkOZ0gRYth43PmqnQI
Stephen Sharkey Interactive Design,ChIJU7VM5T4MZ0gRismWoc1jJXU
Stephen Sheil,ChIJhV_HLOe3XUgR9EmaxwLK4AA
Stephenson Burns Solicitors,ChIJ5SDMfMEIZ0gR-98cAJWP-hs
Stephen S T Bradley,ChIJ8fJS05gLZ0gRiQDEzcfC7SQ
Stephenstown Pond,ChIJAUkJ_67LYEgRQczVMmDAV54
Stephen Thomas Male Grooming and Skin Clinic,ChIJ-4eyJJ0OZ0gRj3Qp2LNNV9Y
Stephen Trevor Taxi,ChIJ6VsyrVubREgRY5cDObUFCkU
Stephen Walsh & Co.,ChIJaWiy3Lx4Z0gRrW4ikeTsgL8
Step House Hotel,ChIJ54QKCWJOXUgRTtl45vwMfUg
Steph the Sunflower Celebrant,ChIJb9P372RdW0gRpUWKEDG-mm0
StepIn Supported Living Networks,ChIJnQWh2FIjXEgRaZbZyRgBMeQ
Step Indoors,ChIJp0ndAYkSZ0gRKH7xzn9cLoE
Steplift Ltd,ChIJJ6t8gQR0Z0gRnkf_3uRdtUI
STEP Online Language School,ChIJ6USQGh4MZ0gRT85ZQVxGdEM
Step Motor Repairs,ChIJU4aMK9h1Z0gR5asJltHz_SU
Stepping Ahead Clinic,ChIJueaF1XqQREgRmjZnBe_kHgI
The Stepping Stone,ChIJYz2VQWFCRUgRr5AxEeV2xR0
Stepping Stones Residential Care,ChIJO7zDJ8cIZ0gRkFQRnoCMems
Stepping Stones Childcare & Pre School,ChIJW-SWIwk1RUgRMnEB9IsVG6g
Stepping Stones Creche,ChIJI4arRvF0Z0gRr-9PFBmL6eE
Stepping Stones Montessori Preschool,ChIJy72u3GgMZ0gR054P30NoyAc
Stepping Stones Early Learning Centre,ChIJuWOJdtFNXEgRMfGaTzI5Z50
Stepping Stones,ChIJ89LkQsd_XUgRthu2pPJt_5A
Stepping Stones Photography,ChIJUezAO9ARZ0gRiN1h4ACHQyg
Stepping Stones Special School,ChIJdQqjTalvZ0gRbA-cyZitTqo
Stepping Stones Therapy,ChIJNyfIV7v5XEgRkIVs-vfuYj8
STEP RIGHT Footwear | Foot Wellness Specialists,ChIJOfP9IZzGQkgR30Z5xhnOUQ4
Step Right Foot Clinic | Waterford,ChIJPwGPIZzGQkgRkuSgus6PTUY
StepsBackThruTime walking tours,ChIJt5lYzQrnsgkRSkE7W1ifYFE
Steps To Maths,ChIJC5CHvFwFZ0gROzsW93RmEZ8
STEPSTONE Consulting,ChIJASZLWyEGZ0gRYadp0M3GF-g
StepStone Group,ChIJFUaYSZQOZ0gRMran2NsaF-g
Step Up Dance,ChIJ6a9DLWlcW0gRgs7xTBgncIs
Step Up Electrical and Security Contractors,ChIJuVaP21FdZ0gRu6BviN2gg5E
StereoSonic Sound Engineering,ChIJr2KLrGNiZ0gRycRp22uSpR0
Stericycle,ChIJg7-GrrENZ0gR1t1MedmCpNA
Sterio Renewables,ChIJT0UrSfyBeYoRRMTHJuNpasc
SteriPack Ireland Ltd,ChIJSbHwk7fqXUgRz-kBHmX2Qzo
STERIS Applied Sterilization Technologies,ChIJjd-1249kWUgRdCcok9-aF_I
SteriTech Process Solutions,ChIJ4xzOckroXkgRlhb5s0zeUYg
Sterlatell,ChIJA3XjHn0PZ0gRAfrw-fcVC4c
Sterling Pharma Solutions,ChIJH4f5M_ODREgRv8k-bIuobRs
Sterling Physio,ChIJfbgifQCPXEgR6_Uh0qHywx4
St Ernans NS Delvin,ChIJO3Oh3SbyXUgRi7b51YIulmc
sternplastic Production GmbH,ChIJtYeJL_5hREgR9gyZdZ52UZ8
Sterval,ChIJ6e_r-FB7Z0gRl6AJq12oWr0
St Eunans GAA Club,ChIJ4yGXhtWUX0gRnEGCtX1AFC4
St. Eunan's Nursing Home,ChIJXeg5KzeoX0gRyy4aExcKrRc
St. Eunan's Cathedral,ChIJxTaUXMyUX0gRgGShJDViw5I
St Eunan’s National School,ChIJc_h9eZOpX0gRDFo5z-7PDZE
The Bradbury Gallery,ChIJi1y-h6sHZ0gRzuEk40rhYlg
Steve Burke Photography,ChIJ7fhgYhVzZ0gR9SJ4kCdd_K4
Cannon Fine Art,ChIJc0aD0xlMWkgRwBrmDiyLB30
Steve Jay Appliance Repair,ChIJXav3TgcZQ0gRZjyhygFrx_s
Steve Larkin Architects,ChIJ2563bI0NZ0gROviln5-LTWg
Steve Moylan Construction Services,ChIJWdS1h6SbW0gRgfdIIwRp0wc
SteveMpotter.tech CNC Woodworking and electronics courses,ChIJpQM19J_NYEgRQAgvdX6NNZ8
Pace AV DJ Hire,ChIJFxKAaA-vZ0gRpqW67DZjAag
Steven An,ChIJlei1yA8MZ0gRlzSC_4mkjV8
Stevens Exterior Cleaning Services,ChIJicsXBV3tXkgR3d3cqo15KCw
Steven Farrell Art & Design,ChIJt_U-9aYPZ0gRFS1HqAm7nzc
Steven Kelly Photography,ChIJuwI-yJ33Z0gRk7f9woPK_7s
Steven Lee Cleaning Services,ChIJ0dONa_J_XkgRXOxpyY6YAjI
Steve Noone Landscaping,ChIJC_eZYgDoXkgRxIaaOzjxLqM
Stevens Jewellers,ChIJZ_256cyUX0gRMeiotlzDFu4
Steven O' Riordan Counselling and Psychotherapy,ChIJn0Wqj-KfVooR6PEfNycQpxk
Steve O Connell studio,ChIJ9zqkNprGQkgR1eImKys0PQ0
Steve Rogers Photography,ChIJD_aPPQbNXkgRDvcrtrle0C0
Steves Driving School,ChIJ6UQXHnmSXEgRK2kup27HlZg
Steve's Online Marketing,chij43vezimcaegrsiacz502_xs
Steve Spade magic,ChIJg11Kl8tcW0gRX6Qgzfm4d6Y
North West Draughting,ChIJUROCtG7hXkgRGEVjfgB5xsY
Steve Weldon Photography,ChIJKZuzP_sIZ0gRwMtXvADTtMs
Finishing Touches Painting & Decorating,ChIJg3cZzOqxYEgRg-IBzLeW8pQ
Team Stevey J,ChIJ5YysFksRZ0gRYKPSApSGM1M
Stevie's Garden Machinery Galway,ChIJucXTJcGWW0gRP7HznqOqJho
Stewart Construction,ChIJV9FezJYOZ0gRxfNcY056UvE
Stewart Agri,ChIJwVRFKRTrX0gR_32nS5dW2ms
Stewart Andrews Engineering,ChIJRZQXMrQHZ0gRz3G3jUYiPEk
Stewart Family Farm,ChIJ5wNFczgtXEgRiLTOQA8XoZE
Stewart Foil Ltd,ChIJhwUf24QSZ0gR2d_CbXF909c
Stewart Property Solutions Ltd,ChIJY3XL2fB4Z0gRZzqDApaOqHs
Stewart & Russell,ChIJ-06wfoWlXUgRrwoykxBYeio
Stewarts Oil,ChIJPYEdVl-XXkgRb_en4kMfNa4
Rossecourt Training and Education Centre,ChIJ56ediBtzZ0gRULhn0CenJZw
The Coach House,ChIJ9U-kAyYNZ0gR0QM1q4PyIa0
Stewart & Sinnott Studio,ChIJeZP_O5gOZ0gRGJT36n6gDQ8
Stewarts School,ChIJoS7aXC8NZ0gR_F-Am00ZTZw
Stewy’s Barber Shop,ChIJI_L0QMITXkgRxd17hwQw70k
St Faithleach's GAA,ChIJY4Vd0FEuXEgRojYEn0hv_k4
St Farnan's Post Primary School,ChIJgTovxv97Z0gRODl_edEWSMU
Cross National School,ChIJm-92kh3oW0gRRvV8MG26z8A
St Felim's National School,chijbzst_delxkgrb2sczo0a9ec
St Felim's National School,0x485e0dcd45dabceb:0xf4d4f2e3953e480c
St Fergal's National School,chijt-vrfmbvq0grpqsmlpswfoe
St. Fergal’s Catholic Church,0x4867a7d556fd73c5:0x5427158110633689
St Fergals Junior National Catholic School,chijq_6wh8enz0grq1a3fktnj7c
St Fergus National School,chij-7lxvogmw0grnzozue3-hfy
Saint Fiacc's House,ChIJpxXXKK9CXUgRnxU1iQ2HTqU
St. Fiacc's Catholic National School,ChIJG0hJgnBDXUgRiY5RCpv1Z_g
St Fiachra's Junior National School,0x48670e33b2f72ddd:0x4374d40ce64cfc3b
Saint Fin Barre's Church of Ireland National School,ChIJ5_HcmSKQREgRaaakJpL5GfE
St. Finbarr's Boys National School,ChIJV-py5sYNZ0gRIV_5ccECKcw
St. Finbarr's National Hurling & Football Club Togher,ChIJHSYyEtGPREgRpP88wo3vDbo
St Finians GAA Ridgewood Pitches,ChIJ396z1wgRZ0gRpnZFTfP04Vg
St. Finian's Community College,ChIJkaocZOgQZ0gRLzSi0-Y6QTk
St Finians College,ChIJwWp3xiTAXUgRIHEsFIjG0uw
St Finians National School,ChIJBSwDNaUzZ0gRhFvPVAabloE
St Finians GAA,ChIJjQh7IlVxZ0gRchKRJ2ylJ64
Our Lady Queen of Heaven,ChIJrbtGL7ERZ0gR5-8Zy4m2eF0
St Finian's National School,ChIJ9ztxdC1xZ0gRa941-IhIbD4
St. Fintan's High School,ChIJd_Nc6SMFZ0gReIvr5-tzH4w
St. Fintan's National Catholic School,ChIJDb-K6OUEZ0gRIpspO2zt9kY
St. Fintan’s Parish Catholic Church,ChIJG9MBFd4EZ0gRvMbqbjKMI_M
St. Flannan's College,ChIJhcP07CoTW0gRYn-qvBOt_LM
St. Francis Animal Dispensary,ChIJ7z7eEfYMZ0gRolrAqt-MDgM
St. Francis College,0x484484e859128f6f:0x757fbba06ce493bd
St Francis Credit Union,ChIJsXuvwtISW0gRe-w6kjNHORg
St Francis Football Club,ChIJSa1qgDlzZ0gRVPPtdsTxmdQ
St Francis' National School,ChIJ2wZ1XQqpX0gRNNkrYXBT-PU
St Francis National School,ChIJNbZI4FvMYEgR7a6_kKXN_ps
St Francis of Assisi Primary School,0x48671aab967dbe11:0xcfc033497b3888c9
St Francis Special School Portlaoise,ChIJYSzc98sNXUgROHt5AqVOZsM
St Furseys National School,ChIJ2ZOgbXvMYEgRecbQVaxBdtw
St Gabriel's Hydrotherapy Pool,ChIJiZwiF2RbW0gRiKGJbJii_WQ
St Gabriels GAA Club,ChIJFdx09hZuXEgRK8880qZeC_Y
St. Gabriels National School Stoneybatter,ChIJ5_UDWzMMZ0gRBOeEIWjlq3k
St Gabriel's Nursing Home,ChIJs5i5K-4PZ0gROSfMSqJSWLI
St. Gabriel's Parish Church (Dollymount),ChIJZyfO6Z4PZ0gRWdQ6tzIKBiw
St. Gabriel's Primary School,ChIJr9nJaOYMZ0gRmORncNYsLwo
St. Gabriel's School,ChIJE3m5m2ZbW0gRDdxFFwSS91E
Caroreigh N.S.,ChIJ1WIFfaWoQkgRJ1wooFwv5G4
St George Guesthouse Wexford,ChIJFR86ZFsbaEgRNIrskA4OVoc
St George,ChIJKXoHkXY7Z0gRSD8YwUoTFh4
St. George's Indian Orthodox Church,ChIJzV81cABFW0gRWl7vXFqhW1o
St George’s National School,ChIJScO52e4iZ0gRyiaI98uxfQY
St. Geralds College DLS,ChIJiacn03hdWUgRpMFfErs_nE4
St Gerard's Catholic School,ChIJnQjIctunZ0gR3VbNOLBwrhs
St Gobnait's Nursing Home,ChIJafKNKydLW0gRwNhxjDKmFwA
Skibbereen Tool Hire,ChIJG6nd_ZWlRUgRUtigzDtvz0E
St Helens Hotel,ChIJt426z2UXaEgRMtAbROJAOrM
St. Helens Bay Golf Club & Resort,ChIJ2XwrKCcYaEgRT6g4q8xeT0U
St. Helen's Junior School,ChIJSdyKrGUbZ0gRUs9goEV47Oo
St Hildas Special School,ChIJa2WxrAhJXEgRQg1IcRTQ2hg
St. Hilda’s Services,ChIJDW58Sg9JXEgRhYbL6Mnunmc
South Tipperary Hospice Movement Office,ChIJ_XjsbuQxQ0gRPAvQUYGcQU8
Sthoee Lifeguards Dublin,ChIJ2eiaUSkPZ0gR97t7xMWFTCc
St. Honoré - Sligo,ChIJS-nTff3pXkgRhIIde3_EpVc
Safety Technology International Ltd Ireland,ChIJ-Wemmp_BQkgRSncWP8tIpNo
St Iberius National School,ChIJLY7WAFwbaEgRfX_SRZBzb9s
STICK IT - Tints & Graphics,ChIJuQqs95alXUgRnW2ak3MxP60
Stickers24.ie,ChIJw9PeCCMHZ0gRS4YFcRHgsb4
Stickers and Number Plates - Midland Vehicle Accessories,ChIJ76uODNPpXUgRIn-PYSMEnrA
A Change Can Happen,ChIJSRsjL16PREgR0GZ95YFTFTQ
Sticks and Stones,ChIJnX5LVvAOZ0gRe82MvnWgaac
Sticky Business,ChIJ4QU01CptW0gR6cerSbSmqLI
Sticky Fingers Ltd,ChIJZYGQ1jdxZ0gRtZ6Rit64Z1U
Sticky Songs,ChIJXzlFFAYPZ0gRzkYkZbWBAmc
STI Clinic Dublin - Himerus Health,ChIJh511syEMZ0gRGlQtUIjsVhw
STI Doctor,ChIJBWHZTH4OZ0gR5TF9z9Kzs68
Stiebel Eltron Ireland,ChIJe3NAOcMTZ0gRdv_7NKxnMyg
Stiga,ChIJ68J2spyvXUgRddXGmczQhzc
St Ignatius Catholic Church,ChIJF_3NF_mWW0gRqjcGptAkqNU
St. Ignatius Noorono Jacobite Syrian Orthodox Church(Worship at Knockmitten Church),ChIJX-1ld6dzZ0gRIkOoChvn5q8
Stiles Events,ChIJZbB4FT4PZ0gR2iq3kr0ZSx8
Still Beauty,ChIJNYbCISkfXUgRKEPfO1gl2Ic
Stillgarden Distillery,ChIJg9r6QEoNZ0gRPSow60rtxe0
Cathal's Computer Clinic,ChIJYQ4NehkJZ0gRDPjz7mTetpI
Stillorgan Appliance Repair,ChIJTZDKqhEJZ0gR3mR_wiVR7KY
Stillorgan Carpets Ltd,ChIJI7o4nx4JZ0gRiDr0GjzLpps
Stillorgan Chimney Sweep,ChIJjYk9jEALZ0gRKHsJaEAVdqI
Stillorgan Chiropractic,ChIJ92eN7x0JZ0gRPb1AczGrZws
Stillorgan College of Further Education,ChIJh-FozR8JZ0gRQ9wCw66zvdA
Stillorgan Cycles,ChIJZ2KZ8eEIZ0gRzbcYTgWj7hQ
Stillorgan Decor,ChIJeyBPzhYJZ0gRvQCYvZO1NwI
Stillorgan Electricians - Affordable Electricians,ChIJyRTe9a0JZ0gRw4BmJ4UnpeU
Stillorgan Gas,chijkxkc1n0iz0grghpfpryop8m
Stillorgan Holistic Center,ChIJDxeT-98IZ0gR4mO1YjFiHhM
Stillorgan Motor Company,ChIJg8RyDwwJZ0gRu--tTxjChz8
The Stillorgan Players,ChIJa5HX4OIIZ0gRVURkbKjCPSs
Stillorgan Podiatry Clinic,ChIJS91NPMgJZ0gRMfUXbzW5dT0
Stillorgan Rathfarnham RFC,ChIJA07oFD4LZ0gRTukjzDsSPwo
Stillorgan Village,ChIJeyBPzhYJZ0gRh4Yu36quYbI
Stillorgan Village Dental Surgery,0x486708e1f0a0c4c3:0x4e69f0f29984c621
An Post,ChIJgx52GR4JZ0gRW451IzskH_Y
Stillorgan Window & Gutter Cleaning,ChIJ3ejabGULZ0gRz6DRJAZvaW4
Stillorgan Yoga,ChIJTyuSaOEIZ0gR_eJ73fWxDME
RTÉ Stills Library,ChIJHaIRGssOZ0gRczoaqlOAkrY
Stillwater,ChIJFTDGJJ0OZ0gRTcYY0olVZ3c
Stilt Walkers Ireland,ChIJ4z24jWoMZ0gRObGU2VKGdZg
Stimare Limited,ChIJgdBshV0HZ0gRgToos0m60go
Stimpson Motors,ChIJmZFl9LcPZ0gRVtLN7CZuNqc
Stina Flowers,ChIJFWfW1XKBZ0gRiMpELeGHMyE
Stingray Environmental Engineering Ltd,ChIJHwFUC_E8Z0gR8uzR8LES-QQ
StinuYoga,ChIJb-j3YTzHM00RWukBpLUOChE
Stira Folding Attic Stairs Ltd,ChIJcdbvjrwHXEgRyFmUsNA0iqU
Stir Fry Shanghai House,ChIJV-9FEJJ5XEgRJ_NOb8zGyDM
STI Screening Cork,ChIJ2_niZteRREgRuG_jz5mvkHA
St. Ita's AFC Ballymastone Pitches,ChIJmV20a9MbZ0gRIRCvvUx7E_M
St. Ita's & St. Joseph's Primary and Post Primary Special School,ChIJSyjR4WI1RUgR-t4JjZ-FHnc
St Ita's Day Care Abbeyfeale,ChIJpf3Gbt7VWkgRa44Zoz9eORQ
Scoil Ide Naofa,ChIJPxJqkhl5XEgRwl1nttUoAmg
St Ita's School,ChIJdXcDyhg6Z0gRawuINvWnuFU
STITCH AFTER STITCH,ChIJncvcFOZbWUgREHAv-gR1Vjw
stitch and dry clean,ChIJ14WPeeJ1Z0gRYuIeUDUCy88
Stitch A Name,ChIJpZabT_AQZ0gRUL5tSLNJWqA
Stitch and Style,ChIJs7CjxQibREgRJHfaJVp7kJ8
STITCHBOX - PRINT & EMBROIDERY,ChIJgXs2diIbZ0gRcbepBS3lqXg
Stitched Studio Ltd,ChIJjVQgPYN_Z0gR-GFz5UnQPug
StitcherAds,chijt0yyyccpz0grsvqkaabfvya
Stitches Alterations & Haberdashery,ChIJ89lL6--WW0gRyJIhNFP0nsc
Stitching Fairy,ChIJ3W9tuq9yZ0gRLBT4Rg0qpv4
Stitch it Bernie,ChIJKRpTyrG5X0gRfLqv9lg9cqs
Stitch It Brand It,ChIJ8QtfY_c8Z0gRZRN--XAE1tY
Stitchlander Dressmaking & Alterations,ChIJ11AeW50xQ0gR76idKP8vkoY
Stitch Nation Gift Shop,ChIJo-8OLJkBaEgRSl0Nh9uTrCA
Stitch n Design,ChIJ_XRJxNmFREgRoG6EBzz_MYU
Stitch 'n Knit,ChIJURyJrAVJXEgR-jk4tMCH6hY
Stitch'n'Print Limited,ChIJ7TXUvrhzZ0gRvOUYgGgc7P4
Stiúideo Cuan,ChIJvwXzizC7W0gRX-jLUP-P7M4
St. James' GAA Club,ChIJ4WViamFRREgRfyXJHphVp3c
St James's Hospital,ChIJe9ijRjgMZ0gRxm3aoBkMbTY
St. James' Church,0x484ffbc423be43a1:0xc73b4c42034885d5
St James GAA,ChIJt-zcXVeXW0gRhcTCmDvmmLo
St. James Gaels,ChIJC2T-jmgMZ0gR7mhc0VlbX1A
St James Gate FC,ChIJvUvZV5MNZ0gRMeqLDIKQFoA
St. James's Gate Medical,0x48670c3a77319007:0xaf07909df1dc0e42
St James's National School,ChIJv9RaxHwfQ0gRC7eoBhBPA4E
St James' Church,ChIJeRLCEDoMZ0gRsOeDkfG3MSI
St. James's Private Clinic,ChIJVStU9zgMZ0gRAbrOy-GYb2I
St James's Private Radiology,ChIJI1ey7kYMZ0gRlfrYlzvk04Q
St Jarlath's Credit Union,ChIJ7zZqhLT2W0gRvK460gii3LU
STJENG LIMITED,ChIJwy8zqvbeREgRikYYmYoMtD8
Scoil Naisiunta Iosef Naofa,ChIJBYaKy1ZdXUgRKSSJhUmWTq4
St John Ambulance Ireland,ChIJe_u0VLsOZ0gREVDQd9LgAXY
St John Bosco Community College,ChIJIf9CsSc9W0gRv6-AN9fts1E
St John Bosco FC,ChIJebPe1l0MZ0gRMQnsie4G3TU
St John Bosco Junior Boys’ School,0x48670dbb3f59013d:0x88dc54f50d5f6bb
St. John Ambulance Ireland - Mayo Division,ChIJUe0X1Z9dWUgR9NC5eUJF980
St John of God,ChIJrS5It7zGQkgRn5rVkSJru10
St John of God Girls National School,ChIJp7JH780PZ0gRa5dTvL8jp18
St John of God Hospital,0x486708e49fd1178d:0x688004ab89b5c8ca
St John of God National School,ChIJ3fSwTZkwXUgRb0tNnhOMfmw
St. John of God Special School,ChIJeTu6T04MZ0gRsGHtei2n55s
St John's Parish Centre,ChIJ75shXHo1RUgRv1mOc7eDUCk
St Johns N.S Ballisodare,ChIJXYdHl5LBXkgRs6pnuk6F0rk
St Johns Education Centre,ChIJ-eQ4cQYOZ0gRuqxdDf37gdI
St.John's Church,0x485b54322820e399:0x9f793e3c94f863f1
St Johns National School,ChIJxck0F0dzZ0gRcncb9jQz7Vw
Cuddles Creche,ChIJvUELsASQREgRAJdpYhnQL9Q
St John's Dental Clinic,ChIJ9YufD3s1RUgRGI4gnrzeBdw
St Johns GAA Club,ChIJP5EKacHpXkgRODNqcTfc44I
St John's GNS,ChIJvWb3i9uFREgR9TKJMph5tTQ
St. John's Hospital,ChIJucJPTGlcW0gRLz-qAy1F5UM
St John's House,ChIJG0_5-NQOZ0gRVjwi6KiAyWM
Church of St John The Evangelist,ChIJAzfZuQo6XUgRwCIU5_F4x0A
St. John's National School,ChIJaeWcv4HTXUgRIMA329hecJ8
St. John's National School,ChIJd4DvvzpAW0gR6jhzozYruOU
St. Johns's National School Ballybrack,ChIJhX_85t0HZ0gRI9ULWAcA1bE
Cratloe National School,ChIJR40EjOtCW0gRvOVtPXm3jZs
St. John's National School,ChIJVVzNT5naXUgRC2J49yvm96k
St John’s Primary School,ChIJZyGlJI45Z0gRrqkRiXZICaI
St Johns Parochial School,ChIJT_X9HaA1RUgR6mq0DrTVQ9I
St Johns Senior National School,ChIJU5WG9Qs6XUgRxMHzce_U4ZM
St John's National School Sligo,ChIJF0C7yMzpXkgR-voKodWZI0o
St John's Special School,ChIJR1GZ2SEYQ0gR-xOb_bSHPPE
St Johns Junior National School,ChIJ9TmlFnU6XUgRGxBbMhyiSZ4
St Johnston,ChIJ_2OnUsfnX0gREJIxl6nHAAo
St John the Baptist National School,ChIJnXiGRy5jQ0gRqZKzLASkZyw
St John the Evangelist National School,ChIJ8y80-blzZ0gR_jX8KeOUY2Y
St Joseph's A.C.,ChIJxVYx7HS3QkgR0F9n1iFgj1s
St. Joseph's Roman Catholic Church (Ballytivnan),ChIJQVgjvUfoXkgRQASnNj2Z2K0
St Josephs Primary School,ChIJvQBMPD7nW0gR1aQUZ-TO4GI
St Joseph's Boys' National School,0x48677344a64cd3af:0x216c6c12b5e8d4cc
St Joseph's School,ChIJPzRArlwNZ0gRI4C3v3ZNRcY
St Josephs Nursing Home,ChIJNakRTtnSQkgR73LEZJIt1qE
St Joseph's Secondary School,ChIJR2wof6BdWUgRFuUVUusdRl0
St. Joseph's Church,ChIJh7bbNvQOZ0gR65v3NNfptdM
St Josephs Girls National School,ChIJmfZ2LudWREgRnwx_lCkGoDs
St. Joseph's BNS,0x4860b22e4afe548d:0x7453e9afca46b79a
St. Joseph's Co-Educational National School,ChIJ_d2VY_cOZ0gRMWvZ2kQa8D0
St. Joseph's College Borrisoleigh,ChIJU8Bbd7zBXEgRJK1mXhddItU
Saint Joseph’s National School,ChIJFdFQSdkPZ0gRh2RtJ_80gdk
St. Joseph House,ChIJbW6XOwAJZ0gRLv5AMekcKRs
St. Joseph's CBS Secondary School,ChIJM4gAM1oOZ0gRA2ybZJTlDcc
St.Joseph's N.S Barrack Hill Fermoy,ChIJ4ffP-UdfQ0gRWZK74b6YN7I
St. Josephs Foundation Liskennet Equine Therapy Centre,ChIJv2ggO1JJW0gRthKQPpWStQ8
St Josephs Secondary School,ChIJhwgozUJPWUgRu0KVuAoGQr8
St Joseph Primary School,ChIJXV0m5k_mZ0gRrqOi1m3PCgo
Saint Joseph's Infant School,ChIJiemhebWzREgRH8PyoMp7CzE
St. Joseph's Junior National School,ChIJRevRCf0RZ0gRlg-WfryGYj8
St Josephs National School,chijoqclhd9kz0grcqnsqmd91sm
St. Joseph's College,ChIJpXszeFpyZ0gR9ZN6hHOOv54
St. Joseph's Nursing Home,ChIJ7TU5C6v9XUgRvOG0WTwIw_8
St. Joseph's National School,ChIJSf5PS4g6WUgR01rnR_cLdX4
St Joseph's National School,ChIJPfwpMr7TXUgRlbl6vaWBZ0A
St. Joseph’s Church,ChIJU4JMH2NcW0gRmiX2LzxTW5M
St Joseph's Pastoral Centre,ChIJVTck_0KfYEgR8tbBtzXUop0
St Joseph's Primary School,ChIJf6YCUScYQ0gR7hlwbBBHHck
St. Joseph's Catholic Primary School,ChIJAUmp8K3lREgRDF9E78RQvJ4
St. Joseph's School for Children with Visual Impairment,ChIJ34SPgEEOZ0gRiCdxIF9PU0I
St Joseph's special School,ChIJDZvQ_V-WW0gRK7IkGaly7bo
St. Josephs Bed and Breakfast,ChIJGzNX9JM5WkgR3_aXfFxom_s
St Joseph's Secondary School,ChIJqWzxkTYZZ0gRq6-wwCW9znw
St Josephs Convent of Mercy National School,ChIJOa7VXJWlRUgRCu4sqDnNh90
St. Joseph's Senior National School,ChIJk5bOz_0RZ0gRU0yGT5ZoZNE
St Joseph’s secondary school,ChIJ6WEd-_8DW0gRswdOSSnUyew
St Josephs Special School,ChIJ473Gs57GQkgReXDEt1obU5s
St Joseph's C.B.S. Primary,ChIJw1vECSE6Z0gR4i6hdHj0eHQ
Saint Joseph's Church,ChIJOSZY1_ULZ0gRHpDi7IKtfzg
St. Joseph’s BNS,ChIJv3cr0PULZ0gRmaeYcojogeU
St Joseph's Primary School,ChIJBzTfpm6yXEgRBxZj1ujHVy4
Saint Joseph's National School,ChIJmStP2YOlXUgRvGQpkY1ND-E
St. Judes GAA Club,ChIJOzTXKXALZ0gRHu0gq9pA1pU
Parish of St. Jude the Apostle,ChIJDdzFW3cLZ0gRUga7RjV2mXo
St Kenny National School,ChIJe5V9-X6_XUgRisuMIz7Adbw
St Kevin's National School,ChIJQY64MDOvZ0gR5diFUNaSR_Q
St. Kevin's Community College,ChIJnVy9wN5yZ0gRAX15Z6yzekY
St Kevin's Hall,ChIJJZEd9xudZ0gRunpwH9xMBo0
St. Kevin's College,ChIJAfBFJ-ANZ0gRSZ1RwrvRkCE
St Kevin's College,chijkrsln2wmz0grxm3jex16yxe
St Kevins School,ChIJl7mSWgSQREgRp2UI03Okv0A
St. Kevin's Church,73ae558f55f4e9366611d4a0c614f731
St. Kevin's Community College,ChIJ_Z7osEmGZ0gRZyXMtPf75y8
St Kevin's Family Resource Centre,ChIJobVVmlALZ0gR--J3OS7A73Q
St. Kevin's GAA,ChIJjXtAOfh8Z0gRmL-3UMhAJcQ
St kevins GNS,ChIJr4zSeFoLZ0gRGD2JhmO7TPw
St. Kevin’s Junior National School,ChIJR3BT41AFZ0gRlfKPR3My2qs
St Kevin's Killian's GAA,ChIJVSlvEaoMZ0gRo6TEjbZNFC0
St. Kevin's Boys' School,ChIJu5vYi1ALZ0gRINl9_HpAhNk
St.Kevins GAA,ChIJqTaRXgo2Z0gRd81tVDTIKnY
St Kevin's National School,ChIJQQJE8pHaXEgRnptPY27ZU5s
St Kevin's Church,ChIJ-UZnhNWXZ0gR_nWEMCMX4xg
St Kierans Nursing Home,ChIJHUaAmN_1XEgRPx-nNE26VHE
St Kieran's College,ChIJnRVndJswXUgROSEySIA6phA
St. Kilian's Community School,0x4867a62bf9ca860b:0xb507a6cb363e80aa
St Killians Heritage Centre,chijuaffyl7_xugrzakgrcappa0
St Kilian's Junior National School,ChIJj45e8SULZ0gRGCtJMerozv0
St Killians College New Inn Ballinasloe Co. Galway H53 KW93,ChIJwSqmN-1pXEgR3QEEfijF0N0
St. Killian's athletics club,ChIJ9egM7s8DaEgRbHoT6Y91AG4
St. Killian's Special School,ChIJyWsNiSeOREgRClSgRbomHBM
St. Kyran's Restaurant,ChIJZUVsaIH-XUgRt5sU2FhG_Z0
St. Laurence College,ChIJ0dCMsgsIZ0gRNx7T-Ml2U50
St Laurence O'Tooles National School,ChIJi9tGaYsOZ0gRec8PPgez5rg
St. Laurance O'Toole Special School,ChIJCW90-YoOZ0gRSmRKPrdeQnA
St. Laurences National Catholic School,ChIJK7SDAUmvZ0gRbC-ae0ahKDM
St Laurences National School,ChIJQXrItvJvXUgRdUuBfPmwVns
St. Laurence's NS Senior Building,ChIJuwQMSjcFZ0gRIM3DOzHQkdM
St. Laurence's BNS,ChIJsSJK_BsJZ0gR3en4Fn_AthE
St Laurence's National School,ChIJP8VuQeIMZ0gRbPg3KEin98Y
St. Laurence's GAA,ChIJYwif2uZ8XUgRS7GX-uAhz_U
St Leo's College,ChIJ85hjRVZdXUgRV2YR3YBxYmU
STL Logistics Limerick,ChIJCRp3JjBfW0gRAoQ9CTQpSR4
St. Lorcan's Boys National School,ChIJFxpjeCgNZ0gRtIwtdgzFxyg
St. Louis Infant School,ChIJlcHi4RwMZ0gRBxvnPh7wCe8
St Louis Secondary School Carrickmacross,ChIJu3hbVSOzYEgRkKGzvULFsAk
St Louis Community School,ChIJtUCAQzlRWUgR4upMfO0gRuY
St. Louis Day Care Centre - Senior Citizens Concern Ltd,ChIJkVoI9Uq5QkgRCL09lAl6I1Q
St. Louis Secondary School,0x4860cea788b2f79d:0xa364c02400dfef95
St. Louise De Marillac National School,ChIJ4TgC2d4MZ0gRy3axXZthkvU
St Louis Girls National School,ChIJM7MIjGifYEgRRJzcfH7Clgw
St. Louis High School Rathmines,ChIJ80PzXQMMZ0gRSqACTokOwEQ
St.Louis Infant School,ChIJZZYTMWifYEgRLpe_uHarrV4
St Louis Secondary School,ChIJPw7LHESfYEgRcsLAyI-4pW0
St Louis Senior Primary School,ChIJUXvNEB0MZ0gRXEuvoLvGUbI
St.Lukes,ChIJD9qUIbabREgRZo0aShmSGSY
St Lukes Home,ChIJl9LDsteaREgRDqvOnHt2Wb0
St Lukes Mixed National School,ChIJy_I50qCaREgRqSRj7U66l6c
St. Luke's Hospital,ChIJJ7UupPgLZ0gRayhP6NxCB1w
St. Luke's National School,0x486712c50fa727eb:0xc09541cf4902de5
St. Luke the Evangelist Catholic Church,ChIJcZEqILMSZ0gRXl3Mrd6NnB8
St Luke's National School,ChIJ23UIR1uFREgRklrvYZBLf6I
St. Macartan's National School,ChIJKRvCuhP9XkgRP2stgGLf34A
St Macartan's College,ChIJVyzSHESfYEgRpXZ68OvAbHI
St Maelruain's Church of Ireland,ChIJpZROD0sLZ0gRbcd6LkjQQug
St Maelruain's National School,chij5enurcb0z0grhppbq-iroxo
St Maelruans FC,ChIJp5LXprd0Z0gRCtZYy03-qJM
St. Malachy's Football Club,ChIJMZS9YusPZ0gR8AeSSqCMV8I
St. Malachy's Infants' School,ChIJB6McrgLMYEgRO22j1jtDiIU
St. Malachy's Mixed National School,ChIJmbo0SdYNZ0gRQQGo6jtoDmQ
St. Josephs Church,0x4867b964b060656f:0xb9311d50d191c0d3
St Margarets Donnybrook,ChIJCevQBsoOZ0gR2_GJ7kqIGJo
St Margarets GAA Club,ChIJdRm0UjISZ0gRKB2T-non9Lk
St. Margaret's Golf & Country Club,ChIJK4wrtxAYaEgREDf_zQ__JXc
St. Margaret's IRL-IASD,ChIJb02fvEAJZ0gRJPa-05KU2mo
St Margaret's National School,ChIJ-080DS8SZ0gRUJJNUkfTtvI
St Margaret's Recycling Ltd,ChIJ-080DS8SZ0gRHqnWK2OwMc0
St Maries of the Isle National School,ChIJ4xpcTxiQREgRMMdUTUkLwe8
St Mark's Church,ChIJPQF-NpAOZ0gRMFsdFcYhuM0
St Marks Boys National School,ChIJTxZUpnWQREgRVV1ZzTq_IHk
St Marks Community School,ChIJXTeQjLt0Z0gRkDNvoIDJN4M
St. Mark's Junior National School,ChIJRSy6LbENZ0gR9mK-tK9wcTw
St Marks Special School,ChIJe3_TT-V_XUgRtpKHr2WjlG4
Church of the Incarnation,ChIJIU_AQLx0Z0gRcN7tGTxXakw
St Marks Youth Club,ChIJxx_C17p0Z0gRm0zk34i3ric
St. Marnock's National School,ChIJL-kLgsQaZ0gR8BBy1aYAeH4
The Moving Crib,ChIJO8FCI4EOZ0gRKwZU9DPg4yE
St Martin's Youghal Bed & Breakfast,ChIJlaf2nwdtQ0gRX81PLuo5h1w
St Martins (Kilkenny) GAA Club,ChIJRZWVT4pAXUgRPy_5j8cOVzM
St. Martins National School,ChIJUQm_J191Z0gR8vlHr4kN40U
Muckalee GAA Pitch - Correct Location!,ChIJzx6uEm8_XUgRb1BpxyGCVsU
St. Martin de Porres Church,207435c2a393ffb6f36c58b1d148eda4
St Mary's Priory,ChIJIWqTKkoLZ0gRT0STr9eYJ8s
St. Mary's College,ChIJzZS7sB0MZ0gRnVtm8nw3UB8
Dick Kent Park,ChIJ7ebZNn7CXkgR9TNUaSUm27o
St Mary's Community Adult Education Group,ChIJC7JpIt5dW0gR4PpWUlxymig
St Mary's AFC,0x484490834295334d:0x948816f1362f76ae
St Mary's College,ChIJY0CuOOPDZ0gRqGBUIA0cJs8
St Mary's Catholic Church,ChIJlcak6gVJXEgRcovbFmbrDS0
Our Lady Queen of Peace Church,ChIJd4PZkKVJXEgR8a9uJp8yXlY
St. Mary's Badminton Club Dunmanway,ChIJpy2uN7oBRUgRxWmQ0GbfXBg
St. Mary's Secondary School,ChIJsROzFTAFZ0gRs5C2xlR73qU
St. Mary's Secondary School,ChIJ3aXPB483WUgRUg7e8bJHf6Q
St Marys Brass and Reed Band Maynooth,ChIJZftv0-FvZ0gRc804bC080rg
St. Mary's Boys National School,0x48677258519d8a59:0xfa4b15bd6ef1fbff
St. Mary's Boys National School,ChIJX68k6dYIZ0gR_YtJFyctzMw
Saint Marys Catholic Church,0x484335f5298f7743:0x128237c0451c84a7
St. Mary's Cathedral,ChIJvZHTJ3Y6XUgRAKDNqrwti5k
St. Mary's Secondary School Charleville,ChIJNYRiDe6zREgRc74BxoksZmE
St. Mary's GAA Club,ChIJN_Ch3e0xQ0gR7N5aQonVUr4
St. Mary's College,ChIJl5EdVOp4Z0gRZDCA-5sHVVE
St Marys College RFC,ChIJpUU1YjcQZ0gRCO7rcageY0E
St Marys National School,ChIJsZIvPOPuXUgRdxonaXl7kXY
St Mary's Community Campus Limited,ChIJYbiiAZraXUgRESDaQyinet4
St Marys School for Deaf Girls,ChIJAVeSqb4NZ0gRi5985QzRdxc
St. Mary’s Parish Centre,ChIJ6bpNhiY6Z0gRq12eLRl3Dgg
St Mary's DS Sports Ground,ChIJ8-Qh1i06Z0gRdRi8MvBQEqk
St Mary's Catholic Primary School,ChIJR1GZ2SEYQ0gRR4U3UguJ9jA
St. Mary’s Secondary School Edenderry,ChIJmektSE6FXUgRnjyqVGMinx4
St Marys National School,ChIJUTN1CVwOZ0gRVGRBgnYxeHQ
St Mary's GFC,0x4867386281e63343:0x884ac649335dafb1
St Mary's GP,ChIJy3jTphOQREgRtIXISxQKC30
St Mary's Catholic Church,0x48670ebfcb0b6d59:0x3c79e975f598cbab
St. Mary's Secondary School,ChIJF4UuI3UOZ0gR3bi7Rx752yo
St Mary's Church,ChIJmR0kxL8EZ0gRLRv3ETvjd-o
St. Mary’s Primary School,ChIJTx-0KbsBRUgRWssFmw26g3c
St. Mary's Junior National School Rowlagh,ChIJ3b9JTGJzZ0gR7sa5tLWFTk0
St. Mary's Junior Boys' National School,ChIJkzWyBw6RXEgRt3sP98os0H4
St Mary's Senior National School,ChIJr0ldsB6dZ0gRZASD92mic3o
st marys knanaya church dublin,ChIJtUVVkbsPZ0gR8M6mYAtSOO8
St. Mary's,ChIJq-kk_ytVWUgRguJyC2uz2Ok
St. Mary's Catholic Secondary School,ChIJPb9-6EHlREgRaiRT4Cfv8VM
St Mary's Catholic Secondary School,0x4844b95088dd1587:0xd88245353ef5d8f3
St. Mary's High School,ChIJjTtvNi1jQ0gRDsg_zVnxflU
St. Mary's Co-Ed Primary School,ChIJ4ZY9lRvAXUgR4-jU8xocHqI
St Marys Secondary School,ChIJpcU6T1uRXEgRQo8aXSDjQi0
St Marys Secondary School,ChIJH0zZuEyxQkgR_WGhAm_2HBI
Aughnasheelin National School,ChIJbbGxLquFXkgRPAbXiELomss
St Marys National School,ChIJc5ycxsqFREgR11I0ANqzf70
St Marys National School,ChIJ8aI0VUHDX0gRZXDLGfhV9A4
St Marys Primary School Cobh,ChIJa7Z5GKeDREgRhndeJYi_wqk
St Mary's National School,ChIJx8367kJcW0gRw3SjCgv_6AI
St Mary's #2 National School,ChIJiYeSuVyRXEgRiU_qy1DWKsE
St Marys National School,ChIJm7unkRbAXUgRgaBrXZGcix4
St Marys National School,ChIJ217m458JZ0gRbmKlMnxt6pA
St. Marys On The Hill Church,0x48449049e2668a1f:0xf584822f84a304ea
St Mary's Catholic Church,0x484331e599914a25:0xc74cbcab71f0b97f
St. Mary's Parish Centre,ChIJNXIVwvdyZ0gRqDQ1rjM0z-I
St Marys Parochial National School,ChIJN_Ch3e0xQ0gRk0EjTN-zb28
Saint Mary's National School,ChIJed9UDQZJXEgR1IPgslD1nrg
St. Mary's Primary School Edenderry,ChIJcwdQLraaXUgR8mfExUK9mZI
St Marys Rugby Football Club (RFC),ChIJjWA1eGpcW0gR6Ma3exoQwOw
Rochfortbridge St. Marys GAA,ChIJec6GzByWXUgRmSRDHHLNvAo
St Marys Rosslare GAA & Camogie Club,ChIJ-STzMVoZaEgR8t8FnlZyyBA
St Marys Senior National School,ChIJSa1qgDlzZ0gRqlT0bY3v9gU
St Marys Special School,ChIJ_____yKFREgRwW1z4SRuMG4
St.Marys Special School,ChIJP4BTVl9DZ0gR-pRppA_PCBI
St. Mary's,0x48670edd9a4b71f5:0xe32cbefd7077fde1
St Marys National School,ChIJD10mNzW5X0gRPxoaJne4QSw
St Mary's National School,ChIJd00XbiILZ0gRtQCL9oYGUFs
St. Mary's Lawn Tennis Club,ChIJE91JsLYOZ0gRysGkPyo8OZ4
St Mary's Convent Primary School,ChIJ-YWLcxpeZ0gR50scqmhbfjA
St Marys National School,ChIJuRDCOfk0XUgRvOda1zJPxWY
St. Mary's Youth and Community Centre,ChIJH3h2bYWlXUgRPhf1LbzjTlI
St Matthews Boxing Club,ChIJBdUXcrMNZ0gReujuPXmmxnE
St Matthews Mixed National School,ChIJHb9CqHvLXUgRXGvgJiH4nq4
St Matthias' Church of Ireland,ChIJhTXxJNwHZ0gREPth2r6hXII
St. Matthew’s National School,ChIJxUVGg-cOZ0gRFnjmHJhxt3c
St. Michael's Junior & Senior Schools,ChIJxf26ZPwPZ0gRL5NokJYX_L8
St Michaels Special National School,ChIJgeKY6eodXEgRVt193geGZZc
St Mel's Brewing Co. Ltd,ChIJh4X04JHTXUgR2lbhRVBf2lU
St. Mel's College Secondary School (Longford),ChIJKwqUOpzTXUgRRpHjT6u-cis
STM Garage,ChIJ48oBC7J0Z0gRNUSyTTbfQR8
St Michael's Hospital,ChIJNQ4rZiEGZ0gRsfP9In673kQ
St. Michael's Catholic Church,0x48449ace6a1b7309:0xb0b150827958eb0
St Michaels Boys National School,ChIJKwqUOpzTXUgRSeRKvGYD5X0
St. Michael's National School,ChIJ02RFU5joXUgRxDcO26a0J1o
Saint Michael's Community College,ChIJy7F20t8eW0gR8-WLUxW203c
St Michaels Primary School,ChIJf8YNlbaaREgR8OGJ2V0M3zI
St Michael's College,0x485ad10372d4db15:0x3ac16fb60e2081e1
St. Michael's NS,ChIJH1BnJauhYEgRO5P_2knTMEw
St Michaels Credit Union Limited,ChIJsTizuTKFREgRadGsHtcjW1I
St Michael's DCC,ChIJJRIxEnqlXEgRd-bvXaJNHSA
St Michaels Family Centre,ChIJBdM0fwe5XkgRQg_NCiL6LiA
St Michael's Gaa,ChIJiXjKsOKPXkgRqKsPGNv8nKI
St Michaels GAA Mahon,ChIJ0SdQTSyFREgRyJIfkI3FDJc
St. Michael's Church,ChIJPboL2VHmZ0gRNi396tvtkV8
St. Michael's Holy Faith Secondary School,ChIJr0cFTu0NZ0gRPvsg4mwKInE
St Michaels Special School,ChIJZSo7UuYMZ0gRniBI1R5MkRM
St. Michael's Church,ChIJf2zAKloMZ0gRxamgfAPurwU
Tipperary Junior Boys National School,ChIJzyH0x2iyXEgRgCNrQMs6FTg
Michael's Little Scholars,ChIJAQvwg6CxYEgRuAKo3qjFyXg
St Michaels Theatre Centre for the Arts,ChIJQS-yKLi2QkgRf5B0pJk_XJk
Naomh Micheal National School,ChIJF5TSUnOxYEgRByAiQMfMJ1s
St Michaels Boys National School,ChIJ_YIPtxteZ0gRlB5Et4hwlS0
St.Michael's Nursing Home,ChIJBYYIAGpYW0gR0ktWVNKvDxY
St Michael's Parish Tipperary,ChIJlW2Nx2iyXEgRTNKnLg8VEik
St. Michaels Tennis Club,ChIJafx2VMmaREgRTpk0asnQS5s
St. Mochta's National School,ChIJz3IGR6VyZ0gRTI0UAGnSqxE
St Mochtas Football Club,chij2-lhcadyz0grnc8a5buqmts
St Mochta's NS,0x4860b57626b4fe71:0xf5518ad9096f5006
St. Mochta's Church,ChIJgfBG7bhyZ0gRcPa6DL5OBwU
Inch Saturday Market,ChIJD8xt2pzCZ0gRzn24q8Ps56g
St Mogues College,ChIJ00Q8Us0NXkgR6U0m49nshvU
St Molagas National School,ChIJf3RgMigjZ0gRn3tSVQS4aEs
St Molaise Preschool and Afterschool,ChIJ75Gmbu7nXkgRPxGtUNBrpEk
St Monicas GAA Club,ChIJ59Y8KOwPZ0gR4E8ec3bimW4
STM PAVING,ChIJuZrVQbdtZ0gRht13ILot6r8
St. Multose National School,ChIJY0So-_5hREgRZ2eiK8nHGuk
St Munchin's College,ChIJpXjIMjZcW0gRskhuYZcxTKw
St. Munchin's Community Centre,ChIJhaxOO1lcW0gRDflmT-itZFI
St Mura's National School,ChIJKXcr_r_kX0gRCBUXnV0AHc4
St. Muredach's College,ChIJByzASrs3WUgRFZwhmRAefT0
Scoil Na Tríonóide Naofa,ChIJmzHkVUKlXEgRUjhq5WTINYU
St Nathy's College,ChIJ_-ezhaalXkgRIC4ZuLI5qfQ
St. Nessan's National School,ChIJabrpPUVbW0gR7cMCOORrUT0
Saint Nicholas' Collegiate Church,ChIJGYdOv_qWW0gRWJ4islo3oh0
St Nicholas' National School,ChIJ91qH2w1GW0gRAGuPBZnBtp8
St. Nicholas GFC,0x48673991604812d1:0x129a79af6bb948c8
St. Nicholas' Primary School,ChIJkZz8KtWLXUgRVzeD6SojVP0
St Nicholas Trust,ChIJKRuvNheQREgRjPHiKcxPZQg
Sto Limited,ChIJ9wTyIK4MZ0gRvBfUgoHlWM8
Stobra Ltd.,ChIJZb2K8Q2RXUgR0R80MzeWfe8
Stoc,ChIJ6-oV7VYBaEgRojTnWRSkQKk
Stock Design Ireland Limited,ChIJX1PDL5wOZ0gRz35372VDN20
Stock Health Ltd,ChIJQ0LtUTb0REgRB48QXAuLso4
Stockholm Hair & Beauty,ChIJ52CKe1pdXUgR0mSD7Jjg22k
Stockhouse Interiors,ChIJXw2hizuoX0gR8zGcjJgb0Jg
StockHouse Restaurant,ChIJ4UVz9RleZ0gRdW4S0gfT_s4
Stockinette Ireland,ChIJN2yaeg86XUgRTwUhon2zdKY
Total Stocktaking Solutions,ChIJjTX6lWaQREgRzUzWomwuh8o
Stock Watch,ChIJyZtQBC-WW0gRelqnYhSIeVI
Stockwell Artisan Foods,ChIJb-4TUCc6Z0gRtl3dn-MpYjA
Stodge Face,0x485dc1ce1eecb4c7:0x7e46bfff2ba69ce9
Stoelting Europe,ChIJu8KgqPsLZ0gR7ESWzA7eQes
Stoffaa,ChIJE0kJU08PZ0gRdw7_4q6qlhA
Stoked,ChIJ8UPJBAnDXkgR_R5iNYGV52o
Stokers Lodge Restaurant And Bar,chijnwsxk3o1rugrom6e0fxkpbe
Stokes & Sons Painters And Decorators Waterford,ChIJVXNDMSPEQkgRHiT7lFEzOeE
Patricia Stokes Auctioneers & Valuers LTD.,ChIJU3BViTiRREgRJaFHwsP4EXo
Stokes Clocks & Watches Limited,ChIJqYrBiw6QREgRPEQMB-e7xvw
Stokes dental practice,ChIJxccvA__LREgR_pC-n9DQBy0
Stokes McCarthy Solicitors,ChIJOxG6UjSRREgRODbHYuZzJ0A
Stokes Property,ChIJv21fGb4OZ0gRWgLTLgCFhe8
St Olafs National School,ChIJDS28Vm0JZ0gR4KgIGnEfjhQ
Stolen Stitches,ChIJfXsK5PSbREgRLc4JjYLTvmM
St Oliver Plunkett Special School,ChIJY24JFJkIZ0gR01ZUNRafh-U
St. Oliver Plunkett National School - Newcastle National School,ChIJeUOxUQaKW0gRgPwB4VnoNJE
St. Oliver Plunketts National School,ChIJH2VFyctEZ0gRwGdZ07rwsu8
St Oliver Plunketts Gaa Mullingar,ChIJEXLqmuvBXUgRv3_-8hpBd8U
St Oliver Post Primary,ChIJtS3M9k77XUgRlrOQs25p3r0
St Olivers Primary School,ChIJBaRn8HI8RUgRZ9QT5uAUQlA
St. Oliver's National School,ChIJ3fvrFvcxQ0gRe1v9PFGlk6c
St. Oliver Plunkett & Irish Martyrs' Church,ChIJX9s3qfYxQ0gRANeFizQsSaM
st Oliver's primary,chijnv1q9e47z0grei7mfmjfzdq
St. Olivers Special School,ChIJ5QM5cLP2W0gR-5uO8lxBqm0
Ostomy Association of Ireland,ChIJz305poelXUgRusnX1ntbo4c
STOMP Social Media Training Ltd,ChIJv4zSvGClZ0gR0mKrCvd3RnY
Stone Lodge B&B,ChIJkXGujuhAZ0gRaeG7YXb89YM
Treanor Stone-Tec Ireland Ltd.,ChIJPfwf8eqiYEgRZHUdIvf3Oa4
Stone4all Limited,ChIJqccJTpWzXEgRPPzxas1-_Zo
Stoneage,ChIJO0G0ZDVFW0gRjmMczoLr9OQ
Stone & Beige Interiors,ChIJM7CCbdoLZ0gRFnUCoBFm_Y8
Stone & Stoves,ChIJ-8f9nQTAXUgR3byH9ziYgcE
Stone Art,0x48670e66b5336fa3:0x1457e0d065e75885
Stoneasy.com,ChIJF2qtBbETZ0gRfUZ36y_iUxU
Stone Barn,ChIJ7dH_Mk2nRUgRuMPx7aOj8vI
Stone Barrel Brewing Co.,ChIJBbleYpkMZ0gRbsC1p6Zpg0o
Stonebound Surfacing,ChIJ-9CMNRINZ0gRlQr4gvY69bY
Stone Builders - House Extensions and Renovations,0x4867090518127757:0x7f0a23b9d8862dff
Stonechat Cottage,ChIJqZYsI-aTT0gRrLDL08oXe_M
Stonechat Jewellers,ChIJhUUJbpwOZ0gRQU6veiM4MYk
Stone Cladding Ireland,ChIJqznDCF-hQkgRW1tSantobWQ
Stoneclean,ChIJuZLB9soTZ0gRAWeOj0Pj9uw
Stone Clear,chijpq5rceddxugraexock2cmq8
Gebel and Helling Conservation Ltd,ChIJod1vXM_yREgR46KKaytchKg
KemmyStonecraft,ChIJZSqqUWRcW0gR5gnU1kTqj3U
Stonecraft Restoration Ltd,ChIJWXc5qSc3Q0gR5B86qj2l62Y
Stonecroft B&B,0x485ee7e1a42fea7f:0x2be47fdae18dfab2
Stoned Takeaway And Hemp Store,ChIJYe3aRJ0OZ0gR-5Ur7e9pfgI
StoneDirect.ie,ChIJVwwKyWVnW0gRH3eoCTN88RY
www.stonedoctors.ie,ChIJYQrNoVUQZ0gRJzmxtOtojio
Stonedtravellers,ChIJ3yp2fv4JZ0gR6x2t1ejOZDs
Stone Pizza,ChIJM11tSRQNZ0gRA8lrJ0P8XxM
Stoneeffect,ChIJRbHXICkJXkgRAOl5VFZNF-U
Stone Electrical,ChIJFTUS58MIZ0gRPEziuYkrMkY
Stoneequip (Ireland) Ltd,ChIJk78_Zq4NXUgRTNMxw8uOSxQ
Stone Fixing Specialists,ChIJQxL0N5ReXUgRGmjHhpfdYow
Stone Gym Solutions,ChIJk6id4nmFREgRKV-2UoqVVAc
Stonehall Cards,ChIJQdxK03lqW0gRxMIc5kgWds0
Stonehall Visitor Farm,ChIJ-7-Inj1HW0gR0LKgjJUMECY
Stone Haven Restaurant,ChIJ04qHGx5wZ0gRA02vN48Z5Pw
Stonehaven Psychotherapy Centre,ChIJa0vzTX1cW0gR_LTcTjX5gyw
Stonehaven B&B,ChIJlZdeXyltW0gRw4ZI88QBRSc
Stonehaven,ChIJa8RXOc55Z0gREafTSe9DW8M
StoneHedge Venture Capital Ireland,ChIJqV2CX9Z5Z0gRqgq8xdE8u6k
Stonehouse Marketing Limited,ChIJ7Wv8VkUJZ0gRhGTlEYliGbc
The Stonehouse Restaurant,ChIJMRDQVzT7T0gRpmQkTHklBFk
Stone House Organic Hair & Beauty Salon,ChIJWy6NJdgQXUgR9_SU43LUKw0
Stone House Restaurant & B&B,ChIJn2TOJwtkRUgRtHBXx4-ppwk
Stone Ideas Ltd,ChIJc7MzhV5yZ0gRGEnv0HRHpkM
Stone Kitchens and Tile Creations,ChIJg9V6M-jPYEgRu-I8dSggvdU
Stone Korea,ChIJMX4OWwANZ0gRWCS3xRd5uhA
Stonelodge Bed and Breakfast,ChIJWyfcREXnZ0gRzjKBdPxdXEE
Stone Industry Supplies Ltd,ChIJuR_xZIhyXUgR4QcE8zqJMAU
Stone Mad,ChIJJTevuuRhREgRFmjOfdP_LV0
stonemadmusic,ChIJkUsEr6AjZ0gRTmBiVE_cmKY
Stonemason.ie,ChIJ9UkF78t6Q0gRLyVtQIO2loE
Stonemason Bricklayer,ChIJk2bDhpllXkgRBxWVeJQO7tI
Tomas Pavlak StoneMasonry,ChIJu_20-x2ZXkgRDZ6E1PnWSQE
Stone Motorsport,ChIJebo3h6R3XUgRQMJSBn4CoX0
Stonepark Lodge Caravan Camping and Accomodation,ChIJ337vy_iLXEgR1GtjPbs0H5s
Stonepark National School,ChIJScZzqODSXUgR_ABQ0plMvLY
Stonepave Limited,ChIJJ3k6WigOZ0gRyJKTZMKtjSg
Stone Property Blackrock,ChIJm0NXSrQJZ0gRxzZ38hefUHU
Stone Reviver,ChIJv2V-E4ALZ0gR-t9LDfEiKeE
Stonesealers,ChIJs1vdisANZ0gRS-YtXJixAy4
Stone Solictors LLP,ChIJEbqUcUMbaEgRhbmzbcgkcPg
Stone Solutions,ChIJz-6jVTr7Z0gRt7zens13jGQ
Stone Surfaces Ltd.,ChIJq4x76lXQXUgR4DhZ-snp8OM
Stone Surfacing,ChIJxYbgCdeuXUgRD4exTZXnm80
Stone Systems,ChIJo47z3tRdXUgR5GTkv-yPHh0
Stonetech Cladding Ltd,ChIJo42VQEhGXUgRdvWLpcZHacE
stonetown architects,ChIJ8V8XTFxdW0gRcDVhWBNlz_Y
Stone Valley Coffee Roasters,ChIJPQFMyFtXREgRe66S_LzE0cY
Stonewall Garden Centre,ChIJN6SzRpiFREgRWX6ssD7Ds78
Stonewell Cider,ChIJUak2_ymEREgRCo6LRH5CIFw
StoneWorld Ltd,ChIJU5Y-I7lFXUgRGnjRqAuDt_M
StoneX Financial Europe S.A.,ChIJB18Pp-8OZ0gRYx7yDJwcxQg
Stony Acres Landscapes,ChIJnxqcOHCSREgRhto6hER_C7c
Stoneyarch kennels,ChIJfW6CEiJrZ0gRmcaWhAuELSY
Harding Stoneyard,ChIJzfhp_r1JXUgROkawtbvVkHM
Stoneybatter Crosstraining,ChIJwfRzkoENZ0gRqSsbbdDAqVo
Stoneybatter Family Practice,ChIJU5abhjIMZ0gRht99mQ3LdHg
Manor Street Family Practice,ChIJHzxplzIMZ0gR_AOe1EFq5lA
Stoneybatter Health Studio,ChIJi3RPgkYNZ0gRRueSQxQW5n8
Stoneybatter Place | Summer Accommodation in Dublin,ChIJC-zZP20NZ0gRYRTDXVxekB4
Stoney CNC,ChIJz1SwMgsOZ0gRDN74VYV0IhE
Stoneyford Community Centre,ChIJldgf4LozXUgR9X1-aOZ-22A
Stoneyford Engineering,ChIJTZmU0qQzXUgRyfNkIgG4tI8
St.Kierans Primary School,ChIJqRTDZKMzXUgRZvgpAOITF_c
Stoop Your Head,ChIJSWG-cQciZ0gRoJml6pV2X_M
STOPAWOBBLE,ChIJP2giAocbZ0gRlDQNv8s4r9g
Stop Bed Wetting,ChIJ01D8cyqQREgRiJKwDnUeTTE
StopGapMarketing - Marketing and Sales Support,ChIJvXG30_PRWkgReyyx4Dsg2uM
Saint Oliver Plunkett School,ChIJy_lv04oaZ0gR7za8P5xUouk
Stop smoking - Glanmire Acupuncture and Hypnotherapy Centre,ChIJNUVmLmibREgR910UAY7Dczk
stopsmokingdublin.ie,ChIJSZTwVioHZ0gRqKFZ1wob1sc
StopStaring.ie,ChIJNb7UxVgLZ0gR7QiaCxLePvI
StopTheBully.ie,ChIJFX6vMxpcW0gRGjZrohqsTNw
Stop the Burglar,chijfwoelrdyz0gr-0twftooqbg
Stoptime Music Distribution Ltd,ChIJaw6goANdWUgRaoba6rkoMkU
Stop.watch Television,ChIJ-f-rp2Q1RUgRNeWvhv-27UU
storage-heater,ChIJjxpH6pgLZ0gRMMgZU7Gf6DY
Storage Heaters Ireland - Repair,cbbddedda8869e2523fd3e32cf01e7f3
Barons Self Storage Galway,ChIJV57b4baWW0gRn4IfNNUewmU
Storage 4 U,ChIJ2amsjXnNYEgRSB-cmuc-0-I
THE SMART STORAGE BED COMPANY DUBLIN 10,ChIJyWqK7JsNZ0gROTle8ghmcY8
StorageBox Self Storage - Dublin,ChIJvXDRefcXZ0gRe7A43nnZLQw
Storage City,ChIJ7UFp_CnDQkgR8cwngNt2gnE
StorageCraft Technology,ChIJpxS0j66aREgRijMjF0zKPXw
StorageKerr,ChIJoyrMnvmlYEgRYwnM5cQ00y4
StorageMaster,ChIJf9ImOrFzZ0gRryq-dxX8ZS8
Storage Plus,ChIJh1yI6MUUZ0gRvrDFWMbAho4
Storage Systems Limited | Shelving | Racking,ChIJY8FdbOcPZ0gRd0AtzUtlfQI
StorageWise - Self Storage Experts - Limerick,ChIJ8eGKyohcW0gRhUk_oWtk-M8
Storage World Self Storage Units,ChIJ44-ZgQhcW0gR_raZz8b_aLk
Storan Fluid Systems Ltd,ChIJucT8tmZbW0gRriyxT7rzfWY
Storani Careers,ChIJadTrVC4MZ0gRXytDN9_aHmg
Storan Treatment Specialists Ltd,ChIJU_ea4DZdW0gRP2AUctpPhCM
Store-All Logistics Cork Road,ChIJ21aae2PEQkgRTG1__h6Jy6Y
Store All Logistics Northern Extension,ChIJwUCPmDnFQkgRtD6N5ypnAaE
The Celtic,chijtaidviioz0gr80vyiev6wwc
Data Exchange Europe Limited,ChIJUdqX7icQZ0gR9oOHA0dJoug
Evans Art Supplies,ChIJ-YOvLSgMZ0gRgVLbeaZuSfw
Homebase - Limerick,ChIJtYgH8xpcW0gRUJ2dh4kK9NQ
Killruddery Farm Shop,ChIJ7yChn0apZ0gR2AOmrEO15_U
Pavers Shoes,ChIJHyVC1uB_XUgRat6wUWzHl04
Tineco Ireland,ChIJZcoK6BQNZ0gR623-vmWJCOc
Store 2000,ChIJ13nhK-ByZ0gRW3xyubLtaDM
Store2home,ChIJyW4juglbRUgRNMXEpA3MCFQ
Store4U Storage Units - Headford Road Galway,ChIJqfjSlwORW0gROHvC0zLp3GQ
Storebest Shopfitting Co. Ltd.,ChIJq3Mx-1ELZ0gRikRyIFmIAOk
Storebox Self Storage Dublin,ChIJRXJIIbYPZ0gRHHuoKwMInII
Store Design,ChIJn0XBEqR0Z0gRjKzbkvKpagw
Storeen,ChIJxUrEAKd9Z0gRetUTpBDPh-M
Storehouse Tourist Accommodation,ChIJaa9mwY9RXUgRPgCMvuzNbec
Store It Navan,ChIJ-7wYi9ZbZ0gRC-JVt5XSi5Y
Store It Safe,ChIJnSC4NM7zW0gRxgFpo-KWvfE
An Post,ChIJUxt492JcW0gRuTG9RYrl1KE
Hackett Outlet Kildare,ChIJ7YQlytt4XUgRcZgddf8t504
CELINE DUBLIN BROWN THOMAS LEATHER GOODS,ChIJkaeghJsOZ0gRdEJWYUQGnpg
Foot Locker,ChIJkbZ0A5wOZ0gREUs153nxg0o
Pandora Wexford,ChIJhyC-ckMbaEgRiAnDf3d3T14
Penneys,ChIJ-4ju2DbrX0gR6zAnX95PNTw
Ray-Ban,ChIJJ3PXLFwPZ0gR2GQfqRSlSIk
Revolution Laundry,ChIJFRwL648XQ0gRtry7ieHUyxI
Sunglass Hut,ChIJGQyzSG8JZ0gROzfr6bd0O38
Topshop,chijk5kjvzkoz0gr1gbzrgxjgdi
Vodafone Clonakilty,ChIJS1ybsOlWREgR4CoAC-cJ64k
Storeware Ltd,ChIJP9dscRK7YEgROQQylWVTYVE
& Other Stories,ChIJDeGPi5sOZ0gRRIvihe7x654
Stories by Ola,ChIJM4RjhtcjZ0gRaWk13hJgr3c
Bygone Days Storytelling House,ChIJX-uG4G0IaEgRIb3RthHNAV8
Stork & Co,chij49wguv4pz0gr1jtkth8plyo
Stork Tralee Furniture,ChIJIZxUDyBLRUgRxkzvb_51RzY
Storm Technology Ltd,ChIJKcArKSgMZ0gRHkiSB7sUhAY
StormBodyFitness,ChIJJ6f1ZzDoXkgRYEDyW3g7kTk
Storm Extras,ChIJCR9-4f8-10URWnas3oE5MmU
Storm Fix Roofing,ChIJb7Y36auYRU0Rti_0ehVY9W0
Storm Hair Design Howth,0x48670498752d456b:0x7f740bddbd85f9f7
Stormlands Data Ltd,ChIJ39kdAeoIZ0gRmCVN29O409Y
StormLight Ireland - Film & TV Production,ChIJz8SBao8OZ0gRFYBYEfGO2rU
Storm Recruitment Ltd.,ChIJ2Qk4TCmvZ0gRZqVIGz88prA
Stormshield Roofing Contractors,ChIJB-mIhY8rW0gRPcoHRtU1U4Y
Stormtide Digital,ChIJef7EDpKRREgRSpespiyYQVo
Stormwave Audio,ChIJtSijY2BcW0gRGLP-QB-7l5Q
Storm Web Development Ltd.,ChIJmx-2rKaQXEgRZaYlrtKfGf8
Stormy Port Ink,ChIJw-tYLO1vXUgRHnfW7JhbNVE
Storyboard,ChIJUzfTUU4MZ0gRP7Y9YtJTYvY
STORYBOARD WORKSHOP,ChIJ13nhK-ByZ0gRzovFAJeOW6k
Storyful,ChIJnegDB5UOZ0gRJL6gVEW9piI
StoryLab,ChIJAS-s4kjoXkgRfVPEUgnZ8s4
Story Rory - Creative Agency & Marketing Consultancy,ChIJQ2tOrTI7Z0gR_Ajign2lsRc
StoryToys,ChIJT16sl5wOZ0gRCRsxYnDeAIQ
S.T. O'Sullivan & Co. Solicitors Ennis,ChIJx4LwVc0SW0gRA_VAaniLI90
STOVE & CHIMNEY SOLUTIONS Ltd,ChIJd0Ga73eTXUgR7yALh6DQLbk
Stove and Fireplace Fitters Ltd,ChIJ0UtoBxrLXEgRusKQPBlpBdU
Stoveboss,ChIJaWEmOnBfXUgRacchkItQPsQ
STOVEFIT,ChIJceqSYUwGZ0gRflzziEppCuA
Stovefit,ChIJs_Kg1ucJZ0gRmtVZ9tX4r1E
STOVEMAN ireland,ChIJb67sAE6RW0gRm5zXaIQJF9g
Stove Parts,ChIJG00tNdFiQ0gRTPgHWCNQfGo
Stoves Ireland - Stove & Fireplace Specialists,ChIJi5wQphBeZ0gR_CcKGIuTmO0
Munster Chimney Solutions,ChIJMc8WK_I1RUgRKPNPdKqu9aU
Stove Centre,ChIJ3dXBUV5dXUgRkO5viT_lqao
Joyces Stove Shop,ChIJETcdTsLrW0gRChW7LC4nQIw
The Stove People,ChIJF1G3Nby2QkgR8WBtQb9gPeE
Stove Spare Parts,ChIJtX-QnYoXQ0gRhCfVR6yuVVc
St. Pappin's Pastoral Centre,ChIJ9Tmy354RZ0gRMiRUiYR6_9M
St Joseph's Church,ChIJ5y5yxf0RZ0gRdOCOTFwc5ms
St Patricks GAA Club,ChIJ7xw1txpfXUgRH5IVBGTTWFk
St Patrick B&B - Home & Accomodation and Bed & Breakfast in Clare,ChIJZw_tPi1tW0gRJSjamx2CkNA
Dean Clinic Sandyford,ChIJLyZDCQwJZ0gRLUygnBMUG_Y
St Patrick's GAA Club,ChIJHw3uE7HFXkgRc4wSVjkfyog
St. Patrick's Academy,ChIJS417f5VmWUgR3v7EtV2HWPI
Scoil Phadraig Cúil an tSúdaire,chijgxl8e3l1xugrvoadn32b76a
St. Patrick's Boys' National School,ChIJ6yo_LqgOZ0gRFbOKMmRpEys
St. Patrick's Boys' National School,ChIJo2F_wKGaREgRFUHMt1vSr3A
Saint Patrick's Boys National School,ChIJV12EgxRcW0gRFghGpb0xOcw
St Patrick's Cathedral,ChIJpVg1bAmnREgRVLEltpvmyJI
St. Patrick's Roman Catholic Church Ringsend,ChIJPegNF-8OZ0gRsa4J-9wQJdU
St. Patrick’s Comprehensive School,ChIJlWlXStZBW0gRiLVYWfYb1mA
St. Patrick's Senior School,ChIJ_eGwf6YSZ0gRA2zSld_Kg5M
St Patricks College,ChIJu1Xi3KGaREgRtDhNAt0BsWU
St Patricks National School,ChIJyZiaYqmnZ0gRwzO3e9EDFrg
St Patrick's Church of Ireland,ChIJv_LfS0wGZ0gR9zmiHMOqw7I
St. Patrick's De La Salle,ChIJsbgAGIUwXUgRqQ4miHSRq2E
St. Patrick's Distillery Ltd. Tasting Rooms,ChIJK24O3MqRREgRun7GBkqxfdE
St. Patrick’s Church,ChIJfeczrVLtXkgRCtf1_oeEp-k
St Patrick's Church,ChIJX4yJ0KDOYEgRIYWAvBb1TrY
Saint Patrick's Primary School,ChIJmektSE6FXUgRb3Bn6kN3olM
St Patrick's Festival Box Office,ChIJe7jTzIIOZ0gR_Ux4gMlpjnI
St.Patricks Festival Kilkenny,ChIJO08m7KMxXUgRBJpv5HKwYs4
St Patricks GAA Club,ChIJpWQSjR8NZ0gRdjPabqs-jCY
St. Patrick's Gateway Centre,ChIJlV89wZ3GQkgR4pgIyOw0AyQ
St Patrick’s Girls’ National School,ChIJp8nO56GaREgR0lJysyveSqw
St. Patrick's National School Glanworth,ChIJIcuugclfQ0gR68t-PQbdQTY
St Patrick’s G.N.S.,ChIJJ13MkhRcW0gRXaNE9kmZRZA
St Patrick's Church of Ireland,ChIJG1ppfS2vZ0gRCfzjSSdYBqI
Dean Clinic,ChIJI9X5MvuWW0gRmk1aJp6Q3OQ
St Patricks Infants Primary School,ChIJx3MnV5-aREgRNY_5iTeciDw
St Patrick's Junior National School,ChIJ06JGmKQSZ0gRYBkP3yUeGC0
St Patricks Centre,ChIJJWBb9IwwXUgRgjPFXUFnf74
St. Patrick's Catholic Church,0x486772525a87bc61:0x3a2b8f87bc30d239
Woollen Mills Parking (Paid),ChIJm92Q04uFREgRLs2pFvORiyM
St. Patrick's National School,ChIJVf1Sr-MMZ0gRjw1sSkISA_A
St. Patrick's National School,ChIJTbhS2spyZ0gRLhQUYKVkmUU
St. Patrick's National School,ChIJJZe5TUwGZ0gRlXYA_9glPwc
St. Patrick's Church,ChIJXy-BrJ4wXUgR5BIjWrSIdos
St Patricks Pharmacy,ChIJ4-4-thhwZ0gRd0icCl3bDm4
St Patrick's Rowing Club,ChIJPegNF-8OZ0gRyANCJ_yAtXA
St. Patrick's Special School,ChIJK_ojQ4gAaEgRSbnl2yb2AWY
St. Patrick's Scout Group,ChIJv_-kJaXOYEgR8pF2YU6wBnw
St. Patrick's Church,ChIJm2lz-agYZ0gRYKzwoMGgUro
St Patrick's Boys' National School Skibbereen,ChIJ51PlBOylRUgRWq7alm32_ik
St. Patrick’s Senior National Catholic School,ChIJLeq8LqYYZ0gRkGSc8witEhY
Killaspugbrone,ChIJOz6YUkLDXkgREGNt3Q-8YaY
St. Patricks GAA Club Wicklow,ChIJxbsXJSy3Z0gRmLe04B4XNJ4
St. Patrick's De La Salle Boys' National School,chijctz7ywtdwugrenp-guki9ky
St Patricks Boys National School,ChIJ5TZ8kCkaZ0gRkc6QE1e0ZkQ
St. Patrick’s Loreto Primary School,ChIJiTjxMmWoZ0gRyeYSy5tOz7Q
Saint Patrick's Boys AFC,ChIJ3advratCXUgRFIjtCqnraqM
Colaiste Phadraig Naofa,ChIJM2hkHAYuRUgRc6guH4E7XoM
St Patrick's College,ChIJdSs3Q98NXkgRIsvvtI7hLZI
St. Patricks Church of Ireland National School,ChIJ07rtaup_XUgRGoI6fHz1PLA
Scoil Chlasaiceach Phádraig Naofa,ChIJ8eaplF9DZ0gRmC2RWKL-pOc
St. Patrick's Athletic Football Club,ChIJay7Ti1kMZ0gRVbdPWpDH6N4
St Patricks Donabate GAA Club,ChIJSReReSYaZ0gROj5UXt1U8CI
St Patricks GAA Club,0x48454a6121165e25:0x88d3597b3611e9ba
St Patrick's National School,ChIJD5ORDUu3Z0gRvJGaduLQk1M
Society of St Paul,ChIJ94cx4eRvZ0gRkJYtNkWYunk
St Pauls Artane FC Gym,ChIJYS-gdsAPZ0gR8IT02wKuEk4
St. Paul’s BNS,ChIJHaJQ7rgdXEgRm1s0C2lH3ns
St. Pauls Child and Family Care Centre,ChIJTw49AC4OZ0gR_HoI4gFgn-Y
St Paul's Catholic Church,ChIJGW1QbxbEQkgR0iOK-deaZW0
St Paul's College,ChIJz537FdwPZ0gRrT89WC5FDs8
St. Paul's National School,ChIJjX30a8zBXkgRfDVSgb3xVe0
St. Paul's Garda Credit Union,ChIJ-7NkeKyaREgRr_EcjUNogfQ
Saint Pauls National School,ChIJQevipGZbW0gRy6umrPldAzo
St Paul's NS,ChIJo5BF7V1cW0gRLPgQdSMrRQM
St Paul's Secondary School,0x48670b62eb2d3999:0xcbddd3162ecbadf8
St Paul's Junior National School,0x48670fe51c7afb1f:0x2deb2e447adfe702
St peters and pauls secondy school,ChIJ3x8rvlR2XUgRHGjyQTRCui4
St. Paul's National School,ChIJizi_jBbEQkgRroq4zlJpWII
St. Paul's National School,ChIJ_-DMkgJJXEgRkosTeXgosno
St. Paul's S.N.S.,ChIJ2aF1q_oPZ0gRviNTdT_JZFE
St Pauls Secondary School,ChIJc3sSu8TGW0gRYKr9SAhHqdU
St. Paul's Primary School,ChIJ92UEGxRrZ0gRz3f76kz_Hvs
St. Paul's Primary School,ChIJcxRyXjVbZ0gRhLZzekRPcro
St Pauls Senior National School,ChIJZyGlJI45Z0gRdYM3DLZn6q8
St. Paul's Special School Kyle. Sarah,ChIJ7QWqFLyaREgRd6Bv9RipjQI
St.Paul's Special School,ChIJiYCh3zEOZ0gRH9Ncy1-9PlY
St. Paul’s Community College,ChIJGedsbxbEQkgRrWU7TJeWTng
St. Paul's YEP,ChIJVcoxapANZ0gRMTlNBJPnpD0
St Peter the Apostle Junior National School,ChIJi0IHHERzZ0gR1PonqgXs8xo
St. Peter's Community School,ChIJcUCizGGDREgRZD3g6MWvb4E
St. Peter's Primary School,ChIJN8EOH3SoZ0gR9arONH028NQ
St. Peter's College Secondary School,ChIJrbzUybEPZ0gRxIduSWzoC90
St. Peter's,ChIJ9e7S0BaQREgRRyjzmjeEIAk
St Peters National School,ChIJ3aPfjdYNZ0gRoiYsHPCBUtI
St Peters National School,ChIJId6Mb4o5Z0gRMdViqkUTk-o
St. Peter's National School,ChIJEVTllbltZ0gRHF01_3V2rFI
St Peter's National School Snugboro,ChIJrRPJF4hnWUgRwb94eEiGcRE
St. Peter's Church,ChIJtel7mHOoZ0gRBOcYDeOEM6U
St Peter's Church,ChIJ0WEwJ9QNZ0gRxQ4LDg00q5A
St Peter's National School,ChIJyXMt9gJJXEgRJJ-H-MZ3Rqc
St. Peter's School,ChIJlQoQ-fgLZ0gRnJ_TbTps2tg
Holy Apostles Peter and Paul,d9def95c32edbd8cbce91b8c21899d99
St Philips Senior NS,ChIJvayPHS1zZ0gRVrp8tCmf1M4
St. Philip the Apostle J.N.S.,ChIJ06JGmKQSZ0gR1TVMJNIJ5qQ
St Philomenas National School,ChIJETaM74SlXUgRQVmnQtRGrxc
St. Pius X Roman Catholic Church,ChIJ7a4Mc4YLZ0gR1Jyo7YkkGxc
STPlay Counselling Centre Limited,ChIJE_HzzmgJZ0gR4xUDr4Ej8gM
St. Patrick's National School Greystones,ChIJrb2sRC2vZ0gREdwZChhQRnI
STP Packaging - Supplies Technology Print | Southern Tapes & Packaging,ChIJv0IO7cOPREgRTvI6hkfOGH8
St Patricks Junior Catholic School,ChIJ9dZ9magYZ0gRXSgHPe8z1Qs
Strong Transformation Studios,ChIJWb3AfRIRZ0gRubTpy16UsIk
St. Publius Ireland,ChIJb27gyekNZ0gRPDmT3CTgCw4
Southern Tyre Recycling,ChIJjb_IMn-RREgROrmlpBc_r_A
Stradbally Playground,ChIJU3AAyy0gQ0gRn7W9K4esm7s
Knocknacree,ChIJ8TSu6mMfQ0gRoZ3C9zUD7ZE
Stradbally Farm Services Ltd,ChIJO9b-J45yXUgR7Rw_royXJck
Stradbally Fayre,ChIJ42fP4IdyXUgRcOEfpyVpMJo
Stradbally GAA Club,ChIJSzyj2C4gQ0gROwpndMu3aLE
Stradbally Hall,ChIJi0fP-4RyXUgRFg8Xwj2Ym34
STRADBALLY LADDERS,ChIJCcAcbHxyXUgRgbEbmZf_n0k
Stradbally Medical Practice,ChIJJUc54iZzXUgRB_6IeFZQ5EM
Stradbally Woodland Railway,chijly7k-4ryxugrnwfneu9rmk0
Stradbally Town And Country,ChIJIRrSeohyXUgR5f_AzVgpa1E
Stradivarius,ChIJv32O5SmFREgR_2114ePWuuk
Stradone Community Centre Gym,chijkspgemqpxkgrriab-vzryog
Stradone Oil Company,ChIJE8h0dQ4GXkgRI8T41kjmXes
Stradone Paving Centre,ChIJzRlQBWQPXkgR0YLrhd9QxKs
Rathadam,chij7wy-qg56z0grs1pnt6revb8
Victorian Tearooms,ChIJG3VWKnd6Z0gRe3lvchomyeE
Straffan Butterfly Farm,ChIJf3eEfUd6Z0gR90P1299kVZ0
Straffan Design,ChIJUVJnK4N7Z0gRYOpZEROqD_U
Straffan GAA,ChIJEyX0agx6Z0gRwWhhOuftxsg
Straffan Kitchens and Carpentry,ChIJaVXVDw55Z0gRXjrbkC9If3Q
Straffan Nurseries,ChIJK3QCknl6Z0gRjcXgVtCc-2U
Straffan Physiotherapy,ChIJJcsSoh97Z0gRiepeqjkiIfs
Straffan National School,ChIJv0chLQF6Z0gRNV5JY13pjqM
Straffan Self Storage,ChIJa54hMJR5Z0gRr6Z4sK9bJRQ
Strahan Timber,ChIJ16OAHxB0Z0gRV3M3_BL7OYA
Straide National School,ChIJgbdVaE5FWUgRbOkSoxF-IVM
Ss Peter and Paul,0x4859454f4f22dffb:0x94ea69b913b1afa9
StraightLine Energy Solutions Ltd,ChIJIzOtOvo7RUgR36aHHMOVTuM
Weed & Cannabis Delivery Dispensary,ChIJexYDOsAHZ0gRn925tSo9y3U
Strand Interiors Ltd,ChIJNZ3DL9wOZ0gR-3tMBddEAiM
Strand,chijfxlainwoz0grl-58gk-tzfc
Strand Camping Doonbeg,ChIJ_Q3OUrLmWkgRECnB7_vRT_Q
Strand Campus,ChIJj0eRj-TDXkgRR4vzy3zGVYg
Strand Celtic Football Pitch,ChIJKfKY8G_DXkgRPUZMUUNxdGA
Stranded,ChIJ038GjsBgREgRMbz7754IUYg
Strandfield,ChIJb2a3bvHOYEgR_DyzbaLL4Ag
Strand Framing,ChIJp4xeUsBWREgRAbKmmli6ntE
Strand Grill Takeaway and Pizzeria,ChIJLa5ChTDFREgRXu9FLmZ_x3E
Strandhill Acupuncture Practice,ChIJGUYE2mvDXkgREcuY8VsLuuw
Strandhill Golf Club,ChIJZ91GkXrDXkgREGbOE5STR1E
Scoil Asicus,ChIJK9tE1nHDXkgRQBsjBEqguKI
Strandhill People's Market,ChIJyX7VvrfDXkgRTrkanaMeUvc
Strandhill Scenes,ChIJ2Uvh31DCXkgRF-oD3tYALhI
Strandhill Surf Experience | Surf School,ChIJDTTaTr3pXkgRNnMKju35LR0
Strandhill Surf School | Sligo,ChIJu_MzwGTDXkgR47YDiRg4qXw
Strandhill Surgery,ChIJrVtNJGXDXkgRzZJ3_tupkVs
Limerick Strand Hotel,ChIJhf2jtmBcW0gRWYO-mEhrbuc
Strand House Dingle,ChIJZUIhmMf7T0gRv10tgtIDtAk
The Strand House - Fairview,ChIJh1vc5lsOZ0gROeYrX62FUMI
Strand Leisure,ChIJCReLjInCQkgRQXZsyKToyhU
Strand Montessori School,ChIJa-UKd9UOZ0gRJcFKhpZbU7w
The Strand Pharmacy,ChIJkbqlqYoOZ0gRPheRe40_j_I
Strand Road Furniture Ltd,ChIJ9d1L15Z7Q0gRYp7otoPzSRE
Strand's End House,ChIJOQK_wH_zT0gRzDm0ZH9YlcM
Strand Solar Supplies,ChIJ5dJ-UpNXREgRdpkLTNDRhzo
Strand Street Pharmacy,ChIJYXoBTagYZ0gRBAMDY60u-co
Strand Travel Worldchoice,ChIJP8BTXZzGQkgRuxSgD-GR77M
Strandum HR,ChIJ7cTjcL4SZ0gRXOxoxC06ijU
Strandvaus Ltd,ChIJx9yVhgd0Z0gRz4wJUw2Zmq0
Strandville Autoservice | Car Workshop Mechanic Repair Service Dublin 3,ChIJl-ma0p8PZ0gRCQa06gnJcpU
Strangsmills National School,ChIJ0U262pHFQkgR9yT_rM9Pzo8
Stranooden Group Water Scheme,ChIJmeACECqgYEgRrIa9Rsd6fFE
St John's Church Kilteevogue,chijkc5i52c8x0gret7axo8y_-u
Stranorlar Dental Surgery,ChIJ_ZoC8yq_X0gRze12RMUSrLw
Ballybofey & Stranorlar Mart,chijausvoeu5x0grguq0wdp3hpk
Church of Mary Immaculate.,ChIJ784ap8y-X0gRfwHqTazQmwA
S TRANSPORT,ChIJmd2JWbKcREgRSXi6kUrVpFU
St. Raphaela's Secondary School,ChIJeUmiRhMJZ0gRxXjA827coLE
St. Raphaela's Primary School,ChIJR4vHXwMJZ0gRor2_nPWfRwI
St Raphaels National School,ChIJBWpKWegMZ0gRkZuxdNWsPgg
St Raphael's Garda Credit Union,ChIJk7e5bbwMZ0gRs_seotJj_LE
Saint Raphaels Parents and Friends Charity Shop,ChIJKxP_CgdxZ0gR_eJjYQUyWHI
St. Raphael's Special School,ChIJ7QTwCgdxZ0gRZAIUMj1okUM
Strasburgh Manor,ChIJi4qfyrUTW0gRpTiNpSCYmuk
Strata Ceramics,ChIJWcIdTzY3XUgR0WC2DB1ytGc
StratAdept,ChIJ6wiY2b0OZ0gRKohdOg3ofUc
Strata,ChIJgfjKARgMZ0gR3ND3jlEX20U
Strata Financial,ChIJVVXpj5MOZ0gRZG4N6galIQg
stratecma,ChIJl75ftggPZ0gRbDTTGzLZODk
Stratega,ChIJq-eI1msPZ0gR9utxMD3VFXY
Strategic Marketing Consultants Limited,ChIJYWExyeeCXUgRv_voWQ0Lc0s
Strategic Computing Limited,ChIJ37skivEIZ0gRHtNGXJCn9Zk
Strategic Consulting,ChIJgyA8U_qWW0gR3UvkfKTa4C8
Strategic Power Projects,ChIJM9nD4msPZ0gRcQvv6E_99xs
Strategic Results Marketing,ChIJB8RsqT6XW0gRWxxxK9-ZZMg
StrategyFuel,ChIJ9VQ9TUU7XUgRpQKtpNKb-4s
SEO Agency Strategyworks Consulting,ChIJozgDy0gPZ0gRdcbZAlNhDis
Stratex Advisory & Consulting,ChIJI8FFgR8JZ0gReAmojPWCEVc
Stratford College,ChIJTf7MoOGZXUgRwRXybUQwW0w
Stratford/Grangecon GAA Club,ChIJ6__63OWIZ0gRpXpAu1CpS2w
Stratford Lodge National School,ChIJU8Z1ggKJZ0gR0OOb5OVCPk8
Stratford National School,ChIJ_9HcqrsLZ0gRe7LnfiSY8Xg
Stratford Lawn Tennis Club,ChIJLxXoPBsMZ0gR1AAz1JHoqEo
Strathroy Ireland,ChIJM-ce4xgTZ0gRnsKJnYuR3YI
Stratis Consulting,ChIJRe6JHUAJZ0gRTmZ8rGVz7RU
Stratocal Ltd,ChIJLS0YHj5bW0gRd_xYm0XUidc
Stratticus Studio,ChIJr5N1jCtdXUgRwEpSImwrdEU
Stratton Partners,ChIJC1cauiiOREgR1z1ADDVqJuI
Stratton Studios,ChIJDYBioYOlZ0gRbqmm0YiLqkE
Stratum,ChIJKRWrWV8LZ0gRpzHgzT6Vz9w
Stratus Technologies Ireland Limited,ChIJwRGhNqISZ0gRnoOsmChOYp0
Stratus Healthcare,chijadluuyleqkgrngybutlhpym
Stratus Pharmacy & Healthcare,ChIJ8ffE6qDFQkgRVStOW4qfjeg
Mass Rockers Cycling Club,ChIJa_RYO3vMREgRomM3gfWAh6g
Stephen Travers,ChIJw_ZAnH8OZ0gROrlygx2qBUM
Strawberry Hill Living,ChIJdQs9iH5TXEgR3LfWohAW20E
The Strawberry Field,ChIJaYjvgM5rRUgRZkeWFZQ-2mY
Strawberry Hill Jewellery,ChIJW56mLZ9ZXEgRK5uZdHkmrME
Strawberry Hill National School,ChIJ81alSDeQREgRsQOPmk-xQTY
Strawbridge,ChIJp5ba8Ge6Z0gRnmAK54E4CXE
Strawchip Ltd,ChIJ4zWMHflkXUgR14_fp39dVuY
Strawhall Nursing Home,ChIJj6aKihtfQ0gR3tkFvde03LY
Stray Dog,ChIJqbusUxcMZ0gR_nd63JLKwNk
Evan's Paddock save,ChIJPyZKCM5_Z0gR_UnNpKNCyjo
Streamabout THE Video Agency,ChIJad9LzEwGZ0gRxZPLq_4y9qw
stream Birr,ChIJG3oV7V73XEgRKThFcFea_t4
Streamflow Engineering,ChIJzznbjNRBW0gRkmiMT7r8lOc
Streamline Coaches,ChIJYysAEGQPXkgR78Fr1Vr5984
Streamline Consulting,ChIJ_Ws5IZBdWUgRwd0Xk6aaXes
Streamline Technologies,ChIJc9ZN97kbaEgR6iJQVHewET0
Streams Beauty Rooms,ChIJM0dbqKqCW0gRGq5B69F5-OA
Coomhola Salmon Trust (StreamScapes),ChIJYSf2XUIMRUgRLVVAOyCZFv8
Streamstown Moulding Company Limited,ChIJzWsFBxi3XUgRZ9nyNim4tqg
ST Recovery Cork,ChIJk3LzyCyFREgRQ6LDuSZi8Pk
STREET ONE,ChIJrcbRKVYLZ0gRjs3gHUsw_yo
Street & Park Equipment Co Ltd,ChIJwdJcbjgQZ0gRIneRjZTt32o
Street Art Ink,ChIJB-dzV5zGQkgRmpJX3w87Y3A
Street Burgr,ChIJj3btIWALZ0gRadp7PS7IHU0
Street Candy IE,ChIJi78O8b-UtCAR86SKMZ6O-oM
Street Children of Bucharest,ChIJcbP489O5QkgRaa-Mg91woqE
Themed Entertainment,ChIJ4z24jWoMZ0gRZ5eKva9Zamc
Streete Retreat - Celbridge,ChIJ0-C6nQdxZ0gRcNZT_LUZWLg
StreetFashionAv30,ChIJpXjvRMwZQ0gRlVn1s5tnNJ0
Street Kitchen,ChIJD_zTBLoRZ0gRm8hn7PON2ws
Streetlife Hair Salon,ChIJqyJ1-AkxXUgRkgXwMMxiJlU
Dublin City Couriers/Streetlink Transport Services,ChIJBchqvpEOZ0gRpHs9U0CixSI
Street Restaurant,ChIJSQIP1gwJZ0gR32pqyj0oYQ4
Streets Ahead Driving School,ChIJ11EpatK5KysRqzdsfsze6HQ
Streets Ahead Properties,ChIJS3zejdcFW0gRJWNRc_P7kHo
Strelitzia’s Florist & Irish Craft Shop,ChIJ-aYq4L4LRUgRLIiNccqsDME
6 New Street B&B,ChIJzw5bTHkLRUgRLT9f8QlrFG4
Strencom,ChIJu2u7V0UJZ0gRfA8ab5prOQY
Strength-2-Strength - Small Group Personal Training,ChIJG0xfbPANZ0gRjcyB6B4BLUM
Kevin Mulcahy,0x4844927274933b99:0x62553d7ecd236d64
Strength & Fitness Supplies,ChIJGZ5X5JESZ0gRrzS7YhVwVUw
Strength and honor Brazilian jiu jitsu,ChIJV29os-GfYEgRVN8R1cIFrc0
Stresscare,ChIJj7NUv-8QZ0gRRXeslF4ok2k
Stressless Massage,ChIJYZJhWqEOZ0gRCm50wNBAfqE
Stresslite Floors Limited,ChIJA3oAypmdZ0gRzDbg54j6oUo
Stress Management Institute,ChIJX0_fpJ8OZ0gRrsJLDz6oODg
Stretch-n-Grow Head Office,ChIJ6W0sf90EZ0gRdTKH6d9FloA
Stretch Ceilings and Walls,ChIJ04eH1XtYQ4QRwEmvuGqp2o4
Stretch It Yoga,ChIJk896qU4FZ0gRgzW8GPQv16s
Stretch It Yoga,chij-qvmgegfz0grttal_umihfe
Stretch Tents and Canopies Ltd,ChIJsargFLUHZ0gRd3fsa4FZH20
Stretch Tent Ireland,ChIJJTkN5PctXUgRHYEx7K2MNxw
Stretch Tents Ireland,ChIJK1vfOD2QREgRQ6jcqJw-mTI
Strevin Beds,ChIJi95Nr4p3XUgRX3FVfGoGa6w
Strictly Dance Fundraisers,ChIJwzHEMhcTZ0gRIlMOxeHo7Y0
Strictly Salsa,ChIJl4x4xR8MZ0gRCkTnuU1Te1g
Stride Foot & Ankle Clinic,ChIJITrN0MmpX0gRTkeuxR-ocDQ
Stride Injury Clinic,ChIJfQjagLezQkgRhOSI7cjbvw8
Stride Ireland,ChIJVzpyDbiXZ0gRsih8xu12LFU
StrideOn,ChIJa56xMUqvZ0gRYMjYWQ8ZF6Y
Stride Racing,ChIJNWEH8xOBZ0gR7w1eRyI3U2g
Strides,ChIJWSaF6S4MZ0gRW_0N6rccNMY
Stride,ChIJr9i-DjwLZ0gRAsc85WiAEgw
Strike Films - Irish television production company,ChIJE6ZnhvIIZ0gRATQbgqQE8uQ
Strikebox,ChIJYQ39DCfAXUgRBMSmku2v2jY
Strike Digital,ChIJta4-sv0JZ0gRjEY35JQjlsw
Strike Force Cheerleading,ChIJafHJEeQNZ0gRONpjE1A2ar4
Strike Force All Star Cheerleading - Dublin,ChIJYTgpUtYUZ0gRJNkoHt88Hao
Strikepay,ChIJlYoyxF4JZ0gROJrabLMbFdY
STRIKE Sports Coaching,ChIJQ8i_Y5BxW0gR2CbTo5iOfYA
Striko,ChIJAWYOjLcRZ0gRhFjIg_7Q494
StringTheories,chijxebgavspz0grcjni3bub_ks
Stripe,ChIJ3wvoepQOZ0gR2DQ2rJC_aQY
Stripespeed International.,ChIJ3UKJycRjWUgRUDCBYF_45xs
Stript Snacks,ChIJL_kJar4SZ0gRAjEwRfUCSn4
Gill Carroll Coaching,ChIJQ6UykMKXW0gRq7SaEleXKQE
Strive International Consulting Ltd,ChIJq_XYwnsPZ0gRBWbllq1R-Ec
Strive Osteopathy,ChIJ9ZTGIh2XW0gRkyr-CMUFcqM
Strive Physical Therapy,ChIJh7-0FdANZ0gRnT6askwxBPU
Strive Recruitment,ChIJCykAAwrFQkgR-L_0UaXBxXQ
Strive Search,ChIJkfYIRXJ0RQgR8kPXjvD4YUY
Health Screening Dublin,ChIJHdc8xB8JZ0gRgA4sV7MYS2k
Stroker Fabrications,ChIJtbT_dGz3REgRS3FkSt0VZyQ
Strokestown Golf Club,ChIJ15jrsIooXEgRe4_xSAYRgGs
Strokestown Hardware Store,ChIJvxx5k3koXEgRtxOibGxc8Os
Strokestown Medical Centre,ChIJpyirtHkoXEgRlseacNwjuHM
Strokestown Park House & Gardens,ChIJIR6h0nkoXEgRa4AaE7iRyUM
Stroke Support,ChIJAZAxD2lcW0gRtD8bGAiy-3k
Stronach Gallery,ChIJfb5Rm1q2W0gRWYcuHsRVGpg
St. Ronan's,ChIJH6EtiXRzZ0gR_BfeN9Ab46E
St Ronan's Gaa,ChIJOUcRzACSXkgRQiH7vDHKLTE
StrongBo Polled Livestock,ChIJ227nOP2DW0gRr3kr6PddY9U
Strongbow Survival Suits Ltd.,ChIJ0Zsnrw8eaEgR5EytuYU56H8
24 Hour Plumber,ChIJbYmMm8QTXkgRWRNWzE3jUPI
Stronger Group Personal Training Glenageary,ChIJiRz5BjQGZ0gRw0KooySX1uk
Stronger Soul Reiki,ChIJA7e3BSBZXUgR-gvYtTWPxak
Gerry Stronge Photography,ChIJc14_vdFpXEgRJOLnZj3_qPY
Strong hands Massage By Mike,ChIJAzrvWkUjZ0gRCqdMQKyR8lE
StrongLife Gym,ChIJddJR0lWXXkgRApBoqVfmkSc
Strongline Autoparts Ltd.,ChIJb3uGzc50Z0gRUAso9eWwVD4
Stronglings,ChIJY1kwuNkPZ0gR4kQGGyAIIZs
Strong Pilates Ballsbridge,ChIJGzfZjkEJZ0gR7KucYzOlc0c
StrongPoint ALS Ireland LTD,ChIJCzeBkbZ1Z0gRMXsvI1NTocA
Strong Precast & DIY,ChIJ__XNcaZ0XUgREk9-13BStyo
Strong's Cafe Bistro,ChIJhRPSfPZ5XUgRXSfOadyzDo0
Polska Agencja Kreatywna,ChIJHZQD2QoNZ0gRniVw42_Z2vQ
St Rose's National School,ChIJt4pykYMLZ0gRgY3ovSI6ezY
Southern Truck Recycling,ChIJx4QkGRNXQ0gRAnARmVtrOkc
Struccie Design,ChIJxe_StLaRREgRVmQBeXLCJc4
Structive Civil Engineering Ltd,ChIJ2bbz-Z2DW0gRTIp1VlPqP0U
Structural contracts ltd,ChIJYzS2N7QLZ0gRX3icSSZJ124
SDS (Structural Design Solutions) Limited,chijwywfdavdwugrae0xmqaupoa
R.L.Clarke Consulting Engineers,ChIJ-xN9ZkxbZ0gRMuYxgwhOnag
Structural Engineer,ChIJC0dI-paPXkgRMOrE0LM1QxE
Structure Electrical Services Ltd,ChIJ7_fM2jWvZ0gRqk56ojPVr7A
Headway Software Technologies Ltd t/a Structure101,ChIJNSGMz5vqQkgRhb81P2u1cZg
Structure Tone Dublin,ChIJZTs4lJUOZ0gRglYKEW1iUr4
Strudel Artisan Bakery,ChIJcW77AiQGZ0gRq1-2T9ITbfg
Strumming aLong,ChIJaTarjzDEQkgRnpNLF8q2dIQ
Alex Struna Luxury Flooring,ChIJn6v8QBlwZ0gRRRYHaK7w72Y
Stryker NeuroVascular Cork,ChIJk1wngNyRREgRxRewvR27ZAY
Stryker Land Rovers,ChIJE4Umc9rUWkgRoeqaSmy9u_o
St. Rynagh's Football Club,ChIJ4ao2Ag5RXEgRdGMgsqXrM4o
Stryve,ChIJFWHMf_5dXUgRhv5f3dmVX0M
STS Aviation Services Ireland Ltd,ChIJGZOZKCZAW0gRsciB_7xfk4Y
St Saviour's Catholic Church,ChIJ6dd3W2RcW0gR3AfjXzuhlsM
St Saviours National School,ChIJFyReFla-Z0gRHvWvgeqCbDQ
St Saviours National School,ChIJQwF9b3LEQkgRlT3k-6E52cw
St. Seachnall's National School,ChIJaUPc_HtpZ0gRtGd1ksPEz5M
STS Electrical Services,ChIJB27tmiaWW0gRP9-XKHLyh7E
St Senans National Catholic School,ChIJB8UGNTBAW0gRJOorj8d-RCM
St Senans GAA Club,ChIJXwbvyp88W0gRUcbgPkSgMEs
St Senans Primary School,ChIJl2g-nosAaEgRvnSDCrQwiHI
St Senans Rugby Club,ChIJkYTahtRBW0gRDIMToQxPuRg
St. Seton's Secondary School,ChIJpYgcwd0MZ0gRjQnpu36bME8
Sligo Traveller Support Group,chijwxrtklxpxkgrlhcuufkl53i
Specialist Technical Engineering Services (STS Group),ChIJO6Z344DFQkgRSbXj7ChqRR4
St. Shanaghan House,ChIJ6eU2kK0TX0gRdCsN6VWPBlk
ST SHEDS,ChIJX1rNaHp1XUgRjF34EWZRewQ
St. Sheelans Childcare Centre,ChIJ2_3esRvoXEgRU6jmOo-nrbY
St. Stephen's De La Salle BNS,ChIJ28xl153GQkgRwxAnH0cT2OQ
St Stephen's Green,ChIJo5EyLpkOZ0gRfIOtBfARzQU
St Stephens National School,ChIJcc1BjPphZ0gR2aMHIB8gGmc
St Sylvester’s GAA Club,ChIJc6b1QmAaZ0gRx4TIwDJ5tOw
St Sylvesters Infant Catholic School,ChIJb0VLQ3waZ0gREDofi-2VFds
STT Solutions,ChIJEb41C2g1RUgRGrzaS0TWmjQ
St Teresas Special School,ChIJ7c0flHlCXEgRyBqi28WOV4Y
St Teresas Catholic Primary School,ChIJScO52e4iZ0gR8aT54HxlGXM
St Theresas Nursing Home,ChIJmYEDvMvEXEgRnAHaJT6_5sg
St Thomas Senior National School Tallaght,ChIJeVmFL-x0Z0gRnnoOn-fi0zI
St. Thomas' Primary School,0x48677253ac61ed19:0x3048477769b1c88d
St Thomas JNS Tallaght,ChIJ0XWrze10Z0gRX_dppGT2gpM
Church of St. Thomas the Apostle,ChIJYUNCDdh1Z0gRRVs7V83vE0Q
St. Thomas NS,ChIJfwlJadvEXUgRG-QcQwOqzME
St Tiarnachs Primary School,ChIJxQNsUFEYXkgRyBkflX3yWhU
St Tiernan's Community School,ChIJA8ncOnAJZ0gR2hgfoqgUcXI
St. Tolas National School,ChIJr9nIzIfxXUgRKbsZfiSf2Ko
STT Swings,ChIJOTyZlGtnXUgRRjOu-UcQRYc
Stuarts Insurances South East,ChIJtR001-gEaEgR-SdDT4CANS8
Stuart Meleady,ChIJvT5xnH8OZ0gRVBUt_GuqJew
Stuarts Mazda,ChIJCdpesUQLZ0gRw2hOKNhwm0Y
Stubborn Goats Creative Services,ChIJ7f6_eVE7WkgRO1cOJrEM_hk
StubbsGazette,ChIJawAVKpoOZ0gR_eWCAj25bQI
Stubo Exclusives,ChIJF2_H73QPZ0gR7vNiVH4uCKc
Stucco Veneziano,ChIJ23EZNgrTXUgR5XnR1jWMMz0
Student Assistance - Student Accommodation Solutions,ChIJIx-lYoQOZ0gRALnh1REME74
Courtyard Student Village,ChIJyyPtQ6ZeW0gRLkgsABpW1QI
Student 2 Student,ChIJN5nGoZAOZ0gRm0_lLO2AXBg
Student Accommodation Athlone,ChIJZ1al8A1JXEgRghaiy2PmI9g
Wellmount Student Village,ChIJMeuGsmhJXEgR4edXwDQIMZo
Student Accommodation Maynooth,ChIJIaWomuFvZ0gRqXTGBw8YjjU
Student Campus - English School Limerick,ChIJOV7-hFVdW0gRLxh-XtGIajE
Student Corner,ChIJl6Bb4ORcW0gRf1uPIqKizY4
Student Enrichment Services,ChIJV7btPbkLZ0gRAL_PpKh4hJQ
Student Homes,ChIJjQwLn4AOZ0gRKTOoVJo5pf8
Studenthouse - Your Trusted Student Accommodation Service,ChIJoQZ34O8PZ0gRgaE7t8lJBZA
studenthousing.ie,ChIJxZDv4S0NZ0gRSr1wWOSCpRs
Plassey Village,0x485b5e98212e5873:0xf2d1c8fd8614d525
Student Matters LTD,ChIJX6_OIzPTXUgRpQB8PqmRASo
UCC Student Pad,ChIJa_jBRSSQREgRUCiGcPNPEvQ
Student Sport Ireland,ChIJh1Wo3J0SZ0gRWTf7G8dQm20
Student Support,ChIJTQ8roEuBZ0gRHD19GzljgFk
The Student Village,0x4844902da14a583f:0x9e17df79139a5dd
Studex Ireland,ChIJSe_bTDQLZ0gRgOf0a209xqA
Studies An Irish Quarterly Review,ChIJMxRwi6IOZ0gReAfqKvT5Pvs
Studio 304 Architecture,ChIJK3qiw-ccdkgR5E3OxHY_aXU
Studio Alliance,ChIJARpgk5YTZ0gR_INNSnXIHC8
Studio Five,ChIJxwb0m1pjQ0gRK8K63NxcgPE
Studio One,ChIJO44Qh1jFQkgRWJekL-QrX1U
Studio Print,ChIJj-q18qZlZ0gR8yJnKuKPurQ
Studio X Bray,ChIJB8Wx5HepZ0gRdB62TmI9Ubs
Black Gate Studio,ChIJpYWRYpGXW0gRwq1Ig1cd9k0
The Studio,ChIJlx0lT8vpXkgRQWTNEv9SDAs
Studio 102 Hair & Beauty,ChIJ6_mzg-WWW0gROx-VCmtdeSU
Studio10 Design,ChIJOepADxCQREgRv2AAJwyBfuE
Studio 10,ChIJL0m1f5sOZ0gRT6jqO6KzY9Q
studio12,ChIJS74Am-ALZ0gRy51Do8EePWM
Studio 13 Dublin,ChIJiV58nBkMZ0gRFvAP12EDKQE
Studio 14,ChIJIXpnZrcMZ0gRzRgTZFGM300
Studio 14,ChIJX8fnYTwNXkgRGjVtPso3B1I
Studio 17 Photographers,ChIJM9teUyEMZ0gRlgvJKsODFqk
Studio1,ChIJKbmvteRhREgRVV26P3zWU8c
Studio1 Property Services,ChIJp1FjV9MPZ0gRsOWZVffNTzA
Studio 2,ChIJJ4yi6mYOZ0gRxnuTWBmtkT4
Urban Studio,ChIJc7oBAL54Z0gRdhNpXIT5ZdQ
Studio22 The Courtyard Marlay Park,ChIJF3BYkSYLZ0gROSfmcpdnxLU
Studio 254 Hair & Beauty Salon - Santry,ChIJ-fJ0zjwOZ0gRPPPACuHnFFI
Studio26,ChIJRX58xTr9W0gRW9CvHYx2x0k
Studio 28,ChIJg0f71ZqzYEgRZ5JdqlnkGrM
Studio 3 Architecture,ChIJAReKcKQOZ0gRXIaQXMplCXU
Studio 3 Kerry,ChIJ2wfeqoo1RUgRb4aJI1obv8Y
Studio 33 Weddings,ChIJ3y7D3h4MZ0gRctIaUULKJt8
Studio369 | Web Design East Cork,ChIJcZ4SIByCREgRlXL8VdsO0Z4
Studio 3 Yoga,0x486778ec2dac587d:0xb07dc88dd22aaa9a
Studio4,ChIJm-lGzmQOZ0gRDTXfJ8aqNec
Studio41,ChIJ7evl-3MPZ0gRhwPW0pXgQhs
Studio 42 - Architecture . Design . Conservation . Interiors,ChIJLRVslSoMZ0gR0ECfy3_VICc
Studio 44,ChIJLY8p-oQLZ0gR2o1Sxzxyews
Studio 5,ChIJFeLeUNqWW0gR1GeSOckb1ao
Wedding and Portrait Photography - Studio54,ChIJB77E5I03WUgRHpint2QwixE
Studio 5 Hair & Beauty,ChIJQ9e29IoAaEgRlSZAj8_F6pw
Studio 68,ChIJIzDCK_RdW0gRSAYIt7WYvBA
Studio 6 School of Music,ChIJZZhtZFwLZ0gRxr-oT3yAHgE
Studio 7 Fitness,ChIJWz_SRQY8RUgRTQ3GyU9_lN0
Studio 8 nails and beauty,ChIJZ0QJ-2dxZ0gRciRGoLRvj9k
Studio82,ChIJPYItKJ8NZ0gRJSFI-ofjzaY
Studio 9,ChIJxd-mqocOZ0gRwrBWW8G-TVk
studio93,ChIJN-NjbmOzXUgRax8OzQRxbyo
Studio A,ChIJkbqp6pWDW0gRVDbX90MyrwA
Studio A Interiors,ChIJV-nT2MINZ0gRPSNyQdOOXCo
Studio Anois,ChIJcSv1y2QOZ0gRpUQQInyNNzI
Studio AutoMate,ChIJzRP8bw8NZ0gRDt9j0PKgsg8
Studio Beag,ChIJ2zb9H0PFQkgRfLYKmT0Xicc
Studio Brown,ChIJZ1MyGcsNZ0gR-dXHy56Ea14
Camila Lima Nails & Beauty,ChIJkxfutpYPZ0gR90gXFGI7Ro0
Studio Cíntia Amaral | Lash Designer in Dublin,ChIJs56vbl0PZ0gRFPHE77vHxu4
Studio D Architects,ChIJlweG4WIOZ0gRMauxJPwur4Y
Studio Dancewear,ChIJ_VEdHPlnXUgR4ioYdh-qQzE
Studio D Nails & Beauty,ChIJeRVThM87Z0gRGr4xNI_S17U
Studio D personal trainer,ChIJj7QmmoINZ0gRkCIxtBg6ibM
Studio Dolls Hair and Beauty,ChIJB3Z3IIgMZ0gRS5v1O6xosP8
Studio Donegal,ChIJ5eETG20YX0gRck8V4PMJ6ZQ
Studio Duffy,ChIJLXUC3J4IZ0gR4X1IU0oIyFE
STUDIO ELEVEN BOYLE,ChIJUb0sHuOZXkgRFb1aC3DD7G0
Studio Emma,ChIJ50UCH1EPZ0gRUowqX7I8tNg
Studio Fitness,ChIJp_ZE5aWaREgRuFDzrDSJ9B4
Atlasprofilax Centre Dublin in Holistic Center Ireland,ChIJZ54Js4sOZ0gR-GsTzuFBbmA
StudioForty9,ChIJYZUPeBqQREgRHEn5uNfm_eQ
Studio G2 Architect,ChIJh94bvSzrX0gRPzT6YTudcRk
Studio Great,ChIJZQ3m77NJXEgR8h8OzfxLOB4
Studio Habitat,ChIJt6uyd8sPZ0gRDAB7zfTmm_I
Studio ID-11,ChIJXaqmLMMLZ0gRfJ7WwzSOGkI
Studio Image Works,ChIJmUBcAHEJZ0gRq1tQcs90CsI
IMPRESSIVE Permanent Make Up & Beauty,ChIJkeTaMrOlXUgR9MbqetRv0xI
Studio Intelligence,ChIJN_wSSY0PZ0gRAyFlA4q6S_k
Studio J Nail & Beauty,ChIJJ1ILA-8QZ0gRQf6qzu6rI-c
StudioLine Workplace Environments,ChIJJ3vjACQ6Z0gRbe49M3Wqqss
Studio LR,ChIJn04cC6evZ0gRcIAzUv2VOQ4
Studio M,ChIJd5TCC69yZ0gRDsAeLwlpBWM
Studio M Architects,ChIJM9YzE8UIZ0gRJMHFJSPcF2k
Studio Meala,ChIJyXvEdkyXXkgRk2EmzwddYwA
Studiomove Architects,ChIJo7N2MtRdW0gRTEdzOcWLXW0
STUDIO NAPH,ChIJ2ZVMDDTHQkgRFB8p6vWGABA
Studio Negri,ChIJRwblb88LZ0gRJzh5nKm1B7A
Studio Nowinter,ChIJw-J6xfyQREgRDkdVpyZSk4I
Studio One at Silken Thomas,chijutx_kxhlz0grkcgz0x773sw
Studio Perform Theatre,ChIJF5kwjlnHXEgRM0VauYT2IbM
Studio Plus Two Architects,ChIJueAc9S1hWUgRWcBJPnl8o4E
Studio Plus Video Production,ChIJ92Kc9s6PREgRAleT_29-7TA
StudioRA,ChIJHdK2WuZtRUgR3AbUxaJCJGM
Studio Rasec,ChIJKTULlewPZ0gRQpKr6WucrYY
Studiorove,ChIJ1QTp8TPoXkgRtjLcR5pJxRU
RTÉ Television Studios,0x48670932cf762adb:0x55675febfbd770eb
Studio Saol,ChIJy5KlHk9dW0gR6MoGvvWSxwU
Studio S,ChIJDUjzFQipX0gROOrGve5fjK4
Studio Stratos | Brand,0x485c490162dda6e7:0x98e5668255156d4d
Studio Suss,ChIJLcYy9Q0JZ0gRiWoaLn6SD0M
Studio Trench,ChIJB__p40oGZ0gR370tsO3PuYw
Studio Wolfe,ChIJy7-5cf6PREgRgQRLCsuyQfs
MiPrints,ChIJNzvRnemWW0gRVtRpnICDk7U
Studio Zoo,ChIJS1YY2xqQREgRG8sbdNqqQz0
Study & Travel World,ChIJuxzLMATVyAIRciWFaPabXSw
Study and Careers www.studyandcareers.ie,ChIJkZJzQEeRW0gR3Angor_KSH8
Study Centre,ChIJ5RXf9NJpXEgRsfr6xKtKe2A
Study For Success,ChIJk1fj1nILZ0gRX3B5sY3Oyuk
StudyHere,ChIJhaHVuGpJXEgR5nl_WhBIgYQ
Study Home,ChIJR4Hr5HhdXUgR0ioYN3ho_Lo
Study Hub,ChIJ3wtIGxJ5XEgRvME7IB3ZeN0
ISI Dublin - English Language School,ChIJK8vSLSgMZ0gRsEfwj1xSgs0
Medical Poland's Open Day,ChIJ5ZW6c7gNZ0gR-jyQ2K4bESQ
StudyOnline,ChIJr5YI0RVwZ0gRNk4GsbClwC0
Children Study Desks and Chairs Supplier,ChIJ3dx2QzKQREgR1dpvGm14GCM
Studywell Medicine,ChIJ_z6aVVHHQkgRlIbDUKV3w88
Stuff 4 Cakes,ChIJTdoYxlyTW0gRaNgZYw9Alws
Stuffins Chinese and European Cuisine,ChIJTZ12hHJcW0gRgey2fi7iDMc
St Ultan's School,ChIJPfovys0MZ0gR2VIE8cb3amQ
St Ultans Special School,ChIJI4oRcrVEZ0gRF2B84qw6fJ4
stumpstompers,ChIJP9TpNGtzZ0gRvTcooFX8lK0
StumpTech - Cork County,ChIJZaeOXPwPYUYRvGkzdHVscuw
Stuntworx Elite Gymnastics & Cheer,ChIJUW4m57SWW0gRCKg-UwU1CpE
Stupa Asian Restaurant,ChIJM7-TgWDHQkgRJY73rl7c6Ag
Sturdy Products Ltd,ChIJ-12mBN-cZ0gRlfWqwuJgaXk
St Ursulas Nursing Home,ChIJCbogHdc6Z0gRQawKsGqNJgw
St Vincent's Secondary School,ChIJF0kWdJ_OYEgRLUHkNEgXInc
St Vincents De Paul Infant School,ChIJCU0F0E8OZ0gRN8woGa-7lTk
Carew House Day Hospital Clinic,0x48670ff397c0f003:0x39ad5678616f7434
St Vincent's Basketball Club,ChIJR-N0atgNZ0gRkvdE_Cu4xGw
St. Vincent's Infant Boys' School,ChIJU63MeIoOZ0gRKVrOesg_YR4
St.Vincents Centre,ChIJ95f7axOQREgROHloQ0PYveo
Saint Vincent's Catholic Secondary School,ChIJbZKVXBOQREgRz30L6g18JoA
St. Vincent's Secondary School,ChIJQWgiFdgNZ0gRhHsNhueRBcw
St. Vincent's Girls' National School,ChIJU63MeIoOZ0gRJIReCi05RsU
Millmount Clinic,chijidlhzg8oz0grc9zoxguoglc
St Vincents Special School,ChIJuRpTOhdfW0gR_PNp_KwhKI8
St Vincent's Convent Primary School,0x4844901315f79f51:0xa3b260be9b3ef1df
St Vincents Special National School,ChIJU9jApkINZ0gR9-Vy_ehTMlA
Scott Tallon Walker Architects,ChIJDwr8y5YOZ0gRqL8xe69KqaM
St. Wolstan's Community School,ChIJ23zHCPpwZ0gRadrkAS4ri2M
Safe-T Workplace Specialists Ltd,ChIJkTcHE5sZZ0gR4VGSubgNSb0
Spain Toomey Walls Solicitors,ChIJF0YCuKIOZ0gRO603Bvna834
StyCal,ChIJRzdxMVDrX0gR-pclPgciz4g
Style X,ChIJnyhPUZ_PYEgR8TUMUI3iVmo
Style barbers,ChIJQwZ-KBCQREgRQRv_FC5-xEg
Style 25 Painted kitchens,ChIJfWZX0hGQREgRo8Ihi319YLQ
Style a Pooch Dog Grooming,ChIJeWq1HH55XEgR4CXMnMFldEw
Style Box,ChIJy-VMHMaxZ0gR2UNkBRjTJ_w
Style Club Hairdressing,ChIJQzdHXpwOZ0gR8Obr8u91A3c
Stylecraft kitchens & Bedrooms,ChIJFQjIfw-SREgR8_jTgzcUUSY
Styled By: Sarah Rickard,ChIJ57pfV_VrZ0gR4dtI-ZO1ahY
Phone Cases Ireland | Styled Cases,ChIJHeg_h8gPZ0gRgXDWbgjhk4g
Style Dimensions Limited,ChIJyc9S7DsMZ0gRchZFqsFhtXY
Style Food Services,ChIJPQ47MDdLRUgRrSLX8RYPCZA
Style House Boutique,ChIJKyO31u0FaEgR9nWIU1KpQGY
Style Kloset Boutique,ChIJg7esKlqWW0gRsaDEOv3E0Gg
Stylemama,ChIJ-cXoP9MLZ0gRXliez04v6RI
style my wedding,ChIJBWG3UMm6QkgRCAM3YXOpMAw
Style Panels,ChIJF07BFvkQZ0gRbPEP96LFe3w
StyleParlor Salon Supplies,ChIJLSrSPySRXEgR7RPIXd1fycs
Style Products,ChIJxV0NaWZDXUgRPQdB9tZ_Qxk
Style Rooms hair & beauty lounge,ChIJOY0cJIQMZ0gRMNuDsOq1Hq0
StyleSavvy | Style & Image Consultancy,ChIJD0UJwyYPZ0gRgOJv9HafvOE
Style Secret's,ChIJY_09Vhx5XEgRCD7-88yeXn8
Style Shop,ChIJt968CzIPZ0gRa2Jhb9sr7Mw
Styles In Wood Bespoke Interiors,ChIJmeU4QzETZ0gRlcvLMT8XrWs
Style So Simple - Interiors by Aoife Maria,ChIJKU0kzuMMZ0gRGYir5YCoBNc
Styleswithtade,ChIJ0dNgxPttZ0gRZTmFfPbdEFI
Styletex,ChIJF37X0ckPZ0gRwcZbr_6poKw
Styleuphoria,ChIJo7M3gNZyZ0gRdvFUxINXBEQ
Stylez 'n' Smilez,ChIJ16lrJzt9Z0gR13clD_EapuY
Stylicious - Bridal & Occasion Hair & Makeup,ChIJfxzks8NrZ0gRJUo1vPN7zCY
Stylify,ChIJPwjfBsA3VEoRQ3Td71Rhv10
Styling With Anne Lyons Byrne,ChIJZ8iB0uNZXEgR9wlgOp46lfU
Stylish Hair Saloon,chijsy0ksxmnz0grjmwb87ey80k
Stylish Baba,ChIJA2l6OcKlZ0gRo23wYxic1YM
Stylish Chix Boutique,ChIJY9kxd_cRZ0gR2xOYv3vKtN0
Stylishhome,ChIJCUwChXl9Q0gR6NnF0DOoCs0
Stylistic Hair Salon,ChIJU0ctcBmRW0gRIWEXLVTec2I
Stylite Designs,ChIJS-xEx0ibREgRGDOI-wYH_9o
Stylo Motion Design,ChIJQwqh3skPZ0gReR9YulL09F0
STyres Limited,ChIJ34GxQq-aREgRM2H72VmSrtY
Smokey's Café,ChIJ7Q7RxPOWW0gRvdBDrTqfZ0w
Suaimhneas Day Retreat Centre,ChIJzTo8redzXUgRy0es695oW18
Suaimhneas by Anne,ChIJIRF12iaVCIARPjVnZnW9FMs
Suaimhneas Psychotherapy,ChIJT-bgoIllWUgRyn27Y8me2Ic
Suas Climbing Centre,ChIJ11z7k4ReW0gRGoJTX237wx4
Suay Hair & Skin Clinic,ChIJgY5lKnVdWUgRq8wV-8_fb-o
Sub-Zero Panel Systems Ltd.,ChIJ32wPr5UMZ0gRWWHMIFAX0YI
Suba,ChIJl88T3XCzXkgRUVrW0mOLeaw
Sub City Comics,ChIJBfqjaYIOZ0gRG2vr1J6c2rM
Subitis Medical Technologies Limited,ChIJ64zDDVlrW0gRjnwrCRyh1rM
Sublimation print,ChIJ5_NpTmA1RUgRc7oY2vvB4_c
Sublimity Therapeutics Tullamore Ltd,ChIJtTEADcyvXUgRb-lzRkLq7SQ
O'Reilly's Bar & Lounge,ChIJ4acA_IYOZ0gRbkVCP1ad8MQ
Submersible Pump Services Limited,ChIJqR1iNAtrZ0gRpkXpVnO5SC4
Submit.com,ChIJe-SlAw2RREgRwN2Wywv_pMc
Subnet Automation - BMS & HVAC Controls Specialist,ChIJreHF-lIRZ0gRy1SnywSlQMQ
Subotica,ChIJLX0ctZkOZ0gRNGewvNk_ckw
SUBSEA MARINE LTD,ChIJkwrWMgPMYEgRPi_sKEW5I5s
Subsea Micropiles Ltd.,ChIJxVB6b5oFZ0gRGsPjL9BGoGs
Alfie Golden,ChIJ3edq2OORREgRHyzXTqszLHo
Substation Safety,ChIJsXk2dn8OXUgRlOgt977M1PM
Substruck Ltd,ChIJlQZPcqicREgRni8P81T8Ciw
SUBU Connect,ChIJm3mp6lsPZ0gRxzzCfQA2QwA
SUBURB Social,ChIJja0nlNkPZ0gRw3u6j3gCnJg
Subway,ChIJaT9V4ZV4Z0gRvO8ODMLiiyo
Subway Airside Side,ChIJJ8aWJPgQZ0gR3gydiAPnl44
Subwoofr,ChIJ0y5iCwmQREgR9TRj987QROs
SubZero Engineering EMEA,ChIJCwyju8kMZ0gRkApRSm6a0fU
Successful Media Limited - Marketing That Works,ChIJmam5rfULZ0gRrHhTKCgA8Vs
Success Online,ChIJ_QDbU-XCQkgRZ1XH-jN0FQ4
Success Partners,ChIJsZv9BiyFREgRe1rpzk9HnPo
SuccessStore,ChIJD0RRhT6FREgRUALFrbeQyGw
Sudanese Community Association Cork - SAC,ChIJTW9yejSPREgRYKn9elRYD0A
Sudlows India,ChIJlbOaB5QOZ0gRvK-gXuNQcJE
Suds Laundrette Ballyfermot,ChIJ-_NB15sNZ0gR0aAzqeEELN4
Suds and Paws,ChIJ0ec-rsGXW0gRoP5NzekIZ5Q
Suds & Stuff Ltd,ChIJ0wCrUH8IZ0gR7-K-Q6bvOpk
SuedeStone Ltd,ChIJ_QnKSQBXW0gRJL93UGG5RWI
Sue Landsberg Coaching,ChIJOYpT6Dm9W0gRPkN1UvTcAP0
Sue Nelson Artist,ChIJmWrJ-IePREgReWyhhklCZQg
Sue Redmond,ChIJ2XKFKsSTW0gReQt_c8YP3lU
Suertudo,ChIJxz2NI40PZ0gRFRk5FMwDtEg
Sue Ryder Ireland - Charity Shop,ChIJr54uGf_WQkgRdt_WE3pvCI0
Sue Ryder Ireland - Charity Shop Carlow,ChIJOwoNz6xCXUgRmDrNiLkdGXw
Suesey Street,ChIJs8cf3aIOZ0gRXI_NPE_CG4o
Sue van Coppenhagen Art Studio,ChIJowsMMwB7Q0gRihn5iUPxUio
Suffin Plant Hire LTD,ChIJC1dQx3fFQkgRZ-7FZaB_XRo
Suffolk Street Surgery,ChIJBaIgcpsOZ0gR70U8xpNbXP4
Sugar Nails,ChIJtePwCkkPZ0gRVlF79hSAEUk
Sugar and Spice,ChIJod892nr4Z0gRiuQhbM4r2IE
Sugar & Storm,ChIJj3kwhSodaEgRmqdtlDWuuzs
Sugarbare Sugaring Salon,ChIJ2W3_lIsIZ0gRM52ySNa0kaE
Sugar Coated Frascati,ChIJb9dqntQJZ0gR750Obonz9IM
Sugarcoated by Lisa,ChIJiaPW4Xk3Q0gRQweogMLWPTw
Strictly SugarCraft,ChIJ5Ry2o-ALZ0gRnpfN3xiPteM
Sugar Daddy Exchequer St,ChIJy2Qt_JwOZ0gRuVdRUL0M5Yc
Sugar Dolls,ChIJS0RbjYMOZ0gRR4l4rLFSsQQ
SugarLoaf Bakery and Pastry Shop,ChIJxf1hIdwPZ0gROr4IOvh2Um4
Sugarloaf Boarding Kennels,ChIJle2ainWmZ0gRufSBwQTN07c
Sugarloaf Botanics,ChIJlXbAbyilZ0gRx82JpPOsMdA
Sugarloaf Gymnastics Ltd,ChIJb1qWIjiBZEER5Rv3iOMWj98
Sugar Me Waxing,ChIJW90S5LcPZ0gRb2goAY6VZdY
Sugar Plum Sweetery,ChIJwZ268ZzBXUgRPwESkWfmNdM
Sugar Sisters,ChIJJ_HoP8kPZ0gR5qebc88CuZ0
Sugradh Creche,ChIJJWx33ebWQkgR_UGURy79z_8
Sugrue Design,ChIJeW99XcM0RUgRNrjlrcdFmzI
1 Park View,7c01d23188b284f4dd7e1c6995d24dd2
Suicide or Survive,ChIJM3Gysv2pZ0gRWbKiqvrFmPY
Suil Eile Optometrists,ChIJAUONiQ1tQ0gRxmQkQB35eV4
Súileir,ChIJg6v-zZANZ0gRnAVsfV1eSlM
Suip Manufacturing Company Limited,ChIJa_W-7nvFXkgRcUVcSmOJscI
Suir3D - Online Store,ChIJOZ3W_LHFQkgRuBERoPA8gCs
Suirclean Contract Cleaning,ChIJEWdkmS3BQkgRMml2MMDYO2w
Suirdzign,ChIJHZmfz53GQkgR_Hco_YsrvmY
Suir Engineering - Head Office,ChIJ6-ViMq_FQkgRBcRziTwIEnQ
Suir Garages Limited,ChIJAXk-h9PAQkgRgQgr7TDOvqw
suir plant ltd,ChIJdTo3WYDTQkgRXaxXamOfuZM
Suir Roofing Supplies Ltd,ChIJg3donR7RQkgRv8KFVDGlWFI
Suirside Construction Ltd,ChIJS2ceh5zBQkgR2ZGiFchxUnE
Suirside Therapy and Counselling,ChIJp-eASsQxLIURC6lCBsqjQSc
Suirside Veterinary Clinic,ChIJEex5TE7WQkgR1QzwkyAiuX4
Suir Sprayers,ChIJj8eUu9PAQkgRNC6fy-Q4WPI
Suir Storage Solutions,ChIJIXU3v5LNXEgRepOSMeca-TQ
SuirStrings,ChIJR8oAE6jDQkgRfmqYJLk8rW8
Suir Therapy - Counselling with Margaret Walsh,ChIJzaPWgm3dQkgRyagWgoJ5ksM
Suirway Automation,ChIJpy_2EdjHXEgRaPmsokhsYxg
Suirway Group / Forklifts,0x4842d6f87d88ad7d:0x375803527bed7270
Suit Direct,ChIJYQZ_d6ORREgRpZMVLkInGh0
Suite Cottage Interiors,ChIJN6SzRpiFREgRsEXdrC0Jav0
Suite Deal Furniture,ChIJ2a95oLfaQkgRxBQFkGIwxN4
suitesoundpro,ChIJ5VzEUOU5Z0gRI6tQkS_w4H0
Suit Republic,ChIJ3-b3CkGRW0gR3Wa5G7D15EY
Suits Distributors Limerick,ChIJfeBDjPhbW0gRrTeMEK7vx44
Suits District,ChIJhd6jGoZIXEgRzduwJ64T3G4
Suits Select,ChIJ2TraW6c1RUgRaCTXnd5Gumw
Suits You Menswear,ChIJIwQrpcNdW0gRApnyoqwz-_E
Sukhothai,ChIJ_XcNp2AJZ0gR6AtdmDOtov0
Sukie Zines,ChIJv72tOenBXkgRIAd_PtEuT5I
Suleng,ChIJ2xIuckl9Q0gRiAnzY4pBuhk
Sullane Family Practice,ChIJtyd-prHlREgRImiNDu6PZOA
Sullivan Property Consultants,ChIJmUjF3iA6Z0gRwZ51qXCNLNQ
O' Sullivan's B & B,ChIJ-YBu2Ac9RUgR1zxuGfva-7o
Sullivan Dental,ChIJJfRzdf9nXUgRVDKLkDtjjXg
Sullivan Golf Travel,ChIJjXbSS1FfZ0gRff9KH2bKDM4
Sullivan Insurances,ChIJLQU8iv1IXEgRxXc5Uuxz2uo
Sullivan Property Lettings,chiji8haxk_mz0gr4x6cjwjhbi0
Sullivans Funeral Homes,ChIJe25KVv2PREgR4wiFjo3DhOk
Sullivan's Country Grocer,ChIJD0XEt8TGW0gRDNowpKzxz3Q
Sullivan's Taproom,ChIJ15j4XXU6XUgRF6rfKd6P6hI
Sullivan & Son Funeral Directors’s,ChIJYR6H5cSMXEgRmIj1DVi47QE
Sullyproductions,ChIJb1MBLb_TXkgRnY6_90Hx3Ew
Sully’s Suds,ChIJLwibk7CBZ0gRDHlU_J6i-ek
Sully’s Suds,ChIJSwKcoUGSW0gRROZW2OIj3V4
Sully’s Cleaning & Valeting Service,ChIJufldcn3BQkgR8rGELnNp3vg
Sultan 2,ChIJWSdthgybREgREykb1S72prE
Sultan barber,ChIJXeb7gEBfQ0gRV0rGqofztM4
Sultan restaurant and takeaway,ChIJBTX45fB_XUgRByiO8F7lLbw
Sultan’S Halal Grocery & Butcher’s,ChIJP96H4miPREgR445HoKTt0Co
Sultan's Hann Ocakbasi Clondalkin,ChIJv8cp8rJzZ0gRwJmdPXB-J8E
Sultan ul Hind Trust,ChIJczDvsdMiZ0gRTJ6Z9pCQXmE
Sulware Ltd.,chijcfscca4iz0grc2ra02pauc8
Sulzer,ChIJp3vWmLUMZ0gRTcmMPbd1YxM
Suma Holistic Therapies,ChIJw-WVkR1_XUgRW-v_7lZqH4E
Sumaki - Sushi Burrito - Poké - Ramen,ChIJW0qfmWgPZ0gRbS2V0We8Hv8
Sumalee Thai Massage,ChIJjZoL6o0JZ0gRonQpAJRA9Sw
Su-man Menswear,ChIJKdNYi1NfQ0gRbQFxJMJlGVY
SUM Aviation Group,ChIJ8VfKfeERZ0gRJJoAKtUCHU0
Sumera Electrical & Security,ChIJLVZ3j78jZ0gRlOGOcjHult0
Sumi Studio,ChIJseliSTYPZ0gRLIXikEhuv1E
Sumiq International,ChIJfVxHsVlyZ0gRUrrI1uSPAy4
Sumitomo (SHI) Demag Plastics Machinery Ltd.,ChIJfZuw2VVfW0gRBfNY_966iaY
SMT Fund Services Ireland Limited,ChIJD4CyiKfOYEgRUv_7su7Egh8
Sum it Up Business Services,ChIJqSxF5tALZ0gRNZCni1oz4PI
Summa Sports,ChIJgycc3ltXXUgRcqZImaDrGVY
Summer Hill Bed and Breakfast,ChIJj2BqHkx-RUgRrqSQUnddXk8
SLT Summer Camps,ChIJuyYOB17HQkgRzsCguruZG-E
Dance and art camps naas,ChIJ22HbjMF5Z0gRtkebRtneu8k
Summer Court Limerick,ChIJ-8WUs61dW0gRVgTXGw6dxqw
Summer Court Chinese Limerick,ChIJh5Klk1BdW0gRgJWBTb2HmRk
Summercove National School,ChIJK60TNvthREgRIq8Bz9Onsyc
Summerfield Lodge B&B,ChIJq_mjX5ttQ0gRx0qIW4dnJME
Summerhill Family Practice,ChIJE17d3IkOZ0gR2JJH_wUyrt0
Summerhill college,ChIJ5bV-yG3pXkgR7biFlG4Yrb0
Summerhill Construction Co Ltd,ChIJr3rYcA-QREgR1KAFanzxDgU
Summerhill Containers,ChIJh9_eOZPtREgRKllx5Imm19c
Summerhill GAA Club,ChIJK1dptLhmZ0gRo5j7GSHU7a4
Summerhill Golf Club,ChIJx-gVkw5hZ0gR1MBPlAIGlEE
Summerhill Medical Centre,ChIJ0Rt888dmZ0gRWijgiXMHckA
Summerhill House Hotel Wicklow,ChIJm7uHcK2nZ0gReFXKscPdbLI
Summerhill Lawns Roll Out Turf Sod,0x48675e21c6043787:0x297a62abfa265e35
Summerhill Livestock,ChIJf66e0mz9W0gRiwL-7Pf-Emg
Summerhill Pharmacy,ChIJE1oDX1APZ0gRj3ONnHll--o
Summerhill National School,ChIJeaBXO5pIXEgRG_UI-8yo3ps
Summerhill Spares Ltd,ChIJp6vu9FAOZ0gR1LpyFamB9SQ
Summerhill Veterinary Clinic,ChIJ4USzhVyRXEgRR2a1DhzUlJA
Summer Inn Tallaght,ChIJOyLFpXULZ0gRUdoTVE_Ex20
Summer Inn Blanchardstown,ChIJpX9nyYANZ0gRh6wCvlYX5sM
Summer Inn Asian Food (Swords),ChIJE29zsO8QZ0gRFyNV6BvAV_A
Summer Sup & Kayak School,ChIJYadWYKx4WUgR0LaXRmALBUw
Summer Sweets Baby - Reusable Cloth Nappies & Children's Clothing,ChIJla3h_TIdaEgR1eGBX816hpY
Summerton Digital,ChIJXwp52B1tQ0gRFoji7MncU4I
Summerville Healthcare,ChIJyxMDOHfDXkgRIsJ7euXJsIM
Summerville Wagyu,ChIJd2tXH4IFW0gRWLjzJ2vfBGg
Summit Performance and Health,ChIJSTplO0zpXkgRZTroSe76s8k
Summit.io,ChIJu_zexp0NZ0gRmoOmaVqJIxM
Summit Conservation,ChIJFQbfDZkLZ0gRFTVr6QR91z8
Summit DNA Ireland,ChIJGR05XmKI5a0RmyWMkvkhMOo
Summit Focus Ltd,ChIJLTaTjKIOZ0gRHCAnE-IfF2s
Summit Hydraulics Ltd,ChIJORVVX_Z5Z0gReDHj5ECY1KQ
Summit Law,ChIJ__8_ZCgMZ0gRUOIgyuzsBKU
Summit Financial Planning,ChIJKbIpQLcOZ0gRjqmqH16PAok
Summit Medical,ChIJaS_8DXl_Z0gRJyT3zBuYZUE
Summit Scaffolding Ltd,ChIJeThloJAcaEgRKNNxqNP3EYI
Summit : Brick,0x48670b990ddf0615:0x1ae397ccd5687642
The Summit Stores,ChIJYWFwJ4QEZ0gR5yG2a0Uy-HA
Summit Therapy and Performance Ltd Dublin,ChIJFxcS0ZYNZ0gR1UNCk7kRkkI
Summit Windows and Doors,ChIJ0SzQbrUMZ0gRWtcK18qwSZI
National Summons Servers,ChIJSezbSiE6Z0gR0yJTkMKKInk
Sumoblue,ChIJy-5G5pQMZ0gR6BXPTENAro4
SumUp Ireland,ChIJEXMe_8YPZ0gRZnGx1bh7VGA
Sun Arc Solar Systems,ChIJnfERSanl9qIRIzXIFEcn8Fs
Sunaura Distribution Ltd,ChIJZ9-t76OvZ0gRyiC7-NjUHv8
Sunbal's Beauty Salon,ChIJo91N3Hs7Z0gR07JI1jlSWOU
The Sun Bar Tanning Shop,ChIJt03h9lqFREgRuq1Uqr9sxmw
Sunbeam House Services - Taylor Centre/Lucinda Lodge,ChIJ3bx_qn2oZ0gRiflUY13EoPA
Sunbeam Bingo,ChIJvbJwfXqQREgRqrwitDv-J0o
SunBeams Laundry.,ChIJ7zg9tyIOZ0gR_NqeYMoWI7c
Sunbeam House Trust,ChIJu4iX1DRbZ0gR2B9oxamAc74
Sunbeam Vets,ChIJ4Wor8-iPREgRqzA2zOt0uw8
DAISY beauty salon Portlaoise,ChIJZycMRsoNXUgRovFCUuJ9hnk
Kusanta Hair Salon,ChIJ9xGQn8V0Z0gRr5x3JQsUWv0
Sunbeds Rathfarnham Suntan Solarium Dublin,ChIJe2MCMu0LZ0gRFwpWy-YlsGw
Sunbell - Acupuncture & Naturopathy,ChIJsT4V4LdpXUgR_RbU1m-QieM
Sunbelt Rentals Utilities,ChIJI2Q5tDZzZ0gR4V0LGSA-XkU
Sunbird,ChIJmcv4FgAJZ0gRAWJgipRXetM
Sunbound Villas,ChIJbxrQjrgJZ0gRu6Pd4xr71fI
Handpainted Suncatchers from Ireland,ChIJcUY0wTUMXUgRE_fI7qYKPu8
Sun City Tanning Salon,ChIJG5FHQf6pZ0gRKRwAVSSlZsk
Suncroft AFC,ChIJkwQzeI1-XUgRRkuuZuCl11M
Suncroft Community Complex,ChIJDwrz_59-XUgR1kQpsqc9da0
Suncroft GFC,ChIJc-cbA6B-XUgRatxWu2N4j7U
Suncroft National School,ChIJ5WkRYlB-XUgRbjsRuD28oLc
Sundae Scoops,ChIJGcwGflF_XUgRvhv2eu_nNKs
Sun Day Motors Ireland(爱尔兰都柏林日天车行）,ChIJrROJAOMPZ0gREQ-H9ylaUKk
Sundays Well Boating & Tennis Club,ChIJk1afNCWQREgRoQQgI3hhrFw
Sundays Well RFC,ChIJJ-gFFOSPREgRwlO4yVzm9N0
Sundays Well Swimming Club,ChIJYZou_1SFREgRh2xGEt2YPjc
Sunday World,ChIJA7h0LY8OZ0gRpD9x01-3Kzc
Sam Sunderland Ltd,ChIJ3zsGl_JvXUgRLvM8ayTBWpQ
Kerryming Sun Designs (Sun Design Glass),ChIJ54GXVp4NZ0gRnRBmz9ln_T0
Sundew Crafts,ChIJKR5VM1x_XkgR3jPwXsaHDS0
Sundown House B&B,ChIJR8nZU1t8Q0gRh6HJjASSHRs
Sundrelle Limited,ChIJDxfXESgVZ0gRsl9Y9WNhB0c
Sundrive Electrical Sales work,ChIJp4EDjnIMZ0gRmqIoE8cKxSM
Sundrive Dental and Implant Clinic,ChIJAboMB_INZ0gRfpwecjEocps
Sundrive Medical Centre,ChIJVyWB1XgMZ0gRN-Zb8Cg0wq8
Kimmage Nursery and Montessori School,ChIJfQ6553IMZ0gRyCp7kHC87bs
Sundrive Podiatry - Lorcan O'Brien,ChIJtwXThW4NZ0gRKb5LzOkshzw
Sundry Supplies LTD,ChIJt5uNm6EPZ0gRg1aBxTOK9VE
Sun Fashion Lab Kildare Village,ChIJ9arYFAt5XUgRQS0kpv9VB5Q
Motorised Kayaking,ChIJ4ZBLGn5jRUgRUyuFcgxk7uw
Sunfleck,ChIJy85r2XgZQ0gRdGQVUrVIFiw
Sunflower,ChIJU_TfUv4NZ0gRWdovO74RVg8
Sunflower Gifts,ChIJEcJ0IaVbZ0gRR0gI4e7pEl8
Sunflower Solar Impulse,ChIJ1cEqy6lRREgR_CTRg1y0eEE
Sunflower Technologies Limited,ChIJ-T4WXeGRREgRLQ1KaVqw8qw
Sunflower Au Pair Agency,ChIJgUmSCFEPZ0gRHH7W1s-MU68
Sunflower Bakery,ChIJs1ratZJbW0gRLXjy7-HKQuc
The Sunflower Clinic,0x486778962432adad:0xb4ae6406af8d3ec1
Sunflower Chinese Takeaway,ChIJVbHEAHoLZ0gRHgeQNa2obaA
Sunflower HR,ChIJfyrLVuN7Z0gRiVNnuBEeW70
Sunflower Montessori,ChIJ41c64ML8XkgRaaphf0Tr3nc
Sunflower Recycling Project,ChIJEQpQ7ooOZ0gR14XqjxOtMIQ
Sunflower Thai Therapy Centre,ChIJvQJsrwQ9RUgRt8ren6HVzk8
Sun Garden Asian Cuisine,ChIJCzRqvi-yYEgRsLshO_AaSEQ
Sunglasses.ie - Prescription Glasses - Designer Sunglasses,ChIJc2lmXJkOZ0gRxEPZs_rJxBs
Sunglow Sunbed Hire,ChIJM53xcvENZ0gRKgHaxo7oB9U
SunGuard Films,ChIJi0mG_IJdW0gRGcuN9SXBTkM
Sun Holidays,ChIJnw5etMYUZ0gRKy-D1m2w5dk
Sunita's Beauty,ChIJX73gCJoHZ0gRWFPF4djm1eE
Sunjoy Ireland Ltd,ChIJw0cYGIsSZ0gRYVQ2dmsu10M
Sun Kiss,ChIJI7MNYfNzZ0gRlFw31Sz75Fw
Sun Life Information Services Ireland Limited,ChIJVdPgwmzEQkgRdjusjU5BJeg
Sunline Garden Furniture,ChIJ04psXxZfZ0gRtmJkBMc7gZ4
Sunlite café,ChIJwwFN6kTnW0gRXGS2ZCk0TYs
SunnieG PT,ChIJ8dC1viM5W0gRSmpSxNzWhN4
Sunny Dry Cleaners Kilcullen,ChIJrbJ-Si2BZ0gRoWGNc_nlHiU
Sunnybank Lodge Aughrim,ChIJIePZgzPrZ0gRt3OlLZmPcTw
Sunny Day Furniture,ChIJIw52zkzPYEgRlMd-JNLsTQw
Sunny Days Montessori School Frankfield Douglas,ChIJiZlznvKPREgRPr_3XhuIoFY
Sunny's hair & beauty,ChIJtz2tVojXWkgRl3mKsgmTAp4
Hair - Beauty & Thai Massage Therapy,ChIJmfPgxADRWkgRWXB9KA35RLk
Sunnyhill Stud,ChIJ9xBVTsGAZ0gRqu5QkxEkT2M
Sunnymeade Bed and Breakfast & Sunnymeade Apartment,ChIJp2WS3xAmWkgRGReJ1X1tV2w
Sunnys Chinese take away,ChIJV3gTUhV3XUgR8w3T9sXLYvU
Sunnyside-Cottage - Self-Catering,ChIJQ9ND-tUFW0gROlDyvjiuzi4
Sunnyside Cottage,ChIJ86YR5MTFWkgRv_KH7hwwhps
Sunny Side Up Cafe,ChIJaUTDerBzZ0gRILxz_Qk0ycA
Sunny Sky Solarium Cork Street,ChIJP2a9zEUNZ0gR4XIK_Ffp1N0
Sunny Slices,ChIJAdz6oyYZZ0gR1pFDP_UYbcA
Sun PC Support,ChIJbT25ejptW0gR7JWAgr9o-S8
Sunridge Kennels,ChIJJ0lGWiUdaEgRzyAmAAVnze4
Sunrise Chinese Restaurant &Take away,ChIJuQpNW8w4Z0gRXNvcfH8xZ_k
Sunrise Financial Planning,ChIJ2_7rnmZcW0gRXOgGsET2hqE
Sunrise Improvements,ChIJ00OMMeSJZ0gR7esmpxKzSVc
Sunrise Reiki Centre,ChIJA2_I-aIPZ0gRj5W4iwmVrbY
Sunrooms Ireland,ChIJHeyYNDRwZ0gRhm_x7lDIKlQ
vision conservatories,ChIJiw7XLLujXUgRH_qcS9NgKcQ
Sunrose Garden,ChIJkUxEmV0baEgRoPNoNYQ-zBw
SunSearch Holidays,ChIJda_g_GAaZ0gRJXb1xpHBRRI
Sunset Tanning Ltd,ChIJVQSdSQqVX0gRd4c0xWpF04I
Sunset Watersports Shop,ChIJbfU6UjLoXkgRpA3s9aoRJkc
Sunset Creations,ChIJq8c2RB3MYEgRq7gudzpqEzU
Sunset Films – Wedding Photographer Videographer Ireland,ChIJ0_aU0WyvZ0gRWKY2GiAiVcY
Sunset Hair Salon,ChIJVealcoMOZ0gRzALZIeaMkzg
Sunset Healing,ChIJEZLvjCq7Z0gRll2AnIQkkTg
Sunset Show Bar - Dublin,ChIJF3Iz-dIPZ0gRI39-_8dFonI
Sunshine Chinese Restaurant,chijpc7rk4rcqkgrh_zog5fqgu4
Sunshine Professional Cleaning Services,ChIJoRVIOgJ0Z0gR8qRUeeEe6uM
Sunshine MONTESSORI,ChIJkzNeICIOZ0gR30CatPek6Xw
SVP Sunshine House Holidays,ChIJS3Z2Su8iZ0gRLUGG3x1rN_U
Sunshine Juice,ChIJBWT23dxcXUgR0XChZ_CNOPk
Sunshine Kids Daycare,ChIJ4eyUv_RdW0gR3IGpO_FFzK4
Sunshine Marketing,ChIJ-QQTJ4B1XEgRxutbnK69iFU
Sunshine Marketing Web Solutions,ChIJB0kRyv51XEgROjmDep-zV0o
Sunshine 106.8,ChIJPZFq__EOZ0gRR-XLJMAG6go
Sunshine Studio,ChIJV08H8yY6Z0gRbDMikXqjhL8
Sunshine Thai Massage and Spa,ChIJtTyhx25dW0gRqn8H4UQ3aD4
Sunshine Windows and Doors,ChIJi9oBlhGRW0gRbd1V_e4Aruc
Sunstone,ChIJ8Qk60i4PZ0gRg-RIta378ro
Sunstream Energy,ChIJSWYhdZnCQkgRbgRqogjuwus
Showmemagic Photo,ChIJrbJlpe5xZ0gRUdES7fntcJI
Suntask Ireland,ChIJiSN-HIsNZ0gRyqlAhW0fRTk
Sunville House B&B,ChIJDyjX_dB7Q0gR9aBKTfYd9KU
Sunway Holidays,ChIJf-Bhw8YIZ0gR5vd05VLOVs0
Sunwood Selfcare,ChIJyTxmj4MFXEgR5_B9hi9dy40
Superbites Take away,ChIJv27BnIW8XkgRMfDThttAY-0
Super Bites,ChIJTU5ldiW_XkgR9-PQDTOjMg8
Super car wash carrickmakross,ChIJrVFA1_uzYEgRkKwesVCdTrY
super ketones ltd,chijcffdcnqxw0grgameh8wms_c
Super8 Ireland,ChIJzTsDZviXW0gRAmRDrys1os8
Super8 Weddings,ChIJP01dr_uWW0gRiyxGFLeCJrQ
Super Asia Foods 恒辉食品,ChIJrwU-h4IOZ0gR326W76GkSo4
Superb Hardware,ChIJgUAWaOttZ0gRuNgE1VMcXtY
Superbikes.ie (Superbikes parts and accessories LTD),ChIJD5y8qAt1Z0gRa_LKUp4v_Fc
Superbites Take Away,ChIJ-YTmOG5bW0gRLiZQ8F_6-ho
Super Bites,ChIJn6noo6udXkgRJVr0MUsaZ_Y
SuperBlast Ltd,ChIJ1apTRD4NZ0gRGNgSwYt5dro
Super car wash,ChIJq6qqzvhbW0gRMyMLmYujAkU
Super charcoal grill,ChIJN6XUtPq5X0gRDpG3m0LGJtY
Celtic Nest,ChIJi8QsMbprXEgR4iCEJeYShLQ
Super Couriers,ChIJJQmSAgF0Z0gRHYJVB2iuGPw
Supercrust Innishannon,ChIJzf8p5Sz1REgR_RAc2arVwpE
SuperDisty,ChIJ2zL0ac11Z0gR2PBVqzSIvaM
SuperDJs.ie,ChIJO0dXV9ULZ0gRuwSxaWb4ZMc
Super Drain - Nationwide Environmental Services,ChIJ2a4dzbAMZ0gRAQnGIfv_5Bo
Superdrug,ChIJDTYR8Vg7Z0gRX6JYKtNtSdw
Super Fast Food,ChIJc-O1LKniXUgR_DnHL3l-lf4
Super Flush Heating and Plumbing,ChIJARPvM811Z0gR3j64OAMxKMk
Superfly Ireland,ChIJg5IEAaeXW0gRv-4xUSOCVkY
Superfly,ChIJ8zLNgBUJZ0gR5oCoCKghxbw
Superfolk,ChIJw4FzSlN7WUgRSdvJNIK2GQk
Superforce Express South East,ChIJhyP0vf6zQkgRtwjMNG_ZO-s
Superfy,ChIJnXPfZMoNZ0gRIx944uXoZIU
Superglaze Window Systems,ChIJybiAKXv4Z0gRaWq8COTIa8E
Super Health Essentials,ChIJ38ej5FldZ0gR7slQfFZK0bQ
Children's Entertainers for Kids Parties - Clown JaneyMac,ChIJFWq48ZYIZ0gRbLJK3c3nTaE
Superior Accounting Limited,ChIJ23sgKafOYEgRCG2WEufvjsk
Superior Autos Car Sales,ChIJwXYNZ3XtXEgRR56rqKKCYAs
Superior Carpet Cleaning,ChIJOUwWhnxpz24REnuG3bY_Ctw
Superior Cleanroom Products,ChIJJR8W3CGRW0gRr9gZqcIepAc
Superior Driveways & Patios Dublin,ChIJD1rN614PZ0gRP6Wvpz_TdB4
Superior Express Ltd,ChIJVRXZKrEMZ0gRr5xSyOB5COc
Superior Fitness,ChIJnwck8jEjZ0gRz5F5JZXgAWw
Superior Floor Screed,ChIJNcHOPw3vXEgRyMgdn2WC8dQ
Superior Security,ChIJqUKu2dKtYEgR6UTr3OO44VI
Superior Homes,ChIJsbi0IPcFXUgRnyuj9joOQvM
Superior Insulations,ChIJiciIaV2yXkgRYveH7-87Xo4
Superior Driveways and patios Kildare,ChIJTbHRlneBXUgR6IF4SAjpoOQ
Superior plates,ChIJc7UemuqTW0gRhE-6JKrWV48
Superior Plumbing & Maintenance,ChIJ6ZRggk7nZ0gRUv0ETIzcBCo
Superior Products and Lighting,ChIJ3Uj6K9OdREgR7A94uP0laho
Superior Racking & Shelving Ltd,ChIJ73VYB2mTXUgRD98dvXk4U7c
Superior Signs,ChIJWbv0l6nBXkgR56ODTPLhyA8
Superior Storage Solutions,ChIJlXlZWGZdXUgRlBXBtR-t89I
Superior Tyres & Car Wash Services,ChIJKzQQCN0SZ0gRWyFX0a_Y9oE
Superior Wardrobes aircode,ChIJl2t1UlpbZ0gRhcTnSDDEiuI
Superior Windows,ChIJiZkcIqLOYEgRzEzlNzlPC-I
Super Kebabish,ChIJCcPKKuYiZ0gRqmFRvy6qPxY
Superkidsclothes,ChIJoXDyQNPTXUgRbOAIZPnwx5c
Super K Windows,chijgvx-vm5bw0gr8dmzut6m0vq
Supermac's & Papa John's,ChIJZYnWtFu5REgRWykxc7ndprE
Super Mammy Academy,ChIJI5AIRQ0NZ0gR-JI4-Q_JtOA
Super Mario Take Away,ChIJyx3UZGEVXEgR_df9TG9n8vk
Super Mario,ChIJRWEvc5KzXUgREOmVzl7GlIs
Super Marios Tullamore,ChIJo1-jUzalXUgRlGoeqOM9L4Q
Supermas,ChIJlZP2q4bVWkgRHRCn_0DCbuQ
Supermike,ChIJTXT4kKRyZ0gRVOgCEZ0-9oM
Supermix Concrete LTD,ChIJUTed7xfEX0gRSewdBmH_uGk
SuperNatural Food Market,ChIJt4UtPpAOZ0gRdqDq-vOaB1E
Supernature,ChIJuzmyhaIOZ0gRj4Q_HPYH0O8
SuperNode Ltd: European Cryogenic Centre for Superconductors,ChIJES_6W9sNZ0gRLhiwpvgH51Q
Supernova,ChIJy-ofjwWSREgRWong-aNBGuQ
Superphysiofit Chartered Physiotherapy clinic and Rehab Studio,ChIJs0hsfV-NREgR7tDI0ND6aHU
Super Saver Oil - Carlow Depot,ChIJp_xLH2RdXUgRzpHR90HXMaQ
Supersavers Opticians,ChIJy9UrSo8OZ0gR0zjsXCJ_ut0
SuperSculpt Hair,0x4842c5deca2530db:0x32a7592b21a78197
SuperShow,0x485da5422b9296c5:0x6d45e15da9a1b37b
Super Social,ChIJ4abCjCYJZ0gRX3UCCI_RK0s
SuperSoftWash,ChIJV7jMUYiXXkgRAZn3mH_ZBzY
SuperSonic Trampoline Club,ChIJOVUVHOMHZ0gR1LglLd266Ko
Super Stars School Cork & County classes,ChIJQSpucs2RREgRM7x8bXnhsNk
Super Steos Bouncy Castles,ChIJY8GDJZJ0Z0gRvv_FLKuVW44
SUPER STITCH,ChIJt4TmA7qbYEgRyZzIkcYso64
WALSH BROTHERS SUPERSTORE,ChIJJWtfdJilXUgRnGzIHU51OZo
SuperSubs,ChIJacPW-jtDXEgR2Y0vdZtF-6k
Super Technology,ChIJfy5b4CpDXUgRyH0jGLXq5XU
Super Thai Massage,ChIJq4VSzZ8OZ0gRJOoHYgzscNs
SuperValu,ChIJEWqu53GoZ0gRDEkzbMSryNM
SAI- Supervised Access Ireland,ChIJzagONwBFZ0gR04yVLV1Ahbc
SuperYacht Shipping,ChIJzSqxcOwRZ0gRQfKWYqn7ehQ
Superior Freight Services (Ireland) Ltd,ChIJ7djoFVgRZ0gRcayw3vCbUB4
Suples UK & Ireland,ChIJz5NV7n0NZ0gR8V1L3vK7Luk
Suportx,ChIJZ7DCBY37X0gR8WggiFaih7s
SupplementOutlet,ChIJ2_ys_YMOZ0gRciPXiDVnlmE
Supplements Direct,ChIJazuP2DAOZ0gRjBqpCysfZOo
SuppliesBox Ltd,ChIJtSEcAbcMZ0gRYhG4mdGgAhk
Supply,ChIJXXQtEN6RREgROBnigWeHbQQ
Supply Centre,ChIJBzyYl10RZ0gRPy-RqRZIPUI
The Supply Chain & Logistics Expo,ChIJ7cNM18gMZ0gRILG9wsLslYg
Supply Chain Recruitment,ChIJ11HtliMMZ0gROh9TaSqlsS8
Supply Technologies,ChIJ7fYBuMOPREgRlwJpVQ-xC6c
Support After Crime Services,ChIJIcLuDScGZ0gR2BlkmUZFL8Q
Supported Families,ChIJIxRCkNDktEgRMQyK5Kr6eLo
supportingSMEs,ChIJ6bwvhpkOZ0gRkBSYYAoVvWE
support IT,ChIJ5cEVixHDXkgRK6pEYIdGN3g
Suprem Barbers ltd,ChIJtWM4MkgRZ0gRGmOMtdFIXY8
Supreme Nutrition,ChIJFSzuxEVzZ0gRVppA71bbw3k
Supreme ads and marketing,ChIJ-XVWkkE7Z0gRevz3n__-hBA
Supreme Carpet Cleaning Services,ChIJCfHjROsQZ0gRKaO8aWBTvLs
GC Painting & Decorating,ChIJjXCqi_3BXUgRHYlKf1BI400
Supreme Clean Dry Cleaners & Alterations,ChIJMb57RfAQZ0gR0BLJ4U-PTIA
Supreme cutz Clondalkin,ChIJp-kLXVtzZ0gRureeaHjWkp4
Supreme Events,ChIJAcPS65wOZ0gRj21eA2Kea5Q
Supreme Spray Foam Insulation,ChIJRQrx7tUgRUgRWXgUXt2_Hyw
Supreme Heating,ChIJAQCRr6UNZ0gR9hTW1X2Hgoc
Supreme Landscapes & Gardening,ChIJN5FODd4RZ0gRbPTPxL7GgB4
Supreme Oven Clean,ChIJV_eLCNQFZ0gRfsem1E7ZJRI
Supreme Seams,ChIJNb9-8_HQQkgRhicwUKTK3DQ
Supreme Silhouette,ChIJn0Qjs26FREgRl7VMdr1uUEc
Supreme Style,ChIJK1Yh12UMZ0gReImG00XWrWg
Supreme Window Clean,ChIJbd5YYw2SXUgRya9BgAq-wZo
Supreme Windows and Doors LTD,ChIJyR-e2vcPZ0gRgpm7mIrm3Z8
SupscoSportsWear,ChIJmVRoHpxkN4MRILYv_bKjZ_Q
SUPwell Ireland,ChIJqYR--0S_XUgRwIGrsDOuJFc
Sure Financial,ChIJK_TNV74SZ0gRG5XgBXeG29o
Sure Alarms,ChIJcViCBGY1RUgRKIQpJrRF2X8
SureCandidate Recruitment - Limerick,ChIJQcQBXmFcW0gRgvHVXtZTh7k
Surecom Network Solutions,ChIJA_zyZwR0Z0gRgXfuA2v1Grs
SureDatum Limited,ChIJvQ1_8BPBZ0gR5M97ko71UlE
SureFinishing,ChIJg-GNnb8rQ0gRZTCz_XZ4-6o
Surehaul (Ireland) Ltd.,ChIJ3YEJvAk0Q0gRBFGoCh9BYz4
Thompson Interiors,ChIJhz0x7HYMZ0gRzCDQcy3BDbM
Sureleaf Systems,ChIJS_ikoy_FXEgRTVXjvk8ISX8
SureLookIT.com (WHB Services),ChIJd6GTVg1JXEgRtrKjskBEdtA
Sure Look Media - Video Production,ChIJf-4gMQTrXUgRR8yJXFL-Ndk
SurePlan Financial,ChIJQ2H-SK2FREgRN4aQcX00zGM
Sure Plumbing and Heating,ChIJP7x5_9zWQkgR-TTp_GE-5NQ
Sureprint (Clonmel) Limited,ChIJ_SRnYOIxQ0gRZFjOW4UO5tk
Suresafe Consultancy,ChIJoRykeuqdREgRgEOqxZ8DxHQ
Surescanstudio 3D,ChIJTxOrqohIXEgR8taBTWC-xdE
SureSitter,ChIJ1wxF8O0PZ0gRuUNyuQrigYs
SureSkills Training,ChIJV0xgyKIOZ0gR3VzMXAATMd8
SureStone Insurance dac,ChIJa-UKd9UOZ0gRk8ftDNmcwUQ
Suretank,ChIJW5I7DR40Z0gRbrrxpsrZrvw
Suretech heating & plumbing,ChIJmU1p_MY6Z0gRhdXipWn32l0
Surety Bonds,ChIJ0VPaBquFXkgRupOhcA8GZa4
Sure Valley Ventures,ChIJNxnUq0QPZ0gRkOFar5iZCpk
SureWash (GLANTA Ltd),ChIJ4YZ-suwOZ0gR7L6abUWXN_0
Sureweld International Ltd,ChIJL0wtJt1yZ0gRc1yU3rTp_pU
Surf Accounts,ChIJUQNzNM90Z0gRcx1v6bcm7g0
SurfaceCo Ltd,ChIJyeaDm48NZ0gRhTblGAYqGaQ
Surface Wow,ChIJ3Tl_tlMLZ0gRhSdgrp6GGuA
Surf And Turf,ChIJhXUZ4y1jQ0gR7Mon_O6CCss
SURFASOLOGY™,ChIJS7AppEgFZ0gRE0dtYxzf_fM
Surfbox Internet and Printing Kiosk,ChIJBYYPKgB5Z0gRYbRfiTd1jrw
Surfdock | Surf Shop & Watersports School,ChIJMZbqPusOZ0gReedu2itcje8
Surfers Cove Holiday Homes,ChIJGdJSkXX9XkgRlqJ_Wvtg7tw
Surf Mayo,ChIJ5e6VG8yGWUgR9jRyU_iCxOE
SurfnSail,ChIJGX00fXw1RUgR9vUU0Gd7hpI
Surf N Stay Strandhill Lodge,0x485ec364d88d58f1:0x909d426efbda460
SurfnSup West Cork,ChIJkXr1dnBTREgRHW6zZrGlmKA
Aloha Surf School,ChIJM7gRl-GlW0gR7Zhk-hZyhWY
Surf Seeds,ChIJfQJrpicGZ0gRLHTAQKPGWnw
Coffee Break Beach Cafe,ChIJ3RJRdKsPaEgRGZN4vhLgXXE
7th Wave Surf School,ChIJ-XOeyHoxWUgR9eKfX4V3FO0
Surfstr LTD,ChIJ2Zi9IzIPZ0gRzM3XDSbKLIs
Surf'SUP SurfSchool,ChIJawBgflMDt2URXH8xRHghrgA
Surfworld Bundoran,ChIJTf8i5hL9XkgR2q1ibc23RU0
SURGE Coffee Clontarf,ChIJM5bIk2UPZ0gRvBRXkMTw1dw
SURGERY CLINIC alcohol help implant chip antabuse esperal wszywka disulfiram,ChIJn0jX2oY1XUgR5vAPYEOVlQQ
Surgery Group Ireland,chijntrxx1zdw0grvixjnlcgvok
Surgiteck.ie,ChIJnVrUvExdXUgRs_OtMh8iyP8
Sur Le Pont,ChIJsULlqCmIXUgRniociUUqJ7g
SURLOOKMEDIA,ChIJEck2OlAPZ0gRYMuJc1SLNtw
Suro Cars,ChIJs6oC8geQREgRn4r15QLsjBA
Surplus Stock Worldwide,ChIJOeupATsMZ0gRlb47JgHM_yc
Surreal Designs,ChIJyapR6EyRW0gRfIvVQ0ESPv4
Surrogacy Solicitor,ChIJ4b1hP2UNZ0gRMrcjO7fAD6U
Surround - Gifts - Woman’s Boutique Clothing,ChIJq_lHN5gEZ0gRQXvbg-u2J9k
Building Surveying Solutions,ChIJrxx2tYAQZ0gRNri3DunO_X8
Survey and Design,ChIJPTwAuHJtQ0gRcc-oZwANWPE
Survey Drones Ireland,ChIJPRvYuzoNZ0gRl9ojeSCRaiw
Colm Christian Surveying Services,ChIJ1-5PtRq7Z0gRBlRlVNvtXoM
SurveyMonkey,ChIJbcOlxcEOZ0gR2G_A4dCwf74
Advance Surveys,ChIJoeo9k1QOZ0gR0ViA1OCNvko
Jim Scannell & Company,ChIJG1_hEyaQREgR398Cqw-fzms
Specialist Underwriting Services (SUS),ChIJtaBGGVAJZ0gRHcRX8GbPmPQ
Susan Barry Hair Design,chijtztr_imjz0gr3hvmqjt7vba
Susan Boad Counselling and Psychotherapy,ChIJowbQTJACaEgRUYcRFRjtT2w
susan collins home of hair,ChIJH0W1AiyvZ0gRsW95-Re9EqI
Susan Crawford Speech and Language Therapy,ChIJn3ZJGjgbaEgRxpfIZGJDG2Y
Susan Cuffe Wire Sculpture,ChIJrZuxE3WoZ0gRLz2TWyX7Fx8
Abbey Art Studio,ChIJAe0M4J61YEgRvVtEvYRB0WU
Susan Foley Pranic Healing,ChIJXUE8KSEYQ0gReHE80yD93zw
Susan Gill Psychotherapist Dublin Ireland,ChIJaWW9IZ8IZ0gRTT1G3efEBlM
Susan Herlihy ceramics & Gift Gallery,ChIJs_9Pn7pjQ0gRL1JCniu6kqY
Susan Carroll Holistic Therapist,ChIJN3JoRysLZ0gR7pI2rGVrCeo
Susan Hughes Medium,0x48670c7d49057b3f:0x19491b6e3018157a
Susan Hunter Lingerie,ChIJf7rXhJsOZ0gRCaIK5PpkV34
Susan Keane The Mindful Connection,ChIJITvoHs1vZ0gR2Mpc_hc3oF4
Susan Morrissey Chartered Accountants,ChIJdek6pt3LXEgR9-IiuqBrov8
Aphrodite's Gardens,ChIJZWj-zCp7Q0gRfZkjhEN6DTU
Susan O Brien Flowers,ChIJSf-8h0IPZ0gRoi4t1Rpg9X8
Susan O'Leary Artist,ChIJwyCGZNOdREgRYZXKyxRuRtc
Susan Quin Physiotherapy Raheny,ChIJxz-F6b0PZ0gRX9XUUHlnl3M
Susan Ryan Beauty Salon And Clinic,chijs441shcqregry5gted3rg08
Susan's Sweet Sensations,ChIJU-ts67QORUgRqWwYRdROiwI
Susan Tolan,ChIJWWcC2isJZ0gRYmgHV3L6NqQ
Susan Uí Uiginn (née McLoughlin) Solicitor & Notary Public,ChIJb2qG_O-WW0gRNphViKetXuc
Susan Webster & Company Solicitors,ChIJewMsOx5wZ0gRTTt47Qnqf2Q
Susan Weldon - Dog Day Care,ChIJWUPAzj09Z0gRTQ4R3DX2yKk
SusCoPack,ChIJvZ-t70MPZ0gRFswv26F0GZI
Sushida Rathmines,ChIJS3W__pcNZ0gRpgj6bQsbPjM
Sushie,ChIJwbOb3KwPZ0gRa78tB1JFEns
Sushi King,ChIJx-xD0pkOZ0gRKsxt_i4cy_4
Sushiko Sushi & Thai takeaway Tallaght,ChIJt-JTKL8LZ0gR57WeefHIcO0
Sushi-Mania Kitchen,ChIJ-XNP7Kj9XUgR5AplrkdqC0s
SUSHI Planet,ChIJC8mAQExzZ0gRJ-409k4qn_Y
Sushi Sakai,ChIJLWcqCPENZ0gR36tB0mxrKD8
Sushi Yama Restaurant,ChIJk1MxkpTDZ0gRPVFvMqjTXGA
Susie B,ChIJk2dwgjYOZ0gRmflJOldKLNU
Susie Cornally Bale Homeopath,ChIJ2bbz9OthREgR-vNlrsGRoZI
Susie McKenna Hair Replacement Studio,ChIJxwjSimkRZ0gRt9xUNJZC4do
Susie Murray yoga,ChIJ86eiT6QPZ0gRWnxNCeHhXVM
Susi Lodola Psychotherapy/Cognitive Behaviour Therapist,chijo12ybsqjz0grrd7vs3zytre
Suska Damp Proofing,chijv_v7w8wnz0gryhaiah1xwua
Kehoe Interior Fitout,ChIJo_znDWMNZ0gRFIpAVDsj8xw
Sussd Mortgages,ChIJuf6IHwSXC6sRxXaPTkDl7n8
Sussed Nutrition Ltd,ChIJw5nTQ0O5Z0gRE_7zAxOmNlI
SustainabilityWorks,ChIJgZEHn5YOZ0gR7A1GHc2yrVg
SFS Ireland,ChIJIWZUeYgMFmERzzJ0mcwhHlI
Sustainable Heating Ireland,ChIJH0n7sQi6Z0gRrEOKRNU2nWA
Sustainable Homes Ireland,ChIJ8apwOOYiZ0gR9o-JNFh9x-E
NJB Green,ChIJ2wqKizZxZ0gRzBuP3X32818
Sustainable Seafood Ireland ( SSI ) LTD,ChIJpQXKBRsRZ0gReVAJ0Vc6d2w
Skerries community orchard,ChIJbT1yGxQZZ0gRNKse8WdMVh8
Sustainable Tourism Network,ChIJcQnB2k6lZ0gRrMBaFD2i3hc
Sustainify,ChIJIXfifEYFZ0gRw3vf8Nr1oF0
Sustineo,ChIJaYe8SVuxZ0gRG_42I-bc2D8
Sutherland Interiors,ChIJrTup8LwPZ0gRKeDJ83D6byY
Adam Sutor,ChIJ1X6modfGXkgRN2dbGwaXU-w
Website Development By Sutotech,ChIJbZo92VhzZ0gRQPiSlgihvq4
Sutton Cross Family Practice,ChIJ41j9nyAFZ0gRfVOhe2QrPyo
Sutton Forklifts,ChIJG4RYxcMBXEgRQ_YV3_TZG0U
Sutton Golf Club,ChIJ5yjvficFZ0gR4Ey5GajHAA8
Suttonians Hockey Club,ChIJb5kCSeUEZ0gR1-HimhSXwOE
Suttonians Rugby Club,ChIJn7rqvCYFZ0gR2Ax3bA0tdoA
The Sports Shop @ Sutton LTC,ChIJ_xoIxEAFZ0gRDnNpT3nmilc
Sutton Plant Hire Wexford Limited,ChIJIVMMDW6-QkgRQ6Yb70P4kh4
Sutton Playgroup,chiji5czyxyfz0grk5paharzcue
Suttons Lighting,ChIJ5QzBFi5tW0gR8I3Eq7fuXMo
Suttons Oil Limited,ChIJ26hC_BP9W0gRAsGsOhcwT5I
Dr. Mark Holmes,ChIJ0wc-nSAFZ0gRcagahcEYUjo
Suzanne Devine Therapies,ChIJTacaqqcFZ0gRBZTj-ZFeCAo
Suzanne Downing Counselling,ChIJYxcGzHM1RUgRpNfJaNNUR4U
Suzanne Egan Academy,ChIJgWPzONULZ0gReny-lk5nRek
Suzanne Freeman Interior Designer,ChIJv-u5-gc1XUgRgpukMkJBeag
Suzanne House,ChIJi8I6XzsLZ0gRvLlfZgoRvgs
Suzanne Keane Architect MRIAI,ChIJVSPlT6s7RUgRs1zFWXAuO1E
Suzanne Murray Nutrition,chijuuaqbpkiz0gra1kskucxdrk
Suzanne O'Regan Aesthetics,ChIJ19Knsn4PZ0gRvlDSp1NENHU
Suzanne Toal Photography,ChIJ-fCWUEOfYEgRW4b7uhYUSXE
suziebyrnepsychotherapy,ChIJa5BrTwXPYEgRjBqo2NUfGuw
Suzie Dodd,ChIJn7YeX0qRW0gRae2PRV-1zSU
Suzie Mahony Designs,ChIJb7d6YRx5XEgRCHITfRj_Lss
Suzie Mc Adam Design,ChIJX6KMn4vMYEgRYrtz7k8GTh0
Suzies Florist,ChIJF160KvINZ0gRwkNRtEkJUsA
susiekraft,0x485dd526188cdd7b:0x5cc6e9e5b04d731b
Suzsa Boutique 💕,ChIJe6ohqRNXQ0gR0tkD4UNjQ-A
Priory Motorcycles (Suzuki),ChIJeR4qm8ENZ0gRVP5s1qPOtKQ
Suzy's Deli,ChIJnVeaQ20NZ0gRbmw0NegxFw8
Svaha Sound Therapy,ChIJCQFRUhV1Z0gRnYnNJvxH7U8
SvB Monitoring,ChIJQ5aLOQrBXUgRIjPRxEytTrE
SVC Care Communications,ChIJmwR4r6AOZ0gRJk8BSFAQ9pU
SVCcarpets,ChIJxaakM-oMZ0gRPXtRN13y7P0
SVCO Consultancy Ltd,ChIJX0_EiWVtZ0gRutCMbndL520
St. Vincent's Consultants Private Clinic,ChIJExHmJIQOZ0gRETgjtnc1wjY
Divine Word Missionaries,ChIJu7ppfhoYXEgRBxzELOObQPo
Svelt Ladders Ireland,ChIJPZIfkaoNZ0gR3__z890ChPU
Svenlight,ChIJVaInmvByZ0gRqMgoDok-NNQ
SV Fitness Health Club,ChIJ3UHkJo0OZ0gRLYehJa1bz50
St Vincent's Hospital,0x48670e67b24aba11:0xe9cd3140059e3dd6
SVI Touring. Splitter Van Hire. TV And Music Production Vehicles,ChIJeeG1e2elZ0gRvZOEoXRu050
SVJ Karate Club,ChIJF04xSVoOZ0gRY0Oy5KiL7aY
SVL Store Vision Ltd,ChIJG5OEhFkNZ0gRqDOKXdT3bE4
SVP Navan Furniture Shop,chijo-3xj0hbz0grhie8wnqk3ge
St. Vincent's Private Hospital,ChIJDwUE6dQOZ0gRIVgslJlXnE0
SVS Industrial Supplies,ChIJycv9jGiRW0gR4_l9d1d7_QE
Church of the Sacred Heart,ChIJa5Ee79lzXUgRjQmDPF5Ij74
Sw ceilings and partitions ltd,ChIJqdmgWHVxZ0gRZhFCA9_HUxo
Sweeney Walsh & Associates,ChIJseEIoeMxQ0gRAdqcaNKbnG8
Swaad Indian Restaurant,ChIJK3KGH-BdW0gRySbFlY26RAA
SWAAD Finest Indian Cuisine: Best Indian Takeaway in Dublin,ChIJPw-eM00NZ0gRm3PITkPst44
Sapphire Wedding & Events,ChIJ_Z5dgrRyZ0gRsO7700WvbXI
SWAG.EU,ChIJxf5xy9yBZ0gR5AOxFp4Ff-Y
Swag Hut,ChIJt2FtrzpkFAkRjTlriEYnm74
Swagman Bar,ChIJSW898jPoXkgRBOhnYJE1PZs
swaine solicitors,ChIJ62BKsf6WW0gRGt3uo9cLR2I
Swaine Agri,ChIJWV7P2l6XXUgRaSiFHzlO250
Swainstown Farm,ChIJ4xzrS7dpZ0gR0zdSmzpyjWI
SWA International,ChIJj9YdiIQOZ0gRMQgR6iV8MJc
Swallow Menswear,ChIJZyKTrXqLZ0gRuyqn-dVv6VQ
Swallow's Rest,ChIJ50fOOHubZ0gRvZulo6UZAMs
Swan Technology Consulting Ltd,ChIJrY5P-bYJZ0gRmNkKb_Kw6Pc
Swan Aesthetic Nurse,ChIJ2wsoSUqRW0gRji3Y56M1d9g
The Swan bar,ChIJEao9dqyFXkgRyTGbkt7vQuQ
Swan Beds Ltd,ChIJX_VdCNyPREgR0c3UnAmIJvU
Swan Clothing,ChIJ510Vi6IOZ0gRohKdYdeByeE
Swan Lane Yoga and Wellness,ChIJvWYKHQ9DZ0gRRKE5FTAYHyA
Swan Leisure,ChIJ4yUhPh0MZ0gRn8lxv7FgdS0
Tomregan Church of Ireland,ChIJezGrk0drXkgRVVk0yOA4vAQ
Swanlinbar Development Association,ChIJNZqK34NCXkgRAL47cGG5p9Q
GP (doctor) in Swanlinbar,0x485e4286b2354175:0x68c5d6a474ca38d1
Swan National Rental,ChIJ_xuEFH6RREgRDWr0PIjw1i8
Swan O'Sullivan,ChIJ24-50QIMZ0gRyyrX6K4-rTg
Swan Clothing Ltd.,ChIJ5Q-BPXYSZ0gRrAeXrpPRp8k
Swan Plastics,ChIJl36vLHnGQkgRstUHcXLhGDU
Swans Chinese Restaurant,ChIJLdo4Qp4wXUgRtCxanDSe9-Q
Swan's Bar,ChIJGRB6D9sUZ0gR8A-XZzF1lK0
Swans Electrical Expert Carlow,ChIJPWGPwvhnXUgRdC9ssZ7LTcA
Swanson Reed - Specialist R&D Tax Advisors,ChIJn72eoWhcW0gR52kqXtIussc
Swans UK,ChIJY18yPOOPREgRwk5YM6NAFYE
Swanton Motor Cycle Accessories,ChIJHeDcpsWPREgR7_6RGEphtp8
Martin Swanton Properties,ChIJJfrYefyhRUgR1dGnNqx2ziU
Swantons Plant Centre & Plantscaping Service,ChIJm6uEBb-lRUgRs17kM5VcF3A
Swapkit,ChIJyYnypbUMZ0gRDoDNI7RQLvw
Swapoffi,ChIJbR9YsZz5wwQRlWqgfFkEHfo
SWAPPSI Software Limited,chijv8c9xaojz0gr72ptz2imv9y
Swarbrigg's Shoes,ChIJYwU5i_XBXUgRosTytOWjXqs
SWARCO UK & Ireland Ltd. - Dublin,ChIJH-XWE4ESZ0gR1lxT4ZuLg2U
Swarovski,ChIJIZhAztt4XUgR0qFqWHoUbzA
Swat Ads,ChIJbYBDq7VdW0gRdliOdioKT3M
Swatch Dublin Grafton Street,ChIJVa0gA5wOZ0gRpuE5FAQGctc
Sway Pilates,ChIJ_0mnrh4JZ0gRJGPKThranAo
Sway Social,ChIJLxwZd4N_XUgR48xicbv4G8E
South West Bins,ChIJgSVpFwHRWkgR1p45e5ol26Q
SHANNON WHOLESALE ELECTRICAL CO LTD,ChIJ2cY6wGVcW0gRgtsECP2E0z4
Swear by Fashion,ChIJZxoA4Fy7REgRk4bgGkXkkm0
Sweartaker,ChIJW0V9v9oPZ0gRemDm7YDhSdw
The Sweater Shop,ChIJZ-oFHZ4wXUgRCSXGC2f0pQw
Style Room,ChIJG47aRuWWW0gRcH_CHV36xVw
Sweaty Betty,ChIJQ3PppfJ5XUgR5-nkAh8XvRM
Sweaty Soul Studio,chijhwm2_ywoz0gr6fb2nt0btsw
SWEB,ChIJlZtNjYsxW0gRjnufjAAIogw
Sweco Ireland,ChIJR0ouq-cOZ0gRMcOe_gEzLQk
Sweeney&Son Antiques,ChIJAznKv1LmZ0gRCXF7h2U5tBA
Sweeney Architects Limited,ChIJfVjTX5zTXUgRmnBE8nhj8dQ
Sweeney Construction,ChIJrQEEi5JaRUgRplRGqD8KCYc
Sweeney Ceiling Moulds,ChIJM6IJkZ95X0gRuVI1SaG9fxI
Sweeney Storage Containers,ChIJHd3xT6jrX0gRjQ4yRDVq8CU
Sweeney Electrical,ChIJUaGXtdORREgR4aO9FigU9Aw
sweeney family practice,ChIJtafGGSP9W0gRKiafZH4GGJM
Michael Sweeney & Co Ltd,ChIJEbx89NWZXkgRRtr--w1gyVs
Sweeney Furniture and Design,ChIJb1RNJFlVXEgR0ugVxWnUCxA
Sweeney Grass Machinery,ChIJg5f3GOv9Z0gRQ-J1hd8J1Nw
Sweeney Hire Direct,ChIJC3fqr6STX0gRGo6hGbvpN_E
Sweeney McGann Solicitors Limerick,ChIJp7t9kGNcW0gReHDBut09hDU
Sweeney McHugh Solicitors,ChIJmeJafEdxX0gRWBGR3FfBdxI
Sweeney Motor Factors,ChIJzUENzXaGX0gR_dvajBj3KyE
Sweeneyodonovan,ChIJ0-iS8lmrRUgRsLj4YnfG8Yc
Sweeney Hand-Crafted Furniture,ChIJT0Q1pkgdaEgR3Oxsdhh2vDI
Sweeney Oil Spar Express,chijsqvpojwww0grbeglbbplpoq
Sweeney O'Rourke Ltd,ChIJISjK0PEMZ0gReNDsFSzHlkI
Sweeney Renewables,ChIJbw_cGjXrX0gRmxoZHqqcrVc
Sweeney Welding & Scaffolding Ltd,ChIJRT6B1t2SX0gRkh-yVv8K5lM
Sweeney's D3,ChIJN21661wOZ0gRRNpP-nXQ0LU
Sweeneys Garage - (Tallaght) - Car Mechanic | Car Servicing | Car Repair | Pre NCT Checks,ChIJuSqwSCUMZ0gRNMsZ5I7r1rQ
Sweeney sheet Metal,ChIJE5LEhiEOZ0gREvWg_KqmTJY
Sweeney's of Greystones,ChIJ5ebzK9OoZ0gRjbY3JaMCM38
Sweeneys of Kilbride,ChIJjaUk_zYTZ0gRbeoabgZMOgE
Sweeney Solicitors A Medical Negligence & Personnel Injury Law Firm,ChIJ_eiseg-QREgRQPsVDU_EHpc
Sweeney's Opticians Sligo,ChIJ3QawwzPoXkgRpU8hL7AH6xA
Sweeney Todd Barbers,ChIJu1Ag2Z8wXUgRNRjgc70f5NQ
Sweep,ChIJswexkFgPZ0gRBNefoJf1bfE
Sweepr,ChIJB2ZtyK8PZ0gRbGVKCX3cmu8
Sweet Boxes,ChIJWwAg_gGFXkgR7-w-0ZxOVRo
Sweet Spot,ChIJPV3wl3mRREgRlUYyahEZ1l4
Sweet! Creative Agency,ChIJjU2jo-8QZ0gRVavYm-FIP6w
Sweet Almond Plant Based Bakery,ChIJefHbgqgNZ0gRjV3ppMxClmI
SweetBaby,ChIJS1tpTFipZ0gRzTW944eTo_M
Sweet Bakery,ChIJh0lZKJ8NXUgRwKF7t9vNisQ
Sweet Bakery Dublin,ChIJWyVVX-QPZ0gRGJQNngcXPao
Sweet Baking Mama,chij-1hg8urdxugrisx29ote6ym
Sweet Beat Cafe,ChIJ46cEsTXoXkgRnjs4bix25AQ
Sweet Boutique Greystones,ChIJf6r6ly6vZ0gRZHjtO7Oz-fE
Sweet Brazil,chijb24zsbenz0gra9twpdkem-s
SweetCheeses,ChIJ9xNBfAB_XUgRClp1FFy2BTw
Sweet Cherry Tattoos Dublin,ChIJM2cpb8MPZ0gRs9pmL1PfzTk
SweetChurro.ie,ChIJjwu_nl0JZ0gR7JgzA7eUXFU
SweetCo,ChIJ9yZLxfgNX0gR_EFIYpxd79g
Sweet Creations,ChIJWdi27viLZ0gRYlPusnaad-s
Sweet Dreams,ChIJ-yjp5YgTW0gRwr6RSyqYeOQ
Sweet Dreams,ChIJX9RHadkbaEgRDnwQgg5WT2I
Sweete,ChIJI5vUv_EJZ0gR4suW3ZA5Nxc
Sweet Feet Shoes Wexford,ChIJMXMx6EQbaEgRcrxPARwD0rA
Sweetfix,ChIJO-J8C5vDQkgRRZkWW8-2hm0
Sweet Heart,ChIJOXPSUhCQREgRpoytrJTivjg
Sweet Home Accommodation,ChIJuTpAwYUPZ0gRDjwbmXZQrwk
Sweetie Pie,ChIJl617OAoJZ0gRmPK4JQ6XlGk
Cliffs of Croaghaun,ChIJKWv3ZRSWWUgR4I-xbpabpZI
Sweet Media,ChIJoURvipYOZ0gRQhzkdFLltYc
Sweet Moments,ChIJx_x49SMGZ0gR2_aeuIJGR7Y
Sweet Moments By Anna,ChIJ4dkS_DmtYEgRnhw8VYmeo9s
Sweetness Desserts,ChIJUwJD4MwEaEgRI5SBJn7m8Ck
𝐒𝐖𝐄𝐄𝐓𝐍𝐄𝐒𝐒 𝐇𝐀𝐈𝐑,0x4844903d38df44b7:0xfd8115088fcfcbfa
Sweet N Green,ChIJLZiHksltW0gRkvjPqY4uLBU
Sweet Paradise Cafe,ChIJ74RvieIRZ0gRWBc4QZms4xQ
Sweet Passion Desserts,ChIJrff-HFflZ0gRCuc5WqbHN08
Sweet Pea,ChIJjf5ymbj7T0gRAxZ4OWE3GiU
Sweet Pea Kids Boutique,ChIJMTO-_-FvZ0gRMEtKfhOw8vQ
Sweet Petals Floristry,ChIJN2eA2I9vXUgRDMWdPXlOWVU
Crescent Book Shop,ChIJ7aMImBBcW0gR8paf7aPTMAs
S.W.E.E.T.S. South Westmeath Employment Education & Training Services,ChIJWxIGfQe7XUgRWNhC4B975Rc
Sweets and Treats Event Hire ...... chocolate fountain dublin / Candy Cart dublin /,ChIJOwx_f35tZ0gRqlJgFFXc_O4
Sweet Shuffle,ChIJD2So4kBzZ0gRvtuX6_AZYe4
Sweet Smile Bespoke Cakes & Cupcakes,ChIJUWRhmUzlfKwR2UUlndcVlN0
Sweet Smiles Studio,ChIJs3_3Qv51XkgROmhl57I7gfI
Sweetspot Sourcing Limited,ChIJL5Jqc5Z4Z0gRiRlAL1h5nS4
Sweet Squared,ChIJ7dYmN7QMZ0gR9AfycQ_dNoE
Sweet Success,ChIJvZN6PLQPZ0gRJkLJxVNX25Q
AJC Marketing Export Ltd,ChIJmzVSD-FxZ0gRP1unKk82vmU
Sweet Tooth Hampers,ChIJu0jsIWCpZ0gRrtTrbPRKW0I
Sweety Cakes - Birthday Cakes | Celebration Cakes | Wedding Cakes Dublin,ChIJmYko_O4PZ0gRPiYeN7QWU1Y
Swell Audio | Audio Mastering & Restoration,ChIJ1aDIKTxJXEgRJzdgpNu0RAw
Swell Surf School,ChIJN1vB0zh-Q0gRu1HMUit0sRc
Sweny's Pharmacy,ChIJ2e6c3ZAOZ0gR3mFSqkaXJ9Q
SWERVE,ChIJFYPfJgClRUgRI3JjItOeGQM
SW Heating Solutions,ChIJY1WILQwRZ0gRQAm5eH6DhlE
SWI500,ChIJ03O1rVmZRUgRsnnRzA0PuPQ
Sligo Women in Business Network (SWIBN),ChIJVUWgGw0Pn2ERpM8pi9NtoaE
Stephen's Wood Osteopathic and Wellness Clinic,ChIJZck7iQjvREgRCbGd6frf-bA
South West Inner City Network (SWICN),ChIJte8d2zoMZ0gRLpFGTRAj_cM
Swifco Coatings,ChIJD4VQjCcyW0gRjP4sl2x8yr8
Swift Admin,ChIJKxOm80UAaEgRv03lpd8VuH8
Swift Memorials,ChIJBVKT-8TDQkgR2HZgZx4fIsI
Swift Print,ChIJ0-erkULEQkgRTNsZPHeiQW4
Swift 67,ChIJJZt1-IBxZ0gR5_kuoWkn-ms
SwiftAuditor,ChIJNzlLB1gBaEgRLhL8igWZ4fk
Swift Taxis Limerick Ltd,ChIJB46sfmRcW0gRuwdjt6mtjgs
Swift Books,ChIJ49_Z6ksFZ0gRr4GaVcRuNQM
Swiftbrook Medical Centre,ChIJ41477GZ0Z0gRUoVHDo_G1PE
Swiftcall,ChIJazuQsN4OZ0gRLEpFmHrTI6U
SwiftCertify,ChIJSXiMwsk7Z0gRRjT74n6aF18
SwiftComply,ChIJG1eUKyQMZ0gRvMtGoHsMZoU
Swift Composites,ChIJGfePQ9A4Z0gRl6od2wwhTK8
Swift Couriers,ChIJA1nqyosOZ0gRHob2Axqs3Qg
Swift Cultural Centre,ChIJRwbBjZ1fZ0gRMKL3QooB1vk
Swiftdoc Bandon,0x4844f54d7627b83d:0xd091de418c25303a
Swift Electrical,ChIJe7BREV9_Z0gRT6bhzfgJS9c
Swift Engraving Co,ChIJHVaKEhCQREgRtVVCnoKazXQ
DMC Foods (formerly Swift Fine Foods),ChIJdT2i8U-lYEgR9f6SlBNCR08
Swift Glass Service,ChIJT1oIljIMZ0gRx3wiPe5NeQA
Swift Alterations,ChIJX-TFl6bOYEgRheCb80rNDTk
Swift Home Buyers,ChIJuWs1j8MPZ0gRAWWf6K4ejac
Swift Letting,ChIJgQ37dTFbZ0gRxuM8IghIl3w
SwiftMart,ChIJc0SgRqNtZ0gR-1wmaZGa5Ek
Swift Outreach,ChIJUYsV8ut1Z0gRabnubVl2UkQ
Swift Kill Pest Control,ChIJIZG1AucHZ0gRU8RljJ3_ZWs
SAME DAY PARCEL DELIVERY,ChIJ9cq5IK8NZ0gRjTYbNvewODc
Swift Print & Design,ChIJFfrRUeWWW0gRaPLZANhDxW0
Swift Scaffolding Ltd,ChIJX1BuOX8HXUgR4zk_0rNBZmQ
Swifts Furniture,ChIJf4kd0nXEQkgRD3uvvs_9Yhg
Swift Skip Ltd,ChIJfVtq464HZ0gRElEVHArxzEw
www.swiftsupplies.com,chijxa9fvih0z0grkvwvnxkwkd0
Swift Tow,chijz8seil1tz0grnowwhzeoizu
Swift Carwash & Valet Centre,ChIJiWDmcgdcW0gReKjXF82moJY
SwiftWrite,ChIJ501jJ_2mZ0gRvB80mp0tDbo
Swifty Phone,ChIJuybUVxoPZ0gR6xdJcEu9fuI
S Wilkin and Sons Ltd,ChIJBd5Rw2WnYEgRYzD2608SFx0
Sharon Williams Photography,ChIJDZAkwcyUX0gRdQ1A1cOlMh0
Lough Swilly Ferry,ChIJH6dmkQj7X0gRBrd2c0ZpvXY
Swilly Fuels,ChIJCfS2sBj7X0gRqMcSXSwVLoE
Swilly Group,ChIJv1exJ0HrX0gRgQZCi4obfRE
Swilly Mulroy Credit Union Limited,ChIJaSoVPGDxX0gR8HrxtGjoUWQ
Swilly Printing Limited,ChIJ2WwA4Oj6X0gR0OCCIAOqgbw
The Little Island Resort,ChIJZdOwB_dTREgRQCYKM6aQ3DI
Swim Analysis,ChIJ9eHqjqx0XUgROXOttDbDZOE
Swim & Leisure Supplies Ltd,ChIJQ16zUq9vXUgRhdseb4CsSjw
Swim Buddies,ChIJr4GEciaWW0gRxxalUb5erhs
SwimCamp Dublin – Open Water & Pool Swimming Lessons for Adults & Kids,ChIJse-y5AQPZ0gR3Huw7Qjn-rY
Swim Cubs,ChIJ7SYsGwsPZ0gR88u1TrAI98Q
Swimeazy123,ChIJ58GoTuFfW0gRAza-__fKxAg
Fortunestown Swimming Club @Crumlin Pool,ChIJww7PXDENZ0gRuiO6oDo_ZYM
Swim Ireland,ChIJ2V463Z0SZ0gRngYzSnYo3DU
Swimming lessons,ChIJZx7rSmdcW0gRcvW5XHTLdXc
Swim Max,ChIJlQGajtJbW0gRx_Ibc4waIbU
Swim not Sink Leadership Coaching Dublin,ChIJWzMPfrQbZ0gRfgZp-rP8ZRc
Swimsmooth Ireland,ChIJGei3d-54Z0gRzAtfT51pwRs
Swimtastic Swim Club,ChIJJ1IYy71vXUgRgBPKos0GUr0
Our Lady Help of Christians Catholic Church,0x48594d914624d29b:0xf69ba4d75b77aad3
Swinford Agricultural Show Society,ChIJ_THsQZdNWUgR_dS8elixytw
Swinford Boxing Club,ChIJ_THsQZdNWUgRLWF9CdKKJ_0
Swinford Camera Club,ChIJzxyn25ZNWUgR-u23QcRiGos
Swinford & District Credit Union Limited,ChIJaZG6ZTBNWUgRjhmPscVHGPY
Swinford Football Club,ChIJi7qvDD9NWUgRtxEJZx5tRI4
Swinford Handball Club,ChIJmYuJU5dNWUgR1Yiki0aErfw
Swinford Motors Ltd,ChIJD4nbB5lNWUgR3OVapBZPkjA
Swinford National School,ChIJGxJF-pZNWUgRSgfZhNaYo08
Dr John Gibbons,ChIJzwlYJ6JdWUgR5V2mkON-Qcs
QPR Training & Swinford Psychotherapy,ChIJiT-P0pBNWUgRhxf0sIvl-mI
MSLETB Further Education Centre Swinford,ChIJ9QNYnB9NWUgRVM1rAJM7U1c
swingeasy,ChIJqwXwlgYPZ0gR2i8y_WqY1Vk
Swing & Spin Fitness Center,chijw40u8gixaegr_3h1ugj-ysw
Swing,ChIJrSAk52qRW0gRV-GA8HFhjQQ
South West Ireland Golf clg,ChIJZUFamns1RUgRc2qLa60LFoc
Swingyard (Elmgreen Driving Range),ChIJgb9QMHsNZ0gR6EeEMpc2jww
Swipe Property,ChIJPT5gxEYFZ0gRbiMqq1zMgnU
Smart Transfer Ltd.,ChIJk-nWMAB5Z0gRswbvduSvVGw
Swish Equestrian Ireland Limited,ChIJoUltNWb7T0gRmaOlJLzBiCM
Swishhh Fitness Boutique,ChIJQeQsh-h5Z0gRC_zgukIbmnE
Edelwise Restaurant,ChIJRzabhaUOZ0gRtLOs-91hsTM
Swiss Financial Services,ChIJQ_N12GDEQkgR-h8ZwecGwVI
Swisscottage B&B,ChIJbbCfcTiBREgRP6gzvf8SG2Y
Swiss Flower Shop,ChIJ118XItMSW0gR5LKQjXEhS5Q
Swissport,ChIJQZjtua6PREgR8KFJpLuuSR0
Swissport,ChIJm98y9rQRZ0gRoIchMBlXgW8
Swiss Watch Club,ChIJV4TGxmsPZ0gRqJ84hrK3mPg
Swiss WorldCargo,ChIJz6mQux8TZ0gR-51_DVJ1ApE
Switch Distribution Limited,ChIJL0ToLcl0Z0gRaMhGaZjoS4M
Switch2Solar,ChIJtZ34PnMDXEgR1DGqLrGDQPE
Switchable,ChIJQ8LdumMJZ0gRTTfveZqi6uU
Bowen Electrical Wholesalers Ltd,ChIJY8DgGqYJZ0gRCBEYxZn3Qn4
Switched on Leaders,ChIJHwcGbCPPYEgRp2tiOEtreQY
Switch Energy,ChIJFy2Wi2uhQkgRPC0PYNqmOsw
Switcher.ie,ChIJI1NqSZgOZ0gR6Pmt6aVldh8
Switcheroo Mortgages,ChIJq4hCVmoPZ0gRPTtgu8gyMxo
Switcher Zone,ChIJlag_WnVzZ0gRwhSyI5nWetE
Switching Rooms,ChIJD0gU99-dW0gR_cfF8O2-A1k
Switch My Mortgage,ChIJZe_rp4kNZ0gRYUdCMbb9k7M
Switch Business Systems,ChIJs5NZIaL7X0gR6c1yJnG9GfY
Elizabeth Switzer Optometrists,ChIJtWEIWE6FXUgR8exNHSm8kKA
SW Landscapes LTD,ChIJi-5Z3oEJZ0gRcaA7hKxcvyg
SW Motors | Used Car Dealers Walkinstown Dublin,ChIJ1S1exrkNZ0gR4AkrjOMEDeA
Sheridan Woods Nolan,ChIJ07TIeJcOZ0gRMeFxO5ZS2nY
Swoboda Research Centre,ChIJiVaXxIoAaEgRVuE-YPBuZXQ
Swoofee,ChIJAQAAwHGQREgRG0Z7WoQtYhc
Swoon,ChIJhyuHSNCRREgRFKMHNaRpmZg
Swooshed (Sneaker Store),ChIJS1kNPD8PZ0gR5VnATYYe40U
Sword Medical Limited,ChIJWWze1r0SZ0gRb1GKB1f7lR0
Swords Dental,ChIJv6YS6O8QZ0gRT0SPfgbdaF4
Drynam Parish,ChIJk1OJJNwRZ0gRaKapnUi92Xw
Dublin Airport Eight Seater Taxi Service,ChIJf5OpOXMRZ0gRhAk2du8WK7g
St. Patrick's Church of Ireland,ChIJc3sywiMaZ0gR5uxdpMaY9ts
Swords Acupuncture & Healthcare Clinic,ChIJR6n7Au8QZ0gR2h6gju_EW-c
Swords Airport Parking,ChIJlcKNcjARZ0gRT8-H1AJq8q0
Swords Angling Centre,ChIJs7iUC9wQZ0gRbZ7KSLRFeAo
Swords Baptist Church,ChIJXZ9FYX0OZ0gRR2wB2NEkUxM
Swords Castle,ChIJqTfUue8QZ0gR27qBmwNwQ50
Swords Community College,chijsz-y3rsrz0grh7aqxc3d2to
Swords Celtic,ChIJI00HLtsQZ0gRQO4PQesV1VI
Swords Counselling Service,ChIJa4EVx-8QZ0gRe_-iK52cwpU
Swords Cricket Club,ChIJOVHh9hsaZ0gRG5eyWDdyESo
Swords Cycle Centre,ChIJhx2dtu4QZ0gRkIlxvZzBb04
Sword Event Guard International,ChIJszhaGPuWW0gROX-1cL9mPFk
Swords Educate Together,ChIJH-HQviYRZ0gRjAcSZ5xgrc8
Swords Elim Church,ChIJaUFNZsIQZ0gRPHR5R0j1F8I
Swords Express,ChIJFd5xNpMSZ0gRx1arr0T759c
Swords Eye Centre,ChIJ3zK4L-sQZ0gRDzSXiYl6ei0
Swords Fitness Hub,ChIJN7JgYaIRZ0gRE2cUOOIrB1A
Swords Family Practice,ChIJ-aX9YOIQZ0gR5sxwKU-Krmg
Swords Garden Chinese Takeaway in swords,ChIJrX9INu4QZ0gRXC-TigoG3io
Swords Grinds Academy,ChIJ5e-AuDE6Z0gRp0Y4jgm4TC8
Swords House,ChIJS32B0M4RZ0gRZ53fJ5ZPXlg
Swords Ink,ChIJ_5SzkfoQZ0gRU6of-9dI0yE
Swords Judo Club,ChIJy2ol5uUQZ0gR9Z6ZAWzJk1E
Swords Karate Club (Hokubu Dojo Ltd),ChIJI_7xW_oQZ0gR7429FNyOY24
Swords Manor Fc,ChIJVb28EN0RZ0gR1Ynqf8MvEC4
Swords Manor Football Club,chijyeqmdborz0grmozzhvd8otg
Swords Orthodontics,ChIJ--_mVO4QZ0gRvLeV6zInXMA
Swords Osteopaths,ChIJByxCoSARZ0gR6ML4fNOIVcU
Swords Hyperbaric Oxygen Centre,ChIJBYnxAnQRZ0gRgDkzIQDM98c
Swords Painter,ChIJ0_lJ6d4QZ0gRlfEfRbasxAE
St. Colmcille's Catholic Church,ChIJpx_D3-0QZ0gRxd1A34X4RDc
Swords Castle Pharmacy,ChIJ-9MGD-8QZ0gRlWN1HBxCQ-A
Swords Physiotherapy,ChIJhZzceu4QZ0gRTiFpKHLjurg
Swords Rugby Club,ChIJB1gNMTUQZ0gRvgkLK4Fas2A
Swords Sailing & Boating Club,ChIJ_0xXLoIQZ0gR1RF1_ktFXnw
Swords Scouts 49th & 136th,ChIJXxpzNBsRZ0gRX5rPfIKKnio
Swords Skip Hire,ChIJm1kFgOwRZ0gR9JxpwXNALOU
Swords Auto,ChIJ77suyO4QZ0gR3OYuRuHZJX0
Swords Web Design,ChIJzQn5RQERZ0gRSl599xmJYz8
Swords Workwear,ChIJheYLC_AQZ0gRW1iGqhM1oDs
SWOT Digital,ChIJp1Pvp8cMZ0gRFNmY5wXNsxs
South West Regional Authority,ChIJRTF3xGSSREgRExPrNrcd5Es
Shane Ralph Decorative Painting Ltd,ChIJxyRlPygQZ0gRlJVlNU2PBlE
SWRDATF,ChIJw5Pdpbx4Z0gR-PqOJxkHdjg
Swrve,ChIJKWbhbS6DY0ERZWrmCdOR584
Sws Forestry Services Ltd,ChIJWWPMtalXREgRpieuD-vDsbE
South West Technical Diving,ChIJbxaHKfOJREgRwt4r4bCfyYs
Swuite Dublin Student Accommodation,ChIJF3MxWxkNZ0gROU89DBA9Dwc
SouthWest Wholesale Ltd.,ChIJ88P754U1RUgR4tc7pAAxFTM
Southside Wheely Wheelers,ChIJf32z2M5SW0gRAlJVgJtgv6Q
South West Wexford Family Resource Centre,ChIJ9w_08Uq5QkgRRldPC94Kj2s
Shi Wang Yun 食旺运 Chinese Restaurant,ChIJO5k2s4cOZ0gRP52yC_v_1r4
Swyft Energy,ChIJQ6OEDt6RREgRf5eLXsgG6zs
SX Engineering Limited,ChIJL38qcdi6REgRUAVznEbQWMQ
SXI Office Solutions,ChIJPSkMZIgSZ0gRoRkNM2OKFRc
SyberNet Ltd,ChIJG9RstYmWW0gRdA1rXIEWSrE
SYBIL boutique,ChIJR2SBCFfMYEgR3DGGVXry21A
Sycamore Gardening & Landscaping,ChIJ757dl3gTZ0gR4wjRvbu7r0g
Sycamore Construction,ChIJWeFyfbepZ0gRtfUcz5Fg7ho
Sycamore Lane,ChIJe-mAQjhfXkgRX0Y7lgIEed4
Sycamore Lodge Equine Hospital,ChIJ0U-kd6R_XUgR8jgZ5he_D3U
Sydney Cycles bicycle repair and service,06919f6197db1287018b0bd907cf4abb
Sydnk Cleaning Services,ChIJNY49yegPZ0gR7j_oyiUGefc
Syenna Newtown Cunningham,ChIJLaXwfBLlX0gRv2VmuHRMvg0
Sygma Automation,ChIJf0MP_WCQREgRUlZzrphIV5c
Curradoon House,ChIJizNHWu87Q0gRMM691tIz4hQ
Lynchpin cottage,ChIJMQWKO5JRW0gRv8Xe944VOHc
Sylane Hurling Club,chijiyxarrbxw0gr0djrvaitv_8
Syls Cycling Club Malahide,ChIJw-1e61IbZ0gRkaxJ0J2T3DY
Sylvia Kate Photography,ChIJsVQHz62ZXkgRZ70LcTAQdjg
Sylvia Live,ChIJlapjeQZHW0gRepF57lYUpHM
Sylvia O'Brien Voice Studio,ChIJ6S5Fk78PZ0gRRjJSbQf3iRY
Sylvia Shirley Healing and Wellness Centre,ChIJzZm15D5dXUgRs3CYTDyVM8c
Sylvia's Yoga,ChIJ56BSD-UKZ0gRYWIl-ZCRPQQ
Symantec,chijcbungzasz0grwwpzxpasmxo
Symberity,ChIJXyuHURCQREgRVSRB5rEhDbo
Symbi,ChIJZchawtcPZ0gRuSRbW9tqCA8
Symbio Business Solutions,ChIJo_fDMowOZ0gRExftKXHN98A
Symes Gift Shop,chijg05_cajtz0gruj-uyhigq1g
Symetri,ChIJR7KR6NY3W0gRMAMq0PTva8o
Symeyo,ChIJN6P92QsJZ0gRhlGsj93q_4I
Symmetry Compliance,ChIJCeBB3d4PZ0gRAX-3mBz_rsE
Symmetry Financial Management,ChIJRxnwCOdtZ0gRxgevndWm_B8
Symmetry Wedding Videography,ChIJIfSyrvJ1Z0gRyVPYmNCBLvg
E A Symmons Limited,ChIJyUyzo5gMZ0gRcAiaztQPkeE
SymphonyAI,ChIJQeLHD4cJZ0gRMsZQpv0uYfQ
Symphony Kitchens & Bedrooms,ChIJbZmXXqddWUgRHO9O12xh3zg
Symposium Learning - Experiential Leadership,ChIJ01O9y2QOZ0gRamUXIV1szT4
Syms Driving School,ChIJzUwk1kMTZ0gRUUTuhe7M--8
Synan O Mahony,ChIJ5WPSXn3nZ0gRbdlxJraphhI
Synapse Medical,ChIJj1BF1QcTZ0gR9OxVM4jfZBA
Synasey,ChIJrXI-rGMPZ0gRhQMg-lU5GM4
SynCAD BiM,ChIJ7eeA9QqcW0gRmglwH3R5L4A
SYNC HEALTH & WELLNESS,ChIJL2Pj-f29W0gRMGVLSm6RN3s
Synchronoss Technologies,ChIJc84jtJEOZ0gRMv2sG6Ye62g
Sync IT,ChIJRcc6xT7MYEgRnchreTNuZ90
Syncreon Technology,ChIJU_Vge6FcW0gRSXyC_unXLso
Syncrophi Systems Limited,ChIJz3c8XkKRW0gRxyZKH7tJImo
Syndex UK and Ireland,ChIJpfxl8WZzZ0gReLTKLljBrD4
Syndicates.Racing,ChIJE-uvhlZ5Z0gR8pTPWMaaSqA
Synecco Design Centre,ChIJmy41NnKRW0gRb0vnhdmN21I
SYNEO Europe,ChIJ2bXkQ5qRW0gRAfNxOeSTi6A
SynerChi Kombucha,ChIJY8N1MGZ4X0gRQSzc5w-8qcQ
The Synergy Group,ChIJD3y5BV9tZ0gR4lJauJ2P4wM
Synergy Security Solutions,chijdwcnx58mz0grdp3goqnxwdw
Synergy Bookkeeping,ChIJA0CCqS8MZ0gR6C6VqHpF3IA
Synergy Careers,ChIJNfn9CHNnW0gR5R1gyZETYCk
Synergy Credit Union Ltd.,ChIJHXjo-D5fQ0gRmQe1KN-xWTI
Synergy Engineering Ltd,ChIJ-_1x_rMMZ0gRLhGz-EAvW2w
Synergy Fitness,0x48681b9b5166549d:0x416b378355fea5f9
Synergy Facility Services Limited,ChIJ2xN3OAkJZ0gRzKtN4R-Q6nw
Synergy Golf Limited,ChIJr5YI0RVwZ0gRhsS2kU46hnE
Synergy Health Ireland,ChIJr1nt3IWlXUgRajCdcFMBbVw
Synergy Lifelong Learning - Inclusive Education Training,ChIJbR4iWYJ6Z0gRmPZPWpd8Lhk
Synergy Medical Systems,ChIJPROB0frRYEgRG1-dttWXRWs
Synergy Motorsport Engineering,ChIJlWrwBBu9X0gRS66ABWo_fP4
Synergy Network Ltd.,ChIJ_ailLDLoXkgRkRPEf7Xlj-s
Synergy Orthopaedic Clinic,ChIJI-4moyeXW0gRLiRBq4c5dtQ
Synergy Property Management,ChIJQYk9fjiRXEgR-1Tzos_OMRM
Synergy Servers Ltd,ChIJUxAolkENXUgRV7Lnyj7eTWA
Synergy Stocktaking,ChIJadMls18zZ0gRtsQ0__BXrGE
SynergySuite Ltd,ChIJD_PgWpwOZ0gR5SbTGeQFQM8
Trading & Investment Coach,ChIJjyj4GF49RUgRq7xyGSdDwQs
Synergy Vehicle Refinishing Solutions Ireland Ltd.,ChIJQ0U_CZYMZ0gRC2t-oTcRVhE
Synge & Byrne Knocknaccara Galway,ChIJMbQuB6WXW0gR_7jAtEW811E
Christian Brothers Secondary School,ChIJY0yM6x8MZ0gRaNcO_-4tkWs
Synima,ChIJadEcxYcNZ0gRQ_uNACGnNvk
Synnott Lawline,ChIJ8ccmYe-WW0gR9ko7p7KsNQE
Synopsys International Limited,ChIJMW2ULaISZ0gRz2cjS8EFZ3A
Synoptic Communications,ChIJwRBVXQkIZ0gROk7OVFYtXJI
Synoptix Ltd,ChIJM3op5LRxZ0gRk10kg8zPu2c
Syntec,ChIJL4U7pfUSZ0gRzb8odt5p4XU
Synthetic Surfaces Limited,ChIJE3eGL9J0Z0gRFrhlX3StrPs
Start Your Own Business Course,ChIJ7Wt1cr9zZ0gRym6aF1Kg0Z0
Syrian house cuisine,ChIJNS5lQkhzZ0gRo1IFPShEBHY
SYS-PRO Limited,ChIJl5hYf0tcW0gRz1cadJmN-B4
Sysco Ltd,ChIJqSUQFKIOZ0gR-oxcQz0AAgU
Sysco Ireland,ChIJNRKZtPsSZ0gRnoft-Ryeoog
SysComm Project Management Ltd,ChIJQWxFeIh0Z0gR7G9A5t9mHIk
Syscom Solutions,ChIJx43NCXVKQ0gRI1LOpnQVDEg
SY Service and Tyres,ChIJceDcbPkLZ0gRUSIOcq9G8Vk
SYS Financial,ChIJoZBF7V1cW0gRqFydhMvdBUM
Christy Heffernan & Son Consultancy Limited,ChIJ8V91MgfFQkgRUBewnJWs2Ck
SysG Soft solutions,ChIJ6R76uBmRREgRAOaYo2Wi37U
SyS Laboratories,ChIJVfvdDBsTZ0gRTOaA7C5lJvQ
SYS Mortgages,ChIJrU8pDwBdW0gRnh2shNBnTnM
Sysnet Global Solutions - Global Operations Centre,ChIJieKcNMoMZ0gRLKsymXSKqcs
System Label,ChIJmx7x8TcjXEgRp03ecp_bIC4
System 10 Weight Loss,ChIJHxKuYW8OZ0gRm2BzMuMxVVI
Systema Gym,ChIJU-y6JdliQ0gR6XIPh0Cj8_w
Systemair Ltd,ChIJkY3CV9cRZ0gRTBMMdKaWWIs
Systematic Security,ChIJb8QTJ9QUZ0gRlsFL2nURRR4
System Electric,ChIJhfluD_RvXUgR8OhagMsU8Us
Systements Limited,ChIJoc227z-XW0gROR18HCA0vAE
Systemlink Technologies Limited,ChIJwWxP0c50Z0gReYxbDAaKIJY
SystemNet Telephone Systems,ChIJ1c3lrcd0Z0gR8H604xWmOJg
SystemPlus Elements,ChIJAZXDlncSZ0gRB9tI8bBTtOg
System Video,ChIJPyO_uy4NZ0gRKVqxww8CEeg
Systo Metric Limited,ChIJw4EWKzLoXkgR028tJl-KvL0
SYSTRA - Dublin,ChIJ7d-VO44OZ0gRmM27val3D_I
The Modern Manicure Co.,ChIJQy3JzDpLZ0gRLKkR6cx61Qc
Szilvia’s Holistic Therapies & Skincare,ChIJVejsV_VlZ0gRq1LBjG0_tz4
Heart Light Healing with Nora Hormay,ChIJpXgVBL6RREgRpsLlVzhntBc
Polska Szkoła PAK,chijuvlxw3upz0grfzeu92o_7ve
Polish Weekend School SEN in Dublin,ChIJK7hXavoNZ0gRval_lhAV0OM
GRT Hire Ltd - Shotblasting & Spraypainting,ChIJF6GPvspaXUgRkeH8bcoIraU
T-Prints,ChIJnUBDNOkNXkgRxsMKP5_DyMY
T-Rex Clothing,chijy303ykndwugrinkmrbjmqxy
T-SHOMEDIA,ChIJySzBPegPZ0gRs-bx_KGf1-M
An Crann Glas,ChIJD2eAYx2xW0gR29qb2aIGXPg
Real Irish license,ChIJ0_ccX9Y7Z0gRXpp7742itwg
Bashar Barber's,ChIJcbFnXuDtdaQRLDtf0D00na0
T12 CrossFit,ChIJZ500x8iPREgRzammiRiUGEE
t2 Digital Strategies,ChIJbSmvO6xCXUgR8vxoezNGEOY
Time2 Travel Dublin,ChIJGzC2JmMOZ0gR8wFoIKB9Fz8
T45 Jiujitsu - BJJ Cork,ChIJiYhsNZqdREgR6_0RhNifM8U
T4I: Transport 4 Ireland,ChIJqyRIFMwRZ0gR-1fw8Ln6Mmg
T5 Partnership Limited,ChIJFbO5fUwOZ0gR_9WlWfBA8II
Web Training Courses,ChIJEUCUI90MZ0gR-gozaUbtsRA
TrinitySeven Studio Ltd - Creative Web Design & Graphic Art,ChIJnRAYM9sUZ0gRY3ADVpKGW1k
Taaffes Bar,ChIJoxp4NeWWW0gRGD4oPv7ZBk0
Taaffes Castle,ChIJXf8ETs_WYEgRSCE_2usEoMg
TaaTransport,ChIJi42qwCOpBU8Ri4wUECO1NxA
Tab International,ChIJtZ_-WqNeW0gRcMWbf_ka5hg
TAB Group - Taxation & Financial Services,ChIJtYvmAAoMZ0gRWHEgQH1zrLs
Tabetex Limited,ChIJs1rf6EepYEgRzSprLvWfukg
Tabitha Ciyamba Nseka,ChIJb9EFFWpbW0gRWSi6vqQqpOQ
Tabla Design - Custom Made Furniture,ChIJZTOvFwnjREgRNAqBiH8gSyU
table.ie,ChIJvefLbEGbZ0gRkVZORBzT778
Table 8 Bistro,ChIJbYxXd2ZtQ0gR6_nTRB5Wnts
Crosbie's,ChIJAUe90OwOZ0gRaXj9fSiDj3M
Tableau Software,ChIJZ5ElRsEOZ0gRdko250p5nxY
Table Forty One,ChIJSVLy-E_mZ0gRf3qF4Ygk2Ic
tableinabox.ie,ChIJFf-DmywJZ0gReJUCS_TIETc
Table Lighting Chair,ChIJVzJRez0MZ0gRoj5ml3oKQas
Table Tennis Ireland,ChIJ0zif9coMZ0gRoaU_oBJ2kKU
tabletennisvalley,ChIJ_f-dVzNzZ0gRJMadXcjlrYg
Table Tennis Stars Waterford,ChIJh75efQDFQkgR-2NrJjR55gw
Tabletop Cork,ChIJe1owxRCQREgR8XgUMzOyC7M
Table Trends,ChIJky-g7guhYEgRAubspsfcZkI
Table Wow,ChIJxUvVyrl1Z0gRs4BwY1s6bVo
Taboo Graphix,ChIJW_RhUgkPZ0gR-QOwXtoGOwc
Tabor Lodge,ChIJQbMVhbiJREgRfcCmipC7uvk
Tabor House,ChIJEzlcXVFbZ0gRPJ-qr-Q6LFk
Tabs Golf Society,ChIJTS-sq30PZ0gRbKmuhL48sGo
TAB Tyres & Batteries,ChIJ2RYPuJUMZ0gRDnYp48-7_oY
T&A Civil Engineering and Building Contractor,ChIJsXUZOb5nQ0gRrKTIe_gw3Jg
Tabula Rasa Holistic Therapies,ChIJ3RoW3IWlXUgRfDzZ3TKV-gE
Tābú,ChIJKdFEyo01XUgRiJjewlkvkAg
TACC | Traffic Accident Collision Consultants,ChIJl7Y0TDrDXkgRVKGs8qzNczs
tachyonenergy,ChIJH1OGzY0OZ0gRvgp5HFDxljA
Tack & Things Equestrian Shop,ChIJcenNLWcXQ0gR9bKcZB0i0eg
Tackle Direct Ireland / Halfway Angling Centre,ChIJ6QL4n3KMREgR-N7Nw82ZpkQ
The Tackle Shop,ChIJpyr9h3KQREgROTvHl4LmyA8
Tack Packaging,ChIJ01b-rHevZ0gROYM4EYvsLNM
Tacoman,ChIJ-0lu3zsPZ0gRtD-l2Wt5KiY
Taconic International,ChIJK2y7YR3AXUgReoDo96q4Cdo
Tacos Traviesas,ChIJ172cn8ptW0gRAgYupOJ34eY
Taco Taco at East Side Tavern,ChIJV47445wOZ0gRsBZRZDUhdno
Tallon Accounting Consulting Tax,ChIJMQ2O9Gh9XUgR2mI13ZWnoJU
Tactical Sec Ltd,ChIJl9eV_V0KaEgR5wBT8r8FqWs
Tactical Media Mobile Led Displays,ChIJH2SAAbsLZ0gRJ9Sdg9CTjo0
Tactical Talent Recruitment,ChIJa5IzrgT-XkgR-GTFemVNWGs
Tactive,ChIJ97wHai8JZ0gRvsu-7YOai2w
TADAIAS,ChIJK_8jKtnrX0gRoFaA8oRoERE
TADCO,ChIJJX7TCfa8W0gRM-53Bhlo2dY
Tadgh O Flynn Jewellers & Goldsmiths Ennis,ChIJkXwFJC1tW0gRso_8mzEFXkM
The Kabin Cafe & Catering Company | TLC FOODS,ChIJG_M-EXePREgRpszLY20TBUk
Tadhg McMullen Architects M.R.I.A.I.,ChIJT7CAtGM7RUgRNMNGN8yZAcQ
Tadhg Murphy Violinist,ChIJL7FB2OY7Z0gRlnhZQ6HB3MU
Tadhg Nathan Photography,ChIJ2SKpNyQNZ0gRJcNsAJ4MDuY
Tadka House Indian Takeaway,ChIJ4Yb7bh0MZ0gRKUiypwnhPYk
Tadpoles Childcare,ChIJl9Aq7z4ZZ0gRcv60ubbxaBo
Tadpole Software,chijlvgee8mwz0grd7q9zp1ypu4
Blanchardstown Taekwon-Do Club,ChIJWRuRc6xyZ0gReVtX1dxKWVo
Stillorgan Taekwon-Do School,ChIJs99qSBcJZ0gRuyLZ2Y5zwt0
Naas Taekwon-Do Club,ChIJgRR-P7J4Z0gRUA3XD4chcfU
Navan Taekwon-Do School,ChIJHY-DOxtQZ0gRnE4EV-kjPG8
Celtic Taekwondo Santry,ChIJ_XKxwCYOZ0gR7PbjEwXEVSw
The Authentic Food Company,ChIJ4dQLU0fMYEgRpnZrjhOJRE0
Taffs Valeting,ChIJmZGA0LmRXEgROmzk_-Q6T1c
Tool and gauge,ChIJX88zLOe2XkgR-57y6bsAyfM
Irish Telecoms Expert Witness Services,ChIJG7xug-Z8XUgRmHGu7FxoHLE
Tagers,ChIJryHsXYKfYEgRhJrQJXg1zAo
Tag Gifts [Takeaway T-shirts and Gifts],ChIJyzzlQtFdW0gRuoMduJnVrGc
Taghmon Action Group TAG,ChIJZS1LVkemQkgRMrHARGHjhoQ
Taghmon Family Resource Centre,ChIJyycqdzimQkgRtF6nXSq9GFU
Taghmon Furniture Store,ChIJ6zWo4bSnQkgROo1moYkN8LQ
Taghmon General Practice,ChIJLepffzimQkgRyviQ7SrMR-4
St Fintans National School,ChIJGT2riEemQkgRpm3lg8JDMQw
Jerry McCarthy,ChIJM9lihRkVRUgR9dCPQ86oNwU
Tagline Design & Print,ChIJQ2qZnmbEQkgRqdJ1ooTwYn0
Tag 'N' Rye Dog Services,ChIJsez3RM10Z0gREt_2LeE2Xz0
Tagoat Steam & Vintage Rally,ChIJ26x4JqQZaEgR_Q1mLALTT68
Tag Republic,ChIJ37uqw-CPREgR_6-9tsj5aPQ
TA Group,ChIJJQWwqXpRWUgR0cGoxpSj84I
Coolmine RFC,ChIJJ0Z2zIsLZ0gRRF1xmHQUNUc
TagRugbyShop,ChIJo9g-WCYGZ0gRAbdPFAZvh9U
Taha Market Navan - Halal Butcher,ChIJ8azDJwBbZ0gRy0SnRWow52E
Tahilla Community National School,ChIJJ-W63L1lRUgRNqfLpPfA63Y
Tahilla Cove Country House,ChIJJducBJxlRUgRTYHOHM2yex0
Joli Coeur Crafts,ChIJzztat3RkRUgREKSBO2Fnq9M
Tai Chi Celbridge - Master Ding Academy traditional Tai Chi Chuan,ChIJT6F7L6FxZ0gRnFzaXqtFIZY
TAI CHI Laois - Master Ding Academy Traditional Tai Chi Chuan,ChIJV5xI8mN5Z0gRykGIO8QpY4c
Tayeb Halel,ChIJ___kiIQOZ0gRbH8BJbQwqgw
Taibhse Designs,ChIJVyiWeswdXEgRHA0pqBnsBtI
Tai Chi Ireland,ChIJ0-vBCSAMZ0gRQN1qxsqzTrw
Dr.Beijung Clinic,ChIJjUz_yiQGZ0gRLGklNttysA8
Suaimhneas School of Tai Chi Chuan,ChIJX9mQuZsPZ0gRHaQY_60o4N8
Tai Chi Classes Dublin Santry,ChIJvYPCIScOZ0gRXd2ndQUbbq0
TAI CHI NAAS - Master Ding Academy Traditional Tai Chi Chuan,ChIJi3an7gSCZ0gRYY_e6q-JpAk
The Wellness Centre,ChIJJcK_b5YMZ0gRxHWtt8yZkko
TAIHU,ChIJQyGey75eW0gR5NTz4FTPpl4
Taikichi,ChIJ4Q1dnmZcW0gR5zJEoJTtj8o
Tailblazers Dog Park,ChIJC-jxAAvFQkgRcya8FZBAgRw
Tailer Pets,ChIJM1wRpL45Z0gRQ2xVGxUUMhs
Tailor-Made Tours Ltd,ChIJtUEq0NQSW0gR5Id29FqNsV4
Tailor And Blue coffee co,ChIJo5QZaO0PZ0gR1xZu0uhMVCs
Tailor&Wolf,ChIJ1y6F-IpdZ0gRprIQzz6QmUs
Tailored Equestrian,ChIJ5w_WBY8ZXkgRp6q3Lh8Ck50
Tailored Films,ChIJna8uFJAOZ0gRTS-OFyPByAk
Tailored Finance,ChIJea55GZYOZ0gRjo9674wZ4BQ
Tailored Tiles Limited,ChIJacaIe2rlX0gR002_VEkHwyY
Ann's Sewing Studio,ChIJ56wBDtwQZ0gRSTdEdAKWMF0
Tailormade Coaching Cashel,ChIJP6GKqzzLXEgRSs3Iaq7sMvQ
Tailor-Made Golf Tours,ChIJTziwnd1jQ0gRN3Lae9nafuM
Tucker's Tailoring Service,ChIJRxPSSReQREgRDsCBFonK9mo
Tailor of Blue,ChIJWR36iHY7XUgRV1PW1Iiyrl8
Tailors Hall Tavern,ChIJSZuTmOQNZ0gRsPe6U6nPz1U
Tailors Lodge Accommodation,ChIJjaAWvxsuRUgR0oXXikp7deQ
Tails & Tales | Dog Portrait Art by Antoinette Fennell,ChIJBeIjbK4JZ0gRRVPYXjgqmTI
Tails in Tubs,ChIJSb36NWCFREgRNNSG5dNtsE0
Tails Of Dublin,ChIJ9Z8oY3UPZ0gRdepuIhGFqpM
Tailte Éireann,ChIJWd-PVygMZ0gRqF9w1Zk7uNE
Tailteann Walking Tours,ChIJpzlAq8cUZ0gRrxfwjI9jk_g
Tailten Games & Puzzles Limited,ChIJnWBl2y70REgRZxHVWESzN9Q
Taim Lodge,ChIJO-MqgLFlWUgRFmqRTK3SspE
Tairbhe Properties,ChIJ6U6EyEsJZ0gRosz1-iW_rYM
Tait House Community Enterprise,ChIJR-b6KutbW0gRttRQqg8YaA0
Taiyo Sushi,ChIJb6kZ0IyfYEgRe4aDSTH8Rv8
Taj Mahal Indian Cusine,ChIJL97SbAxbZ0gRXybbZjTYVuk
Taj Indian & European restaurant & takeaway,ChIJsY5OIQESX0gRgLB-xH4lJpY
Taj Indian Bar and Restaurant,ChIJn21xXDqQREgRanMgrumrwGk
Taj Indian Restaurants,ChIJxx2nQ1tKZ0gR6JJLl_6QnBI
Taj Mahal,ChIJzYAUvgpRWUgRqCoBHMywIPc
TAKA Architects,ChIJ_8dRTksGZ0gRq5UPJV8SkL0
Takara Ramen & Deli Sushi Bar,ChIJ3wOCCYMOZ0gRL4eKD-We_F8
Take2 Performing Arts School,ChIJC8PKHkQIZ0gRF3lsnbx_9aI
Blackhall Pharmacy,ChIJ0yKbzS8MZ0gR4jCcNEo5c8g
Take2 Talent Management,ChIJYTHAA_AJZ0gRyJcbAq47V9k
Take 2 Promotions Ltd.,ChIJ9cGUZX1ZQ0gRRq7gE7dSnZM
Take A Veg,ChIJeS-e5_MPZ0gRIW_NLR7AWY8
TAKEAWAY EXPRESS,ChIJAahK219JXEgR8WEGR44K0fU
Takeaways in Carrick on Shannon,ChIJKXYxyrSFXkgR8ZnsO0iA_oY
Take Care,ChIJlaBm97kOZ0gRiWv5bflx1pY
Takeda,ChIJa_hNOpYOZ0gR9A6giIeOqxY
Takeda Ireland Ltd (Grange Castle),ChIJCQeCm7xzZ0gRhxQfaYMbb1w
Take Nine Studio,ChIJGwqdlT-PREgRUMFrK0haEyM
Take Out,ChIJCUOCDjqRREgRH-cc7murkrs
Take The Cake,ChIJ1ybusfhtZ0gRkREUSwt2sZA
Take The Challenge,ChIJDU4xCPTxW0gRAfeTsFwtNbQ
Walks Agency,ChIJI9yXda0PZ0gRpMptMWEyc-A
takeyourseats.ie,ChIJ1ZCxcEQNZ0gRVICXD3qDbMo
Taking Flight: Education & Performance,ChIJIT1XkoEOZ0gRnmy5UqAMjoI
Taking the Lead,ChIJh6RNkXV9Z0gR6ZTzh2hkcyE
Takumi Precision Engineering,ChIJDRRYRjpbW0gR-zZt6BDCi8k
Takuya Sushi & Noodle Bar,ChIJ1zsxNa51Z0gRpwAesS2qd6g
TAL Construction,ChIJM3nDidWPREgRvqUON7UE_y4
Tallaght Academy of Languages - TAL,ChIJ22siH8l0Z0gRQivvyxrK7dE
GP's at Tallaght Cross,ChIJ_21EZ7Z0Z0gRr_CbshCZbu4
Talaria Ireland,ChIJiw0JGJoLZ0gRiousXgcbag0
TALAtools,ChIJaT5-j_R0Z0gRCm64VIbSxTk
Talbot Hotel Carlow,ChIJ7TD2qx5pXUgRId4e4NCS-dE
Talbot Chimneys Ltd,ChIJCeBUEcN5Z0gR0e-Sos1MrN8
The Talbot Collection,ChIJ4yRYdVcbaEgR-avuSdx5Plc
TalbotFit Stillorgan,ChIJH79YkRcJZ0gRwpKhUi3s7jQ
Talbot Fitness,ChIJa9cw11UbaEgR-JJQc4l4Yfs
The Talbot Gallery & Studios,ChIJg-AutI4OZ0gRxDiq1qTAFe8
Redwood Extended Care Facility Ltd,ChIJycIXMf88Z0gRZYjtikocPe8
Talbot Hotel Clonmel,ChIJx__GqY8xQ0gRjVJUKq_X-uY
Talbot Hotel Stillorgan,ChIJdR1mJCAJZ0gR-DvUgu3hFCk
Talbot Motor Factors Limited,ChIJ4ds0sYf3XEgRIwA-LemFVZw
Talbot Motors,ChIJ97o3CogOZ0gR7l3NxFDaZM4
Talbot Pierce,ChIJ3Tgf8KIOZ0gRFCWks6SqgXE
Talbot Building & Civil Engineering Ltd,ChIJj5Xsf8N5Z0gRYDJfE6qXEKo
Talbots Gate Childcare & Early Learning Centre,ChIJa2KYdF06XUgRv6po7AuPgYI
Talbot St Medical Centre,ChIJyx0jUI8OZ0gR-xP8p3qVBbM
Scoil Naomh Bríd,ChIJjQPU1-yLZ0gR8BFnKYqY6wM
The Talbot Suites at Stonebridge Wexford,ChIJiQzlLUIbaEgR8mHX6jHYE98
Oyster Lane Restaurant,ChIJQTUaH0IbaEgRFWfUYA25YOU
Talcon Group,ChIJn_-mQ_UPZ0gRGJLyxyaHBpM
TAL Construction - Piling,0x48448fd589c37933:0x80965b92dd201acc
talech,ChIJGfM8FYEOZ0gRZEUDrEmvI5w
Nuvotem Talema,ChIJhQjlwmd4X0gRDllocA-Cpa0
Talence Dental Clinic,ChIJTR9e0QAPZ0gRyk7H28cXVyo
Talend,ChIJjSTJCMQOZ0gR4N89Wgw_aNI
Talent.ie,ChIJoTFnRbBJXEgRGk-VZ1R42nM
TalentAttract,ChIJY34CDAwMZ0gRWcOp1xGzOS0
Talent Cloud Media,ChIJgZEHn5YOZ0gRdJpyPlPihvo
Talented AI,ChIJSbfxoJYOZ0gRpVXo9psxjHI
Talented Kids Performing Arts School & MVW Talent Agency Dublin & Kildare,ChIJD3kyZ5Z9XUgRG41gSSJe938
Talentevo,chijf1zkaayiz0gr1vpv0wq9ljy
Talent Fusion,ChIJyQAHq7eRW0gRya70qgVMU1s
Talent Garden Dublin,ChIJ5fUEQW8PZ0gRZJK1Urlafu0
TalentHub Recruitment Agency Dublin Ireland,ChIJ-We0kcYOZ0gRzUH1TrMNoyw
Talent Matters,ChIJi9DEdMQPZ0gRP-qWjGQueZ0
Talent Music Agency,ChIJdQUY9pp1Z0gR8DM1XCH3cvw
Talent Partners Limited,ChIJq6q6sQIQZ0gRvuNIyUAryHA
Talent Pod,ChIJ0ZE-5q63XUgR-nElJNoSPQg
Data Protection Skills QQI Level 6,ChIJ_9XsvMZ5Z0gR2r2K_7XYOU4
Talent Source,ChIJQ-MXWL8OZ0gRPRvcKamAz5E
Talentspot Recruitment,ChIJpZyzFTsPZ0gRjEitmx10qS4
Tales for Tadpoles,ChIJ8T0_CJsOZ0gRWVKTvDmAmbc
Talha Counselling & Wellness,ChIJhYJ6vJd9Q0gRcMrvSDk_sjg
Talisman sugaring,ChIJZa80USARZ0gRgnEw2P52myg
Talisman Woodworks,ChIJHfpcLQq6Z0gRvjjC_5E-VuE
Talitech Ltd,ChIJQcMr_8GPREgRJ6dUEvZKo80
Talivest,ChIJNWLVLYwOZ0gRJTUzc0B4n6I
Talk Bpo (Ireland) Ltd,ChIJ4fBn4O0OZ0gRB4YTjXLLIFs
Talk Financial Ltd,ChIJhWsXZ-GFW0gRpBrCkHhUKUY
Talk It Out Counselling and Psychotherapy,ChIJQ_L99YQPZ0gRJs3MWJsl9l0
Talk n Tech,ChIJW0aS1ReJXkgRQXR3VKOK0CY
Talk Therapy Dublin,ChIJGxcRixkMZ0gR_6__pKyazTI
Talk Therapy Solutions,ChIJk9BgfkqXW0gRmasPuU6K20o
Talk Time Speech Therapy,ChIJyXRpeNKpZ0gRA5tgMJSpTdY
Gerard O' Brien M.I.A.C.P. - Counselling & Psychotherapy,ChIJYaNTLHyRREgR4o5GWj-kgX4
Talktokev. Children,"Talktokev. Children, Teens And Adults Counselling, Hypnotherapy, Life Coaching, Psychotherapy"
Futures In Mind Arklow,ChIJIfs945fDZ0gRouwRjF3CtC4
Tallaght Auto Specialists,ChIJJyVisk0LZ0gR6Xuef4RsfRk
Tallaght Traditional Barber Shop,ChIJUy0GRkoLZ0gRaLKn04vlSr0
Tallaght Childcare Centre,ChIJ086RDb10Z0gR-uiRD_oFy8U
Tallaght,ChIJJxTpbEkLZ0gRAKfpi9QsMYA
TALLAGHT COMMUNITY NATIONAL SCHOOL,ChIJ5enURcB0Z0gRhpPBq-IRoXo
Tallaght Cross Hotel,ChIJ4VQc9iV1Z0gRCVoOxX_P_14
Tallaght Community School,ChIJHUhGdWoLZ0gRwQELStu9sSQ
Mountain Park,9ff0e9747708adb8dc586e6766e5c5d7
Tallaght Ford & Kia,chijitci-e4lz0gr1k3zte4ylte
Tallaght Glazing,ChIJX_LvaZZ0Z0gRjRwXI5-QKUo
Tallaght Hospital Dining Room,ChIJhT9TzrZ0Z0gR9J2k8UXcWW8
Tallaght Interiors,ChIJPy4RRUALZ0gRsJghuL2KBjA
Feeney-Millar & Company Solicitors,ChIJw3xZJkoLZ0gR4GZZ-W-ppBU
SCD Leisure Tallaght (Tallaght Leisure Centre),ChIJO-wAa8B0Z0gRFL96eZjJef4
Tallaght Martial Arts And Fitness Centre,ChIJDVIAR8Z0Z0gREeMAksK8M1c
Tallaght Medical Practice,ChIJ0QrLHch0Z0gR6o0ljCjOcL4
Tallaghtmobilemechanics.ie,chij9wmg9uanz0grcyvl94cvr5c
Tallaght Powder Coating,ChIJFfhRzpsMZ0gR4MdDxX_KI8U
Tallaght Rehabilitation Project CLG,ChIJtWL8Ae90Z0gRzLPYeRU4vNI
Tallaght Rockets Volleyball Club,ChIJDR7o01lyZ0gRr-k_UnPjFT4
Tallaght RFC Pitch 100,ChIJW-biNlULZ0gREtUrzYVPZY4
O'Brien Ronayne,ChIJFxByskkLZ0gR5nKbd7kAcs4
Tallaght Sports Complex,ChIJHUhGdWoLZ0gR5wL7XDMa5ho
Tallaght Stadium,ChIJPcIz6FMLZ0gRzB8i_AvpD0Y
Tallaght Stone Centre,ChIJH4lotrJ0Z0gRW1b5tLorkpk
Tallaght Theatre,ChIJk3XaVFkLZ0gRLJD9Eb9QV64
Tallaght Town AFC Carolan Park,ChIJB9KDxdl0Z0gRqXJhwaQQEns
DDLETB Tallaght Training Centre,ChIJiWazzLN0Z0gRsIzreampVBc
TALLAGHT TRAVELLER COMMUNITY DEVELOPMENT PROJECT LTD,ChIJiWwBqc90Z0gR49IAEriNCCg
Tallaght Tyres,ChIJGamg0C8LZ0gRs0mWlLTs1LQ
Tallaght Towing & Recovery,ChIJY7dnmgN0Z0gRzsO1Bp8tn8s
Tallans Solicitors (Ashbourne) LLP,ChIJS4WamcQUZ0gR820ufbg6dVI
Tallanstown,ChIJnz8z7ke1YEgRANoxl6nHAAo
Tallanstown National School,ChIJoXSwWh21YEgR9Z2tUvMxJtI
TallaSun Tanning Salon,chijbvbffrz0z0grluk8ig6_ozq
Taller Stories,ChIJH0Ybyi8MZ0gRcc5jAuHXhH0
Tallis & Company Limited,ChIJ4ZNcTnwjXUgRmIYeADoVxu8
Tallis Grasscare,ChIJo8gGM6YNXUgRU2UL-3W28sA
Tallon Mortuary Specialists,ChIJOzdeLk1bZ0gRhfvobemB0M4
Tallon Wheels,ChIJTbBwaHn0Z0gR4kR45fInA1M
Tall Order Coffee Roasters,ChIJkwPZItLNYEgR7DU3qqGsaMM
TALLOW CREDIT UNION LTD,ChIJz1Oqq35CQ0gRY7NpiFnvNgE
Tallow Family Practice,ChIJaS7OuE9DQ0gRZwMw2RwgKIA
Michael Cunningham Hardware,ChIJOS5KuH5CQ0gRHKITtGQv2l0
Tall Tails Doggy Daycare,ChIJPw1O9JBzZ0gRdGArZzqOMo4
Tall Tales Podcast Production,ChIJzdBLIQwNZ0gRIipJ_6rlBG0
Tallybrooke Civil Engineering Ltd,ChIJ2-1cElU3W0gR2mlpSNagYgs
Tally Ho Stud,ChIJnSxyJ8joXUgR6mzbDDFITpM
Talmarc Clothing Limited,ChIJrX9hfj0TZ0gRybXIFNNPm8A
Talon,ChIJuwPuiQBXQ0gRwnTodFRh420
Talos Engineering Products Limited,ChIJOeYWR_WRREgRAuImlb9_RaE
Taltech Engineering Ltd,ChIJt4Oqs_MMZ0gRcioO45SZ72Q
Tama Ireland,ChIJEwCuDLCdREgR8lj1FXzsmkU
Tamaki Control,ChIJye02qN1dXUgRO5DGAKwkKpI
Tamakin Sushi Restaurant & Takeaway,ChIJK0yqluFzZ0gRo7X54R_-V1I
Tamangos,ChIJ0-Sey-IaZ0gRbEtB9cX-Baw
Tamara Him,ChIJ4QlXfUYNZ0gRg7GCPsF_Kw0
Tamara's Health and Beauty,chijaywwrkmfz0grghuiebpjlqc
Tamara's Health and Beauty Clinic,ChIJN-ph3CAFZ0gR8pGPwEp2Nq0
Tamarind Tralee,ChIJv2EmKH01RUgR2GiHAoYx_Yo
Tamas Contracts,ChIJtzucp9YUZ0gRW14bKBph8Tc
tamashaasz.photography,ChIJSZ3CfDKDREgRUzGYii76mtk
Tamburah Spray Foam Insulation,ChIJcW5cZKGtXUgRG5wRoaLRJ84
Bridal by Tamem Michael,ChIJcSgLnVgLZ0gR-Y7BRvltpYA
Tamer - Acupuncture & Massage I Wexford,ChIJn80d4ZIcaEgRazz9IKuPV7Y
TAMI,ChIJs2yGH40OZ0gRULr5k38X8EY
TamiJoyFarm,ChIJcZQIBgdNWkgRXCqx5O1eCsc
Tam Ireland,ChIJidLjlZgOZ0gRQivR67O60Zo
Tammi O'Flynn - Pilates Classes & Appointment | Herbal Medicine | Herbalist | Eft Tapping | EFT Appointment,ChIJ0Wi3rUAHZ0gR3df2rQ829rw
Tamp & Grind Drive Thru Coffee (Clane),ChIJW2v_Rcd7Z0gR8GKNxnehD8A
Tamra Thai,ChIJu6-A5hMJZ0gR3ts6cyGRzB0
TAM Services,ChIJdY-99BQRZ0gRIjkQClWGpCs
Tamso Doyle PR & Events,ChIJsRAmEAyAZ0gRyQQS4OcmDCQ
Tamzen Lundy Designs,ChIJBWbyE_xvZ0gR1cCLrO4zcGM
Tan-Shop,ChIJAwz_-Nk4Z0gRNqr6SXPzAAU
Bronze Age Tanning Limited,ChIJY3wM7TDrX0gRIRjhDuM-huo
Tanagh Outdoor Education and Training Centre,ChIJD5uBXLMdXkgRhYMNTaW7v8I
Tan Base,ChIJZYFF0rd0Z0gRc--M6n5ktow
Tan By Gwen Tanning Salon,ChIJh6BjUekQZ0gRvpWTOieoIgo
T&A Building Supplies,ChIJ1e_rL2yRREgR6aRmRd4L9qM
T AND A BYRNE AUTO LTD,ChIJB2QELZ0IZ0gRy6M0f9l3S_k
T And C Driveways,ChIJn0hDx0fnjm4RzZ91MpnYcaw
T&C Motors Limited,ChIJxSq3_R3EQkgRfOBzz8FAZcs
TCSP (Safety Training and Constructions Services Provider),ChIJVxZoY01dZ0gR779KzFRJwtk
Tandem Consulting,ChIJJ8FtUZoPZ0gR560ZCYhvy-4
Tandem Project Management,ChIJ8VfKfeERZ0gRTmsBg4smMQ0
T&G Precision Engineering,ChIJzytZdB5fW0gR5GxrbB1qcQ4
T&I Fitouts Ltd,ChIJHbEa4Pp7Z0gRwuMwSIQTYgw
T&K Alarms,ChIJuzRIQAxcW0gRG-2ZVNjWpTw
Tandoori Nights,chijy9jnrlurregr7s-4ffwtwks
Tandoori Bite,chijqy1zxbqrxegrxmq1jcshxuc
Tandoori House,ChIJ505b95EPZ0gRX4_UfAaBptU
Tennant & Ruttle Distribution Ltd.,ChIJHXmJrGZ0Z0gRBbLUmOGbSEM
T & R Designs Consulting Engineers,ChIJ-X1PmbqFXkgRYJ_gxBWw8-I
T & S McKeon Homes Limited,ChIJ9zJOUtR3XkgR4_zspuJ9F7A
Truck,aa680565314db2807a6b9e1c73746d81
Taney Parish Centre,ChIJvw64tGkJZ0gR1nD9necZQDg
Taney Parish Primary School,ChIJMxi05mgJZ0gRX7wNoM9mpCE
Tang (Abbey Street),ChIJFUVMLXgPZ0gRYcxjWRdz3wg
The Tangerine Room,ChIJkQTk1p8IZ0gRBi9IYUQqCgs
tang garden,ChIJ8Zjx9bELZ0gRzFrcBrv7hgY
Tangled Yarns,ChIJn5s34RwuQ0gRn75JsrbIFQU
Tangled Yoga Studio,ChIJMYO48zgHZ0gR_0MM6IOhbz8
Tanglegence,ChIJj-XpMxUPZ0gRgrYbzik0xro
Tangles Hair Design,ChIJ6W3QGuJ7Z0gRn3d9itppwrc
Tangney Opticians in Kerry,ChIJWUhSe3s1RUgR9YmL32NNVsA
Tang National School,chijn_d6x3zlxugrdtga20u6wvw
Tango Fiesta Tango classes in Dublin,ChIJcQ8CSIEOZ0gRpR8iIabuEds
Tango At Tango Fiesta,chijyx7fkyeoz0grkgctcojhldc
Tango's Dress Hire,ChIJnW86z5wOZ0gRFtDU90e8KU4
Tango Street Food,ChIJtVPfYJAHDUgRgjXQv0-Ir0c
Tango Telecom,ChIJSVBdYMBeW0gRCJ6CjlD3wKY
Tang Soo Do Ireland,chijb23jowhcw0gr0seamvh67aw
Tani - Japanese Restaurant & Bar,ChIJm7m_ubx4Z0gRVCEqMFyO5Cs
Tania Dunne- Activating Inner Health,ChIJ8bdHNMdfZ0gRC3SuGnplIW8
Tanika Design,ChIJeYTrWfcOZ0gRCZnW1MC5rjs
Enzio's & Tani's Pizzeria,ChIJywNnZDcVZ0gRAniKbSF94uc
Tank Driving Ireland,ChIJlysBZHClZ0gRyOZSEjzFcGE
Tank & Boiler Services,ChIJn71lDWXuuSIRNMorUS92kmQ
Tank and Drain Services,ChIJseqYAtQRZ0gRCzYbzkkYI-A
Tank and Skinny's,ChIJA1Os2iQIYEgRxDYQJq1ExeQ
Tankardstown House,ChIJz0Bi8kJPZ0gR5eqk2j-KCGY
Tank Environmental,ChIJjYA2JqYXZ0gRXx_dUi_jTEM
Tanks.ie,ChIJGe7hqDPFQkgR2XOKKpD85lY
Tanksalot Limited,ChIJjXocIlCNW0gRPol8Ur-3G0Q
Tanks Direct,ChIJ8Q7ypB2dREgRZIT8AMRnmZs
Tanks Ireland,ChIJexlgje-2XkgRXs-NYG9qzqg
Tan Me Mulhuddart,ChIJ203ceVJtZ0gRiSrTWLZXg80
Tanners Pharma Group Cork,ChIJqymBTOeRREgRKtRFrDpEsYk
The Tanner Sign Company,ChIJFb3iyAkJZ0gReMazuSPZr7U
The Tannery Restaurant,0x48431826aa57438d:0xa3e40b1da411341c
The Tanning Centre,ChIJGaLUb6fOYEgRej8LzsOybAY
Tanning Hub,ChIJsTVkgx0MZ0gRgRDl3m4fNGI
The Tanning Loft,ChIJ3Zpy403mZ0gRm19Z4pIHyXk
TanningSalon.ie | 12A Bachelors Walk,ChIJC882Yo8OZ0gR1r-2VQ7rr5k
Tanning Supplies Ireland,ChIJ_x75M_N1Z0gRG0JEJvUddE0
Sun Factory,ChIJjS_WpXw1RUgRlHQmpqrp2xM
Tanny & Associate,ChIJAdM6v60SZ0gRhYeNmZLyCD8
TanOrganic,ChIJDxQyheB_XUgRk75-du1MHAQ
Tansey Chiropractic,ChIJn9IioV0JZ0gRS_5hIjbOYpU
Tansey & Co,ChIJU79cU26oZ0gRF5Ahbockb30
Tanseys Newsagents,ChIJt9w1_uENZ0gRPhyi5qG832M
Tansey Transport Limited,ChIJO-HjZPV4Z0gRDllkIUOqAxk
Tansun Home Hire Sunbeds,ChIJH3Y3lfANZ0gRXiHVhaCD48M
Tantech Limited,ChIJK5iIfJYOZ0gRCzSdihG7p8g
Tantek 4D,ChIJifVqXGjpXkgRLozV9-_F8qk
TANTRAHOME MASSAGES DUBLIN,ChIJmV8UvuwOZ0gRT1KZgI6ghgg
Mobile Callout Male Home Massage London,ChIJASmiUuMPZ0gRM9lvK1AAGZk
TantrArt Dublin,ChIJAReNooIOZ0gR2qJCo6hX3A8
Tanya Creed Designs,ChIJrcd0zcVFVgARz8gPNqHCfTw
Tanya Crosbie Photography,ChIJqyT452AaZ0gRhTF8uMZIlnQ
Tanya Michelle School of Dance,ChIJEy6cbHZzZ0gR023X-ZcVg3Y
Tanyas Kitchen,ChIJ7y5izB0ZZ0gRhCPscgszfso
X,ChIJ2QbT71gJZ0gRSBX4QJzOQDg
TanZone Finglas - Aldi Centre,ChIJl5BAek8LZ0gR4AvZLa6C8Zk
Taobh Coille,ChIJ7eNan-L1T0gRL-ylGEg7vC0
Gaelscoil Thaobh na Coille,ChIJvdZelLwJZ0gRu0rWNCJ6OwU
T.A. O’Donoghue Canney & Co.,ChIJY8U267T2W0gRVE3DxOY6WsM
Taoglas,ChIJT0euxJcPZ0gRF43WBOdd7gw
The Steward's Lodge,ChIJTREP9D0NZ0gREBAAUaPlHRU
Spar,ChIJybEKXi4JZ0gRA8mwszW8y7s
Ganesha Yoga,ChIJc0MMdACFREgRoHpo6crqHu8
Tolka Area Partnership,ChIJpbn3ws0NZ0gR6A4dM4Gls2k
Veronique Rooney - Tap2heal,ChIJt2HTq5elQkgR_Ab95WdMvas
TAPA,ChIJlWsMoPEJZ0gRe_Lw7T5Nx_4
TAPA&GO,ChIJB3doV2GRW0gRPf4P_OAwB-w
Tapadoo,ChIJn-tVGYMOZ0gRQqfmMRP85nA
Tapa Healthcare DAC,ChIJlXYdHBTMYEgRdWjtIjA4ROM
Tapau House Restaurant,ChIJ2edwhprDZ0gR4jBiqf28byg
TapCreative,ChIJYwX3TXxzZ0gRmSK0C1VabA8
Tapels,ChIJg3OnEUARZ0gRHQ0CHqhKx4g
Tapes to Digital,ChIJdzbZ09OfREgRgxjCsJahSiI
Tapewizard,ChIJ7cNHul8TZ0gREZl0EGr8OK4
Tapflo Ireland Ltd.,ChIJ_5LfMpelZ0gRHIaKY64oxDY
TapHouse Bar & Kitchen,ChIJGb7XkKUOZ0gRBtNa_-i2_lE
TAPiTAG,ChIJSyV6PVVkPGsRRivnAdwhTiA
Tapley Signs,ChIJzVqy4wZ0Z0gRGAHleo3BblU
O’Nail’s Lab,ChIJW0GNWB1xZ0gRIEqHMiMyhUc
Tapmagic Ireland,ChIJy4Pnd-mRREgRhzOnFlxTlSU
Tapped Late Bar,ChIJ7yhNC5sOZ0gRj37xd2bZyjY
Tapping with EFT,ChIJCXcXDLQPZ0gRU8Q4u8eOBlo
Taps and Sinks Online,ChIJU_9hz1HHQkgR6odPZSjQfPc
TapStak,ChIJVWLGVwWQREgRuDSn0Jsb6Uk
EFT Tapping in Ireland,ChIJkcH8KoAJZ0gRBDLGSrPBoFU
Taquila,ChIJX-sIPdiXW0gRCzciywHWyrY
The Tara Arms Bar & Lazy River Cafe,ChIJVRUgeg5fXUgRdYVhGEQh5TM
Tara Blinds Limited,ChIJefgw32PCQkgRDX4I6qB8QbM
Tara Canning,ChIJXXX58qeIW0gR6k2ibWrTj6M
Tara Carpets,ChIJlaxw_Va5REgRBkT7TnpjvQI
Tara cladding,ChIJkwh2H6IyW0gR__SGv7UN0uM
Tara Cooke Architects,ChIJiQzhOiUGZ0gRxsO4MwCu67Q
Tara & District Credit Union Limited,ChIJd8xHhRdoZ0gRGX2EnerRl7k
Tara Crystal Chandeliers,ChIJeYKpSG3dQkgRUFd36EGHLdw
Tara Dealer Group,ChIJmcmUtp_rXUgRRJFJy_BEu9c
Tara Developments,ChIJjak8-JJBZ0gRhmJeb97myiU
Tara Steel & Engineering Limited,ChIJKZGoOdtbZ0gR7a_gJFfbus8
Tara Farm B&B,ChIJvzEUH2NtRUgR9B-a5zU4I1w
Tara Farmhouse,0x485931481fb22967:0xe87b9bb624091231
Tara Fencing,ChIJRd0VyVpbZ0gR7-pmk7bt6lw
Tara Financial,ChIJj-kwhyoNZ0gRMRGW5ZFrwho
Tara Gaffney Psychotherapist,ChIJ9VB-C92RXEgRwSjhl4b1L0Q
Tara Garage Doors,ChIJC5nuGHkLZ0gRSKzsiZh3JH4
Tara Gartlan Chocolate,ChIJfxsKYKKzYEgRaTk0XNN2WVw
Tara Glen Golf & Country Club,ChIJcfOYnoHdZ0gRcFq5GajHAA8
Tara Mines Golf Society,ChIJhTsfSno7Z0gRRUZj9U_5hHc
Tara Group,ChIJZWg1TwsSZ0gRmvO8vmaAZgg
Tara Hill Estate,ChIJT5igR0fdZ0gRbEd3K5N1JaQ
Tara Hill Flowers,ChIJGcccWdLdZ0gRotW_BeJoiiw
Tara Hill Honey,ChIJf69gnzXdZ0gRfq1rmyW7V9g
Tara Hill National School,ChIJIxPuZVDmZ0gRFrD59b0KSOo
Tara House Bed & Breakfast,ChIJ10IxcVSWW0gRU6DUZWHC0IY
Tara house accommodation,ChIJCcMdia9cZ0gRkxz9OgbbfE0
Tara Hynes Psychotherapy Service,ChIJbSAZiY2XW0gRwt4b8fgOFTQ
Tara Killeen,chijsxdil4bixkgrgj_tdpdvaia
Tara Garden Maintenance,ChIJRy4258xBZ0gRq1g1OKxWlRI
South Row,ChIJA28ctJsNZ0gRrr-_7NJTlXg
Tara Learning,ChIJq_92MsVdZ0gRbJARiBcXY74
Tara Leathers - Moved to 19c Talbot Street,ChIJbzPaZoUOZ0gRNWupooweW_k
Tara Lyons Skin Care,ChIJ-RtQrzs1XEgRGeRwNXiInCY
Tara Marina,ChIJlcZXgxCQXkgR0zrdoyMvxvQ
Tara Meadows Holiday Park,ChIJsX08q3_dZ0gR2BiF0Gzi968
Tara Memorial Park,ChIJOd0TVg1BZ0gRgoRD1D6la0M
Tara Na Ri,ChIJLdJlGgRDZ0gRGNqFLj637cc
Tara Oil,ChIJDajTIqJcW0gR9nggevItRPg
Tara Online Store,ChIJS0Gwc0VDZ0gR-89h30bh5bs
Tara Physiotherapy Clinic,ChIJo2qJcm9CZ0gRLwD4ViTYVks
Tara Russell German-English translator www.tararussell.ie,chijrx0hb6kbz0gruolrzhsbbii
Tara's Beauty Realm,ChIJK5ll00A3WUgRSppQesfhb_k
Tara's Baked Bouquets,ChIJkRBhsHA9RUgRDdc_6sT2YlQ
Taras Boutique,ChIJTVHMybx4Z0gRGGe4yWXWtTo
Tara School of Reflexology,ChIJd--D4E7nZ0gR-VeCy1Q5sCg
Tara Semiconductor Technology Limited,ChIJYeMe-IpdZ0gRDzQzCa4RDAg
Belturbet Fitness Centre,ChIJn8MQ6HUTXkgRi0ORtnKEjeY
Tara's Healing Therapies,ChIJFR8Wb258Z0gR4Fk_diKTk6s
Tarasis Healthcare,ChIJVVOqa94RZ0gR_rtNjlmHhj0
Tara Slevin Group,ChIJMxc0E5QSZ0gRC5Qiompf7uQ
Tara Stores,ChIJV7aGVkXmZ0gRPIRkBpQAaW8
Tara Stud,ChIJU9S0NAtCZ0gR0iBo7ozvZTc
Tara Support Services,ChIJZXI7XI_oZ0gRVW3IjmhoSm8
Tara Tiles,ChIJYwtn2SvnZ0gRflIqLKivkzE
Tara Textile Spare Parts Ltd,ChIJrdbXk_GHW0gRcp2YuOmPLGM
East Coast Cookery School,ChIJheS1w4kwZ0gRlWffY1XtQY8
Tarbert Bridewell Courthouse and Jail Museum,ChIJM2rembvYWkgR5Iv6vd1V_-I
Tarbert Comprehensive School,ChIJTyoNgLzYWkgRYnEqHXnaMco
Tarbert National School,ChIJTyoNgLzYWkgRDNQT5feJh_k
Tarbert Tourist Village,ChIJhXPayCvZWkgRXuRRf2TaycQ
Tarbh Tech,ChIJqy8FV6BfW0gRDRVzpuJWTHI
Tarbh47,ChIJO5BOVDc3WUgR-UCflVKQnkM
Tarbh Restaurant,ChIJ58mWE28PZ0gRNbqtEdWffuw
Tarco Pressings Limited,ChIJzcPF3jYzW0gRy2llIIQX0us
Gerry Monaghan Tarmacadam,ChIJTVnSRdtJXEgRrQYWOX_Zt7E
Target Counselling Service,ChIJT8mDylAFZ0gReW4VHqNCYEk
Target Education School Dublin Ireland,ChIJuyWl8VAFZ0gRc-YnjrcPrZw
Target Fertilisers,ChIJC7nTCW3HQkgRpJ6cgDb6_EY
Target Fit,ChIJ1QVXnhZwZ0gRF9GnRyahk4s
Target Golf Management,ChIJIWvMwhVwZ0gRep0gjI9GG5E
Target Integration,ChIJj-TdRVwOZ0gRMpVGAE2C_fo
Target Plant Ltd,ChIJEVLKxED3W0gRIGKrkcRZB9M
Target Health and Safety Skills,ChIJ5_zkEx0JZ0gR-YHv9pCtGYg
Target Skip Hire Dublin,ChIJO1Ud5uUQZ0gR4P_8WWQqFXU
Target Transport Services Ltd,ChIJTelvZtARZ0gRy-rA3sJkpNk
Tarmac Driveways,ChIJKeGOFUgNZ0gRi1bCXQwLR3o
Taro Noodle & Sushi Bar Ongar,ChIJKfw9enxtZ0gRnGEZ1fCw_eI
Joanmarie Tarot,ChIJhUsPbQ86XUgRE8ZkORddfjE
Tarot Reading Ireland by Suzann Morris,ChIJ-YHSllMJZ0gRaKihfl2TSig
Tarpaulin Warehouse,ChIJ_1iEP2QNZ0gRe0jVqpK4nVg
Tarpaulin Factory Limerick,ChIJpdywU2RcW0gRcWqWCwnkTQg
Tarp Diessel Ireland Ltd,ChIJK4PiAlGdREgR6EGJk_lw36A
Tarrant and Tarrant Solicitors,ChIJyUDJJePDZ0gRchcmq4s9VHI
Tarrant International Transport,ChIJVdSsaMWbREgRDqfseBqsaS8
TARSIN IRLANDA,ChIJeaVb7IMSZ0gRamcLKD1zhXo
Tarstone Road Maintenance,ChIJh9TjQsRFZ0gR2GEo9iI8H6k
Robertson Painting Professionals,ChIJpxJiJH4VZ0gRNuHEa7vOYIQ
Tartare Café + Wine Bar,ChIJYyu2UvqWW0gRWsnZOZUuoCw
Tartine Organic Bakery (Wholesale Only),ChIJTakX-2wFZ0gRv0mhArCSd8k
Taru Acupuncture,ChIJlacx-MtzX0gR-Apvt8uuJ2Y
TASC,ChIJVVVVVZwOZ0gRsXk9ma9aWxk
TASC Accountants,ChIJX2Lj_GdtZ0gRCaaOKvNmoTg
TAS Consulting Limited,ChIJe3DOl-Z_XUgRGoTmhTqEmM8
Tas Events,ChIJDeaj2Y0OZ0gRqM4DBeW3lUE
T A Sheehan & Co Statutory Auditors,ChIJfUygBQWQREgRHcGYPVfdILM
Task Contracting,ChIJlVgEe8mwZ0gRmf997puUUlI
Task Engineering Ltd,ChIJAYh0EnWQREgRfli0XLA6n5c
Taskforce Security,ChIJdx-Q_4MSZ0gR8xQEUKzhxtk
TaskLED Lighting Limited,ChIJ04YFTnavZ0gR0Fw6yOLG0zI
TASK Ltd,ChIJh2yoJe08Z0gR_ByX35SMVbc
Taskmaster.ie,ChIJ357kjd0iZ0gR8xmkS9WfVJs
TaskMatch,ChIJRaRgfgKpPEMRoRkidFJaRz8
Tasnuva Shamim,ChIJnVTv6kwFZ0gR9GZvMIrk6iM
Tassel Curtain Designs,ChIJxS9RJV1KZ0gRb5es5wVdpLI
Taste of India,chijr3hl-vgmz0grupunh-h_w9m
Taste of India,ChIJic_ITLYBYEgRPeeER90-HlI
taste and smell,ChIJt0DmHNbrW0gRsfX2nKXQ_6I
Taste at The Bonsai by Dylan McGrath,ChIJsfuV-5wOZ0gR1pvxIpS840I
Taste Buddies,ChIJRVF5-pbJYEgR87LKU_IbGCA
The Hudson Rooms Cafe Lucan,ChIJC1iUgFByZ0gR36Xj--OtMSQ
Tastees,ChIJ96QcasQvZ0gRkQK91BmO5PM
Taste Food Company,ChIJ3QXQNpwOZ0gRlPSKUTE8oeM
Reynolds Butchers,ChIJMWDt7baFXkgRutnJkYu_VWs
Taste Of Asia,ChIJKaqIxboJZ0gRkQ-4mPMOwDU
Taste of Dublin,ChIJvzbej_kPZ0gRjIpveZ8WFlM
Taste of Health,ChIJz9Zzlz0PZ0gROxj37QdsIWs
Taste Of India,ChIJ02xNDCiVX0gRhuu2CCj015Q
Taste Of India,chijcfiu5kayxkgr-28-bnjwf6c
Taste of India,ChIJ3d0aSr6VX0gRraOhRQp3vqQ
Taste of Italy,ChIJK6QB1nXDZ0gRjMHs6iHBR14
taste of sligo tours,ChIJHQ0DaIDpXkgRgoHQSyHv3ak
Taste of the Med,ChIJUxGGZ2AaZ0gRC7ztJMtqYY4
Taste Restaurant Glin,ChIJu0HbHeYmW0gRI73DEL20jPw
Taste the View Ltd,ChIJ8VRYHQd0Z0gRbP61w0gUk98
Taste with Gusto,ChIJXyCI_5wOZ0gRB60hI_z98nk
Buri'ger Lab,ChIJoYL-x60ZZ0gRYw-vQWGrF4Y
Tasty Bite,ChIJu0hosnw1RUgRi34uiNQ4Em0
Tasty Bite,ChIJiwWPiqKVREgRkwg9MsjXPj0
Tasty Bite,ChIJ9T9ML1bPYEgRl-AIAWN_1G0
Tasty spice,ChIJZ1zVmQk6XUgRhYU-4DdoR44
Tasty bite Indian Takeaway,ChIJKYTTwDVoW0gRbwcEa7ffYz8
Tasty Bite Take Away,ChIJMeVHwiI5W0gR42_1i9B46wY
Tasty Bites Drumod,ChIJ2cYabuGBXkgR3jLfedqty2U
tasty bites,ChIJlc0kLGP_X0gRSnaSIinRWq0
Tasty Bites,ChIJj95lOi-rREgR8OnzhyOxCOo
Tasty Bites,ChIJObmn552tYEgRBGYoD9N9eDQ
Indian & Traditional Food Tasty Bites,ChIJlWGPLwhBQ0gRJ2FuGGmyBKI
Tasty bite,chij6e_0izi9z0grp2-eaadbbfi
Tasty Bites -Drumconrath,ChIJU08kgzFNZ0gRIhTWYdhbyQA
Tasty Box Takeaway,0x485951cbb5c23ed5:0xd0ed829a97fcebd4
Tasty Chinese Takeaway,ChIJgzWkmWzLREgRggOMHLqCyyw
Tasty Dynasty,ChIJMYta1A9zZ0gRM_zLTcleDxg
Tasty Food,ChIJzXGkk8RZW0gR6ipLZmQ6zeI
Tasty grill,ChIJKXNKSNzHQkgRJ2Ls-yCXghM
Tasty House,ChIJKYpAjlv9W0gR1PT8oFaLt5M
Tasty House,ChIJ-UD953ClXkgR_3FAI-7AhKE
Tasty Hut Fast Food,ChIJASShCH4OZ0gRSbpY0G6Dr3A
Tasty kebab & pizza,ChIJ3WS6HowvXEgRFGw8bTkXYx4
Delhi Haat,ChIJt58qwzQNZ0gRJ3vAF1XZffI
Tasty Parlour the gluten free kitchen,ChIJh-jJkoy5QkgRmi6EIa20lLw
Murphy's Cottage Tasty Pizza,ChIJ07LjAddBW0gRqu6LzHjZBro
Tasty spice abbeyleix,ChIJDar3hdcQXUgR7Q4V043RrpQ
Tasty Spice,ChIJk_cvbsqlXEgRVY2fk2K1Y5U
Tasty Spice Roscrea,ChIJy-m_Cy3lXEgRIl05PehUFi0
Tasty Spot,ChIJ0bZrpqnkZ0gRyguwiBsAPkc
Tasty Takeaway,ChIJM-XfMESzXUgROrV7WH7tCSM
Tasty To Go Halal,ChIJByL4CCF_XUgR_KdNv3HExaA
Tatakau Ju-Jitsu,ChIJ_9Rx1-CdXkgRP_GL6TwZeLA
Tata Steel - Cork,ChIJbfp0K8WaREgRgc-H5JGeLco
Tate,ChIJD2HWWl8LZ0gRq5u-653sYJo
Tatiana Bil Photography | Creative Child & Family Portraits Cork,ChIJuwDnlveRREgRLRgIR36U5eM
Tania Pali,ChIJFUk34IIOZ0gR7U4sBc4DHQE
Fatum Ltd,ChIJTT66SgaXW0gRABm36Gna5cs
Tatiane Beauticians Gorey,ChIJkennqFrmZ0gRkisqlqIEa20
Tatler Jack,ChIJExQSCQw8RUgREfLpR5lxUGE
tatmetoo,ChIJgR3ZL-sPO2gR7b4j2nhS4K0
Tattans Killeagh Bed and Breakfast,ChIJCcymccBvQ0gRUUNS90-3rGs
Tatter Jack’s Tours,ChIJpVp3rgX5X0gR3Tbwt61hHyE
Tattie Hoaker Organic farm,ChIJb_d3u9vjXkgRZ4c8PMst-QE
Blank Canvas Tattoo Removal,ChIJ-zjjdUizREgRe4Du8bTyXKs
Tattoo Zoo,ChIJ43A9yhCQREgRTghYEcI2dis
Tattersalls Country House,ChIJwcETp4RrZ0gRGn6-m1wnBus
Tattva Herbals,ChIJKVsV_E67REgRF6IQJlvC5XA
Tatty Tails Dog Grooming,ChIJD7sJe_6FZ0gRYhWzfC6WyW4
Anseo B&B,ChIJO9pm8guJX0gR-bP4SuYPBJg
Taugheen National School,ChIJwXzRuPziW0gRYm1ajefRC4I
St Ronan's Well,ChIJrz14Tm9BXEgRaobMB0q0DNw
Taunagh National School,ChIJh69XwdeUXkgRwHCAmBJ9oNM
Taur Motors,ChIJsVlSyzPRREgR0mEloWtk3G8
Taurus,ChIJFQ_7L_3DZ0gRMlkD7Yu8w7k
Tautu Tiling services Ltd,ChIJ78P4XMy61wIRWXJEdJ8SCJU
The Tavern Bar & Restaurant,ChIJZ01VT6FkWUgR4Z_s7OKp7w0
T.A.W. Home Improvements,ChIJR8Ysh38TZ0gRbpv-4Wa8fYM
Tawan Thai Therapy,ChIJ96IQexCQREgRDNQ4N34_oPs
TAWKX,ChIJeYP_DqilZ0gRbAuiTTVk5-8
Tawook,ChIJgWUYHWpxZ0gRnw8dJDT_gzs
Tax-Man,ChIJ3T8YsYtzZ0gRqMlZjEoYDK4
Tax Accounting Ireland,ChIJ7zlu3pcOZ0gR7kXzZmNRMXI
Tax Advice Services,ChIJ48I450frX0gRbZzxauHBNM8
Tax Appeals Commission,ChIJ_x6oMb0OZ0gRKn2F3t0KLk8
Tax Assess Solutions,ChIJFVMo--wiZ0gRLjLTqBaCkKM
TaxAssist Accountants,ChIJ-8aDByQGZ0gRtHm0pJzqbYg
TaxAssist Ireland Franchise,ChIJUZ4eKMIOZ0gRQtAukTrbdpo
TAx Associate Business Services - TABS,ChIJsSAhgxcRZ0gRfuQPsnZ29MA
Taxback - Kilkenny Office,ChIJmcz465UwXUgRj-gQxBjIE7c
Taxback International,ChIJC6DhKLkwXUgRRsOFpFF4zhs
TaxBack Now,ChIJhyHQHmWRREgR2zWcDG5qnjo
The Tax Bar Association | The Bar of Ireland,ChIJOQaiAsMNZ0gRHe9HKIgDQ8c
Tax Cloud Ireland,ChIJiZV7S-wNZ0gR3tbG4EFBQbc
Taxcom Accounting,ChIJ5Rkf1eYNZ0gRgnW0pdx7ZCk
April Cowman & Associates Ltd.,ChIJXyuAESOjZ0gRAAQsqv1KSUc
TaxDirect,ChIJHdnrUEZtZ0gR7bLXuwBaSaE
U.S. Tax Preparation for American Expats,ChIJcYT5DIwOZ0gR24aR_qoob94
Taxey,ChIJgzSwAU4PZ0gRU8U6WWZfYTs
TaxEz,ChIJrQk65kQ7XUgRP_8o3tTzY1E
Tax Free Worldwide,ChIJXfMPZb4OZ0gRNCZ51KrOEdE
Tax Grinds,ChIJA2Of84QOZ0gRdxOYZu07AMs
Nurul taxi,ChIJ9V5NmLWfYEgR0k23a3RmqOg
Taxi Twenty 20 (taxi 2020),ChIJLQkuoSRdW0gRPscG4Q377dY
Halfway Cabs,ChIJ16YQNIkMZ0gRPCbsMJXib3Q
Andrew Fox Taxidermist,ChIJ4yBZtJ3AXUgRrCRtjBRoLAo
Taxi Dublin Airport - Instant quote -Book now,ChIJ2xSqnLpzZ0gRjMtLYKjYJew
TaxiFair Insurance,ChIJpWcYy3oNZ0gRHEY1Iz-tfkA
www.taximeter.ie (pulsar europe),ChIJOdSwzgVxZ0gR_wpTbPFfc_8
Irish Tax Institute,ChIJZ4kGq-0OZ0gR9SFtM2BlRG8
Taxis in Leitrim | Roscommon | Sligo | Carrick-On-Shannon,ChIJewzc90CFXkgRarjPvc3Z08Q
TaxisA2B,ChIJpwErUA8NXUgRRHYNAzGuGUI
Taxischool Ltd,ChIJ-7f1BaYNZ0gR4nWoJVeish8
Euro Taxis Wexford,ChIJsftCTO4daEgR0T94PF0fSjo
Taxi Driver Training Centre,ChIJmdhBmZ0NZ0gRYVz_jOx_ZW0
McGing Taxi & Minibus Service,ChIJ70LTpqZkWUgRf1EGVxgZYwE
Taxkey - Tax Consultancy Co. Kildare,ChIJT8qBLHFjXUgRwLZvYdcxiOU
Accountants Limerick - Taxlink,ChIJJUI_I2FdW0gR7GM94FDXgQA
Accountants Dublin - Taxlink Accountants,ChIJJ67Z1MMIZ0gRRvmzbn2N8-Y
Taxmatic,ChIJX5sCP0YxXUgRK6S1ovkynd4
Taxmedic,ChIJj-Fj6sELZ0gRmTkoWOifAQU
Tax Partners,ChIJzUyq_JUOZ0gRTZKWh0LSvzc
TaxPlus Accountants,ChIJcRi8ASc6Z0gRaLFFuBTDE8Y
TaxPOD,ChIJbX2IfvKpZ0gRMM_OcKaJdRk
Taxpro,ChIJi-tQ0UxmXUgRBae9Pq1XarE
Tax Refunds Ireland,ChIJ-wyIOneVX0gREbSirMKTx6g
Taxreturned.ie,ChIJYzss98UJZ0gRHSENKXOl9gY
Oliver Niland and Co,ChIJgXrQu7SWW0gRoiIgurvujeI
Tax Return Plus,ChIJL0BcRfNvXUgRjsw1OsZQXMA
Helena Grattan Consulting Limited,ChIJI9s1P1-XXUgRJlDR5DuwVAY
William Halpin Accountancy,ChIJZZl3qtMSW0gRuA10s31fVCU
TaxSaver Bikes,ChIJN461b8kMZ0gRbxo92dSq1Ck
Taxsmart,ChIJb6oYv5cOZ0gRr08pv9rLLH4
THE TAX STUDIO,ChIJtUHVTb0OZ0gRbGqfJLBDVW4
Tax Systems,ChIJo1grmpcOZ0gRMBrPCxCRl1E
TaxTalk.ie,ChIJ284sXGioZ0gR4BqnBCQUOrQ
Tax World Ltd,ChIJEUyfJSgMZ0gRf0ZsZENmb7I
Maynooth Express Cabs,ChIJkwQgIx5wZ0gRVCuVm1uAvq4
TaxZap,ChIJJ4D16nSBZUoROwA7pSIVSpY
Tayens Projects,ChIJ5Y0BsrInXUgRyo8k9i_r7H4
Tayens Memorials,ChIJ32jJ9ZXZXEgR_b6NNzRDby8
Taylor & Boyd LLP,ChIJy_1T2mDrX0gRpa4mVFUsml8
Taylor Marketing Limited,ChIJ55HvAQWQREgR_4ao1I6By3M
Taylor & Buchalter Solicitors,ChIJIzzQNZ4OZ0gRKC5mU3-42Vs
Taylor Cleaning,ChIJRRBUDVWFXkgRbhByjlUomwA
Taylor Fitness,ChIJiUfgRI9zZ0gRdYKHVHu7X1o
Taylor Galleries,ChIJmT6anZkOZ0gR1-9X6SUsLJo
Taylor Hill Estate,ChIJYwaSTNAiZ0gR2cq7h5dU9NA
Taylor Made Glass & Systems Ltd,ChIJyS4AvQHoXEgRPJ1E6F6z9b8
Taylor McCarney Architects,ChIJE-tPCqRdWUgRUP5QbX5e_SI
Taylor Root,ChIJiw_69T0PZ0gRvFUXFLSAn4o
Taylor’s Rubbish Removals,ChIJbzR7WTlcW0gRFS50TIhop-k
Taylor Ryan Recoveries,ChIJL79tXL9XREgR1IjoBv238vk
Taylor's Art Gallery Co. Sligo,ChIJ1RuTnQ2VXkgRHG4NQ8BLrN4
Taylor's Bar,ChIJW2-FJNMSW0gRjLC-NtxFxfU
Taylor's Bar & Beer Garden,ChIJF6n1XE6XW0gRI6yQyallGuU
Dominican College,ChIJnSfJbFGWW0gR3mZfExrwI8s
Taylor Signs,ChIJ4xURd8AMZ0gRWCXQS9HHbmI
Taylors of Johnstown,ChIJP4BTVl9DZ0gRVEdjX5IaLmo
Taylor Solicitors,ChIJAYy9fw-QREgR44D5VEY68-s
Taylor's Santa Experience,ChIJv6PTFEMLZ0gRLYRXDciPmK8
Three rock pub,ChIJxX6QSC0KZ0gRSvF3iNu5mzs
Paul Taylor Ventilation Limited,ChIJjw11t5p3Z0gRISedHIvqojI
Taylor Walker Academy of Dance,ChIJgzBNMv0LaEgRLSPncMmtGps
Taylor Wessing Ireland,ChIJv9kD5RgPZ0gR1lADixZV9do
Taymer ireland Technologies,ChIJUSBeL9YPZ0gRTtFemO_zGWQ
Tay's Cake Studio,ChIJO_vZaoka1WcRZMS6iIb35Uk
Extreme Climbing Wall,ChIJP6_EDfBrZ0gRgl_3tdmiMFo
Tayto Snacks,ChIJpeeIZZNqZ0gR-BRyFhunk60
Taza Artane,ChIJO7_RafUPZ0gRc0fqkU5sknY
TAZA BITES,ChIJMS1rtYYtXUgRD3KtxqYhPlc
Taza Raheny,ChIJn6trLUsPZ0gRleAVCz0zoXY
Tazbell Services Group,ChIJexWFkPgOZ0gRQ21JM-GuJ_g
Temple Bar Toastmasters,0x48670fc551baacdd:0xba8196cd004d0798
Grange Ironcraft Ltd,ChIJJfEx_EBfQ0gRkqzhU2hIO5w
TBB,ChIJ22foiWpbW0gRaExc4jFeYYo
Powerscourt Hotel The Ballroom,ChIJdcOO_fymZ0gRrQDAQChoWWc
Brennan Consulting & Planning,ChIJj1llyysxXUgRtyUfQ8OkLjw
The Connection Staffing,ChIJM9YTlS8xWUgRrnY9ZCZzDTw
TBD Shop,ChIJK21tUZwOZ0gRFhiyTtb0JFA
TB DryliningLTD.,ChIJY4rts0-RW0gRGa4nb_7qOj8
Tracy Beirne Financial Services,ChIJE9c8r6udXkgRuB0Y7SunKhE
TBF Thompson Construction Machinery Dublin,ChIJDbjdnaUNZ0gRnvIvg9WJJWY
The Blink Group,ChIJFSs9lwYJZ0gR4Cp5Wl6i7Oc
TB Home Build Ltd.,ChIJ8UP1-N0PZ0gRZL3XaLzRoTM
TBI Scientific,ChIJ5cBslS2OREgRpzWBZV6r7DY
Balance Martial Arts & Yoga,ChIJ5RmA9ikQZ0gRIfCx3673b30
TBM Solution: E-Commerce Fulfilment ✅,ChIJk6zxEUQTZ0gRvdRsz4yjl5s
Tearmainn Bhride Nursing Home,chij5r8caq5jxegr6-tukino50i
tbpicstudio,ChIJcQa0WQdxZ0gRrA9uWLTTckg
Traditional Building Solutions,ChIJc8IL0xpeZ0gRJO1j0-3Xbss
TBS Translation Business Solutions,ChIJX8mb0vERZ0gRfP-5YZc9SHg
TBS Landscape Architects,ChIJWerEP2caZ0gRN446BuLVkcU
Tithe Beaga Teoranta - Portable Building Manufacturers,0x485f796f3ebb548d:0xb54718852e84a978
TBT Security,ChIJbzaiKg8JZ0gRRW84z81nw1Q
Wolford Outlet Kildare,ChIJF-Ldac54XUgRIJ75PldXlQI
TBWA\Ireland,ChIJDa-T-h0MZ0gRU82wSgbLQ_I
Total Concept Aesthetics,ChIJt18qV6Xq92gRJy-DnKRqGpM
TCAS Online,ChIJ8ZtM2UoJZ0gRwOwNNJR3aTg
Tc Barbers,ChIJ24m3jYsIZ0gRZcOQy6ErvBE
TCB Group Ltd - Dublin,ChIJ8QPZ4WQTZ0gR7XXswgrC8zQ
The Complete Business Hub,ChIJ512dLrxrW0gRyrR64nxq_Po
Trade Credit Brokers,ChIJr7wfiSoJZ0gR0ClMXjDYN7k
Tcc Civil Contractors,ChIJpd7J0SnxXkgRT5hmIauW_AI
TCC Recruitment,ChIJgUIWu4oLZ0gRBd-3FyPMHRE
Trinity College Dublin,ChIJ3Y7HLZsOZ0gRZ2FxjA3-ACc
TCD Running Club,ChIJC2geN_YPZ0gR93YpKyaMbOg
Trinity College Dublin Students' Union,ChIJAWoIPJsOZ0gRrcDKnBMnqLg
Torque Consulting Engineers Limited,ChIJy-foFoIQZ0gRdaZHzilVVL0
TC Estimating Services Ltd,ChIJMX5lKcGWW0gR0oiia2ejuKA
Templemore College of Further Education,ChIJYz87xRvoXEgRMfMcYW9skWw
Tchi Tchi Burger,ChIJszYlVgJXZ0gRfKP6PBKey7c
TCI China,ChIJa7hRb10TZ0gR6GMqVKDPGpY
TCI Secure Print,ChIJ4Qi5s4WwW0gRrfdSmOWNjcA
TC Lettings,ChIJU3L1c0y3Z0gR2vIJUYsxKpA
Terence Clifford Antiques,ChIJm-6kEIMTZ0gR0hIsMnk84hI
TCL Plastics Limited,ChIJQaRVnSYaZ0gR0dC974zSUck
TCM Research,ChIJh3LrnD1BW0gRWSEeEg-Jwsw
TC Marine Ireland,ChIJb4bqScgHZ0gRdpPGrSEWy9Q
TC Matthews Carpets - City Quay,ChIJmxIoOo4OZ0gRiPeiRfSyYnQ
TCM Controls Ltd,ChIJ-3FATRcMZ0gR13ab4B1oSgE
The Beauty Parlour @ Town and Country Mercantile,ChIJLddZ37m2QkgRo6vmyWplTxI
Taiwan Centre for Mandarin Learning,ChIJCywIxsYNZ0gR6740bIWq5Sk
TCM Supply,ChIJ1_WuLocOZ0gRMq6UTRU6sc4
Acupuncture,ChIJHWCIH5wOZ0gRMOi-UmJ3Weo
Tyco,ChIJ3YHoqgiQREgRI_4y5nOwhBo
Tcoag Ireland Office,ChIJ66QfAYOoZ0gRgpmGKXvrf5k
T Connolly & Sons Limited,ChIJ99AB9lU7XEgRszwzyyBEswo
Taylor & Conroy Osteopaths,ChIJu5xHXv8MXUgRGT8V4jPtC28
Temperature Controlled Pharmaceuticals Limited,ChIJV7WRZ7cMZ0gRMBut3LyR2Mc
tcp Accountants,ChIJqaaMsdOFXkgRHhZ7t6gdoEg
Tara Conway Pet Training,ChIJmWLipVsLZ0gRRM8bYlpJ5MQ
Terenure College Rugby Football Club,ChIJP_sCz4sLZ0gRYSLRWpqpuGU
Tata Consultancy Services,ChIJ5f-FjMfrX0gRr3MWtn2lOzQ
TCS Wholesale Leather Sofas,ChIJE2GYpejLYEgR9v9qvFuBPlM
TCS LTD,ChIJv810oqqEREgRkIehfiyaVvw
Templeogue College Swimming Pool,ChIJE0n-MYILZ0gRE12pLEReOqk
TCS Store,ChIJx5g_OTUzW0gRJwq6OVnXzVE
TCS Trade Sales,ChIJK3jQmRWfYEgRiaCE2bjc0Ik
TC Trailers,ChIJxUZIvtsZZ0gRRhxLrbzBG0Q
TC Tyres,ChIJGygM0p4wXUgRoj1DivAmmaU
tcube coworking,ChIJEcJiiI8PZ0gR2SEVE-6Turs
Tcube Dublin,ChIJbWOTkycMZ0gRncGMKhNReHU
TDA Repairs,ChIJg_XSs_vqX0gRvGzvFrpjsFk
Think.Design.Automate,ChIJFVL6cNjrX0gRwALH9ox1Jmo
TD Caldwell Limited,ChIJSZKXo2dbZ0gRZGqM6wLUKaE
TDCE - Consulting Engineers,ChIJ4bX4aZIIZ0gRcB3RB0XbGt8
TDC Financial,ChIJT0NvDVGbREgRlZecHze2mbk
Trials Drivers Club,ChIJCyl8MXgMZ0gRwUvTgKm9Qhw
T&D Construction,ChIJdwThKEwFZ0gRzWcUDbTfg2k
Thomas Davin Engineering,ChIJmz2YmiD-Z0gRIkWRqHaLb4M
TD Fitzpatrick Certified Public Accountants,ChIJDfQOPpcOZ0gRRHUiYTnvh2w
Tom,0x48670f99849c7c11:0xa542b59c9316129a
Tralee Dental and Implant Clinic,ChIJB71AWXw1RUgR0GVQploroeE
Td landscapes,ChIJDROEuV0PZ0gRpEgq4BC7NrU
PARL Contracts Ltd,ChIJzcocau6LX0gRCa9QI4LSh00
TD motors santry,chij80j5icioz0grekhn4-0hljs
TD O’Neill & Co,ChIJT89laA-QREgRYB3jdWMeyiY
Trackday Performance Ltd.,ChIJEwQX5wy6Z0gRq3cMpEFY02U
Tough Dental Supplies Ltd.,ChIJwUGA2-m9XkgRz5eRmYl5IkQ
TDS - Technical Door Solutions Ltd.,ChIJ_av0MF8VZ0gRyv3JiQ5Lat0
Tom Dully & Son's Pest Control,ChIJ3-4mJnhJXEgRNxcwWzgIVcA
TD Tyres,ChIJHUrqIooJaEgR73WESzXh4WI
TE Connectivity,ChIJ-XxlEXWXW0gRd555BqLbMGY
Gurmans Tea and Coffee world,ChIJCU07HpwOZ0gRyOQDHHRNVCs
tea4you,ChIJL31H-z6RXEgRbJpxcM3lDe0
Teac Chondai Self Catering Donegal,chijv6ddfkv3x0grmsrdgczkcqy
Teach Éimear,ChIJRZHXhDd3X0gRY4ZBTT9wnHw
Teach Fada,ChIJyfSOWqysikgRrThnY-jcO6M
Teach Solais Community Development CLG,ChIJw-9NvwjjXUgRMb0Dhl8WYZM
Teach Abhaile Child Care - Pre School & Naíonra,ChIJF957MjhtW0gRdAE2GXSLeqA
Teach and Explore,ChIJO8eusCc6Z0gRaw897j2gNrA
Teach Báid An Chlochán,ChIJT1sI2-U9WkgRsbrMP2xBkfI
Teach Bán Art Gallery,ChIJBQqw2u7nXkgRDuWCgbgEsKI
Colls Bar,ChIJhWCalVyBX0gRXg1bR4D_R2A
Teach Cuailgne B & B,ChIJ20y22yZXZ0gR6EUlZA5jtvw
Teach Dara,ChIJtU0wcdB4XUgRvi3OjnHkX5E
Teach Dearg Kilmore Quay,ChIJERtfaL6fQkgRFSBRrbOYMeM
Teach Eamainn B&B Carly,ChIJKVafc_joXkgROoz2OH3K5zA
Europass Teacher Academy,ChIJl9O7a8UPZ0gRO2oMidL7e3M
Teachershop,ChIJ-7l_B1tzZ0gRwQ1P6tQJQWo
Flúirse Teacher Summer Courses,ChIJkQGCcF01RUgR8ZWiSBsumhM
Teach Failte,ChIJLe1s0CIAaEgR74cG1myU_04
National Forum for the Enhancement of Teaching and Learning in Higher Education,ChIJdwG4jqUPZ0gRA0dJYuAEcys
The Teaching Council,ChIJr5YI0RVwZ0gRLMcocspJhgM
Teaching Talking,ChIJr6dnXjr_XkgR5z2Qt1CGkQg
Teach Leanbh,ChIJMXsDtRbXXUgR9RSDCvOdho4
TeachMe - Learning Solutions,ChIJE-lOsWYJZ0gRXIYrJ6SBozc
Teach na Coiribe Guesthouse,ChIJTbfUCLiWW0gRdX8juUlQEnY
Teach na bPaisti Childcare Services,ChIJr5q63_KbYEgRhgCuG5SGS1w
Teach Oscail Resource Project Limited,ChIJdzA8wi0MXkgRHjvHFQX4Lo4
Teach Pizza Dublin,ChIJk-uy_owNZ0gRh8fxZN9CA7U
Teach Solais / Lighthouse,ChIJEToHvIyvZ0gRPaPimWcHLxo
Teach Spraoi Nature Kindergarten,ChIJ__qDY2kNW0gRchB3womfJcw
Camilla’s Tea Emporium,0x485b96e5751e9309:0xf992ee848c0cdba8
Tea Forte,ChIJj5jCk4TxW0gRtLNBHqZ8iDo
Tea Garden,ChIJwyL-voIOZ0gRF2m2OnELqIs
Kildalton Agricultural College,ChIJ_ZD5sQbRQkgRrMMMME-GMCk
Teahan Optometrists,ChIJj-h9qL14Z0gRcKKejHK4cng
Teahan pro audio and lighting,ChIJK6iob6JLRUgRmj6J2zPVgrc
Tea Lane Architects,ChIJg4c_NYRxZ0gRY38eQxCmkSQ
Teal Feather Design,ChIJEy4_RpoPZ0gR6PecmG0wp28
Team M Tattoo Studio & Modfather Apparel,ChIJy5v9xRJtQ0gR4NXdAYNmVwQ
Team PR Reilly,ChIJc06oSPgxQ0gRx_PLI8ECVck
Team Activities,ChIJtdllCyINZ0gRaA57a4xy_mk
Team Air Power,ChIJvR6jQtJ4Z0gRSLMYanbEeV0
Teamar Property Developments,ChIJeZJ_EBeRXEgRIWtClkBk98w
Team BDS,ChIJIYLVBUKSW0gRQavMQIFNdnc
Champion Hurleys Team Car Flag Ireland,ChIJuTGGGTtBW0gR7_6H566GT8Y
RE/MAX Team Earley,ChIJ9U0RQlMjXEgRFruv33DbVQM
Delivery,ChIJ23iy2C2yYEgRUZsyd33kKX4
Team FM Brazilian Jiu Jitsu Cork,ChIJOemtshKQREgRM04nY7SjHgU
Team F.X. Ltd,ChIJe0dUbtanZ0gRX-VgJYRlE2E
Team Hope,ChIJLfV_WbIJZ0gRwtZDbCaUA3M
Team Horizon,ChIJ9yMAZr4OZ0gRG7d7Afrig2A
Team Human - Product Design & Prototyping,ChIJXx1V9tYHZ0gRT0T-dw_VH5I
Team Hygiene,ChIJ7dcNpMFgZ0gRLKuLDasqNLU
BC Team Coaching Ltd,ChIJq34Nh7AHZ0gRdxOetTDFueM
Team Logistics,ChIJiVzlEGsTZ0gR9xicudFmmsY
Team Lorraine Mulligan,0x486771070aff132b:0x9096a71d88772cb1
RE/MAX Blanchardstown,ChIJs1Lj7VENZ0gRrXuT5VHBc3Q
Team Obair,ChIJ6zHtjzoMZ0gRMnOru-1FGtk
Team Project,ChIJMUE55ABxZ0gROHtI7GBAa-M
Team Quane Auctioneers,ChIJ_fYuiGZcW0gRNtlQrKoKNSY
Team Ryano MMA Brazilian Jiujutsu,ChIJrd3RokUFZ0gRBJ7SnJpmW7E
Team Ryano Virginia,ChIJLzUaUwD_XUgRVsQEwHXUVuY
TeamSamba - Team Building,ChIJaV1OkJ8aZ0gRcK2kyhTPSnc
TeamServe,ChIJN4mJbq6aREgRKUspM_2j2mI
Teams Ignited,chij904zzvirz0grdlskpswhvg8
Teamsoft,ChIJ_Y89ibUMZ0gRq4A4l7Eaong
Sunday Dublin,ChIJZRKzImQPZ0gR_ZwFttoOXPY
Team Thomas Boxing,ChIJpaJLF1iZREgRyM98JjPo06M
Team Torres Dundalk,ChIJ4Yj7c97NYEgR3Fl8giS78bk
Team Virtual,ChIJGyLDckwHZ0gRrh_bhSodSFY
Teamwear,ChIJQw-9yFgLZ0gRcNwHQSXP03A
Team Wear Direct Ireland,ChIJzcWrZhMxXUgRxiz89GaOdXg
Team Wear Store,ChIJlUmoZ_pdWUgRDMPwSdm_Jog
Teamwear World,ChIJsUjUe5CPREgRZOT3DfnbNNA
Teamwoodcraft,ChIJ1RZShhZ0XUgRh3rQApmqJgs
Teamwork.com,ChIJowbd_GCQREgRKwlI98VRVcY
Teamworx Recruitment & Coaching,ChIJW9hd_5V4Z0gRh6jikRNryp4
Tearaways Pet Farm & Activity Centre,chijofegc0j2xegrl09frp8rgns
Tearfund Ireland,ChIJwfVpI4QOZ0gR1hPgOuu2T_Q
Tearmann Domestic Violence Services Monaghan,ChIJ3ez3Y0afYEgRGsaeeZoG0i4
Tearmann Eanna,ChIJefSVEpqzW0gRtlvYJgHEz-s
Tea and Garden Rooms,ChIJFc-2aWWhW0gRpqQ7IeFjjgo
Tease Construction LTD,ChIJ46HkjEvrX0gRvpdxtLueJeQ
Maneki Tea Talk,ChIJi8LYRFkPZ0gREk4kEahqw9U
Teatopon,ChIJbXX_YuDNYEgR386tEKRcJbg
Tec-Direct.eu,ChIJSURK0g_HZ0gR6jFRm5rKDVU
TEC,ChIJyxUEXDlzZ0gRoeEX9Iiymcs
TECA Shipping Services Limited,ChIJfUjXcdCaREgRweH07s0AC7M
Tecca,ChIJo4ddiWoPZ0gRnNbakGFofig
Teceze Ltd - Managed IT Services and Cyber Security Services,ChIJR72s7ygNZ0gR7OqBXx1Sm5o
TechSmart Audio Visual Solutions,ChIJj4JQwXZtZ0gR45LnCMD53Ng
Tech4Taxis Auto Electric Centre,ChIJ7U_o-qWXW0gRGeWJhHdl0GA
TechAbility,ChIJYQ0z_oGHREgRMcT8jqT_RUY
Tech Amergin,ChIJezvDRpuOT0gRsIvCaDsMi_8
Techaqua,ChIJUS3dd3EvQ0gRjapWG-cLYhg
TECHBAY,ChIJnaTPj1sLZ0gR0etLSK8W7oo
Techbits Ireland,ChIJo24cDG4NZ0gRs3hNoW_uQC8
Tech Brando,ChIJqTISsUUNZ0gRTkVLTvTS4E8
Tech Caps Limited,ChIJI7i85a4bZ0gRCRkEvKJdIGs
Techcell,chijn5vwbpsmz0gr-48zns5j8eg
TechClub,ChIJm6bK8RgMZ0gRGBS33Zt0xHM
Techcom,ChIJd9m3qJQMZ0gRwcVf4E29F98
TechCon International Limited,ChIJi1EGlRudZ0gR5bXYruXCFvc
TechCreate,ChIJjav5Ku57Z0gRNYRtkD45KLU
TechCross Repair Centre,ChIJ61brv0tbZ0gRI0Mhr6ltUpI
Datech Ireland,ChIJL4um93CQREgRlvm4eQxPf8Y
Tech Depot Ennis ( Laptops,f9f1812715389f5bccf82ca15be85167
Tech Dragon PC Computer Repairs,ChIJydJsbAKYXUgRIyBy-P6hPDQ
Techfindr Ltd,ChIJZfvz0FTQWkgRPKHQFxdSvFw
TechFixIT,ChIJOYpLO8i2QkgRyHAMmOF3_2s
Tech Force,ChIJ4e8GDJEMZ0gRzTb5nyWYLpU
TechFort,ChIJ190WkB6XW0gRUZtJ8MB6mzU
Techfynder,ChIJHUG1ZXgTZ0gRkYx_n1ZP3IY
TechHeads,ChIJkQYEs-VrW0gRPpzWq9Lrkpc
TECHHELP- SME & School IT Support,chijruvis4moz0gre2wvmgepxd0
Techhub,ChIJl4xsM4kMZ0gRnN57UZBPRHg
Tech Hub,ChIJh7ZGZre2QkgRQb8Ia81WHv0
techiAM,ChIJFZEcrUOFREgR-aSjjS89cfc
Techies4TempleStreet,ChIJR_UDin0OZ0gR-ujZl2Ssh6E
TechIngenious - App Development Company,ChIJa_a2U-uRREgR6EV3z-CeOPc
TechIngenious Ireland,ChIJJ1qXqAIPZ0gR2tOmXjAL2Jc
TechInnovate,ChIJ0eblaPGWW0gRyLP-fskODvM
Techinsure.ie,ChIJJ6rzjxqQREgRLaDD9rIyjkU
Techit Support,ChIJ1QpHH58OZ0gRGZ8R_X5Pyk4
Tech IT Solutions - IT Support Monaghan,ChIJNXNPmUyhYEgRzBR677aSMVo
techkingz.ie,ChIJhwtjIGWXW0gR_jfyFKhS0vU
Techkno computer repairs,ChIJRROtrfcNZ0gRxi9QegVgthw
Tech Mac,ChIJxcRzjDToXkgRQ8EKsct-m30
Techmarket,ChIJK827SSINXUgRVa-h6eUgsqc
Techmate,ChIJgZw0L3MMZ0gR_8w0DDuZcDs
Techmatic,ChIJGYHOJd0NZ0gRgxCv8kH4POI
Techmatic Recycling Services Ltd.,ChIJr9HEKp8aZ0gRtcP7gp0o4q0
Techmongers,ChIJg0I_5UoNZ0gRqpo2YK7wwhM
Tech Move Solutions,chijax9gzo4tz0gr57_oq43paog
TechMR,ChIJj8AUcQwPZ0gRSHZX88GRauI
techneek,ChIJ9SOKPww1RUgRU-GNjvkiA0I
25 Technevan Wood,ChIJ2R1S5BCHXUgRBk0U-swDGBk
Technexo,chijc-nezjdtxugrsiicwbdt4xk
TECHNICAE NOVUS LIMITED.,ChIJy7VI3YYOZ0gRLjK2d1Fhlc0
Technical Flight Solutions Limited,ChIJGdY1hFI_Z0gR16r76BESsLI
Technically Write IT,ChIJg3R7DyqEREgRezVDvmQYc_Q
Technical Tutor,ChIJReLXlMeXW0gRitoL510SlXM
Technico,ChIJgYlm5KcPZ0gR9oHUqj1IWLQ
TechniFit,ChIJczdFRkZbW0gRFGt3bwy09_I
Technik,ChIJY7BEaRBzZ0gRhzHTDk4Ggfk
Technimark Ireland,ChIJM69S3JHTXUgRY0eAGn2nJZE
Technimove,ChIJkz9pguSRREgR87faq-6gdAE
Technique Hair & Beauty,ChIJP22F8n2bREgRniChXsNuGG8
Technix Rubber & Plastics Ltd,ChIJARhuBCq_REgRBIwMfTPM3nY
TECHNOPATH Distribution Ltd,ChIJo6hik-KeXEgRTeEkgLnLRRw
TechnoG,ChIJqU4nJB5wZ0gRJasndhtQ63k
Gym Source Ireland Ltd,ChIJIwnKmTgRZ0gR7EEqKi1e1fE
Technohuts,ChIJRUVSpQ_rX0gRsMtYbUOTyA8
Technology Ireland,ChIJu8J7i70OZ0gRbsjIcn8jNIo
Technology Cafe,ChIJj0hz6GdbZ0gRgqdbB1EJJwA
Technology Global,ChIJPcO6iEQPZ0gR0F_ajfdtRVg
Technology in Motion Ltd - Ireland,ChIJ80Mtj8GpZ0gRztE-2FSzbV4
LGC - Technopath Clinical Diagnostics,ChIJQ7U_v-KeXEgR9texkqug9hE
Technotherm (Ireland) Ltd,ChIJGQ33vFsTXkgRJ-vpyswVoYA
Technotraining,ChIJccBTF3YNZ0gRX1MK2oW6BaY
TUS - Website Development Agency Cork,ChIJK9hXYnWRREgRNw8qnA_wDHA
Technovate,ChIJbS_cDlEZZ0gRJoQGFHz7CKI
TechnoWorld,ChIJByxEwJcbaEgRcoQ8brQE1VM
Tech Oasis,ChIJl3bQl30JZ0gRAQveXD_xJGQ
Tech Office Supplies,ChIJ67yx7x7CXkgRVZ0jYX3Lu3M
AK Techotel Limited,ChIJgeEHvmE3WUgRuQTKtdOzP9U
Techpair repair,ChIJdbPFSS8JZ0gRESaqgQ-6mAI
Techpart Ltd,ChIJRei7HwdcW0gRNPa0HkKSizM
Tech Plan,ChIJu1PD13A6XUgROcCHmrRxW0g
Tech Plus Ltd,ChIJX-ImKs90Z0gRJHu9l0hKKdQ
Techport,ChIJZQLwLFJdXUgRsQTt2v6gg84
Tech Products Ireland,ChIJSU-4GKcHZ0gROvMTft5czQg
TechPros,ChIJE5URmbV0Z0gRQiB2YiI1F_8
TechR Limited,ChIJyeP1_hUNZ0gRHCd3OmJrZa4
Tech Refrigeration & Air Conditioning,ChIJk1u-X-0SZ0gRVjm_HXEgCq4
techrepair.ie,ChIJlT_PopENZ0gRPwKm-d-j_bA
Techrete Ireland Limited,ChIJ-WtqpsciZ0gRoneZTtRx1uk
Techris Systems - Measurement & Calibration Solutions,ChIJHVwfvQO7YEgRIyWUVni-5w0
App Solutions Software Lab Ltd T/A Techsearch,ChIJ4wgMzh0TZ0gRZKf0Kpesi_o
Tech Service,ChIJMaTN_7x4Z0gR0gt6xJEpfGY
Techskills,ChIJhR0Qt5YOZ0gRU6V_4WIYa4s
Techsoft ICT Services Ltd,ChIJFcnEH1k3W0gRhhMyOtuaF5A
Techsol Technical Solutions Ltd,ChIJhXMFouINZ0gRAF6en8dpELk
Tech Solutions,ChIJaXJaxPsHZ0gRDY4l8OVIK_0
Techspec,ChIJsz7y9O14Z0gR45nNe08Rs2I
TECH SQUAD,ChIJf31SD2oPZ0gRpBRreIZqgbg
TechStar Limerick,ChIJ_zLa62ZcW0gRp-f4Nt7EZxU
Techstore,ChIJ13XwJVt4Z0gR61qB1uEgWjY
TechStorm Consulting,ChIJHdnrUEZtZ0gRynXr9-uOyG0
Techstuff.ie,ChIJ6x0zPa8NW0gR3LOgVPfbkmo
Tech Style Roofing,ChIJEZyuYArovEQRc5kG3CFYG8E
Technical Support Ireland,ChIJ1dBQi_ymQkgRhqjBLmWD4-c
Techsure Limited,ChIJ_Rd4paQSZ0gRZ9fz1cAWRms
Tech Terminal,ChIJCWhXS69dW0gR6sih-JGPvWo
Tech Titan,ChIJJ69vuYB9lYkR2CV0a8eInYQ
Tech Tribes Ireland,ChIJX6W4PcgPZ0gRTY_65SZQAqQ
TECHUT,ChIJKSk_B7PpXkgRUSjAq20iWfA
Techwebyte,ChIJUWhpfK6TW0gRMwb9VQmyx3Y
TechWorks Marine,ChIJsZlTLTsGZ0gRY_RibbLwC_8
Cian's Tech World,ChIJ-WJWeyMMXkgReKeyC6d7LtA
Techx,ChIJVcrFYLYNZ0gRw560Jc-QsBQ
Teckro,ChIJ4WqUjmNcW0gRHpHFdM7tbnU
Teck Talk,ChIJO_Mwtn5pZ0gRRvk4ijGfvpk
Teclean,ChIJ6x6bQsBeW0gRdS6Up9YJx-k
Tecoled Ltd.,ChIJOdps-tW-REgRd2HAUw7u-IU
Tecron,ChIJVzRo7ACOW0gRJCq2jH0DBoU
TEC Security,ChIJKe5AecZ0Z0gRjQCKLT8a3a0
Tection Sports,ChIJE4AvCniXW0gRBe6Zf9b1A0s
Tector Menswear,ChIJLXJTsQIMZ0gReQloWJyPj98
Tooling & Engineering Distributors (TED) Ltd,ChIJ9zLXuZsMZ0gR59hhjkSFp3M
Ted4Parts,ChIJUUJ1jna9YEgRMnvjn-SWiME
Ted Baker - Arnotts of Dublin,ChIJofk9koMOZ0gRfdj_iYMDYQs
Tedders Pharmacy,ChIJJ4W60E2FXUgRBzK6IiuJe6I
Teddington Heating,ChIJe2KXcI0MZ0gRPchRh-YEoWI
KDNINE Advertising & Marketing,ChIJk1O2YL4OZ0gRXgjZ1tAVThM
Teddy D Promotions Ltd.,ChIJ33-dg6kPZ0gRCiueBRL_FN0
Teddys Ice Cream,chijmxhvgtsgz0grvfnpii-d-uc
Teddys Fashions,ChIJB__74aNkWUgRSmPPsLA-ehQ
Teddy's Ice Cream,ChIJy9PRbsAHZ0gRuF61uc8TndY
Ted's Garage,ChIJqwiraULxW0gRfXo28j3GC5M
Ted Johnson Limited,ChIJZ9Vfr_Z4Z0gRMXA31934U2E
Ted Kelleher First Aid and Hygiene Supplies Ltd.,ChIJVcZ09rLlREgRM7kcBrE1vTA
Ted Murphy Photography,ChIJDS8sAiqEREgR3Kd0w2w-7j4
Ted Murtagh,ChIJ38DasxFeZ0gR7YNQMs15xOQ
Ted Neville Haulage Ltd,ChIJSfSHncDtREgR27jJZhEkjsY
Tedo Tapas Bar,ChIJnwVpeBCQREgRA0gOrTMX5Yo
Ted O'Leary Agricultural Contractor,ChIJLYKnqDWPREgR-pHmOXClYyM
Ted Sheehan Auctioneers,ChIJPRfE1xKzREgRcRla2frSW0s
Ted Tours,ChIJ8dioqfgIW0gRrZdDH-Jueh4
Tedwall Partitions Ltd,ChIJHQtyQrRxZ0gRfSH0gLJ2N8Q
TEDxTralee,ChIJe3UPmZk1RUgRQ00z4im8JFM
Tralee Town Park,ChIJ23IoWHk1RUgRLuLrhtXqnO4
EmiLea,ChIJq_aEMFClXUgRiUmwLKXeOiY
TEE Care Home Help Service,ChIJFSvVmQ39XkgRtAsTMkNgItk
Teeface IM,ChIJ2YWprCI5Z0gRQwYxaq_p7Ws
TEE Fire Safety Solutions,ChIJfQHHrtP9XUgRL8sNrSjJAoM
TeeJunction.ie,ChIJ4QXowEcLZ0gRjAUWKYExaMU
Teeling Whiskey Distillery,ChIJ0UBQ46cPZ0gR5l2bcDiVXt0
TOMMY MACKEN CARS,ChIJU84PcbCUXUgR-UYCyctnrfM
TeemLens Media,ChIJjaVepxhHvQsRnyddmfJRLSs
Teemore Trading,ChIJN4Rk3Gq3YEgRc5rxqc4CTqY
Crosscare Teen Counselling,chijaynrowimz0grhdbxapfjyi8
TeenLine Ireland,ChIJ_dDVzTcLZ0gRZhkVOHKAAJo
Teens Talk Counselling,ChIJ_xjLIDQLZ0gRya3BL9nH_yw
Teepee Wonderlands,ChIJx6up-QwpXEgR8uEulZ51Fcs
Teer gallery,ChIJebhiif7_T0gR1PSq3D0q2rc
Advertees,ChIJ7SWvXUuRW0gRCLDUeuEM9dk
Tee Siopa by Hairy Baby,ChIJJbFcWq2cREgRupx1cCU7wc8
Tee's Kitchen IE,chijz-o1ohpdw0greft8-atjkpk
Daughters of Charity Training Enterprise Employment Services Limerick,ChIJJc7zFGlcW0gRF-C83tDLbo4
Teeth Whitening Fairies,ChIJyZdE1oQMZ0gRJ7vcIFcubAU
Teeth Whitening Kits,ChIJJfZLZHqzYEgR2DFZETZFpsg
Technical Engineering & Electrical Union,ChIJaxiP3YYOZ0gRegT6CHnsU5g
TEFL Institute Galway®,ChIJSfkG1_mXW0gR1RYmtM8mPzw
TEFL Courses and TEFL Jobs Abroad (TEFLIreland),ChIJAVc0MfuWW0gRRj0pVivjmGo
TEFL Recruiters,ChIJrSbVrxIdaEgR1usp0Te2hck
TEG,ChIJu05tNxvAXUgRaBvUUUzN_rc
TEG Learning & Development,ChIJ9fcKCbFzZ0gR17Dv8H5OqgI
Tegral Lighting,ChIJpU54lsINZ0gRpHv9FSTfSfc
Tegre Sliding Wardrobes,ChIJAQAAb1cFZ0gRDhpxKLXyZSs
Tower Equine Hospital,ChIJs11P2mmbREgR3SMt5HOCGzo
Construction Skills Training Centre,ChIJm2GPur8PZ0gRfyFGFPDAyII
Coláiste Aoidh Mhic Bhricne,0x485f22bf3a461489:0x8a2fd17a8555d867
TEJ,ChIJseA1KEUHZ0gRnnLGBN1s0E4
Teka (Machinery) Ltd.,ChIJ13nhK-ByZ0gRMCcffdm_dCk
TEKcentral,ChIJETdIVkemQkgReyFLHiuz3OM
Tekeir,ChIJ6edqB4t1XUgR_32641riDO0
Tekeir Services,ChIJ7WW3FL91XUgRvO2TwCC8yBQ
Rochester Sensors Europe,ChIJA-tOLiRAW0gR3E0CRBRMH3Q
TEKenable Limited,ChIJP7LatjKDY0ER4i8jeYE7fe4
Technology in Healthcare - The Health Leaders' Summit,ChIJo2SJg-97Z0gRwfSqYus41Ig
Tekken Security,ChIJIw_pAR_EQkgRB7QBSrxxz8I
Teknavate,ChIJQ4hw38hYQ0gR4GwraMX3qfQ
Tekno Surgical,ChIJ13nhK-ByZ0gRZNcKC1ZC5NI
Tekpak Automation Ltd,ChIJeSKelJkcaEgRCCXQCP48ZWY
TEK Promotions,ChIJiQUDhs8MZ0gRZx_YOQDzcOQ
Tekrasport,ChIJKz2akVXvXkgRsyLW2iLl9Us
TekSmoke,ChIJtWp9RxR1XUgRMhpoed8cwbQ
TEKSystems,ChIJGxs0SWEPZ0gROjPJz6S_y9o
TekTalk Phones Laptop Sales & Repairs Moycullen,ChIJUaAulwS_W0gReTo79Hf9eEU
Tektrak Ltd,ChIJnUk9CIV1Z0gRcuDuGpKDHco
Tektron,ChIJi-apZtuPREgRErjoMyr9n5c
TEK United,ChIJs6JkBZIIZ0gRJd8v0leS8eU
Department of Technology Enhanced Learning,0x484491de813f129b:0x229720bee11a45d5
Tokyo Electron Europe - Ireland,ChIJr5YI0RVwZ0gRWwZD3DI4E7c
Telasys Ireland Limited,ChIJdzz33rgTZ0gR0ghiB6f-YIk
Telclic Ltd,ChIJYQUFz4sOZ0gRbw2av_jucaU
Telcom Est 1999,ChIJS74Am-ALZ0gRwEulMLOfEsM
Teleatherapy,ChIJi_eQaNA8HqsRg-qJkgyp6z0
Adapt IT,ChIJ6aPl-1AOZ0gRnBk9wIBy7Oc
Teleflex,ChIJn5WmMGRJXEgRmP7Sgx_zZtc
Telefón,ChIJNYXRtcY1RUgR9kKwZS6pS-Q
Telegael,ChIJ4ZnGUla6W0gRxOZI3BA67ts
Telehealth Pharmacy,ChIJ51XHCti5REgRoaXlNFNMfhY
Telemark,ChIJRzRWlOsLZ0gRkUkknYEAKZI
MPG Telematics Ltd.,ChIJbwHBFAN9Q0gRQ3eVUuAz6kE
Telenostic,ChIJi6NFuwc6XUgRBx6WlTOGV64
Telent Technology Services Ltd,ChIJWbSXFSkQZ0gRZFOs5XNGTog
Telfords Portlaoise,ChIJYZ42ktsNXUgR61zNUdcw9i8
Telfords Electric,ChIJtWbgqdANXUgRdX4Upm9orSo
T.E Laboratories (TelLab),ChIJH8HCDR5fXUgRgtod62PqjnE
Tell & Spell,ChIJG40TLsyTREgRsY1giIAW5VE
Tell Construction,ChIJ-8DsYXsIZ0gRdvhUNfwzAy4
Telling Facades Limited,ChIJ2SRyXqWPREgRZKpX_BEWUf0
Tellnet,ChIJC1QVcEHnW0gRzyNlUZMuM6w
TellUsFirst,ChIJO4PFpfDPYEgRTDLbKtMYvkY
Telnyx Ireland Ltd,ChIJH5CGu5EOZ0gRloDiA0xRAR8
Telos Impact Ltd,ChIJywkKQoAOZ0gRQIvSsOF6XwU
TELRO Limited Tefal,ChIJw5rUW3F1Z0gRjfMLwTLfa4o
TELUS Digital Ireland,ChIJUe2gpSo3WUgRQl8sQYGKkKU
Tembec Inc,ChIJtUHVTb0OZ0gR8g33BvKaSIQ
Temec Mechanical Services Contractors,ChIJ4zVfhJ8aZ0gR26tbfXYe_44
Temenos,ChIJ4W1VFs8PZ0gRjOfP99lA-to
Temenos Medical Centre,ChIJ66VuhmAaZ0gRjvpcDMGJpHA
Tempaline Psychotherapy,ChIJvcJjGiARZ0gRT90bNJaquBQ
The Tempany Partnership,ChIJS4HFr5kIZ0gR6jqMRIQDck8
temp chefs ireland/relief chefs/temp chefs.,ChIJoxkKKJFlRqgRq-kwbsq7CBY
Temperance Hall,ChIJJQf6gjXTXUgRubv76g7ylOc
Temple,ChIJEcp8OU4LZ0gRgZdBKlDFP3o
Alicia Temple Agricultural Consultancy,ChIJEdvLARDBX0gRJg6fTzrxyEg
Temple Bar Bookshop,ChIJ68Tf1cYIZ0gRtE70pk__24Q
Temple Bar Medical Centre,ChIJi9XuLoMOZ0gRJOITr8WdqDk
TempleBarDublin.ie,ChIJHVQGj94PZ0gRsiGkD-JOOt0
Temple Bar Gallery + Studios,ChIJudUINIMOZ0gR2btmsqR2X7s
Toast Restaurant,ChIJKwqLsYQOZ0gRBsjwofVxUzQ
Temple Bar Inn,ChIJMQYhsoQOZ0gRMN7_tpipJmY
Temple Bar Pharmacy,ChIJVfWIKoMOZ0gRFMi-m9lmjDQ
Temple Bar Thai Massage Therapy,ChIJO-Bibu0PZ0gRdwBdZ-hsg8M
Temple Bar Yoga,ChIJd-uB-icMZ0gRyts5yhII3kA
Temple Bodies Pain and Lymph Clinic,ChIJ5QoX-_GpZ0gRwLO9sMkJQvI
Templebreedy Parish Church,0x48448178e594920f:0x66329fea5999fd91
Temple Carrig School,ChIJ39Hmf8qoZ0gRo5ZVFSPdWJ0
Temple Dark Books,ChIJlzJVftGzYEgRA9Mfe4I6B_A
Templederry Kenyons GAA Club,ChIJR_PAMs-MXEgREjKqpM44kPU
Templederry Astro turf,chij0yyiewuvxegric3vb1ic26g
Temple Gate Hotel,ChIJu6pEFy1tW0gRs6mOvZbwUAg
Temple House | Gardener's Cottage,ChIJx_5pDbK4XkgRuoWlt0rdNyc
Templekelly Graveyard,ChIJtYGSB--eXEgRDRHtcD3aiHw
Temple Lane Studios,ChIJC6MvzJwOZ0gRY1rADt6LMsU
Templemacateer B&B,ChIJSUKeTxuxXUgR1YlnNknUpLM
Templemichael College,ChIJ8zC7epDTXUgRHv2JfRAeFmE
Mountain View B&B,ChIJGxtHbQXoXEgRowNAxSTwMFU
Templemore Arms Hotel,ChIJv1obdQXoXEgR3oElYQ1RV0A
Templemore Athletics Club,ChIJtUSt8w_oXEgRO53xdG22T7g
Templemore Chimneys,ChIJ9USprhvoXEgRxiY6m3Z3ypI
Templemore Golf Club,ChIJz-OUVBzoXEgRfeaGnbzhDKI
Templemore Hair & Beauty Salon,ChIJ-662_hvoXEgRCOapqgps9B4
Templemore Medical Centre,ChIJ85xm_lzpXEgRBkEGvwJaTp0
Templemore Motor Works,ChIJO3S_BBvoXEgRN2nn-99Dl3w
Murphy's Pharmacy,ChIJGxtHbQXoXEgRnVgcioYMOcI
Temple Motors Dublin,chijke8puh4jz0grsozvqkajdrc
Temple Mould Services,ChIJ8wrWMgPMYEgRjVPKYa6mlLg
Templenoe GAA Club,ChIJ1QQa16BuRUgRJzx-0JIvtQk
Templenoe Heights Self Catering Cottage,ChIJ62vclgNsRUgRUkbDdEWTPZQ
Temple of Beauty,ChIJI1XgMzotW0gRgzvfTFtfDdE
Temple of Sanity,ChIJpxzophTnZ0gRm0pSsOkWtR4
temple of silence,ChIJU865dtz9W0gROSpQKy8_Ufs
Templeogue Beauty Clinic,ChIJPb-0TIMLZ0gRK3EbQPGDpMc
Templeogue College,ChIJTf7MoOGZXUgRBYTgD0EubNs
Templeogue Dental,ChIJNYdJs5wLZ0gRxo69ufcdN9k
Templeogue Driving School,0x48670b41415984fd:0xae21fce1d0b19667
Templeogue Reflexology,ChIJV51sTUcLZ0gRy5SGsZGbFzQ
Templeogue Tennis Club,ChIJy0MpF5sLZ0gReaOTKY0qfko
Templeogue United FC,ChIJpYM2UXoLZ0gRYcijd_MWu_8
Templeogue Village Medical,ChIJE2lfGZsLZ0gRPzAeuW_p2M8
Templeorum National School,ChIJOcbrjo3RQkgRi7fYtGEmj-A
Templeorum Catholic Church,ChIJ3xfstsLRQkgRdjo6jYJ7tLw
Temple Printing Company Limited,ChIJNYPN66dJXEgR4y7fT4V8T0c
Kavanaghs the Temple,ChIJDxos4X0OZ0gR-M904H2E4V0
Temple Recruitment,ChIJhQ8PwdARZ0gRvuK9-z4kcyM
Temple Self Storage,ChIJPc-YObTxXEgR6YRQvMTvYNE
Templeshannon Community & Childcare Centre,ChIJhVSE4YwAaEgRTvuOOuatCjk
Temple Tattoo,ChIJlfoMwb47Z0gR_fRtu3yRuN8
Templetown Strength & Conditioning,ChIJKfjHP0TUYEgRMW8-qIsil9s
Templetown Transport Limited,ChIJ17ZmufbTYEgRM_W2tEu-2vA
Temple Trailers,ChIJl6KM65HBX0gR8LBsm_GKD98
Templetuohy Foods Limited,ChIJi0Pr1Q8gZUERXWafHqnpXa0
Templetuohy Furniture,ChIJ7YEiG_rdXEgRtu697QwZaf0
Temple Villa AFC,ChIJTbpTazpLXEgRSQimSOIYEIk
Tempo Music School,ChIJnxKuy2QOZ0gRQF28OmQuNNI
Temporary Fencing,ChIJbZ4exM1_XUgRn40x3JsD4VU
The Temporary Roof Co,ChIJBy-wOcX5XEgRDRSdeNSiytw
Tempo Cafe,ChIJu-bGc4zBXkgR8EwalVoYNzM
Temptation Chocolates,ChIJIRKp50MLXUgRmgvAS39sm9I
Temp Technology Ltd,ChIJTUEyaetdW0gRmat72_7hawI
Tempted,ChIJ5-2XnpIPZ0gRWukIFYDgYFg
Tempura House,ChIJfUC7s-QPZ0gRnvkOlkKNBrU
Whaleco Technology,ChIJr5Dg978PZ0gR4GFy053KLfk
Ten10,ChIJbdZFEawNZ0gRZUyuHfE_ODA
Tenable Ireland,ChIJN22AYo0OZ0gRImzMO_3Pdf8
Tenancy Solutions,ChIJWzpXxExzZ0gR3byVfJthsvQ
Tenant Ready,ChIJH4LJVA8JZ0gRAaIHKaVG24g
Tenda Asian Takeaway Drogheda,ChIJscwGB4Q7Z0gRgT4Ke6RmTrg
tenda,chijltbor_xbxugrm2mu-173eoy
Tenda Oriental Tallaght,ChIJcWelkEkLZ0gRxo3gO677NU4
Tenda Oriental Fast Food,ChIJc2sWFBDAXUgRnucFvYTG40E
Tender Touch Treatments,ChIJk559APgHZ0gR4icNhR9L0vI
Tender Hooks,ChIJCdyyA0ANZ0gRpeJuCtZzemI
Tender Team,ChIJx3Y8k5EOZ0gR7Gy5hPo4dUs
Tender Years,ChIJX38OE7F4Z0gR72IIpSg_y44
Tenego Academy,ChIJcY0KmXKFREgRI9qpQg751LI
Tenego Partnering,ChIJCxMMmCuFREgR2fOfxkqU6yI
Teneo,ChIJ_WHQ6S0JZ0gRvn83R3UZ9_E
Ten Feet Tall,ChIJ3Thhk5wOZ0gRfWDgE95UEE4
Ten Four,ChIJaeDQR5UPZ0gRf34XIP03I30
Teng Tools Ireland,ChIJk1u-X-0SZ0gRVqBSNR0g08w
Yamamori Tengu,ChIJJQpBEYMOZ0gRd00Gmjf4lN8
Friheim Ireland,ChIJLWZ-IQ51Z0gRsqD-WcYU7Hc
10 Hanover Quay,ChIJD0kTjO4OZ0gRYaaxzU5Z8QM
Transgender Equality Network Ireland,chijot5zti8mz0gruc7h7kxmu3m
Tennants Building Products Limited,ChIJKdxJWrAMZ0gRnJYTBLDjnCc
Tennis4Kids,ChIJn1fEpbwPZ0gRjFffH3DEkfM
Tennis Ireland,ChIJ2WcAfXQOZ0gRP2UzG6Du-2I
Holywell Tennis Courts,ChIJ1w5gblkQZ0gR3_VHcREzlLU
TennisTots Ireland,ChIJAW3_FfoNZ0gRC_E2VesMz_A
Tennyson Grass Machinery,ChIJM0OvI-PQQkgRVgeciJr67XA
Tennysons Consulting Scientists,ChIJ8Rix4joGZ0gRrrDauv_yDbc
Tenoo King of Spice Dunshaughlin,ChIJJfmxMidpZ0gRF6kYJx-Jjho
Tensberg Studio,ChIJrWuU82AaZ0gR6JclRiBghMU
TenShodo Japanese Calligraphy,ChIJbXI0ZkgNZ0gR4uK0Kt4Z8ro
Tensile Testing Services Limited,ChIJD6PRrnlqW0gRUgEH2qI54gc
Ten Storey Design,ChIJBYdPfvYJZ0gR4fLYc_QxSEw
Dublin,ChIJ8w0Nn7aLXUgR2VKXpKrT83k
Tente Ltd,ChIJpRhLRR2_XkgRRKXLbtqJdV0
Tent Engineering Ltd.,ChIJOSAYZMUNZ0gREm0V6x2rvTA
Tenters Gastropub,ChIJabEBuCMMZ0gR7ckGGddkerM
Tenvito,ChIJ4edHniAJZ0gRxG30yrQ4L0s
Tenzi Dublin Cleaning Products,ChIJt-hqcjwbZ0gRAtZrodFNFnE
Tenzi Ireland Ltd,ChIJJZ7augaDREgRCvAAgSJTwkU
TEO Air Solutions LTD,ChIJoVbmnZEJZ0gRtl2RehZsuZ8
Teoair - Air Conditioning,ChIJ_0g6SLGXW0gRPPVAC_ueogs
The e-Institute of International Trade,ChIJgVxLlmxzZ0gRuLfBXQ0r3zI
Teo's Chipper Coolock Take Away & Delivery,ChIJc4oe5NoPZ0gRi5ts3owA0Xs
TEQNOCO,ChIJCTE7CV4NZ0gRRofxrvhgx5A
Tequila Jack's Mexican Restaurant & Tequila Bar,ChIJY5iHQg-QREgRUCWbIKhAapE
Tera IT Services,ChIJ61xYIvUTZ0gRMuZ3PAp9vsE
Teradata Ireland Limited,ChIJzyIWJ-ERZ0gR_0FOIxoChsk
Teradata Ireland Ltd,chij-ss3huerz0grxgkkdxp7xgi
Terapia Cork,0x4844902cf58d01cb:0xcbef4436788773dc
TER Window Cleaning,ChIJH8Ciw6hbW0gR_-8lNxzBq_8
Terenure Enterprise Centre,ChIJn_H5U_QLZ0gRAQgmBL_FpJ4
Terenure Health & Fitness,ChIJXZIUpfULZ0gRV1Gn0HJRvFg
Terenure and Tallaght Physiotherapy,ChIJEx3r-Ul1Z0gRaXaiDxoYpBg
Terenure Chiropody & Podiatry,ChIJVYC-bnYMZ0gROcjgSqIu00o
Terenure College Junior Badminton Club,ChIJlXL-O48LZ0gRwLkMIW55F0g
Terenure Community Support & Integration,ChIJMQ70guELZ0gRdBThOMGv0eI
Terenure Dental,ChIJjStqDPYLZ0gRAta-ShHetiw
Dr Ciaran Casey B.A.,0x48670c0a2b5b384d:0x95ce77ba8b890e6
Terenure Home Care Services Ltd,ChIJh5cyEvYLZ0gRNCsX6GEkj6s
The Terenure Inn,ChIJ8dbJ8_ULZ0gRcgk_2cdA-eU
Terenure Motor Company,ChIJIb-0944LZ0gRYG_G917l9L0
Terenure Office Supplies,ChIJy-yz8vULZ0gRJ0W7XY-0rx4
Terenure Orthodontics,ChIJiVQOmY8LZ0gREP-m960REtE
Terenure Picture Framing,ChIJj85_6_ULZ0gRdiQuxmNjowE
Terenure Rangers FC,ChIJ4ZzQu_ULZ0gRT0j6wdzHs9g
Terenure Sports Club,ChIJP13gGwoMZ0gRjyGnF0KJxhM
Terenure College Swimming Pool,ChIJ5aEABI8LZ0gRdMbUbeYJMEc
Teresa Bolger Clinical Hypnotherapy,ChIJkSAoRPNJXEgRq-20m6DmOyU
Teresa Doyle Dolls,ChIJr4r3BkHvXUgRGGRXFdyh_H4
Teresa O'Brien Wellbeing For Life,ChIJvYKwqR47XEgRSM5MklmGLeM
Teresa Sheahan Psychotherapy,ChIJkXPeChNfW0gR_PV0u-1dukY
The Teresian School,ChIJHfzGRcsOZ0gRkww9E1MKUTc
MDS,ChIJq29YUQutYEgRcAtFasa8ohY
Tereza Sai,ChIJW2D32hqQREgRyWs7xPmpQpA
Terla fmcg,ChIJz0tIpQ_RWkgRB9sohyQw5AA
Termford Management Limited,ChIJWW-mjIALZ0gRxG5dLWAGYg8
Terminalfour,ChIJlRgl4IsOZ0gRESqNhZCoD-4
Termini,ChIJ237hRSQJZ0gRg273UrZ8Idc
Termo Express - Slim Aluminum Sliding Doors and Windows,ChIJQ_udjhEJZ0gRNSJnNX5dZaM
termofol ireland,ChIJ011d34h5Z0gRaz7A3G08l74
Termo Langai Ireland,ChIJs8NVv6MNXUgRPWBooQHlQPA
Termon Complex Pettigo,ChIJH62cIFqzX0gR0SFhluK9-qw
Church Of The Immaculate Conception,ChIJj4EVIxIwZ0gRON1dqwOo39Y
Termonfeckin Celtic FC,ChIJWWBzwhIwZ0gRUlMrp1fMXsA
Termonfeckin Delicious Bronze Turkeys,ChIJWzIz7GowZ0gRmAichPFJzzQ
Termon GAA,ChIJ3RqsXYaTX0gR-SIahtYH9rA
Tern Business Brokers,ChIJA_coC8sTZ0gRukSvQeiNAKs
Teroco Windows and Doors Ltd,ChIJMVnN_V90Z0gRwCTr2N5DKPc
Terra Nua Building Contractors,ChIJqwbsRSIYQ0gRoGTGTe20gjw
Terra Ltd,ChIJic5SZZiqYEgRe6UjAjDDOlo
Terra Alto,ChIJWRXgva4OZ0gRT6k_evl97b8
NORTHSIDE DPF SOLUTIONS,ChIJOasB2LcPZ0gR4QhsV-DFzDA
terracomputer.ie,ChIJ9yliXTF_Z0gRh41sFRhb_iM
Terra Firma Ireland,ChIJ8TI1vuxvWUgRRhktwOTvgD0
Terrafirma Training,ChIJF0pfndllXUgRjXIo1YS8bcM
Terra Gourmet Foods & Wines Ltd.,ChIJMaL262c1RUgRKRUqOr87Gvc
TerraGlen Residential Care Services,ChIJf7bHZXNtZ0gRQuiDJQSEk2Y
Terra Ignis | Wild Fermented Foods,ChIJ24V94wWRREgRvWWGXhgLod0
Terralift Ireland,ChIJDYAXvW25YEgRyTqY4ZMWWUc
Terramar Networks,ChIJ6wiY2b0OZ0gRqD0LzwZgOQk
Terra Nova Gift Shop,ChIJJTh_n1VTW0gRLHwpbg36y5Y
Terra Nova Fairy Garden,chijg2i5gxhtw0grvsysksfjf7i
TerraNua,ChIJT_lc5JUMZ0gRRAy7oeJyh18
TERRA NutriTECH,ChIJRbC7X3NjXUgRj0uc8GcqQ4Q
Terra Services,ChIJt4DKx3RjXUgRUZsM5hs4Wzs
Terra-Watch Ltd,ChIJ5e5ybPDNQkgRh-Uom-EixGI
Terrazzo,ChIJRT7AS9lxZ0gRwsuvY7Rkd6I
Terre Restaurant,ChIJj58j6sV7Q0gRMSlUfxS_a9k
Terrie Dunne Letting Agents,ChIJqz-tpHqoZ0gRht7zajsJ6oc
Terrific.ie,ChIJbaPpu44PZ0gRewZCvM2tyUo
Terrisales Salon Supplies,ChIJF4XTmaoSZ0gRur5JqhkCN1I
Terrisales,chijvysuiyqoz0grupjrcryhfxk
Terroirs Ltd,ChIJ6Sg-brcOZ0gRBDD4zD_rjIM
Terry Campion Photography,ChIJZaAHEookXUgReLQrcz45jk0
Church of Immaculate Conception,ChIJO56m0a-LXEgRO5hTALvUWQ8
Terryland House,ChIJ91n1x-qWW0gRguEVUrKJZGo
Terryland Fruit & Veg Market,ChIJc5cvxuqWW0gRcmU68fp6CSc
Terry McLoughlin Solicitors,ChIJFWXU91oNZ0gRxVAYfiCnE6k
Terry Murphy Architecture,ChIJsdQqdrWpZ0gR0iiAaXgoPEM
terry murphy art,ChIJ8-m4i9pJXEgRo5WM-ricSX8
Terry O’Reilly Auctioneers,ChIJWWUyIWIbZ0gR09T_XxJkoeI
Terry Ryan Cars Limited,ChIJdTpHQX4JZ0gRkr_QH5K522k
Terrys property maintenace,ChIJD63MFsAbZ0gRzUfafRFsrEg
Terry's Stoves,ChIJG9q_1N6_XkgRH3ONPBH_UYU
Tersus,ChIJSzp0otpcW0gRza2H9i7TT_Y
Tertulia Bookshop,ChIJy0fc-HZ7WUgRu6r0x5uUJXk
Tervas Gas,ChIJycmyhBmQREgRZX-N3O471nI
Terzia Style,ChIJm2J4ZDRF-E8RFHx1vXk7Hbk
Terzi Enterprises,ChIJU5Gwt6AOZ0gRY1Ur5M-DpOU
Teschem Engineering Limited,ChIJCbWtJT6RW0gRKvOKezE0pRQ
Tesco Café,chijsxu5zmgbaegrvxp5e_ktluq
Tesco Superstore,ChIJCfTysXyoZ0gRTZg6rox6abg
Tesco Mobile,ChIJ6f-ve22SREgRyLjAgJVcbYM
Tubbercurry Engineering Services (Group Contracts) Ltd,ChIJDa4fdkYjXEgRGuGsBq9QBFI
Tesmas Afro hair salon,ChIJfQc5NCcPZ0gRo0TWWm3JmPo
Tesla Dealer,chijw8zilgojz0grt18-6luixem
TESLARY.IE,ChIJ2xia21BdXUgRV8mBhBuRWvk
TES Recruitment,ChIJZY_ftg8TZ0gRo_Hdf5xeY_8
Tess Stanford Interior Design,ChIJi76ni4dcW0gRdoc5_h6du7Q
Tessomo Technologies,ChIJj1KWmnjTXUgRbFCExVzwU1M
Crotty Auctioneering,ChIJJT1_mNANXkgRbLnZGIXyAss
Testall (Ireland) Ltd,ChIJqQM_Wat1Z0gRc5g3PlyT5dQ
Testers,ChIJuZqMANkNXUgRx7CtOY0k28Q
TestingToday,chijdekkbcsnz0grix2qod1pvv4
Test Preparations,ChIJ41CcjslyZ0gRIClHs4dYcag
TestReach Ltd,ChIJ0bZKkkoJZ0gRcMVDTi-UMiM
Test Routes App,ChIJKc31W50OZ0gR2zK9N0AIbV4
Testsealabs Medical Ltd - Manufacturer of Rapid Antigen Test Kit,ChIJrxRlCdENZ0gRI1pnim7f6ME
TEST SITE Project Kyrl's Quay,ChIJtaqTTxGQREgRkeJG5STmF38
Test Triangle,ChIJe-srt5USZ0gRe9G5rPMJ_e8
Testups Ireland Limited,ChIJX89YjVUPZ0gRs2Zje7sCbNg
Testwall Ireland,ChIJ2eIe4wgJZ0gR26C2pIyFg6o
Testwell,ChIJtzBFA4tdWUgRQ0OuGy3a5qs
Tether,ChIJ5T8nzY0NZ0gRf8LqMMO17V0
Tethras Ltd.,ChIJScLGgyUJZ0gR5JDhuICF3OA
Gift Shop Handmade stuff,ChIJw82Gg75dW0gRxT4Y3HB5oTQ
Tyrrelstown Educate Together National School,ChIJZUlZqcUSZ0gR05yQnas7lO4
Tetradock Ireland,ChIJXdTa1INzXUgR_gPgXwz1kgw
Tetra Ireland Communications,ChIJIbcgOKAOZ0gRV6iCE94IwRs
Tetra Pak Ireland,ChIJp2PrPLV0Z0gRtHAEFkVHCXE
Tetra Tech Wexford,ChIJIUtDelfnZ0gRXlk0ruMFYgY
Teva Pharmaceuticals Ireland,ChIJ4dQLU0fMYEgRoHGdLnOhHA4
Tevlin Clarke HR Consulting,ChIJKzY_NoNXZ0gR3NWNmi5axlw
Texacloth Ltd,ChIJZav8Xql-Z0gRepbEeDynKh8
Texaco,ChIJEe-IYkUIZ0gRB3zJEMArEjI
Texas Grill & Pizza,ChIJnVNOR447Z0gRTtLWKom73g4
Texas Steakout,ChIJd0pxmmZcW0gRljF4RhkyAp8
Texas Tullamore,ChIJr6DrJRGlXUgRtb-JTGD7KnM
Texoil Kilkenny,ChIJnbNsgJzGQkgRRKJI12kZUQ8
Texpro Printwear & Promotions,ChIJ2ebbFm0NZ0gRvZtmCGvxTcc
Texspace,ChIJa--NMsNxZ0gRKbuzKGT0RAM
Texstyle Homeware ltd,ChIJv4bJeGANZ0gRJhRRIwAQ3kw
Textagift,ChIJ8QHN504NZ0gRw2wNeMWibgI
Tex Tech Industries Ireland,ChIJWUS-YHg6XUgRTK99Zogc1m4
Textileartbymary,ChIJ1_nRiRVHW0gRvx3ttGQMUss
Textile Print and Embroidery Ltd.,ChIJq6TEQZBcW0gRC8fKeW7lX-c
Text Republic,ChIJawryhHw1RUgRK2SKUZBads4
Text Republic,ChIJR5lR9iE1RUgREceb6WXmsjs
Texttell Ltd.,ChIJmRzGMrQJZ0gR7R2wkSrK5wo
Texture by Ann Flavin,ChIJhUyx5p4IZ0gRGSxS6P7DKVo
Tropical foods Ireland,ChIJI_6oB3DFQkgR95v0YjonUr8
Togher Family Centre,ChIJdXTfwNCPREgR6L4EXJg3y9E
Tree Friendly Box Ltd,ChIJ0dWS85YMZ0gR-Px_m9YTtCg
TFB AGRI CONTRACTORS,ChIJ09y9rQb9REgRASBINXGlbgw
Terence F Casey & Company,ChIJxdLJEgk8RUgRKa98cGoUcLE
The Footcare Clinic,ChIJ1-VUZWZcW0gR91lB3JeMtHU
T Ferns Roofing,ChIJcTP9SgBpXEgREvTb2frvMRg
TFG Tree Service,ChIJuVXfQ-MQyasRuNT1qh_CmBM
Tom Fogarty Insurance Brokers,ChIJjTxzFmayXEgRgVo6vneHRnY
TFI Marine,ChIJv-ECmULEQkgRQgn2K-RVoY4
天福记 TIANFUJI Chinese Traditional Butcher & Seafood,ChIJwXTjqRkPZ0gRo-Z6yX8VMaM
The Faythe Medical Centre,0x48681b6b875629eb:0xe6b098ddbdb8db14
TF Media,ChIJQUSg7NH9W0gRH5O29bqbjlY
Templetuohy Farm Machinery Ltd (Clonmel),ChIJGXlwrAguQ0gRIEB3KHvhesM
True Fitness Naas,chijf2utorp4z0grma3drsng89w
TFO GROUP,ChIJpzNZdZYJZ0gROf3lgTlz_Qc
Travers Financial Planning Ltd,ChIJyx4yNJ_DZ0gReLmLanC0m8w
TF Royal,0x48595d868cdabf9f:0x2749388487a50656
TFS Engineering Limited,ChIJ9xgdfvKFXUgRoRllL7EMJqs
Tailored Facility Solutions (TFS Ireland),ChIJTThDP-DrX0gRnSxAYbV0eZ4
TFT,ChIJb3YMf88PZ0gRTtSf0OVrBbg
TG4,ChIJN2jn-sizW0gRmSPycL_gukk
T.GAUGHRAN PLANT HIRE Ltd,ChIJwa32uWRNZ0gRvqvkalqxoko
T & G Byrne Locksmiths,ChIJYxoL76bOYEgRMV-jhR3TZbw
TGC MULTIMEDIA,ChIJx4x_SOgNZ0gRuxd0kqy7YHU
Loughrea Islamic Centre,ChIJu-5ks7R5XEgR2hdAJwEB2Oo
TGF ARCHITECTURE - Architecture,Tgf Architecture - Architects & Interior Designs In Leitrim
The Gavin Glynn Foundation,ChIJK-jBkfuvZ0gRT0iDWjGU6bw
TGH Smart,ChIJ7SMJI5RZZ0gRUiCS5PbsBSI
Terry Gilsenan farm machinery,ChIJWySu7HdVZ0gRj5kmYiRkfyc
Walshs Toyota,ChIJdQYnMQE6XUgRT8yOxSyvV5Q
T G McNamara Consultant Orthodontist,ChIJG4JVvWlcW0gRxH7NtnYR880
Togher Girls Catholic National School,ChIJDdhV5NGPREgR4pfZ_RCBZjY
Outdoor gym (TGO - The Great Outdoor Gym Company),ChIJC9MWv3UPZ0gRxQcOdPAuAlM
Thomas S Greene & Company Chartered Accountants,ChIJQ7cOEb3GQkgRbD_Sq22D6V8
TG ROOFING AND BUILDING LTD,ChIJMzPHL6GhXEgRKK0dOyY-MqE
TGTool's,ChIJT0wN1xcJZ0gRo2s8aCYf4V0
Tipperary Groundworks Limited,ChIJ4U1_KjvEXEgRteJEovJgujA
TH Coaching,ChIJeU1OqMAOZ0gRwMcZPsT02UY
Thai Classic Massage,ChIJGQ9Ll2NcW0gRXVLNMKXk3u4
Thai Silk Massage Portmarnock,ChIJpyhqEsQaZ0gRslHao5YlJ8c
Thai Baan Cafe,ChIJG70Qt64PZ0gR0Vko6KUDrUA
The Royal Thai Consulate Dublin,chijqb-gsckmz0gr1mlli7hvh5o
Thaido Cabra,ChIJnVC13MUNZ0gRZE_EwQS9JMs
Holistic Sensei Thai Massage and Spa,ChIJ1aYI-pwOZ0gRfuruoXFC47A
Thai Food Company Limited,ChIJg8cd91kbaEgRJcHXS4Rv4t0
Thai Garden Restaurant,ChIJhYdagloNZ0gRgsTg1yV7gzw
Thai Garden Restaurant,ChIJNcyFFfuWW0gRb9tmjaktPuw
Thaiger Restaurant,ChIJtVp_3-Z_XUgRhTrVO4_Z4as
ThaiGuy ToGo,ChIJL0_ayAk3WUgRm3Sl06mgfP8
Thai Healing Massage,ChIJGQ8ieYMOZ0gRji1rtOfzg1w
Thai Health Centre Rathgar - Traditional Massage,ChIJSUfPrl0JZ0gRLk26vY4b87U
Thai House Restaurant,ChIJM8VkVUsGZ0gRqHf2owd-9XA
Bai Po Spa & Thai Massage,ChIJRz_Or4UOZ0gRyEhmFE2bkbo
Anon Thai Massage,ChIJh4DsOloOZ0gRWFJAHHF6vAM
Thai Massage Clinic Galway,ChIJ63TV206XW0gR_P0Ra4kSjB0
Thai Massage Ireland,ChIJH745_KAJZ0gRg2M7YogNQM0
Baan Thai Massage,ChIJHTY8kllyZ0gRKUVZ3U2dZFI
Malahide Thai Therapy - Thai Massage,ChIJr6eyKl4aZ0gRM2AlF6rlL6g
Thai Massage Mullingar,ChIJ67VvCCrBXUgRp4nTdcSHFOY
Thai Massage Specialist,ChIJ9WlisN3HQkgRmDvlRCV6G-Q
AnusaraThaimassage Tallaght,ChIJTRD5Ibp1Z0gRnHCSr4JjV_Q
Thai Massage Therapy,ChIJcbY90QwPZ0gRb-lhGhUiXPw
Thai Orchid Dublin,ChIJA2hNyoQOZ0gRl0EuP3QTBMs
Thairapy - Hair Salon,ChIJ491CD5gJZ0gRyP6L38dOYHI
ThaIrish,ChIJ_Zrx3U6dREgRQFSEwud7XRs
Thai Spice,ChIJ0yfZ2I4OZ0gR7fNEJrUe0-0
Thai Station & sushi bar sallins,ChIJ3XGyT-B4Z0gRvM-AK-pzODA
Authentic Thai Massage,ChIJE8c_kU_HQkgR6hw_KfTl5tg
Thai Therapy Galway (28 Woodquay),ChIJfTMOFfOXW0gRgKowiGJRsgI
Thai Touch,ChIJC6qkUsqoXUgR1Wdnd_KlPdk
Thai Town Massage Limerick,ChIJrawWn65dW0gRySPHKIZBfyk
Thales Consulting,ChIJNcBmslBzZ0gRF_uXUV7HQ9A
Thalgo Ireland,ChIJU3laAm3BXUgRnwdyaMD0vzQ
Thali Nepal Restaurant,ChIJNWe1ZRGQREgR5z6yv0wvI_4
Thamel Nepalese & Indian Cuisine,ChIJSdr_I1AJZ0gRQl1RR7eecAg
Thammy Lash,ChIJk8mqI_8PZ0gRWuQKicXoBJs
THANH HAI TRANSLATION COMPANY,ChIJNS8lDzwPZ0gRSqIVRVb2p-I
Thanh Loi Take away,ChIJv0xHQ8wNXUgRNdUdGW0LMMk
Thanks plants,ChIJCYBHyyINZ0gRv_NWZwXbQXs
ThankYouCards.ie,ChIJvUXYXhcPZ0gRPwG_hjj5bk0
Thara Thai Massage,ChIJP7U-LbgVZ0gREzItdifPuOc
T Hartnett Coach Hire,ChIJDTyS9rJ7RUgR6o5npSNwKD8
Thatch and Thyme,ChIJeXwlyb2oREgR_e5_7ujOfwc
The Thatch Cottage Café,ChIJQ8xeQ7DFQkgRHznXNURYZ38
Thatch Bar & Restaurant,ChIJ_WNrlZELX0gRxsmP3BL2ztc
That Events Girl,ChIJbwXaQYQ7Z0gRTKiIACj8bYQ
The Media Group,ChIJm3NlWacPZ0gRV6ctowk7Gu8
That's Amore - Malahide,ChIJPYtYhGAaZ0gR5Bi9CSADh_U
That's Farming,ChIJVbxgE2T9W0gR2cexab4QOdo
Thats Furniture,ChIJnxYM_LORW0gR9BXG-o9tK1A
Thats Handy Property Maintenance,ChIJzSJjjXJtZ0gRnHnbITC1W60
That's Life Art Studio,ChIJ97sXGDWXW0gRHjyokkcq5Ew
That's My Brew,ChIJK93LlliFXEgRMLX3O1K4HBE
That's Perfect,ChIJzZPhZHs1RUgRYoUYNX0_B-0
That's That Productions,ChIJpR4OR5ELZ0gRrEEHfU3RlgI
That's What I Call Marketing,ChIJdZnZTlmvZ0gRkmMQQYrbHZ4
ThatsYoga,ChIJ59jsEaKDREgRbeP9B6yGkL8
th boiler services,ChIJEbpHOofaXUgRMCFKz2PYzBk
Himalayan Crafts Dublin,ChIJYU9GJosPZ0gR-M3GkqAiOa8
Thcoda Ltd.,ChIJiZ8dE-tbXUgR58udxADDAAY
TH Components,ChIJOfrSSb9bZ0gRml2PLAovR6E
TH (Contractors) Limited,ChIJ14O7bJZdWUgRQ83_4xTfWXQ
Jevens Design Limited,ChIJfxf1cPrLYEgRQX7_FsYrxAM
Thdublinnailsbeautysupply,ChIJt8GyGMoNZ0gRoJt2Qmo6c40
The Alignment Collective,ChIJk6QtRY0QnUYRLfwKakY2lis
The Athboy Barber,ChIJjxhcOOL1XUgRQMlb6pL1yZQ
The Bang Project,ChIJd19sqM6oZ0gRF0Wnx3Ri6tI
The Barber Shop,chijhec-gubzz0grwjprduaktfq
The Healing Room (home of The Barefoot therapist) & Barefoot Therapist Training,ChIJ1e9on4mjQkgRcaNilfxP_kA
Beatyard,ChIJf_vIX5cHZ0gRdvBCGwkHbDY
BitQT,ChIJwTlRw84PZ0gRGuxn2yptSnE
THE BOWER CAFÉ WITHIN MCGUIRES GARDEN CENTRE,ChIJm1xt6YrAQkgRkAvcu7bymBM
The Bowers Bar,0x485be78c17c71233:0x8487f7b91b1eb41b
The Brewery Bar,ChIJ9YdYvOpWREgRMjdFBUe5Ph4
The Bridge Auction House,ChIJiQI0r1M9X0gR8VDSnk8bjZ8
The Bridges Guest House,ChIJrRq3xzCoX0gRY0SvVj8UG04
The Burren Art Gallery,ChIJdzve-YJ2W0gRaVbK62SrUkk
The Butcher's Block,ChIJbyrNo94OZ0gR60sHmblbHS8
The Chip Van,ChIJab4Zy1RnXEgRL3EgjqxTdHk
The Cloisters,ChIJA7bK3Lb7T0gRzHkg-noDA-A
Copper Pan Takeaway,ChIJR-dN22EAaEgRlJr1CLBpkzg
The Cottage Little Island,ChIJIXvxBsubREgRBqLNjouS1IE
The Creggs,ChIJrceBu3qhW0gRvWEytfrG_l4
Curragh B&B Country Home accommodation,ChIJu-evkBx-XUgRD0IXvthJLfA
The Cycle Hub,ChIJszLQjXkHZ0gRR4fHqzkIpn0
The Definition Clinic,ChIJ-caFzCYHZ0gRSgKL4O-vijU
The DJ Co.,ChIJUz9B8Z3OYEgRswajFMY10_A
The Dog & Duck Pub,ChIJqxqK_YdJXEgRyCgKW8yJFuE
Eatyard,ChIJTZ-OfaAOZ0gRaRu_ddwsVlM
The elbowroom,ChIJ2UddzS0MZ0gRQSbYw4AhGLU
The English Tutor,ChIJo4BeL7ZHRUgRpI40vui3WBY
Fish Bar,ChIJI16HTGwMZ0gRy0gAstAMUmo
The Fitness Studio,ChIJRyBdpB_pXkgRE8mz0qxjvpQ
The Four Alls Bar,ChIJg77h1WBUREgRLw8BNBaRDz4
The Gaff Nightclub and Sesh Center,chijv-syqsipz0grus95brwly5g
THE GALLEY,9f8e438feafffd5fdef496dddbae8961
The Gas Man,ChIJcThXwsUNZ0gRCBXyQ-Gxctg
AMW Glasshouses Ltd.,ChIJEeIAszQZZ0gRVwm8HeYQPQ0
The Golden Tree Room Integrative Holistic Health & Life,ChIJz8E3dzJzZ0gRVzIgs184-zY
Greenbean cafe,ChIJW86xSQDpXUgR25Btdxx_SKw
The Grill Inn,chijzz_sb_hbxugraxdd4hubvse
The Grove House,ChIJOzFtNgM0Z0gRWKKXPRwhMsw
.,ChIJg3U6ehleZ0gRzfKR8jj-umU
The hair shed Leitrim,ChIJj4-j2LyJXkgRNI6Y1voQzJk
Hangout,ChIJKZt5IMa5REgRqeUXH2HGaCM
The Haven Cafe,ChIJYR9wYBaQREgRQUdQbE5739s
The Haven Oakport Lough,ChIJnQKEEFWFXkgRQHlL6Wk7ddE
The Hazel House,ChIJX3Spr1oKZ0gRzZKBVatdxzc
The Health Centre Stranorlar,ChIJAe75RtK-X0gR7dTE-AJUtf0
The Hive Leitrim,ChIJNzV5AfULZ0gRmd020PxI4iE
HUB Logistics Park,ChIJCbJh9gwSZ0gRz94IrwLwFik
The Imaginarium,ChIJW4QraNBjQ0gR6zmKbdi-2PM
The K Restaurant,0x484535f204840307:0xcf2a5d8fc281c961
The Lab,ChIJZSiq5ywNZ0gRALlmmVBWL-Q
The laser shack,ChIJZYeD3-ePW0gR628RNzGEiAc
The Laurels Primary Health Care Centre,ChIJLdvsNaTOYEgRC_qh77EpV4U
The Learning Garden - Arts & Languages - Adult Education,ChIJTbsKEodjXEgR_ET9nJPZZ4Q
The Lighthouse Crew,ChIJh1wJaIAOZ0gR0yH9ozNJ_F0
The Lighthouse,ChIJYwSh84Q5Z0gRTdy3MLZ3Ezg
The Little Montessori,ChIJwdNiI2kOZ0gRu2OHkeO5deg
The Lodge Guesthouse,ChIJK91l5axsRUgRvZyynOW_MkA
The Lunch Box,ChIJqWNlvJ_7X0gR_ml5qq43nKM
The Lux Bus,ChIJzzeZ2u6DREgRZXvU2kjB1v4
The Max Bite Enniskeane,ChIJ8xO71hb5REgRFMfimRNoOck
The Meadow Holiday Home Cobh,ChIJidZe4WSDREgRf_R5IMNC0xw
The Metropole,ChIJTUQ95HU6XUgRE5SULsaGGYg
The Mill Bed and Breakfast,ChIJw-Ihxq0LRUgRPbEx4K-tqcM
The Mutt Hut Dog Grooming Salon,ChIJY0wTxMMLZ0gR1wYhecSoEYc
The Nest Hair Boutique,ChIJocJ67CENXkgRmp1busxnkWA
The North Lodge @ Kilronan Castle,ChIJUYgzWwiOXkgRNLRETYbbwTQ
The Old Parochial House,ChIJPXKWqHPLYEgRPl5r0ioOVX0
The PIZZA Bros,ChIJQ-wEd3VdWUgRCthc4CmfRZ8
The Racket Space,ChIJ____vwwOZ0gRyua4VOxVFQY
Deerpark Rectory | Bed & Breakfast,ChIJMURcapBQXEgRubQgQpobFMY
The Red Door Cottage,ChIJE07OcqusikgR8EBNUaHJFdo
The red granite barber,chijyzs-m-0lz0griwqgx81con4
The Rendezvous Bar,ChIJSWpz13RZWUgRVufu1RUgAXM
The Roundhouse,ChIJPbo0i6dOXUgROSxMBVOaDwc
The Salon @ Johnstown,ChIJyQJdtZp5Z0gRa5sfYRMlydk
The Sarsfield corner,chij6cuqax8nz0gr4lkhwohlzs4
The Shed,ChIJozRrTl3rZ0gRMlwh_TzkHIU
The Sheemore Inn,ChIJVdVOuIuIXkgRV9Kt7G7csF0
The Shoemaker Bar,ChIJOe5JL1QvRUgRsTXHdErKVtE
The Siam Cut ( Thai barber shop),ChIJ_yDmo1w9RUgRS4LBP12oh-c
The Skin Temple,ChIJAwYDgPcLZ0gRBkQhPSmkNcg
The Sportsmans Bar,ChIJbbOTXQg8RUgR5GfUFxX6uok
The Sportsman's Inn,ChIJ8xy7xHkoXEgR6o1xVhxCZKQ
The Square Ball,ChIJIXTsCZQOZ0gR6s1qQEruDus
Strand Hotel Dugort Achill Co Mayo,ChIJAdMdUpyYWUgRtefMZKTwpmU
The Stylish Turkish Barber,chijj5je4ubzz0grmuqnjxfhtvo
The Tee Mug Emporium,ChIJBwWytxpRW0gRE8ep6bHqOm0
The Thatch Tasty Station,ChIJK4Tl_LnPWkgRu8t8TYAW2Ek
The Townhouse,ChIJDQAAjFOcXkgREusUzHzFLQM
The Treehouse Playschool,chijy6h5jphfq0grsprastu7xos
The Trough,ChIJtyBcDsCfQkgRTUfrQ1fbWg4
The Vacuum Mechanic,ChIJny_6cB4TW0gRsfFSmcHa4Hk
The Valley TakeAway,chijncvbzxuzxugrrhvxgjb1tdo
The-View-Accommodation,ChIJpWmDMAfzZ0gRnJUq3vQeLLs
The Villagers Takeaway,chij362pryscxugrvfhssqvb1fs
Waterfront Townhouse Accommodation,ChIJzdEWMp4wXUgRfBCHJSM0KfY
The Westbridge,ChIJmdaRbtcCW0gRaVUAz_7Z678
The White Country Inn,ChIJwYAj2BTEREgRXd423x10h8E
The Wildberry Cottage - self catering cottage,ChIJ7ZU0aAGpW0gR1ACWPw7Pb1U
The Wonder Tree,ChIJA_2hg6MFXUgROT5buRfQVNQ
The WORKROOM Gym,ChIJ_7ku8UsLZ0gRWWBgJTAAGXM
The Yard @ Aghafore,ChIJp7IcCtlZREgRP5_iWGqOM8c
vinternational food Irish food in Italy and the 100 club,ChIJKTaIJKEJZ0gRvbuKcbs2xyY
The 105 cafe,ChIJf-MYy7QOZ0gRM-1ikl2mwMs
The 105 Fashion Rental,ChIJd3lTvzIPZ0gRVcGs1O56m3g
12th Lock Boutique Hotel & Cafe Bistro,ChIJgzbMRkMNZ0gRl9HbCz3qO5s
The 1878,ChIJK_K1IfAOZ0gRLttdMo-sXEk
The 1933 Furniture Company,ChIJNREOZlBbZ0gRdy-qE25b5tE
The 2C Company,ChIJwxpOT-V_XUgR9aA4a45MD50
3-D Revolution Productions,ChIJucqnXMkHZ0gRQ-mh_KXhukw
The 45s - Wedding & Party Band,ChIJiZ5qHvoNZ0gRa9qIfabsTdY
4 Aces,76a889c3fbb42c2c8621436f775d427f
The 51 Bar,ChIJSaeGO74OZ0gR8KZQ7o45K38
The 9th Lough,ChIJVY5YTz9zZ0gRV5iSq833avs
Technological Higher Education Association (THEA),ChIJh8UT2CMMZ0gRoAfSHAmyd2I
The AA Ireland | Ireland's Leading Insurance Broker,ChIJPS_UT5wOZ0gRB2DWJdrS11U
The Abbe Clinic,ChIJJQBhKS2OREgRFAdT1S79-0U
The Abbey Wedding & Events Venue,ChIJT_BAk1tvXUgRVArMHj9HeUU
Multyfarnham Friary,ChIJ6aB712fCXUgRq6b93bZd4DY
The Abbey Physiotherapy and Spine Centre,ChIJPYbrpC8HZ0gRAJWpGV1lOAo
The ABS Gym,ChIJWcjOR50OZ0gRQby3kurghB0
THE ACADEMY SPORT AND FITNESS CLUB,ChIJOSn4MlENZ0gREVqE6p2g-NA
The Academy,0x48670e837fd8a10b:0x3494ef08c4fb4f1d
The Academy Gym,0x48670d6f2665a19b:0xdf3516ecb7924420
the academy,ChIJxR684qDOYEgR6ocGKU-wXTM
The Academy of Code,ChIJsc-_vjoMZ0gRRnj5mDFIIXc
The Academy of Grinds,ChIJh8Pf6hwOZ0gRXgbwfO7h82E
The Academy of Music,ChIJnR40DYalXUgR0YSlt3Dj0CU
The Academy Of Popular Music,ChIJ7d8uagWQREgR62czeoHpoTs
Access Hospitality Ireland,ChIJT817f82RW0gR02oiEvx33GE
The Comfy Cottage,ChIJ-7Zy51UQZ0gR5qoFoDQI1ZQ
The Acres Driving Range,ChIJRQM9svldW0gRbgnWktw8OJc
The Acres Killala,ChIJU0evQGA7WUgRAVnrpgvE0Lk
The Acupuncture Zone,ChIJH3IbljRzZ0gRKpK_Qdmx2-U
The Adare Clinic,ChIJf9Fukg1GW0gRYwPBNSO75Jo
The Address Hotel Citywest,ChIJE9QvlYV0Z0gR1q95wKJlGoM
The Address Hotel Connolly,ChIJq278S4kOZ0gRS42i__LaB4w
The Address Hotel Cork,ChIJSyd2bQqQREgRadXbfNz8TDg
The Address Sligo,ChIJWXlD_zPoXkgR0fW0Zfc6fyI
The Adventure islands,chijguvxarjkwugrwrx7pdb8j9k
The Advert Elixir | Marketing Consultant,ChIJez07Wa3C-G4RhVHvlkhbVzQ
The Advice Centre,ChIJNXgu8_t1Z0gRDfpGcLQh33E
The Aesthetic Clinic,ChIJY_k2tDfBXUgRpJ-MyPX-IdQ
The Agency | Dublin,ChIJJdz-9ZUPZ0gR-9TnEg_6FqY
The Air Necessities,ChIJe6ihLerXW0gRbmkuEqd9kpY
TheAisle.ie,ChIJ_3L41ZQ5Z0gRekJkCAcXMZE
The Alchemy of Design,ChIJjdyoLBsJZ0gRse_WEUO7E_w
The Secret Garden @ The Alex Hotel,ChIJc5gyHZMPZ0gRnPE2lw_sqz0
The Algiers,ChIJ4_RqLy6jRUgRsCB7bxWgzqQ
The Allergy Clinic Ireland,ChIJJxVnRMUIZ0gRm8-PaAAobVg
The Alley Asian Fusion,ChIJYYWrRYsTW0gRdIMY86Hlrg8
The Alliance,ChIJpzsDs-sOZ0gR4E1OYXqxAFM
The Allyway - Functional Training,ChIJeynZhcR5Z0gRAfeUOVVd-JA
Forever Living by Aloe Vera Ireland,ChIJq9TkiIALZ0gR7TV2-dQWCeM
The Alteration Rooms,ChIJdcLx-gaoZ0gR3iUhgsORsdI
The Alternative Board Ireland,ChIJl9Ih_08JZ0gRLRSioPpTJJI
The Amatsu Clinic,ChIJZ62afKQJZ0gR8Ia3sNxMD-0
The American Diner Dublin,ChIJVT1_7RcNZ0gRVVZv0DOGjds
The Amethyst Bar,ChIJMdBt8S6YWUgRcRvNJ21Xkqc
The Anchor,ChIJbWCADRCpZ0gREUwUZXtL9jE
Anchorage Bed & Breakfast,ChIJWxHnpfxhREgRnf8BGrTlBvI
The Anchorage Rosscarbery Holiday Cottage,ChIJBfhaREpTREgRBIMk_9txWlY
The Angelic Healing Clinic,ChIJqz8uNurFREgRRve_96bveCw
The Anglers Bar & Restaurant,ChIJZ3lcDvWRREgRdt1IvAILY4o
Wrights Anglers Rest,ChIJTWh0VyINZ0gRAaVJT3AppLk
The Angling Hub Ireland,ChIJZSXIbRI1RUgRsBK_BtBgn1A
Animal Shack Kerry,ChIJCVMl90AhRUgRENDhfd7gsD8
The Antique Shop,ChIJAammU9zLXEgR6eQKldPxqbk
The Antiques Room,ChIJhSb26e-WW0gRF6iNCOuD7lY
The Anxious Lad Life Coaching & Mentoring Ltd,ChIJ8dtdSLipZ0gRRIWy4RJzvm4
The Apex,ChIJD9y5ibS2QkgRsusINRockEE
Théa Pharma,ChIJsyDXjRxdWUgRsaQgR1BSMmA
The Aphex Group,ChIJU20w0ezFQkgRpIg9XwDQ2Cs
TADCO,ChIJLwKAxcEPZ0gRXW1JpokjQ0s
The Apple Camping and Caravan Park,ChIJy5ioNBU0Q0gRT7rMqDFwSZA
The Appliance Man,ChIJDRzOdloNZ0gRobVERPt3iZM
Aras Chois Fharraige,ChIJ-8lNIli6W0gRx4IashZ9-ds
The Arcade Gallery,ChIJUc6hVZwOZ0gRfy54y4-qaRg
The Arch - Cafe & Wine Bar,ChIJXzu-LvmDREgRwiD5t6Krwj0
The Arch Bar,ChIJpTiNqmgRZ0gRQqkLh7WAzBg
Arch Guesthouse,ChIJj9iFgk07WkgRedfLp5ZWkmM
The Arches Hotel,ChIJ0VCEy2mSW0gRTVjwQUthxUU
The Arches Bed and Breakfast,ChIJLeBttuSVW0gRDtpGdmx5Nb4
The Arch House,ChIJA793lOGnZ0gRsn9ZTyNhbMM
The Architects,ChIJR__BBiQGZ0gR2S27YeGRsPk
The Archive Groups,ChIJ26dDr-4JZ0gROOFPcKCsP2Q
Archways Bed & Breakfast,0x4868197284019c6b:0x8a73c20fe916c51b
The ARC Platform,ChIJX8KvONkbaEgRz3RyIMJMB7k
The Ardilaun Hotel,ChIJV3qgD1GWW0gRw17S766-NGI
The Ark HQ,ChIJJ7_VDbGbREgRyePjkgwVHHQ
The Ark Puddenhill,ChIJ-aN-eJQ_Z0gRpq727hQUNx4
The Arranmore Ferry,ChIJ75xb3FVxX0gRJkLy044TVX8
The Art and Romance,ChIJIfDUoCGRREgRoYhqAk3IAdo
The Art Hand,ChIJoRUE8iHeQkgRt9fY1g4OhHs
The Art Institute - Ireland,ChIJ4Tmen6IOZ0gRo9U90oY7VFk
The Artisan Diabetic,ChIJOTZ_4FqHW0gRtPI6Jh-byMM
Hampers Baskets | The Artisan Hamper Collection,ChIJU9SunBxlQ0gRvw4HQIU7c4c
The Artisan Pantry,ChIJk4wNkllyZ0gRTVL5tyKLIb0
The Artist Residence Dublin,ChIJaYqO-TwFZ0gRY19OK4TGaBc
LAHARANDOTA - the artists' cottage & studio,ChIJkzAGNaSDRUgR10mjebPZchg
The Art of Bubbles Prosecco Van & Gift Boxes,ChIJo6k4xC2nZ0gRIbmAgfIOSa0
The Art of Coffee,ChIJ5_RnyzwPZ0gREmAKLAhgAvs
The Art of Light,chij43k0hbapz0grf9jtu-_csrk
The Art of Sewing & Design,ChIJf4DpbugdaEgRKvieUQ9mghY
The Art Room Tattoo Studio/ Art Accademy,ChIJt_w5awEPZ0gRKORejY4Iix8
The Art Space,ChIJEU1kzdkLaEgRHps_bXjDrrg
The Art Team,ChIJ-29gdZwOZ0gRn7abFuB7sY4
The ASG Group - Accelerate Sales Growth Ltd.,ChIJpXxI6MgMZ0gR2mkvA5FEFII
The Ashe Hotel,ChIJd95iPHs1RUgRQuC7BmI-tEw
Ashe Street Clinic,ChIJO0C-H3s1RUgR1bIgbOj7jiw
The Assignment Hub,ChIJn4bSypEPZ0gR7SmZrHiubz0
The Astor,ChIJaf73q9DFWkgRzCvwdRnqOaI
The Asylum Barbershop,ChIJNaGBkRqQREgRSLMZiexXSCU
The Athlete Clinic,ChIJddQJXUuRW0gRGVWxx9gPH_8
The Athlete's Foot,ChIJG2Ee5X1dWUgR1YeKGwYBWtg
The Athlone bookshop,ChIJG2FeV95JXEgRMPGMHFRzg6s
The Atlantic Bar,ChIJVZVHB6xsRUgRzKkEZPLHOh4
The Atlas Clinic,ChIJpUnH6grrXUgRacjQ3WruNeQ
The ATM Co,ChIJuSqgiUxbZ0gRdjqVBQ-XPYE
Áiseanna Tacaíochta,ChIJ6zW1_HgRZ0gR8ZHS-MzAy6Q
Theatre at Work,ChIJN6xZupoNZ0gRWfqHr9MLgEE
Theatre Forum Ireland,ChIJ_____4IOZ0gRqwH_48ZhOp8
Theatre Lane Lofts,ChIJ2bau07avZ0gRUgFwC_XO3dI
Theatre of Light,ChIJt367Z6IPZ0gRDYyob1McrZM
Theatre Royal Waterford,ChIJJaQf1ZvGQkgRtO3qhDBNpYs
TADA theatre and Film School,ChIJTfIRZLk1XUgRJmdpTIniULE
Theatreworx,ChIJHx8NUswTZ0gRwUn2tS8yT_g
Mary Power-Cooney's Theatrics Naas,ChIJvxEv0FcsxwARRusWNjQ9YEQ
The Atrium Clinic,ChIJHSy2VHCQREgRA1PoUbOOEQw
The Attic Bridal Boutique,ChIJLQ4QgmZcW0gRHS2kodWc4No
The Attic Company,ChIJn6JASc1zZ0gRNBNVcIQTVRM
The Atticman,ChIJjcvpWJQSZ0gRcXQo1Dg_SVQ
the attic stairs .ie / The attic stairs and flooring ltd,ChIJUw0Ys08qW0gRi8vF0zdE-eY
The Auld Shebeen Bar Athy,ChIJEQKG8P9vXUgRa9WpgIlprdo
The Authentic Coach,ChIJMUHPgEEo5ScRJPoltyVYdi4
The Auto Auctions,ChIJTwbnVl3PYEgRAFpq15C3DDw
The Auto Clinic,ChIJB38_Q1sPZ0gRJNyZZlzz6ok
The Avalon Centre,ChIJV6BkGDXoXkgR0uZKlic3DkA
The Avon Resort,ChIJPaVqg9ucZ0gRciIuL0Illeg
Ba Ba’s Barbers,ChIJSZg0pWNDXUgRjbE7MqVZkT4
The Baby Closet,ChIJTdZhcdl8Q0gRnGJ2wRHj3MA
The baby massage studio,ChIJy6dKO5ixZ0gRTNiptHgF2MY
The Baby Stages,ChIJ54-BDw3tXkgRVCemSPf3hb8
The Bachelor Inn,ChIJuZ_xkoQOZ0gRr0H30t4BYLo
The Back Specialists Greystones,ChIJBfd-UXuvZ0gRwHeQz0B2H_0
The Bagel Bar,ChIJ6zdWqSMOZ0gRDerRQde9JQ4
The Baggot Inn,ChIJHa5y1ZkOZ0gRXaWSX9SZo9c
The Bailey Bar & Eatery,ChIJpybMTIoAaEgRHBB_yx9g3Og
The Bakehouse,ChIJAd1FKbi2QkgRKwNI6bSjRZc
The Bakehouse,chij8xnujfukrugri7rbjjkrrug
BAKE by Graham Herterich POP-UP,ChIJZVJGhy9vXUgRcsqblPAp1Ek
The Bakery Store,ChIJlzAGIW8NZ0gRJuOMN-MTqA4
The Balance Centre,ChIJMZlKeaUOZ0gRa0cSuVrpY2Q
The Balance Hut,ChIJo6hh3fO_W0gRFJh6tRYLZMs
The Bald Eagle Beer & Food co.,ChIJXXPYfHgOZ0gRtG-HjQxtlL0
Wooly Crew,ChIJrdBDRJ7TXUgRjw57HNPAkQw
The Balgriffin Inn,ChIJ3Q-q8QMQZ0gRZkIP5jLb6jI
The Dara Pierce Ballet Academy,ChIJM_S7CJccaEgRe_sNabthqXM
The Bank Building,chijbfmrjmncw0gr2e1hfgbffk0
The Bank Casino,ChIJceSlsxqQREgRNOvFlbBWcEo
The Bankers Bar,ChIJiTZhlZwOZ0gR1GiRj8Y6XFk
The Bank Fitness and Nutrition Kilkenny,ChIJExXTUL3HQkgRg5mmAKdjioU
The Banking Hall,ChIJYwpaYCUPZ0gRfLzp1QbSnxQ
The Bank Wexford,ChIJ6wGZENIbaEgRxQElsJu5EqY
The Bantry Bay,ChIJAyvGC_8KRUgRv5lqlffO9xk
The Barbell Barber,ChIJDa6poosPZ0gRIDzk6a5q9RU
The Barber...Ashe St,0x4845357b052f5621:0xed8f4bc80c3ca885
The Barber Brothers,ChIJ1U8pUW9LZ0gRSCEJUDbS9Hs
The Barbers Bar,ChIJUaQvTiwMZ0gRixWtZ9v4Mx4
The Barber Shop,ChIJEcbgixvEQkgRr8tFIgVvRCE
The Barber Shop,ChIJV58YM0RzZ0gRYBOxDPYQVvo
The Barber Shop Ashbourne,ChIJvwhSHsQUZ0gRGGp1EiCsGiI
The Barbershop @ 56,ChIJW3F7k1QOZ0gRJbSvWlS8RY4
Barber Shop,ChIJlVKrHj4_WUgREe-cVlwf19k
The Barber's Room,ChIJZyS5KoUOZ0gRmU2tcLikc78
The Barbican,0x48673a2128be4529:0x4e6b27c950668ac
The Bar Company,ChIJ6VkER1UNZ0gROpu_bd1AWzM
The Bar,ChIJyXmQqQoPZ0gRV4ZrmTH7mY0
The Bare Food Company,ChIJqc4WSCc6Z0gRyu1Z1orWCyY
McCaffertys at the Barge,ChIJISjK0PEMZ0gRX7HLn7J4IpM
The Barking Boutique,ChIJ3YdhTV5tZ0gRIQBrbMX3-LU
The Bark Park,ChIJY00d3mOQREgREgAn-8V3AnM
The Barley Field,ChIJ943qjSDEQkgRIA0eN9RkVjc
The Barn Gastropub,ChIJh6V4UOSaREgRq-sIzSl4YEs
The Barn at Belmont,ChIJc3mgGrCpZ0gRKowLQc9Y22A
The Barn at Fellowsfield - Self catering accomodation,ChIJ7Vj9RVB7Z0gRjfq0pK8JVLY
The Barn Studio - George Maguire Photography,ChIJmSuSAelVREgRLHsORRs6_vQ
The Barracks,ChIJyw7EHlNdXUgRzvdbXVQRhzg
The Barrel & Castle,ChIJN4TyQABdWUgR0GqOlB7jiMk
The Barrel Sauna Greystones,ChIJ5c8nzAmvZ0gR6v7cewe3HqI
The Barrelstore,ChIJe9r8GquFXkgR_uHyyLdOjvU
The Base Enterprise Centre,ChIJiWKGiUi_X0gR_45CvHNdY3Q
Bastion B&B,ChIJ-4whaQJJXEgRqwgMUAqMrvU
Bastion Gallery,ChIJ65W2bgJJXEgRo0oaNnEeTYw
The Batch Loaf,ChIJ7aHj5UOfYEgR_D40mqVyzj8
The Bath Pub,ChIJieJ8aeoOZ0gRnUL27XjYDrY
The Bathroom Boutique,ChIJL7bIfOALZ0gRKIbYUcPWwYo
The Baths at Clontarf: Restaurant and Bar,ChIJbU2L0akPZ0gR5DBqQ0tvM_w
The Bay Leaf,ChIJtR06y0JbWUgRr_aILuAaNcA
The Bayside Barbershop,ChIJq87D8_kFZ0gR10LlCh4DcIg
The Bay Tree,ChIJM_hgu_JvXUgRECo3k9lslRI
Bayview Hotel Ballycotton,ChIJTf7MoOGZXUgRhIp7J2UPgVE
The Bbq Company.,ChIJfYISsohvXUgRFVBEa3mAgu8
The B Club Barbers & Beauty Dublin,ChIJ00nabKoPZ0gRIZSImc5G2IM
The Beach,0x485a1f88ffffffff:0xfaf97d0563a3d491
camping/walking/ fishing/pub golfing/ in sligo ireland Beach Bar /Aughris House,chijtrmt0jlpxkgrpskxv7xhhza
Beach Buns,ChIJCSfz7jzDXkgRH1qHbP8eld0
The Beachcomber,ChIJrSvdJLAPZ0gRNIK9vnM6VT4
Beachcomber Bar,ChIJT4REIQjwX0gRJPsd8JMagM8
Clonea Beach,ChIJUaXGQOoYQ0gRLI7p7XcadJs
The Beach House Gallery,ChIJNQuYoCAYQ0gRUq34AnUMc9U
The Beacon Hotel,ChIJuzbjnAsJZ0gR2nMiVplTE_M
The Beacon Reiki and Massage Therapies,ChIJf6Pqn10JZ0gR7qB8mwfa4Gc
The Bean Box Coffee Shop,ChIJlxNI6fYNZ0gRvDsdKiIr8YY
The Bean Tree,0x485b965bef679829:0xfe667fd63d291d35
Driftwood,ChIJ1ZW8rMV5RUgRllO1C3BMcJA
Geri McGann Herbalist,ChIJ44488JRzRUgRc40qLrvXC4Q
Beara Distillery Ltd,ChIJq9SQWPt-RUgRrHidoc-FWCk
The Beara Gallery,ChIJ7xlMtGp7RUgRnJKYWnK3KKw
The Bearded Lady,ChIJmdCRmZ7GQkgRh4KBvPagdTY
The Bear Group,ChIJzaEDahB1Z0gRvxdp8RYaBeY
The Bear Paw Deli - Greystones Theatre Lane,ChIJa8RJJiyvZ0gRqBp4MorLITI
The Beat Boutique,ChIJx6txA0IPZ0gRCpapXffJipU
The Beautiful Booze Club,ChIJx9kvA_IPZ0gRnvTZ1Sff_tM
The Beautique Urban Retreat,ChIJHUdvzixtW0gR3HQPcz1Ob18
The Beauty Bank,chijbxk1f7ubaegrip_tbrch9b8
The Beauty Bar,ChIJn1nE4SiOREgRrqs4sCR3mZs
The Beauty Bar,ChIJdbLsmGhpXEgR37Y_vSyWX7E
The Beauty Basket Limited,ChIJibSs6gwNZ0gR8BHsO_uWc9I
The Beauty Boutique,ChIJcSloeafOYEgRKn6-j1VpYQI
The Beauty Buddy,ChIJNQ_oyz9vZ0gRCh1ym7To8aA
The Beauty Bus - Beauty Salon Limerick,ChIJtXFLog1dW0gRDrcm3xVWjiQ
The Beauty Clinic,ChIJlTjoCE07WkgRtbTkeQCYz8U
The Beauty Coach 360,ChIJnX5APk3NYEgR-W9BoW70e_s
Beauty College,ChIJX2BPIp-FXkgR6VhnvGdhIKY
The Beauty Corner,ChIJFXek6_nrX0gRD5pDkgiOMws
The Beauty Cottage,ChIJXawpQPGPREgR-lCY1DUEixA
The Beauty Doc - Nassau St,ChIJp3f4R9YPZ0gRZ3dwI8ksgvQ
The Beauty Emporium,ChIJLwCZd0CRW0gRs_BnSg2NRQk
The Beauty Factory Global,ChIJpRRBNdINZ0gRxpfrCp1j2Tw
The Beauty Boutique,ChIJYxsZMr47RUgRzQqzIYiwqRo
The Beauty Lodge Kilcock,ChIJd-bRUxxlZ0gRQwb-xn2DSDI
The Beauty Loft,ChIJ5SMU1ZZFRUgR-gXQfiy__vc
The beauty lounge,ChIJvc2oerwBaEgRSMTEs5rupDU
Japonica Beauty Salon,ChIJRd7u4xiQREgRXs7hsdTK3yA
The Beauty Lounge,ChIJ79Ykkcb7T0gRZaodOBtY2Vc
The Beauty Room,ChIJqcPCmtnjZ0gRmwzYAPUVsdA
The Beauty Room,ChIJwdUusi2vZ0gR2UgeYct-nxs
The Beauty Room,ChIJG-7yWLt4Z0gREgUQZhdV7lM
The Beauty Rooms,chijh-v2suwww0gr71wprx_suya
The Beauty Room,ChIJH78Lu_uVXkgRIwG0MQA2-98
The Beauty Salon.ie,ChIJr-HC9p8OZ0gR206d97tb3V0
The Beauty Salon Mitchelstown,ChIJRfyVGRNXQ0gRIjgy1wBJYG0
The Beauty Spot,ChIJibyOh1k9X0gR0D0q1T05Ggk
The Beauty Spot Newcastle,ChIJ0Xl7_zCWW0gRoLiiLtpZvbY
The Beauty Spot,ChIJaReRXHmzXUgRsBK5ptrdjxo
The Beauty Studio,ChIJCQKo-OIxQ0gRPmeLMxvt4ek
The Beauty Suite,ChIJp-66YZwOZ0gRLK28OUfxaqQ
The Beauty Suite,ChIJJZ99u7HlREgR_icaeIz9ZZU
The Beauty Suite,ChIJB3rrJbX2W0gRIyQhICQLr7M
The Bective Kells,ChIJ98yHRZtXZ0gR2XKoxhLv0nk
The Bedford Townhouse,ChIJkVr307BdW0gR_pB5xtDqfMY
Thebedlinencompany,ChIJ7x8Kht-PREgRNyfVjfs3IFo
The Bedroom Boutique,ChIJR6_PeHHDXkgRJBmMoMggzLc
The Bed Store,ChIJrXEnVp3OYEgRic_qpB4z3Ew
The Beeches,ChIJb8M3lrg7RUgRRVkhayP832c
The Bee Pods,ChIJkWfNsHcBX0gRgpysf6V7zGE
The Beer Gals,ChIJR5T3K-d1XUgRV0ls2Mv-Kf4
The Beer Garden,ChIJ50dSsQKQREgRhd0Ztvt5C-w
The Bee Sanctuary of Ireland,ChIJgXoTrT7vZ0gR0ATy_EZzzsY
The Belfield Clinic,ChIJo_LtDjIJZ0gRGmkYsd1Nbxk
Davy & Phelans Bar,ChIJAYPKEVsNZ0gR09R5i3Wo820
the bens music and gifts,ChIJo8QUM6M7WkgR2EWsVl4elmU
The Bernard Shaw,ChIJZf8Yh6AOZ0gRhewFFltjO2k
The Berry Coffee,ChIJ6du4OgDDZ0gRrPrxXFSkOBw
The Best Chinese Takeaway,ChIJqbdmWy0MXkgRDCurjbTuDMA
The Best Cleaning,ChIJeRDpKY8PXUgRQLrMkfa1wpI
The Best Men Wedding Band,ChIJbwmLTqoNZ0gRC2bN-enqvDQ
McGonagle Solicitors,chijdweugu4jz0graz7zvzuffk8
The Best of Buds,ChIJfSC1YhqQREgRBOE7ByDHKOs
The Best Shop Limited,ChIJfw8wY6GRW0gRagUejqB59-E
The Best Start Club - Baby Sensory and Toddler Sensory with Music and Movement - Oranmore and Tuam,ChIJ3RI15YyRW0gRIVvzzh7_ze4
The Be Sweet Company,ChIJne5TSIoQZ0gRJavJ-ij4DUI
The Better Life Project,ChIJEzT-B-sRZ0gR_8tpbZuzoV0
The BRGR Shack,ChIJ6Sc15vRrZ0gRB4TTSNkTPak
Home and Cook - Kildare,ChIJGz1hz9t4XUgRID2cc3v6cFA
The Big Boys,ChIJx4BlsPSnZ0gRw-8KAzKP04w
The Big Button Phone Store,ChIJ8bVBnsQLZ0gR4-Ofe3yA5Ss
The Big Drive-Inn,ChIJMT1IJs7PYEgRlHRmsB0IK0k
The Bigger Picture Cork City,ChIJuyVp0xCQREgRM11q4jJM7fI
The Big Move,ChIJA7h0LY8OZ0gR1nvEVSJ2uUg
The Big Romance,ChIJufegxdgPZ0gR3Nnd6keYlJs
The Big Screen,ChIJKxOqAea7YEgR6zaKidR2GLw
The Big Smoke Vintage,ChIJ33XiOwAPZ0gRd7pfHyAAT1I
THE BIG UP Interior Design,ChIJpYVdXiQGZ0gRclh-GsrB-c8
The Bike Doc,ChIJmXexEN5BW0gRdFT5ekWEhgo
TheBikeFix,ChIJx75tan2ZREgRc0H0MLmpf2c
The Bike Hub,ChIJpbpomhoHZ0gRGaVwsIfQPiw
The Bike Mobile,ChIJm-bVUg29X0gRB8oGXl-c__8
The Bike Rack,ChIJt7354HsIZ0gRBRjsvMrDfzk
The Bike Shed,ChIJ48jgcRmQREgRurK1mznbvtg
The Bike Shop,ChIJl2N02EQbaEgRG4fatSMwUdI
The Bike Shop,ChIJX9O8-lKJW0gRbTtZN-vTVbo
The Bike Shop,ChIJGfdNw2JcW0gRU6nabPRCT4w
The Bike Station,ChIJ23ezFiLJYEgR98Gj_1UZTc4
The Bike Stop & small engine repairs,ChIJhaHaLnP9XkgRXVr3q1JwAFw
The Billiard Company,ChIJuQ_gp4UOZ0gRVQwF0uKmjwQ
The Birches Alzheimer Day Care Centre,ChIJS1WinmvMYEgRwKErF8K-7rc
The Birches Bed and Breakfast,ChIJS2GtA7WRW0gRN6o1Qi9K9qM
The Birches Killarney,ChIJxSQot1U9RUgR4tXpcN8aoQ4
The Bird and The Tree,ChIJ_xjvLEEFZ0gRVNMr9hnvBoc
The Birds and the Teas,ChIJpWlnY_VJZ0gRugb2S_zZuUY
The Bishopstown Bar & Restaurant,ChIJkYqWHCmOREgRkWUoFqXhD1E
The Bistro,ChIJ2zqZm1rmZ0gRfqQBOlYQ9iM
Blackdog Communications,ChIJufAWPJgOZ0gR9et6eymgXEM
The Black Barrel Gastro Bar,ChIJK1dAYy5jQ0gRrWudbnNsSvM
The Black Cat Cafe Kilkenny,ChIJJYD4n_M7XUgRuQS7iAZBuDg
The Black Door,ChIJPSYXKaAOZ0gR_a4BT1DrIo0
The Black Forge Inn,ChIJowGJNIkMZ0gRO0Jq_qrKWWI
The Black Hat Tattoo Dublin,ChIJmx7rGYIOZ0gRnloX-rB8fY4
The Black Horse Inn,ChIJ5UW3VdINXkgRajQvTRs5k-s
Black Lion Inn,ChIJb-EwWFgMZ0gRv0qcjux1lEU
The Black Market,ChIJQdzCopCbREgRfZ8MGu7glD8
The Black Poppy Tattoo Parlour,ChIJ_5B52DCRREgRZ50iOmm4JTQ
The Blackrock,ChIJIbKyF94JZ0gRyG1UzZkmNBM
Blackrock Market,ChIJzVz2y8AIZ0gR5rxe8qHE81s
The Black Stuff,ChIJFyMIlvsJZ0gRB7yvgNrHWt4
The Black Swan,ChIJnVLOpN9eW0gR27RGYzBN9Kk
The Blackthorn,ChIJc_kHHWOiXUgRavwiTw4NoIQ
The Blackwater Coffee Company,ChIJ-dML7lwPaEgR9D_fNS8CLSs
The Black Wolf-Beer & Food Co,ChIJT9_EEqcSZ0gRdR4I8nJVx_8
The Blazing Heart Foundation,ChIJTZ99PKFsRUgRzPGEVTxfiRQ
The Blind Pig Speakeasy,ChIJGyXef5sOZ0gRaQqNm2XRIwI
THE BLIND STORE (Dock rd Limerick),ChIJY9nyxV1cW0gRKYg2KuxI-pU
The Blind Studio,ChIJ0bGIout_XUgRH7d15dIgYZY
The Blink Bar,ChIJ8YrV4JcOZ0gRLJ_3SeHgIJA
The Blooming Event,ChIJz5d6g8GlQkgR_cME7NmsKkg
The Blossom Tree Preschool,ChIJZWJ1fyj1REgR4X_3H_DmYZE
The Blowdry Boutique,ChIJs6iWhyJlZ0gRCA3kM13oP1g
The Blue Apron Restaurant,ChIJj0itoYWlXUgRFK9cBk9JUqg
The Blue Door - DUBLIN,ChIJaaoW054IZ0gRDSzMF4At2fc
The Blue Goose,ChIJq0pq6AMPZ0gRe88RXpKlTys
Blue Horizon,ChIJPXXvdZhgREgRoCWuOgsIC8Q
The Blue Light,ChIJl0HstZEJZ0gRK0dZxpdTfbA
The Blue Loo,ChIJqSoltiRzRUgRI50GJuVG-gg
The Blue Poodle,ChIJiafL9Kg9RUgRA9oE-EevFtw
The Blue Room Dog Groomer,ChIJRzahPODBXkgRR9pHuDDqdbM
The Blue Rose Florist,ChIJ1xrsf40PZ0gRgoYCJNFcCR0
The Blues Brothers & Blues Racing,ChIJAVJx-VpdWUgRyPvC89AvOw0
The Board Room Bmx & Skate shop,ChIJL-_nPCmvZ0gRLLGRI6k86iI
The Boathouse Gallery,ChIJVdE2z-RhREgRXwryu3A0fT4
The Boathouse Bar/Restaurant,ChIJmXIdsPkEYEgRQtIBWVlBznw
The Boat Inn,ChIJZdWxpMTGW0gR0ZDP78Td_aM
The Boat Yard Gallery,ChIJGWMWziyvZ0gR5YWaME6GkcE
The Boatyard Restaurant,ChIJw4iJZbj7T0gR1FEXKL2lMP4
Bodhran Maker,ChIJJ-TQ_0UFZ0gR1sTiW3hu6vg
BODWELL body therapy & wellness coaching,ChIJeZthiG0ZZ0gRNxa1kYScFxw
The Body Clinic,ChIJU4TbkrXBXkgRmT8yDAGpaFA
Body Alignment Clinic,ChIJJywKtLQxZ0gR8dDZhJ85JXc
thebodycontent,ChIJX5WZX4QRZ0gRUkjtWCY2c0E
The Body Crew,ChIJzUffa5wOZ0gRymVHmGq7q3c
The Body Engineer (Pain & Injury Clinic),chijf-2lrpipz0grh6l40otxv1s
Body Life Clinic Cavan LTD,ChIJwUBqlogNXkgR1qBUR9FJ_M8
The Body Shop,ChIJu7LdXBCQREgRnsAHFe4eA_g
The Body Shop,ChIJbXqkRm8JZ0gRjiUMfKP8tM8
Dublin Kinesiology with Máire O'Neill,ChIJgajfJw4JZ0gRtehpuSs9cWQ
The Bodywise Clinic,ChIJs-r-g5wOZ0gR774vMCRTNIo
The Bohemian Pub,ChIJEX824tUNZ0gRUvkedGofgBs
The Boiler Company,ChIJC2WaKktxZ0gRKXCuU3JwJSg
TheBoilerMan,ChIJK-Nb9kiQW0gR36CAbP-Py0c
The boker barbers,ChIJnW61af0baEgRaRAk6UJaWGY
Bold Travel Designers LTD,ChIJky2wKwoJZ0gRH7PRutPULJA
The Bolt Company,ChIJAX5KlYwSZ0gRGyb1dhT2XjU
THE BOLT STORE LTD,ChIJTQbjGi0XZ0gRPAKTi-kQg6Q
Bonsai Bar,ChIJ1cZ2mnQPZ0gR12hVSqMQkeE
The Boogie Band - Wedding Band Cork,ChIJBbP2cYWbREgRBYZAzrWyEq0
The Book Centre,ChIJsWE8c0MbaEgRpOkSrh3U1Rk
The Bookkeeper,ChIJ-cY85E5tW0gRYPTvaujLDUA
THE BOOKKEEPING PEOPLE,ChIJ-1eAo1Z_Z0gRZGhCPWgDORk
The Bookmark,ChIJ35vTvtOVX0gRpqkNAFRDOU8
Bookmarket,ChIJL62x3uIxQ0gRNt2h2wqph1s
The Book Resort,ChIJpZA6XFvFQkgRB6jcQvIXwag
thebookshop.ie (Limerick),ChIJXagDtj9cW0gR7xUJh7Mjiqw
St. John Bosco Youth Centre,ChIJT58N714MZ0gRighevniz2m0
The boss pizza,ChIJH7OiCUwRZ0gR-zRCSVAGyzo
The Bosun,ChIJ0bfhMn2EREgREanQNyAcsQQ
Botanic House Restaurant,ChIJWwZdiXcOZ0gRkRFIPtC1hVY
Bottle Eater Limited,ChIJT8-9dftXZ0gRuBp4q048aW0
The Bottle Tower Beer & Food,ChIJz--Q1-ELZ0gRh0mPD-pucOM
The Bottom Line,ChIJdU8tOvYHZ0gRTC8Tr56seHo
TheBouncyCastleCompany.ie,ChIJ35oXi7uoX0gRuX4AgQcN-cA
The Boutique (Business has be transferred to The Old Quarter Townhouse),ChIJA9fNJGZcW0gR6Uwh4K2xq-c
The Boutique,ChIJ30TC71UKRUgRzeZgVAjo5bo
The Bowery,ChIJQ8z2Rx0MZ0gRor_NHrA3OpQ
The Box CoWork,ChIJBZZXD1s9RUgRYvUp0nnIPsg
The Box Hub NI OPERATIONS,ChIJu5sn_5MPZ0gR9wCJFNkSrAo
The Box Room,ChIJGWbP8dxfQ0gR3DXIq-3UaO8
The Bradley Theatre School,ChIJR2vN5uIIZ0gRkkZ5CaRAJK0
BraidStop,ChIJY7B9Y4APZ0gRU4Zcmh11BSA
The Brake,ChIJY22fp1fMYEgRynbfrmXv5YA
The Brand Geeks,ChIJAyr0H-hFRUgRAQvPfBq-qUU
The Brand Partners,ChIJxaZzfjYRgWMRmIVRa6FE4IM
The Brass Fox Wicklow,ChIJ7clw6cuwZ0gRQNJA7NpmykM
The Bread Basket,ChIJ65AD7tFpXEgR8OFZryYywfw
Breadski Brothers - Polski sklep,ChIJJUm_bmddWUgR3oSNPUR232Y
The Break Room,ChIJifFXSMARZ0gR99SswuQasKM
The Breathing Room,ChIJ61nrXasJZ0gRAXIJrrKGn8E
The Brehon Hotel & Spa,ChIJcy4RbRc8RUgRKwDBPmRpxZQ
Brennan's Brewery,ChIJUYzYVcXnZ0gR61yBLEubdbs
The Brew Boys Coffee,ChIJHUaHjwtfQ0gRgMNR71qiq-g
The Brewery,ChIJeRlwpKp3XkgRjBjy0SUfLg4
Brewery Bar and Restaurant,ChIJkeI148yUX0gRGy6ZHzXeLPE
The Brewery Business Park,ChIJoSzg_QbMYEgRchtNLzFXixw
Hedigans TheBrian Boru,ChIJa1s6GngOZ0gRmzb45a0lUjo
The Briar Rose Bar & Grill,ChIJZcbaZVSFREgRgVNIE--S-RY
The Brick House,ChIJT_WXzwYiZ0gRoktxgtVr62g
The Brick Oven,ChIJMUYaCP8KRUgRosR6BPYNc10
The Bridal Emporium,ChIJfTCjFdcCW0gReIxe7NO2Zwk
The Bridal Gallery,ChIJ3fuVWmLpZ0gRp_a8DZstNo4
The Bridal Lounge,ChIJI0b3FfHrXUgRIVDBy7X3i9k
KLICKSHOT - Wedding Videographer in Ireland,ChIJLcoDVJk1RUgRYig5SAZvFd4
The Bridge 1859,ChIJQRdy6MYOZ0gRByC7jGWtZSw
The Bridge Bar,ChIJR5OWSzENXEgRDDLwklGO_2Y
The Bridge Restaurant & Guesthouse,ChIJb9wTyjIMXkgRLi6kt4bCvFg
The Bridge Centre,ChIJyRySvXebW0gRUR3R5uu7vuY
The Bridge Church,ChIJWRzoratxZ0gR6RiGmFiK8aM
The Bridge,ChIJs-8fPA6QREgRJFUGrpobdNE
Bridge Dental Surgery,ChIJvYRMdk3mZ0gR8l7fEAJp_a0
The Bridge House,ChIJ_70q1JU9XEgRzpfxA3xexJE
The Bridge Medical Centre,ChIJjcga6e9_XUgR7C6EU9k5mMQ
The Bridge Pottery,ChIJJx8xL-8xXUgRMoow8AJb-FI
The British Food Store,ChIJ2xO20FABaEgRFKnu598rAn8
The Brock inn bar and restaurant,ChIJM4hVa38JZ0gRQZR8ObUI9Lo
Kirbys Brogue Inn,ChIJT-peqnw1RUgRDBI4BjoaWmI
The Broken Chair Cafe,ChIJi9wpXpPDZ0gR_nUxKbRYRJQ
The Brokerage,ChIJf3sP5isPZ0gR-3K89xm0iT4
The Brook,0x48675b4c96ee47d7:0xe96a2da9fe11dd4e
The Brook Inn,ChIJHzIwGaabREgRTI3P7FvVK04
The Brow Artist,ChIJpfUE9K8OZ0gR84gX76oqxDg
The Brow Bar Lounge,ChIJ4ajFrVUNZ0gRdOq6GHVb6PE
W Beauty (Liffey Valley),ChIJfxO8-9ZyZ0gRAL4KXLYEN4o
The Brow Clinic,ChIJ6XS-oo8PZ0gRp6-ShoSMuDM
The Brow Factory,ChIJGWVG8VqFREgRYRu8WacZ5yU
The Brow Movement,ChIJMRqgjpBNWUgRU5P8r8L-Dhc
The Brown Bear,ChIJDYo-JZiBZ0gR_0DcHB6WUH8
The Brown Pig,ChIJu6d_vPULZ0gRZ_RV9Lhk5_Q
The Brow Sage,ChIJJbooLXgRZ0gRyytxxU8BJDY
The Brow Specialists,ChIJK1b1sJdfW0gRYArPgubo64M
The Brow Story,ChIJ1XYd6UgZZ0gRCe3NRQ5FHLw
The Brow Stylist,ChIJH4VOemZcW0gRH-lFtIxhbZg
St Pauls CBS Secondary School,ChIJZfp7ACwMZ0gRKLYh_v1GL-w
The Buachaills,ChIJOYVqemlfQ0gRl9mMGsxO2AY
The Bubble Room | Toy Shop Skerries Co Dublin,ChIJLWT9U6gYZ0gRsBE_TAXVW1g
F.X. Buckley Steakhouse Pembroke Street,ChIJDf-bhJcOZ0gResnyBU1Andc
The Buckley Co-Working,ChIJTQFIzUkPZ0gRAmyUjshfFpM
The Buff Day Spa,ChIJzc9-HpwOZ0gRXLbOuaeiYC4
The Buggy Bar,ChIJmd9tIX0baEgRSpm1yEF_ce8
The Building Block,ChIJMTWUdjPoXkgR57oiviDD7UM
The Building Consultancy,ChIJV4PrP5cOZ0gRH_VO0hPIsaU
The Bula Bus,ChIJMzlDxQo6XUgRqI4zZHdF0Ok
Bull McCabes,ChIJQzqv58CPREgR2uJ6aWFFyB4
The Bulman Bar & Restaurant Kinsale,ChIJyXLRkRtiREgRE2GIOWSDQSk
The Bump Room,0x485b6df006cea565:0xc90d94160f491d91
Cherry Orchard Family Resource Centre The Bungalow,ChIJMWZAis0MZ0gRnLZo35oSrLg
The Bunker Studio,0x48670feb1aa75d5f:0x63873136fd5b4025
The Bunker,ChIJx2hcTHU7Z0gRFqy3XU_niXQ
The Bunnery,ChIJJYVvYZxXZ0gRdQwrBq34PXc
The Burnout Room🔥,ChIJEXK2Qa0TZ0gRlN-1JrrXNYE
The Burren Butcher- Neil Hawes,ChIJAQyzLcKpW0gRtvO8FBXwmZk
The Burren Visitor Centre & Cafe,ChIJM6O5HVYIW0gRjQ2jYCp4Hsk
The Burren Flower Farm,ChIJ9xm17411W0gRZf9u6fLAT4s
Assist Insurances Limited,ChIJqdLVowEdaEgRJHSPbtCxrs0
The Business Centre,ChIJ74ix04LOYEgR2JGOAD6ja1s
The Business Fairy Digital Marketing Agency,ChIJFzJdDIVxXUgRTO9VjOMXV00
The Business Hub,ChIJzTduWvzrX0gRCpUyIvbvogc
thebusinessschool,ChIJ77TYKpEOZ0gRBp7oFgCqxMo
The Business Show HQ,ChIJjZ6NsmUPZ0gRTzMdjuEPLZo
TheBusinessy.News,ChIJyR7bpfwNZ0gRX_R0e_uA_I0
The Busy Botanist,ChIJ19qtfD5RRUgRAzEYTaG2sBQ
The Butcher Grill,ChIJz8z1W50OZ0gReQ-h-QeEGGs
The Butchers Block,ChIJJ7p6huiCXUgRpaIpXNpo2wQ
The Buteco Bar & Restaurant,ChIJzYRFqscPZ0gRI5W2sIbne_M
The Butler's Pantry,ChIJNzVP704NZ0gRegQKWQzrdsM
The Butterbean Restaurant & Accommodation.,ChIJB25W9LYBYEgRORZIDm3MX3k
The Butterfly Clinic,ChIJBefTz3tfZ0gRjoRnD8rM7Cs
The Butter Museum,ChIJmbkaxROQREgRLf0QXRFL0w8
The Buttery,0x485b5d14d0219885:0x8a7225855ff6eefc
T H Electrical Contractors,ChIJtymLtt5nW0gRseDzuVd71KA
The Cabinet Shop,ChIJdzzW-nsIZ0gRuTB_wnF8ZxE
The Cabin Play Therapy,ChIJO5za8io6Z0gRcUbCk3sIaJk
The Caddy Guy,ChIJddHAnl7IWkgR0ifBBCqmTHA
CAD Group,ChIJp6m9qgZ0Z0gRpgzT-2TAkwQ
theCADlab,ChIJ5fhZYE6v0K4Rcj8roCKJfzg
Consumers Association of Ireland,ChIJn7B8nqUOZ0gRhRahzy_7l20
The Cake Academy,ChIJm-QujZbrXkgRxx1igML_z18
The Cake Cafe,ChIJ1YrPOyAMZ0gRCMDPbVBN_Gk
The Cake Creator Ltd,ChIJAateR1DmZ0gRIxx0nPSjYaw
The Cake Cuppery,ChIJlTwspVxyZ0gR58BBtiagWKQ
THE CAKE EMPORIUM,ChIJh9iR6xKJW0gRUAxrLp9KgP0
The Cake Kitchen,ChIJ89-teAhzZ0gRfn4SvOIREus
Cake Lab Bakery,ChIJ9-akP6kOZ0gRqlC2V9KU3Tw
The Cakery,ChIJ51rZXuENXkgRhraXsQ2oFT8
The Cake Stand,ChIJA96mH6x2Z0gRW4IEN2TP6QU
The Cali Kitchen,ChIJr96XxuIHZ0gR73Icj7A9W9U
The Calligraphy Scribe,ChIJl9r8A-SFREgRpRwnqtYXMOM
The Calm Rooms,ChIJP7e5-vcJZ0gRRNerFTaAjp8
Birth With Purpose,ChIJbaD3ZjoPZ0gRSFzwjsCxxhQ
The Camden,ChIJeexrf0sPZ0gRI_0EYU2JmpE
The Campus,0x486709e3686ace13:0xdb6a2beb01db17be
Yankee’s - The Candle Store,chijzxkioj4oz0grkh0bpuibarw
The Candy Box,ChIJd1hInhwNZ0gRom-uOeTK0pw
The Canine Centre,ChIJFfbQ1d8LZ0gRa9QnZGnXfu0
The Canine Clinic,ChIJdfsrFX2RREgRNNza9zGkNa0
The Canopy,ChIJG33X6m3pXkgR0_jEx8SUrQw
The Canvas Works,ChIJKTG18_5hREgRGqrgg20GMZA
Capel Building Management Company,ChIJpd6jLygMZ0gR6nyH8kvPJk0
The Captain's Cafe,ChIJ_xJdEIqRW0gRUtvrh4T14W4
The Captain’s Log (web design and life coaching),ChIJM733dYHLREgRMI_Ee_1Csws
Connolly's Car Centre Ballina - Mayo,ChIJR6knggE4WUgRWoxUU9sc4CI
The Car Crew,ChIJOanMMgoJZ0gRxw4_8JqHnU4
The Card & Party Store(Hanleys),ChIJFTZMzpERZ0gRnmEpxo77nPQ
The Card Company,ChIJwdT7YCNfW0gRDDzuhyT0K6E
The Career Coach,ChIJzbqM3iQPZ0gR-ghaBiBujus
The Carlow Yard,ChIJf1WZGOxdXUgR4jv3z-ofFok
The Carpenter,ChIJg1Q1abVyZ0gRE0qcH7l8Geo
The Carpentry Store,ChIJG-_hKvB7Z0gR_8k_bhtaFFU
The Carpet Fitter,ChIJjWtT2HVyZ0gRSw48rY-SfKY
The Carpet Gallery,ChIJs3BObTOxQkgRSq7PiWVFadM
The Carpet Guy LTD (Paul o Connor flooring),ChIJuwHdLVqFREgR9fFScNo0EIs
The Carpet Man,ChIJnUBI2vqWW0gR94-IJcc_jow
Carranstown Lodge,ChIJ3wMtnNE4Z0gR_U5-cDvXfuM
The Carriage House,ChIJ3amOIJtyZ0gRwnCakUXnrGc
The Carrick Workshop,ChIJi9B_vsSFXkgRt5IXcddEmUY
The Carrot's Tail,ChIJGyWI2GUNZ0gRZTLzXf7CzXs
The Cartridge Expert,ChIJbxo5illyZ0gRmoLiRo5XAPA
The Cartridge Shop,ChIJzbLfjFAOZ0gRNXSGAdivPzg
The Case Cave,ChIJj9HgAxMRZ0gR7JOtJCSfmQs
The Cassidy Academy of Music,ChIJfVEzgKMJZ0gRcEtkEBrSJ7U
The Castle Sports & Gastro Bar Belturbet,ChIJOTRXWXETXkgRgACTAab-JsQ
The Castle Coffee House & Eatery,ChIJ-2ZWO7ZsW0gRmcabrKOPQfE
The Castle Glanmire,ChIJHXyloA6bREgRaCqXNu0qhUw
The Castle Inn,ChIJiXCwyksNZ0gR2N3LDavvc4I
The Castletown Inn,ChIJRzwyhQdxZ0gRFwk49Lk12KM
Catalyst Coffee - Beach,ChIJI1VpEuupZ0gR5HXUlPfQdw8
The Cat and The Moon,ChIJ4z7L8DToXkgRMi_JmEXaPnk
The Cat Club Boarding Cattery,ChIJo26Vh4OIXUgRVL6Lzjmd9SQ
The Tower Cafe,ChIJP-hb-9gNZ0gRHXMUNqB5Vr8
The Catering Company,ChIJ1WfKpPgZQ0gR3k9BKLd8Zk8
The caterpillar clinic,ChIJmRx9B1QZZ0gRE6HKFkZQUoc
The Cat Hospital,ChIJ17vmhwSbREgRk-VSKlo-anc
Hillview Cat Lodge,ChIJtQPBrx2cW0gRMxw1djsaMCc
The Cats Pyjamas Cattery,ChIJT___8sywZ0gRjfuzEKK-gcQ
The Cats Whiskers,ChIJN5hZwUwBXEgRYRCQj_qXO90
The Cauldron,ChIJx6SKVT4PZ0gRA7JyifzSVcY
The cbd store,ChIJpYI2tjaXW0gRUVXajXDNqqU
The Convention Centre Dublin,ChIJr2UxuPIOZ0gRWOOhGDyi-iU
The Cé Hideout,ChIJhyTdT4dVRUgRyX5YUynz0Ao
The Celbridge Barber Shop,ChIJgepi_S9xZ0gR8yYT6tZpvis
Sue Anne The Celebrant By Your Side,ChIJ3ZKS0EvNXEgRX40PMTKK6Fo
The Cellar,ChIJu6fWlOWWW0gRc9udmmcCK_0
The Celt,ChIJZwg6WI8OZ0gRuDskFjw5m84
The Celtic Card Team,ChIJN5c52KMMZ0gRrZizNHee-so
The Celtic Cure,ChIJU2tJZwDnZ0gRlaIDeggWVE8
Thecelticfactor,ChIJN-FjlZoRZ0gRYj-Vesdn33w
The Celtic School of Yoga,ChIJvf46LcCZW0gRoN3RCJg8nk0
The Central Navan,ChIJrUK4iUxbZ0gRm3dr6hNmxeA
The Central Bar,ChIJb5njucyUX0gRoMhAlyjyWqo
The Central - Mrs. O's,0x486722e885b68d1f:0xc518dce81f2fee
thecentreofus.com,ChIJT-MQbHYHZ0gRS-PvP74KtAE
The Chalet,ChIJD2Ji7h5bXUgRFRuG2K9D9Qk
The Chalk Venue,ChIJ48Xz-e8QZ0gRe226__GzoHo
The Chambers Bar Mullingar,ChIJy-KdHh3AXUgRQ0VrZCwXf1w
The Chancery Grill,ChIJFWVORycMZ0gRZav0eQQEAEc
THE CHANCERY HOTEL,ChIJ68cSQmcNZ0gRi2b-TsWlevs
THE CHANDELIER CENTRE,ChIJ6eLq63fDQkgRd9-NTOUpyXw
The Change Agency,ChIJI9KAjBwvXEgRNHXX8kmPKYM
The Changing Room Psychotherapy and Counselling,ChIJFS2_geUPZ0gRZomZFvQuO58
M's Sprout Business,ChIJ6VnHkEwPZ0gRP764tw6nDRI
Charlotte,ChIJd6dOoIEIZ0gRHMvXo2w_m-A
The Chart House,ChIJTeNQycf7T0gRcsBRZ_W1Eo0
The Chasin’ Bull,ChIJmzCqtXL9XkgR0XD2IX__3Yg
The Cheeky Piglet,ChIJ5dUkW4cNZ0gR-XqunrP9aj4
The Cheese Chalet,ChIJW-3YyMSXW0gRFmfbYatEt54
The Chefs Creation Food Co,ChIJTbVJ1bF0Z0gRFof1TfFLfnw
The Chelsea Drugstore,ChIJT66iq50OZ0gRlL_jBCK3ljo
The Chestnut bar,ChIJ2f0Aioj3XEgRusaFX0Grdi8
The Chic Cake Boutique,ChIJxwjCbWxUQ0gRnQClDgosh0s
The Chicken Guys & Papa John's,ChIJP9oJYd55Z0gRCYjTe98YjBY
Chic Tote,ChIJu_-zIBoneQQRRyy0X2MHsdI
The Children's Clinic,ChIJtfUiIrAOZ0gRa20n1RjnCtg
Frank Kelleher Cranial Osteopath,ChIJhY4Z2vKPREgRsH1ezBFqRZY
The Childrens House,ChIJG_n8XjsMXkgRecEOLo1JsgI
The Childrens House Montessori,ChIJl-Oix8pEZ0gRkaqdLDTPqPs
The Children's OT,chijh-34uyipz0grmkmkkua8lzm
The Children's Physio Ireland,ChIJcU8ZigJlZ0gRWjp4nuwvud4
The Childrens Place Nursery & Montessori,ChIJT2WHIoEOZ0gRGgwdiyZuwlg
The Chili Shack Galway,ChIJAVOEVOWWW0gRxh7iPK_9KlY
The Chimes,ChIJnSBxBzPoXkgR2LkPD9-bKwM
The ChipHouse Rathkeale,ChIJlarvtYg3W0gRfE8NdX7eERw
The Chipper @Mace/Inver Freshford,ChIJs2W6z_kjXUgR6INjb4N9R2I
The Chip Van - Corporate,0x4867b0b5a2a98d35:0x5349b6cf46e25efd
The Chiropody Clinic,ChIJXeNhPEWFREgRguS8qqlLinE
The Chiropody Surgery,ChIJWQm8bRCQREgRwgys5Xoe_zg
The Chiropractic Clinic,ChIJk7bhUQ0ZZ0gRHNfbMTcQYz0
Wicklow Chiropractor Vincent Pippet,ChIJrVjkpcmwZ0gRoYSyxP_cVL0
The Choice Alliance Group,ChIJk2XOJP4bZ0gRVN_5McKH44Y
The Chophouse Sandymount,ChIJmT_S_eQPZ0gRuPvG_eJ8hGw
Chop Shop Barbers,ChIJpc7mPIIdXEgRKFRuI-_QDfc
The Christian Community,0x485b6370538e5605:0x96d1bbc4194fa5fd
The Christmas Tree Barn Sandyford,ChIJQ8Cj5AgJZ0gReKyvkqFjNF8
The Chrysanthemum,ChIJx5M68pkLZ0gRbKFTVz3txDk
The Church Café Bar,ChIJtTOXRIIOZ0gRiLAbrd61jVs
Church Restaurant,ChIJf23kdcClRUgR_CdPxpMid10
The Church Restaurant,0x485f95d55884f8e5:0x468a05473d0864dd
Buncrana Cinema,ChIJ9dxInKH7X0gRYrlSF4fXJug
The Circular & The Other Hand Bar,ChIJlyqvwEQNZ0gRTMkF-CjCM8c
The City Seamstress,ChIJGbeGAiQMZ0gRSluIrm8eR0I
Claddagh Jewellers,ChIJ6xDS_jEMZ0gRSbemEvbW5SI
Clare Jam Shop,ChIJ5TgP_sMAW0gRQFl-_NppLcA
The Clarence Hotel,ChIJo8oetYIOZ0gRwYWzeaWxMxI
The Clare Podiatry Centre,ChIJpVeyuRATW0gRkONAHjfYRjc
THE CLASSIC BARBERS,ChIJoT3NWG8NXUgRAXClH1lP1jw
The Cleaboy Restaurant,ChIJrX2ubn_FQkgRVikYJqB1B7s
The Clean Beauty Edit,ChIJ90ft73kPZ0gRZyZQkwoTqOU
The Cleaning Crew Dublin,ChIJl_kkxy4TZ0gRdSt_2p0VN6c
TheCleaningTeam.ie,ChIJ2zSft_gRZ0gRnLf4naiI8ws
The Clermont,ChIJNSMwxnDNYEgRbMx8OcAj1Og
TheClinic.ie,ChIJK_tthCsGZ0gRPlnReFbx6Nw
The Clinic - Ger Keane and Julia Buest,ChIJV4YIaWE9RUgRilX5JpNIPJU
The Clinic Beauty Salon,ChIJyeRiVJ4wXUgRmo9WSRVz61w
The Clinic Recording Studios,ChIJaSXcWP4PZ0gRLbKtTysEWCo
The Clinic Sandymount Green,ChIJdX8Mtt4OZ0gRM6_qwjkbJoo
The Clink Boutique Hotel.,ChIJZRkbtqxCXUgRwdrnZ8b6_yA
The Clock Shop,ChIJFa33sCiQREgRIhO0VlrQv7M
The Clock Tavern,ChIJFYKJLaFkWUgRmThSDBOCXkQ
The Copper Pot Restaurant & Bar,ChIJJzk93edWREgR_zVsKnSWr5k
The closet,ChIJ5_mFyIwVZ0gRgwk0rLueqxA
The clothing agency,ChIJWX2q4jkLZ0gRhwD0M8FySR0
The Clothing Clinic,ChIJ2VzVRxSpZ0gRQCF27wgqoKE
The Clovelly,ChIJN2A8izwbaEgRPcxtPx9EYy4
SWICN Clubhouse,ChIJ_8TD9zoMZ0gRTN1q3phw7A8
The Clubhouse,chijx41xwrslrugrhstohkoa0ue
The Coach House Pub,ChIJ_cyxNHwJZ0gRyl5-Q00sciA
The Coach House After School & Development Centre,ChIJjdJfXIQSZ0gRtZaA_AtSV1Y
The Coach House,ChIJW-yHW0-jZ0gRwEBP0rVva74
Coachmans Townhouse Hotel,ChIJr_t6EKxsRUgRn4RFneaXDNo
The Coal Bunker Bar,ChIJTbRd7LsbaEgR9Ay8FEbzBro
The Coast Skerries Inn,ChIJMaWHlnMZZ0gR78Zyju3XNhc
The Cobbler Leather Shop,ChIJwTb44w-QREgRx7DhMKOtwv8
The Cobbler Leather Shop,ChIJ52K98UWFREgRK8fXObDj7hg
The CodeGene,ChIJG4nH22uRREgRxH3eO8V4pWM
The Code Republic,ChIJb8M2fF4PZ0gRePDp-tmQw74
The Coder Spot,ChIJ64lqICkPZ0gRgFEkFCOENaE
Collins Coffee Camp Wedding Coffee Van,ChIJIx-SaJJFWUgRoZ6VK3IuJzQ
Get Grounded Coffee Cart,ChIJM8SHDGjDXkgROLH950cZAEw
The Coffee Company,ChIJLQuoIyXxW0gRh54fHl3IYkU
The Coffee Cup,ChIJA9QFa6L7X0gRNgVZXnJov1c
The Coffee Cup Ashbourne,ChIJT59R1sEVZ0gRv38zk8YKPJg
The Coffee Kid,ChIJz7YfnKsHZ0gR1K4ZsP_XRUE
The Coffee Lady,ChIJCchVn2ZdXUgRj8f9kUQogsE
The Coffee Shop,ChIJVciE_cqwZ0gRa9P37VBLhes
The Coldcut Club,ChIJuXKAgSlzZ0gRQT8WELZHY4k
The Coliemore,ChIJve7He88HZ0gRNmjYnJ0w8Ng
The Collective By Lloyds,ChIJR7ZXm5vGQkgR2cIeTqAeHu0
The Collective Dublin,ChIJ3aw1UZwOZ0gRmFCERZPXihY
The Collective Waterford,ChIJc38SMETHQkgR5WunSHJlt1g
The Atrium Lounge,ChIJi9grzYQOZ0gRq-t6WMMaQTA
The Colombian Way,ChIJ0WnSme4PZ0gRuk5z_e6UkQU
Book Achill's Number 1 Walking Tour Attraction - The Colony Tour,ChIJJ88uLc2ZWUgRjobRukChpXo
The Color Bright,ChIJ71vC1GEPZ0gRtPseG9GPno4
The Colour Bar,ChIJ1cwmPYAHZ0gR9oKj6IXYNpY
The Colour Club,ChIJm1eujz3BZ0gR8Q_jq0PEULg
Templeogue Decor,ChIJDUVUPZsLZ0gRNeyMxpk-CQA
The Colourist Cork,ChIJHR8yHyRblWIREVGJ5E-9W8A
The Colour Yard,ChIJJb1Pp4-lXUgRT7GoJ-kxAyg
City Limits - The Cork Comedy Club - Est 1993,ChIJDUD2EQ6QREgRKL2H6WQ9xtc
The Comedy Crunch,ChIJv7Z-6JwOZ0gRthxUgiFbm2A
The Beckett Building,ChIJe4R4O18OZ0gRhZ5izA3NcbI
Carry Out Santry Off -licence,ChIJU_vz2zwOZ0gRXC7Q72VbEtc
The Comet Woodstone Pizza,ChIJlVXEY8oPZ0gREk1NW7S5wKs
Record Room,ChIJ_8vQP2RcW0gRuGpFiv4e-xw
The Communication Coach - Speech and Language Therapy Clinic,ChIJzXymgo2pX0gRmLbWD8Us3Bc
The Company Hair Salon,ChIJZX_GGcsNXUgRy5ZgfqpPDIY
The Company Of Books,ChIJmUR-faUOZ0gRkxUggHDHDfs
The Company Shop,ChIJD_ZOJ50OZ0gRY5mYYzHx1UU
The Depot at The Complex,ChIJs9Z54MkNZ0gRzzXboQ4tC0Y
The Compliance Team,ChIJVyb4yVJpXEgRK09gRyBccZ8
The Computer Lab,ChIJudCktHt1XUgR17A4EhfoCO0
The Conamara Clinic,ChIJzyB7oVm9W0gR0cZ0QWPisaY
The Concept Partnership,ChIJZ8xwak0NZ0gRo6OpBS9ihKI
The Condie,ChIJq1Dc_9WlX0gREN3huwSPr-8
The Confidence Clinic,ChIJTc5NVXsPZ0gRmEVKPpssLv4
The Connacht Hotel,ChIJ1926mM2WW0gRRKjtHnOcUuU
The Connection Therapy,ChIJPXhjS5MPZ0gRwrpjjfeuZPI
Diamonds Equine Renvyle - The Connemara Pony National Stud,ChIJGYUwshEmWkgRyr9ZkRno7o4
https://theconsciouscailleach.com/,ChIJ_UQjzzYPZ0gRNHDV58ivo_w
The Constant Knitter - now closed for good. Online only till stock runs out.,ChIJXSIwqCYMZ0gR9A45XSPuXpc
The Consulting Clinic. Dublin 2.,ChIJMUzpxqIOZ0gRODSVGiRi3Kw
The Content Lab,ChIJwzj_AI7FQkgR3_QPA2LBbnk
The Cookie Co-op,ChIJBTc6U8cxXUgRs4Mj9dYftuM
The Cool Food SChool,ChIJA5fByMuvZ0gR8qpq_PQpGe8
The Coop,ChIJhQAcw-gOZ0gRcdr_PBR80Bk
The Coop AfterSchool,ChIJhcusgDEIZ0gRnJKJ0kiTyqw
Hubtec | IT Sales and Service,ChIJBU6IPlBxX0gRBh3w3ZBxZ_c
Denise O'Flanagan Psychotherapy,ChIJEbhwYdw5Z0gR5Ev2-621fyA
Copperhen Restaurant,chij1_tieeddqkgr4eeyqnct3sk
The Copper House,ChIJtxRbIiAMZ0gRTNfmGMJ1QYA
The Copper Room,ChIJic81BWRcW0gR8AMaDymK_i4
The Copper Still Bar Restaurant & Accommodation,ChIJiws662SAXkgRiqv-Qnolj8U
Michael Muldowney - The C.O.R.E. (The Centre For Orthopaedic Rehabilitation & Exercise),ChIJy0MBxbu2QkgRlO3F8gyiDFM
The Coreworks,ChIJ5em0uFRlWUgRAxSxwR1K6HI
The Crann Accessible playground,ChIJr2YrNLSTREgRE4CpkWT7e7s
The Cork Clinic,ChIJPS4kjS-QREgRRVnkhC-GKhI
Cork Energy Consultancy,ChIJ6SvpxQCQREgRkTcXNdNbjD0
The Cork Plumber,ChIJx3Vb1gs8RUgRRsmnpgdJybg
The Corkscrew Wine Merchants,ChIJcUbZEJwOZ0gRL9d-eDr5JRw
The Corner Bar,ChIJg-BZfcClRUgRh_7CqW6k3rw
The Corner House,ChIJ5dAXEA6QREgRCWg0D-EiJCs
The Corner Note,ChIJoao2LrMHZ0gRgEHdyyIV6xs
The Cornerstone,ChIJDVl_3GcJZ0gR0ER19kc8EwQ
The Corn Store Northside,ChIJ2UnJ5BASZ0gRd2O5D3itPMM
OB Health,ChIJK6X3_sBeW0gRlZGaCY6vmXc
Cosmic Sweets,ChIJr5-v98ZdW0gRksPQ_OEphiw
COSMOS by John Hussey,ChIJncUyJQ1JXEgRrI9IvNa1yFI
The Costume Shop,ChIJB6ntD3gOXUgRzz8UDqfwIOA
The Cosy Bar,ChIJe9jNXZMdXEgR0CqfwIr3AxQ
The Cosy Bean,ChIJsXEl6pQLZ0gRxhLlw8T05L8
The Cosy Bee Company,ChIJJyDMe4o9Z0gRUUw09Lax3gs
The Cosy Cattery,ChIJRRzSeTRrZ0gRoxhl_Cvl_hQ
The Cosy Cottage,ChIJPdlZ02cbYEgRC0Mh358QhVw
The Cosy Loft,ChIJ3Yc5gS7DW0gRjVV4pHfmjnU
The Cottage Clinic,ChIJ61gkdbYRZ0gRZomnkOata0A
The Cottage,ChIJZTkSs8KnZ0gRFmXLvT6YAqs
The Cottage Garden Kinsale,ChIJc2vA8XyLREgRp2O9fQeFWxY
The Cottage Montessori School,ChIJVU_TYbwFZ0gRmd1EHhHMVw8
The Cottage Store,ChIJmxgzLW2KXEgRiRNcvj2ob-k
The Cottage,ChIJj0yzuu8QZ0gRVqJdiKtl6p0
The Cottage fast food takeaway,ChIJ7Tr0zbSEREgRGBz-w4dxahU
The Counselling Centre,ChIJHa3SoxQLZ0gRruCZKj0ZKug
The Counselling Hub,ChIJE1555VoJZ0gR_IV7XyEq2oI
The Counselling Lodge,ChIJDSSXkv1_XUgREOxyPdip62k
The Counter,ChIJ4zVJZZsOZ0gRhF05_3Ocw0w
The Counter Deli,ChIJewZZgzLrX0gR9nkxzP3KhL8
The Country Dogs Lodge,ChIJwyDOIo1rZ0gRUvmmLamskEE
The Country Gardens,ChIJ3T0F5E8YZ0gRG87X7Ac8IFE
The Country Store,ChIJ89LGwosXQ0gRiWS6-n4BUc8
The County Fare,ChIJiyVk6kcLZ0gRqs9uIrJHg_g
The Courthouse Gallery & Studios,ChIJDT8_ddgFW0gRer9X9XJ_8Pw
The Courthouse Restaurant,ChIJ68xZLMP8XkgR5WLAvKLkFq0
The Courtyard Kells,ChIJhZ_7QUxbZ0gRlrtdZVJvUFg
The Courtyard Carlingford,ChIJl3Yvlc_VYEgRopVLMNwE840
The Courtyard Bar & Restaurant,ChIJG2VV7Wf8Z0gRo5N80oywhDU
The Courtyard,ChIJv8_lsM5ZZ0gRXyA7mozicx8
Kilshannig Court Yard - kilshannig stud,db41560422ee5e86e410627f820ec191
The Courtyard On Sober Lane,ChIJ277hPxqQREgR86zusfVQEuk
The Courtyard Yoga Retreat,0x4867f1a6a72b0583:0x85525fb9be55bb4
The Coven - Pole and Fitness Studio,chij-6v46-6ww0grosl3o0gwzim
The CowHouse cafe & bistro,ChIJi0yT4BLnZ0gRbY-lnW4fN_E
The Cpl Institute,ChIJr8Gj_JV4Z0gRCE2g1JtjAqo
The Craft and Sewing Basket,ChIJ0-DMZzDoXkgR7aOxKP2Z4o0
The Craft Butcher,ChIJheZlDVa-Z0gRMODZ4YFZa5k
The Craft Cabin,ChIJHRSw77prXkgRWHOzndeEzHA
The Craft Collection,ChIJRyh9v4IcaEgR08GpWbgPolk
The Craft Merchants,ChIJ0aIcf_fnX0gRr_zRODxbMXQ
The Craft Nest,ChIJMc0DoKYFZ0gRQ2TTTSfEw6A
The Crafty Buachaill,ChIJhSw2I7SBREgRI2zFTRITYvQ
The Crafty Fox,ChIJQbZ33iY6Z0gRWrhV03AiSz0
The Crafty Fox,ChIJFy3Vy6cPZ0gRUiIPa5yNOxs
The Crafty Mare,ChIJe3sEhNdBZ0gRXj8lhn3VGvk
The Crafty Rock,ChIJf_SACFfMYEgR8TMKIGEg44U
The Crane Bar,ChIJ2XtCb_mWW0gRa4jyiwMdA_U
The Crane Clinic - Acupuncture in Galway,ChIJv_zVPfmWW0gRu2Pci1PIwyI
The Crate,ChIJzaEAIAEMZ0gRW_8HB7Us0eY
The Crate Escape Dog Trainer,ChIJZ7ix9ewRZ0gR_GZNroazevo
The CratTee Golf Society,ChIJH18oB6ORREgRPpKjeZee2gI
The Creamery Cafe,5feece2f96287c1384659367dbb29875
The Creative Crew,ChIJ9_j9MEsGZ0gRbctFqi8GpDo
The Creative District,ChIJLd5h6VMNZ0gRATS2_EhbFHg
The Creative Edge,ChIJ6cwGzXw5RUgRMXbZeAME86I
The Creative Works,ChIJWWBJpN9yZ0gRgs7nZWpXgnw
The Creativity Cabin,ChIJ882kVmOHT0gRojpx0rdXcfM
The Creator Van,ChIJu-O0T2rPXkgRnl2nKcA34yc
Creed,ChIJ59iR0roOZ0gRLob4ep2_SgA
The Creel Restaurant,ChIJxxij2FJ7WUgRo3YHsw9NU4c
The Crescent B&B,ChIJU1-4AZCOT0gR3CPtmrRFMWc
SS Crete Boom,ChIJCfV48gk3WUgRHGdaXzNK_bg
The Crolly Distillery,ChIJ6VuAhoR3X0gR1ci-ABMMNDo
The Cross Guns Gastropub,ChIJoWB7V-lRZ0gRxuCE309ZIEE
The Crossings,ChIJC145CyRzZ0gR6kjyiuMjd3o
Cong Community Centre,ChIJIzClrNfCW0gRM7k2eCHT8D4
The Crown Centre,chij2ekxx0olz0grvdph4wyvbxk
TheCru,ChIJbbYHBk5tZ0gRqF5tPZFEtUQ
thecruisecentre.ie,ChIJJ2frdBCQREgRN8cKYvsHEk8
The Crypt,ChIJWQ30oqAOZ0gRtJoSNCYmQXA
The Crystal Cave,ChIJO40kBdgbZ0gR3WQYtG4xAHU
Simply Soup,ChIJK91m4PJ4Z0gRrHKrOwfGdU4
The Bakery by The Cupcake Bloke,ChIJI_YHb1QNZ0gRuiiXr2EhrCY
The Curious Mister,ChIJt4W8U3QPZ0gRpzVI9YY7FtA
The Curl Artist,ChIJR2dU15wOZ0gRQscgV17i8dg
TheCurlyLook At Fractal,ChIJm5ifFHgOZ0gRSgwCJ8HGs5E
The Curly Stu,ChIJtVRl3wWTREgRkCBFTrIxzXg
The Curragh Montessori School,ChIJqcWCSS5-XUgR4BRhHg7wN0E
The Currency News,ChIJBSX5FrIPZ0gRVU_h9h1rFGE
The Curry Garden,ChIJgVRQXiQGZ0gRsvbbiKIA3nw
The Curtain Centre,ChIJ1Q2TRqk8XEgRzHu6yLOHebQ
The Curtain Cottage,ChIJ60jYCABbZ0gRbVCA8uccIwQ
The Customer,ChIJibsi5PsIZ0gRvtF2AyYjMnc
The Cut Above,ChIJ8yKsHrVEZ0gRpTZb6MEYFLc
The Cut Price Jewellers,ChIJE-TB-iQMZ0gRKN819Bd6TNo
The Cutting Crew,ChIJGeU3JCaOREgRWEJXSOWFjhA
The Cutting Edge,ChIJj45YvN3LXEgREZ-Dsk8lYmo
The Cutting Room,ChIJ39-ji0VzZ0gR5VKsF09FkFM
The Cutting Vedge,ChIJBZbvppMxXUgRanL7fR5x5PM
The CX Academy,ChIJoSsq0gENZ0gRk6qn0RMdAQE
The CX Company,ChIJk4bgIkUPZ0gRCcP8yIpsXvY
The Cyclist Rest Bar,ChIJY3FoyMXkX0gRhFlZsu-aJu8
The Cycologist Bike Shop,ChIJ97-WxwAxQ0gR5IHaV09npvc
The Liquor Lounge,ChIJf1AqCH6XW0gRjEg0YnkvuGc
Daily Bread Cafe,ChIJgXzEy5s9Z0gRK2lJl8FD3d4
Dairy Executives Association,ChIJiWkLnpkOZ0gRybq_FyIwMVw
The Dales B&B,ChIJ-WD0QmvpZ0gRgwWlyWRQ03k
The Dales,ChIJmxuj8NkPZ0gRaLH9W4oWPO8
The Dalkey Duck,ChIJDTlnSUsGZ0gREITlZApLVjM
The Dalkey Food Company,ChIJdfJquUwGZ0gRSahu-gIsYDE
The Dance Awards Ireland,ChIJDUYL1GbNYEgRC3P78zzk_sU
The Dance Shop of Ireland,ChIJ6RB5U_MFaEgRzMAMREXJEEs
The Dancing Soul,ChIJMx-U2IVIXEgRPV6cd15RTEI
The Danes Bakery and Wedding Gallery,ChIJJaizVm9cW0gRl1FYHDuWTuY
The Dapper Yapper,ChIJu1tpesUxW0gRX8YKuohFWog
Dartry Health Club,ChIJpX07jqoOZ0gRhT-T7hNnfEY
data brewers,ChIJ______AOZ0gRbrLyxYyYIfI
The Dawson Hostel,ChIJ1ZI74ZsOZ0gRpGMvODebCn0
Boyce Van Sales,ChIJhapRe43rX0gRbsFNVzztzDE
The Dean Dublin,ChIJ4YMrkJ8OZ0gRAng0ckDWGIU
The Deanery School,ChIJv_rM5dzLXEgRNhXxRcCglCA
The Declutter Stylist,ChIJPxrceeoRZ0gRvjwF-OrYFl8
The Deerstone Eco Hideaway,ChIJx_mmkh29Z0gRz0RBr0hdG5U
The Delicate Spoon,ChIJQb4daNB_XUgRL4mHD6xBwNY
The Delta Group,ChIJP5QYZowSZ0gRhkFJJCxwRMI
Dr. Terry Farrelly,chij7smtj9hkxegr8ref0g-neca
The Dental Studio,ChIJudNVWMqoZ0gRIEo-ml5zwRA
The Dent Man,ChIJH8Dmu92eYEgRnlvRtjUnAA8
The Denture Clinic loughrea,ChIJsxIW5Rx5XEgRFiUAgPtmNVQ
The Depot barber shop,ChIJPch_LqA5Z0gREar50s8swa8
The Derreen,ChIJlXjT4xFfXUgR8KdgFaRRpuU
The Design Department,ChIJK3LKuJAPZ0gR4krZB7YN4MU
TheDesignForums,ChIJ3aqcnkQbaEgRbO2iCcXM_qI
The Design Gallery,ChIJV5PeVSE6Z0gR62zEq6q6tGQ
The Design House,ChIJAYcL6JsOZ0gR65bYcpk0YQg
The Design Lab,ChIJ9RmClgxpZ0gR7tXLqwN0qbQ
The Design Nut,ChIJJYKP1se3QkgRZw3VBcE39Gc
thedesignpool,ChIJl5GiGYUIZ0gRQPnSmNDZz50
The Design Station,ChIJu8Ij6H8PZ0gRa6xmlJ8JsWE
The Design Tower,ChIJCeyeRTsPZ0gRNeapZdXJ08M
The Design Yard,ChIJuRE765MOZ0gRxBzjtpTUgio
The Devils Menu,ChIJwzzssI9MXUgRPgZJ8725c-g
The Devlin,ChIJkUKIXawPZ0gRlYo5pUCbSEc
The D Hotel,ChIJzcGePyQ6Z0gRtgjRoFggJwE
The Diabetes Dept.,ChIJX2KWtFwJZ0gRekBNoaY1uDQ
The Diamond Hair Studio,ChIJh5RuKoklWkgRn3O7jIngXOo
The Diamond Studio,ChIJPziJ6SJyZ0gReRlT4hh1kTQ
The Di Art,ChIJ5e8RMms7Z0gRyqe0rZ3gamY
The Digestive Health Clinic. Dietitian & Nutritionist Cork City & Online - Aoife McDonald RD,ChIJjaldKYGFREgRLT8CZT4tjX4
The Digistore,ChIJ-V-CTrMPXUgRNYRcf9Kcfyw
The Digital Bakery,ChIJM1orHxLMYEgRKBgO9hVT78g
The_Digital_Box,ChIJ07GegtyTREgRctmvAB-YmIc
The Digital Department Web Design & Digital Marketing,ChIJycnnBA-SREgR_lY37PiNtmQ
Digital Court at The Digital Hub,ChIJi2rt0ToMZ0gRTaSx3EaJXZM
The Digital Projects,ChIJU2X4rmUJZ0gRi98qC36_ByM
The Digital Ripple,ChIJp2Dyp8Y5h6IRyHCuWN-5zKo
The Digital Space Company,ChIJf1k_NO4LZ0gRKKsPavC3ZDQ
Anita | The Digital Talk,ChIJa_5wDa7imiERoNwLnnc3ob0
The Dingle Pub,ChIJQSNjJ8T7T0gR417eb4EaU2w
TheDiningRoom,ChIJa5WHHYh0Z0gRYlnlmyietzA
The DinnyCro Show,ChIJ40p9w2eXW0gR0A0Jxobu0dU
The Discovery Partnership,ChIJD5RIMZ1sW0gRrJviOvwcIEY
The Dispensary Coworking Space,ChIJFTlcqgNzZ0gRHfUx60oecFA
The Distillers Building,ChIJ8ROL3J8NZ0gRI8e0-swgdrE
The Diverse Minds Academy,ChIJJcjEfBoNZ0gRCxY2VotzGNE
The Divine Foodie,ChIJdap3GqKvZ0gRCpAJMsO-Gmk
The DL Bar and Restaurant,ChIJo-mlnYoPZ0gRjB7RifehSNc
The Dublin Liberties Distillery,ChIJuRsKpSMMZ0gRza0_qOTgHyk
The DMC Clinic,ChIJDzFHOkUbaEgRH-V5xb3-0vk
The Dock,ChIJpzsT7qqFXkgRfnh75fVeWLc
The Dock Boutique Hotel,ChIJC8jWxh8XaEgRi1QKIXsth4c
The Dockhouse Kinsale,ChIJ84AzB7VhREgRyXo9LqX7oyo
The Dog Centre / Snout&About Kilkenny and Southeast,ChIJA7olJmU3XUgRsKhNKKptcJw
The Dog Company,ChIJlUTQhPmVW0gRU4os1qGsLLg
The Dog Den,ChIJH5bwEJUPZ0gRu35a7B2v3M8
The Dog Dunit,ChIJrR4T7qZeW0gRQY63HKZHDek
The Dog House - Dog Walking,ChIJuRwm3mcJZ0gR-3pKdYAqocA
The Dog House Grooming Studio,ChIJVd2mWgBLRUgR0a_2dxyciYw
The Dog House Blue's Tea Room Restaurant,ChIJpzXwCr4EZ0gRJJU8Ky13Fek
The Dog House,ChIJDwjNSya5X0gRHYItwUobltU
The Dog Lady,ChIJsyEWdvMXQ0gRFxtk86wooyk
The Dog Lounge Lusk,chijg9u5lcwxz0grm9ivbkldijs
The DogMother,ChIJC_ChcYAJZ0gRNm2DyZoakbM
The Dog Ranch Hotel & Training,ChIJqcVUcvMOXkgRlHWyBrDinbM
The Dog Salon,ChIJmZAHMtOnZ0gREf11lIABEPY
The Dog Shed Carlow,ChIJkWQU235FXUgR_O61Efqmzvo
The Dog Shop Online Store,ChIJPYBjPNIXZ0gRC7F1SaRc2yk
The Dog Squad,ChIJlT8U427nZ0gReGuzUj2BhKQ
The Dog Treanor,ChIJ0_e9f5MIZ0gRnK6tc0PS4_Y
The Dojo Tramore,ChIJlSFIhmbCQkgR9vLGmdF3AvE
the dolly tub,ChIJuV-3YRKBW0gRNBTC-bj9KWg
Dolphin Hotel,0x48593f3e177dfddb:0x2251517dcb39c012
The Donegal Shop,ChIJNc1OpJ4OZ0gRHQxQaLLFZUc
The Donegal Shop & Irish craft Shop,ChIJa_WXVkupX0gR42-nKvgdMJ8
The Doner Station,ChIJYc-nZwAjZ0gR8IWkCLPZgVo
The Donkey Sanctuary Ireland,ChIJw-1QuSG2REgRXSeIpAQx8KU
The Donnybrook Diaries,ChIJ4S9w7jEJZ0gRgmnJf71hccA
The Door and Floor Company,ChIJt4VWcq1bZ0gRbd0yw4tWRBY
Thedoorandfloorfitter,ChIJP_5_aDe9Z0gRFs9dWIh9j8M
The Door Centre,ChIJiQ-SLmiXW0gRW1fadtMaGjI
The Door Handle Store(Online Store Only),ChIJ2fGaqExdXUgRWEn26-LWANY
The Doorway Gallery,ChIJgxXXUZoOZ0gRXt5nZ3C3iEM
The Doorway Project,ChIJUey6M7WUX0gR8cjnbk_4Px0
The Dot Theatre,ChIJV5SZmaIOZ0gRU06HyXG-7tA
The Dough Box,ChIJF65X-lKpZ0gRZC2e5T2egDQ
The Dough Bros,ChIJO6jAOeWWW0gRXiZUF_PXkhU
The Douglas Hyde Gallery,ChIJsZmMAJsOZ0gRx_XbvGdqKPw
Douglas Post Community Magazine,ChIJad42QBCQREgR1qdD5eu0opw
The Downs GAA Club,ChIJ1VK3RLeUXUgR1v7h-vs36mo
The DPF Centre,ChIJWzE8WQF0Z0gR7XtcxKD7aNA
The Dpf Clinic,ChIJHeEMAXlqW0gRk4IDWgOMeCI
Drain Doctor,ChIJl8-v5SMJZ0gRhfvsHLFHx4w
The Drama House Ireland,ChIJ882ero0bZ0gR7RvfGVIK9_A
The Drapery Haus,ChIJkT3duQ1tQ0gRoA8TZxxavfg
The Dread Lab,chijgy7w5riqregrfouko-lmcq0
Cleaning services Dublin - The Dream Clean,ChIJT9-lf2oNZ0gRCOFYVy1KpL4
The Dreams Loft,ChIJFfZB-5aDW0gR6sWp-snseXw
The Dressing Room,ChIJbUbG703mZ0gRjDlmuRaoucs
The Drift Inn,ChIJE_Eibgz7X0gR2lLqaQCsOSg
The Driftwood,ChIJA3EIw9TcXkgRhJ950dldnUE
The Drinks Company,ChIJqw_JCSqRW0gRZCHYePspOhA
The Driveway Man,ChIJvRn7-oVXQ0gR_ow87exJUF8
The Driving Academy,ChIJW-mS1hvPYEgRt0K-fj8pPnE
The Driving School,ChIJj7TKOQd5Z0gRV9UYpXX0Sns
The Drone Guys,ChIJGQmNshLNYEgRMTGFtTnaMpQ
The Drum Experience,ChIJef5crVsRXEgRaQOBpg1izf8
The Drunken Cookie,ChIJ3QdUUDENZ0gR8_regMnrZAk
Skin & Aesthetics Academy,ChIJNywgEmcJZ0gRMSuFBSPCP_U
The Dublin Barber,ChIJhy9qIeYOZ0gRaQlTkxSwkII
The Dublin Coffee Co,ChIJEQ4gsucPZ0gRGw08-AusnDM
The Dublin Makeup Academy,ChIJg7Iv4ZcOZ0gRROWwIEyAW_w
The Dublin Painters,ChIJf0UcM3MOZ0gRwymYNjIaON8
The Dublin Plumber,ChIJr8xO55R0Z0gR4EGSrt7KVjQ
The Dublin Plumber,ChIJczDIpIAQZ0gR7cwGbsBdlhs
The Dublin Pump Company,ChIJx2PrEjYPZ0gRCsQHn2U8Fa0
The Dublin Reflexologist,ChIJlT166AFzZ0gRs-51O4JIDKY
The Dublin School of Guitar,ChIJmdg2wR8MZ0gRT70Fzb_wrJw
The Dublin Wellbeing Centre,ChIJIy3Lu5EPZ0gRA22BVaKNxfU
The Duck Inn,ChIJkxuJ_9ENXkgRtUE7AsdIsRE
The Duke,ChIJ2QWsLe1vXUgRPlGU-Zq8Rvs
The Duke Dublin,ChIJOe_6vZsOZ0gRZivVj7LCvic
The Duke Student Accommodation,ChIJifLvDQBxZ0gRfhehnFzh0P0
The Dunloe Hotel & Gardens,ChIJCWlnE6s4RUgRaGuv-l7dkPY
The Dunmore,ChIJw5_ghDcNZ0gRzqRoIy5ISrc
DX Ireland,ChIJscwKOXQSZ0gR2sFt5E7zuX0
The Dyflin Bar,ChIJFWVORycMZ0gR0Uy0Rl4LbpE
The Dyslexia Specialist,ChIJd0YeTz41RUgR3LAj2p4k5gY
The Dyslexic Learner,ChIJq16smSgPZ0gRAcNJf0RtN8o
The Eagle,ChIJI5qWpDAGZ0gRYSArJEFZitU
The Eagles Car Sales,chijrzlfqv9bw0gr6l-_0tziceq
The Ear Nose Throat Doctor,0x486775056424d74b:0xc6c7b311d931a193
The Earthy Marketplace,ChIJjUMfweN5Z0gRdmo7mDuuO24
The Earwax Clinic,ChIJH2eP1kYXQ0gRn3LlWUU5WAw
THE INDIAN '' EASTERN TANDOORI '',ChIJVXVVYdP9XUgRVRlg1uHLES0
The Eating House,ChIJc4tA-dmdZ0gRDQTtavegaxc
Ecig Co,ChIJdc3_85sOZ0gRWD8vRHrOFpQ
The eCig Store,ChIJMy937NFpXEgR26b7GMoDJGw
Ecoset,ChIJNduuhFqvZ0gRYhineog_mfw
The EcoShack,ChIJqbImr-ANXkgRAFiJRHJ6hvI
The Eddison Restaurant,ChIJXZP2vsIPZ0gRvPXNeJ_ZYRc
The Eden Art Studio,ChIJCZ3838ULZ0gRzmbPo2BfmOk
The Edge Sports Superstore,ChIJb7KAueiPREgRp5ZbjD5EAGA
The Edge Clontarf,ChIJmVFHq50PZ0gRgmwkhSdlTc4
The Edge Clothing,ChIJlTbAu2hcW0gRDFCodq2A-S0
The Edge Dublin,chijf-ad2v4lz0grl7hw8nogyqy
The Edge,ChIJ5wAIeuWWW0gR-q_-jr4B4WE
The Edge,ChIJvWgdQMoFW0gR46Jppyvr7fo
Eglinton Casino,ChIJXa-v8e-WW0gR-5f6RIP25po
The Eight Building,ChIJY_GWmSMMZ0gROjyPl2Y7Blk
The elbowroom training,ChIJNbwQUmINZ0gRrXuBr3xFknk
Eldon Hotel,ChIJdeIBd8ClRUgRcCnUcIMMMG8
The Elephant's Trunk Personalised Children's Books,ChIJCw2hwFw1Z0gRNjJuYPzXNl0
The Ellison,ChIJXTAlSoNdWUgRYIGw-SaP5sI
The Elms Home & Living,ChIJA12Fz2iCZ0gRWT7kdZoZ_uk
The Elmtree Clinic / Ian Claxton,ChIJJUXCPvmWW0gRgz18UgddA-w
Emerald Isle Express,ChIJcxPny44OZ0gRRVF_lLqzY_U
The Emporium Company,ChIJafo4hBqQREgRCJ2QKsPdlbQ
The Empty Glass,ChIJU4Z34WZcW0gRU6xkREHO8qQ
The Enchanted Florist,ChIJvR4Aq1IJZ0gRPytw6MEDEj8
The Energy Clinic,ChIJQ6EUa3IJZ0gR5psPPjcfGa4
The Engine Room,ChIJNcdi2OgJZ0gRbDnzcbMamuE
Healing On the Hill,ChIJx6C74ItdW0gR1MtILfGO7bk
The Enniskerry Inn,ChIJXRwfD6ynZ0gRt9QenePy9lI
Ennis Yoga Studio,ChIJr-J9cy1tW0gRq8tCRfylTx4
The Epic Tours,ChIJsQdj1NNDckkR94RbyCTOvng
The Equine Photographer,ChIJXbSLJUKSW0gRuDqDPHureqA
The Equine Warehouse,ChIJ8WIL8fgxQ0gRzD0PifW5z-g
The eScooter Store,ChIJ88cumdBvXUgR_l5iCIJHaTk
The Europe Hotel & Resort,ChIJmZsMDyc5RUgRgbo93k1wXvE
The European Club,ChIJV1wN4sjHZ0gRdJ6apNzISeQ
The Event Company,ChIJLbd0o2J0Z0gRNStwEcpIVeI
The Event Hub,ChIJfaEgCcubREgRsnNCsPvSWdc
The Everest Restaurant,ChIJ53u2xaNkWUgRisD8VeDDEkc
The Ewe Experience,ChIJWeuizsFyRUgRL1RRpU7f5z8
The Exam Centre Dublin South,ChIJyUb11ggJZ0gR3Cgto8ukp4s
The Exchequer,ChIJly2p8JwOZ0gRmT7PjSiRto0
The Exchequer Ranelagh,ChIJGbXqw6UOZ0gRWjSaANK8unI
The Exhibition Guy,ChIJh7EwijMHZ0gR3tXf4oarUiA
The Exo Building,ChIJA0_XYaQPZ0gRG9qdcdxHA20
NorthWest Express,ChIJx4PhdpI3WUgRAgObbmaubMQ
The External Insulation Company,ChIJ1crgZMQfXkgRHHKD4C8RkqI
The Fabric And Furniture Centre,ChIJJVqYzBk1RUgRCV53jsyPl6g
The Fabric Centre,ChIJa1PTW0KfYEgRLOMpX7ITRAg
The Fabric Counter,ChIJUaEBxS0MZ0gRl9IBmGWuu_w
The Fabulous Fabric Company(An Chuideachta Fabulous Fabric),ChIJP-zRb-PhREgRcEZCwz4a5mc
The Face Clinic,ChIJ5W49Nh6dZ0gRNi4fvr9Grf0
The Face,ChIJV4ja2PuWW0gRzFOcCrVeLzM
The facialist by sophia woods,ChIJPYBAByQPZ0gRx2FU9AdPOS0
The FACTORY,ChIJtZMxHnFWXEgRVpkewmAR1Vc
The Factory Fitness and Nutrition,ChIJ36iPv7s7XUgRr4sfrMiIRGU
The Factory Outlet,ChIJl28UMkRzZ0gRvo8ze-DsPcg
Fairview grill,ChIJrXqdrV4OZ0gRK3JxNvCEIxU
The Fairy Cake,ChIJnU2_JCIzWUgR5CTSnKgz-8c
The Fairy Queen,ChIJXV08pW9BW0gRLzLP6AuQ3-Y
The Family Centre.,ChIJp42VSXRdWUgRdDrn_jk3-XE
Dock beach,ChIJey0sdfRhREgROj4kT2ZYlaI
Jeremy Ring & Co. Solicitors,ChIJ_00E6pN0Z0gRrmUA6TeRjMs
The Family Store,ChIJ1zj3u3HeWkgRuvE2NLt8RRo
Corinthian Commercial Lodge 245,ChIJ2aJtMJoOZ0gRbl-DD59w43c
The Fancy Nest,ChIJffNWCkGSW0gRZAGvdUvBN6Y
The Fantasy Rooms,ChIJWePv710PZ0gRVXQYxOCf7u0
The Faraway Tree Cafe,ChIJ06CNiC59Z0gRX7Sqj4bbsZI
The Farm Cottages,ChIJcYedH4ekREgRL_n5g8iXMRA
Farmhouse Knockanish,ChIJq4JuUcZKRUgRs4_JediAPf8
The Farm Store Ltd,ChIJewtbUTH0REgRXPcwY4nbYq4
The Farmyard,ChIJ2QvpALN0W0gRaWYKxuocc9k
The Fascination,ChIJte8l0Pn3W0gRcXJKSogfZW8
The Fashion Studio,ChIJIXr4mO-WW0gRqrV9IqKM_RY
The Fast Way to Detox,ChIJ9f41cW8JZ0gRx2Gv07ZLaeg
Mind & Body Detox through Fasting | Corinne Carthy,ChIJCWv2J_IIZ0gRfOGflXvusKo
The Fat Fox,ChIJl4RR4ZWvZ0gRDpBN9JzunZc
The Fatted Calf,ChIJXwTWSQJJXEgRd3FIm6PlYsY
St John of God School,ChIJY7q8x2sbaEgR2cOEqRYoKDA
The Fennells Photography Mark & Fiona,ChIJ25d-Hr8JZ0gRISANyYInsrY
The Fennel Shed,ChIJk5S6QAz7X0gR224N-T41fZw
The Fermentary,ChIJ6dbC2R9PXUgRTH-e4Mea3Us
The Ferris Wheel,ChIJ329yx94daEgRu9OyL3C-2t4
The Ferry Inn Bar & Restaurant,ChIJN39BfoyKXEgRs26Ub_PXSmw
The Ferryman,ChIJ-ypzrJIOZ0gRFF86cVNyWus
The FertilityHQ,ChIJkaZcrxobZ0gRyNsO58baZNs
The Field Equestrian Centre PMC,ChIJZad0o3luXUgRT1D9mNTJPWQ
The Fig Tree Restaurant Kilkenny,ChIJdf_WD54wXUgRuDzWHlNGBBU
The Filling Station,ChIJwRJsY0mXW0gR9PSBrptDj-M
The FILO Clinic - Cork,ChIJr-uGFVGTREgRSrB7RYTbdKw
The Final Fence Mullingar,ChIJDxMziRzAXUgR1DoUVY6QoT4
The Final Furlong,ChIJTTwO4HDzT0gRKP5fGkwKGo8
The Finance Shop,ChIJD75GLG9cW0gRQoc2Wda38k0
The Financial Foundation,ChIJg7kYOoo5Z0gRfVVKm9V2Ym8
The Fingal Centre,ChIJy4NnT4wNZ0gRMSsjPQop6c0
The Fire Digital,ChIJ9-kawEygdqgRrBGlXcG9xqE
Firehouse Bakery and Cafe,ChIJZ5KgqESvZ0gRR85xt1Naa5M
The Fire Place,ChIJA8nFb-CPREgRBLSaPCdZM0w
The Fireplace Barber Shop,ChIJXcOsSJwOZ0gRTcy88_xVTVU
The Fireplace Factory Scully Stoves,ChIJkRXFDoJpZ0gRZ7XVGUIY4Fk
The Fire Slice,ChIJW5BQRZNdWUgRRZGDMQN261o
The Firewood Company,ChIJwRfGeBltXEgRERKS8G-kYa0
The Firm - Hotel and Catering Recruitment,ChIJFdUQjKEOZ0gRO0cJq99CvXI
The First Time Entrepreneur,ChIJ45c1tPmFXkgRptKY3DqI-3A
The Fish Box / Flannery's Seafood Bar,ChIJgVFeKWj7T0gR9f-M1TEaL0Q
The Fishing Daily,ChIJzQJwQKuLX0gRBKfN_Wp1zSg
Fish Kitchen,ChIJpS0xjVUKRUgR91gv5VGoCIw
Fish Shop,ChIJ9Z6l68GlRUgR-zw_F-QubsI
The Fish Stop,ChIJDZJl67wbX0gRlWXCADmYij4
The Fit Clinic,ChIJyXa51tcbZ0gRjJGnNC-Tcyg
Simon Deane Health,ChIJO8WtHTavZ0gRc-nIsnMHlTA
The Fit Factory,ChIJd8N0aQpcW0gRtzuhuUmKbfo
Thefithuddle,ChIJaTOxuvitYEgRjBFafqCqn7Q
The Fitness Guy,ChIJpfAHY9cIZ0gRpfe9hCOUJl8
The Fitness Habit,ChIJV2CXz16fYEgRkqrBUH3LWgA
Evolution Institute,ChIJOzG7S3UQZ0gRtPPj8b8iBQQ
The Fitness Society,ChIJmYxZYBcNZ0gRFv5w3yPJjHk
The Fitness Tailor,ChIJqVSZn0_mZ0gRhtKYxzS9xqo
The Fixing Company,ChIJOwkFrK9yZ0gRd8PxtqoPglQ
The Flame,ChIJ4wzeCNgRZ0gRu_YYWRmVxcE
The Flaming Cook,ChIJH-hrhfXdREgRrMxN_rYOp-g
Flat Roofing Ireland | The Flat Roof Company,ChIJLzJWN2BXXUgRGwtNbX61KS0
The Fleet Inn Guesthouse & Restaurant,ChIJCZIvAlsaX0gR6Km5_QZ2Vxw
The Floor Gallery,ChIJdUNzgx7EQkgRi0ujoy0Nh0Q
The Floral Vine,ChIJrZyxbJOKREgRpwvJimxhiRA
Vavasseur Fleur Interflora,ChIJK9jebPgNZ0gRiHMaT9pQ958
The Florist on The Hill,ChIJlUBAdQYPZ0gRZlkgXkw6FTA
The Flour House,ChIJ5f1RcLNhREgRa5aTxo4SXt0
The Floury Apron,ChIJa4BEag2SREgRLXF84U7zr0I
The Flower Bandits,ChIJ-1zVsArVQkgRtnGu8ZbIJEo
The Flower Basket,ChIJl3fp4MFWREgRS5QBPWfMCsc
The Flower Cabin,ChIJvbKRLpdNWUgRIP6DOl5_nIg
The Flower Den,ChIJf3Ie_J5yW0gR4a5XElqVfsc
The Flower Factory,ChIJXSyb8O4NZ0gReON9fwW4jjA
The Flower Pot,ChIJu6_CDWsZaEgRWAbNgo0S2NY
The Flower Press Company,ChIJ7dw-8KxLRUgRa9W4OW8AKRo
The Flower School,ChIJ5QhPnwkJZ0gR0oZ3IkITL8Q
The Flower Shed,ChIJb6d7aLjnXkgRxmOrPnqOjPg
Flower Shed Palmerstown,ChIJ7cAnEHBzZ0gRSy6COHHJRUQ
I Do Bouquets,0x48674bdd5a101e37:0x253397e2594869f3
The Flowersmith Studio,ChIJQwyusLEAtWkRLGsgJMF99aw
Flower Studio,ChIJgTokKwPMYEgROm8zkW1_01E
The Flower Yard,ChIJw_seHM86Z0gRfJAGp0ZUQnU
The Flowing Tide,ChIJRQWxr4UOZ0gRVh9GMnApMTA
The Flying Boat,ChIJYYf329CgZ0gRitgv-l_eVBU
The Flying Duck,ChIJu6irwvQJZ0gRsHEXLc324TI
The Flying Enterprise Lounge,ChIJL3hcPRqQREgRT8ByM4J6eFo
Killester Travel Golf,ChIJjcjSL7APZ0gR-tP6BYQBClw
Foggy Dew,ChIJPYCJw5wOZ0gRRLWGxxydvRY
The foliage florist,ChIJGWDLf0wHZ0gREu_P2CVvXIY
The Food Centre,ChIJiYm1N7LpXkgRXZ8VE4cdSaY
The Food Crew,ChIJ4TCEZ3xtZ0gRxgcfMkWuPqs
The Ennis Food Emporium Ltd,ChIJWQQs-y1tW0gRY9hSoN7UKVc
The food Factory Grocery Shopping,ChIJH7uoBJ8caEgRCOdYTmFwlyI
The Food Hall at UCD Village,ChIJBbV-kNEJZ0gROSx1juV_IH4
The Food Junction Ballybofey,ChIJzYlOLem5X0gRNlbsymuRNxY
The Food Safety Company,ChIJYY2c-labREgRQ8er5CTEW2k
The Food Shop,ChIJkZgKvBcJZ0gRhdm3tiKEFf0
The Food Store,ChIJlzGezRL9W0gRMBFHVSsfd1A
The Food Yard,ChIJnfb-GLGxZ0gRswjkzTyb3q8
Football Fun Factory Longford,ChIJsW5ti4jbXUgRyc0vCeo7u84
The footcare and wellness clinic,ChIJt_fRI3mJXUgR7N1S0A3t1hA
The Foot Care Clinic,ChIJl7c5cOfrW0gRoeviqYUQp-c
The Foot Health Clinic Lam O'Brien,ChIJu5lbllENZ0gRjn5SUEPl4LY
The FOOThealth Clinic,ChIJB9K0b1PPYEgRHEb33-rJVro
The Foot Lab,ChIJj00ZmbKlXUgRaotOEx_dlqc
The Ford Counselling and Psychotherapy Centre,ChIJWbjkwEIbaEgRb2fb6T3B3k4
The Forest,ChIJgcDJMcnqW44RgBo5hlKMrC0
The Forest Club,ChIJO28FjBCpZ0gRxjgyv3dB1S8
The Forestry Company,ChIJOTwaLXabREgRZhrskg71WkI
The Forge Guesthouse,ChIJLz_u3UF0Z0gRsA8ovvtNUKM
The Forge Italian Restaurant Pizzeria,ChIJFeii1-4EaEgRSiRAcEf1FGg
The Forklift Company,ChIJkTEOKH5bW0gRoa8Uz6jTpmE
The Formwork Factory,ChIJTQ_FmoQ7Z0gRCTJ1asn0dzE
The Forté Institute,ChIJYXWPMVa5REgRE8ZN7cTiuRE
The Forty Four Hotel,ChIJedCHue8QZ0gRP52vHqMdz-g
The Forum-Mountmellick Boutique Tourist Accommodation Ltd,ChIJp_Tuis0LXUgR7TF4uQ24748
The Four Liars Bistro,ChIJoZSSJT2QREgR4g1XoReTnv8
Four Winds B&B,ChIJWevNd-IxRUgRUtPJjsxy_gI
The Foxford Fishery,ChIJjeUFRUVPWUgRwxj9Lxsr5Ac
Foxford Lodge,ChIJBR5CiPVFWUgRCzzSXXhiq1M
The Fox's Den,ChIJ9SvpVV2-XkgRTW1XxWU9oIo
The Foxy Hen,ChIJq6oa3ToMZ0gR_-lJLIIENIA
The Fragrance Lounge,ChIJFzbVeIjHQkgRLS2uAGWw0a0
The Framed Photo,ChIJeQmbMTdJXEgROouOZTwIMt0
The Framemaker,ChIJBf6IFhCQREgRyf4Qj9wTVWU
THE FRAME SHOP - Liosban Ind Est H91P7D3,ChIJIY0LpsCWW0gRA24k1jXRRJM
The Frame Works,ChIJjWnl3fthREgRfFGgHebxHiU
Frederick Dental Clinic,ChIJL-bUsIAOZ0gRvs6S0Hf2028
The Free Spirited,ChIJaV4uANAIZ0gRyc7JTd7-IgQ
The Freight Building,ChIJK_tBGAAPZ0gR7CMuCxyrUtc
The French Connection Rosslare,ChIJk1JCxSYaaEgRLlR4Z4tTydM
The French Market Ltd,ChIJ1WnDoUHwXkgRYpv9Y_gfO2o
The French Paradox,ChIJ3bRXyMYOZ0gRfhpuB7IY-wU
The Fresh Breath Clinic,0x48670be1663440f5:0x73976ce23c4a70b9
The Fresh Market,ChIJ0cc6n1AOZ0gRZwQyAzKQZ8Q
Fresh Soup Company,ChIJB2tqws04Z0gRPclD8tb2Huk
Friary Church,ChIJjxj8zCYYQ0gRybUk3XmemeE
The Friendly Farmer,ChIJzbCBM82LW0gRClxJPHUB-LY
The Front Door Company,ChIJ48LYMpkDW0gRD78M8lCBuoE
The Front Room,ChIJafJPI85pXEgRUaFvQguL3Gk
The Front Room,ChIJJVvx3p8wXUgRIQaes4DRWss
BURKES FRUIT AND VEG LTD,ChIJDbos522RW0gRsWGpKTfLQP4
The Fruit People - Office Fruit Delivery Service,ChIJPbzge54PZ0gRcEGW_yzBpgo
FullHouse,ChIJcWg2l5lcW0gRHIWV3s2HXKY
The Fumbally,ChIJ200C1CMMZ0gRgnUA1Hd79oo
The Fumbally Stables,ChIJ25kK1iMMZ0gRJyTJsF_WvXw
The Fundamental Body,ChIJp9IpMGteZ0gRF6AmW85ALzc
The Funky Gift Store,ChIJpbHVa-1bW0gRrihlp7x5GRk
The Funky Gift Shop,ChIJyUgvM2OVXEgRGIVO3_P6hWk
The Funky Skunk Smoke Shop Dublin,ChIJn3Wy24sOZ0gRFht2h8Ulmj8
The Furniture Centre,ChIJebtHuxKQREgR3qxycEl1DPs
The Furniture Emporium Galway,ChIJWSebkyWJW0gRzi91ltoH4Zo
The Furniture Liquidator,ChIJ-URjWeYPZ0gR0bVVr1fHqUA
The Furniture Showrooms,0x486711ced3b91283:0x1450c6b5fff3e682
The Furniture Store,ChIJ79YsIwg7WkgRWx6oxF8Ql6g
The Furrow,ChIJuYtQDx1wZ0gRw5wZx4moVnc
The Fuschias,ChIJhR1bLWlNRUgR3T6kHZBN5q4
thefuturewebstudio,ChIJdzH6YS6pZ0gRWEo5-e-xiTs
The Gables Foxrock,ChIJpWo5fFkIZ0gRyeOuSz3c07c
The Gables Restaurant & Farmhouse Accommodation,ChIJpccwafiKXkgR6nsyT_9JZTI
The Gables Medical Centre,ChIJHwywuGYJZ0gRDSbQ5y9fcCk
The Gadget Store Limited,ChIJkebVMlITZ0gRmbNnr5vxAl4
The Gaff,ChIJlRyVPGRcW0gR3oVLyyjCuQk
The Gaiety Antique and Vintage Store,ChIJo3E7J6lmWUgRUuVfFQDY3cE
Gallery Cafe,0x485b82aa47858ff5:0xe1ec8d3a04455ad6
The Gallery Collection,ChIJgUER17YMZ0gRYKsfLbMmI48
The Gallery,ChIJcX1FCgGJX0gR45-eVAbNANk
The Gallery Medical Centre,ChIJG_iNu5AOZ0gR_4MEw3QevW8
The Gallery Cafe,0x485964a15e124799:0xaaaab4d3e83bf90d
The Galley,ChIJSxRpzHL9XkgRWUOeJa9FOuY
Coopers Bar & Lounge,ChIJDddbI-aWW0gRTxeqWDTkr4w
The Galtee Group,ChIJt9dAuwxVQ0gReBCdKmVqqEw
The Galway Auctioneer,ChIJw3xWhzWXW0gRi_jeo1i2X1g
The Galway Drum Show,ChIJpZOJshWJW0gRv3OUvo6dRSE
The Galway Hooker Bar,ChIJpUKS_DYMZ0gRSGy4VNM3esw
The Galway Podiatrist - Foot and Ankle Clinic,ChIJ7-hvoqoNXEgRsXqyjT2VVZ0
The Galway Review,ChIJrQlF3S-WW0gR-DDlFZDu-qc
The Gambling Clinic - Barry Grant (MAPCP),ChIJTfrGU8_GQkgRkjg1kY3cxiY
The Game Plan,ChIJi16y3bJvXUgRxS1Gw_ERqhU
The Gander,ChIJQwRzVIqvZ0gR2lviTFJvKOM
The Gap Pub,ChIJNdB8YsvuZ0gRt2UgZlKxHkk
The GAP Kitchen,ChIJQ4eEX6-nZ0gRAZ5-o5wQ6-w
The Garage Auto Repairs,ChIJkUL0KYYSZ0gRHjOjQDhydD4
The Garage Cork,chij3xicm6maregrtvav0fgwsyk
The Garage Dunboyne,ChIJ3a8aorFtZ0gRBVvt7WdZIlw
The Garage Mentor,ChIJkYb9DflJXEgRJXc1cm4udec
The Garage Navan,ChIJtQ-zfl1bZ0gRfxGnwXBcrWc
THE GARDAN GURU,ChIJnUzXHg27REgRnseI2lby2-s
The Garden,ChIJB03OYJwOZ0gRqY2LNY6eWjs
The Garden Cafe,ChIJGQa1IbEXaEgRAmfvkRrjvKM
The Garden Design Hub,ChIJ51YRr-xdW0gRukH3HWIosq4
The Garden House,0x48671a84939189fd:0xb652de11ac2f212
the garden therapy centre,ChIJa1yZpxgOZ0gRj3YE8CmcGJk
The Garden Pod,ChIJyc5bk31tZ0gRbZe4u2nMcfc
The Garden Room,ChIJwcqd15kOZ0gRV2CT_4-Sxzo
The Gardens,ChIJ09fwX5uQXkgRN4YmIWuPTvg
The Gardens,ChIJ5xXGHAAJZ0gRzAj3MaqOh88
TheGardenShop.ie,ChIJf7dVBaN1XUgRe5b2G_qhms8
The Gardens,ChIJcXMHhgw8RUgR9pQjaSoe7Vk
The Gas Company,ChIJe3RffoIOZ0gRSPCnozyGptg
The Gas Doctor,ChIJ7Q9PgOgNZ0gRClg2EUVUdyw
The Gaslamp Gallery,ChIJRd2BP07mZ0gRfNRPl4XBEiM
The Gas Man,ChIJo2ycIM55Z0gRcf6XUXaUahg
The Gas Woman,ChIJtTBOw7d0Z0gR-jibMymAI8Q
The Gate Restaurant Navan,ChIJu1FxFUxbZ0gRkDOnVmgJLyc
Blas,ChIJE1FmhzCoX0gRW3aewTK2NHU
Gateway Hub,ChIJJZ1cZzxAW0gRYQSRXuwSSeQ
THE GBN BARBERS,ChIJmZfIYIUOZ0gRjI9RYyFbj7M
The G Boutique and Coffeebar,ChIJO7TPhfIxW0gRwqeKlEJ6-lY
The Gelbottle Ireland,ChIJLSLZZuUPZ0gRrOGhZjsjikg
The Gem Clinic,ChIJQcRjoiJvZ0gRxny30l201Uk
IGNITE Venue,ChIJyYx1hhnrX0gR-F92JAUqYEU
The Gent's Den Barbershop,ChIJJxBWOBoNZ0gRq7hkUqw0JPg
The George,ChIJ_8isAPULZ0gRfC-Ciqzqcxc
GBK Bar,ChIJR1zfnmZcW0gRtZEmgyCl5ug
The Georgian Collection,ChIJEdbYLJEOZ0gRcrOaJ9lnFX0
The Georgian Montessori Primary School,ChIJKwMeN30OZ0gRwSDT7I6jM90
The Getaway,ChIJZWDyRF4jQ0gRpQ5EYC0g1K4
The Gluten Free Kitchen Company,chij0qwwkhs1rugrz7gymp6yoqu
The Ghost Kitchen,ChIJuSUqWAB1Z0gRWj8aTCLfdbI
The g Hotel & Spa,ChIJKf4MLsaWW0gRkSrZFmoDVh0
Coda Eatery,ChIJD50nc_cIZ0gR77jIILq-uWY
Gift and Art Gallery,ChIJY-98oqbOYEgRuxYCxMJDaMk
The Gift Box Ireland,ChIJM3yZ0rmbREgRdpgoJmW1z40
Mc Dermott The Gift Gallery,ChIJy-AAPw5fXUgROrJL-A8LshQ
Greenacres Landscapes,chijzrsyjtj0z0grrqjwo4bycl4
The Gift Horse,ChIJB1OMMJ4wXUgRUY-iHvtvqvY
Homeflair,0x48673a27552a3065:0x2b921e289c7f018a
The Gift of Healing,ChIJfXfws74RXUgRZiXo21D-ULE
The Gift Rooms,ChIJYaDW3MPEXEgRvcWUY8Elu1M
Eg Quest Limited,ChIJu3SVaN1DXEgR26LDX-a4NhM
The Gilders Workshop,ChIJTbA8yxF7Z0gRzvMnxtoNvMk
Ginger Studio - Branding | Web design | Photography,ChIJibV0IBIJZ0gRcliKKydY0lU
The Glam Bar,ChIJK89nBydjQ0gRCggzJOJLauA
The Glam Beautique,ChIJ6epoHIIbZ0gRgaFd7NoCPMY
The Glam Loft,ChIJwwBex91BZ0gREwOaoQQndV4
Glamour Hair Studio,ChIJuYTDluV_XUgRriOYbSaijt4
The Glass Curtain,ChIJZ8LXqFKRREgR-d4d9_Thvfs
The Glass Doll,ChIJRUKhMh5wZ0gRwxvRriKxPHk
The Glasshouse Hotel,ChIJkbwoO80ZXUgRA0hBZODCzzw
The Glasshouse Dublin,ChIJXQj_0rUPZ0gRbuFD26TDDYs
The Glasshouses GH2 - Coworking / Serviced Offices Space,ChIJT82wsGMHZ0gR5vg41bTmiLc
The Glass Store,ChIJUc9KqAWRXEgR_N2L34IpPHM
The Glassworks,ChIJe-tPsEPxW0gRQJe1g_LV4yE
The Glencarn Hotel,ChIJVw5OXAe7YEgR17q16zPLtN0
Paddy Connolly 4x4 Glen Garage,ChIJd5Ctm_alZ0gRgRNoogVyR7U
The Glen,ChIJbY2jYcNvX0gRHBBzZJA0OQ4
The Glen Quarter,ChIJQ15ZVvthREgR3wJkMZp7CWg
The Glens Centre,ChIJi-HIiMHwXkgRQXg4vLDt9CQ
The Glen School of Art,ChIJMRoBBlDDXkgRK64ug_SsWaw
The Glenside,ChIJXckXTKQ7Z0gRIpyh2N6O7nU
The Glenside Pub,ChIJT3LX5OQLZ0gRB-Z0hXVxxH4
The Glimmer Man,ChIJ-8Y56i0MZ0gRNPQ2Fr_nuE4
Global Rail Services Ltd,ChIJN-BB7gZ0Z0gRhS7AIEYZ2gA
The Globe - Late Bar 7 Nights A Week,ChIJcduJ4pwOZ0gRati0mqc8_dM
Gloss Publications,ChIJy0O3zMAIZ0gRX0UuCJKUroU
The Glow,ChIJiXxWrZeBXkgR9rTbA01__IA
The Glow Bar - Cosmetic Teeth Whitening,ChIJc_m5joBzZ0gRY-iIzg9GrLo
The Glow Clinic,ChIJ5wqp93YPZ0gRe-oNzHlrc1E
The Glyde Inn,ChIJC6ZgfgMzZ0gREON7U3KfaTw
The Go 2 Mamma Business Coach,ChIJ76SKM4EFZ0gRo8vjxulEi4M
The Goal Post,ChIJG58klTh6Q0gRjl9otOxGnic
The Goblet,ChIJy54JCOgPZ0gRyC8YzNyb6K8
The Goddess Essence,ChIJJRR6_pgVZ0gRaZPa4yX1V7w
The Golden Ball Kilternan,ChIJX1i89pYJZ0gRgl6e8s8AMPE
The Golden Bean,ChIJx9Aov6V7Q0gR8uG_8uMmyys
The Golden Goose,ChIJGSsTWiRKZ0gR0dI-3QL6VwA
The Golden Nugget Bar & Restaurant,ChIJO10u0zo5RUgR-TOZIVREXWg
The Golden Window,ChIJQ4p5R5gNZ0gRKT23AxfNzxs
The Gold Reserve,ChIJB492X0SRREgR2Ee0aGetEhM
The Goldsmith Clinic,0x4867091ffad41b43:0x3eef5f3499c94035
The Golf Lab Ireland,ChIJaym9aq0LZ0gR7u6wchv_Ik8
The Golf Shop At Douglas Golf Club,ChIJty1zeUCFREgRklqocE7c8gU
The Good Back Clinic,ChIJYaXcIqMPXkgReBknVaiQkdM
The Good Baker,ChIJpTOKf3wVZ0gR2GbPAVBHuV4
The good batch,ChIJI18t0EbjXUgRr8uH4BoP4ac
The Good Burger,ChIJ0eOifst5Z0gRxxeQUa1tx1Q
The Good Egg,ChIJT_EadxdDW0gRPnU_tDclauU
The Goode School of Dance,ChIJgzqboy6vZ0gRxetTBA4WuwQ
Toons Bridge Dairy Dublin,ChIJ_fx6mMQOZ0gRDCZccHFHt7w
Candles,2ae274ef60101e290f6cfbafc62c3015
The Good Gut Clinic,ChIJ4dJnBUVTXEgRPR5Mjodkstg
The Good life Coffee shop,ChIJrbcd8f6xZ0gRENRdbZQvmeA
The Good Life Boarding Kennels,ChIJ3dLRPR3AXUgRIQBgTao6FBk
The Good Life Wellness Clinic,ChIJcbcgTcDHQkgRqrK_9OS4e6U
The Good Neighbour,ChIJ-z6YWLUJZ0gRQ1NvU8KUtjc
The Good Place,ChIJA-sojYUjXEgRLG-9lz_YYak
The Good Room,ChIJaZHuyF8aZ0gRDDW2usCfwDo
The Good Shepherd Centre,ChIJjcOUEJ4wXUgR7XIEAX08cUU
The Good Snack Company,ChIJuZGxHH8SZ0gR_yY1s7WJJIQ
The Good Therapist,ChIJS3ur6nBbW0gRXDLmm1TVIbg
Good Things @ Dillon's Corner,chijtwno8b-lrugrkd-ifqvz5ag
The Gorilla Digital ltd,ChIJuRHYkHgPZ0gR6rhWcDYL-sg
The Gourmet Butcher,ChIJ_9gulBwuQ0gRtiKShR4IWps
The Graduate,ChIJb1-7o9cHZ0gRDWF0XCnQoGI
The Grafton Hotel,ChIJh7atOosPZ0gRuaSNpnzBhtw
Grape & Grain Off License,ChIJW2VvwQxBW0gRYZkxdTy_eWs
The Granary Bar & Kitchen,ChIJR0rgGbXFXEgRreZAiTluhRo
The Granary House,ChIJ2ZxTzSmTXkgR2gH-f2jWf9M
The Granary Pizzeria,ChIJGYXc26KDW0gRNbHUpt2Bu3w
The Granary,ChIJ7WXR9eLbXEgR0uTxxjVSGzE
Grand Hotel Malahide,ChIJ5U3HCV8aZ0gROW6uTfHPVaA
The Grand Social,ChIJgzxUFYMOZ0gRahqesNCyL9M
The Grange,ChIJAQBQq_0IZ0gRqC0qcEji8k8
The Grange Gallery and Gifts & Goodies,0x486716ed75e3ff2d:0xbcd604bd2ec63472
The Grape Vine,ChIJOfAaftkPZ0gR_mLfS_9LYyc
The Graphics Effect,ChIJ-_oFXQk7RUgRwzv9zbhmbns
The Grasshopper Inn,ChIJf5AjJHNtZ0gRYLjw1jt2nmw
The Gravedigger Bus Tour,ChIJWYKesTsMZ0gRtUwECF7Sk0I
The Grayson,ChIJNzjbr5kOZ0gRZ6XKNagoTHk
The Great Care Co-op,ChIJlyTKRmcPZ0gR98lqJTRdWf8
The Great Gathering,ChIJT6k7y-CDZ0gRLGBl_cVzkwA
The Great Indian Cuisine,ChIJy7c8uuVdWUgR_PBEoMdAkIU
The Green Life,ChIJr72h2dLDQkgRsgUp2T0RRe0
Christian Brothers Secondary School Tralee,ChIJcYbsz341RUgR4L8yIZT2qBU
The Green 1918,ChIJC3Bu0A-NXEgR1Rxw_zlr-mo
The Green Ball Company,ChIJ86OeRRwNZ0gREkEVIaKY2TU
The Green Bee Honesty Shop (Raw honey,The Green Bee
The Green Door Market,ChIJ36QQayMMZ0gRApnKaMihzh0
The Greenery Malahide,ChIJKWShNF8aZ0gR_rUeBZZJZag
The Green Gate B&B,ChIJ21hc4QQOX0gRpY5Z6xn8USw
The Green Hen,ChIJWZ7X8pwOZ0gRV459R7EnhSI
The Green Hotel,ChIJEbI6nZ4OZ0gRNYANgsRAF9E
The Greenhouse Project,ChIJJ6c4_SAGZ0gROiEsJotDvTY
The Greenhouse,ChIJT5Y7wZsOZ0gRHd0yJgfxjr0
The Green Man Tree Services,ChIJa-MZgnvfQkgROa4hBRfY3U8
The GreenPlan,ChIJnVMD0jQZZ0gRpZNS_LQK9gA
The Green Restaurant,ChIJoRyWgIMZZ0gR0N-srxsrJGE
The Green Retreat,ChIJAcpXZvllXUgRapSTotVN1Uo
The Green Room Surf School & Shop Lahinch,ChIJKxvsQmroWkgR8do27N2clnY
The Green Room Bar,ChIJcSAxWfAOZ0gRmebpKRr0840
The Green Room Dingle,ChIJWQ7Rrm37T0gRH1Ktq1VXyGc
The Green Room Flowers,ChIJFUwB006jZ0gRVEjMcBGmEj4
Muin Preschool and Afterschool,0x484491ca2dca7d6b:0xc90077703a064012
The Green Room Springfield Castle,ChIJ9WkcbkjNREgRnT86soeXkos
The Green Sheep,ChIJt0QNV-rEXEgRBPjZpV5K9m4
Greens Department store,ChIJH-wiFhL9W0gRXcAM899ANq8
The Green Table,ChIJS_pC-LKFREgRCZPLrnMynjM
The Greenway Man Bike Hire,ChIJJ1S2aOQhQ0gRi8DSUM0lhmg
The Greenway Rent-a-Bike,ChIJMUdX6yLfQkgRzZxX66GGzvM
The Greenway Rent-a-Bike Dungarvan,ChIJLzpb0hcZQ0gRm5cbMYYhmDw
The Gregory Inn,ChIJ7Q1nWMdjZ0gRK2aRiiDmzeg
Order of Friars Minor Conventual,ChIJ23dRh3oPZ0gRTj3bIS9Dp9A
The GREY HERON,ChIJq6SjWOv1REgRAQWkoiWAUts
Arthur O Hara SEO / SEM Web Builder ComSec Consultant,ChIJ_QKE1R5yZ0gRqRu6h9s3xPQ
The Grid Karting,ChIJVZGv1vhnXUgRpncF1_nL0cA
Bar Rouge,chijlrbfztprx0grazjp5sp7pfa
Galway Grinds Academy,ChIJcegAKPuWW0gRUq1fLVF3--Y
The Grinds Hub Drogheda,ChIJsZlGj2w7Z0gREwVscf2zaqs
The Grooming Company,ChIJoROgeFoNZ0gRY5LFxohHH5I
The Grooming Rooms,ChIJr6t8XJwOZ0gRjCgs38iXeYQ
The Ground is Singing,ChIJ1VeN3TkMZ0gRdnu6e4klCis
The Grove,ChIJPSiqfwYuRUgRmxoodefW3Oc
The Grove Ballintubber,ChIJdeHAVv4fXEgRPZO7EAMxfME
The Grove Restaurant,0x485b6d3fd88608c3:0xc4deded8832f09bd
The Grove Guest House,ChIJYegHK3HeWkgRem-7xjYLx1A
The Grove House Apartments,ChIJ01TMEyRJXEgRRskX-PwTXRU
The Groves Bar,ChIJp0K2OHGQREgRXgINuIPtJ0A
The Grove Student Complex,ChIJgcyK70XoXkgRPsafbm_kFOw
Birr Community Growery,ChIJEbNYF4n3XEgRqUcfvBlMakM
Growth Addicts,ChIJV7Z3ZakJZ0gRpleJKst_NoI
GrowthCart Ireland,ChIJaebeK3MMZ0gR0cKx_onUdWY
Ecerge,ChIJEzSfRWJtZ0gRG865_wv3BVM
The Grumpy Bakers,ChIJlw3TEipjQ0gRa-PX6PkzKnc
The Guesthouse Project,ChIJAxNbUhKQREgR9Mq__lzhe4Y
The Guitar Barn,ChIJMTFz3oXLQkgRklgZARvAPkA
The Guitar Workshop,ChIJ7_M8ph8MZ0gR_9bARtJ-ZSk
The Gutter Cleaning Co.,ChIJ02tQgyUTKowRKZuAXxWb6NU
The Gym Advisors,ChIJZwN8QYPBXkgRA5rcX-p1d4o
The Gym Ballina,ChIJ-4o47r03WUgR--ibcP2sFs0
The Gym Barbers Blanchardstown,ChIJ7Y3X4lUNZ0gRgk2a1fsnPDU
The Gym,ChIJ55pzWyLMYEgRp5DvbaLxAio
The Gym Howth,ChIJJ2Ii8KwPZ0gRXcJOjTOwPnQ
The Gym Newbridge,ChIJa1OPqfp_XUgRgDzTB-owEHo
The Gym Southgate,ChIJcxksMpA5Z0gR8TvkYsAI35E
The Habit Store,ChIJfyrTi_ldWUgR3UQKCmKop68
The Hair and Beauty Company,ChIJE3Mqr0yRW0gRz5zGiCSAPQU
The Hair and Make Up Loft,ChIJIU0gUS8NZ0gRwK30kM4uzp0
HLCC Medical,ChIJpd07Hw6QREgR_RdUlq-qSV4
Siobhan Patterson,0x485b9785ffbda93b:0xf56e165acdfb374b
The Hair Company Broadstone,ChIJC3GXRGUNZ0gRlWMI85Dvz_4
The Hair Company,ChIJGYv8YclEZ0gRd3xCIdMLvZM
The Hair Emporium,ChIJt1T7AsOAZ0gRvn29kvHxxmQ
The Hair Emporium - Clane,ChIJ_y1nOOR7Z0gRATdXRRHbjdo
The Hair Hub,ChIJgSDriAUvQ0gRyaZstLoejPA
The Hair Lounge - Knockcroghery,chijo9av20g6xegra8yhr_0deoq
The Hair Lounge,ChIJW7Xfp0afYEgRDQcs_pZACtI
The hair lounge,ChIJvcy5L-sQZ0gRylcirp6YWKc
The Hair Room,ChIJo5vTVloNZ0gRuyyzm-W0-Lg
The Hair Salon,ChIJC90PyqWDREgRMjCV264sbRw
The Hair Shop,ChIJUZdoMKfOYEgRQcU9ujzsJiY
The Hair Shop,ChIJLz_nL79eW0gRt_cRZtHBw5w
The Hair Space,ChIJVQPYm_mXW0gR2OX2oHRwHWI
Ann Marie Ryan- Hairloss Solutions,ChIJNetHv2WyXEgRelfjbcOTXB4
The Hairy Dog Grooming Salon,ChIJBe_8THdfREgRwDRiLYHGnX4
The Hairy Lemon,ChIJ2Qf_MpwOZ0gRo65Kwjms1JE
The Halal Food Company,ChIJU3JX5k2TREgRkPKWKJ1jmXw
The Halfway House,ChIJz73B6Y4MZ0gR-Bc1yYfmDB8
The Halfway Store,ChIJM1OQEPaNREgR7YY00MqTNrw
Lismore Castle,ChIJwyeDAwlBQ0gRg-mtur5N9VE
Halloween HQ @ Dublin City Centre,ChIJ8_4W5YUOZ0gRcurvXgpLG1M
The Halpin Group,ChIJZ_sw0uuPREgROlHL8eyv2ew
Hamlet Court Hotel,ChIJB59nE1jVXUgRJarh6FPh2po
www.thehampershop.ie,ChIJzTxJaYMSZ0gRBC6bu0cwWjI
The Hand Made Shop,ChIJoRzl-sy-X0gRm4OC_FiSCzI
The Handmade Soap Company - Pop Up Shop,ChIJi-4bZdsPZ0gRrr5vV1pRpuM
The Hand Therapy Clinic,ChIJyQKhmgMPZ0gRL4vxJtrKnjY
The Handybac,ChIJn9h0D7HzXEgRlZXdjm8o_Io
The Hanger Company,ChIJX6VJEUfMYEgRRk7U_imUceY
The Happy Cupboard,ChIJB57_leBlWUgRixklbhjfx20
The Happy Family Bakery,0x486773397b512d3b:0xc227b7ab493940e9
The Happy Florist,ChIJ8ctzRqN1Z0gRBTVKVmgqr5I
The Happy Hen,ChIJP_RCp3XHQkgR9ufka70ozek
The Happy Yogi Greystones,ChIJOySL-luvZ0gRgbMWGxVFLlw
The Happy Pear,ChIJG5-05SSvZ0gR5wRwqaZFWjw
The Happy Pig Guesthouse,ChIJfbgXa8htRUgRQzckpWXW8u8
The Happy Pottery,ChIJk21QIbMxXUgRprEz8hhbZPk
TEACH SCOILE by the happy tummy co.,ChIJO8PfZxtlWUgRMKKdLjQEmq4
The Harbour Bar,ChIJweedYGmoZ0gRPKk9t5RYZyQ
The Harbour Bar,ChIJbfvqVVOpRUgRlbS6NOKOpEU
The Harbour Mill,ChIJWZas2FJ7WUgRGvIIze-m2zc
The Hardiman,ChIJowYNg-WWW0gR3zRPCcp_DWw
The Hardwood Floor Company,ChIJH5ERGAoJZ0gR0RMkEfAI4N0
The Harlequin,ChIJo-sL2DMPZ0gRfUvG-vRq2bo
The Harmony Institute by Justin Moloney Oral Surgeon,ChIJyW5Fx-4QZ0gRZ0NmvROdh2o
The Harmony Workshops,ChIJ36C1z_cxQ0gRmCZ1GzjwtNA
The Harold School,ChIJAZLDXTAGZ0gRqGgqCs8x9do
The Hatch,ChIJDau5c28LXkgRzMh5NxAw2W0
The Hatch Lab,ChIJVcttpVfmZ0gR0sRT4RPtpmY
The HATCH Rooms,ChIJTWqez--RREgRAIYzIWieips
The Hatter Tea Room,ChIJj1ejA9K-X0gRQC05agPH1pM
The Haven,ChIJUfMoFQ6QREgRRxZ_6Rrxt6c
Inisean B&B,ChIJDVZsDERxX0gRIiPD3Luxk_I
Anne Colgan,ChIJt0ipw0zmZ0gRCRVIeIIDybs
The Haven Hotel,ChIJ0Z8bwqfqQkgRq_cNnfV3FY0
The Hawthorn Rooms Dingle,ChIJcWWH2Y_7T0gRp7cSuvu5Z5Q
The Head Lice Experts,ChIJGwUZKF4aZ0gRz937TO8vwuU
The Healer's Hut,ChIJQYz2150HZ0gRLcoK_u9HVqc
The Healing Forest,ChIJ85AReb2vYEgRz3xqFfjIqjM
The Healing House - Counselling | Pain Relief | Alternative Therapies,ChIJg47dFH8OZ0gR85ZcHwTL8E8
The Healing Lodge,ChIJq0cpQw73XUgR5lRUDs6YYhA
The Healing Place Kinesiology EFT & Reiki Centre Galway,chij64suwpuww0gr_hlbckr5jl0
The Healing Self,ChIJwW6UVf2IZ0gRzCMUCeGmAhY
The Healing Space,ChIJKeZBszGRREgRhgNncxk2qs0
Health Coach Course Online,ChIJoXwf5AIPZ0gRuArR7_9RfJA
The Health Connection,ChIJJR7VW9MSW0gRmewc7cbYDnA
The Health Engine,ChIJOfXCA38bZ0gRtK0FsdLaXI8
The Health Hub,ChIJUQyzRYdNWUgRuUD1Q3j4H2I
The Health Hub,ChIJTbLuhOl5XEgRwzjsP5zSNLI
The Health Lab,ChIJJVvX9hV5Z0gR2HIopHiTN9E
The Health Republic,ChIJL6Z2x4ePREgRhmh2KsqH_00
The Health Shop,ChIJn1ZqfBizXEgR7mTky8sujno
The Health Store,ChIJjec37lANZ0gR3Z0pXkw2Uvg
The Health Store,ChIJe_uSqlNdXUgRxKhzqhVdc6c
The Healthworks Clinic Acupuncture & Naturopathy& Homeopathy,ChIJkfOLIsQaZ0gRBAjh35_IJPI
The Healthy Hub,ChIJBQnCWCJyZ0gR4fyPz_9il4Q
The Hearing Centre,ChIJeXU_-0SfYEgRs7JjioUrCtw
The Hearing Clinic,ChIJ8YAVglWxZ0gR6v_vrOPTANU
The Hearing Company (Ballina),ChIJj5fIsMI3WUgRSeLq690zcbU
The Hearing Consultancy - Mark Wright Pharmacy,ChIJoUvMp8_BXUgRl_8dhPtA3pg
The Hearing Suite Beacon,ChIJGQ74HqMOZ0gRW1I78gd_KY4
The Heart Angel,ChIJcZHnWaCJREgRjWT_7pNkER4
The Heart Clinic - Owens Cardiology,ChIJS49CtLfGQkgR_sWdUpn4IlU
The Heath Golf Club Driving Range,ChIJ88pCxI1zXUgR1P4q-ryT81U
The Heazle Clinic,ChIJyWB3KkzXQkgRTQ63hFtmtWk
the heel bar,ChIJmWJ5hckBYEgRlYnnsYZXsNQ
The Heffo Co,ChIJzY7ch5gHZ0gR3I5d4y4cc4c
The Heights Medical Centre,ChIJ_7D9uJWWW0gRNDIeUO_Uwco
Mahony Hall,ChIJh50A-xAOZ0gRX7q6vc8nGPE
TheHen.ie,ChIJZWYuEgRJXEgR3bu03x5FmJg
THE HEN HOUSE,ChIJb1isg4uDZ0gR8qMv2dz_xOQ
The Herbal Hippie,ChIJgWugC0XtXUgRqVNUy74woz0
The Herbal Hub,ChIJ-xhuHLZsW0gRkdWvYaIZOmI
The Herb Garden,ChIJJ5DqGuU9Z0gRs15GgO6RLDA
The Herb Shop,ChIJBUfbfOJ_XUgRZ96_I7EX8BQ
The Heritage,ChIJD34lMLN1XUgRvIbJTqiw_q0
The Herons Rest Townhouse Bed & Breakfast Galway,ChIJF4qWUPuWW0gR1Vwb7Sz3oC0
The H Factor,ChIJ9W-OEnE1RUgR2PyCKCW7Gvk
The Hidden Brook,ChIJjR0HTzTnZ0gRqndiphGmHSw
The Hidden Collective - Web Design Agency,ChIJL_rkW82WW0gRqInX1FiguRI
The Hidden Folklore,ChIJJTEpm9k7XUgRocAxWWL5heU
Hidden Sauna Bridgefield,ChIJ3Uc3rBR7Q0gRmyqu65VOjDQ
The Hideaway,ChIJyzUfwVORXEgRYe-62JdWNec
The Hideaway Glamping,ChIJw9DVHfsJYEgR7C5jyPb-7e8
The Hideout,ChIJ0a5RRpwOZ0gRemV3grGwvcQ
the hideout cafe,ChIJ6UBvfQ6QREgR3gwAdHEBmQc
THE HIDE SCULPTURE,ChIJCTEqZ5MZZ0gRedogBadonPU
The Hi-Fi Hospital,ChIJlcj3_L4SZ0gR1U_fIbkfDXc
The High Performance Unit,ChIJu3U2IDF5XEgRHAvQeoGLZI4
TheHiitFitYogi,ChIJc6j7tvELZ0gRHUbbjcpB0v4
The HIIT Zone,ChIJ3brvRiVbW0gR-KlcRTU-Yh8
the hill bar,ChIJ367d8Ed8XEgRPZdGp3yfiH8
The Hillcrest Self Catering,ChIJG4E53V27YEgRWBDcd_L2zPk
Hill FC,ChIJLVxwl6AJZ0gR494qg7gXcIY
The Hill Hotel,ChIJXwjS-IO8XkgRwoCrRitkSEk
The Hill Pub,ChIJLw96a6YOZ0gR1BJB5pjnP68
The Hills Cricket Club,ChIJvf3Fd4kYZ0gRrtwockjntsI
The Historic Timber Company,ChIJZcvR67MfaEgRA49NlYnkS_M
THE HIVE Agency,ChIJobmzGRoNZ0gRmtE6UvF8cy8
The Hive,ChIJNyr4aYcOZ0gRRp82YaX1aJE
The Hive Studios,ChIJ5Rq4WaivZ0gREVqPLL0Bkog
The Hobby Den,ChIJbSFBYTN_XUgRO4cVhPlFdvs
the hoc,ChIJA4RYaV4PZ0gRHhqmNwZVSkg
THE HOGFATHER,ChIJX8yIk5ivZ0gRSwQ04w0s4R0
THE HOKKIENS,ChIJDVq99_IxW0gREbM-_6rO4a8
The Holding Pond : Online Gift Shop,ChIJG4nRxXS9QkgRKd2oAPSdraQ
Hole In The Wall Chipper Finglas,ChIJ-x0dA5INZ0gR9M9Uf2R0sZs
The Holiday Pub,ChIJ60_2LfiLXEgR0zZG6YdqsnI
The Holly Tree,chij5xc0b3tvw0gri26ndcjbb3i
The Hollywood Fair,ChIJJ4ftLveEZ0gRjnmETvyevvU
The Hollywood Inn,ChIJkRHe3PaEZ0gRUDn0-RkX5Wc
Holy Angels Day Care Centre,ChIJzXTIlPhnXUgRkwj8o-LJ-3c
THE HOLY GRAIL Restaurant,0x4868008a59913b17:0xde6392efa6989f58
The Holy Grail,0x4842c7d2045cd567:0x807114bcafb35ff6
The Holy Grail Wexford,ChIJA1M20kQbaEgRCGdmnO3lgV8
The Holyhead,ChIJSdI8To8OZ0gRpAgMNw_k1Eg
The Home Bakery,ChIJHf_zbaTOYEgR8tDESOq_SxY
The Homebrew Company,ChIJm5fDYTIKXUgRzdQJNBJ5Ues
School of Homeopathy,ChIJ6bbb1O14Z0gR0JkGp5pDXm0
The Home Renovation Centre,ChIJHYY17IM5Z0gROecv-dmDYnw
THE HomeShare,ChIJL1kNu6FzZ0gRwMrW3hVzd6w
The Homestore.ie,ChIJsQRfM0GdZ0gR1DRUG2Ba2Rk
The Home Team,ChIJq4vX0OD1XUgR4WskvpdnQhI
The honeycomb,ChIJafEe8ejFQkgRyUYQvnBKJ8o
The Honey Pod,ChIJ8ftCOeYBX0gRb1J7U-TZK_k
The Hopewell Centre,ChIJq0mYehmbREgR5kixfx51_dg
The Hops,ChIJNwhjFSQ6Z0gRBwH4CJK8Nb0
The Hopsack,ChIJRTMdPWwNZ0gRBHb0b2406SY
The Horan Stand,ChIJr794eRDhW0gRgUOwolpqTUU
The horrrsebox Tinyhouse,ChIJ9-2uAaxlZ0gRiLvnFKlZxBU
The Horse,ChIJZU8uUdkPZ0gRjEgtpqhfnhc
The Horse Photographer Ireland,ChIJYRMkDlnbXEgRb27e6qyhjsg
The horse therapist,ChIJQwffdk4XXEgRwz5nlTcbx3Q
thehostingpool,ChIJXa0KKP4HZ0gRvZDQHLfORHI
Imperial Hotel,ChIJsWXwhqfOYEgRh84NlkrjdI0
The Hot Fox Studio,ChIJ_9kfELeVX0gR2MMEpSipP3k
The Hot Pod,ChIJLxV8j6IZQ0gRP4evs6cmDVc
The Hot Room (Hot Yoga Limerick),ChIJheg24whcW0gRun-mBzEYqRk
The Hot Spot Music Club,ChIJdcQPESWvZ0gR4R26PKe-s-4
The House Restaurant,ChIJMx6oN5gEZ0gRa6x1K4B04sM
The House Pizza,ChIJW6PGTlxcW0gR8Vts2xCAO0E
The House Architects,ChIJ_6I_RSkMZ0gRme3NV_YQUEU
The House Gym,ChIJkcv6tUsNZ0gRc9XsiTqNDGw
The House Hotel - Galway Hotel,ChIJZzUyMPuWW0gRCBKQ6Co5X58
The House of Beauty,ChIJxarY6TTrX0gRtAPvv9EwteU
House of Beauty,ChIJ8xow1LT2W0gRvXrS5poccgc
TheHouseofcolour,ChIJKVdapTq3QkgRDlubclFbRgc
The House of Nails,ChIJF7uOpxCQREgRq_l4Hydv8_A
The House Of Pretzels,ChIJD1cJMP0xXUgRgoyrTLv_TaE
The House of Reflexology,ChIJT7bBzV1dWUgRDFEojdC3SIY
Hovi Digital Lab - Ireland,ChIJUTeHXGYPZ0gRQOFGzmSqV6Q
The HR Company,ChIJx59_PAkJZ0gRFNezX0Hg4rM
The HR Department Limited,ChIJSdV68q8OZ0gRyF1EFZeg8jA
The HR Suite,ChIJr3hwdIFKRUgRK4SxbxrlPUY
The Hub-Ireland,ChIJ_VGP1ikMZ0gRtJP201Cg-BY
The Marketing Hub,ChIJNzyraCIRZ0gReX-USAMssKw
The Hub Bike For Life,ChIJZRwuT8NcW0gRK6LxwsKMdhM
HUB Controls Ltd.,ChIJm14LeUsLZ0gRLlao2ODqdF4
The Hub,ChIJvXHmu1Y3XUgRwAxxa_j39Nk
The Hudson Rooms,0x486772d710259f2d:0x11917dd8afa560db
The Hudson Rooms Cafe Blanchardstown,ChIJJxNtnGINZ0gRMeTp49VXtVY
The Human Repair Shop,ChIJpyRzoVMNXUgRJ14V7Xak26A
The Humble Daisy,ChIJ5TQmG0qPXEgR61reQysaQ-U
The Hummingbird Clinic,ChIJ_3ZPwiFtW0gRNchU1tEptC8
The Hungry Lyons Ennis Road,ChIJt7D6OOhcW0gROAxxb3lOqgM
The Hungry Mexican Restaurant,ChIJgwi2oIQOZ0gRLHK83QoFX4k
The Hungry Monk,ChIJi9r-4javZ0gRpFIj_8TIcaU
The Hungry Tree,ChIJGbykhoMNZ0gRDvzLZKfoPe8
The Hungry Vegan,ChIJs2ZPZN0HZ0gRcgkF0lr1DFE
The Hunted Hog,ChIJjfMtSMx6Q0gRVaTY2KnkqeA
The Hurling Experience,ChIJm1ZYgCCBZ0gR6_K5nY6QP1U
The Hybrid Training Guide PERSONAL TRAINING,ChIJaX2MzMB1Z0gRZnZ6ou_ciok
The Hydroponics Store Ltd,ChIJ6amdHqIMZ0gRwA9Nz4Xks6M
The Hygienist.ie,ChIJ1RxL8xDNXEgROuyvEuy5BjE
The Hypnotherapy Clinic,ChIJFwyzROwjXEgRVlsPnGNJMME
The Hypnotherapy Haven,ChIJpakxTRuDW0gRISZ9t-TEzQU
The Icebox,ChIJIRx9KNoiZ0gR-HSRtkXFXgw
The Ice House Restaurant,ChIJBQsMQKc3WUgRk4X31u18W9w
The Igoe Inn Bar & Restaurant,ChIJEWHPH3TeWkgRclySeC33EVc
ii - inishowen innovation,ChIJu8HNzIr7X0gRbACgFWKSq8U
The Image Designs,ChIJ_S0OVcppW0gRphLfBeal4iU
The IMMA Shop,ChIJwXUBL0YMZ0gRUePG4H5ElEM
The Imperfect Bakery,ChIJ_69UsjmXW0gRv6qXYWSuH3w
Imperial Bakery,ChIJSz8sYSJyZ0gRB4XlrLa-bWw
The Indian Grill,ChIJzSEXl-EPZ0gRwjRL-ma9ACQ
The Infinite Fox,ChIJg9rFxR8MZ0gRpaxOCihMnxc
The Injuries Lab Physiotherapy,ChIJq72zZCLAXUgR2Os1mgylnoY
The Injury Clinic,ChIJRyCBZ90MZ0gRvreB-6Rfbpo
The Ink Captain Tattoo,ChIJd_9YHxrxW0gRVKmrIrATi_Q
The Ink Collective,ChIJa9oCs4uRREgRjWqbyJzQnTE
The Ink Factory Barber Shop,ChIJdQ7MoqwPZ0gRHcl4Ao-GEyI
Deerfields Restaurant,ChIJYbLi13NrW0gRNGTcjwFnF5s
The Inner Works Factory Ltd.,ChIJFzaDnwN7Z0gR1PcOnC2FX5o
The Innovate Room,ChIJoRWY08YIZ0gRHp4cG37f81M
The Insight Centre,ChIJ9T0Ded0aZ0gRL4Wx7HK73vY
The Institute of Beauty,ChIJiakKG5nGQkgRA3oXaf9EQ-U
The Institute of Makeup Artistry - Ireland,ChIJZ-xek5EPZ0gRawgT9lCsHcs
The Insurance Doctor,ChIJgwihf3gLZ0gRydJwzRISklQ
The Intentional Academy,ChIJNzGuvtV3Z0gRP_fURPEtTo8
THE INTERCOM SPECIALIST LTD,ChIJW86KPoQOZ0gRmc2Arr-ZFuY
Sharon Dehmel Transformational Leadership Coach,ChIJRVz-fKAPZ0gRiuBqBevyHOU
The Interior Design Institute - Ireland,ChIJX3AdLc8PZ0gRsAnh20j-4tU
The Interior Library,ChIJz-qf1HgMZ0gRUUoGKoVqrB4
The Interiors Association,ChIJkXeCed4HZ0gRZUg2E25HI_U
The Interiors Project,ChIJdaDn6_YJZ0gR5y87BVPggHM
The Invite Hub Wedding Stationery,ChIJS5AbQBI9RUgRtUutDQK8MgU
The Pearse Centre,ChIJZeBYDpAOZ0gRSlg--lgNUWM
Ballinderry Park,0x485c6e458185dd2b:0x3683c09fe21fb171
The Irish Arms,ChIJ0XpXSwKoW0gRdrWMOk8-adE
Red Books,ChIJvXtjh4kbaEgRhMwwnUfR8ZE
The Irish Calisthenics Academy (The I.C.A),ChIJ6TMBuLcPZ0gRW0dNhUK_Jfo
The Irish Chandler Shop,ChIJT9HxIo0FW0gR7AEXmyc2lAk
The Irish Dance Experience,ChIJSyzOFIuXW0gRYCtbxvSLbjU
The Irish Experience,ChIJDTQ9h_uvQkgRug5GhWpkptU
The Irish Fairy Door Company,ChIJ-x1VgbwMZ0gRCJkbQOyMkrk
The Irish Field,ChIJIwf-pZUMZ0gRiwJVL-t_tuc
The Irish Gardener,ChIJnS9jqFGFREgRo8pqFwF66lc
The Irish Herbalist Clinic,ChIJa476VesIZ0gRDjd3Rbizq50
The Irish House Party,ChIJTUNH-74OZ0gRAVXf7WxkTVk
The Irish Hypnotist Register,ChIJwd5VpPMPZ0gR3wFPfglbt5M
The Hag of Beara,ChIJXcZA8mJ9RUgRNdJPPWBwJpQ
Irish Famine Exhibition,ChIJQwJtrp4OZ0gRhRjySmwJrlg
The Irish Pub Shop,ChIJhYTN3Qg8RUgRWsfBJPVuU3k
The Irish Quilter,ChIJuXxwWb1rW0gR1XOQ7MqC9t8
Lough Ouler,ChIJxzNYBc2ZZ0gR5p-4SxR2WR0
The Irish Store,ChIJp3ClXO8PZ0gR5bWrqpsrA94
The Irish Woollen Workshop,ChIJw9pOCYXpXkgRDfkQpAqAZc4
The Iron Depot,ChIJ7el9kc4JZ0gRbYovif9oH-0
The Ironing Board,ChIJSUEzciZbZ0gRmRef8YNmdk8
Island Gate Restaurant & Bar,ChIJG0Ux4USbREgRlVHLos9qGhM
The Island Golf Club,ChIJlbUVeE8aZ0gR8Ey5GajHAA8
The Island of Geese,ChIJU7mOb7o1RUgRnmj8ytfk4Wk
The Italian Connection Restaurant,ChIJSbQz74UOZ0gRrVJrzXQV5Co
The Italian Kitchen,ChIJYzCXPC4QZ0gRXHv2dVoQ1ik
The IT Department,ChIJgx-w7JkcaEgRB6nm_99gbis
The Iveagh Practice,ChIJXb9KZx0PZ0gR9HSUgbMSOfs
The Iveagh Hostel,ChIJ6_0gHScMZ0gRQvNw7Nck52Q
The Ivory Closet,ChIJiQ78l2ZcW0gR1FJXzC0zF1M
The Ivory Rose Bridal Online Store,ChIJM6ay-aGEREgRWMGwdJCS7E4
The Ivy Restaurant & BB Clifden,ChIJGWwqcOc7WkgR_J1Jo_yWU4c
The Ivy Cookery School,ChIJIUSYmYGBXUgRJLRPl5W3FXo
The Ivy Wellness & beauty Salon,ChIJ3RRCEb3GQkgRKW4606Odiks
The Ivy Cottage,ChIJ44D8zlMHW0gRlwN1KJqCUMw
The Ivy House Bar & Restaurant,ChIJC7FXWmkOZ0gRoWRzyrgqSVw
The Ivy Skin & Laser specialists,ChIJt22EdcCzYEgRphgnD-G08uk
The Ivy Studios / Ivy locks,ChIJnUD-5jMNZ0gRKt_jWcuVx6w
The James Hotel Tralee,ChIJFRSQviU1RUgR4T8fOf78ie4
The James Clinic,ChIJtb81jYDBXUgRAmMbBQjcUDA
The James Connolly Pub,ChIJK-E4BIUOZ0gRd-kUnF2f98U
The Japanese Knotweed Company,ChIJKYjLs2JGRUgRe2CeD8MCeSw
The Jar,ChIJuSAP058OZ0gRlpw-0mehZak
Jayan Management,ChIJb_4xGHkPZ0gRxhYeTlpIHxQ
The Jelly Bean Factory,ChIJOV2xwKISZ0gRRrw5SbuTLrY
The Jewel Lodge and Spa,ChIJASv8g5YNRUgRwT7pAFUWfPQ
The Jewel Casket,ChIJw76X6ZsOZ0gRzJeLvT0yzg8
JobLamp,ChIJqYkuTAMOZ0gRK21hw5se2yQ
Jobstown House,ChIJBThjMEsLZ0gRSLnJ82UZcaI
The Jockeys,ChIJqwpyugLMYEgRPV5y-zVH8Ek
The Johnstown Estate,ChIJgVQCcGNiZ0gRXqoZm3ZWX2k
The Joinery Barbershop,ChIJufxdHBoJZ0gReBPUwNF_mZU
The Joint Treatment Centre,ChIJ_Qjkl1FzZ0gRSfeexOpE_Is
The Joomla Experts,ChIJZTI6YC2XW0gRxGOPBJ2extE
Journal Media,ChIJpY8PXScMZ0gRaEPtdIvCG0Y
The Journey Within Healing - Breathwork & Energy Healing,ChIJtzkpjNEPRUgRrk3PXxW02w8
The Juice Boxx,ChIJIYc4e9UJZ0gRUTQdx6zC0yA
The Juicery Dublin,ChIJ3YyTV5wOZ0gR5-nKaNlj4nY
The Juice Works,ChIJo2_5W2o6Z0gRr3ykjino9C8
The Junction,ChIJ3W-PoISvXUgRjTCGGhIwcR0
The Jungle,ChIJnRFoe0kHZ0gRRMYF8gxcLbY
The Kabin Studio,ChIJ4ZWo1jeQREgR40nN9BR39T4
The Kabin,ChIJ23tjagCTREgRRdXaKvKKfeQ
KCC Group,ChIJQZM1x6cMZ0gR05UuNPN-5lk
The Keen House,ChIJS0NJz6WDREgRhkjnFvAyjdw
TheKegCru.ie,ChIJP702pOgTZ0gRJ_uVf651Zz8
The Kelly Clinic,ChIJu-IxOM6WW0gRjbdLaNOn7qw
The Kerry cake company,ChIJyeLeN7tbRUgRcHH3iZEIQxY
The Kerryway,ChIJxR7vZesiRUgRrMh7aHIJqSs
The Kick Company,ChIJ_6zav6CbYEgRr1ZWEFO9Nus
The Kilberry Pub & Kitchen,ChIJwTEWPSlFZ0gRPz3bJaze9I0
The Kildare Gallery,ChIJZfcxizdvZ0gRoQx6SfxGOck
The Kildare Maze,ChIJNSluYTV8Z0gRV_O6-6OQaKw
The Kilkenny Art Gallery,ChIJa4LG0lExXUgRHhi-fgUivQM
The Kilkenny Way,ChIJU6dpMp4wXUgRxjDRGdjmvt0
The Killarney Bridal Hair and Beauty Salon,ChIJQ3bRz0U9RUgRUMSdDV6ZLss
The Killeshin Hotel,ChIJkYp0ZbUNXUgRVn2EggM6nos
Killinarden House,ChIJVdXQeMV0Z0gRaX2tphtCoJk
Mindfulness and Coaching - Kind Mind Clinic,ChIJzxKjQlUPZ0gRc98MEocHStw
The kingdom salon.ie,ChIJjYaOAH0PZ0gRNGsJqT7T1U4
Lynam garden furniture,ChIJNT_g_4WlXUgRHH8vHUdTbYI
The King of Castles,ChIJvaWKdswSZ0gRP6TxEnh4sx0
The Kings Head,ChIJV29g0PqWW0gRKz8Gk3UFHCk
The Kingsley Hotel,ChIJNzEOaiyQREgRzyZZyXpbjog
The Kings Mill Restaurant,ChIJlyo3jm0zXUgR5wz6NYXKnPs
The Experience Company,ChIJIwYIw2hhREgRmWZu67dXr5E
The Kinsale Story,ChIJix8hk5JhREgRwUVHc96L2sA
The Kitchen Centre,ChIJc5MB91qFREgRS6UHbqyUf-M
The Kitchen Doctor,ChIJ6-ZBw50RZ0gRTdO-UsOeI6c
The Kitchen Door Factory,ChIJdSBPz5LfXEgRGMxy7NGOZ5I
The Kitchen @ Gorey,ChIJRUFQXEXmZ0gR00OWhlCy79g
The Kitchen Handle Company,ChIJ0exxwbYMZ0gRHWWoi16kv-U
The Kitchen,chijtfzebc2ux0grwabqomixjpw
The Kitchen Shop,ChIJYe2eJ6IMZ0gRWGhtIO9rHuk
The Kitchen Sink,ChIJda02IbcMZ0gREipLZ0PTARc
The Kitchen Whisk,ChIJYe1EhpwOZ0gRRs6b4z2v-dA
The K Kinsale,ChIJm6o6oONhREgREUkML7PEVEs
The Knitting Room,ChIJ2ab0WkwOZ0gRE4FjDihUTwg
The Coffee Knock Drawer Company,ChIJ4cFfHdILZ0gRytchrKdT09Y
The Knot Worldwide - Galway Office,ChIJ-09bK06XW0gRoh_cCXeX-Go
The Kodak Building,ChIJq0aV-R0MZ0gRPnPwCYnS3F8
Kooples,ChIJeZ2qstt4XUgRNndHQiRrAsU
The LAB,ChIJa0qwzYgOZ0gRRALPZAbW55o
The LAB Cavan,ChIJfTVwdRsNXkgR7kUMKs3Jh2s
The Lab,ChIJNwrTIHCbREgRFwvpwxLjKv8
The Lab Performance and Nutrition,ChIJJymFNH0IZ0gRPuGXzgkef_Y
The Lab Method Gym,ChIJh7xr_oYpW0gR7wQ7MNFgYGg
The Lab of Luxury,ChIJtSWstE9zZ0gR_m2RUiFYZiQ
The Lace Boutique,ChIJwTSjOy1tW0gRIFiD4GSIUns
The Lace Gallery,ChIJ1eyl-2hYXUgRwDXH2-b9FWg
The Lad Pad Barbershop,ChIJ9x44IBRDXUgRFt914oe4czA
The Lads Lounge,ChIJZ6DQzUgLZ0gRhJUjrBphm4k
The Lady Belle,ChIJqRNJ6JoXQ0gRx4BfKuHkJ4A
The Lagoon Restaurant & Guesthouse Donegal,ChIJ86ByW4ySX0gR56q2cUdoD7U
The Lakes Wellness B&B,ChIJh5xo3ODfW0gR7ZWp1doJMeg
The La-La Café & Restaurant,ChIJzUshgQgjZ0gRvuWbTa-PzoU
The Landmark,ChIJbUzUC64PZ0gRRaFxavZ7NbA
The Landmark Hotel - Carrick on Shannon,ChIJF6TyTquFXkgRd0dN8W-eKYk
The Landscape Centre,ChIJqbGWfQZfQ0gRnO_cR_wKRwU
The Lane,ChIJZ5yk-90PZ0gR1IXrY9TyoHU
The Lane - Boutique Residence,ChIJa9ymVe-WW0gRxLkcflDIpK0
The Lane Studios - Galway,ChIJfZTrs_qWW0gR7Yfj_gP8SPE
The Lane Winebar,ChIJ3XTEolKXW0gR0cZoyzR5hkg
The Language People,ChIJ145JxnQXQ0gRWipdh0Kdus4
The Language Place,ChIJybRr0qDOYEgRwJJ88rEvKhA
The Lán Kitchen,ChIJDZRnXW2LW0gRN0xZtQHfyXU
The Lantern,ChIJhbp5WktbZ0gRWbfg950gs8U
The Larder Restaurant & BrewHouse,ChIJL-khUJ0OZ0gRF27skVn9kw0
The Lark Concert Hall,ChIJKa_CpXcjZ0gR7PS1S7rAFjs
The Lark Inn,ChIJy0ig_SQMZ0gRIotNGcOctQQ
The LaserCare Clinic Dublin,ChIJs1zIOj3q8CQRe3SGmE-LNCM
The Laser Clinic,ChIJFfTJ_tYUZ0gR6BtujtZHVT0
The Laser Company,ChIJgU90ACsQZ0gR2Al8N9Rp5y4
The Laser Suite,ChIJc2BuhO51XUgRndzreb500J4
The Lash Boutique,ChIJgcf9VesIZ0gROWKp-rc9aHM
The Lash Emporium,ChIJI2ZQgwhcW0gR4TFkiYBW_ro
The Lashes Academy,ChIJXWehYGgPZ0gREvsGCvOFPdA
Thelashlab,ChIJzygo4eAPZ0gRY2ThAIfoWlA
The Lash Lounge & Brow Studio,ChIJZ5PL5GLpXkgRh224WMS2XeE
The Last Chancers,ChIJc2JvL82xZ0gRX8J2r4Uqx_E
The Bunch Of Grapes,ChIJW_6e2fqWW0gRObqxCKYC2yg
The Laughing Nellie,ChIJrTzdC-bDQkgRvjanyZDM_IU
The Laundry and Dry Cleaning Shop,ChIJY3jnnR0MZ0gRRXZzDbPT8a0
The Laundry Locker,ChIJFeRtnihjQ0gRxf1sgSulkKU
The Laundry Lounge Dundalk,ChIJTSzu5nbPYEgRkg52KL31cj8
Thelaundrymat.ie,ChIJne58O-IIZ0gRSlbduRV4Lww
The Laundry People,ChIJ1zmuG-1lWUgRKRuaFHvA59o
The Laune B&B,ChIJT8_slgg8RUgRkDUFtyK1VCU
The Laurels Clondalkin,ChIJ1039NERzZ0gRo9KCQOVt1xw
The Laurels Perrystown,ChIJ75vDTH4LZ0gRp251C-3G-q0
Lavender Massage Therapy,ChIJUzzuKXY6XUgRbnaonOxBc54
Geaney & O'Neill Commercial Mowers The Lawnmower Man.,ChIJi-SoC3abREgRDAmx3GJXIro
The Lawrence,ChIJ-RVbleL1XUgRL3NPXN_X3PA
The Lazy Bean Café @The Heritage,ChIJH45K74o1Q0gRwl5ZlPZHUJ8
The Lazy Cow Coffee House,ChIJfdGdwhbXQkgR-V3NUn_ag0Y
Limerick Choral Union,ChIJbQLLD2RcW0gREF3FDL6sza0
The Lean Six Sigma Company -Ireland,ChIJSQTmplXj_YsRUg3_7k2YQA0
The Leaping Salmon,ChIJaSKZIs6aREgRq-MzweR94sY
The Learning Abroad Co.,ChIJJUgyLYmRREgRxjYYDFR8F0g
Study Skills,ChIJYW4g5oSPXUgRo3VcB87CK-A
The Learning Curve Institute,ChIJgzca6jBkWUgRtotn5qCU6Vo
The Learning Rooms - Dublin,0x48670908539458fb:0xcefde0cb54adb82f
The Learning Store,ChIJibZ4bmGQREgR1ElUVYxj2ts
The Learning Tree,ChIJIUvdMWgOZ0gR2HpVP9MATuA
The Leather Shop,ChIJY4eZY8kNXUgRkiY08qICXGY
The Leeson Lodge,ChIJH79jIqMOZ0gRJK1wsga7UvM
The Left-Handed Chandler,ChIJ-ZKXuChtZ0gRST_9szSYiaY
the legal bookkeeper,ChIJO9TRAh3MYEgRAhI2-c2mGcc
The Legal Eagle,ChIJs45ziSgMZ0gRzzlvKUM3H5U
Legendary tattoo studio,ChIJDTNIXIEPZ0gRd1A9uwNohgw
The Leinster,ChIJT5hyIZQOZ0gRsVuxI85ThKw
The Leinster Group,ChIJj0qT4JcOZ0gR3brkez0hbjI
SPB Media Ltd - Hospitality Marketing Experts,ChIJj8WG8tEPZ0gRXTg4qCnAgXw
The Lemon Door Beauty Salon,ChIJJ4_kKg9rZ0gRmAIveVYct00
The Lemon Tree Restaurant,ChIJjfdKCs2UX0gRldbl4vvYmVc
Le'Venue Group,ChIJwWIwA14FZ0gR1fWJhHmw_QQ
The Liberties Tuscany,ChIJM3au0Y3LYEgRsJG2EHxM5zI
The Liberty Bar X Resistance,ChIJv0G8zhCQREgRNhXTRiZA3jA
The Liberty Belle,ChIJmxsUKSQMZ0gRBZ_rG6YXF-g
The Library Project,ChIJRWJZMoMOZ0gRqNhUBZXyAfw
the LIFE Architect,ChIJr-T8YyQGZ0gRELI1DLGUZZw
The Lifeboat Skerries,ChIJVVUJyAYiZ0gRzu6Qyy29vDs
The Liffey Press Limited,ChIJdUBnm5IPZ0gRhed3rgFVDVo
The Lighthouse Candle,ChIJNVhFJtxMRUgRt0eZ7lOqRvQ
The Lighthouse Centre,ChIJTxItUKyFREgRpeJYCfp6ntA
The Lighthouse Clinic,ChIJqahsjPoQZ0gR-yxpJWi30sE
The Lighthouse Coach,ChIJ76cK5gdFRUgRlkqcqD_LvAI
THE LIGHTHOUSE,ChIJS1YY2xqQREgRzRjxutbCipQ
The Lighthouse Inn,chij04nhkra_wkgr76nfs3vjszm
The Lighthouse Keepers House,0x48436d2da7c44891:0x4b2519e60bbec9df
The Lighthouse Kilkenny,ChIJsUxd5Yo7XUgR7MsEor8SNSQ
The Light of Our Souls Energy Healing & Holistic Therapies,ChIJxXg5YWQNZ0gR71R9psbCNfU
The Light Practice,ChIJ7TVS6xcPZ0gRsMxMK6znTwQ
The Lime House,ChIJkYGE9v27REgRMLIFdBFHQz0
The Lime Kiln,ChIJKzN4yGOJX0gRoRF1PlJ-Ev0
The Lime Kiln Gastropub,ChIJYZRcvHc7Z0gRdcpLHKVssgI
The Limerick Girl,ChIJBTf2JIlfW0gRsTf63Ebk-Cw
The Lime Store,ChIJbxWHIZkMZ0gR-iThhrbHijo
The Limo Company,ChIJKZsWmI_GQkgR0r1kP63Uzz0
Limousine Service Dublin,ChIJlcgERLgZZ0gRiO47q565fpU
Linenhall Arts Centre,ChIJu5raIXVdWUgR7OhaHkANtHY
The Link Magazine,ChIJ2RQiUKpxZ0gRoCL1dmvYjXc
www.thelinnetswings.org,ChIJbRFYaEPBXUgRhxdd2YoP4ss
The Lions Den Mallow,ChIJL5IYDBK7REgRZ_GKSeaUBWQ
The Liquidator,ChIJX1CQnfgLZ0gR5u0AN4rmFnA
The Lir Academy,ChIJayxotOwOZ0gRciMQbzHBP6I
The Lir at Work,ChIJ-7g_FQ8PZ0gR9F32IvxwmPg
The Lisdoo Bar & Restaurant,ChIJj4IKrqTOYEgRZjlWnAhoiA0
The Lisle Room,ChIJWSlwcWcNZ0gRe0bjj6H0eVY
The Lismore Clinic,ChIJW0zX3gVBQ0gR6vDdld3cwQc
The Lismore Food Company,ChIJm9rkEAhBQ0gR7q4viK5KkUk
The List Ireland,ChIJlcRb3pwOZ0gRVEVAPpHgpbE
The Listening Community,ChIJWVwsUo1xZ0gRWhf3ZGphfZk
The Listening Suite,ChIJ8xahv5UOZ0gRGKQMSWPqvKo
The Literary Professionals,ChIJmT2qUF8QZ0gR3qJRwYsKDI0
The Little Cactus - Speciality Coffee & Food,ChIJMbWCRusNZ0gRlND45_V1244
The Little Cheese Shop,ChIJ0z2AVsb7T0gRBPEJOzkEo1o
The Little Chip Inn,ChIJs4s3BDoZZ0gRz9d5079o4fU
The Little Duke Theatre,ChIJTyNssCA6Z0gRmIuv7lDQdPM
The Little Green Grocer,ChIJybYf3nU6XUgRoX9QcA8FBVg
The Little Gym,ChIJQ-vi2ttyZ0gR3Iaej-kLCBU
The Little Kitchen,ChIJQ-5nqqQOZ0gReMyte0dBKpg
The Little Milk Company,ChIJd8U2Q9wVQ0gRGtMXs8I9kys
The Little Mill,ChIJFXeo2Qo6XUgRZHFsA2ywWXE
The Little One,ChIJV5M8hN11Z0gReD5pGkO5bcs
The Little Pig Speakeasy,0x48670e9c802e7f67:0xc55e5f50c8b5c241
The Little Room,ChIJP086T35bW0gRtFGdIsZ45hk
The Little Royals,ChIJ6X5sDJ0cjQ8RKTC62x6cO2I
The Little Steps,chijgzdhf20pz0grmaozkj0oj-s
The Little Tin House,ChIJVbyUjlU7WkgRztdT5rDTrtU
The Little Wax Company,ChIJ2wncvaYZZ0gRaFfhWrMXnjg
The Little Wooden Peg,ChIJv6DeJdwHZ0gRWN2MwWC-R3k
Jumbo’s Llama Bar & Grill,ChIJtyw8z8T9Z0gRx7kw0uNE4cQ
The Lo-cal Kitchen,ChIJcdL1ZAsNZ0gRZ8vpYeySWb8
The Lobster Pot,ChIJoV65wsYOZ0gR3eGSKAjf_2A
The Local,ChIJMzRj3iAYQ0gREhwMmjpH32g
The Local Bar,ChIJt3Eu-wqQREgRrtrYSZ0BG04
The Local Cafe,ChIJmUaH8fQNZ0gRNFmR2f1kd7I
The Locksmith Galway Boss,ChIJHQWbO9aXW0gRr7xaSDEcxTg
The Locket Shop,ChIJI34BbC2fYEgRQdsVXHSTr6A
Canal Bar,ChIJd-67ZnUNZ0gRDF3rmPkV5s0
The Lockman - locksmith Dublin,ChIJD5xHiqQSZ0gREAfxV3Zc8t4
Lockup Records,ChIJj-vJPKXOYEgRp0BpnDy8Mu8
Wilde's at the Lodge,ChIJs-B4GS_DW0gRmchsLNejx2M
The Lodge Ballina,ChIJU9tnP5E3WUgRgajv_ztxrzw
Pottery Painting at The Lodge,0x2456b041aff640b:0x412411ac553b73a2
The Lodge Bar & Kitchen,ChIJ5RPxFzCBREgR0okqGG3-J7k
The Lodge,0x485c1d60f60da82b:0xfe4361010a61e87d
The Lodge Montessori Preschool,0x48670ba7a73bf5c3:0xd146990009bddebf
The Lodge @ No 10,ChIJYawWfZe9W0gRI1Br0z9_nAA
The Loft at Devils Glen,ChIJLdW58aG7Z0gR_KdI1Ji7yJM
The Loft Ballina,ChIJfcm1jJE3WUgRD3p2kTecQMQ
The Loft,ChIJL3lPbi0MXkgR9qYO_0-Bdtg
The Loft Hairdressing,ChIJ50k4k8ENZ0gRI5CVkg4e76k
The Loft,ChIJL0gdMA7dXkgRXkI4xLO-0xw
The Loft Furniture Superstore,ChIJA2TuFRGQREgRu6xZOOEXHYo
the Loft sws Brow Bar,ChIJZSBweVoPZ0gRiRieO5ZgLgM
The Loft,ChIJbX0v3UQbaEgRvU31zDr1ccE
The Logo Centre,ChIJC9CVC7urQkgRXUPjcGKXkg4
TheLogoShop,ChIJ_ZaPBVlyZ0gRDYSJg0Xho1A
The Log Shed,ChIJ6S2vRkQJZ0gRBjTY1dBvivY
The Lone Arranger,ChIJiyIo9W9mZ0gRjo306ngddOA
The Long Barn,c30ea384e479e6bf21fe53b528262135
The Long Dock Pub and Restaurant,ChIJ2ZjoudTDWkgRbcLuUAPV170
The Long Walk,ChIJJdJ9tiERZ0gRwmY6EFgAm2k
Long Yard studios,ChIJk-81bxmQREgR3X5jMnVX9t8
The Lookout Budget Accommodation,ChIJ37TfvLMTX0gReb9peNGqXeM
The Lookout,ChIJtXvtDAkHZ0gRIajNXiXkuOQ
Victoria's Secret,ChIJyUI5_LkRZ0gRP_Jy66XRfgQ
The Lost Valley,ChIJ1zhWI5QpWkgRB8VkPABsQcM
The Lotts Cafe Bar,ChIJ0XdmbYMOZ0gRzhQBeKi5pTU
The Lotus Loft,ChIJM7G8fkCvZ0gRkwk89Agvaik
The Lough Hypnotherapy Centre,ChIJ1XDYdSCQREgRS44jF2tLiWY
5th Cork,0x4844902225a74b89:0xe996103dba6294d1
The Lounge Laser & Skin Clinic Midleton,ChIJLa9qIJtjQ0gRITebSCKEdwk
The Love Bugs Wedding Band Cork,ChIJzU0wv6ZtQ0gRaMF-uiJncaA
THE LUME,ChIJgy-EMtMNZ0gR80ApUSruxrE
The Lunch Bag,ChIJF6BqIjeTXEgR4YWOWtZLNbo
The Luuma Club,ChIJx83y4SAPZ0gRgQ4Z9YiCf04
The Lux Flowers Webshop,ChIJH4pZ4J2DREgRqcBJc6uuEXo
The Lynnbrook Centre,ChIJh9Sp1IMzZ0gRc3CGOb1wYfU
The Mad Ravens Musical Theatre,ChIJn3hQVe3DXkgRl-44NbVrrto
The Magician Simon Ryan | Weddings & Parties,ChIJj7f4vpk5Z0gRCxdpaaQ6l9Y
The Magic Roundabout,ChIJFcH1IjAGZ0gRH856UWmH0tA
The Magic Spoon,ChIJjaQrHhU9XEgRjI_jgeT4-t4
The Magnet,ChIJUbnGm6uFXkgRwOBTngnLZKA
The Magpie Collective - art and apparel collective,ChIJLcxc_XurgIMRhlOsi98-MDY
The Maintenance Crew,ChIJM5jnTt-3IocR9MaqzMD9Prk
The Makeover Studio,ChIJe358G6uFXkgROZ_UDIoyZ2U
The Makers,ChIJS9ptCmfNYEgRuZITSQ2Tz74
The Makery,ChIJqQwoyNUNZ0gRghf3N68QZ-c
The Makeup Genie,ChIJqSoH9WOFREgRknlv_4D4OSw
The Makeup Studio,ChIJmb6WfFgPZ0gRDlN4f_xu8m8
MAKI Sushi,ChIJ9T3u-J8jXEgRr-Q5CF5pvgM
The Male Grooming Bar,ChIJr_W2p7iWW0gROd-J6TlUWAI
The Mall Boutique,ChIJK6cKMqJkWUgRTliPmYI7LMo
The Mall Curios,ChIJo37SqcHEXEgRHz9WMvEH8_8
The Manhattan-Beer & Food Co,ChIJiYd-G40PZ0gRwlDiycHXRPo
The Manicure Company,ChIJiYes-4XGQkgR6if4V0id1Vk
The Manor Boutique Manorhamilton,ChIJ_-uDN8LwXkgRq4FQZU3v2nU
The Man Salon,ChIJ74_AudAxXUgR5dg0OUtsOnI
the mans shop,ChIJT0pytP3DZ0gR675riqIaGRA
The Map Centre,ChIJO9HWGSzHQkgRXiwWWbQd1do
The Maple Clinic,ChIJaZDnEtAVZ0gRiBLfd2uKbzI
The Maple Tree,ChIJu9zMqEF0Z0gR52Koh4p58Io
The Map Store,ChIJszS6TnRdWUgRl1gOK-c3cHQ
The Marcy Hotel,ChIJAdMLVSc6Z0gR3wUBuu9G4qM
The Marian Centre,ChIJpZ4u5naoZ0gRi7pq4pFYiLU
Marina Inn Dingle,chijssyderj7t0grkldatxmlkp8
The Marine Ballybunion,ChIJvZVbj9DFWkgR8Hta_XaNppc
The Mariner,0x485964a169217c37:0xa4b96c3607b2d98
The Mariner,chijgxymesuwz0grnr9lcikgyjm
The Maritime Hotel,ChIJueTN0UGQREgRUi2E15WBih8
The Market Bar,ChIJNbxe4abOYEgRLYFT1Weh7L4
The Market Bar,ChIJNbJ13SA6Z0gRW0-x-sQHZDg
The market,ChIJpyEWLS1tW0gRUg70y2rgZ_w
The Marketing Crowd,ChIJj5ZCr-dFRUgRZ4bn_vgajsU
TMD | The Marketing Department,ChIJETwdmQZJXEgRKCxhDkijLdE
The Marlay Nursing Home,ChIJF-4mwTIKZ0gRlXGisgE5cS4
The Martello Hotel,ChIJ-Wbo52ioZ0gRpenllhJKDro
The Martial Arts Academy,ChIJz1m6E4kIZ0gR5NkXAHiRf-0
The Master Chef,ChIJZYBs8qxCXUgR64K_BmPvwBQ
The Matcha Bar,ChIJ7YOVXZwOZ0gR-4u31sYtknM
The Matchmaker,0x4867a7faf868298f:0x932feff46e3bf2f0
The Max Bites,ChIJVeSGFaWRREgROP3tPj-guMI
Mayo Medical Centre,ChIJd8rajxNdWUgRpX_lqbSL5hQ
The Mayson Dublin,ChIJHZt6QLkRZ0gRiQMvO3ubn48
The Meadows B&B,ChIJKaLT2WcbYEgR9dm5K6Gd3F0
The Meat Crafter Ltd,ChIJRQeHYbvJXEgRc8rogXgdJlE
The Meath Dental Clinic,ChIJ63YWpB8MZ0gRCVL-a7up7d8
The Media Centre,ChIJ60aWfhmTREgROxSGkOK2jqo
Mediator Trace and Serve,ChIJXSnQ4yJyZ0gRNH6-VzgDMdU
The Medical Centre,ChIJ2x9SQeAPZ0gR5Zdr2lrecRM
The Medical Hall,ChIJd_xTa06FXUgRrPlBsFWFSP8
Old Connaught Cemetery,ChIJ-YZBGwKnZ0gRx4FIhn289CU
The Meeting House,chij5qewlp0oz0grdtgsinuzek8
The Meetings,ChIJYWSr5qzBZ0gR8sN676IgLZo
Theme Events,ChIJO3n_ysITZ0gR0fFOGgYQPmA
The Memorial Card Company (Partnered with Baldoyle Print),ChIJx5TH6DcFZ0gRXq2HurYQSdg
The Menopause Coach Ireland,ChIJCUwTPmq7QkgRZOrkcC3mIPs
The Menopause Hub,ChIJkS_tETUJZ0gR65KCifsUuF4
The Men's Corner Barber Shop,ChIJzVSAPe79XUgRfomzMgZFdkg
Menswear Outlet Store,ChIJEZTALoIOZ0gRLfGtcUuQcrA
The Menu Cakery,ChIJU35mKLKNREgRJTeiGPuMYRQ
The Mercen,ChIJhUiucgQSZ0gREYQI6qzRTXI
The Merchant House,ChIJQzgdKZ0OZ0gRexRvm5PHd9E
The Mermaids Garden,ChIJVVVVVdFUWkgRNcXBN8Yf-V4
The Merrion Barbers,ChIJ5-_4DtUIZ0gR8IqMjPU_JVc
The Merrion Shopping Centre,ChIJKcSRhdMOZ0gRvc8CfECi6rQ
Merrion Wellness Ltd,ChIJL8mtsBYPZ0gRE5VAdLPwlqU
The Merrion Inn,ChIJ8evnX9QOZ0gRbVdn8GBwRqA
The Merry Mill,ChIJSYX_U1pxXUgRBBOjS3mc4iY
The Merry Monk,ChIJq4BsUIM3WUgR1DyAKUlFtU4
The Metal Man,ChIJE1WvN7UKZ0gRovP-FQzf0ZM
Leeside Leisure Centre,ChIJLZuKjA6QREgR-26SC2oVNtc
The Mews at Burgage Stud,ChIJ1a8RjnxFXUgR62whSsgwUNg
MIB Institute of People Development,ChIJyVUVI0BbZ0gRaJJx3MdwAWA
The Middle Child Bakery,ChIJPWVTy2APZ0gR6lwlHy3BdwI
The Midlands Training Institute,ChIJwa3JsfOzXUgRHbJeAGIzR8w
Midleton Bike Project,ChIJlZ2PiLZjQ0gRfPcaQxL0kuA
The Midleton Hub,ChIJua_hKMZjQ0gR9vbsUC84LIs
The Mighty Stag,ChIJ49gH4ivHQkgRw9WqsPeDqiU
The Miglio Closet,ChIJ0x3-_f0HZ0gRurohPu424Ak
The Mediators' Institute of Ireland,ChIJwSJf4C4MZ0gRK_3KXP9W6TM
Milk Market Cafe,ChIJbS0osuRhREgRa24xtb5OEXI
The Milk Thistle kitchen,ChIJBesF8KtEW0gRcmiuIj5H3j4
The Millhouse Bar & Grill,ChIJmSMXJ9leW0gRuiRogbDmZ_Y
The Mill Enterprise Centre,ChIJ6XwCFvdrXEgRU2Psqd8asx4
The Mill Dublin,ChIJHXq66H0NZ0gRwM0DAUsaP-0
The Mill,ChIJT586FQOJX0gRxnWtzD3opqU
The Millhouse - Exclusive Georgian Manor House,ChIJ_YAwzEVGZ0gRx8pngg7ChNo
The Millrace,ChIJ-zMN9OgiZ0gRTThZ_7kJJ_U
The Mind and Body House,ChIJb1BI9UkRXUgRmuqv3n3vXp0
The Mind-Body Engine,ChIJCQhhw8aLXEgRj2-bjfggCC0
The Mindful Space / Martello Counselling,ChIJ9ccvIsQaZ0gRbnBSbkY0A6o
The Retreat Online & Mobile,ChIJkSvMEVthREgReNn7R48KJgQ
The Mindset Explorer,ChIJY7iVNWCbREgR_LWqyNma5cY
The Miners Bar,ChIJTx6FDR-MXkgRqspDW1h9pPg
Mini Gardens,ChIJxeVm3j93xwgRldWZN-u2hyg
The Mint Cottage,ChIJI8jmBo0PZ0gRheBlj20xRok
The Misty Hollows,ChIJMQFTwP6zYEgRWwhJrr1RZvQ
The Mix Interior Design,ChIJGWGpof2PW0gRMoU8d6cqYF4
The Mixtape,ChIJM4NwdZ4OZ0gROiDBYBMggQo
The Mobile Welder,ChIJA2BcabLIQkgRcydQGb0DSYA
TheMobilityShop.ie,ChIJ68naA1oNXUgRRkeFAqioheY
The Model. Home of The Niland Collection.,ChIJSTbk_jXoXkgRwMRl9qDakwQ
The Model Farm,ChIJg3ZMj-eRREgRe5zAfZNbuKQ
Barnagowlane West Wedge Tomb,ChIJ9XV6pdAJRUgR_47LjNKpk_g
The Modern Body Clinic,ChIJucVP9gB3XUgR3kv89d30GVE
The Moderne,ChIJIZ2VQRCQREgRhJlcBD-8b_o
The Moher Soap Co.,ChIJZQ2e1YIHW0gR5TTfSVbdhBc
Monaghan Fix,ChIJiVJn4BmfYEgRfU1zhzDewAA
Monastery National School,ChIJYbWXVG6yXEgRCzpK35Wt-CU
The Money Advisers,ChIJ5wUD45V4Z0gRa-a1fVAx-ms
Bridgend Bureau De Change,ChIJQxbhaZvjX0gRkm7xSf-FRM4
The Monks Society,ChIJsZr7gDJtW0gRJjgo3aklQ7o
The Montenotte Hotel,0x48449abcf55a910b:0xa2889df641d67d0a
The Montessori Circle Clontarf,ChIJD8JXz54PZ0gRL8GvNr5OBlA
The Mont Hotel,ChIJJ65VLDoPZ0gRsiY_paOiFXM
The Mood Designs,ChIJ_yQvGI1dWUgRq4rnvPH4MlE
The Moogs - Wedding Bands Ireland,ChIJ5Ulbmp8aZ0gR1El8Vu-piZg
The Moon Beauty Salon,ChIJDw9K044OZ0gRQxM3wGSpsko
The Morehampton,ChIJufgbNwsPZ0gRo7-MIxB_fZ0
The Morgan Hotel,ChIJISjK0PEMZ0gRLn5bYGkhZdc
The Morgue,ChIJU41W4JoLZ0gRK2c4oGp2vsI
The Morning,ChIJR4BTCiAMZ0gRGPAjJpGjQEU
The Morning Star,ChIJR4ukRzYNZ0gRQ4fJkMPPWQA
The Morris Bar & Grill,ChIJPetDbQAPZ0gRi-2s6MbJxQo
The Mortgage Architect,ChIJpwsP01GRREgRIKcvzL8gJe8
The Mortgage Shop,0x4860cc021b476759:0xea2ef4e822af66ed
Mortgage Brokers - Mortgages | The Mortgage Team,ChIJw98cXZnGQkgRNIkKBhx_9Fw
Hypnobirthing | Dublin & Online | The Mother and The Gaff,ChIJzSWwAa0NZ0gR9cEAXK3Sqdw
The Mothering Psychologist,ChIJy2y2AwJbZ0gR1GbNE90FTes
The Motor Medic Ltd,ChIJeaNqPDhzZ0gRR1XgwEdE_G4
Mountain House,ChIJJZ7TqWJRREgRKWtadiBCxMY
The Movement Fitness Club Macroom,ChIJratNRrLlREgRHjSIieIoPLQ
The Movement Hub,ChIJh80BgB8PZ0gRqJ3Nl05BCrQ
The Movement Studio,ChIJUTLFoPULZ0gRj_aIltqOVKc
THE MOVING BODY,ChIJy6qvMR8MZ0gRcw4qRqctCqw
Tiernan Brothers Foxford,ChIJ4dlAgV1PWUgR_GG6b52EupQ
The moyne healing room,ChIJ44ySLH3_Z0gR7hPkPJW7v6o
The Muff Liquor Company Experience,ChIJcZmvbJwJYEgR299J60w9UGY
The Mulberry Bush - Childcare & Preschool,ChIJqTsV7VAJZ0gRGJH4izCfmwQ
Mullichain Cafe,ChIJK7QTvEezQkgR3yOtPrPXe6A
The Mullingar House,ChIJa3HEDuMMZ0gREU-VqXqeWoc
The Mum Coach,ChIJM-KIV8KdZ0gRwyU_BiNd-N8
PowHer Strength,ChIJuZUkfq4daEgRFO7qCJ_1uoI
The Muscle Clinic,ChIJm3jRwgkPZ0gRS-sY_Oa7GZo
The Muscle Junction,ChIJj6xmFOwRZ0gRyf2nMgYGzM4
The Muscle Mill,ChIJdUC3ZW6KXEgR1edj8S-h28o
The Muscle Therapy Dublin,ChIJYXiGBJpxZ0gRFRrzoArdUV0
The Music Institute,ChIJGwm1CwEMZ0gRABwIFZTR7go
The Music Makers of West Clare,0x485b02d1af6c8c55:0x2842dee345e57b32
The Music Outlet,ChIJwTQFV-4QZ0gRsXLnvlLCW2k
The Music Room School of Music,ChIJWzC7324JZ0gR51NnWYrn--4
The Music School,ChIJUwyVLMKvZ0gRqtj-Ys6hV1o
The Music Store Cork,ChIJ7zZxDgSQREgRKus-_Fo6Pc0
The Music Workshop,ChIJeadyTpRnXUgRxiwU_O1Y36w
The Musix Factor,ChIJa7WgCyQKaEgRLmy0T7F-dMc
The Mystic Fox,ChIJJaC13VtKZ0gRj3bng78QtCE
The nail club by Patsy,ChIJs3Upe3TTXUgR_b_pRFl3RPo
The Nail Designer,ChIJY9rHRyI9RUgRs1ZRfme-wKA
The Naked Collective Limited,ChIJTxJwZ8pxZ0gRgHv68zz7U9c
The Naked Sheep - Alpaca Trekking,ChIJK7d5FGpvRUgRjSkvaPh0szA
The Nameplate Company,ChIJk6664YEOZ0gRBpqZop8EI9k
The Napoli Express Donegal Town,ChIJo63N6xWpX0gRCzDt-HJlnLY
The Narrow Quarter Bistro & Coffeehouse,ChIJUwzXMWDxX0gRcgxAacIW_uo
National Platform of Self Advocates,ChIJt6As6SsMZ0gR1WMU6aU-5VI
The National Stadium,ChIJSYg6ZBYMZ0gRVhlo66Y8eis
The Nativity Story,ChIJtdunz5ulXUgRcEhRJUOcd4c
The Natural Bakery,0x4867062144a1244f:0x92c6907836052603
The Natural Clinic,ChIJl1YOahqQREgRdEWk484b-3o
Natural Cut,ChIJy_TvgJwOZ0gR15mcVZUI4QY
The Natural Path | Holistic Health & Healing | Natural Health Clinic,ChIJiZ8hnDXoXkgRScwt8MbBo78
The Natural Sleep Company,ChIJkSEUnAxVQ0gRTqMapXIdFnU
The Nature of Things,ChIJq4STm9gPZ0gRax2VWRi75uU
The Nature Trail,0x485e645e1b42522d:0x971ca1c8b070ce1b
The Naturopathic Vet,ChIJE5pnUopMnw8RAUFAZ_3Wfn4
The Navigation Coach,ChIJ8WOB0-03WUgRaQlS8ngDOME
The Neale GAA Club,ChIJBwOBWtfCW0gREVBbYfp7utY
The Neale National School,ChIJT4BTq_XnW0gRtPghHjavqqA
the neighbourhood cafe,ChIJ0XqRzA6RW0gRGQO5dVEnnuA
The Neroli Room,ChIJcabJ-CQFZ0gRhRw2GCwZKVY
The Nest Boutique Hostel,ChIJw891NlOWW0gRzkRSANeNHO4
The Nest Accommodation - Youghal,ChIJjb-1_tFtQ0gRrljyWXmlElg
thenet.ie,ChIJ4zVfhJ8aZ0gRXHS8-xT_CCg
The Networking Hub,ChIJYWja4OwJZ0gRY0Xy2hl5hL4
The Networking Institute,ChIJ_Z3aJ-EJZ0gRCwA5fFLoe28
The Newport Shepherds,ChIJOwmRSHNxWUgR9SHBV6RxgvI
The New Sizzlers,ChIJzQlSXNkNZ0gRUcNOOPP7PdI
The New Theatre,ChIJ8bg6S50OZ0gR6K_kPwPgtBM
The New You Clinic,ChIJq7_VODToXkgRXdqpAtSVDTI
The Nightmare Realm,ChIJgxp1YcYOZ0gRQJI1OcW969w
Noble House Chinese,ChIJs_WLv9oRZ0gRVT5XOhwovks
The Nook County Dublin,ChIJLQy50nGnZ0gRiSyR-3h2S8s
The Nook Sauna,ChIJ8YdBjm4bXkgRhq60pCMvg6M
Notorious barbers Athlone,ChIJJeiUdKdJXEgRwJEc5C2Ju1E
The Novara Centre,ChIJ_5ogdmioZ0gRuqwGkAVtEuE
The Nucleus,ChIJHybru3cPZ0gRVT54BbZfoeU
The Nude Wine Co,ChIJaRTEQYl5Z0gRi0PMgbMfa34
The Numbers Academy,ChIJmzwVQCWfREgRjl5xZTcdAQ8
The Oak,ChIJ97xdW50OZ0gRQChOn9bLD24
The Oak and Rose,ChIJQbc7GA8TX0gR-WvZQv0YbTo
OAK CENTRE,ChIJ78qYlrltZ0gRaurP_QXdUtQ
Oak Room Restaurant,ChIJHw4vRi0MXkgR5IPYvkheWeA
The Oar Bar,ChIJnbN7H1uBREgRDuSK84Rox6A
The Oarsman,ChIJeWGMaa2FXkgRCNs0l5g5x8Y
The Oarsman,ChIJ8fNuzegOZ0gRMl6sBrwrrFM
The Ocean Sands Hotel,chijfyi-omwxwugrqbgchdcclly
The Odette School of Ballet,ChIJW1UHKEEFZ0gRwPE8iHQavf0
Theodoro Wedding Photography,ChIJNejFtH2Nu6kRbAgSfYj33_k
The OffBeats Wedding Band Cork,ChIJXfEEcx6RREgRofEc5vngZRg
The Office,ChIJUQ3LGVt4Z0gRbNcuMOyhkHY
The Office Centre,ChIJjXnDnukNXUgRUTEPpPV4GcA
The Office Centre,ChIJxcYAB9INXUgRv_Sfw8t85Zw
TheOfficeStore,ChIJrZohkxsTZ0gR7PEVuWC6kQs
The Office Suite,ChIJRTGtOXgRZ0gR8I7qEV3fBV8
The Offsite Group,ChIJ_zxDZuiPREgR0b6S_cS0kmM
Theo Hanley,ChIJl-WZzIsIZ0gR2Czwz2OuoTU
The Occupational Health Team Ltd,chijuwmtensvyugr2_okx47lc28
THE OIL STORE,ChIJJTnt6b0SZ0gRD3-ry52bev8
The Old Bakehouse Restaurant,ChIJc4t-XtcCW0gR5UPtmmVrh1A
The Old Bank Town House Bruff ( Book direct and Save),ChIJdQWU4-BTW0gR6FPqvTLZdOc
The Old Bank Dungarvan,ChIJvdXJ1CAZQ0gRMR3e6jhATVs
The Old Barracks Coffee Roastery,ChIJ0To_0wqfXEgRjiyDeS8-3aM
The Old Barracks Heritage Centre,ChIJB5_rqmfzT0gR-2ZyLoDqjmE
Mountain View,ChIJhebRXHCsRUgRc0LRNZZLD8k
The Old Beach Cottage,ChIJ8SpHKZmYWUgRfGLcq3UxmRE
The Old Coach Inn,ChIJb4seO6q7YEgRNhrM5VhC2fE
The Old Creamery Cattery,ChIJhcpaoyifRUgRsclRKd6GPok
The Old Deanery Estate & Cottages,ChIJnaMcaGj8Z0gRcefpF-c9aNE
The Old Dispensary Kinsale,ChIJC-2JoPphREgRQMfPuI7bzNE
The Olde Bakery,ChIJR3LfoPphREgRV0PzJF7x15Y
The Olde Brewery,ChIJUfdtJUyQW0gRV411-qHfyKE
The Olde Brogue Bar,ChIJg_x9Q2TfWkgRcW5vzRzCOnc
The Olde Forge B&B,ChIJU6NVLkuPT0gRbEDIVAQ287g
The Olde Post Inn,ChIJr8GBNX4RXkgRyrZHR9_3ofg
The Old Exchange,ChIJiTPNCE07WkgRJI-GewYU2u8
The Old Fisherman's Cottage,ChIJV8TgtqGYWUgRrw3PBc_1Q9A
The Old Forge Glamping,ChIJGeTgHH32Z0gRW1LDmtojNV0
The Old Garden,ChIJ_8u525V7Z0gRZpCFJezQEQ0
The Old Grainstore Westport,ChIJ-WWl4aNkWUgROF_iRH2rqXg
The Old Hardware,ChIJUfyFlEF9XUgRP0B1_Z12kIw
The Old Imperial Youghal,ChIJM3Zk7w1tQ0gR0Pagk4iupbk
The Old Melon Yard,ChIJI-vJ9QgbZ0gRMmExZ-JHqSo
The Old Mill Stores,ChIJlbFfRZurRUgRhZjIDX7peC4
The Old Mill,ChIJ5emGLC4LZ0gRFOPxshHD6Bc
The Old Orchard Inn,ChIJ6dZPqJMLZ0gRzBHGPp3UAJc
The Old Parochial House Bed and Breakfast,chijm3wabfrkx0grbux1u4s1aku
The Old Post Office,ChIJRddnawBFXUgRiaP7I4mw5bo
The Old Punch Bowl,ChIJff5BLdEIZ0gRXpSQ3zc-Ce8
The Old Quarter Gastro Pub,ChIJ3fSeJWZcW0gRm3Bzz0UXYng
The Old Rectory,ChIJ_fBoE2mPZ0gRCnpbqRj3RII
The Old Rectory Country House,ChIJAaCHhlpjXkgRcab_zvPXohY
The Old Rectory Trim,ChIJ9R12T5FfZ0gRnL5xHJX7gVo
The Old School,ChIJcTlQgjmxWkgRFtr0SaGCpr8
The Old Schoolhouse,ChIJcxD9X-UQZ0gRqAufJ1VRlrs
The Old School House Cottage,ChIJwdmVV0vKQkgRlpFzYktOpUc
The Old Sea Dog,a8cacbf35ec51a3aeea065ed056107d8
The Old Smokehouse Restaurant and Accommodation,ChIJRzAKosb7T0gRcAHedTUXpek
The Old Spot,ChIJsx_vauoOZ0gR-Aul2e4fO_o
The Old Stand,ChIJMdEljJwOZ0gRBxkvK7TJW_0
The Old Stand Trim,ChIJR3rlghleZ0gRlQ3jehO-0qA
Old Stone,ChIJW3cG8TmpX0gR8mV3AZWblw8
The Old Storehouse Bar and Restaurant,ChIJiTBhtJwOZ0gRQVe4FWJj5Kg
The Old Thatch Bar & Restaurant,ChIJ944Oa79vQ0gRBNyb9o6te90
The Old Yard,ChIJI0BXIclmXUgRWfTqVnqGWxU
The Olive Branch,ChIJU13-t-lWREgRp28tmbCsJqk
The Olive Cafe,ChIJR-4epJLCQkgRd6xF47eitCU
The Oliver Plunkett,ChIJv0Fo6Q-QREgRoxb7R49S_YQ
The Olive Tree,ChIJA2nn4qqFXkgRpKc1qYMute4
The Olive Tree Restaurant,ChIJIQU_PWhcW0gRYTGKXzQz6bk
The Church of Ireland Theological Institute,ChIJh7Ykb_sLZ0gRJaNlbUtfcnY
Véra Hameau Cork Homeopathy for Health,ChIJ89hpP3KFREgRf4g8Rurn9jQ
The One,ChIJZb8wp-cNZ0gRpC_ZwyaB7sY
The One I Love,ChIJaQgi_4gDXEgRQTd5ICrnOD0
The One In A Million Globe,ChIJyTvlNqIMZ0gRJAOXXEPjoss
The One Stop Homestore,ChIJf79rS7xfQ0gRlyTQ8C_yb78
The Open College,ChIJu_0jWLIJZ0gRh4KnPsJFEUI
The Open College India,ChIJU7ROFv4IZ0gRLklSbbnECHs
The Open Community,ChIJ1eNNDfpIIkERWpWAqU2toGU
The Open Window Gallery,ChIJReWT3AIMZ0gRkipkBkdBvV0
The Optical Shop,ChIJjalvw8YIZ0gRUr_QPNyvD0g
The Orange Goat - Ballsbridge,ChIJjf-RksQOZ0gRTFg2r9C0H5I
The Orange Room,ChIJR_WiSDA6Z0gRyeaU_YypyRc
The Orchard,0x48677106f1cb416b:0xac63b6838ea9f065
The Orchard Bar and Squash Club,ChIJZbAqYKuaREgRJxy9FRBhzkI
The Orchard Centre,ChIJZ4RzvvHtZ0gRbrWqALn7YVg
The Orchard Clinic,ChIJM8T-GvITZ0gRqvDHlh5-7WA
The Orchard Creche,ChIJe4NizhPzW0gRqUYZG3yLhW0
The Orchard Salon and Day Spa,ChIJvxU7CoUwXUgRLEoIeQv5XfU
The Orchard,ChIJq9PZcWWvZ0gRNUKuoQDro0A
The Orchard House,ChIJhQoFvsYhe0gRYQOKQfp1Nnk
The O'Reilly Centre,ChIJ1yP9oR8MZ0gRRyfYSpqLTjE
The Organic Centre,ChIJJXOCIv74XkgRfAkUgk3KiM8
EcoLogic-The Organic Food Store,ChIJPT7w6VoJZ0gRYTJganuFSEI
The Oriel Gallery,ChIJKzhNxpAOZ0gRPbi4liXiNak
Orient Asian Restaurant and Sushi Bar,ChIJRQoC1R9wZ0gRiazz-85vFH4
Origin Gallery,ChIJ1fI7yZcOZ0gRtXE8XLK-JZE
The Ornament Shop,ChIJAb15Z1t5W0gRFVj2aXnwS9Y
The O'Rourke School of Ballet - Caragh,ChIJgwqPbxl_Z0gRZJpFMljh83g
The Orphan Girl,ChIJk87yln7dZ0gRRdTVs3WlIFA
Driver Theory Test Centre (Prometric Test Centre),ChIJaVDdbesOZ0gRIPyLZemm3MY
The Oslo at Sandyford Central,ChIJndLDSDkJZ0gR7K2YUym-bhI
the Other clinic - Counselling & Psychotherapy,ChIJQXwG4uQPZ0gR1QarEzcd-lE
The Otto Clinic,ChIJUx-iZmNcW0gR0ZSR4FtbBrw
The Ottoman Beds IE,ChIJFbtMvHUPZ0gRjyTVUypkaPg
The Ouncel House,ChIJE8SlNAM2XUgRLw_kzHT5QT0
The Outboard Centre,ChIJUy2uu0qEXkgRT-BNAY1UORw
Portwest Ireland - The Outdoor Shop (Galway),ChIJQZle0PqWW0gRXt7mlofUkMU
The Outing Festival,ChIJLSLgVltrW0gRN3e5jOeVMcI
The Oval Bar,ChIJW--8YIQOZ0gRi_8uV6kItkI
The Ovens Bar,ChIJzU9v7w2SREgRd5sNdXcRvZw
The Overdraught Restaurant & Pub,ChIJf4xZ4rKHREgRMBSKwkEv0H4
The Owl & The Pussycat Daycare & After-school Club,chij9a4uno6exegrxrkq702ktoa
The Owl Tree,ChIJfSkcxZKXW0gRUI74SU15ccM
The Oyster Tavern Tralee Co.Kerry,ChIJBXL2WR9LRUgRq2EB9nnipkw
The Packaging Centre,ChIJdf69wbAMZ0gR_f2i4-n4YPU
The Paddle Shack,ChIJZ6eGPPeFXkgRX8ZxtmQVcqo
The Paddy Box,ChIJHVzaoiQRZ0gROMAx0-XfEj4
The Paddy Dakar,ChIJqcDs4WmlXEgRCwRQlR1qn04
The Pain And Muscle Clinic (Wexford),ChIJyzIRcbYdaEgRyDLF8DihOhY
The Painted Pot Studio,ChIJLRspB4ItW0gRfXYiX2FW6Rg
The Painting People,ChIJCXnf0JUIZ0gRBOtdLTL5YcQ
The Painting Professionals,ChIJxwKYihxyZ0gRu6ZOt30GTkk
The Painting Studio,ChIJHViCuVKWW0gRJZXUQkN8MsY
The Paint Mill,ChIJZ8V51OBbZ0gR2JeSVAQKexo
the paintroom,ChIJl_li66VzZ0gRTXYhJWic_S4
The Paint Shack,ChIJzzfk9g9JXEgRgjsSMsUs15I
Palace Venue & Nightclub,ChIJj5w_CIalXUgRyCYpiUUWuBY
The Palace Bar,ChIJY8EByoQOZ0gRSMYJds1CQHU
The Palace Restaurant & TakeAway,ChIJsy7Y5-Z_XUgRCiSsrh_1nmA
Chep pallets,ChIJvXnSN--eREgR51qwvt4aClk
The Pallet Truck Guy,ChIJk2uHoooNZ0gRxBBZl3cdFFA
The Palm,ChIJyZbeVt6pZ0gRT9pN_L1clUg
The Palms GP Surgery,ChIJF6oqqlrmZ0gR69Pe5Gx7cI8
.,ChIJD2Sg_bDnZ0gRfZ_tV6SD_Ao
The Pancakery,chijrf8qligmz0grv45nbkisjoa
The Panel,ChIJHXFLUpUOZ0gRZm0zejakSzs
The Pantry Cafe & Walled Garden - Portlaoise,ChIJM_xARMwNXUgRsJP8RdAUvY8
The Pantry Ashbourne,ChIJ96NEx_0VZ0gRdMw1qWTesoo
The Pantry Café,ChIJlzJm00SRXEgR63hLZ6jg7kU
The Pantry Wexford,ChIJs8yg1dsbaEgReWUi2OQsmc0
The Paper Clip,ChIJQSMNDUsLZ0gRbZQ_Pa6XpQc
The Paper Lane,ChIJx3ENTAJJXEgRPlUz6hlziOU
ThePaperPress,ChIJL8y0fYHoX0gRtUErSwhjHzU
The Paper Shop (An Siopa Páipéar),ChIJsdMZRWETXkgRqS9noMzKGHI
The Paradise,0x485fb9abbac41057:0xcd7b8283e3040ea6
The Paragraph Challenge,ChIJ9zHXZlYbZ0gRESjdHA55xsE
The ParaGroup,ChIJUeNxwjEPZ0gRTuyQGqCDHgk
The Parcel Concierge,ChIJT6nEnl9pZ0gRyvVZd7Jm718
The Iveagh Building,ChIJGfLSCUoIZ0gRD4aJQ2S5bKM
The Park Community Centre,ChIJ60oSgyQLZ0gRFLKexoOoFT0
The Park Skin Clinic Newbridge,ChIJ3TkcOcJ_XUgRmJP7KXN-alg
Parks Medical Centre,ChIJewEl3kkNZ0gRSCyz5Kd-3mQ
THE PARLOR,ChIJtxRGNVMLXkgRTodf9849T-o
The Parlour Hair Salon,ChIJcYk-pjYbZ0gRjh3qE2C4WQI
The Parlour Room,ChIJQ5rzwqkzQ0gRnDzPaby4IOQ
The Parlour Vintage Tea Rooms,ChIJ6Y-LV5zGQkgRgr8bMDtTuZ0
The Party Boutique ®,ChIJ1UhcE-rKXEgRMS6SzHxwhQ0
The Party People,ChIJiSR_aB2rYEgRpL7sx-FRUew
Ace Party Shop,ChIJCZV6mLJ0Z0gRNuofbAhmWXg
The Pav,ChIJN6J9WxCQREgR5GilVBgSjMU
Paving Design Ltd.,ChIJo6bimYwJZ0gRl80llEIS0Pk
The Paving Yard Ferrybank Kilkenny,ChIJufNeDSnEQkgRVC2aow7pTdY
The Paw Lodge Cattery,ChIJix6Om_uLXUgRAkKWXIOxGaw
The Paw Parade,ChIJgaFHPL8PZ0gRJsW-ThEv9GE
The Paw Print Bakery Cork,ChIJySmDc-OFREgRq8xyWZmjnIg
The Paw Society,ChIJD76xR5YNZ0gRLC1BmI96gpU
The PC Clinics,ChIJn153tPEQZ0gRi5zn0GrvYKA
The Peace Link,ChIJJcBhe0MYXkgRp_o3FkdJ3Bw
The Peak Wellness Studio,ChIJ85CDlQ4PZ0gRXM5nFqOoZ0s
the pear in paper,ChIJG8imeRSpX0gR9CKRNiy19gM
The Pearl Room,ChIJj9QuithzZ0gRdFPETzChCLE
The Pear Tree Café & Wine Bar,ChIJE4uyvc2XW0gRe2dYUh1Q0CI
The Peculiar Hair Club,ChIJNdNVTt5xZ0gRVQRSt0OwY-Q
The Pelvic Floor Clinic Wexford,ChIJKbXrYAVTXUgRv5PimizfFl8
The Pen Place,ChIJ2TnKdyQGZ0gRr4fd8BnwLWw
The Pension Store,ChIJ17xUySQPZ0gRKE4pCZ5WIdw
The Penthouse Private Bar & Party Venue,ChIJBX-ClsYOZ0gRLKd6LYSL3_8
Dave O Carroll - The People We Meet,ChIJjfs60pwOZ0gR2MAZROC-4Ro
The Peppermill,ChIJGw4VMEWRXEgRKJ5IozOTR08
The Pepper Pot,ChIJOZetZpwOZ0gRatuhbR47DGs
The Percy French Hotel-Strokestown,chijdbmvghcoxegrr6jyqnvhz1a
The Perfect Fit,ChIJi_Wptu8QZ0gRxHNnsWXBxqg
The Perfect Latch,ChIJrdXRStd5Z0gRcbikiDU8YN4
Seán Quinn Collins,ChIJKwlXq0VDQ0gRZq1Mn4dDigk
The Performance Clinic - Physiotherapy Clinic and Gym,ChIJrbHKabRxZ0gRUeg96AUGJaw
The Performance Lab,ChIJu-ClpCsxQ0gRazWhFpw9rmc
The Perfume Shop Swords,ChIJhR5DQ-4QZ0gRoh5uGhbktvc
The Period Door Company,ChIJ5a-Ad7eAZ0gRhD_qUOLl0Ts
The Petal Plot,ChIJo9hybayfYEgRUoFPwhb2rfA
The Pet Shack Galway,ChIJKc5watyWW0gRSLH2f8pznrY
The Pet Stylist,ChIJswxsYwdzZ0gRGj7BRLjzeSs
The Phoenix,ChIJe47jSpYOZ0gRdYMjXSuuiPU
The Phoenix Dog Park Private Hire,ChIJcbRfvW1BZ0gRoMgOmoqb3cY
The Phone Answering Service,ChIJbWrmGKldWUgRyaGC12NnJuI
The Phone Booth,ChIJoeCThS87XUgRiH8DKcYNER4
The Phone Box,ChIJL_06u36VX0gRjz7dPy44gXM
The Photocentre Limerick,ChIJ08hKoF1dW0gRuHF9W1kFw1I
The Photography Hub Niamh Smith,ChIJMx1gMgIQZ0gRjx40yoFfWf4
The Photography Institute - Ireland,ChIJkRBUFhYPZ0gR8ZBw4DNECb8
The Photo Hub,ChIJzZO521J7WUgRokGJlVfJDM8
The Photo Lounge Ratoath,ChIJl5oz5Q9rZ0gRT5-6vycW6no
The Photo Project,ChIJ_4smBxQJZ0gRRPhVJ8iLwqk
The Photo Studio,ChIJwXIdlgYJZ0gR2zoMXIU05o8
The Physio and Foot Clinic,0x48450b3bb0f29cf3:0xcdb3061a16681d7d
The Physio Centre,ChIJK0-X02CFREgRhR7k7F2h8pw
Newbridge Physiotherapy - The Physio Company,ChIJcZdqFOR_XUgROTOJR6PVuIY
The Physio Girl,ChIJGU0bwPKdXEgRKk1UQZVrHKg
The Physio Guys,ChIJ1UTMUUIPZ0gR0-HqD6hdd18
The Physio Place,ChIJDyk456cNZ0gRcYwvy26B79U
The Physio Rooms,ChIJddW_CKfOYEgRlQt5h23OMKc
The Physio Studio Donnybrook,0x4867741f351e60bb:0xa6fb02d1cdd1b7ca
Physiotherapist Wexford,ChIJo4fJb0MbaEgR6eBSiZz7OvU
The Physio Ward,ChIJAynd0uw9Z0gRxm6dycZafoQ
TPC Women-Only Gym & Female Personal Trainers Dublin,ChIJMU_ryA0JZ0gRTGoXDVh6RAU
The Piano Gallery,ChIJF6ji7uSyQkgR5LR5TMo3Iik
The Piano Man - Ireland,ChIJcegrtKSFW0gRXZjNOckqhhM
Wellbeing and Music - The Piano Studio Dublin,ChIJG2DWk1B3Z0gRtyF5mr0IGL8
The Picture Works,ChIJsWDaYCQGZ0gRZb2HjP9C0PI
The Pie Guys,ChIJn7qDYimbREgRd8TLJVlEjPs
The Pieman Cafe,ChIJB_GQtZwOZ0gR0dVDFZ9AX94
The Pier Bar Cleggan Connemara,ChIJu0hZTs4jWkgRcq3O2Ye0f7Q
The Pier Hotel,ChIJmWbWH2dcW0gRFkSU2fvRzhA
The Pier House Restaurant Howth,ChIJ5Rg2vtMFZ0gRAMCiNWR-UWU
The Pigeons Share,ChIJhezeVIvlZ0gRkIMi01Bxz4Y
Lotus Eaters,ChIJkRYZaZoOZ0gR9CvuTvkeY5M
The Pikers Lodge,ChIJvaVdq8J1XkgRZPK6Y2joNiY
The Pike,ChIJ0ySe28fEXEgRfoh9yoF9QDw
The Pilates Barn,ChIJT59BweenZ0gRzAZix3J0tB4
The Pilates Barre,ChIJwT4GZz5fQ0gRQx7NMjn4w_s
The Pilates BEAT,ChIJHzM1vZsA2YgR5l9gNM30QiQ
The Pilates Club Swords,ChIJz8V96H0RZ0gRDsC6QUVoaYg
The Pilates Hub,ChIJ6elyXe0LZ0gRY34Y7DoJISs
The Pilates Playroom,ChIJ8S9A5aGXW0gRwSxPldOEdYw
The Pilates Programme,ChIJuT95SfnBXEgRGFKLwx5_Td4
Limerick Pilates Room,ChIJ2aHfHjFfW0gRGE18FG9K73w
The Pilates Room Dublin,ChIJofUl_Ip1Z0gRtpBthxW3h9Y
The Pilates Room Dungarvan,ChIJd_FwshcZQ0gR9cRGGb9EDzI
The Pilates Studio Dublin,ChIJzxJJmqUOZ0gRcrs-evK_4Ko
The Pilates Studio,ChIJRdiwvC9jQ0gRdLMcO8ksC3A
Gibbons' Pillar House Bar,ChIJEcaHR85pXEgRAs15cZv4yss
The Pines,ChIJmdZQm4ALZ0gRvd7xGHLl1kA
The Pink Door Westport B&B,ChIJg7klau17WUgRjerGo0kyZRE
The Pinnacle Office Furniture Company.,ChIJk72KuMzoX0gRKwn87pwN800
Cherrywood - Pioneer Group,ChIJ7ZduBNIJZ0gRhDl_frmp0f4
Galvanic Ltd,ChIJYzmIOvYOZ0gRGzy8PSCeSYw
The Pitcher,ChIJLXhZs_49XEgRi9pDhT6VpZQ
The Pit Lane Garage,ChIJy6hSyTlhZ0gRavjMitmLTDw
The PixieBox Bakery,ChIJK74gzoZzZ0gRP0UNmzCj4Kw
The Pizza Box,ChIJJ1mFSOqbREgR__WGJq_wyU8
The Pizza Pod Mayo,ChIJoS5MCO5PWUgRi6pRtC9iGZA
The Pizza Slice,ChIJz8OaJ4UIZ0gREzg9a4bJd0Y
The Pizza Truck,ChIJH4EPHymvZ0gRGjmVsQtRiZY
Car Park Poulnabrone Dolmen,ChIJL1TqZaKgW0gRKb7h0qJ52uo
The Planning Partnership,ChIJOxm39M6aREgR9slT9_Hqb70
The Plant Collector,ChIJSXeNYhxxZ0gR_BabzugQeLw
The Plant Files,ChIJsx2Cto_QYEgRIKoIDEpeAZg
The Plant-It Food Co.,ChIJNcIcVrINZ0gRXiUuT0JJNQQ
The Plant Medicine School,ChIJY39c9mvpZ0gRbBXAkBkAG4Y
The Plate Lady,ChIJJ8BlseZvXUgRwhgOBsXS7zk
The Playbarn Johnstown,ChIJAw7TF0N4Z0gRhBpHwRwmWxo
The Playcentre Trim,ChIJd2Vt4KBfZ0gRMei654kGwZI
The Playdium,ChIJedz1qKc1RUgRWvPMWunypDs
The Forge Miltown Malbay,ChIJmdaRbtcCW0gRaT56aQ8Yezs
The Playground,ChIJe5GFayoNZ0gR219HNNOwFr0
The Playing Fields Festival,ChIJO0ROodR7Z0gRsEfFFu5eQQU
The Playroom Creche,ChIJXTRM_MaNW0gRamtGCK9S16Y
The Playstation,ChIJ74o8EqgwXUgRGhc-UCzuJE0
The Plaza Clinic,0x486710efc6e88155:0x70b5f7536c8c9d02
The Plaza Dental Practice,ChIJDfaHWFoNZ0gREGn3LdHEc9U
Carol Noonan The Pleiadian Child,ChIJD-EiVfqWW0gRRHx9CRMQdj8
the plumbingman,ChIJtXtMX5QSZ0gRAq5QI6q4Ak0
Poacher Restaurant,ChIJDzoMtnU3WUgRpB1pll8lUo8
The Podcast Studios,ChIJ_xrQkfkPZ0gRDX9DkPI3MAw
The Pod Collection,chijybm4gocjz0grdex9z2m28m0
The Pod Factory,ChIJXQkk2GFDZ0gRLrStmrGh8lc
The Podfather Podcast,ChIJM4uM01zBXUgRlNuCt-7Q920
The Podiatry Clinic,ChIJPaoySo8OZ0gR1db2N_DGe_0
The Pods at Morriscastle,ChIJvds_EXoLaEgRdb1mJjQ8KdA
The Point Pizza & Burger,ChIJZfQVX-IPZ0gRB8Li4tabqJs
The Point Pony Trekking & Horse Riding Centre,ChIJe4PI-EMWWkgRo0FQaHKT18I
Colm Warren Polyhouses Ltd.,ChIJYUpivR5gZ0gRcuyiSbsAv9I
The Pony Way,ChIJ59oNWg5HW0gRc0-Aw4RPUyE
The Pool House,ChIJhYS_Zt8FZ0gRKPEoA8Cyc2Q
The Pool Knight Shack Cuesport Academy,ChIJCRYY7WcOZ0gROS0whXWaZhw
The Poorboys,ChIJJbieGDapZ0gRRdXKN-IUXUk
The Pop Box,ChIJy8VmLhZbZ0gRH3bzVqhbotA
Popchair®,ChIJ29YCPmYJZ0gRF88Jelk5A1w
The Pop Up Movie Club,ChIJEbpyV0ibREgR4SMwVov_lwc
Porterhouse Bray,ChIJqY3o6WeoZ0gRmDsc1OLtT74
The Porter House,ChIJ_fJX0egEaEgRRb6-pRPOl2Y
Porterhouse Restaurant,ChIJiSxn2wg8RUgR1G1rc-xobOM
Portobello Bar,ChIJWQ30oqAOZ0gR0192LV8FFZk
Contract Car Parking,ChIJi8nx4vqXW0gRZNCwwjTAuaE
Port of Galway,ChIJFai3aOGWW0gRBTHK7x3ZrUQ
The Positive Economist,ChIJ3ekcZj4OZ0gRtk2AbePvPTE
Fiona Brennan - The Positive Habit,ChIJV0tZVBAPZ0gRHCh0Xw-P3t4
The Postal Store,ChIJY1S2hDLrX0gRrbqxmxCELW4
The Post Coach,ChIJk5IDhtccaEgRhE14BSE9D0g
The Poster Co Ltd,ChIJISjK0PEMZ0gRFVbXIEawYYw
The Post House,ChIJ5fCWKfthREgRRNHpFRDD1r4
The Postnatal Coach,ChIJbzgu5vhbW0gRZlpirO6QSF4
The Posture Hub,ChIJHwymOwJDXUgRl36u9ADrs4I
The Pot & Pantry,ChIJ7xG_3uN7Z0gRQ4HR2euCvNU
The Potters Yard,ChIJ-0XGSP2gQkgR4EcCI_chd2w
The Potting Shed,ChIJQ2mR6AOHZ0gRBURjgoB6bCU
Dunboyne Powder Coating,ChIJ60yvAvRrZ0gR0jq_EfDXDfM
thepowderroomgirls,ChIJKwPdrU15Z0gReGTHv4KVMjw
The Powerhouse Gym,ChIJTV-QDD6DW0gRlKbUsNEqDjU
The Power House International,ChIJwZ5qETqRW0gRVuUw3Cs-KCU
Thepowerstore,ChIJo2H38_27Z0gRkyAxHd1nSHs
The powerwash man,ChIJTxmrQhpzZ0gR7XeY8reuKgc
The PPE Shop,ChIJW1eq-AAHZ0gRXlApmxuhYeg
The Pre Game Lobby,ChIJs1LCMYTRWkgR9CNOyb6kYGg
The Premium Butcher,ChIJNc3PJK8MZ0gRf4YsCU9_oWE
The Premium Club,ChIJpzutvI0OZ0gRpz_Xt3Xdm1E
The Prince of Wales Hotel,ChIJ4fgK-ANJXEgRkhiq4TK_TbA
The Princess Dress Company,ChIJZwn_Hk5_Z0gRaNd1Tl5XBxg
The Printed Source,ChIJ2VBYDWMzW0gRmIQbPWuJg68
ThePrinter.ie,ChIJjwzu55lcW0gRiTx3VUpoBOo
www.theprinters.ie,ChIJZ3CVFxF1Z0gRXz1wo_OKiIg
The Brand Geeks Tralee,ChIJCci9-Ao1RUgRVzlDFhCKIhc
The Print House - Printed & Embroidered Clothing,ChIJCzCo2RNXQ0gR1aCk7UXX_u0
The Print Pixies,ChIJHeELxAPHQkgRyhNVPEZbHM8
The Printworks,ChIJfZZaG06XXkgRoraDtXFb-D0
The Prior Food Co.,ChIJvXegblyRW0gREk-aq3YQjXc
The Priory Killarney Courtyard Cottages,ChIJK1-3aBo8RUgRswujsSAgedw
Priory Restaurant,chijk7fp62khz0grwoccrr-e69o
The Private Room Nails,ChIJndQyKVYPZ0gRCRmLu_YZzzc
The Production Company,ChIJ_2oanYsNZ0gRnKGDw3JDW7k
The Production Suite,ChIJkXYe2JcOZ0gR_azYrYiOQ-4
The Professionals,ChIJPWtYWbK0YEgRPomY6qR6PTw
The professional carvaleting centre,ChIJK6tmyouRREgRqP6c6Fdrsto
The Project Foundry,ChIJ1VTAtZQOZ0gRPnBKtxq5ECU
The Project Twins,ChIJUaXVqxaQREgRKi5f-8ImAXk
The Property Company.ie,chijxbxdtultz0grmvilq8phzuk
The Property Shop,ChIJ6_dMXxzzT0gRWBWe1WOcSyg
The Prop Shop,ChIJEQr3wkh3Z0gRmJKwiw5GOvM
The Props Library,ChIJI--S4WIOZ0gRMUPRVRb-P1A
Protea Cafe,ChIJIS0mrPpfW0gR8N5a_fox5pU
The Pharmaceutical of Society of Ireland,ChIJ2cagUJEOZ0gRRhPELdibhYQ
The Psychodynamic Therapist,ChIJtQsJmkR_XUgRAU7zQJ9PUdY
The Psychology Practice,ChIJwXzgf-EPZ0gR-Qu46CaN8Gg
The Pudding Brand,ChIJOfVxW2ZcW0gRjfs6PaGvdSc
The Purple Orange Boutique,ChIJs0PmcDcNXkgRdLkN-bFHHbE
The Purple Room Wellness and Beauty Spa,ChIJN2gsMn1zZ0gRPeqh_bJaZGo
The purplestom,ChIJoRtV6BINZ0gR3Cuvg6APl2E
The Purty Central,ChIJoUPYM0RzZ0gRsNXAh3DLHjI
The Purty House,ChIJXSFTXDrtX0gRUh2nKKTEeM4
The Q Shuttle,ChIJx1hOc_gLZ0gRGG-23569P1I
The Quay House,ChIJN4tva1Q7WkgRI9LVgx9gr4M
The Quay Lodge,ChIJq1cekl0baEgRaR91c4GfQiQ
The Quays Bar & Restaurant,ChIJ05XPl6ODREgRH5pYsavmmaY
The Quay's Bar,ChIJ24_S4WZcW0gRmYuCrjxij88
The Quays Bar & Beer Garden Westport,ChIJ0de0wVN7WUgRvS6E7I3bkaQ
The Queen of Health,ChIJIR5k84EJZ0gRCGzGYbfGM0M
The Queens Bar,ChIJrRvRTksGZ0gR14ACFWI2kao
The Quiet Man Elopements,ChIJK6-LtHL1W0gRS4fG0vw57pk
L A Magic,0cff6382b519bcd548c074bcad289731
The Rabbit Rooms Small Animal Boarding,0x48670d53b3109225:0x14c3e9105612e74c
Therabel Pharmaceuticals Limited,ChIJ_7oCDhJ5XEgRU__pCqKd2MA
TheraDep Limited,ChIJgzuFjE4xQ0gRpZkIPK8kRjU
The Radiator Shop,ChIJZUuE-dGpX0gRriNShMdDzvE
The Radio Room,ChIJOZEMik0NZ0gRnKom-tSL_dU
All Clear Radon Ltd,ChIJiRnFhagdaEgRnJ540ItNJI8
The RAGE - Record,0x48670e9c4d7ccc85:0x451d74e88a5d109a
Rag Revolution,ChIJd-iK_hcNZ0gRrzbu3RYx0jI
The Rag Trader,ChIJDeh59pwOZ0gRYZ8DVpGP5oE
Railway Hostel,ChIJBysVJjLoXkgR4GUL2ds53lE
The Rainbow Ballroom,ChIJuw5chutYXkgRJzuWcI0yNpU
Rainbow POD,ChIJrbTsbsQcW0gRAkTgSjTzoGI
The Rainbow Vault,ChIJbcZtWSQGZ0gRjOGkGee-YUw
The Rain Company,ChIJv_UNkxCQREgRzh_FiEQvdHY
The Ramble Inn,ChIJ5_zmYhFXQ0gRLXcx0Neci5c
The Ramen Bar,ChIJI2aiRpwOZ0gR4KpwIVuP8rQ
The Ramp People Ireland,ChIJKd9rl5wOZ0gRzrX5EewbDb4
The Range,0x485b5c0f226157b5:0x74ca013d5d5813f
Therapeutic Counselling Letterkenny,ChIJBUV5E_zrX0gRDMc2VnFL5GQ
Therapie Clinic,ChIJtUhinqoSZ0gRtII03dqBVeU
Thérapie Fertility Carrickmines,ChIJT-eMohQJZ0gR7oU7qC-u3X0
Find a Therapist Cork,ChIJpczgWeyRREgR3mboYBqiL6I
TherapistSonyaDelaneyMurphy.ie,ChIJY3kxmGULZ0gRbSCyBOcEAr8
Therapy Academy,ChIJD80A_kSRXEgRmj8VliLyzM4
Northwest Therapy & Hypnosis,ChIJRRH6tzNdWUgRVbZJql2AJiQ
Therapy and Training,ChIJq3__0ulDZ0gRpWo2BHAmUYg
Arklow Acupuncture and Massage,ChIJN6-QsN7DZ0gRPBSXIsrBnes
Blackrock Massage Therapy 4u,ChIJtcp8BfgJZ0gRuCbFecqaZzs
Therapy boutique,ChIJAfOUuo31REgRgsGvv7M90gY
Blanchardstown Therapy Centre,ChIJdwnQIVcNZ0gRwbwUPhzj7iU
Therapy Dublin (Counselling & Psychotherapy),ChIJU4QY4N4LZ0gRBH6xrgoLzps
TherapyHub.ie,ChIJLfZDKKGRXEgR9c9xwjPq8jQ
Therapy In Dublin - Psychoanalytic Psychotherapy Clinic,ChIJpXPCmiQGZ0gROGCRqzUiw9w
Therapy Institute,ChIJezaKo-sPZ0gRPjDEIQf7_8Q
Therapy Now - Counselling & Psychotherapy,ChIJvywhGjTrX0gR0StjL0MQ7ho
Therapy Rooms,ChIJDdCETSyQREgRjnm9x-sXdU4
Therapy Solutions,ChIJOchbyUE6XUgRzZTKN9bPE90
Therapy Through Horses Ireland,ChIJ34k16Y99XEgR7O6sjMYpaGQ
TherapyTreeCFP,ChIJeRPJtWgus6IR1p9g4eMJrks
Therapy Wellbeing Clinic,ChIJw-xjQzUPZ0gRGnrSzbblf9I
Aoife Edwards MSc - Counsellor and Psychotherapist,ChIJXZj-iyfPYEgRuUoyjqyvnRA
Westside Yoga,ChIJi606LVxJXEgRiUr3hVQldNY
Therapy With Sasha,ChIJgdMekZ-BXkgR4EA9wozVUxs
Therapy With Tiny Humans - Speech and Language Therapy Services Ennis,ChIJlzyVlORBW0gRZbfQ5Yef4lw
The Rare Auld Times,ChIJx8ZaR3bPYEgRrpmINLajrn4
FarInfraRed Heated Shiatsu Massage Beds,ChIJgU1idOYMZ0gR8iXoeJtXhRw
Theravance Biopharma Ireland Limited,ChIJa51QTrwOZ0gRUgnOcsYEPao
TheRaven,ChIJDVjcTQr2oAsRPi7vpDQz5rY
The Raven Bar,ChIJeb-WzhCQREgRT5UCFzUDN5k
There4youcounselling-West Dublin,ChIJu12wBskJiSwRZHXoM_I-xT8
The Reading Room Limited,ChIJCXGHHKuFXkgRhfR2lSscdz8
The Real Christmas Tree People (Hazelhatch),ChIJHz_n_x9xZ0gRSwTECtL14lw
The Real Dance Studio,ChIJRzECU7QPZ0gRNFk5yRV4Xkw
The Nit Cracker,ChIJw6NYAbwLZ0gReNy_NdUURQY
The Real Olive Company,ChIJ_4r7jhCQREgRWdpQqqLwFGg
The Real Unyoke,ChIJwUXJdgMGaEgRi1xBWShCbv4
The Recliner Showroom,ChIJzxHJVtWnZ0gRR35HKFpQKwk
The Record Hub,ChIJmfcsYsENZ0gRwBvnAdBIPW4
The Recovery Pod Sauna,ChIJW0XJXShRREgRCM8T7yAMZsg
The Recovery Rooms Ratoath,ChIJUzYruY9rZ0gRei6O3Grs1Ls
The Recruiter | SaaS Sales Recruitment,ChIJIaW4P7cNZ0gRawDvAggWtDQ
The Recruitment Company,ChIJz7aOQDMPZ0gRyz4zb0KihpI
The Red Bank Restaurant,ChIJv7h-Z5SFXkgRZdM4WUNl1uw
The Red Door Country House,ChIJQ1nJMNX6X0gREFv9OR61V4w
The Red Door School,ChIJo3mCwJoIZ0gRr7jBfq9o9OM
The Red Gates,ChIJ0Q6MiuwMW0gRhxW3I2vaHYs
The Redmond Clinic,ChIJp9hjV-SRREgR54qAawD3SrA
Reef lounge Aquatics,ChIJrzzmMZBgjW8RWDT8_RI3h2k
The Refill Mill,ChIJ0RaLXni9XUgRnlME_H-6sEk
The Reflexology Clinic,ChIJPfhBlZUOZ0gRD46dZJUB_iE
The Reflexology Nurse,ChIJ_dOb984BaEgRJYFLlYsgit8
The Reg,ChIJD7_EF5rGQkgRkMCTF41jYyk
The Regal Centre,0x48432e1ce6f33429:0x559c04c1876503ce
The Reiki School Of Ireland,ChIJMcKjde9HZ0gRqguMSB5GoJg
There Is A Solution Group,ChIJWUdkx9ITZ0gRarS44dH9RJ8
The Relaxation Hub,ChIJI6u14bMPZ0gRyoly9vub7JM
The Relocations Company,ChIJc6MUgc-bREgRNku9QM7EQLU
The Reluctant Speakers Club,ChIJ91C6IZQOZ0gRFIp9iym2FpQ
The Remarkable Cocktail Company,ChIJ78jHLrsFZ0gReYJGmCYE0Os
Remcoll Modular International (Former LMC),ChIJa_aXAw6fXEgRLTgygn822RI
The Rendezvous,ChIJBzRSF_CRREgRLwz-JH7qGRk
The Renovation Centre,ChIJO3MofLGbREgRlyz2DZ-zdvo
Therentalhive,ChIJ3yxwoYIOZ0gRanozt0lCf4k
TheRepairShop.ie,ChIJgxezEFFXQ0gRXmJ59Mr6Guk
The Reputations Agency,ChIJZR0Qt5YOZ0gR5OOxpfNl4to
Theresa Kavanagh Music,ChIJV9qvyQ2FX0gRyFlYX_a_Zmk
Theresa Larkin Musician/ Music Teacher,ChIJr7JOzc_kXEgRrxbpCtpJZkA
thereseokeeffe.com,ChIJ981awgM9RUgRzHpqrpvdtRs
The Residence Day Spa,ChIJFRQFrL14Z0gRs9fXmUP7sys
The Residence Hotel,ChIJGQasIfuWW0gRPOq8aWbFzuA
The Resiliency Hub,ChIJfULTvmgJZ0gR4FH3e06PIeE
The Resilient Manager,ChIJL8nMON0ZQ0gRFcGrm5ehVxU
Restaurant Marketing Hub,ChIJqx-dTJojZ0gR4k38Kdsb1sw
The Restoration Workshop,ChIJ-2g8-mJ9XUgRMj6BKv7FpNM
The Retreat,ChIJzw1SvcjWYEgRX9wMRPWPBQE
Complete Mind & Body Hypnotherapy @ The Retreat Kinsale,chijlxs__auqregrh1o1mxvl-ry
The Retreat,ChIJg7kc4IelXUgRmRUhq_al_40
The Retro Collection,ChIJ82MaNWULZ0gRe9rBs2BvRwI
The Retro Gaming Store plus,ChIJRx2dqkMbaEgRYtEdYtilY34
The Revolution,ChIJ4d-vFfYLZ0gRjb7Ul4ai2d4
The Rhode Inn,ChIJy1LF8X-XXUgRidsiPGiLAgY
The Riasc Centre,ChIJ6aoFIooQZ0gRIfr-m0ENo2s
The Richmond Education and Event Centre,ChIJW8DT9SsMZ0gRWpEzn2ju8Zw
Richmond House,ChIJ5-J8sr9fQ0gR4lsb5DdUffI
The Right Catering Company,ChIJwWOFR50OZ0gRl0VBUQdTgAQ
The Ring Lyne Bar & Restaurant,ChIJY-suLNXsT0gRRWnp-Nt3RRw
Muckross Abbey,ChIJC7jF3TM8RUgRZTJkBBmvPIk
The Rink Roller Disco,ChIJNaRls5YMZ0gR4ab-qAVwHXg
The Rise Family Practice,ChIJT9v3I1cNZ0gRENNpQQO-qTY
The RISE Foundation,ChIJs9JGb5wOZ0gR08Jax-oOkU4
The Rise Pharmacy,ChIJnZA3Xw0OZ0gRhjV0kdcCWdc
The Garrandarragh Inn @ The Rising Sun,ChIJy1NHyMLOQkgRzifA-P1dqFU
The Rising Tide Business Platform,ChIJW2SgAAEPZ0gRmYc6FWKLQuA
The Ritz,ChIJY9XrylsaX0gRzktsoTa2w7I
The Ritz,ChIJS32dmAOoW0gRUijkg5nkT7o
The Riverbank Country Pub & Guesthouse,ChIJ48JDr3i0YEgRhS-o-7X2QME
The River Club,ChIJf1pn3hmRREgRlUuTw0wgVaQ
The Riverside Cottage,ChIJvxUJ2NTGQkgRSs5tBiDzkFw
Therma House Ltd,ChIJr0awcnJ_XUgRxSj1gR6SSEs
Thermal Break Plates Ireland,ChIJzwWxrXANZ0gR37UNDn8_kZg
Thermal Imagers,ChIJsXk2dn8OXUgRZp7l-Mk9FqU
Mc Clean Thermal Imaging,ChIJtVXChLK-X0gREtRGSbbxq2s
Hitechniques Thermal Imaging Cameras,ChIJo5iK6hh0Z0gRow3EzvXgFvY
Thermal Properties,ChIJy5zU6FSlZ0gR0cfsntwcgAQ
Spectrocity,ChIJNZsssyNzZ0gRXgtGOGiSld0
Thermaseal,ChIJ-Z0_IdIJZ0gRTfP6QagfURw
Thermelec Limited,ChIJdf_fPZMMZ0gRGBHURnXoVks
Thermequip Limited,ChIJXaNWCxvrX0gRBvadIRXLPVs
Thermo Door Limited,ChIJ0wv0FbOEREgRnjZnhzRESEs
Thermo Air Ireland Group,ChIJX3cek_5nXUgRfxPk7FsugHQ
Thermodial,ChIJqQ5yPbEMZ0gRSBagg0Ncke8
Thermo Fisher Scientific Cork,ChIJlZFj2_6DREgRcOjbR3ZkYYg
Thermoglaze.ie,ChIJqzh2Bb8NZ0gRlCqNc7Dlitk
ThermoHeat,ChIJ0yuZNVRwZ0gR6qGFxXQG90E
Thermohouse Ireland,ChIJl0n9AKQ8RUgR2FlOmzXjyfQ
Thermo King Trane Technologies,ChIJx8v3HzaRW0gRWELjR8Z-OzQ
Katherine's Thermomix Heaven,ChIJq3DcmuyvXUgRrn1-qDBuq4I
Thermoparts Heating and Plumbing Supplies,ChIJzR_garUMZ0gRv2uZoCbkEqg
Thermopoint,ChIJ2W98aIU_Q0gRbxip83fGL5k
Thermosafe Brands Europe Limited,ChIJseKce8q-REgRdSkP-A40RF8
Thermotech Limited Polystyrene Manufacturer,ChIJMx49tzdrZ0gRmC5Kdu0R9fo
The Roadhouse.,ChIJkTaXV-3rXUgRt8qcAW8J9CA
The Roadmap,ChIJKfd-rigPZ0gReOcVHfXRqYE
Roadside Tavern Lisdoonvarna,ChIJr-zLhQKoW0gRznrEVQ9JIKk
The Roast House,ChIJ_ylZdHs1RUgRTRhXNi33eH4
The Rock Bakery,ChIJh2e301MZZ0gR6--yEKKLxiM
The Rock B&B,ChIJPbpZdbTNYEgRLTNvwp53bBs
Rock Project Galway,ChIJuTbBkoa9W0gRub-lCvPyRQM
The Rock Shop,ChIJAauZpJ8BW0gRJNNY9s2THUw
The Rocks Westport,ChIJXUvgLh9jWUgRDhjaZ6atATs
The Rolling Donut Kiosk,ChIJ80uxZ9YRZ0gRnCtuhziL1zE
Rondo Music Group,ChIJZ_ynePZcW0gRnGx7cxgjZMU
The Roof Centre,ChIJe0msUvYNZ0gRT3YrvyamiAk
The Room D4,ChIJX0wLk3wPZ0gRlWwsysMAuiU
The Room Guru,ChIJo06Y_0rNYEgRsjW6oVjDjRs
The Roost,ChIJmUIEG6JkWUgRFQl9KElcx0s
The Rós Café,ChIJMdhHNjxrW0gRPkcbbeMSOVU
The Rose Garden B&B and Café,ChIJDcC3c6hsRUgRRJ1T990bmDI
The Rose Garden Lodges,ChIJpQda1JkOZ0gRK7zFsJHv2xQ
therosehealingcentre,ChIJk1ISac_LVQARUCZ2G5g8umE
The Rose Hotel,ChIJawCwQXg1RUgRdAsWUA_p4FI
The Lane (Fun Food & Awesome Cocktails),ChIJ2RmvCmQ9RUgRL0ALZknIBV4
The Round O,ChIJTVCwg7VEZ0gREVG14InQLgQ
The Round Room Conference Venue Dublin - Mansion House,ChIJNRDHrpsOZ0gRHsMtY4nElKI
The Roundy,ChIJp3JI2xCQREgRthbjqJLVqWQ
The Roving Rev,ChIJxaHtLy87Z0gRGH0Ztx_6Fjk
The Royal Barber,ChIJNc1g41sOZ0gRJDoKZEo2zoo
The Royal Dublin Golf Club,ChIJL-VGGHoPZ0gRcsIRTtGNcv0
The Royal Marine Hotel and Apartments Kilkee,ChIJTXVGoGvoWkgRgEjdNb0eG2k
The royal stables,ChIJpWwvzXAZZ0gREqJm7EfxBhg
Theroyaltreat.ie,ChIJ3Y0J4BhDZ0gRBekpd3Ziuqc
The RSC Fitness,ChIJm-eBkaxdWUgRNuxgr3smU_A
The Rug Collective,ChIJJwcc-1hyZ0gRNHCYQujq-A0
The Rug Loft,ChIJv5OfjyfMYEgRyEv1iwI7xVg
The Rum House,ChIJo-UHbafOYEgRibkFRRyq1sg
The Run Hub,ChIJ83xkTWgPZ0gRnsiooCC7xbI
The Runner Bean,ChIJv_wGaZoOZ0gRo6LAXNicBcw
The Rusty Mackerel,ChIJDY3KzrgiX0gR9OUoPFjD34w
The Sackville Lounge,ChIJsdiDUoQOZ0gRhFGfevXQo_I
The Safety Man,ChIJzcuRWVrAX0gRs5nr2mOHNU8
The Safety Practice Limited,ChIJI_-Tz40PZ0gRonIDIhEpmUc
K & S Industrial Supplies Ltd,ChIJ0TkhmwZ0Z0gRIkLzA6aOQW8
The Sallows,ChIJw4_Y87lIQ0gRTyw3XjD2OHY
The Salmon Bookshop & Literary Centre,ChIJZwUY1TIFW0gR1_rhvYiXVE8
The Salmon Inn,ChIJKblZ9lEHX0gR4LPoZt6fxlw
The Salon@ Barnhall,ChIJYYgwrItxZ0gREcUt7Jfg8Qo
The Salon,ChIJERsskfcdXEgRZf2wSIUOI54
The Salon Howth,ChIJH4DHOpgEZ0gRlg_HidN58lg
The Salon,ChIJJR1E5vs0XUgR1daHOhGT3oc
The SALT,ChIJEylVBTANZ0gREhYFEUcUfnc
closed,ChIJOXfqDtR5Z0gR574ZdHeEFko
The Salt Clinic,ChIJ1W8sQkV1Z0gR2p07ONxE5UA
The Samadhi Centre,ChIJ-X-3A_gLZ0gReBK2Ts3l7QU
Red Bean Roastery,ChIJd8yT4QgPZ0gRumlVPO2pI8Q
The Sanctuary Centre,ChIJ4zLPWTV5XEgRboHgC88rqrU
Nami Naturale,ChIJrxlAL4QNXkgRIqwBZc5CCJo
The Sand Man,ChIJ3dLojRh0Z0gR2qwLRvbS8Gw
Shanty Bar&Terrace,chij2capgjbdqkgrfj3nntiwzu0
The Sandwich Company,ChIJ-3_WiTLrX0gRHSOIvlHgqj0
The Sardinian Guesthouse,ChIJ_-rZrLODREgRz-9TrOy0u3U
The South African Shop & Brosna Meats,ChIJoSttjB3AXUgRNMA4LefUIyk
The Satin Scent,ChIJvZJ8BPQRZ0gRxzHFYtRXzns
The Saucy Butcher,ChIJ0dTRRJYcaEgRsOqv-Pl_2vI
The Saucy Cow Vegan Food Temple Bar,ChIJH4Gy46APZ0gRaxNrFKWqrA4
The Saucy Hen,ChIJB5rE3CBrQ0gRZrzqfr7DOpY
The Sauna Mill,ChIJkUGm1r2PREgReVJf98CJm7g
The Sauna Snugg | Garrylucas Beach,0x484461edade1be43:0xadfc6924c13959b9
The Sauna Society,ChIJhU7RQ2u_XUgRPcAZUEaw3ok
The Savage Brew,ChIJ05VFeOk7Z0gRSL-KWxVFtBw
Savoy Bar,ChIJq0878vNdW0gRUdrPzVvfH7I
The Scaffolding Company,ChIJZ36FkrlzZ0gR44oesDgkN2c
The Scalers,ChIJIwJgk5cOZ0gRQ_ol2NPTkPc
The Scalp Care,ChIJC1aZtTEPZ0gRwmtEUZ_MQlU
The Scarlet Heifer Farmers & Butchers,ChIJYfg0lrV0Z0gRkcAq5Z6yDSA
Strength & Conditioning Centre Tullamore,ChIJfzSCZpalXUgR6q1Ps6_iH9Y
The Scent Company Ltd,ChIJOxCUx6IOZ0gR5t3Sg3CfrIg
The School House,ChIJL7FanUxhXUgRCWFbaOOVfaA
The School of Jewellery Ireland,ChIJ04wGLssNZ0gR4LGLlJXAKng
The School of Sound,ChIJ4fAcCxSxQkgRUP24WlwVG84
The Schoolwear Centre,ChIJ2Q-6rMCWW0gRCKBqjzqKmIQ
The School Yard,ChIJQ6T_0XsPZ0gRNmCWNey5gLU
Schooner Bar,ChIJyVUb4fZ5Q0gRWAFEtvazTbc
The Scout Shop,ChIJ_6pq6w6QREgRFdlZrSlQ5gw
The Scratchcard Printer,ChIJZWfTd3wOZ0gR3gBRo-c7OlA
The Scrub Squad Cleaning Services,ChIJe12rCdAPZ0gRBTpaa6hcTuU
The Scullery,ChIJh_hnHZ2UXEgRWDV2nO3HKXY
The Seafood Café by Niall Sabongi,ChIJq6rGzpwOZ0gRhRHaziNYOso
Joyce's Bar,ChIJ4XgoDs8jWkgRc8bhav4Ilf8
Seamark Building,ChIJHaiIcdUIZ0gRW5fV0g58MVo
The seamstress by Cora | Women | Men | Bridal | Communion | Confirmation | Alteration | Embroidery Service - Shop - Dublin - Cabra - Dublin 7,ChIJydoYKG4NZ0gRc4B7AHZQLfM
The Sea Rod Inn,ChIJTQtdmZE3WUgRe-Y3Mbp_v1M
The SeaRooms Art Gallery,ChIJ7cgZ-E4JZ0gReaW_CrM0fnI
The Sea Sauna,ChIJB-ntZ1sbZ0gR9AjAZ7yc6Pk
The Season,ChIJi-hQv2hAIyURu7YP_svA1_U
The Seaweed Centre,ChIJUyZTwHZPWkgRJOl2gTQpETg
TheSeaweedSkinCompany,ChIJeaZIhh8FZ0gRqJfWFO9rYgo
The Sea Witch Tarot,ChIJy8TitCoJWUgRha0sTlk-X_o
The Four Winds Bar and Restaurant,ChIJPRfE1xKzREgRHKInHKSxQuw
The Secret Book and Record Store,ChIJ9xnig5wOZ0gRHYZ5Xu-YAfg
Flowers From The Secret Garden,ChIJcZDirKjaREgRYQsOxPjSczk
Secret Garden Flowers,ChIJF8gKDY91XkgRVbxDlJGTQC8
The Secret Hair by Edel Kavanagh,ChIJQSHEOHoxZ0gRi-RPclF5tKE
The Secret Hair Salon Dunleer,ChIJbeK5c-o1Z0gRVmMgTDz9Pqo
The Secret Of Beauty,ChIJow15bAEPZ0gRzuRwYFiShQQ
The Secret - Pilates and Personal Training,ChIJ88AthfqnZ0gRZckaD9XdzyY
The Secret Salon,ChIJW6aWqBwOZ0gR1f6k7EnLErY
The Self Center Counselling & Psychotherapy,ChIJuf0vPScLZ0gR4O_uSgNzXbY
The Selfie Mirror Galway,ChIJq1flQ1brW0gRHYwo4w81mSk
The Selkie,ChIJpR-dHp3jXkgR-F4K781_-s4
The Selling Labs - Sales Consultants,ChIJkWoE2TYPZ0gR_zUK1lKZ37o
SEMPRE METROLOGY LIMITED,ChIJiWLHF98jZ0gRVJow_rsKL9Q
The Sensory Playroom Occupational Therapy Clinic,ChIJe2ywLaW7REgRXUqsbDV1Af8
The Sensory Pod,ChIJbxUa-B0LZ0gR4r80VKwTJnY
The Serenity Suite,ChIJZVGfWtu5REgRKr89ZsEYahs
The Service Team,ChIJ02GnA86NW0gRQI_NOBqpoE8
The Seven Horseshoes,ChIJC_JPUHETXkgRS0-Dh87YLYI
The Sewing Drawer,ChIJN7mu-FifYUgR3m36OiiW4fs
The Sewing Shed,ChIJGQfcwNdORUgRRWNwbBSpE1g
The Shamrock Bar & Restaurant,ChIJsZV9fh45WkgRj3Rl8zUCKgs
The Shannon Bar,ChIJEazp2ngrXEgR56szfb6zzzw
The Shanty Bar,ChIJszmno1g2RUgRyFt3L23tyD4
The Shape of Things | Design,ChIJbUR094PnZ0gRF3HEiuRzUTs
The Shebeen,ChIJefgf0_iPW0gReEVVuFt7oPg
The Shed Company,ChIJt0B5slt4Z0gR_z5UxsffNM4
The Shed Distillery of PJ Rigney,ChIJwymf5QoQZ0gRr3hER40bqrs
Connolly's - The Sheds,ChIJPS005gkPZ0gRUmkJByt2XCA
The Sheds Gallery,ChIJ5Uj4uMTDZ0gRzPGp1Vxhdmo
The Sheep,ChIJYxJtxfqWW0gRXyX60MAvUPE
The Sheepish Dog,ChIJI9-Hw_xvWUgRMfhAMoaLG68
The Spa & Salon at The Shelbourne,ChIJh8YPo5kOZ0gRebxnevUoRBs
The Shelbourne Bar,ChIJD9L9YA6QREgReG-hhSvdz1Q
Shelbourne Vouchers,ChIJi528q54OZ0gRitwGSoLmrk8
The Shelf For School Books,ChIJ_0_0wxqQREgR2zP-VVKKZfs
The Shepherd's Lodge,ChIJl0sEfho5Z0gR7__Fbb0fGMw
Sherwood Inn,ChIJA6aAa80SW0gRKRrg1A5fNQw
The Shire Bar & Cafe,ChIJAYlWCwk8RUgRRAdUKFrBGOk
Phelan's Shoes / The Shoe Parlour,ChIJ5e9qo4nHQkgRmRGofwRI6Ao
The shop of nice things,ChIJN2pnZIUbZ0gRUbzURoYG084
The Shores Country House,ChIJiUYVhu9URUgRPO2cbiBURiA
The Shower Doctors,ChIJSRkqxMgMZ0gRBeJN4pzbopo
The Showroom by JVA,ChIJswg7GEELZ0gRRC91eE_siO0
The Shutter Factory,ChIJnfkv_2o6Z0gRn8ve54tKK3Q
The Side Gate Co.,ChIJrQPaG4ZxZ0gRaNylnkiAGq8
The Siding Bed & Breakfast,ChIJl3dpOigEW0gRfVAle8g0rCU
The Sign,ChIJQ_GZPl8g6iERlMjyW60JNeA
The Sign & Print,ChIJo5MqAvAPZ0gRMOpTWYILzJw
The Sign Place,ChIJPV-juVLkX0gR1Ymjc-8UFpQ
The Silk Label,ChIJb7mWioCDX0gR4iZitKMinps
The Silk Pillowcase,ChIJWVgynRoNZ0gRjHOyYkMjZjM
SilkRoutes,ChIJTWsmDF5zZ0gRmfLKskvZHok
The Silly Goose,ChIJPwsFQheQREgRnUJEPlneB48
TheSillyShop,ChIJmSOwu4MOZ0gRave5qfmj34M
Silver Fox Seafood Restaurant,ChIJUwRuF4afQkgRSzUOCpp5x1Y
Silver Oak Indian,ChIJaa3pCKfqXUgRd71qTMZ0tqk
The Silver Tankard,ChIJ4209Uk9aZ0gRbcT6qNKNZks
The Sin Bin,ChIJy4hEZTQPZ0gRafPiktQJfXk
The Singing and Drama Studio,ChIJZ3XGMxsJZ0gR66VZeGUKcNU
the Singing Chef,ChIJ_dOwqfdbW0gRQxq-tFgES2A
Bel Canto School of Singing,ChIJU11hBIcOZ0gRw2Jww7emB90
The Singing Studio | Kerry Jane Hurley,ChIJTUI_r5lfW0gRs5satJ8e3rs
Thesisbind,ChIJi_OSCmNcW0gRnfONKQWacu4
Tom Carroll Bookbinder,ChIJuRad7s3HQkgRQgHrcHJnuho
The Thesis Centre,ChIJWeS8_p8OZ0gR3xyEpp0OQ38
Thesis Direct Limited,0x48670dc122048ed5:0x9dbce0996cb2f550
The Sisters,ChIJ_9n69EkLZ0gRxsl5g9K25hU
Thesis Upgrade Practical Research Guidance,ChIJ7_HJ-IEJZ0gRgImDNcfEEY0
The Sitting Room - Hair Boutique,ChIJC58Yvp8JZ0gRe9Mebffyx6g
The Sixty Five Band,ChIJDc0r6oWXW0gRqLKiXjGFs08
The Skeff Bar,ChIJD3rlY--WW0gRHAmu5_1pR-Y
SKELLIG MICHAEL LANDING Tour - Force Awakens,ChIJe56UdNqRT0gRZC5ubP8fKL4
The Skin Alchemist,ChIJD0UHZDE7XUgR7YTXLXPzWjA
The Skin & Beauty Clinic,ChIJpQvQill5Z0gRcEkI4BVcwQ4
The Skin Cellar,ChIJrQMUviYbaEgRxwCoF1JCG0o
The Skin Centre,ChIJUXGkFZcOZ0gRM2DCYspE3To
The Skin Club,ChIJ8W6WhvJ1Z0gRwoUXSjHTbYk
The Skin Expert LTD,ChIJVZJxkrHLXUgRjfr67zNnpcM
The Skin Lab | Laser Hair Removal | BBL | Halo,ChIJxVLZ0fk7RUgRDV7YP7FkKe8
The Skin Nerd,ChIJEXHxQHgOZ0gR_Stiob6pbWk
The Skin Nurse Clinic,ChIJsYxenx4PZ0gR8NQnvSBP6AA
The Skin Studio Ashbourne,ChIJrdnErQkVZ0gRypkpGmoOVf8
The Skin Suite,ChIJTQHeLk5xZ0gRoB6-RgLb7iE
The Skylight Men,ChIJ2eX9FtBvZ0gRI73PXCVrLz4
The Sleek Clipper,"The Sleek Clipper, Grooming, Reiki, Training, Behaviour"
Ursula Quinn Paediatric Sleep Consultant,ChIJI34U7VSyIWgRK1GMpMvmzlM
The Sleep Fairy,ChIJF0RwQoiDZ0gRz7R2A90mtH4
The Sleepy Leprechaun,ChIJUeKvJpupW0gRbo3On2mwfuY
The Sliding Rock,ChIJg2r_IfeWW0gRPye0OZjTQfU
the slimming solution,ChIJX--yiBWPREgRGXDIsaFlv48
Vanessa Peare,ChIJNZVHasqwZ0gRmn0rk4KPUOc
The Small Adventure Company,ChIJkTjvef1zZ0gRn7z-IkLgDDY
The Small Town Pizza Co.,ChIJncBJHYlHW0gRYRygMyujsoo
The Smart Group,ChIJtcOx9TuRXEgRbXmk423JzX4
The Smart Repair Centre,ChIJdZX6H650Z0gRtgtoEM58dlY
The Lombard,ChIJI7NEu5EOZ0gRV2dVmgwtKBo
The Smoke House,chij_1km9ag8rugrhe_zxhjyfzw
The Smooth Company,ChIJY2B2FelzZ0gRKlGYZ8Xgf9I
The Smooth Skin Clinic,ChIJVdqsbmLFXEgRe0HY6MgCJ1w
The Smoque Grill,ChIJiVB0AS4bZ0gRopGNqL4wM1o
The Snug Room - Homewares Store Kilkenny,ChIJWzyzpGU6XUgRq1eZV-6FAh8
The Snug Townhouse,ChIJ3za_GPuWW0gRVu3qBG4yXjc
The Soap Room,ChIJZ6Xs25DrW0gRicNW6ZI1wNQ
SOCO by The Sober Colourist,ChIJJxdZhHi5KgoRBvB13y_-1P4
The Social Media Department,ChIJ3_3aUBjEQkgRf-BpvKBcTAo
Thesocialnetwork,ChIJW29g22VoXUgRBI1tMGAefhE
The Social Pharmacist,ChIJK6v2HxnAXUgRv20yirglNTE
The Sofa Lounge,ChIJeRmsgQ8RZ0gRfUBH5KVbhmI
The Sofa Room,ChIJvW3sUaMOZ0gR9BsvOSbEW-E
The Solar House,ChIJI-EapqQPZ0gRZfW8LCKQKvA
The Sole Angel (Reflexologist,0x48673a36eb819997:0xc2bc75c74789572b
The Song House - retreats and group accommodation,ChIJ56tqiM6FX0gRuic8Kz_Y820
The Song Studio,ChIJBbl1iZwOZ0gRPuAUP500Bnk
The Soul Hut,ChIJH7eCA_PBXUgRHNcfuuvU808
The Soul's Nest,ChIJea-I0r8OZ0gR3tdRYaPSWN0
PH Sound Systems,ChIJTVO57ikQZ0gRWelrd0e39-A
The Sound Factory,ChIJE-6VqAVJXEgRjifN1tzhezg
The Sound House,ChIJO9u4d4UOZ0gRL9ziJIV8Hqg
The Soundmen Wedding band Ireland,ChIJ921-pBFzZ0gRZgpGI7iQNQc
THE SOUNDZ Wedding Band,ChIJB0rdMAHEQkgRryNd7Q7ig40
The Source Arts Centre Thurles,ChIJ32p_PMfEXEgRz1GZ-4kWLDY
The Source Bulk Foods Rathmines,ChIJr6mpHl0NZ0gRtVn1ir3pCAI
South County,ChIJ27l0WVqFREgR8fublXHtDOY
The South East Hand & Foot Spa,ChIJrRnFOp-FXkgRwZ2GrvvnXj8
Southern Star,ChIJTxcJ2ckhQ0gRce3z5fnOxHU
The South Wexford Coastal Tour,ChIJK27hMTgbaEgR2xjyr0xUAGc
The Space,ChIJ04LAWnsOZ0gRWeKLoCeBISg
The Space Between,ChIJG0t5oq8PZ0gRrZILAKHFiVo
The Spaniard Inn,ChIJ5-FIM_phREgRH314QhL-OCE
The Sparky,ChIJXRW50BAFYo4RBc6bl71__W8
Karen O'Donnell The Speaker Coach,ChIJo31AbDgNZ0gR_apemJmEAq4
The Speaker Conolly,ChIJUYJJeT4LZ0gR-dx5LLT1WaU
Art Classes With Laura Dunne,ChIJx-WmpKPdXEgRxdBMLWdK3Fo
The Speech Academy,ChIJaWW9IZ8IZ0gR3Pw9-hdY0-4
The Speech Centre,ChIJuzPBaQEbaEgRAONjMLB5Ixk
The Speech Coach Clinic,ChIJ65jMPYaXW0gRc_3ToEY12qU
East Restaurant,ChIJ3XA1DI0OZ0gRbJ4xKXmmRhU
Thespesia Aesthetics,ChIJHxr3H3YJZ0gRRAcDURgYNy0
Spicy Affair Indian Restaurant,ChIJ1dgPhXwxWUgRnrMZoviS1gE
Derek Cawley,11db81498ea625b9e6503b3a67cf1c6a
The Spine Centre,ChIJteKlJ72vZ0gRpLgfp2Sqqzc
The Spinery - Mattresses & Pillows,ChIJTzTXuJIPZ0gRVtrCe9FJMME
The Spinnaker Bar & Restaurant,ChIJW1vvOR3AQkgRRT0QWz_7PEw
The Spinning Wheel,0x48450ba125537fe1:0x4ebf0a3f7a159a73
The Spinning Wheel Gluten Free Bakery,chijuxv_ajadxugrf2pyb99zdgm
The SpitJack Limerick,ChIJXz3PFHNdW0gR826KpTkJeM4
The Spokesman,ChIJFQPbaOcHZ0gR2YTq3loQP3s
The Spool Factory,ChIJsfclhViXXkgRs8xRtB5B3XQ
The Sporting Emporium,ChIJuTw_-ZsOZ0gRAV0WWq5wauI
The Sporting Shack,ChIJOR2ZvhPtX0gRhlwNH0usomI
The Sports Chronicle,ChIJy3z_Rf8PZ0gR4MsyDNVP1Yc
The Sports Factory,ChIJefBNwfhfW0gRSFMpDd_hn5Q
The Sports Massage Clinic,ChIJfwLcGyyvZ0gRqIKTXxHQgmU
The Sports Physio Clinic,ChIJXSXAiss7Z0gRioxVdsrI1Qc
The Sports Recovery Suite,ChIJ76RuLko1RUgRHYiZLQ0HKV0
The Sports Room,ChIJD6JmosywZ0gRw8O0x7Nzygw
The Sports Shop,ChIJH9yXwtINXkgRW0vJWw0zIHU
spot hairdressers portmarnock,ChIJ9T0Ded0aZ0gRaOVkJpujmCU
The Spotted Dog,ChIJswYV7jTPYEgRstVcl0h5jqo
The Square Tallaght - Level 3 Car Park - South Entrance,chijbuyopcb1z0grjswpkbh2dde
The Square Barbers,ChIJJd-De5BlZ0gR0sYKqvK3R-A
The Square House,ChIJG9CCPQJJXEgRGSY6UHDBl2Q
The Square Jewellers,ChIJYfg0lrV0Z0gRAjaKxUKBFz0
The SquareTable,ChIJKUmUNmWRREgRUasSEj-mWww
The Squealing Pig Bar & Restaurant,ChIJjXgfD0SfYEgR7zUkHCpc26E
The Squirrel Bookshop,ChIJtyMm6ZcNZ0gRcJrVSTr99Zk
The SR Group,ChIJpdc3aSIPZ0gRR__LCy_QZcg
SSTS,ChIJBwIOrc9zZ0gRLmenNQE8tyU
The Stables Fitness,ChIJxZAa94PmZ0gRzyBNK3sSOyw
The Stables Birr,ChIJKUddAon3XEgRhtSdEx0RMMk
No 9 Café,ChIJqZ4KZZzGQkgRRJlgCP6qdEg
The Stag's Balls,ChIJfdoW5joMZ0gRApms_Nm7M-o
The Stainless Community,ChIJ85JNgJBXW0gRc6JIASm1ddQ
The Stairs Gastro Pub,ChIJEehg476ZXkgR-e1CE8rjrO0
The Stars Wedding Band,ChIJv8mSnmRjQ0gRsqU2xyxxicU
The Steeple,ChIJXbBcKvz9T0gRFI5zvukR1yo
The Stella Bingo,ChIJ9eVsvWZcW0gRMuJGcrgYzOk
The Step Inn,ChIJgwdoEb8JZ0gRTvLO9aPKAKQ
The Still Lodge,ChIJ54UvlHcNXUgRiT8TNIpbaGg
Stillorgan Orchard,ChIJ2wlpNuIIZ0gRRWKlmzSdVvo
The Still Room,ChIJdxDH4I4VZ0gRgKpNFEBAExc
The Stitching Zone,ChIJ13wPwcKXW0gR9qxzSQfbQx4
Victor Daly - Stone Carver,chij06fjq7ydrugrwbxkbp1erw8
Stonechat Restaurant,ChIJmxLBgAg8RUgRTlO7oGRiaCM
The Stone Gallery,ChIJTUxcjYANZ0gRwVDYyxbSO_o
The Stone House,ChIJMTyP71fMYEgRwKB8mF6DKTw
The Stone House B&B,ChIJNe6MljGjRUgRqmpIjw9Jy7A
The Stone Rooms,ChIJ4UVMtUEFZ0gRvv9Vesnhw20
The Stone Studio,ChIJAam6itUJZ0gR0LRSdh5pm50
The Stop,ChIJFRWh2v6WW0gRLLvIdFG0YJ8
Fermoy Self Storage,ChIJ64kXp5lfQ0gRpeuTgWP23Xs
The Centenary Stores,ChIJw4X58kQbaEgR6m6PmOvZ3lQ
The Store Yard,ChIJXevI6NENXUgRzJoueBRSlag
The Stork Exchange,ChIJdfEXi1cRZ0gRMGPY0D0qots
Storm in a Tea Cup,ChIJm49-vwYiZ0gReT2QCEA3awM
The Stove Depot,ChIJN8Gm0GTEQkgR_Mcy0TKKrO0
The Stove Shop,ChIJtX3z7c-2QkgRxUtGIIBe_h8
The Stove Store - Charles Bonner & Sons (Ballybofey) Limited,ChIJs3EEfEq5X0gR7yc9VgevL5A
The Strand Tavern,ChIJxfXs2rm2QkgRWeSTutO9pqo
The Strand Bar,ChIJ01Mhw2TDXkgRIzf-DlLK8uE
The Strand Cahore,ChIJfd-VvdjfZ0gRfEdyu36Cf5I
THE STRAND HOTEL FORMER HOME OF OSCAR WILDE,ChIJs2Gf3WeoZ0gRyo1Lkjo1U54
The Strand Inn,ChIJ3WddLKjqQkgREq0oj8LGHJ8
The Strand Bistro,2219356e938b46248f857b10feaf7aae
The Strand,ChIJa51QTrwOZ0gRLhTqaZqiVIE
The Strand Road,ChIJU6BooJCHX0gRsGB29GpLcO8
The Stray Sod,ChIJk0DSnkwFXkgR1PeUWdF37M0
The Strength Catalyst By Kieran O Byrne,ChIJS_mRbF6DREgR7LAjh35jJYw
The Studio,ChIJ8R6Ib6YOZ0gRG5_sfhyMKYI
The Studio at no.2,ChIJ_z_c-0I1Q0gREengcD1Pv3g
The Studio Café,ChIJw31ZN-0LZ0gRwe0FA4snkkY
The Studio Coffee Roasters,ChIJMydJfds7Z0gRzAI9DGTQoR8
The Studio Florist,ChIJQ5v3HvoPZ0gR9eIzdnz4Y_8
The Studio Newtownmountkennedy,ChIJzXWi9b2lZ0gR4Ep559GmaI4
The Studio of Possible,ChIJaZSZhHAPZ0gR6hoL5IPOFl8
The Style House,ChIJBfaZYraTREgR21V5nkoQMls
The Style Studio,ChIJGzNZdwW_X0gR_pWOUZWT6mw
StylishGuyMenswear.ie,ChIJAQlSklQOZ0gR4uHtKttPXvk
The Sugar Club,ChIJWQQVlJgOZ0gRmQ6XgMFugVA
The Sugarist,ChIJ84F8qZ0OZ0gRyGTnDYsS1U8
The Suitcase Trio,ChIJd6m9RyQGZ0gRQweB5YQo6zU
The Suite,ChIJKavZVpwOZ0gRrJemCbTodGU
The Summit Inn,ChIJbfa5G4QEZ0gRo9Uh3U5CPJg
The Surgery Clane,ChIJUQfUceJ7Z0gRXF1pXD2b7og
DR. BREDA CLIFFORD NAVAN,ChIJgx1V7yBbZ0gR_gi_2fNSWhs
The Sussex Restaurant,ChIJs9vRNqMOZ0gRz1vtfQ8JWn0
The Swallow B&B,chijsuq9rf-ww0grvf8qoj_0e_0
Bed and Breakfast Galway,ChIJ2YuGT_-WW0gRg-l71lCQSSo
Swan Bar,ChIJ0fTMC54OZ0gRf81MLNpo6rM
The Sweaty Sanctuary Sauna,ChIJa8GlfNJ_Q0gRLu5dfg_Fzcc
The Sweep Garage Limited,ChIJE1ZJXkDbQkgRScxOEbwr6uk
The Swim Studio,ChIJ33JbADhyXUgRxcoJXriB-A8
The Swing Cats - Swing Band in Dublin,ChIJLwiGvskHZ0gRmQ8sKTO7A74
The Switchboard,ChIJeXsACIIOZ0gRHG2UvQbOJLk
The Tailors Pad,ChIJY9zc6p0OZ0gR5avBolKgM04
The Talbot Hotel,ChIJDX6R8kOoWUgRwiZDsC_I5RE
The Tan Fairy,ChIJm7u9v_Z0Z0gRfnYy24JBbd4
The Tankard Bar and Restaurant,ChIJycn_DVxLRUgRPQ7x2kcaiV4
The tank men,ChIJXe0zByM3Q0gRjh4BX_ILBbo
The Tannery,ChIJmdcOKwDpXkgRt3nZHwhoZIQ
The Tanning Shop Greystones,ChIJWda0RzGvZ0gR3i75gB5ebLc
The Tanyard Self Catering Apartments,ChIJt2SdVdbtX0gRAPGPYKGFhLc
The Tan Yard,ChIJd1o92WE9RUgRaSK1F1aijOA
The Tara Building - Private Offices,0x48670e85677f5bbd:0x52de8be53512895
The Tara Vale,ChIJp5FwOmbdZ0gR5FlO9Rff8fQ
TheTaste,ChIJ-cW9eGUOZ0gRYsG1eQL7VHY
The Tasty Chinese Take Away,ChIJDUrobUlyZ0gRFwDwWZsX4X4
The Tavern,chijgzemz-lvxugr3o0pbilhj_a
The Tax Clinic,ChIJu90v4TTrX0gRIc81etPC-90
The Teaching Rooms,chijmt9tmw6qregrr59-nbxm0ws
The Tea Room,ChIJG1S0GEx-RUgRnifKIKBfrek
The Tech Coach,ChIJg6spUdX3BQARbysqXF7oPxc
The Tech IQ,ChIJgVFn2KkPZ0gRWVEZscjmtYY
The TEFL Academy,ChIJqd9JC5gOZ0gRu5n7PngrQms
The Temple,ChIJu2eU7PENZ0gRaI10GIYjDDs
the temple bar restaurant,ChIJZYEJUu0PZ0gRdBbEnnKoT8A
The Temple Bar Trading Company,ChIJiS_zMoMOZ0gRtnimSCfZYnM
The Temple Grill Restaurant,ChIJ1YoRyf4LZ0gRldmBfhYBRfI
The Tenth Man (Dublin),ChIJNz5SOWYNZ0gRQm_ufuw07dc
The Terrace Bar & Kitchen,ChIJ31SupBxBW0gREe-MIdHmSUE
The Terrace Kitchen & Social House,ChIJXb63s44PZ0gR1TF13BwziF8
The Terrace UL,ChIJiV6yw9hfW0gRBY_ANUWsgO0
The Test Company,ChIJ32PtYGl5Z0gR-8g_p6aHeLY
The Art and Textile Theatre,ChIJW5bySZcBaEgR4FGv_FFscWU
The Thatch Bar & Kitchen,ChIJh5ckaZk5Z0gRAKfTz6PWZOA
The Thatch Bar and Restaurant,ChIJ7QxYVe05W0gRCIkDANUCFyM
The Thatch Cottage,ChIJI41S-n7zT0gRH5cBPxoqpiI
The Thatch Crinkill,ChIJq3gfQdT5XEgRe5Uw0V7RyL0
The Thatched Cottage Bar & Restaurant,ChIJu6yZtquRXEgRF_9nMLSJf6o
The Thatched Inn Ladysbridge,ChIJ3UHjA8F6Q0gRE5KtDuZOAxA
The Thatch Lisselton,chijvwbja_npwkgrvdmyo0yysxy
The Thatch Therapy Centre,ChIJEdhXbDRrZ0gRZ4pmSKvFjEI
Thetherapist.ie,ChIJa4dkzeMJZ0gR2ZzuZse_rO8
The Therapy Centre,ChIJbXSW5IcOZ0gRKATk0moyqmw
The Thin Frame - Graphic Design & Web Design,ChIJfwTjYFvNYEgRk37dBHOYoa8
The Third Arm - Farm Safety Equipment Ireland,ChIJd0kP6WdvYaERGXVgif_aLUM
The Thirsty Soul - Shamanic Therapist & Ceremonalist & Reiki Master Teacher - Roseleen McNally,ChIJD7gbRpwOZ0gR3UUpMv3aZaA
Alison Cowpar Counselling Psychotherapy,0x4842c72bb3f0fd55:0xf14faacabef606d8
The Three Arches B&B,chijjavyviybwugraiudmja_sks
The Three Q's,chijdwnwgyyvz0grga9j23qeksc
The Thrift Gift Shop,ChIJZx6FUcsLZ0gRqG1bl2SghdI
The Thrive Clinic,ChIJYwGiKvYPZ0gRl20iZO-JiUw
The Thunder Road Cafe,ChIJW2iXHDldWUgR20Olpck59YY
The Tiger Lily |Hello| Weddings Mary Mc Ginley,ChIJeVHeas2UX0gR2dHHk8nXiMw
Tigger Chinese Restaurant & Takeaway,ChIJl_xWEOJ7Z0gRt-NnVAOZYU8
The Tile Guys,ChIJg1oWWaVrW0gRbLTZ6eUYJZ0
The Tile Hub,ChIJUQ5WV3dBW0gRpXBV7PZk-V0
The Timber Mill,ChIJg_w13CGLXUgRagzOrXHwLOY
Quinn Hardwoods (The Timber Yard),chijpt8qzbemz0gri5sbtktssma
The Sunday Times Ireland,ChIJ_____yAMZ0gRx3_VvbFOlFA
The Times Ireland,ChIJNRwfSukOZ0gRK-K2DFxUNXk
The Tin Tiger,ChIJVcJDa_EOZ0gRMsdAiIHuiys
The Tiny Revolution,ChIJgaUM1OIPZ0gRl0YVNqPONAE
The Tipp Echo,ChIJqwYcw9GzXEgRkQpmHtBwVA8
The Tipsy Filly,ChIJhTHVgNSNXEgR5vcSs-tTsKE
The Tipsy Pigeon Bar Hire,ChIJw2Q4i4RtZ0gRMJ8L_iyiiic
The Tipsy Tailor,ChIJUbnGm6uFXkgRP8JPkvXHkss
The Titans Badminton Club,ChIJATvyPoALZ0gRWBUYq4jF2A8
The TLT (Tommy Leddy Theatre),ChIJ8c1Adp45Z0gRzo4El3zUvls
The Tool Shed Ltd,ChIJN0R__ExlXUgRicWPDiR2KhE
Tote Ireland,ChIJvaeOnLx_XUgRRUGQZoJQ3eA
The Tourism Space,ChIJ58Vc05EHW0gRGMB0w7ohixI
The Tower Healing Centre,ChIJfzwKVlAPZ0gR3VGxIVm8kVA
The Tower House B&B,ChIJGx-sVPk0XUgRG_Ax8Mo1cro
The Towers Bar & Restaurant Westport,ChIJkdLkq1N7WUgRgy3mMWthSv0
The Town Coffee Company,ChIJBQkRFDJXQ0gRuaXoCYRsuFE
The Town Hotel,ChIJIRDNmssNXUgRlwee_z6ovDY
The Townhouse,ChIJpx9GadcCW0gRzk6KWVeN5bw
Town House Hotel,ChIJXWHo6bp4Z0gRoVUZGixYMGQ
The Townhouse O D's,ChIJu8iJQymZRUgRB_FpG64h5JM
The Entertainer at Tesco,ChIJz-_wPYrNYEgRw4HDGg8jt6U
The Toy Shop,ChIJc6NSW2AaZ0gREvDlJ9dqoyQ
Trackstart,ChIJAeXNyG8PZ0gRVKCn5ln07s4
The Trailer Clinic,ChIJu1LsfF6HZ0gR0SxwnQWDFJE
Paws Academy Dog Training,ChIJM3sDML0LWUgRC6vAndxCrM4
The Training Studio,ChIJe7N6JdyPREgR6JMm9sw1Wlw
The Tram Café Fairview Park,ChIJdxYN21gPZ0gRf_Ww1N_QD5M
The Tram Café,ChIJnbLaXoIOZ0gRsY0GOJJmLRs
The Transfer Institute Limited,ChIJ9dXhL1oOZ0gRbmtXkXnnCWY
The Translation Company,ChIJ5Ww0O4QOZ0gRBGy4hbdBYNU
The Travel Boutique,ChIJA8ujdTYIZ0gRDud3ZiiaAvw
The Travel Expert Ltd,ChIJNwBkAgMPZ0gR-t0nb2302kc
The Traveller's Inn,ChIJh_s6qmjyX0gRp9q3HcJaAvw
The Travel Shop,ChIJ41M-oNwUZ0gRDGgecBgSijY
The Travel Suite,ChIJzbQzWosJZ0gR0eG0XPh8fWk
The Tree Company,ChIJ7brYcB6iRUgR3ixQmyENz2M
The Tree People,ChIJe_eANz11Z0gRKwfenpmpia8
THE TREETOP BAR & GRILL / THE STEERING WHEEL BAR,ChIJeYWcS7pzZ0gRCyo6g6iXYsQ
The Tribe Dance Academy,ChIJq5uajAGRREgRxMnJwyoAZ_A
thetruckwash.ie,ChIJBwIA2UsQZ0gRyhYWdSOcSkI
The True Balance,ChIJXduoZnYrW0gRWA1o5mfeqBM
The Tummy Tamer,ChIJG-wr7XSzREgR17CC9Kyu2sk
The Turk Grill kebabs,ChIJJZuHOnfpXkgRHYEpn3kfJSQ
THE TURKISH BARBER,ChIJ5wVqaVhyZ0gRBl99gK6EqFc
Turret Boutique,ChIJRSEuOJsOZ0gRYEP8DvnLo-Y
The Tweed Project,ChIJxZhRmfmWW0gR8-6PBaoIoDA
The Twelve Hotel Galway,ChIJWyt7dAu9W0gRvOkdmZRx6Nk
The Twin Friars,ChIJi-mpdli_X0gRysPd6E_sFLg
Twisted Olive,ChIJw7R7TpUiZ0gReuc2fphIf2E
The T Works Translations Ltd.,ChIJMR7Xa4AOZ0gR7TUSA6r3eTU
The Two Sisters Pub,ChIJTT9gn4cLZ0gR-plF8C54TAo
The Typing Department,ChIJlWFukUxbZ0gRtTjZ-eY-XWM
The Typing Service,ChIJr_p6YjXVWkgRTe_s4Ekr4TA
The Tyre Warehouse,ChIJj7IJmL3eXUgRRgxcPqy5M8I
The Ultrasound Suite,ChIJg-kCxtnnZ0gRvXxchYbfLKQ
The Unfurling Fern,ChIJS4A0xt3nZ0gROgYuEPSChwA
The Unicorn,ChIJl9HQv2dbW0gRRp7SUH1BR6U
The Unicorn Restaurant,ChIJdbP1rpAOZ0gRkzPw9ewZk5A
the Unique Escape Beauty Salon,ChIJyz-oBmv8Z0gRhAPqzow5oBw
The unisex waxing beauty,ChIJWW9-JSkPZ0gRWiCSJ4szRxo
The Unit,ChIJwZWN4KbOYEgRLE2rMJTLB78
The Unit Gym Clara,ChIJL_gUheGxXUgRRCHAzBJGpgk
The Upholstery Co,ChIJoXERUFMjXEgROJqphBkXagM
The Upholstery Hub,ChIJYb_gOPJrW0gRzItavOUs3fI
The Upper Room Barber Shop,ChIJoSlzC_MJZ0gR_plneOJHkx4
The Upping Company,ChIJXQGVtGw6XUgRq2UoBszWg_0
The Urban Barbers,ChIJI5Ll7Xr4Z0gRX6C_dHnpI2w
The Urban Co-op,ChIJM1-hUIhbW0gR3iq8zHAqeR4
The Urge,ChIJvZ_IXk3NYEgRSB_0OFw8JrU
US Creative Solutions,ChIJTyXFoAoNZ0gREEvO3B5UGeA
St Felims National School,chijbajkerybxkgrxwt6xjw0edk
The Valet Centre,ChIJd-XOvYYJZ0gR_sXGYjn4awI
The Valkenburg Hotel,ChIJwZEngEHnW0gRBGGDUJMolQk
The Valley Inn,ChIJowIFdB00Z0gRiiAHcI0dnVc
The Vanilla Pod Carrickmines,ChIJkQpVzTMOZ0gRO-gDz6y2goE
The Vape Box,ChIJuxg9mqrfWkgRZxuhVzIHDVw
The Vape Club - Manor Street,ChIJ5VnbxTIMZ0gRBqy7XjaSKpw
The Vaults Group,ChIJz80hXxsPZ0gRArDFoF15pjM
Vee Café,ChIJO0HO6ovCQkgRPET95DgPZnw
The Vegan Village Store Baldoyle Dublin 13,ChIJS16EbyEFZ0gRWEw4Ek8Hd2I
the velvet touch hair and beauty,ChIJn1kJa8MaZ0gRFbAJnWvVJSM
The Veneerist Ltd,ChIJlXhhjMyYX0gRG4iQAF1DVdc
The Venue,ChIJiQkkFxpJXEgRCetujhUhn6k
The Venue Ratoath,ChIJyZQnAxBrZ0gRa6Uw91-HjQk
Sport Outdoor,ChIJC6K2nHc6XUgRilpcuoYWcac
The Vet Clinic,ChIJqeQFt3pjQ0gRNZJtzKH1IiU
The Vet Pal,ChIJp7CQ0nR5Z0gR1bMfddTt3Dw
The Viaduct Restaurant,0x48448fe10b937201:0x70f97808c99ddea0
The Vibrant Creations,ChIJBXdXYVJXZ0gR69EBTqn569c
Victoria House Bar Tramore,ChIJ25YVow_DQkgRJAPEzvjTABE
The Victoria,ChIJ7Zef1BY8RUgRNNE1JkIPMwE
The View,ChIJryuctD0bZ0gR5yqydsXOGT0
The View Restaurant Bar,ChIJu_Y6P_m7YEgRU3QY9a2LZjQ
Cloughjordan Ecovillage,ChIJ9RWeyo3zXEgR8surqX6_aj4
The Village Apartment Kilshanny,ChIJnXOJLfwHW0gRgLB59E2bCto
The Village at Wheelocks,ChIJCwKJs0wHaEgR4R0UC9TD2Mk
The Barn,0x485dbc5b183d853d:0xdc1489e23303738
The Village Bookshop,ChIJS8b0v_ULZ0gRJWxjs0kaeDc
The Village Butcher Ranelagh,ChIJ57ct7K8OZ0gRbfg3hUhIfCg
The Village at Castleross,ChIJHwSukoqxYEgRuNciqP4Txmo
The Village Florist,ChIJCVQpYNJ6Q0gRVagzFVIInPM
The Village Garden,ChIJ4c9NlFfMYEgRfaCzIZ8_V2o
The Village Homeopath - Roma Rosborough ISHom,ChIJK3Z3Vt-FREgRa1kWOSmV4nE
The Village Inn,ChIJX-RHRn0MZ0gR32zLmTGzAQA
The Village Inn Finglas,ChIJr32HbPINZ0gRKauMxhzDsrs
The Village Inn,ChIJ0SQ7BNzfW0gRbEom_OYMfpg
The Village Pharmacy,ChIJ5W8aecQPZ0gRvatdexRa0BM
The Villager Bar & Restaurant,ChIJ3St3d3FKXEgRgnNgkl7WIRw
The Villager,ChIJv5jXSOIMZ0gRFwW9zgAyZgg
The Village Residence,ChIJ60vnjeo7Z0gRF2PmmgA2blE
The Village Veterinary Clinic,ChIJW3YSQ1qFREgRP2aFB6v6VIo
The Village Yard,ChIJKw12fr0HZ0gRz5iO-NginNU
The Villa Waterville,ChIJTTK4z5qOT0gRpbg0D-usHTE
The Vineyard Wine Company,ChIJPRkfw_qWW0gR6NwXNeSORMg
The Vintage,ChIJw6QduOvFREgRV_-AytsMYuo
Vintage Catering,ChIJzaEklkFzZ0gRWTco_GdqLIk
The Vintage Hub,ChIJ35H4UhEYZ0gRNq6crHtF0MI
The Vintage Inn,ChIJk1QxyOcOZ0gRM1QTHKji1fQ
The Vintage Kitchen,ChIJO0IAQ4UOZ0gRf4GJOMtiPUY
The Vintage Rose Company,ChIJt9HeQB4XZ0gRKp-1yYiqd9I
The Vintage Store,ChIJz-wvWzLRYEgRBZb4RCLnrfM
The Vintage Teapot,ChIJL6DSKIQOZ0gRgVII9hkMvzc
The Virgin Mary (TVM) Collective,ChIJS5Xibi8PZ0gR9rF1UKpdbUg
Virtual Driving instructor,ChIJRWWSVIXyyQARPEttc_YGgGA
The Viscount,ChIJPcbNsT8OZ0gRmKFpfHZMUOw
Mr Pathma Ramasamy,0x485d3083e471353d:0x1520d9becb7af
V STUDIO JAMES STREET,ChIJOe-yyDkMZ0gRsdnxYZe9TxA
The Voice Box Limerick,ChIJz-iWqL5dW0gRmkSWe8ymB9U
The Volunteer Projects,ChIJWwBYsQIQZ0gRX6lvSEEDBjI
Damien Bowe and the Vows Wedding Band,ChIJtWUjXtcSXUgRMB4lERN5G6E
The Voyager Bar & Restaurant Dublin,ChIJJae-lSUPZ0gR2hmaYjsts8Q
Voyager Self Catering Accommodation,ChIJj9UqT0WDREgRnBNDbniXdAQ
VPG Cork,ChIJicI7ddyPREgRINlwmrwO_xY
The Wall Climbing Gym,ChIJ_7XeCQYJZ0gRfLiJAetxfME
The Wandering Elk,ChIJEYXOxBQNXUgRj68Z5YB1U58
The Wander Inn,ChIJbVToIqxsRUgRNYMGVrPObMA
The Warchest,ChIJJeGFeSQGZ0gRo47cf9p0Szk
The Wardrobe,ChIJq4C856H7X0gRj6KMh9RgzII
The Wardrobe Man Deansgrange,ChIJcR1pwYsIZ0gR69ln9f8IETM
The Warehouse Ashtown,ChIJ3-EYD30NZ0gReqfopqBNgeU
The Warehouse HX,ChIJqbusUxcMZ0gRQajcV_tcgWQ
The Washerwoman,ChIJOd9wjXQOZ0gRbvJrKBWx3OQ
The Waterbank Gastro Bar,ChIJ9w8v5uoOZ0gR0TxMt7V-cRU
The Waterboys Window Cleaning,ChIJEd72vzPoXkgRcRpHMc_KfnM
The Waterfall Clinic,ChIJXYa_0F55XUgR9RQYCjI47vA
The Water Filter Men,chijy-cuuh3myegrpgu-qcjgyjy
The Water Fort Garden Inn,0x4860acd9d803ae67:0x62d5fbed45912b01
The Watergate Bar & Kitchens Navan,ChIJAwC0WEtbZ0gR1wuu5xDbPI8
The Water Lab,ChIJR9eiWDVwZ0gR_zRH3HI7VnE
The Waterloo Bar,ChIJ6f-aZL4OZ0gR9zkuZHKOw3g
The Watermill Bar,ChIJl-wXeY0PZ0gRsYHW3FMjNAs
The Water School,ChIJB1ew_qcORUgRnwYH7GPaU6M
The Waters Country House,ChIJ90HfaEihW0gRUzyJtUlf7fs
The Water's Edge Bed & Breakfast,ChIJwcZAFTKoX0gRzNWqZFC1tGE
The Waters Edge Hotel,ChIJx98ObRDwX0gR7O-FdmhGG8s
The Waters Edge Restaurant,ChIJuUGjHhDwX0gRhTd0F4Xy9y8
The Watershed,ChIJxaDD9bswXUgRNqIm8wIn8U4
The Waterside GuestHouse,ChIJhzjK21J7WUgRhNiZB-NYirM
The Water Treatment Centre,ChIJLZYF9vO6XUgRf5vKgthKy6I
The Waterworks,0x485d5f4394db93db:0x46e2cd13097dc573
The Wave Clinic: Craniosacral therapy,ChIJaQzRxEmvZ0gR6Go_dXu5jQk
The Wax Room,ChIJ0yVTRMdrZ0gRS9FEP2lH8_8
The Wayfinding Centre,ChIJI04vbJcPZ0gRd7aph_j8JI8
The Way of Christ Evangelical Ministry,ChIJCzx4rvuWW0gRNRaLEXxf2eY
The Weavers Shop,ChIJ8YtoGusSRUgRxUNpWthuFoE
The Web Centre,ChIJbyivJPMSZ0gRGhhhNDfG5JU
The Web Lab,ChIJAaK-GqA5RUgROLGFzY1VKzI
The Webmaster,ChIJU9ellZgOZ0gRc8fLlfH07Pk
The Website Shop,ChIJfWNcnBkMZ0gR1tewzn1votw
Wedding Rings Dublin - The Wedding Band Shop,ChIJW59N25cOZ0gRbdSb6Dpk2ZA
NK - The Wedding Hairstylist,ChIJP39TLn-lYEgRW6WHjYEW6e8
The Wedding Lady,ChIJb8Px6LNtZ0gRJAcF7g2KaIs
The Wedding PA,ChIJaaOMxYkNZ0gRJwyg6lParLQ
The Wedding Wizard,ChIJ5Vcwd1lbRUgRDbOx2g4A7Mc
The Wee Bindery,ChIJ0XPVXFDsXkgRWdKv6yhE2uY
The Weir Clinic,ChIJV-Ix8yn0REgRNbx4Z6AOf54
The Welcome Inn,ChIJeRHfnw-QREgRkofqHdFEhM4
MIG Welding Courses,ChIJez4MdbsPZ0gRa6yp8cfd0SI
The Well,ChIJw5RNugsJZ0gRfWzkmcImgDM
The Well Bed & Breakfast,ChIJKXvlXe9WREgRMRE9wTPBwgw
The WellBeing Centre Galway,ChIJH-WgmkGTW0gRKggV8Wm32vA
North Cork Social Prescribing,ChIJw6IRiz67REgRhU_2zjd8F2I
The Well,ChIJR0skZmR0Z0gRtbgHgA0_1qs
The Well Centre,ChIJI_ZeJF99Q0gRhCzMYYizpVw
20-21 st patricks street,0x48670755949a55cb:0x3119cf753520985c
The Well,ChIJ7-GMRj0PZ0gRTgLD5iJTaEc
The Well Institute,ChIJqZeVyj-LREgRxIwLCUuSIuU
The Well Meadow Bed and Breakfast,ChIJPXqZsyiQXEgRJxSRjXmXM4Y
The Wellness Clinic,ChIJAWwAljwMZ0gRYS4rclDhhhM
The Wellness Crew,ChIJW5IbiZcOZ0gRlCMmEEmei2g
The Wellness Pantry,ChIJddavGTz9XkgRXGKN5JFFI_c
The Wellness Shop,ChIJJe1n9jPoXkgRvSn4GS1LS2U
The Wellness Tribe,ChIJlZROlZ_XQkgRxEHlifD7KiU
The Wellness Way - Galway,ChIJnyrBsbeXW0gRQpLu3KtvWOQ
WellNow,ChIJv62aAcwJZ0gRY0nvMjGJKz4
The Well (creative community space),ChIJS5TYn30LZ0gRX7cTWwYpgIM
Wellspring of Life,ChIJQXknhZEOZ0gR1tZmX-Zby84
The WELL WATER,ChIJe39Tk5cOZ0gRM0yKBLmIaVI
The Well Within,ChIJFQFuZb7hXUgRAZaeQl9tgDY
The Wellwood Centre,ChIJ9XecbuhFXUgRpJwh95jIvx0
The West End Cafe,bf86ef998dc5552e9d66ecb78a2573be
The Western Strands Bar,0x4859597528699b17:0x6da2390e69b58748
ecars Charge Point,ChIJhU2E1IQOZ0gRVisn0rMXhWQ
The West Bar & Restaurant,ChIJB__74aNkWUgRIIeFonkdwQQ
The West Wing Restaurant,ChIJZTx8qEbxW0gRvn_eMPbXhbs
The Westwood Summer Accommodation,ChIJ23YruAyXW0gR5xn-HP5FVXY
Kirbys @The Whale's Tail Restaurant,ChIJaWmN9XpXREgRtfNGfMMx7zY
The Wheelhouse Cafe,ChIJJe3cL9VxX0gR8kcq71ulaJY
The Whiskey Experts,ChIJ0XgfWNUPZ0gRh1F85OZTBnA
The Whiskey Reserve | Whiskey Tasting Dublin,ChIJ2bqxdr0PZ0gRzHDYWNwrLck
The Whiskey Trail - Taste the spirit of Ireland,ChIJn2Ji5icMZ0gRw3p3ZqUlqUo
THE WHITE & GOLD,ChIJbTS5KdphREgRJKNIFRG6sQ8
The White Bear,ChIJxdF7wSUMZ0gRfW7RqZWldyk
The White Box Gallery,ChIJy4tO0Dx5Z0gRnqe2dTEwtXE
The White Collection,ChIJY0pClS3rX0gRCfC4xyS_iGQ
The White Company,ChIJqzJCO8APZ0gRElle0PO1_sw
The White Cottages Accommodation,ChIJqS6nJAoiZ0gRawsllb96g7A
The White Hag Brewing Company,ChIJC1HG8B2_XkgRkmGT0aEfjY4
Teeth Whitening Dublin,0x48670967a1882537:0x81790473ee6c79fd
The White House,ChIJO42wDmRcW0gRcsd07D6cbiY
The White House,ChIJ-Sq8NjAFZ0gRUtVBs0cWqA0
The White House,ChIJfWvH61YTRUgRye-uzJOdxZo
The White House B&B,ChIJewas-XGRREgRTA0ddBnxpho
The White House Hostel,ChIJM08-lDboXkgRzNRn_MbYsFw
The White House Hotel,ChIJ3yVmwKwTZ0gRXYfFGhFyZ_g
The White Ivy Bridal Boutique,ChIJSz-dSNFtRUgRQ1Taa7WTA-Y
The White Orchid,ChIJZ5HKmJtXZ0gRbwd3HAMW6Qk
The White Room,ChIJkRsBSRvAXUgRiFOtfw8xqkc
The White Room,ChIJrSwqI6xsRUgRjf0aXGcTsQA
The Whitethorn Gallery,ChIJkTMhaE07WkgR5LZr7f8iSAk
The White Willow,ChIJTX8OhNeYRScRJa5Grx-VIMM
The White Window Company,ChIJH0eTXVh5Z0gRqTKd0v_pCjk
thewholehog,ChIJ4x_V5_qnXEgR6mIWPBMRBUo
Whole Hoggs,ChIJSRwbGt0NZ0gRonSB5r6ZawI
The Wicklow Arms,ChIJj-8nd2CvZ0gROv1FPsuwIF4
The Wicklow Escape,ChIJ0Vok1a6PZ0gRu4qd6_3qBs0
The Wicklow Street Clinic,ChIJn5jAgZwOZ0gRGmcZ_kCuOvo
The Wicklow Whisk Cookery School,ChIJ5XILU6y7Z0gR0MLe4jLHqSw
The Wig Clinic,ChIJSfskKeKlXUgRpoThQEb-hII
The Wild Geese Restaurant,ChIJXdms8AxGW0gRcSKTadEDVCM
The Wild Atlantic Lodge,ChIJH5QnEWWhW0gRjS4MtNKXZug
The Wild Atlantic Lodge Achill,ChIJgb59dLKZWUgRdysQRb758wc
The Wild Atlantic Sauna,ChIJDf0D8iF5WUgRQYmlmqpjjnI
Spiddal Pier,ChIJ0cU1W_i6W0gRZD0IDzUF1r8
The Wild Duck Dublin,ChIJaa82UkwPZ0gRsdaW_c5T42I
The Wilder Townhouse,0x48670f703d5d98cb:0x6f4d9c978f2d2457
The Wild Farm,c9fb5178a546e5c5341af535617ea47f
The Wildflower Collective,ChIJG-Yw0KVjQ0gRbjeKBYEAI_c
The Wild Glen,ChIJD1s18MYSGWoRAU6U2msGj_4
The Wild Goose,ChIJ6Vr7mcq-REgR-DNz5HhoInM
The Wild Goose Grill,ChIJvWFD5q8OZ0gRNzG1Gd8NTSg
Wild Derrynane,ChIJ9UDX4iWJT0gRKdweNkfJbj8
The Wilds,ChIJo1RqLWAAaEgRcwwEfFwx7_k
The Wild Tribe,ChIJMRDcgnDJWkgRtmrWDDnm39U
The Wild West,ChIJMZ5DU55kWUgRiDks-XU_xxQ
Wild West Outfitters & Supply CO.,ChIJ2dfcQ7M1RUgRS22XbyZztmQ
The Wiley Fox,ChIJBdu4d4UOZ0gRaOuk1A8nm50
The William Street Barbershop,ChIJxRKtU29cW0gR6Fb8zvyuYVM
The Willow Retreat,ChIJ9cTkuY6FW0gRW_VPee96NUo
The Willow Rooms,ChIJwfmz_KcYZ0gRPeMgn7L9ze8
The Willows,ChIJz7rDUGJpZ0gRRkDF7chLcIU
The Willows B&B,ChIJ0QljQAaJX0gRDmbz5JF4NMA
The Willows Pub,ChIJSXs-rP4NZ0gROloEhnSc_JM
The Willow Tree @ Rathdowney Golf Club,ChIJa9bgByMfXUgRF_l0gtOZSdM
The Windmill Café,ChIJpW2BdLqrREgRJyhNqlPvIVs
The Window Box,ChIJIw7aoPYLZ0gRaz_VZz2V4Cg
The Window Cleaning Company,ChIJpVbaMK8ZZ0gRqxJYoctdJtk
The Window Repair Company,ChIJA0Z69El1Z0gR955H-zhMpG4
The Window Repair People,ChIJOby7OfJDW0gRXSsCYx8ywIg
Anarget Wind Farm,ChIJaU-Yx-EJX0gREFV_bzi9T9E
The Wine Buff Gorey,ChIJuSbYVuXnZ0gRrHvy54rJzeM
The Wine Centre,ChIJ3Svh358wXUgRjpI_2SEMnf0
The Wine House,ChIJHxqbB7X2W0gRCr6yZoKeLrE
The Wine Pair,ChIJrZ_5-GENZ0gRKW6soV4TaxY
Wingman,chijz4a2tu0pz0grpr1ifdneijg
The Wishing Well Lounge Bar,chij-tuz6u0iz0grihpo7ihg1ay
The Wish List Gifts Engraved and Personalised Gifts For Your Favourite People,chijn3cmramrz0gr9o2a_kzyqcm
The Wokshop Clondalkin,ChIJ268zekZzZ0gRlUqs8gYVcP8
The Wolfe Group,ChIJB0ySOPk0XUgRJDGLcoIzJwk
The Wolfhound Experience,ChIJhbGhjkUPZ0gR-aZgv-FF5W8
Wonder Works,ChIJB6NZer4OZ0gRArr0v1HOJxQ
The Woo 1984,ChIJrdlKnf2pZ0gR0OClSuxsPN4
The Wooded Pig,ChIJYzGb7psOZ0gRSHULnlTOLls
The Wooden Hanger,ChIJU8g6ZIalXUgRrmQOA6QFwU0
The Wooden Spoon,ChIJzZ18J8cIZ0gRB4el2lQDg6s
The Wood Factory,ChIJhSl8tlESZ0gR_-l6xVbgd_A
The Wood Fired Pizza Company,ChIJpcwr7ZMLZ0gRyseawH_nJ4E
The Wood Fired Sauna - Skerries,ChIJ51Ok_EsjZ0gRCeOHihwbaUM
The Woodford,ChIJ-ZKM5BCQREgRMX31E79eLHE
The Woodlands,ChIJa6nH13hBWUgRXyygDuA-UYA
The Woodlock Brasserie,ChIJe6WZSGt0Z0gRy4D-Nq-YYxE
The Woodmaster Flooring Company,ChIJqUDZlwu6Z0gRTyDY-3qRZf4
Robert O Connor The Woodturning Studio,ChIJN_tob07mZ0gRHUE9FAkqewo
The Woof Wash,ChIJj76JV7qTREgRgawODHPW3Og
The Woollen Market | Ennis,ChIJX14KcC1tW0gRw3M1xYr0aKk
The Woollen Mills,ChIJXRnkfoIOZ0gRXvx4BukwPoc
The Wool Shop,ChIJcwb5fdLfQkgRFLACNvK7pZI
The Work Doctor,ChIJqc71C0ANZ0gRm9J2c9RhgkY
The Workman's Club,ChIJZ6LROoMOZ0gR43amfj6EPN0
The Works,ChIJgURoVWqQREgRgmF3chrOsRs
The Workshop CrossFit,ChIJM-Bmpz8PZ0gROA6eVc2xv-I
The Workshop Castlerea - Pilates,0x485c1d3caa81eb23:0x6fcb88cb1831ebb0
The Workshop Health & Fitness,ChIJByZUvPahXEgRoRvLbiKEIOg
The Works PR,ChIJQWWBLV8PZ0gRixq0_ywP5y4
The Works,ChIJWRQUCA8MZ0gRWu39EXDk2e4
The World Gate restaurant,ChIJx7p-5e4xZ0gRFToJAcqsFFo
The Worldwide Media Conspiracy,ChIJqxmtPZ8NZ0gRiNXSffmRoII
David Browne - The WP Guy - WordPress Designer,0x48675b448e26eec1:0x49f60bbaa289edf5
The Wrap Pack,ChIJpw4Uce0NZ0gRhfODjIR-sdg
The Wreath Boutique,ChIJMXD6QIL1XUgRf4wiP268dcQ
The Wren's Nest,ChIJWTRnqMVyZ0gRKix1pj_sShY
The Wright Gallery,ChIJK8kPzqxkWUgRU7iyeX0VGE0
The Wright Group,ChIJiYHhSJMQZ0gRsOaA67skvZs
The Wright Venue,ChIJNX15z_UQZ0gR7rquQtn89T8
The Wytchway Inn,ChIJHdhVLnPGXEgRdIaU6AsY7oA
The xCart Store,ChIJQbKG2jvEQkgR_Kt_xM9sLMY
The Yacht Bar and Restaurant,ChIJvY33oFAOZ0gRQfh9c7WqD-g
The Yard Restaurant,ChIJVfVNw0QbaEgRc_6sCT2ZCDg
The Yard Barbershop,ChIJi-VVqvwxQ0gRsZycSnNsDJY
The Yard Florist Clontarf,ChIJASYqKqcPZ0gRQsQka_BnqiY
The Yard Café and Bistro,ChIJle_459kCW0gRZD2BqzqXTME
The Yard,ChIJyVdVFGYxW0gR8-9SNttxSko
The Yarn Byre,ChIJa3TcEyBbW0gRow1OWXNfZ4c
The Yarn,0x48670e83151afea7:0xb11710039c9c5b72
The Yellow Door,ChIJIcVkh3CjRUgRkaxh6mEb4zE
The Yellow House B&B,ChIJX91R26tEZ0gRVhF4uwpLw2A
The Yellow Road,ChIJvyEpuVtdW0gR2tTx0Ploawo
The Yellow Rose B&B,ChIJlRs8tSUZWUgRYl1uhNt_n8Y
The Yellow Submarine,ChIJm5N5iHpfQ0gRPjf23NLUGjQ
The Yew Room,ChIJeVEBeQCnZ0gRe7lodRWnNiE
The Yoga Barn,ChIJ1_fcSy7KQkgR1jWvzz85V_Q
The Yoga Barre,ChIJM1i7TCCvZ0gRoxSIfaKnmck
The Yoga Dance Factory,ChIJyzG6EKAPZ0gRVsOc1M-YVns
The Yoga Den,ChIJl9lhV2GNREgRAo2_3xUvYY8
Gemma Deeney Yoga & Wellness AKA Theyogagym,0x486778e9bc187fdf:0xbe4b7681a4015baf
The Yoga House,ChIJzejQ6wZqQ0gRuEtHRDJdNd4
yogahub Camden,ChIJJTysf68OZ0gRdQUNZozZNMM
The Yoga Lodge,ChIJ-4Yq-94ZZ0gRDsRqRTd8R9k
The Yoga Lounge,ChIJYz6De40PZ0gRgoYVNzfZxSg
The Yoga Nook,ChIJRQgeTqTvREgR2fDdf6-6jGI
The Yoga Picnic,ChIJk4s8ok-5XUgRV0a6sQESzgI
The Yoga Root,ChIJfVNjCRV7WUgRTWAeE1uvu4E
The Yoga Tree,ChIJ7915Am6SREgRYzIMlvaAgL8
The Youghal Apartment,ChIJx4C3UwRtQ0gRDnayEtQvXQI
The Yurt,ChIJMWMeCU17XUgR5feEqnxVhgQ
The Zen Den,ChIJ36lcBhwFX0gRJUXQtNDJzNk
The Zen Room,ChIJD8De3LwJaEgRGKdtRToz1_o
The Zip Yard Kilkenny - Sewing services,0x485d3a7690915221:0xa85dad921c4587b1
The Zone,ChIJBeJ1nWdbZ0gRekfBMY6O55E
The Zzzen Den,ChIJgVXAMcQRZ0gRaiFDdsyIOr8
TH Flags,ChIJGYpCKaGhXEgRrPMmi6Go104
Thidwick B&B,ChIJOU70VWqPT0gRi1QqZz6GEU4
T.h.i.e.l.e.service6,ChIJ312IWGNDhKIR22DuKlGITbY
Thimba Media,ChIJARuaMJzGQkgRZM5oYikvaKc
Thindi Sligo,ChIJfUXuj9bpXkgRDts3HHiLfC8
Thin Gin,ChIJkWM9KZrGQkgRfejpzGmMIYQ
Thinglabs Ltd.,ChIJu4ZuiO450W0RfqRa2UCj8J4
Thin Ice Productions,ChIJOcJmj0hyZ0gRJ8Zjx9qZMss
Think Therapy - Dungarvan Counselling,ChIJF6UVsxgYQ0gRmJ5sPEi9TBY
Think Better CBT Counselling & Coaching Services,ChIJ3_X6Fj0KaEgRSgcecytPk_s
Think BIG Space Dublin,ChIJVUg4bS8LZ0gREWxtNfzMI1k
ThinkBike Terenure,ChIJz1ZVBaMLZ0gRfXuNMCKLh7I
Think Business Solutions,ChIJU-lmV2obaEgRfdRtgG6FyFI
Think Coffee,ChIJPTTo4KMRZ0gR3fKY3LyLL3M
Think Contemporary,ChIJMfLTkDwMZ0gRAPoOAgIcF8Q
Think Design | Event Design and Production,ChIJEVw2G5kMZ0gRtCfdA3xyr50
Think Digital,ChIJgSr1ppOaREgRvo8VEKDfFLI
Think Evolve Solve | gather360,ChIJfRx1Q8EIZ0gRPnQv4BxCKFw
THINKHOUSE,ChIJJT4s0CMMZ0gR5fsk3LZYeKs
ThinkHR,ChIJ42zoMHcOZ0gRUEksgM_aQ3c
Thinking Toys,ChIJ69lADfSeXEgRl5yAUCQp6hU
Think Logic - Project Planning Solutions,ChIJb6AekUcPZ0gR1uIlME7Z3c0
Think Media,ChIJNZ-Z6GIOZ0gRh25sLxPtwxQ
Think Print and Design,ChIJY9IIp2sbaEgRXgeg59eXT5o
Think Punk,ChIJA5FmwBwNZ0gRN5lUbEhAewk
Corlurgan Training Centre T/A Think Safety,ChIJrVTZ3hAMXkgRYvgtHr80pkg
Think Simple Homes,ChIJ4WP5qfLhZ0gRoumFDIFRVTU
ThinkWell,ChIJZ7TcSfcaZ0gR2TClEjA-EFM
Think Well Counselling & Psychotherapy Clinic,ChIJSypBkBvAXUgRKKJHiciqN80
Thin Line - 3D Coastal maps Ireland,ChIJy2FGa46ZW0gRhuWNGzHc0sY
ThinScale Technology Limited,ChIJo6-7z4UIZ0gRSfKgU1WNpzw
Third Age Centre,ChIJ-_zMAMhmZ0gRSUlz3X1Jobs
Third Barrel Brewing,ChIJ_aVSGcAMZ0gRVTYdvVOX6_c
Third Eye Beauty Studio,ChIJvyrL2iiXW0gRCmtvpU7g6Fk
Third Mind Design,ChIJnTyemIIOZ0gRupDjwTRoLEI
Third Space Smithfield,ChIJk2kH-y4MZ0gRv4M9iAJs8SM
Westside Edible Forest Demonstration Garden,ChIJpxV4QFuWW0gRNl_cf6y6z_M
Thirmal,ChIJN6El7JdrZ0gR2EcMjvlAnJA
Thirteen Ink Studio,ChIJE4PLBRMNZ0gROgnrMAzunEc
Thirty Birds Massage,ChIJB88oe4uJX0gR4ZkWIZ8Bzq4
Thirty Eight - Cafe,ChIJL_zbRpM7Z0gR3A2-KvB5XHI
ThirtyFlirty.ie,ChIJg7ifIz04XEgRGvF5sBr4GuM
37 Degrees Fitness Gym Galway,ChIJ325-e_p4XEgRwEbCnCHT3WE
TTT - (thirtythreetrees),ChIJ0XakFZcOZ0gRTs9zmxQIsEA
This & That Gifts,ChIJo-1vi8tFZ0gRcBQEFobkO8s
This Introspective Life,ChIJiz6yevaXW0gRi_pOX3nIdJE
Butter,ChIJX3PqnpUOZ0gROekGQgIUqCo
Catapult Events,ChIJa7gy6UEPZ0gRjywQ8tpjWNo
Cavan Tourist Office,ChIJwy87szIMXkgRpR8WYK0hCA8
This is Doing,ChIJGaXnwqIPZ0gR4Mh_cFJo0xU
This is Donegal - Donegal Town Business Focus Group,ChIJYUx95UqoX0gRL6CWGkcuaMM
Evan Doherty Photography | The Sp8ce Studios,ChIJR8v8HZ0OZ0gRt5z3c9KQcDQ
Highlight Thomas Street - Student Accommodation Dublin,ChIJ2XB9PiUMZ0gRScPI9KzPtNw
Ernies,ChIJEb6cPPmWW0gRpEYY48YULD8
This Is HCD,ChIJnfCZaZUPZ0gR6zrFAg8Vb7A
This Is It.,ChIJT-nC5NAFW0gRvBBywSOGgq8
This is Knit,ChIJgav9ZJwOZ0gRIXRwhyk4fAc
Red Flag Consulting,ChIJp_qlzZkOZ0gRBYM7OFWA4Vw
This is Seaweed Ltd.,ChIJ7Vpw4FIJZ0gR4Xf49tN7Dq8
This is the Way -Dominic Munnelly Health & Wellness,ChIJATUmDx0JZ0gRTChjJ3zI684
TRUTH,ChIJj_bAtmltW0gRDf9VGbwtWTA
This Is Us Therapy,ChIJo5oex8UPZ0gRzN3EtPSgQV4
thisiswhatido,ChIJXbPXSxAFW0gR2DWdXon9uBY
This Is Yoga,ChIJLRrZwc6dZ0gRln2JDMfvaAU
This is you Ltd,ChIJ9R7McUIlW0gRDlLt3jopE3k
Zero Hair Removal Solutions - Liffey Str Upper,ChIJ20cup4MOZ0gRMbv63wvpub0
This Moment Yoga,ChIJcVkedXoPZ0gR68y56Up-IeA
This Must Be The Place,ChIJtUyMm0JlWUgRDXlLoSmEh30
Formerly Wax in the City - Stillorgan,ChIJu-UTFBoJZ0gRRalJqDgWO2I
Thistle Design Glass,ChIJbZ9HkvyDREgR_eYWVqn8wFo
Thistledown Lodge,ChIJ0Ul3d2G9QkgRDYGuNQqf8y0
Thistles,ChIJBZ4gx--WW0gRPYYcLXrLQHA
THK Manufacturing of Ireland,ChIJ-_TjXkgLZ0gRKl6uafvh2ns
THL International Limited,ChIJ6Q4MFSCwYEgRDts6BgsNrxw
Terence Healy Motorcycles,ChIJLVEGnPSZXUgR361eQ67MFFU
Tadhg Hawes Motor Parts (Togher),ChIJS78UkduPREgRR4BNV_JSJkw
thnxppl,ChIJlRc9uggRZ0gRMZmpikXjdUk
Thomas McCormack Painting,ChIJy02j1ZlbZ0gRVxUualA0mfA
Thomas International,ChIJod0uKSgMZ0gRJeQBy6psjSw
THOMAS AND CAREY,ChIJGcAP03ylRUgR1NnMRDO0Wqw
Thomas & Co,chijebpibtqrw0gr6cledczl95k
Thomas Barry & Company Solicitors,0x48670e9950a6fad9:0x53d3c95394b86f09
Thomas Byrne Auctioneer & Valuer,ChIJO6CYgTo6Z0gRXMF9eMV4JxQ
Thomas Cash Tarmacadam,ChIJP5-W9du3QkgRSjEBSEnMPfI
Thomas Clare & Co. Accountants,ChIJ7cp-GQM0Z0gR8oqiGU2bE8U
Thomas Connolly Bar,ChIJL2GfJjToXkgR6nZeVyMIw8w
Thomas Coughlan & Co. Solicitors,ChIJX4aLgwWQREgRka64pdW-4_g
'A Fallen Bouquet',ChIJi-4dw1oPZ0gR8gN2SaRUQUY
Thomas F. Rehill Acupuncture,ChIJcUYjOp7TXUgRnA4zXXa7mRU
Thomas Ganly & Company Accountants,ChIJ4VAhFvhIXEgRn2enLAq81x4
THOMAS' GARAGE,ChIJi5gqAuBsW0gR2UVVvR-jNP8
Thomas Grufferty Cleaning,ChIJ0bbR05NNWUgRY1TziLhRK2Q
Thomas Halley Auctioneers & Valuers,ChIJc7G4vMzFQkgRXAspbhKOzsI
Thomas Holton Windows,ChIJD-QchbWJXUgRhiGaLetEo7E
Thomasina Connell & Co. Solicitors,ChIJ0beId8wNXUgRkJuqOb9bSzU
Thomasina's Advanced Skincare & Beauty,ChIJ5VxbZuxfQ0gRgwjDuITODg0
Thomas James Kitchens & Interiors,ChIJtYk5-H_CXEgRHjJU2tJKUHc
Thomas J Crummy Landscaping,ChIJWRfYmf6XXkgRhA-fvH5tub8
Thomas Johnston Design,ChIJwYMwlVMGX0gRm58P_gXJiH8
Thomas Kane Tax Advisory Services,ChIJ6wiY2b0OZ0gRmfIkrwcfFDY
Thomas Kelly Haulage Co.Ltd,ChIJFa3HlqvmXkgRj7CAJnMhOGQ
Thomas Kendall Hair,ChIJJebziT8NZ0gRneMylkZpatE
Thomas Larkin Psychotherapy,ChIJEyNfgZwOZ0gRTxjGxFuIjME
Thomas Loomes & Company Solicitors,ChIJ_xkhdsgPZ0gRxKdBtVBVY14
Thomas McHugh (Kilcloghans),ChIJ20NFhcz2W0gRmN03WPQWFuw
Thomas Media Ltd,ChIJewKu1GMNZ0gRzMq32SpnX-w
Thomas Montgomery Ltd,ChIJE0QOZiumZ0gRAN_cirziRJ8
Thomas Moore Inn,ChIJSV2E-v0PZ0gR78zvFa16QQI
Thomas Moore Tavern,ChIJjWtfo0QbaEgRVVb9yWeeASA
Thomas Moran & Sons Limited,ChIJg5rkHXVdWUgR9pNbd80MCVw
Thomas Moyles Wedding Films,ChIJb0FA9KyRXEgRj3-ZTHrTJC8
Thomas Mulvany Limited,ChIJySkIfupGZ0gR5r855nb1iiQ
Thomas Murphy & Sons Funeral Directors,ChIJ9VTnrtSnZ0gRKZyPVN3P9KI
Thomas Patrick Limited,ChIJFYH2ipsOZ0gRuCZWTELXlTw
Thomas Photos,ChIJg4M3yTgNZ0gR8QWJ8VLUZzQ
Thomas Pringle TD - Killybegs Constituency Office,ChIJU8nivF0bX0gR8s598h2rZVc
Thomas Prior Hall,ChIJwax8f8UOZ0gRblDsCjgrrho
Cork City,ChIJcROd_SiRREgRCF8loSSeBbA
THOMAS SABO,ChIJgQvxdVUNZ0gRPAg9C1oJinM
Thomas Small & Sons Commercial Body Builders,ChIJH_nibrKSW0gRiDW9mIht1GI
Thomas Street Car Park,ChIJXXRQFSUMZ0gR0R9NOxAAbr8
Thomas Sunderland Photographic Studio,ChIJLbmIw6xCXUgRxSmHb5mlILg
Thomastown Community Kindergarten,ChIJRTgbnmQ1XUgRsuCwyLa326Q
Thomastown Creche & Montessori School,ChIJ1alqXv80XUgRyg5ycC3U8HM
Thomastown Credit Union Ltd.,ChIJ9xHv4vs0XUgRif1TBQmHlu8
Thomastown Paddlers Kilkenny,ChIJJd_rZ_k0XUgRh9zNt1DRJ34
Thomastown Scout Den,ChIJWemMU_40XUgRpIVgI5hUGOQ
Thomastown Trucks,ChIJRxTqTP3FYEgRe-vaz0eEroQ
Thomastown United AFC,ChIJX3dFO1I0XUgRBv7SxiZRqSw
Thomastown Veterinary Clinic,ChIJacvFF1Q0XUgRsEVqOodFRwI
Thomas Tutty Lawnmowers,ChIJi5RT_kvmZ0gRjntYrsinods
Offaly Solicitors Thomas W Enright Solicitors,751c0c4194feac3227bef58006338756
Thomas Whyte Media,ChIJCVmhKD2pYEgRhvwMGcrPoq4
Thomaz Lopes Psychologist,ChIJn61FE0APZ0gRCw_0ivZejf4
Thomond Asset Management,ChIJqazUlmNcW0gR09uxJG95U60
The Thomond Bar,ChIJZY8aahCQREgRcBFKLYbrq5g
Thomond Communications,ChIJTwhl63tdW0gR7jyAZRsBI6Y
Thomond Community College,ChIJ2bBKkPlcW0gR3e46wWl9gt8
Thomond Football Academy,ChIJg9lYFPddW0gRbq3kojdGo1k
Thomond House,ChIJAZ633VhdW0gRpx-gK5OHJH0
Thomond Lodge Nursing Home,ChIJHb9CqHvLXUgRlv5hKzJe6Lo
Thomond Office Centre Limited,ChIJz9ql-ohcW0gRkSjRgXaNIFE
Thomond Park,ChIJhYhBMvZcW0gRA6dDQBwgI4E
Thomond Primary School,ChIJVUuK91dcW0gRyohl5Vi7nDE
Thomond Rugby Football Club,ChIJm_jn7H1cW0gR0YCbQn5oIgU
Thomond Tyres,ChIJ-zftzllcW0gROZ-BDiLrthk
Thomondview Trust Limited,ChIJAS8o940OZ0gReSjVqU4FV7Q
Thomond Student Village,ChIJSywob-NcW0gRaafxA_S8GXE
Thomas's Trendy Socks,ChIJRSQyQk51Z0gRIOFWiLBuIzM
Thompson Project Management,ChIJ69tnudBnXUgROifYHGqit58
Thompson Butler Steel Limited,ChIJFT6CTaClXkgRUu6v1lqyyik
Thompson Consulting,ChIJweTQd18JZ0gRok4OXfujM6o
Thompson Electrical,ChIJIS2vdpgIXUgRlXz6fxKJoHo
Thompson Funeral Directors,ChIJLXJC64pvXUgRaVadwIRa_LU
Robert Thompson Funeral Directors,ChIJNZsXniDEQkgRqRG22CVPl7Y
C Thompson & Sons Funeral Directors,ChIJ88us5mVcW0gR1_KWCQXldq4
Thompson House,ChIJHzZdkw6QREgRWBO23b_-dzA
Thompsons Cork,ChIJOWH_R5ORREgRHjqUJqR_DwU
Thompson Solicitors,ChIJzSMqaisNZ0gRvdquItlZuVs
Thompstone Group,ChIJ2bT8jytAW0gRp8wi43O_M5I
Thomson Process Equipment & Engineering Ltd,ChIJk_XoaYKoZ0gRj1-UAO1BdlE
Thomson Reuters Limited,ChIJASag0Y0OZ0gRDBulJ8PZHjg
thongdee thai massage clontarf dublin ireland,ChIJy5UsrrkPZ0gRb7m4Evxg7QU
Thooja,ChIJ1eHqVpUPZ0gRCC2zt00yTkY
Thor Design & Management,ChIJgVwoCJ_3XEgRpuPgEtdx9Po
Thor Duct,ChIJ4zNbdogNZ0gRvoVyB93qmrQ
Thorlux Lighting,ChIJ3a3ERbUMZ0gRD0vQ909Fv-A
Thormac,ChIJ_bZ4C4JqW0gRbgOyIMki6R0
Thormanby Hill,ChIJS182eoMEZ0gR67e0O7a2isk
Thorn Environmental Ltd,ChIJMWwFb40SZ0gRkSsqWH6gkzo
Thornburgh Piano Service,ChIJZ_429odNWUgRI1aQ4y4cgEk
Thorndale Medical and Cardiology Clinic,ChIJW1YQAbUPZ0gRfAlMGy22GyA
Thorne Sarsfield Chartered Quantity Surveyors,ChIJjbxGSCEMZ0gRfkm_l_REdCs
Thorn Island Publishing,ChIJ2SYFS7IHZ0gRbiaLHeKGbGk
Thornleigh Educate Together National School,ChIJbcYCINwQZ0gRTz6JtkTqgl0
Thornshaw Recruitment,ChIJByW9Oh4JZ0gRAbWan8cmePo
Thornton Group,ChIJuZuFgEULZ0gR_HLXelyXCDk
Thornton Pianos,ChIJ7-JXwHcSZ0gRgQZS-I8VotM
Thornton Pianos,ChIJYZghon8OZ0gR48yguDKuzGI
Thorntons Recycling Killeen Road,chij_5tjbcemz0grj7shrnrhhi4
Thorntons Chocolate,ChIJlSqwsaoSZ0gRNNhnIq7BJi8
Thorntons GP Surgery,ChIJCX9bEtifXEgRntq31FCJZoc
Thorntons Chartered Surveyors Ltd,ChIJfwf3h5USZ0gRxYN2JR2bT2k
THORNTON TYRES,ChIJbbyS298PZ0gRCCk-FxOPryI
Thoroughbred Country,ChIJq_7btAWepgARu05bf7OBUFY
Thorpes Nursing Home,ChIJe6qMwppEW0gRewZ_U2fGrbI
Thorpe & Taaffe & Solicitors,ChIJv2mbkvENZ0gR3gBsszGtvk4
Thorsdalen Smyth Architects,ChIJlw63-sUFZ0gRgi8wOc0KXZ4
Those Two Girls PR,ChIJ2eetw8GWW0gRZOzYiJoAffI
Thomas Goodall & Son Accountants,ChIJyae0KQGQREgRoMakVTMb05Q
The Hospitality Partnership Ltd,ChIJoQJJwy0JZ0gRT1dmGREPw7U
Thrace Synthetic Packaging Limited,ChIJs7nNu_KxXUgRfhUCW3gtdo4
The Friends of Tipperary Hospital Clonmel CLG,ChIJw3C2eb2HMaIRcOyEOkYYom4
Threadable.io,ChIJ6cXpK4wOZ0gRwm5b2uwy2ec
Liffey Shine threading & Beauty Salon,ChIJOTgh2MgPZ0gRTjWLVbH23AU
Threads Brow Studio,chijp6jwf44jz0grp_ikynwcqxy
Threads Brows and Beauty,ChIJ70T2xnBxZ0gRLn6mg3y0jgo
Threads Menswear (Letterkenny),ChIJFfwC1SaVX0gRIj4vdyfK5Jw
Threads Of Green Fabrics,ChIJn-sWaAo6XUgRU2ilTzcwV1k
Marina Anderson Threads of Life Counselling,ChIJTVkNmaEVZ0gR-XsdI3e_MoQ
Thread Legal Software,ChIJ0WHJboIRZ0gRN4XaiXsqoVw
Threadweave,ChIJx1BtsKEMZ0gR-TjPy1dhUag
ThreatLocker,0x4867131e7d75f567:0xe3e7c405eccbc6c1
Threatscape Group Limited,ChIJy7ivWQgJZ0gRtSTblY_cpns
Three Store Trim,ChIJAVdDphBeZ0gRBPanashWqYU
Three24 Marketing,ChIJ9W3zfTLlooARA9obTFjWJko
Three Castle Head,ChIJLVO6YP-GRUgRcP-zHMMKCPU
Three Crowns Irish Dancing,ChIJWdrw3sBfW0gRhmLZakbj-ug
Three Drives Family Resource Centre,ChIJGZLF8UKyXEgRfZybAq0jLw0
Threefold Systems,ChIJEUdzaqfGQkgREVQytl-cVNM
Three Fools Grand Parade,ChIJudvXdxqQREgRjJWDk-ywgPc
Three Gates Nursery and Florist,ChIJ8_4D6uw9Z0gRWR2BiAqa43E
Ceased trading,ChIJT7vYfZAIZ0gR21HkNA-8Jog
Threen National School,ChIJodeSROsdXEgRC25TNSo6LyU
Three Park Place,ChIJRQHswqEOZ0gRfuMBH-KMceA
Three Rivers Beekeepers Association,ChIJn-6sEFrFX0gRKwzTaQHwFxY
Three Rock Capital,ChIJf0stxCUMZ0gRt7Uo6o87r1U
Three Rock Counselling,ChIJ71ZDcginZ0gRxYtKrVIyORI
Slimming world 3 Rock,chijua1bym8lz0grw5v3obnhjpo
Three Sisters Craft Glasnevin - the Home of Blankey Bear,ChIJa3CWavoPZ0gRubPuJVWjuNk
Three Spoons,ChIJhVn0BFqRREgRLinA5XYDqYo
Three Square,ChIJa0BsIZYOZ0gRy-zVPPA3hno
Three Steps Navan,ChIJh80Ld7tEZ0gRAfLtHfTJv-g
Three Storey,ChIJ56B_wN4PZ0gRXj7NDJluiIs
Three Swans Training,ChIJa9o-1ZBNWUgRBPt0fQa1wkw
Threshold,ChIJYQzxki0MZ0gRpRBjUrl-h1Y
Threshold Training Network,ChIJeXOfRUgLZ0gRo608kucLs6U
Thrifted Pickle,ChIJP-t2akN5XEgR_pB4RrfYbts
Thriftify,ChIJ_wGq6UEPZ0gRh0fefUSUtBM
Thrifty Car Rental - Cork City Centre Ireland Tsh TLE,ChIJEf44dhyRREgR44a9B6FZR2k
Thrifty Car Rental,chij2uok6penz0grgr-ju-dy0ku
Thrive Therapy Ireland,ChIJXUFyvImRREgRiP2VicuRGMo
Thrive4Women,ChIJw-ZJaQvNYEgRKKei2Urj0wY
Thrive Accounting Software,ChIJae1UmPyZXkgR_XvqtLkOqAM
Thrive A-OK,chijbt7f1v47rugrm3m9knyqzes
Thrive Digital | SEO & Marketing Agency Cork,ChIJX15pbQ6QREgRIHpkYEeZvWw
Thrive Expert Life Coach,ChIJUzUc4WcRZ0gR2eDWlm4XmV8
Thrive Festival,ChIJZe0kuaAPZ0gRm-yvPn1FN_Y
Thrive Fitness,ChIJu-P4dBKzREgRsHYFLKWaDFE
Thrive Pilates Studio,ChIJ1XyF_vmpZ0gR6C0Ws6qWtP4
Thrive With Barry - Thrive Programme Coach,ChIJmwDyWGfLYEgRH2tPk3T9_nA
Thrombogenics Limited,chijq6udkjcmz0grdikhaptogn8
Throwing Shapes,ChIJK1xiVKQNZ0gRIvRrxyBBSfs
Thru the Green,ChIJ37nu6VoJZ0gRv030gbBmjs8
Tony Harmon Services Limited,ChIJYdLdKjQLZ0gRo4B4WHKXS5E
Town Hall Theatre,ChIJ4xuu1--WW0gRZkTARnA7UbI
Thuany Massage Shrule,ChIJfyAO2vPpW0gRQAaLt6K8JRA
Thundercut Alley,ChIJY-93ji4MZ0gRMYJ_TM304Aw
Thunder Laser Ireland,ChIJRdpPDLZ7Z0gRm4VKevbKGK8
Thunder Road Cafe,ChIJE7WHVYMOZ0gR3IFkR1_dWDs
Thunders Home Bakery Donaghmede,ChIJ0V30yc8FZ0gRXcBb1CR8rew
Thundersolas,ChIJ8wCl8ScMZ0gR_N5qX6UWpOw
Thunderstruck Gym & Studio,ChIJxZJoZgYPZ0gROwbCRu9uRKo
Thunder Transport,ChIJP9CUEpQSZ0gRgDLRlt0y5Cw
Thundyill’s,ChIJARCh7mpjZ0gR1WQrCsqV8Tk
Thurles,ChIJy_2_5MbEXEgR8CUyl6nHAAo
Thurles Community Training Centre,ChIJa2DjbHrFXEgR-Td1_7zxdFU
Thurles Credit Union,ChIJpz9iQsDEXEgRX9GWI392FYE
Thurles golf club,ChIJ5-4O2LfEXEgRgRtQUDAhE1Y
O Gormans Bunker Restaurant @ Thurles Golf Club,chij-es3ltjexegrwqoee7jc8ac
Thurles Islamic Community Center,ChIJxyFzD8DEXEgRJF1SjRwUzlo
Thurles Kebabish,ChIJfWVLiOrEXEgRikTLCGQ0muA
Thurles Leisure Centre,ChIJhz5-LMHEXEgRSujCQKS5_4w
Thurles Racecourse,ChIJQ3H7w8fEXEgR9QkUOXO-c5g
Thurles Recycling Centre,ChIJd-6-7tLFXEgRpFMTvJmClqI
Thurles Rugby Football Club,ChIJW4P88snEXEgROT8T3IRokcI
Thurles Sarsfields GAA Club,ChIJ4cO1PJPEXEgRBpEJoke-eTs
Thurles Self Storage,ChIJg40yFenEXEgRWjSegl6oFVk
Thurles Shopping Centre,ChIJpxsI0cPEXEgRvd2uIAnsgks
THURLES TEST CENTRE,ChIJX3ZSMNnEXEgR2xPfQQzUfoA
Thurles Tiles & Timber Flooring,ChIJhVZ0B8jEXEgROiPMnc7UuNI
THV Cleaning Services,ChIJvcRGZ7GnXEgRaIEKDf7iAzU
Computer Clinic,ChIJdYUlfTIMZ0gRKagdWCnPIRo
Terry Hyland Estate Agents,ChIJd9nAmagNXkgRJCNgvMqEJuI
Thyme-It,ChIJYULwpVQJZ0gREMxlg-fuHEM
Thyme Out,ChIJSZCGN7MHZ0gRkendMHmzUU4
Thyme Out Cafe/Tea Rooms,ChIJKZUCpdG-X0gRkizJYCs9KLI
Thyme Restaurant,ChIJ7boKwwNJXEgRf4hFUm8EId0
TK Elevator - Dublin,ChIJMWYKYZQQZ0gRcP5BF72k8Cs
Swords Lawn Tennis Club,ChIJ-QvBMukQZ0gR5QcPiLz6t5o
Tito,ChIJUc3HJJ0OZ0gRyM-qcN3hRqI
Ti Adora,ChIJ6aK9WjIzXUgRxZnhrCTp8MA
TIAGO Faria and JANE Considine ARCHITECTS,ChIJHcUuJCcGZ0gRTnHOVlT0GQM
Tia Maria,ChIJ5Q3BCSwNZ0gR3WlYV0gv3X4
Tibohine,ChIJP4SkA66lXkgRXPcn_vTLp1c
Tibus,ChIJfXDSgZ4PZ0gRuncgLVwBhLU
Tich D Technologies Ltd Ireland,ChIJAfd8wUpdW0gRcZUR5Dkh-xI
Tickaide,ChIJBSP-PpwOZ0gRbGVbPHCQtRY
Garth Brooks Concert Croke Park,ChIJMYAUb4MPZ0gRNJeK9Z_saPs
Park it Here,ChIJQ9qhDRqQREgRp0x8wKcrWJY
Ticketmaster,chijutkymbv0z0grecaudc-lnjc
tickets.ie,ChIJkyfn3HwPZ0gRN2a8B-Txm3Y
Passage East Harbour,ChIJ4cSTa5K_QkgR7GIjIruk4j0
The Mermaids Nightclub,ChIJbZ7DlADRWkgR2E1wG-LpvW0
Tickle Toes Photography,ChIJH3JuckoLZ0gRyur80k47wpk
The Investment Club Network TICN,ChIJc43RzZwOZ0gRnnf5dzwQm20
Tico Mail Works,ChIJqfbvi4MSZ0gRNtCcJDEjXj4
Tictech phone shop,ChIJW9hEy94NZ0gRVjqKvHs1tKQ
Tidal Soul Studio,ChIJJXcCSs1jQ0gRDtFaj-7PvNI
Tidal Soul Wellness,ChIJw4WwdQrDQkgRu1nsQg-Oqqo
Tiddlywinks Creche and Preschool Kilkenny,ChIJT2CppVA7XUgRVZJLGmwC5SU
Tiddlywinks & Scallywags,ChIJfftgy99vZ0gRx0AHM7NE0Iw
St. Itas Holy Well,ChIJaf7CsaDHQkgRfHGxEzViHEU
Tidings,ChIJtXctYLotZ0gRC0-Ip8-jclA
Thermal Insulation Distributors Ltd (TIDL),ChIJX31PjJWPREgRCfC4jO848eY
TidyTails DogGroomers,ChIJWwphceYPZ0gRk6s1ASvfaII
Tien Thanh Chinese,ChIJgUKpwtR5Z0gRRLRrORxVJwQ
Tier3Tech Support Ltd,ChIJ37v5RRIPZ0gRZT-H1xLEzsk
Tiernan Brass Supplies and Finishes,ChIJM3Lzg-bLXUgRumMkwvnQMhA
Tiernan Engineering Limited,ChIJqRtsu2vnW0gRi_SleYcgjuQ
St. Tiernan's College,ChIJ6-gVxz8_WUgR8pcwh860eWE
Tiernan's Luxury Cottages,ChIJPSeZ5xKtXkgRf9UDhGi3Jvg
Tiernan Sheahan Chartered Accountants,ChIJc1ClwYNcW0gR7ZdXcaqDj7k
Tiernans Solicitors,ChIJC7vMcaTOYEgR50L4zLCNz4o
Tiernans Nursery,ChIJscrLkwIMZ0gRlsECk9S02do
Tiernan Personal Injury Solicitors,ChIJXat305kOZ0gRGUFtPA_WmQY
Tiernan Stairs,ChIJN2qwDiAdXkgRzVkQP7HewBg
Tierneevin National School,ChIJG_hlCYKdW0gRNJDA4eQsZlY
Fintan Tierney,ChIJAQBM0ZkOZ0gRpHKtLFtKT30
Tierney Haines Architects,ChIJs2K-kpIIZ0gRjjZ8h-WVuII
TIERNEY IP,ChIJ9zyjTLMHZ0gRZwBTTu7sh14
Tierney kitchens,ChIJo0SMJ8ciZ0gRYrWPZDzxhOM
Tierney & O'Neill Ltd,ChIJn3URW6rKQkgRTSzWvPZlz-s
Tierney's Office Automation Ltd,ChIJyQNYmCltW0gRqXv1cUmaovY
Tierney’s Garage,ChIJAzAwHa4xXUgRVDCv85RstjQ
Tierneys Gifts Shop - Dun Laoghaire,ChIJBbUXIZwOZ0gRYVrFLJSledU
Tierneys Gift Shop,ChIJt7NRZKoSZ0gR1MhWZXVZjBM
Tierney Tax Consultancy Limited,ChIJTZ3Do8AhXkgRq7pUamO-AHw
Glensinna (Ireland) Limited,ChIJ4cpNyuH5XEgRKwZji_nt-K4
TierOne Prudential Limited,ChIJEfXtelEIZ0gRtNUaqFLv_pg
Ties,ChIJqY7boR8MZ0gRbtP6cfnjXBQ
Tie the Knot Films,ChIJ3Q2mzS8NZ0gRTdbXpewCAC4
Tie The Knot Weddings,ChIJa8IHQYfVWkgRomGWEu546Ww
Tieve Báun Cottage,ChIJpSoBTfPjXkgRTAyVILB5Xuo
Tifco Hotel Group,ChIJjVs7LuIRZ0gRTUZlDgFc0zM
Tiffany & Co.,ChIJe7-UnJsOZ0gR-hcD6H8it9Q
Tiffany Budd Goldsmith,ChIJ9ZykCd7rXkgRdpM7jdS3P8I
Tiffin by Sunil,ChIJsxN2PxivZ0gRZG_tOLafWPI
Tig Lammax,ChIJY78RFsLkREgRtONYgWg_V24
Tig na Coille B&B Country House,ChIJWRt_sq8kXUgR6JSpstgBUiA
Tig Áine,ChIJF-GXRwrkT0gR-n-ihsFiOe0
TIGALA Cork - The Independent Guardian ad Litem Agency,ChIJSxuPWDCRREgRJLOpXAXDaAY
Tig Cóilí,ChIJTWOkxfqWW0gRWjUgvTjEiMk
Tiger Recruitment - Dublin,ChIJ9STvAAcPZ0gRrLAzwWe68M4
Tiger Property,ChIJabEn2OSWW0gR-Z7Mu1YLhNA
Tigera,ChIJv7c-TbeRREgR0yaIIe4D9l8
Tigerceramics,ChIJKakfjF7_XkgRSVDiPrF-Ahw
Tigerguardpro Gumshields / Mouthguards,ChIJ2_yuOeWWW0gR7x1EUgeMPyA
Tiger Lily Beauty,ChIJ513Ktxh0Z0gR8Uzmv5iyqKA
Tiger Lily,ChIJdTYJ-5wOZ0gRiRO0_Eiu388
Tiger Oil Company Ltd,ChIJnfkv_2o6Z0gROJY-HlPYgDY
TIGER Pizza,ChIJVQ5gXWYJZ0gR77pzVfyI3OE
Tiger Print,ChIJQ8-ZczLoXkgRYpch-tq1MY8
Tigers Childcare Carpenterstown,ChIJn1_PNLZyZ0gRKw6IhdcOChk
Tiger Tattoo Studio Dublin,chijc04w7c0mz0grdejfytidem0
Tiger Training Academy,ChIJz7X06xGQREgRa-cpiHUa00Y
Tiger Waste,ChIJ-xqGx-UJZ0gR_R3aYBl3wTg
Tiger Wood Fire Pizza,ChIJPRpW_vgJZ0gR0OYIqNlsBKc
Retro Caravans,ChIJ20T-AbHtT0gR6rQrDhTy054
Tigh Cathain guest accomodation,ChIJZ39ZjSBeZ0gRjYy686yxMpU
Tigh Chualáin Bar and Guest House,ChIJAY039IGwW0gRruEWDzFV_rQ
Tighe & Company Accountants,ChIJE6CrL1cNZ0gRlZ5fyDIijqk
Michael Tighe Engineering Limited,ChIJWZQ4VlpMZ0gRq-2HhDeBtoY
Tigh Filí,ChIJH0pnkBGQREgRnuAllVyzYa8
Tigh Fitz,ChIJlWr-L15RWkgR3GoRH86c3FY
Tigh Giblin,chij9q8r3ve6w0grmkjjxwwwze8
Tigh Liam,ChIJmSgCu25LWkgRbolgKsxg6Jk
Tigh Mheaic,ChIJxbbcmyJIWkgRLbgZFZIH67E
Tigh na Ghra,ChIJkQzdi_4BW0gRbn5nFEa2We4
Tigh Neachtain,ChIJ1SgeKPuWW0gRzO4UrflaezY
Tigh Ned,ChIJO_T_ZDOrW0gRD1nL2Z95LWQ
Tigh Nora Galway,ChIJx4HRKfuWW0gRm_xm9DyKuv4
Tigh Seoige Atlantic Shore B&B,ChIJNfBID6A3WkgRjea5Bs0oeXw
Tights Dept.,ChIJHbnP6psOZ0gRHTW5GBaQL0Q
Tigín Montessori School,ChIJvWV09MAQZ0gRQAHIA__MB0E
Tigín Maharees,ChIJZdWZUBytWkgR3kKMFXMnTVs
Coolnagreina (Tiglin),ChIJKyY4zyyvZ0gRuFA5Ze-m_e0
Transport Infrastructure Ireland,ChIJU_iAaDYMZ0gR5IaEEGXqsGU
TikElectriz,ChIJn8qJh5JfW0gRjokNvpITmA4
Tikka Masala Dungarvan,ChIJpx0DHwAZQ0gRDGcvK0gcGa4
GlowTech,ChIJR9yJRoENZ0gRAz0zonpGm5s
ALZOUBI HALAL FOOD STOR,ChIJ0dyp5r-zXEgR48CqXdXgRTI
Treasure Island Kids zone ️ fun galway City,ChIJ-zOK8xeRW0gRmJm7F3L2uOw
Tilbury Construction Limited,ChIJMTFaH_B0Z0gRpI0NVUxFK6E
The Irish Longitudinal Study on Ageing (TILDA),ChIJY38p85AOZ0gRcdllj8eUlqo
Tile & Stone Wizard Cork,ChIJYWavWkWPREgRvD1it8gOEm4
TILE DEPOT,ChIJnUe62vkHXkgRSa0hMGwrJKc
Tile Design,ChIJXx2IwtyPREgRrQyQWbpYyLk
The Tile Factory,ChIJpy-5_dMFW0gRF_bryqr2Xq4
Tile Films Ltd,ChIJNwpLPpgOZ0gRmmTiG38zees
www.tilefitters.ie,ChIJdQLpH0lzZ0gR4xqXEk5S-FA
TileMarket Tiles and Bathrooms Dublin,ChIJm87jPAsJZ0gR6Q2YK5Y1lPA
Tile Merchant Coolock,ChIJIUxEOz8PZ0gRfLWUGzgLPeI
TILE ONCE,ChIJA9f50_5ZZ0gRBMThD0YKua8
Tile restoration services,ChIJifEaX6SBREgRGa1PigMGccg
Verza Tile Solutions,ChIJv7b-1Q9cW0gRvmrySz6zGOQ
Tile Rooms - Bathrooms - Tiling & Fitting Dublin,ChIJJ3pEkuVzZ0gRtxLfnA0pL5c
Pro tiling dublin,ChIJfQ-sfCcRZ0gRGv6CnZpyOvw
Tiles4you.ie,ChIJ8RkrKJORXEgRo2_syuxp2rA
Tiles4you,ChIJMd37tnYPZ0gRl26_sdGh3Kg
tilesandstone,ChIJ5TMjRHY7Z0gRaKOj2s_blhY
Tiles and Terrazzo Ltd,ChIJr20VkUgFZ0gRMFyBOT4MvXE
Spellman Tiles - Interiors and Bathroom Design,ChIJZ1RIQUyQW0gRxrbOjMiCT_c
Tileshack (Dublin),ChIJYRMiVyANZ0gRUiYC784cSTw
TileShed Limited,ChIJxXbxCeRdW0gR6jCqhgme2JQ
The Tile Shop,ChIJy6Sgzx1bZ0gR9_3buYp8lk4
Tilesource,ChIJHyHKvM-JW0gRLrZIXgYVub8
Tilespex,ChIJa0fWJx4LZ0gRbc5Ro-d3T8w
Tiles To Home,ChIJu0Gv8zmbREgRZ1qUaLPsmyo
Tile Store,ChIJs3GPutW7REgR740AIFbYdlc
Tile Studio,ChIJ0xzWvSGRW0gRVW7XSddNwgs
TileStyle,ChIJNZeuRacMZ0gRUz4sOceOybs
Tile Superstores,ChIJoXgU-JU3WUgRvtbsxnfBNFQ
Tile Trader,ChIJr0hwGGNtW0gRTSA1zvhkdso
TileWarehouse Limerick,ChIJ_flK_o9cW0gRyoYC4Wxgowg
TILEX DUBLIN,ChIJUd3gFedzZ0gRuUYr72OyLEA
TILING COURSES IRELAND,ChIJt3-qALJ9XkgRlWSb5ccGqSQ
Tiller + Grain,ChIJz0L78ncPZ0gR-Cb061infso
Tillotson Ireland Limited,ChIJhwJE-RE1RUgRhZ38BEfsRJs
Tillrollcrazy,ChIJZTvjJKkYZ0gRqeKobg_SIi0
Tilly's Coffee Shop,ChIJh2SxdLENZ0gRjPMretdayfU
Tilly's of Kinsale,ChIJE02N4LRhREgRYLUgojic7DE
Tilted,ChIJRT9lj1_1W0gRAg1b2mgidag
Tim Looney Building & Joinery Limited,ChIJ1xujee6jRUgRwUBkAMUXFrM
O'Connell Therapies,ChIJPSCr4i1jQ0gR3oA5dk_6j0g
Timab Ireland,ChIJK8-_VACRREgRI3dfApLNg1s
Mick Lynch Timber and Bark Mulch,ChIJJaNs5CnBXUgRFvVDgcemuXA
Timber buildings Ireland,chij3yhzisqmz0griugswhku6du
Cabins Ireland,ChIJkZl-2IwMZ0gRoZ5jaoMZ59Q
Timbercraft,ChIJK01G6eB_XUgRjfXDw8TQqJM
Timbercroc,ChIJiSzupBljZ0gRJlTHx6Jzeqc
Timber Design kitchens and furniture,ChIJ3zYpl5AxW0gR6bY3qeCytUw
Timber Factors Ltd,ChIJffyyZucPZ0gRN1rLLs9qrkQ
Timber First Construction & Maintenance Ltd.,ChIJw5_AfuKJXUgR3GfPYwE3nyE
Timber Frame Ireland,ChIJhx-2ofa_X0gRADDHo7zooDY
Timberguard - Woodworm Treatment Specialist,ChIJA7wtLIibTkMRBuKMtXmaT3Q
Timber Homz,ChIJGTIwzAQp26sRrVeFjFvoz7Y
Timber Ireland / Panel Depot.ie,ChIJTUQTN9ARZ0gRIhZjV0dz00w
Timber Kit Buildings,ChIJ1ReO6KwWZ0gRS4G1BSNO_OA
Timberland,ChIJe5EG8OYPZ0gRh9JckaakAno
Timberland Imagination,ChIJG3ZN7y7DW0gR9UabQrwNrL8
Timberland Limerick,chijnwm6n2zcw0grhyt5xndnu_w
Timberland Kitchens & Flooring,ChIJobYbpWQ1RUgRgST1vDPMT8s
Timberlane Design Ltd,ChIJYwRM1zSUXEgRhX84JZ5mOmk
Timber Living Log Cabins & Timber Frame,ChIJE8Y18xpfXUgRGig1Vhz6ahc
TIMBERMASTERS,ChIJC7FGIzy5Z0gRhJpeQkRLSLc
Timber Merchants,ChIJbSaVmDMNXUgRl8s2t0v1C0E
Timberplay Ireland,ChIJlZ7dcv-RW0gR4AyRFucN9KI
Timberp.ie,chijlb2nxagxq0grzdfvbvcawfw
Timbertech Homes,ChIJ_-JoLH0aZ0gRIYNdICPWe-4
Timbertrove | O'Kelly's Sawmill & The Shed Man,ChIJmdiHk-8KZ0gRY0HKcHJ2A44
Timbertrove Cafe,ChIJZzfKn-8KZ0gRkjrXZoUAPZw
Timberworld Decking Limited,ChIJZYdVkwZeZ0gRuLS5YNcUvqc
Tim Buckley Caravans,ChIJjzp0TL2zREgRr9V61wlzYuE
Tim Buckley Counselling,ChIJfb9tbrK5REgRcfsA-zS0-os
Burkes HomeValue,ChIJwzyVtOvFREgRvA6LdmBABOM
Tim Chapman Architects Limited,ChIJg4r3EBx5Z0gRMkdRy4ZafRI
Tim Dineen Cleaning Services,ChIJi2SC_rovRUgRnSFOTV84clI
Extreme Time Off,ChIJ18zqGEcNZ0gRjkJEZU_veDQ
Time2hawk Digital,ChIJUynRS6UPZ0gRcsKRxBG0OWc
Time2Shine Cleaning Services,ChIJUcNTP6HOYEgRHyM2NBXvNcQ
Time4change.ie,ChIJg-U5XfI7Z0gRHxhEjF-xE5Y
Time 4 Fitness Gorey,ChIJUz2EqsbnZ0gRsnlj0CisECM
Time4Floor Sanding & Varnishing Hardwood Floors,ChIJ75FUvJuPREgR_KmHzW7LA5c
Time 4 U Counselling,ChIJBVrKUC8RZ0gR_TBORRxK7gw
Time 4 Us,ChIJtTflHViWW0gRNyL83ujLOII
Time and Space Psychotherapy,ChIJF7CX004RZ0gRrKGXhk8MxG8
Time Clinic Dublin,ChIJ5VElSvVzZ0gR4hmRHn5646A
TDS (Time Data Security) Ltd.,ChIJ7WEs92F0Z0gRlMAVlmAC-v0
Time for Designs,ChIJ7VTW9sPLXEgRnhHhpmz3s9E
Time For Me - Holistic Therapies & Services,ChIJ_V-qupcOZ0gRCkJV7y2CZLc
Time For You Home Cleaning(Temporarily closed),chij2aqmyb4oz0gr-jg31i_x6ve
Time for You,ChIJSftQwhUMZ0gRfFIMkQ4l-Ag
Timeless Bridalwear,ChIJp-LthwheZ0gR9ULzSLsuUBM
Timeless Design Ireland,ChIJURB2ywhpZ0gRCpLuTT5V0Ds
TDW,ChIJ5zWUO1oOZ0gRy9LP8Bv6e5M
Timeless Marketing,ChIJG1lF0bF0Z0gRXFElQGzLaU0
Timeless Sash Windows,ChIJU5bukZJbZ0gRIP1mqbXHkag
Timeline Astrology,ChIJ79fq3e-XW0gRkee0CLk2GFU
Benefit Cosmetics BrowBar Lounge,chij_tewferzz0grerchlxgxiro
TimeOffSocials,ChIJ6RAA_6gNZ0gRLvdg3OL1yx0
Time Out Fitness,ChIJsUEQkVPBZ0gRp0kHuALHOT0
Timepiece Antique Clocks,ChIJK67QwSYMZ0gRy5vuOCwlFUY
Time Pieces,ChIJU0PfUlMjXEgRyZ62w1nsqOk
Time Point,ChIJsaRbs-0LZ0gRpBDEhULabN8
Times Hostels - College Street,ChIJ4SH0LIUOZ0gR2m0jCnO6ZMk
Timesnap Limited,ChIJ9R5jnIIOZ0gRCnUYsIR0bmw
Timesworth Ltd.,ChIJxXKjAa9EZ0gRCjRVbnmhOFk
Crescent Counselling and Psychotherapy Centre,ChIJUauggmRbW0gR-nw8L59CRO0
Time to Talk Speech and Language Therapy,ChIJ65KY58AxQ0gRL9B-9hKssxc
The Time Traveller's Bookshop,ChIJMQjbL2WlRUgRw_kr4Lcom_w
Timeworks,ChIJWXepDD9tZ0gRYsuKca_VTYU
Tim Flood Flooring & Furniture Ltd,ChIJgefUQvVvXUgR1hr_-puOLW8
Tim Holian & Company Accountants,ChIJAVrVdxeJW0gRUqC1OvKmJVQ
Tic Toc Timing,ChIJVV-ipDO5XUgRlrAjquyFO0k
Timing Ireland,ChIJnaENeJ8aZ0gRwk0GN1M9Z0Y
Timing Ireland TV,ChIJzQmAI7AbZ0gRYvqvNrlmm1E
Tim Kelly Electrical Contractors Limited,ChIJz8K3O0ORW0gRksUyVy2Kl6w
Tim Kennelly Solicitors,ChIJ_ZtPAeR_XUgR86F0sv048C4
Tim Leahy Furniture & Carpet Sales Limited,ChIJGcM36nuyXEgRDVQSrP4wjPU
Tim Lodge Homevalue Hardware,ChIJHdKgueL1XUgRc7dIvUQRRFA
Tim Lyons Engineering,ChIJ23qnEBrlREgR4XunncuSgZ0
D2 Commercial Property Consultants,ChIJnRfkLw0NZ0gRuc6OxkweBng
Timmins & Company Chartered Accountants,ChIJvzmDoBhlZ0gRrbwwxxHviU4
Timmons Car Sales and Valeting,ChIJR4O0En1YZ0gRDIkWyr_KyqM
Timmy Macs Bistro,ChIJc3Fv2Q1GW0gRDCvqOuJccwI
Timoleague,ChIJMa75KKhZREgRkly7GajHACY
Timoleague Agrigen Ltd,ChIJb1e-OadZREgRfWKpr_6Y6IA
Timoleague Family Health Clinic,ChIJsd9JMPdZREgRUBwB5dvRLTk
Timoleague national school,chij79fovsrzregrgowuktxcz3i
Timoney Technology,ChIJcc1BjPphZ0gRxe5iq9giwdA
Timoney Leadership Institute,ChIJG5A1ApEOZ0gRESOPt4Agur0
Timoney Windows & Conservatories Ltd,ChIJybr_HwD_XkgRvUWvad-1d_Q
Tim O Sullivan Well Drilling Ltd,ChIJozaz_LOTREgRfKE07BLL3nM
Timothy Kelliher & Company Limited,ChIJ8e5Xkgk8RUgROltx4Y7XqSU
Timothy Smyth Solicitors,ChIJo4XmWEtbZ0gRsTrTN7tIBlk
Tipperary Mountain Trekking Centre,ChIJN-aaa4vAXEgR16kSOvaR86Y
Timpson,ChIJxYW7wuR5Z0gRZxOt5jPdu1I
Dr. Tim van Wanrooij,0xa806c9d3fe3834bf:0xc739fa9d52f6b413
Tim Quinn & Co. Auctioneers,ChIJ0WSG6USoWUgRxLrjowIukkg
Tim Ralph Photography,ChIJg6TgugMRZ0gRwysz2NlL2UA
Tim Ryan Communications,ChIJXQ3fnpcOZ0gRlbpnI1l5IGQ
Technology & Innovation Management Solution Ltd,ChIJuVKC0oTBQkgRT8_8DKWpKO4
Tim's Bakery,ChIJfanp9rJ1Z0gRu7fXNxk4DSM
Tim's Driving School,ChIJ677Z12eyXEgRkQI5VeCs4wM
Tim’s Table,ChIJjeWgOoxdW0gR9ePp1dU3W8M
Timtim Media Wedding Photography Dublin Ireland,ChIJWx5lVjcNZ0gRFWXi7viv6Dg
Tim Walsh Counselling,0x4867e1966fbe7687:0xfdef22965903e405
TIMWAVE,ChIJD30-BnCoZ0gRRDsa7cdpP0s
Tina Daly,0x48670b1894d94b2d:0x44fea1df40560d
Tina Gering Osteopathy & Physiotheraphy,ChIJE8n-FwSFREgRWULyI6tBjXA
Tinahely Market House,chij4bvx7fhtz0grb7o0gms8e1k
Tinahely Community Projects,ChIJmVYLDmbtZ0gRLnJTVi9gYdY
Tinahely Carnew Parish Website,0x48670e8322c5f11d:0x4c302c511d955cff
Tinahely Farm Shop,ChIJaepFzPDtZ0gRPHWnHxgyKVU
Tinahely Pet Lodge,ChIJ16A8MBzvZ0gR5xtgEv7PFJU
Tinahely Pharmacy,ChIJiyEp6_HtZ0gRYa7xi5YISs4
Tinahely Community Playgroup,ChIJPZsiFu_tZ0gRslp6VLItzoY
Tinahely Riding Club,ChIJCRqHewDuZ0gRWmvWkOg2v0I
Tinahely Show Ground Fairwood Park,ChIJUXzD4NfxZ0gRibPrGgqRbtk
Tina Hills Solicitors,ChIJcceDbWhcW0gRJ87SmrGoMDI
Tinakilly Country House,ChIJxSXgXbewZ0gRt8wit5iuKrg
Tinakilly Park,ChIJvSwrrhCxZ0gRN6PvF7BV1Zg
Tinap Green Limited,ChIJYzBOtUgPZ0gRYqBBjm3kQJ0
Tina Reed Artist,ChIJ52AlLi-jRUgRC5OBV8oo2TM
Tina Robinson Design,ChIJMUN-obMJW0gRZof0WoHZwoQ
T-shirt printing By Tina,ChIJ-dupD9d1XkgRP21uxZVTa5E
Tallaght Dog Grooming,ChIJvc_peUN1Z0gR5Xob6DnZmg8
Tina's Hair Nail & Beauty,ChIJnXW5EVBtZ0gRFs7ZgTHfNWI
Tina's Playschool,ChIJO9MPmUIZQ0gRj2omh2Dqb2Y
Tina's Nail and Beauty Clinic,ChIJDbDjRYOqYEgRT809Uvxwl6c
Tindal Wine Merchants,ChIJTRflUoESZ0gRr6j0ua6PJh8
Tinderpoint,ChIJwRMvHbcOZ0gRoZ3GiKITswg
TINE Ireland Ltd,ChIJz8CYZ1VlQ0gRinxJXB-zZbg
Tine Home,ChIJ66voe2EJZ0gRFhfbjodYK98
Tines,ChIJX1rHsiwNZ0gRS5xzl4mdNjA
Tineteriffe National School,ChIJZ253wDCmXEgRmlaCDyviAaM
Tini Totz Childcare,ChIJGTknWhKbREgRjSzffOxdJsY
TinJug Studio,ChIJ_yKcuNP3XEgRLpuoMnjOilI
Tinkerbelle Accessories,ChIJ1XXFxpcJZ0gRtQAqY-ooBO8
Owen Tinkler Sand Aggregates & Topsoil,ChIJYcgClAh0Z0gRTSQgSGENbDc
Tin Linens,ChIJvQa7JI27YEgRuI78TMZj9Ss
Tinnakeenly Leathers,ChIJS3hp6JsOZ0gRfbVKRNWQyAY
Tinnakilly Lodge,ChIJdcQHg7_qZ0gRi2ngANImqoQ
Patrick Tinney & Sons Ltd.,ChIJswGBATTrX0gR5C0JCQ6269Y
Tinneys Agri Spares,ChIJISSQVR_rX0gRGcnRBcH3vOM
Tinneys Toys Letterkenny,ChIJL8NiTCnrX0gRZvbBSSUqjfc
Tinnock Farm Tipperary,ChIJEQrYRc8pXUgR1ym_7GC52_c
Tinnycross House B&B,ChIJHdrfjZ2DZ0gRqcbnfLBxmMg
Tinnycross Park,ChIJbdwYZFCDZ0gRaFkq0y64RQA
Tinnypark Nursing Home,ChIJTewNulwwXUgRzGK4lnBSaFI
Tinpot Productions Recording Studio,ChIJDyGlXJcOZ0gRGJla3sK-DFE
Tinryland Alpacas,ChIJt5YgT9lcXUgRhnsNXNBnzhM
Fr Cullen Memorial National School,ChIJQ8Zx2t1cXUgRdg_RJyAXwCQ
Tinsley House Accommodation,ChIJTzim6Io1Q0gRUqqNWugSRW8
Tinsley House Clinic,ChIJAcfvzTPoXkgRU6wzGW1DUA0
Tinsley Interiors,ChIJHfaq9nbEQkgRnjcjgtrjJD0
Tinsly Salt & Steel,ChIJtcLBCFBdW0gRw78xDDMI6k8
Tinteain Muscrai Teo,ChIJ428AsMjlREgRWXdkJFq7_QY
Tinteáin Mhúscraí Limited,ChIJDZPiMj0eRUgRJi2unEw-o30
Tintean Theatre,ChIJcVBV8s_FWkgR440ze2MAkGY
Tinteán - Carlow Voluntary Housing Association,ChIJQQFWzYlnXUgRVs_-uv8XX7w
Tintean Housing Association CLG,ChIJxdGHKiDEQkgRxiGwSypIwBw
Tinteán Sauna,ChIJ028I_s2dZ0gRHa2ZKCGjYZU
Tintec Limited,ChIJ6zCUc_QMZ0gRbSPty3k8Uic
Tintern Crafts,ChIJ4xJnv2-8QkgRCtL-s6UvieU
Garden Cottage on Tintern Trails,ChIJby_twUy9QkgR2KKT6NfPzmM
Tinterweb Design,ChIJwarR2DkTXkgR1FzswcZUons
Tintexpert,ChIJxRaHtGBdXUgRrqY4Ca-b7g8
Tinting Laboratory,ChIJZTupXZuXW0gR1rwhdRCrwEQ
Tint It,ChIJHUcjeKcJZ0gR82GbZngH630
Tintlux Auto Window Tinting,ChIJkYCoh194Z0gR_koU_iv410U
Tint Shop - An Caisleán Nua,ChIJIySrS2l1Z0gR2u1YNeWEyiI
JL Details,ChIJH5rT94ltZ0gRjXxqlC4co50
Tiny Ark,ChIJ3UloI5oOZ0gRm1FMhaWBhDs
Tiny Homes,ChIJV57IOviOXEgR5tVo1U8sihA
Irish Art Prints,ChIJu4mGZT-vZ0gRWs6K7G1IIjw
TinyTim,ChIJAQDM5_kMZ0gRU8iQwswaaL8
Tiny Toes Nursery Store,ChIJf4eLZi9jQ0gRSUeRIfor3nM
Killegland Tiny Tots,ChIJvYZZ-9oUZ0gRnWKM8FhH8KQ
tinytummies.ie,ChIJWZw1OgKxREgRQanSbBUo80c
Spar,ChIJKc5ya5sOZ0gRS3eDRdkkbOY
TIO Consulting,ChIJxz7HQXiAZ0gR9adHLYwjCm0
TIP Dublin,ChIJtfBRfUkQZ0gRNYKtlo9V3P4
Tipi Adventures Ireland,ChIJFQnjEMy_Z0gRnYJFXBYaimY
Tipp McKnight Solicitors,ChIJA4iqt6IOZ0gRysqJkL--CgI
QMobile Thurles,ChIJk_mV9_XFXEgR-kTAzLJbY5A
tipp broadband,ChIJueiP7_gvQ0gR9P2dbuD4tIQ
Tipperary Centre for Independent Living,ChIJD9gNOOnEXEgR61p46IxttGk
Tipperary Denture Repair & Lab,ChIJ2csU3381Q0gR8tBQmQQkbgE
Tipp Distribution,ChIJRwFmEGWyXEgRbVvLdoPlOYA
Tipperary Energy Agency,ChIJQ-CN4etPQ0gRoZ7CAhZYnfo
Tippenyaki Restaurant Rathmines,ChIJERSxwAIMZ0gRSMZb8AkAOSA
Tipperary Co Op Hardware,ChIJQcfC5nqyXEgRxMuew0cNPjI
Tipperary Excel Heritage Co Ltd,ChIJ09A5AmayXEgRhHF6FtiQ_pw
Farney Castle,ChIJRVgXOp7GXEgRJSbYZIdgwa0
Tipperary ETB (Sub Office),ChIJl8f5XOUxQ0gRBl_zEw3uFnk
Tipperary GAA Shop,ChIJK0zyAMHEXEgR7M4uryxEVGg
Lacy Mulcahy Fitzgerald Accountants & Registered Auditors,ChIJwRjC-tzLXEgR_dEqO6crU2w
Tipperary Bible Church,ChIJnUliWwCzXEgRSkzlQ5BPLK4
Glen of Aherlow Caravan & Camping Park,ChIJY8jwWUutXEgRiZXm81Lk6MU
Tipperary childcare Committee,ChIJTac1ewnLXEgRcD7iCQQXtKQ
Bluebells Playschool,ChIJ_Rrvq3OuXEgRRMrFRQQD9f8
Tipperary Christmas Trees,ChIJC6_RdWSVXEgR4XAKqEuUHd4
Gareth Tye Cleaning Services,ChIJwTDXHPO1XEgRYukaTBH87Cs
Tipperary County Council Nenagh Office,chijiasfbuerxegrvjkndahk2im
Tipperary Agricultural & Environmental Consultancy,ChIJ1_Wx8R_DXEgRAZgwNsm1uPg
Tipperary Counselling Service,ChIJTfZRAgXoXEgRz3EJqRNZJdg
Tipperary Crane Hire,ChIJX5x5dUjGXEgRpP5HaTXOvjI
Tipperary Crystal Chandeliers,ChIJXwFZ-noLZ0gRWbqlvsjTiHM
Tipperary Crystal - Official Head Office,ChIJbUHcKo8SZ0gRMD05r9l3qAA
Tipperary Crystal,ChIJ5bSrZ687Z0gROplgFR_TW40
Plassey Branch Tipperary Credit Union,ChIJL2kbTr5eW0gR_mtqePbB9Vc
Tipperary Door Sets,ChIJP0ANcFndXEgRiY2CIxlQdAk
Tipperary ENGINE formerly known as Tipp Digital Hub,ChIJRyJ-stuzXEgR_eM6paPaSzE
Tipperary ETB Adult and Further Education Centre,ChIJjWMM22myXEgRZbzyOJHmoT0
Tipperary Food Safety Training,ChIJd2Ca0KXFXEgRVXNG_M8Jahc
Tipperary Picture Framing Studio,ChIJrT9QC2WyXEgRH5_Sr0EYrIg
Fogarty's Funeral Home,ChIJ1dhvzGeyXEgRbkZFg1yRsSM
Tipperary Glass Ltd.,ChIJyS4AvQHoXEgRIB5CmduINgI
Tipperary Golf Club,ChIJ0SfkkoiyXEgREKyTGxy5acA
Cormackstown Heritage Centre,chijkbc4uztfxegrusvu3saxuz8
Tipperary House/ Luggage Storage Heuston Station,ChIJ6X_stTYMZ0gRnA9npB7yxZA
Tipperary Kitchens,ChIJqUMU9YjEXEgRZHq6WiEdXLw
Clonmel Library,ChIJaTk1weIxQ0gRnirL_BEXKU8
Tipperary Star,ChIJ85NUhurEXEgRgppQG0NsHAU
Tipperary Mortgages | Mortgage Brokers,ChIJHyVNpeMxQ0gRxENtb6vEPTY
Tipperary Motor Club,ChIJsfAttVQ6Q0gRuXPibbRcr1w
Tipperary Oil,ChIJP2lu9mCyXEgRtBXadL1HjcQ
Premier Chauffeur Drive Tipperary,ChIJay1bYW90qCYRyAxC429AGe4
Tipperary Physiotherapy,ChIJWxujb1PLXEgRXTqOR0xB5mk
Tipperary Print and Design,ChIJqXF3Z3CyXEgRHlNzq_tw9V8
Sherry FitzGerald Gleeson,ChIJITEuiLbEXEgRpdQvnAXgKfc
Tipperary Racecourse,ChIJcx1KnOOtXEgRgQF1JUSLB5U
Tipperary Local Studies & Archives Service,ChIJ41dkPMfEXEgR6JCaFeVk0sY
Tipperary Tinting,ChIJNb7gOenEXEgRRHU8KmtseK0
Tipperary Chamber Of Commerce CLG,ChIJYRzDKW6zXEgRvMRhPSteGoc
Tipperary Pure Irish Water,ChIJ_bpszNYMZ0gR_1qQwrurBWE
Tipperary Windows & Home Improvements,ChIJt4yLG3GyXEgRCnkLmyaJtDU
Tipperary Yoga & Meditation Centre,ChIJV4e37nnHXEgRqiokDd0_8Tk
Tipper Services,ChIJddbuUCIJZ0gR7xCylJiLgVk
Tipperary GP,ChIJI_l0Av7FXEgRs2oTrpu0_Dg
Tipperary Hygiene Products,ChIJ1RJfeAjoXEgRM98lvPMzwyM
Tipperary Garden Peat Limited,ChIJufSy7kSRXEgR9SGCfTfZ2d8
Tippland Horticulture,ChIJvaXRV4SLXEgRoTTe24VTNF4
Tippo International Ltd,ChIJcc6O2_OTXEgRoY5ASTzRaJA
tipppcrepair,ChIJH0oUAQozQ0gRR2tbCFYrHUk
Tipp Safety,ChIJUdtU4uWTXEgRuCqjVr6Bd5g
Tipperary Textiles,ChIJy_dnIdzEXEgRfD7XBskLGLI
Tipp Top Tree Surgery,ChIJOywi7OvEXEgRpXdtHththPw
Tipperary Town Revitalisation,ChIJn3vi1FCzXEgRo9T0pLVH3o4
TipTop.ie,ChIJAbfrl0xbZ0gRnuoBMKgWhiE
Tip Top Chinese,ChIJMeCP8EoLZ0gRJJu-VjQKul8
TipTop,chijlfiige6rregrolwjhx4e8no
Tip Top External Cleaning Services,ChIJrcx9jzDOlA4RfgaldymyvpQ
Tip - Top Ltd,ChIJAwLl0fYOZ0gRX1puX4YDkPQ
Tip Top Toes shoes for kids,ChIJu1zKknU6XUgRbi938uL9XjY
Tiqy,chijxfmmurspregrj3g0rtzmsxa
Tír na nÓg,ChIJOyoR2tCzW0gRsMM9H2NyEWs
Tír Na Nóg Cattery,ChIJXVNmIZnhZ0gRQHkLAjfncpQ
Tir 3D,ChIJY3FUWtFFXUgRTK5Y9okff78
Café & Osteria Tiramisu Da Costa Family,ChIJEbn_lmjHQkgRoMM1B2raLxU
Tralee International Resource Centre,ChIJ9zAM73A1RUgReL2-79jEyBo
Tir Conaill Conservation & Restoration,ChIJM54J-V_1X0gRZalJxLRZKhE
TireCheck,ChIJsasAYEhtW0gRbKHdR6ISggA
Tirelton National School,ChIJ8znsQrLlREgRxpU-aMcl70o
tir deli,ChIJgyko_L4PZ0gRcIMlsmZNyZ4
Tirgearr Publishing,ChIJNWLXfap3XUgR2EFQVcKS5ag
Tirlán FarmLife Carrickbeg,ChIJDzVCmv_WQkgRTb0y_USFF8o
Tir na gCapall,ChIJMUSpDUeRW0gRGX4Cz5KqwtA
Tir Na Glass,ChIJq1YD1riLZ0gRm3fI3o-lrxU
Tir na Meala Bed & Breakfast,ChIJlZJWd44eRUgRFw3WjVbKPvs
Tir Na nÓg Creche & Preschool,ChIJDfc0Ve0PZ0gRZmr9UhS43h0
Tír na nÓg Montessori School,ChIJHwb4IACQREgR353XBhMtTDA
Tir na nOg Nursery & Montessori School,ChIJ1RogEvVvXUgRUQqeDK1u4JQ
Tír na nÓg Bed & Breakfast,ChIJxSHRttzLXEgRrV1DfBBanAw
Tír na nÓg Montessori Preschool,ChIJ_YrmROVkZ0gRrIHXAOYZNXk
Tir na nOg Community Childcare,ChIJYUKGRdLBXkgRFcQhLIV2US4
Tir Na nÓg Childcare Hartstown Montessori & Creche,ChIJRRnUll9tZ0gRA7d2w3WWXBM
Tir na nÓg Clinic,ChIJe0ptwJwOZ0gRVcGj_E9mN0Y
Tir Na Nog Creche & Montessori,ChIJezJHlCMGZ0gRyUfX7Ux8sl0
Tir na nOg Montessori School,ChIJI0E0QBCQREgRGV7J9hlW01I
Tír na nÓg Montessori and Afterschool,ChIJN2AqmMaNW0gRptSA0j9blHA
Tir na nOg,ChIJYzN8WgiAZ0gRuoOx9YXS2YE
Tír na nÓg Organics,ChIJk3iNiDToXkgRTB3qwzh-UvM
Tír na nÓg Orphanage CLG,ChIJkU9154RKRUgRZp3MxPwBHEc
Tir na nOg Playschool & Montessori,ChIJl3Wra69cZ0gRxBc9E6bMKuc
Eco Kidz Baggot St,ChIJodC9I5YOZ0gRrqpJaeuSMR4
Tír na nÓg School Supplies,ChIJ1-Ij77rGQkgRhVYYj-rRWLM
Tirnan Trust,ChIJSfxUv9SRREgRBqeVFdleWNs
Tír na Sí Farm,ChIJvXnSN--eREgR5efXRuJ0zsg
Tisalabs Limited,ChIJJe7wjPN9Q0gR5hFErfevKAw
Total Ironmongery Solutions,ChIJ9cf2y9MUZ0gRUTgGlHUwfBQ
TIS Ltd,ChIJT7eWosuRREgRucly7uZPXfw
Tisser Technologies,ChIJMbatuVltZ0gR3S9GFBBz9h8
TiTAN Technology Solutions Ltd.,ChIJt7RLjL14Z0gRqKZ2AnDSe08
TITAN Group,ChIJZRolO0ORW0gRvJyrNQcuKjw
Titan Construction,ChIJCzyJw9yPREgRBtIvrfoERJ8
Titan Containers,ChIJ05BQgLeRW0gRpoJViYIEyPQ
TITAN Containers & Self Storage,ChIJHywksFITZ0gRR0mYHk_r8Zg
Titan Digital,ChIJAQAsi5g8Z0gRPJtQK1U4RCs
Kingspan Environmental Ltd,ChIJJROkOoMFXEgRl3-k_gmKuiU
Titan Experience,ChIJ_VwkX2gJZ0gRg3d5ZtiMWow
SpamTitan - Email Anti Spam & Security,ChIJ73LTkFSWW0gRFwH7Diu0k3Q
The Titanic Trail,ChIJmcNF9aODREgREkcYn6_NAcA
Titanic Experience Cobh,ChIJuduOEaSDREgROaET1EMpkk4
Titanium Developments Limited,ChIJlbH_jagMZ0gRQwUkkUPtF9E
Titanium Solutions,ChIJk3ZIyA4PZ0gRlHNYDQN72TY
Titanium Motor Company,ChIJw9b1QOtzZ0gRo4oo2DybUyM
Titan Pet Foods,ChIJM3H12G5zZ0gRgOtIjLyb0tg
Titan Roofing,ChIJlxE0lv0RZ0gRNgpawcZ5kNA
Security Company Ireland - Dublin Security Guards,ChIJjaZxZyUNZ0gRaXtdTkKrlxc
Titan Sports,ChIJt6v6i8FdW0gRIAorXy6h2-8
Titans Swim Club,ChIJFb6UESmmZ0gRz0VvdnPC414
Titan Strength and Fitness,ChIJpSqKAbxXZ0gRQZz2eoDvi20
Titan Wellness,ChIJO8Fq7HkPZ0gRS50v-d4Lkn8
E. Flynn & J. McMorrow Property Solicitors,ChIJx0LRIN38XkgRuMas84f_14U
Tito Ben's Food Truck,ChIJjfPJ5qTDW0gRxI_XJw-Gykc
Tivnan Carpentry Ltd Construction services,chijo1wpqpclz0gre6yymqowjti
Tivoli Training Centre,ChIJW9sWoCcGZ0gR89RoqhW9jZ8
TixFlip,ChIJmTd_9S_LXEgR4r0exNt2q2E
T&J Garden Maintenance and Tree Service,chiji9shupj1z0grvw060aq91ic
TJA Plumbing,ChIJ73K0t0pvXUgRPFRAvp6sHa0
TJ Bellas Restaurant & Takeaway,ChIJHUQ4NLi2QkgRiQp7kyFkikI
Tjcabs,ChIJ5wkcWhsuQ0gRxHdC4uOzH7c
T J Gallagher & Company,ChIJ0a16IEANZ0gRZda7x3fxYIE
T.J. Garahy Ltd.,ChIJy42XtGWLZ0gRMJbxi6uSYO0
T & J Gavigan,ChIJq2yFx01bZ0gRMBfZpXyDhg0
TJG kitchens,ChIJAwqbE7WRW0gRgWIcHV-Plp4
TJH Ltd.,ChIJZaSWxLYMZ0gRUmVaoi1mYTw
TJ Hegarty Solicitors LLP,ChIJ4WtymRqQREgRdB3LkPnnII0
Tjhoko Paint Ireland,ChIJF0oVD4UZaEgRD_WZAaQF8PY
T J Hyland & Company Certified Accountants & Registered Auditors,ChIJATOPpeSWW0gR7RdHGrT8t48
TJK Cabinets,ChIJDc8WIDqXXkgRuiQPvc-qKzQ
TJMB Consulting,ChIJMx09xBxBW0gRnsYVTJsrJBY
TJM Car Interior,ChIJNYcOCKKlXUgRr3A2IgbSeJ8
TJ O Connor and Associates,ChIJ1dmk0QgJZ0gRAy1Rb6hy0Og
Thomas J O'Driscoll Auctioneers Limited,ChIJZbT7ig-QREgRK9ElpmWnRcs
T.j o'mahony&sons,chijdzdqvtv9z0grrup9cog7q4a
TJOS Solicitors,ChIJcyftaQ-QREgR4nUsZqiIcNk
TJ's Angling Centre,ChIJGfM8F-2eXEgR1d368bNB-R4
T & J's Taxis,ChIJ3_r9m0QbaEgRsEfqyULlvW0
T Junction Cars,ChIJQT4lGJQxW0gRF1dWxdOjPgQ
TK Alarms & Electrical,ChIJS6BOvhhlZ0gRrGmo5E0n3Ao
Tk Auto Electrics Ltd.,ChIJ-QyMW8pdW0gR6NHJjry-Jk8
Terry Smith Kitchens,ChIJYbwPBqpCXUgROA2VFtH-ZQY
T.K. Car Sales,ChIJ8amnZ_STW0gRAE9BgVQ_3dM
TKC Construction,ChIJU1CKKtcUZ0gRD1xO7Y1Rvu8
Turley Kelly & Co Solicitors,ChIJnRemk3V1XUgRWE6UMlbTyxc
J.H. Kim Taekwon-do Institute,ChIJ4WAd1kidREgRyc8YN_pjlzE
Ballincollig TKD,chij1bmnhq-sregrkf2enld4ffs
Tk Fencing,ChIJMXI5K-u6Z0gR9K-g4p4N7xk
TK Flowers,ChIJ40ciQX3JWkgRnIqq0v75gjU
TK Kabs,ChIJ8_ZDiosAaEgRZZMKkobFwoY
TK Maxx,ChIJq6qqaqE1RUgRpHOvgnPRYyE
TK Media Management & Events,ChIJJZaXHBXrXUgRs6q8bYSypEc
TKR Electrical & Alarm Services Ltd,ChIJQcS5dAaHkkwRzDquq_uQPhs
T&K Road Markings,ChIJMf0r_JvFXEgRYuOcG9vc26k
The Kerry Woodworks,ChIJIyGWBoVFRUgR-VzUtt63YTU
Looby & Associates Accountants,ChIJqeek38LEXEgRsh2lVVoqMWs
TLA Marketing,ChIJZWYiBWxdXUgRm1_3r90lhOM
Tom Lennon Construction,ChIJR03MruNyZ0gROmtj9OIxRS0
Tlc Beauty Salon,ChIJ2V2yFMeWW0gRAVdVBy4dVlU
TLC-DOC ( Out of hours Doctor on Call),ChIJI8qgY7Z0Z0gRIIClny5-3ck
TLC Foods,ChIJZ_UcHuVXQ0gRM623DWozdDQ
TL Concrete Ltd,ChIJibs_gUs3WUgROmCHoSGq7ws
TLC Photography,ChIJWUDwQaNtZ0gRhDKs5D0tFsQ
TL Doctor Cleaning,ChIJeW94m3k9RUgRDS5EgwB5dRo
Tlentzource Healthcare,ChIJzeJXQbGlZ0gRYgXdoxsJDe8
TLI Group,ChIJx4J8CcTKWkgRpQmQQIkQGDQ
St Mary's Cathedral,ChIJ1QS2DUvxW0gR-WO2w4MgOkw
TL Marketing,ChIJvaz0jrsPZ0gRbsWkIyaa-f0
T&L Paints Ltd,ChIJsQxteSWyYEgRxc6DhxVaBA4
The Lady's Slip,ChIJk-D8k47DQkgRMlrktGx3TJ0
County Tipperary Lawn Tennis Club,ChIJXSXVvE2yXEgR9-ez0VyGop8
Tłumacz przysięgły języka angielskiego,ChIJkVRzeCE6Z0gRrfwuDdea2C0
Transcendental Meditation,ChIJSTAObr0IZ0gREJlh2UNhXfU
Tmac Civils,ChIJhSWOi1AMXUgREi1mcF3ao2I
The Music Alliance,ChIJU7UUngu6Z0gRNFa2oDv83vk
TMB Limerick,ChIJ0x67Un1bW0gR-qHXpP8eaU0
TM Blinds LTD,ChIJcyt8Acp2Z0gRHaIH8Nx-yPM
Two Mile Borris,ChIJGfRnvUTbXEgRwUgIuMRpmDI
Thomas M Byrne & Son,ChIJ0X92TVNdXUgRZ7aCHRH0sXs
TMC Technology Ltd,ChIJ6503HmWSREgRoZvOuWnaB64
TM Car Wash & Detailing,ChIJda5R4cMxXUgRx1mKGj31-Vo
McCann`s Builders Providers,ChIJ5wsL9BgMZ0gR9660aXvLfW8
Trevor McDonnell Kitchens (TMCD Kitchens),ChIJ-1B28qRdWUgRqTd2iRPeu8g
Houlihan Technology & Engineering Ltd,ChIJL0Pmqf7WQkgRqNkDmDHvOeQ
TM Centre,c3675384d396a52b8bdd0b902dd9f719
TMC Fabrications Ltd,ChIJdfX_lISzXUgRwOnAvhJKf7I
TMC Gas Services Ltd.,chijz86rv_yjyugrbpnnqdnr5c4
Traditional Meat Company (Ireland) Ltd,ChIJB5O2xkzlXUgRf8pkszGt7dU
Tmcl Consulting Ltd,ChIJnWnX01aXW0gRsl5wPa2Ox9E
TMCL Consulting Ltd,ChIJBcgZoY4PZ0gRK0HTmxfIEY8
TM Couture,ChIJBY9hcWZcW0gR2U_z3WPC-bE
T.M Cronin,ChIJ0Yy5P7LlREgRZUow3TkRkhc
Translational Medical Device Lab,ChIJf1jcsfeWW0gRE3oX-_qrlgM
TMF Management (Ireland) Limited,ChIJo3_YAPMOZ0gRzWNhgYaW0Yk
TMG Corporate Services,ChIJsbXiwsAEZ0gRIlaMY5hTQok
TMG Designs Architectural Planning Consultants,ChIJafEsJOpFRUgRrAjd2NstvEE
TMG Plumbing & Heating Services,ChIJ8a9uBonFQkgRY3o5NNrFQUY
TMH Total Materials Handling,ChIJh18wfjEOZ0gRDbjtVlIAWXM
Tokio Marine HCC,ChIJB6h4qAd5Z0gRRL24ktrN9q0
TM Health and Safety,ChIJw37GZCmRREgRwuMVCqnaQXU
TMH Hygiene Solutions,ChIJxcfxDy_EQkgRcFfPQWcHsl4
Traffic Management Installations | TMI Dublin,ChIJNcqC5SJ0Z0gRpS8lFdGDWVo
Tom Mc Nicholas Builders Limited,ChIJA3TQgLBRWUgR-Of72mJOlLo
T.M. Office Supplies,ChIJEeeMxdISW0gRE6Xtybrc6uw
T Morris,360d9ad203cc9938341c1c830d185844
T. Morris & Sons Driveways & Paving Masonry,ChIJRYVq-RalQkgR7a-s3p2_S7A
TM Physiotherapy,ChIJrYi-y66FREgRhvfap-wKwu8
Teagan Murphy Music Lessons,ChIJdy22kpQLZ0gRnf-9Nu5jc9c
TM Pilates,ChIJrT6orJ1FXUgRFFSRkuPOdaQ
TM Plumbing & Heating Ltd.,ChIJp9IpMGteZ0gRRGe1UJ5Sdus
Tarpey Maloney Properties,ChIJ8-tNqSaWW0gRfNyEpCSzxX4
Thorpe Machinery Sales,ChIJmyEPqWE9XUgRH1r18j0DVBg
Terence MacSwiney Community College,ChIJfVXvyjeQREgRGvrfFnv8nwM
The Material Solutions Group - Head Office,ChIJrwH_is0NZ0gRoiyICQKki-s
Tms Sales Ltd,ChIJLbKyJlkSZ0gRsCr9G64EWLw
TMS Services,ChIJRTZCVHlpZ0gRuzUWoEl8-Pk
Tom Mannion Travel,ChIJRUJDzixtW0gRWTXXvMSYd_4
TMTAUTOSTYLING,ChIJw67oDD2FREgR4-W7nvzzpCc
TMTS Training,ChIJB7P2epprXkgREuKu5cnlH8g
Cavan Self Storage,ChIJYzfxtbRrXkgRMSZKZ7EuG70
tn2 Magazine,ChIJ7VbPmqAOZ0gRWN95svhJu9Q
Tom Noone Construction LTD,ChIJE91cyICTW0gRy0o2fkniCu8
TNDO FITNESS,ChIJubIJUvUOZ0gRgKVELU3nx-E
TNEI Ireland,ChIJ4dxEKxALZ0gR2q4mw-F-d2M
TN Executive Coaching,ChIJmSLPBNwIZ0gR9C3pET5a2nc
T&h kitchen equipment T/A DF Catering 东方厨具,ChIJ3-cda8ANZ0gRTz8BP3jN06k
TN Media,ChIJYxeQ8XdTXEgRufX2jzZc040
The New Media Institute,ChIJATloyAZxZ0gRrzCwc5MtLcU
T Nolans Scania,ChIJH3L38_AtRUgRRseSfw12CDc
The Nightingale Placement Agency,ChIJlU-Pb2dtZ0gRkkZKWMLdAtg
FedEx Express Ireland Limited,ChIJm6xDvlILZ0gRhLPZJWSQkHE
TNT Gym Sligo,ChIJHfEUbDDoXkgR9s3zlufiGsY
Toad Hall,ChIJjc5njct4XUgRi--ZVrwKaC4
Toal Truck Services,ChIJjco-64xzZ0gRqnt3LGaDxv8
Toast Creative Ireland,ChIJucX7pGo6Z0gRGt9W_z90OYM
Toast Events Ireland,ChIJY2so6RYLZ0gReys4fLqXfFk
Blarney Toastmasters,ChIJnTJY_G-RREgRPfapI5SHOj0
Wexford Toastmasters,ChIJHQLczzQbaEgRL7LBCDzYrPo
Toasty Wexford Stoves,ChIJUR499BIbaEgRZuA9nrzcD1k
Toba Southeast Asian Restaurant,ChIJs3AztOE9RUgRJIKFoFX6Dtw
Tobaccoland,ChIJ2USoXW5cW0gRCyOHRxCS72I
Tobaddex Consulting Services,ChIJGZu0a0MTZ0gRVgfHFWLxpek
TOBAM,ChIJd8UKdyAGZ0gRy0t9929quQQ
Tobar Archaeological Services Ltd,ChIJr-brxVV8Q0gR0-LdDqNf6vw
Anthony O'Beirne & Associates | Architects ¦ Planning Consultants,ChIJ48PDlBwLZ0gRvdIJSXReFTc
tob Architect,ChIJ1RZkRYcOZ0gRKywk-WFu8wA
Tony O’Brien Body Repairs,ChIJ68n97545Z0gRvE52faUSNd4
Tom O'Brien Construction,ChIJe6Biti_EQkgRfMMgIcYV960
toBE,ChIJ_6mJ6x5yXUgRTTHscMa21Z0
Tobermore Mill Road,"Tobermore Mill Road, Irishtown Cross, Bandon, County Cork, P72 Ey47"
Tobermore Paving and Walling Centre (Dublin),ChIJz48yxlgXZ0gRZDzK6VTSZHQ
Tobernaglough pet friendly Guesthouse​ Bed and Breakfast,ChIJrfRGici7QkgRIuE4ZKmJ5xU
Toberpatrick Cottages,ChIJzRGazR3sZ0gRGrKwGZpbC2k
Tobi Digital,ChIJ9SzM_IaLiqARD79CtzCvI-Y
Tobias and I,ChIJZRmpSkFFXEgR1Sukuj0VVrQ
FotoNation Ireland/ Tobii,ChIJcVgut2eRW0gR0cdiinX9l18
TOBIN,ChIJV-0nAuaWW0gR9sEvCpPVSVI
Tobin & Cantwell Limited,ChIJd2O9gpbXXEgRbfYU7FavXis
Tobin Carpentry,ChIJt_pf0fqWW0gRHIaQuK4nEs0
Tobin Electric Limited,ChIJ-3p6bkArXUgRUcFJ48I6MC0
Tobin Financial,ChIJoc7MKXiPREgRiOrgKL1Ug9E
Tobin Healthcare Centre,ChIJYwjv2KFdWUgR3NyFp8tfZs0
Tobins the Jewellery Repair Shop,ChIJGbq64Z8OZ0gRl3JHWSq_i5g
Tobin's Pharmacy,ChIJg8RbeSYaZ0gRIMxwViKKrbw
Tobins,ChIJC30VohBeZ0gRkqAfxU7MsXg
Tobin Web Design,ChIJ1e2Qa-8FW0gR0cit6knnOEY
Toby Wagons,ChIJD4VKkSGdZ0gREPmyyQFTJXI
Tadhg O'Connor Hardware (NCW),ChIJ2cpxBJQxW0gR6KaJ2sYPA7Y
Timothy & O'Connor Accountants,ChIJRcK-S3w1RUgRtlkRzLwYJRw
Tocana Ltd,ChIJR7vAJK8MZ0gR_jwME46H1EQ
TOCA Sports,ChIJE1AHF4MLZ0gRDDh7vSzPRV4
Toca Tapioca House,ChIJE6FKkc4PZ0gRz-oPthaW0Pk
Toccata House Music School,ChIJ6xQ_Pz06Z0gRj1aw561y4kw
With Love,chijy6je3gkpz0gr5rlgbi3rbau
Thornton O'Connor Town Planning,ChIJo7A5h2cJZ0gRpBeOH3JWg5g
Today FM,ChIJWzNsj4IOZ0gREjaLZ6325nc
Waterville Photography Gallery,ChIJv7fOd_-PT0gRlG9StxGQLm8
TodayWeAreMaking,ChIJAdhAaV0NZ0gR1j77Ms0YdQE
TODD Architects Dublin,ChIJr2ViiMsPZ0gRUbFYdZF0-Ec
Toddle Web Solutions,ChIJi13WAHsAaEgRg86XM3rF4XA
Toddle In,ChIJZXJo6LwiZ0gRGXepizOieKQ
Toddle Inn,ChIJ21dUXNNBW0gRQC5X1tgfJrY
Toddle Inn Childcare Services,ChIJt42GygSbREgRjc-1l-8zYas
Toddler Sense Cork,ChIJh2p7qVWRREgR5gMYYI6dM-I
Toddler Swim School,ChIJo_V8gEJtZ0gRhy-WO08s5RQ
To Delivery and Beyond,ChIJP9ODjB43WUgRgGZXjHw3A-I
T O'Donnell Sports,ChIJKR5TFS1tW0gRKAfyuvfrSR0
ToDyeFor by Johanna,ChIJgXI_9rwPZ0gRJVktJFZrQUc
Terry & O'Flanagan Ltd.,ChIJGUSO9LMMZ0gRincZE7anAMg
Tons of Fun Balloons & Party Supplies,ChIJn3VjNxxbW0gRZJpd55y4IS8
Tofu Restaurant,ChIJW8_p6d2RREgRMQAwUzW2Yjs
Tog Hackerspace,ChIJG4rQbScMZ0gRv3P805LCoj4
TOG 24 Kildare,ChIJV7UmUkp_XUgRuk_aBWKD9xU
Toga Freight Services Ltd,ChIJh8JRYccMZ0gRK2ZiqQntnVI
Kiltullagh National School,ChIJqylm37d3XEgRzhwta8VkxuU
Together-Razem Centre,ChIJT28Z6hqQREgR_D30rwHjvlU
Together-Razem Centre for Ukrainian Refugees,ChIJV_YM_6aRREgRMiTxddkE5qw
Together Academy Training Cafe,ChIJVdcpRKIPZ0gR8QbTxUluxDs
Together Digital,ChIJP38lkfgOZ0gRwyo8cnvfeP0
Together FM,ChIJpdq4K5oNZ0gREanrBUcFyAs
Together to Support,ChIJQcqgivALZ0gRiov4trTLaXI
Together Video,ChIJ_eHWx2YOZ0gRKq7tG3Zj2jM
Together We Create,ChIJ63weO5oHZ0gRX1CYhOA5VME
Togher National School,ChIJPwsQjsMDRUgR4DSxNGPGMbU
Togher Athletics Club,ChIJaSpcthyQREgRvLeM5nfbI2k
Togher Boys Catholic Primary School,ChIJh7jD3tGPREgRT1Vi1JQ5JwE
Togher Music School,ChIJe767xdGPREgReG4gG43OCPQ
Way of the Cross Catholic Church,0x48448fce1c6bec5d:0x150718a0c51d1fe8
ToGo Carlow,ChIJUecccShpXUgRzp69BuaJGr0
Tomas O'Hare & Associates,ChIJw4HhBtSLXUgRa74xcMxaJ78
Thomas J O'Halloran Solicitors,ChIJY0Up23o1RUgRKdVHPkNdDW4
To Have And Have Knot,ChIJp2cazJ36GQwRxVXrw-Luyuk
To Have and To Hold,ChIJc52J6MGPREgRI3kEfQkoiX8
To Have and To Hold Flowers,ChIJUZ3mD-GRREgRA01S4tYEIMw
T O'Higgins & Company Limited Homevalue,ChIJB7Gd3FmWW0gRvK6ffch56C8
Toilet Cubicles Direct,ChIJJzylD3gNZ0gRIxCDDXbc6vE
Toilet Paper Rolls and Tissue Ireland,ChIJoz4THI2JZ0gRCfl05W8o_9A
Token,ChIJH06QUC4MZ0gRuE40yqt6E1E
Tokheim Ireland,ChIJi188_kOCY0ERtndPYZs9S1g
TC Aviation Capital Ireland Ltd.,ChIJT4E4OgMPZ0gRsqRrAIOns_Q
TokYou Sushi,ChIJVR9ksL-lRUgRGJt5jitbaqA
Tolan & Associates,0x48670f4d6bb417d5:0x3629a0bb24496d86
Tola Vintage,ChIJb1Mey5wOZ0gRRhlmx7ITZeM
Tree of Life Clinic,ChIJ23zSja8OZ0gR9We-wzCzyZk
TOL Engineering,ChIJ7c_S1MX7T0gRKuVaOs9_4yo
Tolhurst limited,ChIJLWmoIiqmZ0gRyLN9tgeIYbo
Tolka Cleaning Company,ChIJDwzJ1SAPZ0gRWfkwCH7qZHY
The Tolka House,ChIJixDpFo6cY0ERYyOPknkuMR8
Tolka River Project Ltd,ChIJQS1DJqQSZ0gRFAWt8rnw45k
Tolka Rovers,chijm83pbwsoz0grciakjngrhns
TOLKA ROVERS YOUTH FOOTBALL,ChIJp3GuXNANZ0gRdp1wqRI_16k
Tolka Valley pitch & putt,ChIJ-aRzedANZ0gRfQSSYYObvA8
Tolmac Construction,ChIJo-YQ6bwMZ0gRIsU2jug2KPI
Toltec Systems Ltd,ChIJ86vVpxKbREgR6I5AzdGHW3U
Tolteca Rathmines,ChIJaW-1twIMZ0gR_86JOiTEtHg
Tom Kennedy HR Consulting & Associates,ChIJE4KkXSLRQkgRxO4mRiN1YP8
Tom Murphys,ChIJleeH8xCQREgRhW-eOJG7L-Y
Tomac Products,ChIJJSaUXgLdQkgRgauUAQJuZwc
Yew Landscaping & Design,ChIJGbUynZUPZ0gRJ-YlVQpFQjo
Tomahawk Steakhouse,ChIJB95GS50OZ0gRBZtwsOyDpE4
Allen Tom & Co,ChIJqw4-s1CbREgRDZafmpKbC1Q
Tom & Maries Bouncy Castles,ChIJ46YaPYFbZ0gRD_5YrN3qEJ4
Tomas Janonis Photographer,ChIJmXPraR6KZ0gRKHgo9vIuZvc
Tomás Ryan Physiotherapy Clinic,ChIJB00icQDFXEgRJNrMCz2I3pE
Tomás Whelan Fitness,ChIJpwnY2eqRREgRTRsfbyBUZGY
Tomasz Bidas Photography,ChIJl8OsJKhbXUgR-oOzsBqmSaI
Tomax Ltd.,ChIJBw-V9pcOZ0gR6gj2i-hry1M
Tom Baylor Music Centre,ChIJp9XVqz9fQ0gRuZ3s1maAKHE
Tom Blake House,ChIJzWVHtoRXZ0gRXjJ3gkkWpZs
Tombola Irish,ChIJs6A-JZTNYEgRp04PeqqTCow
The Bathhouse Barbershop,ChIJ7-92JFIfaEgRnmtfkkLSTVc
Tombrack National School,ChIJJZFKW67-Z0gR525bcWmljvM
Tom Brad Gardening Services | Maintenance | Hedge | Tree trimming | Tidy Up Services - Greystones - Wicklow,ChIJpSRzmk-vZ0gRQ6XjkedRxds
Brawn's Florist,ChIJrb8nYKFkWUgRsbcMVnsvVhs
Tom Brett Auctioneers,ChIJW_SoKfuWW0gRcyd7cgBiFo4
Tom Byrne Designs,ChIJDYixu8QUZ0gR1hpNFW9tmXg
Tomcat Ireland,ChIJb3d20UGSW0gRDeN_vwiDjHw
Tom Collins & Company Solicitors LLP,ChIJMztGvPULZ0gRAwlf1OTN4fc
Tom Collins' Bar,ChIJqWQdO2RcW0gRNjvk5h3bLrI
Tom Collins Sign Artist,ChIJ0VQY2GVcW0gRCbLaTV_dalg
Tom Conlon Psychotherapy,ChIJo175aH9jQ0gRE-Ks_TK-4Hs
Tom Crean Brewery Kenmare,chijt6azld5trugrpaczkmhljuy
Tom Dempsey Flooring,ChIJnxYM_LORW0gR3eMMVr75EO0
Fly Fishing Tom Doc,ChIJ47BlphvFW0gRiMgSQzjnooQ
Tom Donohue Plant Hire,ChIJF9VTaHhQXUgRq1Tzo0tJdQw
Tom Doyle Motors,ChIJmxPoM354XEgRSiTH_8_M0dc
Tom Duffy Architects,ChIJUUdhD7gPZ0gR8Xkf0VVOw1Y
Durcans Quality Meats Limited,ChIJRaZqehCQREgR-f2UGKqCges
Tom Durkin & Company Limited,ChIJ-UqWsfMMZ0gROGuAakjRRCA
Tom Dwyer Painter/Decorator,ChIJnz5cR_Y7RUgRejF8Ve9G-ik
Tom Fagan Motion Design Ltd,ChIJIXkrGDYFZ0gRYZb2l4_OLnU
Tom Fox Estate Agents,ChIJP0gLrjXoXkgRHTne3rb9hUQ
Tom Gavin Tiles & Flooring Ltd,ChIJrWMYj9aFREgRYzI7Wo28D9w
Tom Geraghty Tyres,ChIJpd3WdCjEQkgRLxy0ZWhFqYY
Ailtirí Áitiúil Teo,ChIJ3R9CXaxlWUgRseXss3O2TrQ
Tom Griffin Sports Therapy,0x48670df1eeeaac8b:0x4ef9e7a8efa17ea5
Tom Hartes Farm Services,ChIJWZPDDjWaREgRj64eovKTOfQ
Tom Harte Steelwork,ChIJ07KoGb8JZ0gRRwUI3ccx9HU
Tom Harvey Motor Company,ChIJp1l_0HvFXEgRlUPxGb5CFMQ
Tom Harvey Motor Company,ChIJCeOUoZbEXEgRwXh84YYPVXo
Tom Hennessy & Sons Funeral Directors,ChIJUYX0Up_GQkgRShEbyCLoCNk
Dr Tom Houlihan Orthodontist,ChIJtd75VNtyZ0gRTec2XDa7Jpo
DUBLIN TOMIKI AIKIDO,ChIJmS7Id590Z0gRadk4hZ-olME
Tom Jones & Son Construction,ChIJjatM0LpFZ0gRwbQdCsrkVDs
Tom Joyce Art Studio,ChIJE4_renAIXUgRBEJvij0kWAA
Tom Kearns Electrical,ChIJSyjGWLnaQkgRzdkgSt9lXSU
TK Shooting Supplies,ChIJGe_GqJNBWUgRjGn6hx5oN2Y
Tomkins IP European Patent and Trade Mark Attorneys,ChIJiU9bd6MOZ0gRQPBi-r75Hro
Tom Knox Landscaping,ChIJy55C0ZKeXEgRD-5bGmWsf8Y
Thomas Lane 4x4 Centre,ChIJVZ_wVtNVQ0gR5eeXdcesIJU
Tom Maher & Company Limited,ChIJpf_zOkoLZ0gRkgRrk7WJXDg
Thomas Maher Bar,ChIJBUIDtxTEQkgRiWmpk1iAzJU
Tom Malones Pub Parking Aire,ChIJidv0ykMDW0gRchTN_jOmljU
Tom Martin & Company Limited,ChIJvQ5FCD9fQ0gRnsyw5rCFlZ8
Tom McDonald & Associates,ChIJF1V8wXV1XUgRjKcVnM3hpGU
Tom McDonnell Builders,ChIJDWJKMEl_XUgRc041mtO6RYI
Tom McGinley Interiors,ChIJb6NOSIKxXUgR998d5o8BetM
Tom McHolmes Plumbing & Gas Services,ChIJ6Vx4vKd4Z0gR5b1BF6nVTgw
Tom McHugh Construction,ChIJKwoNtnmVX0gR44WRn0VlYm8
Tom McNamara & Partners,ChIJySZH8b0OZ0gR8SO1UWE5Rrs
Tom Meenaghan & Associates,ChIJ5zgSgPALZ0gR4Z18q0vfQr0
Tommie Duggan Tyres,ChIJsaIi6LKRW0gRFEqzAMKkU6g
Tommie Kelly Electrical,ChIJYRuKo6w8XEgRTidl2SGJ_MM
Tom Moran Car Sales,ChIJP7M02o-kQkgRQGWmBcoQYgk
Tom Murphy Car Sales,ChIJ4Y6KgGLEQkgRGRbMV2IUICw
Tom Murphy Hurleys,ChIJE1rbw7rJQkgRtSiWPvZ_wqY
Tom Murphy Recovery & Towing Services Ltd,ChIJeRArrysQZ0gR0Ufl2w9zitU
Tom Murray & Associates,ChIJ-fpiy-lWREgRc2yluhU97fM
Tommy Williamson Farm & Landscaping Supplies,ChIJaetAMj0AaEgRq1uueWuwAaQ
Tommy Hilfiger,ChIJq9MoiJzGQkgRWWAELt2ljas
Tommy Carew Design,ChIJtzX5pvaWW0gRKalcbqUCmRs
Tommy Carmody's Property House,ChIJnQ0YDPu1WkgRrchIGLzQnAs
Tommy Cregan Web and Marketing,ChIJCb8iDDw1RUgRLqGMyQS2OsM
Tommy Dowd Oil,ChIJbXT8SIFXZ0gRIU6Kc8MbW8E
Tommy Gallagher Injury Management,ChIJx0aOg5HrX0gRWId6CxLksDA
T H Cleaning,ChIJCVv7j43xXkgRbZ9uFcQwJEU
Tommy Kelly Courier,ChIJN87B9Se3Z0gRnk4VCr48ECY
Tommy O'Shea Web Design,ChIJJ1xZ1Ds7RUgRH78sMX8jwPQ
tommy rennick guitar school,ChIJoRZitOemQkgR5r3tZ1uTAKA
Tommy The Bikes,ChIJBaXfGKfOYEgRT5Z24ks4_uI
Tommy Tucker Tyres - Car Services & Tyre Shop,ChIJ6Uya2UQFZ0gRqXnpneiB8_A
Tommy Tyrrell Photography,ChIJOchwmeiWW0gRxFStJVjE7hA
Tommy Varden Ltd,ChIJxUQjlvuWW0gRb4oDJMdfsAI
Tom Naiman Photography,ChIJ07UfVUVjRUgRS3fBDnrgwcM
Tom Nolan Motors,ChIJJWZjEuJeXUgRMV8dRAUYsVY
Tom O' Brien Estate Agents,ChIJTzim6Io1Q0gRRZJAZiotyYc
Tom O'Brien Homes,ChIJlbLdvblIQ0gRj1CxxB594h4
Tomo Burke Electrical,ChIJ95G98gMuRUgR7kvhqKjlppI
Tomodachi Sushi Bar,ChIJ5X-Aiu-WW0gR6opx0IoyinU
Tom O'Driscoll Life Coach,ChIJ9zohWbKRREgRiiA2vSFNZa0
Tom O'Grady Solicitors,ChIJ0Rj02yMFXUgRVUJ7H45RBNw
Tom O'Higgins Estate Agent,ChIJHeEcDjcGZ0gReBi-IpF85k0
ActionCOACH Tom O'Kelly,ChIJregBXN8JZ0gRE1JTmu23hu4
To Move Freely,ChIJQ_AFTHYFZ0gRaY3dSh8FHwU
tomphibbs.ie,ChIJ5RF0F5CdZ0gRy4PB3fEWyRE
TomPropertyCleaning,ChIJUU7wV-7R0IUR6WSueEjAl8o
Tom Quinn Sports Medicine - Rehabilitation & Sports Injury Clinic,chijgsb9dvgrxugrwdup5fhkdzo
TOMRA Sorting Ltd,ChIJzdfUq4V0Z0gRYRWtrJ502iM
Tom Raftery Car Sales,ChIJfVR-iZBIXEgRcsHjNMKrBEg
Tom's Butchers,ChIJizWbKQWpXEgRmkzPcPdqUKs
Toms Country Cottage,ChIJ007ye8vaQkgRN4772Z48fjw
Tom Scully Motors,ChIJj7UdEpUPZ0gR083iTBtpJb0
EZ Living @ Sheehy's Furniture,ChIJc7IN6zL0REgRfn076TgL2fE
Tom Sheridan’s,ChIJ_VedWDCWW0gRgL_kpbDse2o
Toms Motorworks Birr,ChIJjxObBGL5XEgRz7hN0XToaQ4
Tom Spillane & Company Ltd,ChIJ5UbWLQk8RUgR7-Ji1PghhRk
TomTech Auto,ChIJ6_Vb_gTAXUgRqVHc5VRwnVw
Tom Tynan @ Integrative Therapy and Coaching,ChIJjdyPhrwPZ0gRBiMiEKOmeMA
Tomulescu Interiors,ChIJS5Zg8aJnZ0gR5fZvJdGXvnA
Tom Walsh Flooring,ChIJI4lFxwZcW0gR4FBWw3ptE2o
Tom Winters Barbers,ChIJ16m5txaQREgRcYVzqwN_KJI
Tonabrucky Construction,ChIJx_cGqw2WW0gRO63vQjQjMoQ
Tøn,ChIJz83w358PZ0gRLmCPkxr5oSQ
Tone at Home,chijt-u2mp8az0grjqnhnaj0lg4
TonedFit Gym in Howth,0x486704981cf0b21b:0x644a8b8ff066bed5
Toner Leather Craft,ChIJ5eC6Em1RXUgRxvI7B0dk-VQ
Toner Transport & Logistics,ChIJP1xh6AB0Z0gRmpOPjZ-hfFo
Toner & Ink Factory,ChIJQfbk9UhbZ0gRVMCJdz-S5to
Toner Dampproofing Supplies Ltd | Ireland (Office),ChIJPeWllGAPZ0gRXrF_rkduc3A
Toner & Ink Cartridges Cork,ChIJ9_QOrOD1REgRneufdxZKP-w
Toner Solicitors,ChIJiRO1I1EIZ0gRjyU0jFTDt9M
Toners,ChIJR1zDf5cOZ0gRmIywC_s8buc
National Tongue Tie Centre,ChIJB2mwJe4xQ0gR1C5EhFMGaww
Tongue Tie Cork,ChIJPbLiDVSFREgRiQV34stJuK0
Tongue Tie Galway,ChIJYTRk7LWXW0gRWnY6Qx9TNAI
Toni Kelly Hypnotherapy,ChIJ4QKomF_rX0gR665oYU_XhOY
TONI&GUY Dundrum,ChIJD9I1c2YJZ0gRrTP16qPym0c
Tonibell Ices,ChIJe-ntYnqSREgRmyc356Rt56M
Tonic Consultancy,ChIJV7KpsZUSZ0gR7KH4AfDGax0
bearboir fest carraroe,ChIJfSgq2IlNWkgRPt2wxGmcQ50
Tonis Takeaway,ChIJMxhBT1oMZ0gR8NDekapx_5Y
Tonlegee Medical Practice - GP Surgery,ChIJiwoeacIPZ0gRKw46VE9_63A
Tonn,ChIJPwE2iiUbZ0gR1F9OWUf9ZMc
Tonn Nua Surf School,ChIJB6E2nw2lWUgRr6aQQSkr4iA
Tonon Ireland,ChIJBXuBqkdRZ0gRJvYES_zbcIY
Tons of Fun Children's Activity Centre - ONLINE BOOKING ESSENTIAL,ChIJ4ZkTgvhbW0gRKiDL5P5DLwU
Zumba Waterford with Tonya Morrissey,ChIJB3z7DCfEQkgRYqZLbaT7Lf4
Tony & Tinos,chijuxcslp4caegrgmezdhchca8
Tony Bamford Planning,ChIJu8WzglcRZ0gRO--MuNuaTLc
Tony Burke Motors,ChIJSSUhIkqRW0gR1VXam_-2KHM
Tony Byrne Malahide Menswear,ChIJnfSgRGAaZ0gRT5prpdju0MY
Tony Clarke School Books and Stationery,ChIJw-gXdWZcW0gRb0SsMcnrJiw
Tony Condren Stunts,ChIJJVrZGqEPZ0gRsQK9LITckZw
Tony Daly P&G,ChIJR1Sn76ZtQ0gR7WQTsQgmd9E
Tony Donohoe's of Newbridge,ChIJzz3crOZ_XUgR-vqjXR8ihOc
Tony Doyle Coaches Ltd.,ChIJpwsKpPamZ0gRybwOyddTMWk
Tony Fogarty Decor,ChIJqzVo5P4PZ0gRP6DZPFEHado
Tony Galvin Kinesiology,ChIJl1YOahqQREgRuuUem3tiBGQ
Tony Gavin Photography,ChIJxfzDgCt5Z0gRS56DxADRZBM
Tony G Murray Photography AIPPA MIEI,ChIJeVbgjr14Z0gRx8jLVcPKiBk
Tony Hogan Motors,ChIJeRnb_6h3Z0gR4StBIMke5H4
Tony Kealys,ChIJ28i2b9sPZ0gRivUf9nuLuE8
Tony Kiely (John Kiely's),ChIJCba9JkddW0gRfkBgnM7GKrM
Tony Kirwan Plant Hire Limited,ChIJb4nxgdPeQkgRrsDsDrce_os
Tony Leahy Heating and Plumbing Services Ltd,ChIJPxWgFmaFREgRlQ2Tq6fi2Lo
Tony Lennon trailer lessons,ChIJRQwdBzgNXkgRBT9v_VtM1ig
Irish Mortgage Network Limited t/a Tony Long Financial Services,ChIJkYiIzw8MZ0gRd60o6fTjwpY
Tony McCann Motors,ChIJb18m4sMIZ0gRlMeBt7W5KYo
Tony McDonnell Menswear,ChIJGTNVGKfOYEgRfbxwMw1VqPM
Tony Mohan & Co. Accountants,ChIJG5I3Y-frW0gRGHd9IJcj174
Tony Mullen Architects,ChIJZ5IpOjsGZ0gRR6zBXw_-7_Y
Mulqueens Garden Centre,ChIJE4L2udESW0gR1wT1LJiMw-8
Tony Murphy Photography,ChIJjzV6amGZXkgRAXPYIX6lR-4
Tony Oakey Art,ChIJ0VBIIN_RQkgR4rMPAKVuc5c
Tony O'Brien Communications,ChIJmzGc0PcHZ0gR7ZucOKdyvmM
Tony OBrien Osteopath,ChIJkayNpOkRZ0gRidHupF9jGco
Tony O'Brien's Pharmacy Limited,ChIJW_o7COJEW0gR_Hvv0c205JM
Tony O'Connell Photography,ChIJz6qH1BaQREgR81L3uIkr4Ak
Tony O'Regan Wholesale,ChIJ3_V7NLleW0gRgp3mP1xOhvI
Tony O'Shea - Advice on Vrogum products in Ireland,ChIJv5bZfzubREgRgXEQKTk9-lU
Tony Quinn Foods,ChIJuVp3L_DjXkgRnK04TV9_ffY
Tonys Taxi Cabs Drogheda,chijv7xuwic6z0gr25l0fqztqgk
Tony's Pizzeria,ChIJdVlB2difYEgRcEgaRYMolng
TONYS TAKE AWAY,ChIJAXyEV9isYEgRyH5DTUQtPSo
Tony Sadar,ChIJyz5aknkIZ0gRyWSx3RRG1sk
Saltees Coast Hotel,ChIJA8au9IifQkgRsgwxJ5xLhyc
Tony's Barber,ChIJVyPh5aPOYEgRIorqmTDVC3o
Tonys take away,ChIJD9pwhKdDXUgRxcUMJtuyNtA
Tony’s Cleaning Service,ChIJrWCJ1u3nXkgRvorPbTpHNTc
Tonys Garage,ChIJFVM7DMuwZ0gR6GWaiRC0hl8
Tony's Grill Diner,ChIJrZomQEq-W0gROIGtQhmy2aY
Tony's Menswear,ChIJhfUhahCQREgRG9w5BVVDwdc
Tonys Takeaway New Ross,ChIJE6-HjLu2QkgRTYtvgffQIcU
Tony Spain Chartered Physiotherapist,ChIJ-Z-4yr53Z0gR3uAv9NyPBrA
Tony's Pizzeria,ChIJy69wcafOYEgRwdyiBLDoFCU
Tony's Super Takeaway,ChIJ9cFpCcQPZ0gRfVgJy1ZPRPs
Brady's Tractors,ChIJd_MYxBpCXEgRziiTtDOe8rc
Tony Thompson Guitars,ChIJ99EPxSvrZ0gRHX5YiFpu4EU
Tony Vines Painting Contractors Ltd.,ChIJMyGYFzupZ0gRNfPUeiNmYfE
Tony Walker Photography,ChIJt7F8PHgLaEgRcFuKoFfZqOY
Tony Woods Chauffeur,ChIJNe5T7QFtW0gRoQK317cl0Ro
Toodlelou Creativity Lab,chijov6vlkqqw0grrayd_0ywhyu
Toolbank Ireland(Tucks),ChIJuVxUpJsNZ0gR7EBSmQ_MHr8
Tool Depot Ireland,ChIJZ-JV8oYbaEgRi9IPe9MdR5k
Tool-Equip Ltd,ChIJY6lG4E9_Z0gRBvKXUk9lLvQ
Toolfast Ltd,ChIJB3KIuzZzZ0gRHoD8Z9D19DA
Toolfix,ChIJNVnC7a7OYEgRrVlYedKxtfc
Toolforce,ChIJAbrH8y65X0gR2v87NruFu2A
MTD Precision Engineering,ChIJPVsQx0ybREgRp5wAUtYSYgI
Tool Line Kerry,ChIJWxSDezdIRUgRbFYaVR71J3I
GMS Engineering Limited,ChIJnZw5BC5oXEgRXmJ0SVxrews
Toolman Ltd.,ChIJmxUxRu5qW0gRvXgU0fyx1bQ
Toolsaver Ltd.,ChIJ5_VfFDJrW0gRiQGhD7Xz6hg
Toolshop,ChIJrTgS_L3BXUgRCSZH9szD6Ko
TOOL SOURCE,ChIJqyg1GaVJRUgRqHIeQG7pSAU
Tool Tec Services Ltd,ChIJa0xiu3f7Z0gRcm3tHEVfo1A
Tooman Fisheries,ChIJATbndQp_XkgRFr0u-CE4j2Q
Toomey Audio Visual Ltd,ChIJJeSyQIZzZ0gRYVHShJtP8XY
Toomullin House B&B,ChIJwQI3FFkHW0gRgyQcbb6-O9A
Toonagh National School,ChIJvfDWLWwNW0gR1406miDB1EQ
Toongthai thai massage,ChIJ05PgKL65REgR6WRLFLh1Ylk
The Real Olive Company Wholesale,ChIJ_xB5sEv1REgRhnBp8txcRhM
The Sandwich Stall,ChIJ_4r7jhCQREgRs-4wS0BpUzU
Toorala Equine,ChIJqbXdseoxQ0gRcW-XFfcS3pw
Too Savage,ChIJ074SUsUNZ0gRXV-cWCy1hGo
Leixlip Dental Centre and 3D CBCT Imaging Centre,ChIJX8ShiVlyZ0gRfJrCi-ah6Zw
Toothwear,ChIJVYLqyBRDXUgRnkZNqS3yw4U
Top Gear Autos Crash Repairs,ChIJFWNG1lxzZ0gRf4XxfMv8T40
Top Notch Clothing,chijf8tg3dfpxegrp_crl4evweq
TOP Therapy (Therapy for Optimal Performance) Dublin 5,ChIJh3C8ikwFZ0gRpMcGH0URBJQ
Top Oil Cobh Cross Service Station,ChIJIxvM6CidREgRKMXl0WRQSBg
Top2Bottom,ChIJu0eU-VdmsCQRyqpmNwaUUSs
Top Auto Service and Valeting Dublin,ChIJX1zFP4QRZ0gRz32z5TjNJ8o
ReStore,ChIJjyDsuTAOZ0gR0fJ46r3A47E
Topaz Beauty & Laser Clinic Rathfarnham,ChIJpYEBoZ4LZ0gRUsuhY3Fet64
Topaz Jewellers,ChIJy_iV9GVcW0gR_Zi5Z6cjTt0
Top Box Moving Boxes And Supplies Dublin,ChIJCcBZzFQTZ0gR4Co0QCppAQE
Top Bun Finglas,ChIJDxT4sTMNZ0gREOn1Dk0SPNs
Top Camps,ChIJQ5nBS1gLZ0gRAMNq9sRr89E
Topcats Cattery,ChIJb-p1cRC3REgRCnRmdZD6QLw
Top Chart Media,ChIJB5N0p6kNZ0gRBSGL9ShBims
Top Chart Studios,ChIJ5d9nK9UNZ0gR2Ub8z9UzaNQ
TOPCHEFS Careers & Recruitment,ChIJ3YBtu5sOZ0gRSZPaL8p50Ag
TopChem Pharmaceuticals Ltd,ChIJMaRoyOG-XkgRwtyXyIX-r88
Top Chicken Limerick,ChIJP8r5_cNdW0gR7gj2V8NFERc
Top Choice Embroidery,ChIJ5yEWV1S-Z0gRIiqsWzNHJkM
Top class barbers,ChIJNQr9ZJtzZ0gR2pRZtwtk4d4
Top Class Driving School,ChIJMT0jgOEQZ0gRje3Oul_CQ_A
Top Class Engineering Ltd.,ChIJORkobUQ9XUgRGqQh6L-j_AY
Top Class Floors Ltd,ChIJv41_jFQXZ0gR2R0AGBLxN3M
Douglas Bouncy Castles,ChIJ5-2F5USFREgRcASxJUwefVc
TopClass Motors,ChIJ4ZYiL3pbZ0gRXpDqUoVqRV0
Top Cleaners,ChIJS3RTtZoPZ0gR-JJVGLHqQrY
Topcoat Systems Ltd,ChIJ3-gEyvxpW0gRbUw3WKhRJvI
Topcommitment Healthcare Staffing Agency,ChIJZ-m3ONIjZ0gRvJs23MjfffE
Topcon Ireland Medical,ChIJo0j8XFoTZ0gRNfrVzd2L45w
Topcon Positioning Ireland,ChIJwRGhNqISZ0gREqtuXNt8i1c
Top Dog Mobile Dog Grooming,ChIJmww19YxNWUgRCDfSzBZNaTs
Top Dogs,ChIJ85sdlrWLrEcRyW6lhu_vxHY
Top Dogs Canine Centre,ChIJVUmzmTpyZ0gRetSom2oS_0g
Top Drawer,ChIJkfFE9SidREgR5pR5-scSK1s
Top Drone,ChIJmQKkgnm_X0gREuVm_Vwzpz8
Top Factory Cabins.ie,ChIJ97Z8A_mBXkgRCWPor_-lGvc
Top Fit Dental Ltd,ChIJiWHce3s1RUgReGijEw9vass
Topflight,ChIJR92U-YIOZ0gRAb79fiISyA4
Warrington Equestrian Centre,ChIJyST_oUs3XUgRGEihhvRgMP8
Topfloor Systems Limited,ChIJ2WTKi5QOZ0gRbVQtXSJaz3o
Top Floor Studio,ChIJxd-ApkYNXUgRgHMmlHPO7sE
Top Funnel Secrets - ClickFunnels Ireland,ChIJJcWlU98ZaEgRdN0skgCj4nU
Top Gear Cycle Repair,ChIJsVXmQ30FW0gRypTtPuIix5s
topglass,ChIJ33S4CPdgDioRGEeWfU6oT2Q
Top Glass Window Cleaning,ChIJ-XdqqRG3Z0gRQVcRUhK8Zjs
TopGolfer Tour,ChIJY0RfrI6oZ0gRy5i8twhhAFQ
Top Guard Alarms,ChIJkZ7jOgmQREgRiZTFfcO1r6A
Top Hat Chauffeurs Dublin,ChIJV-pR86VIFqYRSp2JMggG9oY
Top Hat,ChIJLcMtUJ4wXUgRLXgFjnUCC-o
Top Host,ChIJnRcSepgJZ0gRTx-iGzrHRpw
Westmeath Topic,ChIJHbzEfhvAXUgRE4czY5bonNU
Topic Print,ChIJqedlIarBXUgRdTWy_-JqMOY
Top Industrial Solutions,ChIJE6Sj489rW0gRao6zdhhuD_o
Top Insure,ChIJ2yTyS5nGQkgR_b2kmw3JP2I
TOP IN TOWN FOODS LIMITED,ChIJX_mYZ2FzZ0gRq1IH0Aem7_M
Top Knot Construction,ChIJ5U_rkmeQREgR2HPmIoAyPRI
Topline McGuinness,ChIJyaYJEaQaX0gRQriis8e0xR0
P.Boland ltd,ChIJO7suy8LDZ0gR5gizfVt1jYQ
Brownes,ChIJU84N3wIuRUgR5E5XyHcuUD4
Burtons Topline,ChIJR6KOjMbFREgRzudmooK8CNM
Topline Clearys,ChIJ-VNp_SFlZ0gR3RXiI-2KTeI
Corrells Hardware,ChIJgXWxD2_wZ0gRmv_eQF70hVM
Topline Doyle's Carlow,ChIJcU6pa6dCXUgRbqpOD405ylk
Town Park with exercise & Skate zones,chijaau51bffxugr-d-im1bjxfk
Topline Farm Painters | Farm Painters Ireland,chijoa5_mzizregru-iicfbbj3c
Topline Flavins,ChIJJUdoZhJtQ0gRG1FrHNl_Zt4
Flynns of Lackagh Topline,ChIJD5FPhguNW0gRJTVlA4Q93Rs
Topline Greenes Guilka,chij9xwlccwlxegrte3yzeakybs
Kellehers Topline Hardware,ChIJ3Qub6C70REgRRl1xqeAE7SU
Topline McCarthys,ChIJnTyAQ0FrRUgRWksYdYhKe-A
Topline McCormacks,ChIJ6fT8FSfyXUgRf5OSf780Vb4
Topline Motors,ChIJyx0XpNoRZ0gRf-gVBsl8YWM
Topline Murphys Hardware & Husqvarna Center,ChIJBXFpvJnoXUgRoDlK9ZBp6XY
Topline Phelans Hardware,ChIJN5FUKCUYXUgRuqM9VYeM6lc
Phelans Hardware,0x4842d6568ef6476d:0xfc45f1a0db22d8c0
Topline Providers,ChIJK8KcXXbTXUgR4H6ECufDbmE
Quinns Supply Backdoor Warehouse,ChIJofNSctHbXUgRl1OJKvh1Nmg
Top line roofing and cleaning,ChIJwUDj6b0SZ0gRZMc47fYtXoY
Rowe's Topline Hardware,ChIJ9ZAy4zU-XUgReRQGbfYAn28
Topline Tractamotors,ChIJZV-YT_YNXkgR0iioHNsSbOQ
Topline Wards,ChIJd8G2naw8XEgRzQNl9UTboac
The Old Inkwell Tattoo Parlour,ChIJq_mxIBNXQ0gR0ZAVcDFizmg
TOP LOCK LOCKSMITHS,ChIJ1RKdsjHzW0gRtjGahF_fM1I
Top Lock Hardware,ChIJuz4Q3MJ5XEgRfAdTDWx5WBI
toplook,ChIJ5bfuy98PZ0gRfxgET15lo-w
Falzol Lubricants,ChIJ90XZvNLBXkgRNWzBGmdDimM
Topmail Limited,ChIJdTP4vacMZ0gRKAovfPw8p1k
Top Man,chijw2yqu4ioz0griuanh1norcc
Moran Plastering,ChIJfzW25ZtdWUgRWQHGThXn39s
TopMan Roofing,ChIJMUtY4zRbZ0gRVtIb-skDiQ0
Topmark Motors,ChIJHxRkRGNFWAcRPLAgzbK7oHE
Top Marks Driving School,ChIJp-ifA-nxW0gRFquGdF9kJBo
Niall staunton top mobile tyres.ie,ChIJw4gvzFdlZ0gRVdep-r9A6HY
Top Mortgages,ChIJWa-SS5nGQkgR1XstCBCk8yQ
Top Motor,ChIJuQIo5OQNXkgRdQ7y0yXuUJc
Top Nets,ChIJwz9ZN8ciX0gRC4GPNooCKzQ
Top Notch Motors,ChIJy-AuNAZzZ0gR2SGMLI6iUts
Top Notch Roofing & Guttering,ChIJ2fRVCt8in04Rv1F5CQgoa2w
Top of Coom Ireland's Highest pub,ChIJlVLt0dAbRUgR8XrP2HzRuIk
Top of the Rock Pod Páirc and Walking Centre,ChIJUaXuNe4HRUgRc44MPT5UWYE
Topopal Ltd,186e09dfd5465a40e27af30b227ef6be
Top Part Sligo,ChIJz0qNWzDoXkgRXIfWJp2VZN4
Top Part Galway,ChIJ4719-G2XW0gRpinoE1zYkmM
Topper’s Restaurant & Rooms,ChIJ4_hjQN-FXkgRU4eP03qoyiU
Top Pizza,ChIJ5UEGB0v_XkgRlMTB15xanA0
Top Pizza,ChIJX3bXqqWpX0gRLmt__aWWr7I
Top pizza,ChIJzWOzGgqpYEgRYAKgUAgfnB0
Top Plastics,ChIJ625c2ROLZ0gR8yMwmwPD8rA
Top print,ChIJqQc9hzObW0gRWEa9haPKQks
Top Quality Blinds Letterkenny,ChIJwZEWIZfrX0gRpVNuAYoUUSk
Top Quality Tyres,ChIJoc7JN4ESZ0gRGQBOILCflS4
Top Range Motors,ChIJT2ioAZRzZ0gRjd7IvvGDoeo
Painter Decorator Dublin Top Renovations,ChIJIYdZMpdxZ0gRmmP973KFQEo
Topsec Cloud Solutions,ChIJn0XBEqR0Z0gRAMRO2M-pA8U
Top Security,ChIJt6Pp9d-PREgRRUkAN-ZeE8c
TOP SERVICE-Oranmore | Service - Repairs - Tyres | Easy To Book and Tops For Service and Price,ChIJ7_SmFEyQW0gRBUigGsHzr44
Top Spec Windows and Doors,ChIJ3wr7H7WWW0gRnus2Flpaf80
Top Spec Motors,ChIJsTwSwt7PREgR4rns5ImVBHU
Topspec pressure washing,ChIJQYZkQWMJZ0gRZsqlpSdM9WM
Top Spray Foam Installation,ChIJa6wZGJVXXEgRcfeUh83CnqU
Top Staff Recruitment,ChIJ39kdAeoIZ0gRmwsb2scFkd0
Top Style Salon Equipment,chijcymqeimlz0gru00ddum0p44
Topstyle Hair & Beauty Studio,ChIJDQG-ix4NZ0gRgMFjj4KbeyQ
Toptable,ChIJ6cCKJEE1RUgRz8ze3PxAYZs
t,ChIJO17jhjToXkgRQBOhZXlPHpk
Top Taste,ChIJh7ENJSrnW0gR4s8okyF5cRQ
TopTaxi,ChIJnZoFA8INZ0gRtaDpNCxq8ms
Top Team Painters,ChIJOy7FsfpsRUgRgLOrbnzglYg
Toptech Survey Solutions Ltd,ChIJ53iYsRmMXUgRPPC25zt2jKE
TopTech Fire & Security,ChIJheup5koJZ0gR7ajJFiq-KMo
Cavan Tints,ChIJp_zxP5K7YEgRzx-pdIp7VuE
Top Tile,ChIJzb7azc2PREgRGkFXjusQgWA
Toptilingtools,ChIJy5Zk1RtZQ0gRQHnYloBO_mc
Top to Toe,ChIJkfTb3zIMZ0gR896d4x3JxyA
Top Transfer,ChIJZxOj4ONdW0gRjat-xLr5QRk
Toptreeservicesireland,ChIJJT32IOinZ0gR7wrJOMTWIYg
Top Tyres,ChIJi1yFTssEaEgRolqUKkjkdMQ
TOPWASH Car Valeting Center,ChIJH24FKBCQREgRMHaswBDCH3w
Tora Coffee,ChIJby57Nz4PZ0gRmLBdHwpU7-A
Torbis,ChIJOeG6x6IOZ0gRCNyZM8o4OZc
Torc HR Consulting Group,ChIJX4ydiJcOZ0gRWU8OujGlMtk
KDL,ChIJsXvukjI5RUgRo4I9DtHsnF0
Torc Candles,ChIJf3yqAmFOXUgRCLDa8WeBVXo
Torc Café and Food Hall,ChIJyxT7Rp7TXUgRxm6gOmloKU8
Torc Electric (Irl) Ltd,ChIJb2PT7gZJXEgRxq_odr3Ppn4
Torc Hotel,ChIJmYebiJE8RUgRQXw5ScS1aGg
Torc Logistics,ChIJ98FLVyaAtA0RPil7HDfGhXo
Torc Payroll Services,ChIJnee6o0XmREgR584EIkbOjH0
Torc Solicitors,ChIJyTk_eAk8RUgRWo31cEHYz94
TORC Sustainable Housing,ChIJWcRdnLKXW0gRkX7oX9wARWM
Torc Web Design,ChIJa1jyL9VHXEgREWiyZmPQPic
Torine House,ChIJaTcexudFRUgRqrAHkpk2Ctc
Tormay House,ChIJB4JZQYIPZ0gRYjUMvGkEMjw
Tormey Auctioneers,ChIJWaBidhzAXUgRPr7GmLJFMUQ
C.R. Tormey,ChIJaRPt4R3AXUgRghsvA1BzGYY
Tormey Crash Repairs,ChIJRbTsqJsUZ0gRgEsw47cy3Uo
DNG TormeyLee,ChIJ9T6iQsMUZ0gR4lGXMzyzsI8
Tormeys Solicitors LLP,ChIJI0G-PgJJXEgR30M7CJ3uRU0
Tornado Cleaning Services,ChIJsxQ6igGoZ0gRE2I8hFuzFj4
Toroblocks,ChIJV4lANdMSW0gRAPRKMNwvjZs
Toro Workwear,ChIJN7Rtpg3xW0gRWiUsDw8k7fg
TORPEY®,ChIJFdDYo8YSW0gRxExKeQfYdJY
Torque Racing,ChIJVY58EkVxX0gR40fJzqcuQkc
Torque-Tech,ChIJ121Mo3INZ0gRCPDVrN4Ugac
Torque Mechanical Services,ChIJP-FsQFTxW0gRWhTlUCUNtBw
www.TORQUEGAMING.ie,ChIJ-dtcffRdXUgR9i-igKoS_g8
Torque Management Ltd.,ChIJl1Ao7Jd4Z0gRCk7HHWjRlUE
Dennys Torri & Partners,ChIJtYIaTZUOZ0gRNZfh521QFkE
Torsion Dynamics Ltd,ChIJkSsNhJ8aZ0gRok7wQPzj8UY
To Russia With Love,ChIJDy9s2wkPZ0gRW5rdufTRJg0
Tory Burch Outlet,ChIJJ0m3MxF5XUgRsLQ7DJZ_xho
Tory Ferry,ChIJ3UPouQyBX0gRevOmDzbdRH4
Tory Hill Farm Shop,ChIJ4ySlF8hPW0gRohW60_h7VOA
Tory Irvine Art,ChIJuf-LRhmXW0gRsVduLz5erv8
Tony O’Sullivan Architects,ChIJtSog7EjkREgRmY2sOEvGA6w
Toscana Dun Laoghaire Italian Restaurant,ChIJSU2jHTsGZ0gRmkkjutP70os
Toscana City Centre Italian Restaurant,ChIJ65N9WZ0OZ0gRlW2shD8PD8M
TOSHMedical,ChIJ9UcUeeALZ0gRlNV5bcl3IwQ
Tosho,ChIJf7oqtZ9hREgRp-4rJHSEn_E
Toshwidger,ChIJ12Don57GQkgRYBmkPLXQg2M
Tosinioo,ChIJ98--HIvHQkgRxup8UYwmsQo
Tosk Global Ventures Limited,ChIJ4aSsVlpzZ0gR2ELnWA-Nd2A
Total Office Solutions North East,ChIJZ_TuskOfYEgRLZzUngtatAE
TOS Roofing Guttering Services Cork,ChIJD-3HxB6FREgR2I1eudolzIM
Toss Bryan Ltd,ChIJl16efT5fQ0gRW4ZNcyQOmLg
TOSS’D Noodles & Salads,ChIJA-dH1Y0OZ0gRBtUWBupmTfQ
All Office Supplies,ChIJ9d7fXb-WW0gRLyET5L6h9v8
Tot Guitars,ChIJCaFuMpb7X0gRp6T_mDJ4PW8
O'Toole & Co.,ChIJt7mqzqNkWUgRKN_MQ2CQiZY
Total Hockey Ireland,ChIJ7-PaobQJZ0gRzNZumWGwNoM
Home Maintenance Kerry,ChIJzcxO8-hFRUgR-PyAjfC8nQg
"Total Pipeline Specialists (ROI) Ltd,Building Materials Supplier,Building Materials Supplier,IE,co. dublin,Rathcoole,Westmanstown,""Greenogue Business Park, 520 Grants Rd"",D24 YE61,""Greenogue Business Park, 520 Grants Rd, Westmanstown, Rathcoole, Co. Dublin, D24 YE61"",53.301029899999996,-6.477772799999999,35314573900,Fixed Line,ania.jaros@total-pipeline.com,Purchase Ledger Controller;"" Accounts Payable And Treasury",'Thursday': '8a.m.-5p.m.'
Total One Apps Ltd.,ChIJAQ3K_GCQREgRE56q9nKZtuU
Total Aircraft Support (Ireland) Limited,ChIJa16QzO8PZ0gRyqLb0KW9qvI
Total Air Solutions,ChIJp59XEqEPZ0gRwXNhlENo9fI
Total Artificial Grass,ChIJH4cpXnUIZ0gR0d5hYKtkGbg
Total Bathroom Renovations Cork,ChIJW3WiUIulRUgRPoR2HmGer6o
Total Body Nutrition,ChIJF_Fp3FsFZ0gReAEbn-PWiHs
Totalbodytec,ChIJjV85q79zZ0gRQtcjQez4mDI
Totalcare Clinic & Académie,ChIJIfBelhWRXEgRj69-qxmPxB4
"Total Care Driving School ; Driving school ;"" Driving lessons",Operational (Dec-2023)
Total Care Physio Tralee,ChIJXTXi6YA1RUgR67xvctHycs4
Total Care Roofing Cork,chijyxd6rkorregrt644itpykqw
Total Carpentry Ireland,ChIJs3xGUVyFZ0gRyJs3Hz8TgFo
Total Clean Mullingar,ChIJLbEHcYPrXUgRZ_AaQULjEd8
Total Cleaning Supplies,ChIJhV1okohcW0gRHAqN4_4x7GE
Total Combat Sports,ChIJrxWpfCljQ0gRTXW505ck8pw
Total Computer Solutions Ltd,ChIJf63f5ON_XUgR8XSMOpdGAuw
Con O'Leary,ChIJXUlUoLptRUgRknY3RN3aSpE
Total Digital,ChIJqVVg9F4NZ0gRhj5H8Tu8NC0
Total Diy,ChIJKxSo5aOvZ0gR_LSDkr_j2pQ
Total Drain Cleaning Dublin,ChIJm7BIaZYbZ0gRuy9woEksVm8
Total Emergency Plumbing,ChIJfXp4LUYNZ0gR590_SX-BBd0
Total Energy Plumbing and Heating ltd,ChIJz9szS7EdaEgRNvfRWsV5vNw
Total Entertainment,ChIJNdqGAeoIZ0gR6ePYKxjcSlA
Total Event Rental,ChIJn_qJWAF0Z0gRWRy2vAj7BdI
Total Experience at the Avon,ChIJW3v0EtmcZ0gRNvwBkxbGRJA
Total Expo Ltd,ChIJbe5HecZ0Z0gR5FCFzQos6Bw
Total Fire Protection Ltd Head Office,ChIJvZ0usVESZ0gRkA6YWNafU9s
Total Fitness Systems,ChIJBecYgN4daEgRrVLaOFGOHfM
Total Fitout Dublin Showroom,ChIJ81fuiEwTZ0gRGvjYFR8MO3w
Total Fluid Solutions,ChIJfzYZHDlzZ0gRprJwp3dcatg
Total Haircare Rathfarnham Ltd,ChIJO0Hj5uoLZ0gRw46YknmLd54
O'Reillys totalhealth Pharmacy,ChIJjRBFFOMxQ0gRjeu9xXvP2VI
Total Heating & Plumbing Services Ltd.,ChIJccik0nadXUgRbEYrEqTsKFQ
Total Highway Maintenance,ChIJdwNnJBg7XUgRHA4Bx-u685c
Total Import Solutions,ChIJSc6aweqPREgR-LakXtY07cE
Total Insulation,ChIJS-fZ3ocLZ0gRMPYNzkQp30g
Total Insurance Work Limited,ChIJ8ciqaVoLZ0gRKJd-IlMTDq8
Total Kickboxing,ChIJ2et04H4JZ0gRSd7pOp4Kipk
The Snug,ChIJY4EZlJ0OZ0gRZxSbNZq0kSg
totally inovative food ltd,ChIJ5_AwuGOdZ0gREzkknGQLvoI
TOTALLY L CLOTHING TLC,ChIJtaUJDEidREgRkz4WIBTxcIw
Totally Toys & Nursery,ChIJAfc0JAhdWUgRVyzwkQ3idRk
Totalmobile Ltd,ChIJRX9KK4MOZ0gRP2T_Gkmkf7A
TOTAL OSTEOPATHY,ChIJD1XcI3wPZ0gRCOvML9PYXLA
Total Packaging Solutions Ltd,ChIJtVRxC-K-XkgRmodK1MHFE84
TotalPayroll.ie,ChIJ9S78yR6RW0gR0prfXn8VpCs
Total Physio,ChIJwXIdlgYJZ0gRRdmV7Mw7hYc
Butler O Neill Total Planning Solutions,ChIJ5wZijg6QREgRL676tKM4e_A
Total Plastic Solution,ChIJg_9gBUHLREgRUiTRCpCmQEY
Total Polymer Solutions,ChIJi31aPg90Z0gRlDbXWVMKp-8
Total Pools & Leisure Ltd,ChIJ56lwJ_VMYEgR0YFm5d46cg4
Total Power Solutions,ChIJnZuPFT5wZ0gRCu4DdGFVdHs
Total Precision Limited,ChIJefgw32PCQkgR1Yxf5YLBoJs
Total Produce Limited,ChIJFTeanh3MYEgRAYTCv-_awzg
Total Produce,ChIJrZir7M6PREgRHmHK7SOFDsY
Total Renovation,ChIJR6w3bdMNZ0gRNMFPmrBWnGk
Total Renovations,ChIJQerCNca3XkgR-tkitoyvMKY
Total Roofing & Restoration Ltd,ChIJP7YsX2SLZ0gRSIRG73wl4uE
Total Slip Solutions,chijashtp_0baegrsqbtefm9dg8
Total Solutions,ChIJcXBn8klzZ0gRWMDx_xF1pSA
Total Source Ltd,ChIJ06jUxuSRW0gRWY12AJbEzzs
Total Splicing Solutions,ChIJ-amtAkmoX0gRNPk2DHWIqjo
Total Stainless & Engineering Supplies Ltd,ChIJ86mVOOcPZ0gRvi1mn_AoZmA
Total Talent Solutions,ChIJg9AjmEILUEgRWbV4nU6vlPw
Total Telecoms,ChIJg7NnYLOEREgRLs8KHtH-4aE
Total Trailer Services,ChIJxVrf4mMvRUgRdiQUPp-B-tk
Total Tree Care,ChIJS2D8198LZ0gRKovU3yV3w10
Total Tree Work,ChIJBeA8It4cXkgRKqTlz_c1vDA
TOTAL TUNING Mobile ECU Remapping,ChIJU2kg9vClXkgRMy45OGwvjMY
Total Tyre Solutions Ltd,ChIJ48sOUbEZZ0gR2UFRzQi06hw
Total Wireless Ltd,ChIJO-akuGXEQkgRDDkVYub3FSc
TOT Architects,ChIJHyBnepYOZ0gRtPtvpWSs8n4
TOTEM,ChIJ10WSwIsXQ0gRhd0G_Im-TpQ
Totes Natural,ChIJ4y0B82xzZ0gRelqYbGMQScQ
TOTS - Creche and Daycare,ChIJYwah6Pl_XUgRhqpjFHzskcY
Tots2Teens Antenatal Classes Cork,ChIJb7CFHBCQREgRTYOkHP_OP6I
Tots Amazing,ChIJa3aiPKtAW0gR-SmPRj-ymSM
Tots & Co,ChIJb5IRbesOZ0gRhbskM9_ZzpQ
Tots and Co Playschool,ChIJF3TOs9gEXUgRHGpJn7INoO8
Tots + Swots Childcare,ChIJ5wxFCXkjZ0gR80ihG2PsVg0
Tots&Tails,ChIJi3kf9nVdWUgRyjr-6a0vIi8
Tots Baby Shop,ChIJtSWWJJQ1Z0gR3FcxHjfHabQ
Tots of Fun Pre School,ChIJA5TAAOJyZ0gRrq6mZPXdhAo
Tots Paradise,ChIJAQbYrTqKW0gRjBsI8ydMJsU
Tots Pub,ChIJT0EOkon_REgRMnZkDSeBSoA
Tots Spots,ChIJc6vipIIjZ0gRviTwSmcGbaQ
Banogue Community Creche Ltd,ChIJkTQVxWNcW0gRtNIX64KaYTM
TotsTown Clothing,ChIJ13XQz_Q7Z0gRE12uEN-0WB0
Tottenham Timber,ChIJU3j_lyWvXUgRnRqDsWb9eAw
Toucan Design,ChIJ3yZreMAMZ0gRhnIf5o6QBL4
Broadleaf Apartments,ChIJwzfwqmlcW0gRobGmo50SvNI
Ard Na Mara,ChIJR0i-MVs7Z0gRE2arxPclPis
Touch & Glow Skin and Laser,ChIJW1zZhSWyYEgRVvbe7J0QBP8
A ++,ChIJGzrXulTjREgRLwMDfv92NRA
Touchbase Technology Ltd,ChIJi05076KBZ0gRykBopKuHTh0
Touchcom,ChIJ7Wv8VkUJZ0gRwt3b6b3EoJc
Touch Design Ceramics,ChIJMY4TndYNZ0gRoKNPbwF9zCg
Chill Valeting Portlaoise,ChIJJaYbDgANXUgRyTHoEBMNEJM
Touchline Media,ChIJgTaFp6AMZ0gRYvQElPHUOwY
Touch of Beauty,ChIJu4Y3-hGQREgRdqqljFzqonw
touch of colour hair beauty design,ChIJOTGtXf4IZ0gRhvFwDKHKzsk
Touch Of Glass,ChIJ1X7DgksMXUgRF9ttqIfp1eE
Touch of Happiness AD Photography,ChIJZaQLiSoMXkgRKXGQn0Rniw4
Touch Photography,ChIJO_Ilbx6KZ0gR78IMEDUh6a8
TouchPoint Fabrication,ChIJib23CoJzZ0gRHOEuPUV2pOU
Touchpoint Media,ChIJ-2qU0GJdXUgRVYlsaCfJecU
Touch Press Inc.,chijt16sl5woz0gr2ptfr5r285c
Touchstone Healer,ChIJM8uWUMu5QkgRP-BgVM4rh98
Touchstone Homes- Paving and Construction Experts Cork,ChIJF-P9ssSRREgRahPDykcZjhw
Touchstone Dentistry,ChIJ5517SkZzZ0gRzpVs8-0nEcs
Touch Stone Play Theraphy Centre,ChIJBzU9N0p1XUgRPPnFlgIip2Q
TouchStore Pharmacy Management Software,ChIJWfRS9RRbW0gRDoIiu4_UiH8
Touchtech Payments,chijy82ow4koz0grv_fr5umfydm
Tough At The Top,ChIJo9kkZbp9WUgR7nLLPaTxWvs
Tougher Oil,chijk2vwmf6dz0gruxcq2_ii8fu
Tougher Seamus,ChIJZ7WDD2eAZ0gRPlOmxsGYCSQ
Tougher's Restaurant,ChIJwS4ls2l_Z0gRcQJN6xq5-wI
Tougher's Restaurant Carlow,ChIJYyCZCHhnXUgRfa8ZQsZy0V8
Tough Glove Boxing,ChIJdYIGKtSpZ0gRySs5evEWMuI
Tour America,ChIJ-RjM7xCQREgRAx6yU7epyfM
TourDesk,chijuwosh-cpz0grfzyxktc17vs
Tour Destinations Ireland,chijf9xjtgopz0grztsngomxirs
Toureo Tour Operator Software,ChIJE5NuQakHZ0gRpkFa-7rp-lU
Tour House,ChIJp235g7sTQ0gRPnCh5orfteI
Tourin House,ChIJEz2o1gxAQ0gRxso3gqWFEvs
Tour Ireland Chauffeur Drive,ChIJEZxFggtrW0gRQRJJIcfwPiY
Tourism Development International,ChIJz6YtrdsPZ0gROR9l5Iz7Yf8
Tourism Ireland,ChIJm2E1GK8LZ0gRLp6cxtTXRx8
Shaw's Birthplace,ChIJ_dimyx8MZ0gR32VAnmT4m4E
Tourist Office Dublin,chijxq-w7yqoz0gr_qjyndsvmtm
Tourist SOS,ChIJ-_OIZ5IOZ0gR_id7c5ebPZM
Tourlestrane GAA club,ChIJz_q2r2a0XkgRSiPXgSyl8ZU
Glensaul Loop Trailhead,ChIJ0_K6USLaW0gROa0qk2ch5hU
Tour Partner Group Ireland,ChIJeRS7bwkJZ0gRwkKyXbDDDqg
Coach House Travel,ChIJ7Q6abPExW0gR0-GJltJ8HzU
Tours Gratis Dublín,ChIJMf3oQX8PZ0gRRFQPwPRX2_w
Tourwise Ireland,ChIJg2W7A4s1Q0gRHQkIbOrjyig
OPAL,ChIJwUkrrqsJZ0gRGqvJfyXIxHE
TOVNOW,ChIJSwXIerqXW0gRf7ZrX4CEmJk
TowMe.ie,ChIJzZkKhs8ZZ0gRxogH6YLR8iU
Tow Republic,ChIJpR6d9K4SZ0gRHtapAYUANJI
Tow and Restore,ChIJfTrLzQDrXUgREhVYdWbo2Cw
Towards Healing,ChIJ9XVp6jUPZ0gR8a0Pe9t2ptE
The Tower Grill,ChIJ5deHxpxXZ0gR0BdX7_HxjEw
Tower Barbers,ChIJvcXqZraTREgR71QvNyGZW9Y
Tower Bistro,ChIJ-Wbo52ioZ0gRpipM6XPqTQI
Towercom,ChIJ0f1xoWcJZ0gRg6liNmTO4Ko
Tower Credit Union Ltd - Neilstown Branch,ChIJvbuSrPBzZ0gR8JjeK-Z8AKM
Garvey's Tower Dental,ChIJp4kcE0RzZ0gR9rFSel90nsw
Tower Document Storage & Shredding,ChIJzdUz7THoXkgRt8tIoSMNYBs
Tower Enterprises,ChIJEw0PbDMLZ0gRA-WGFNUQ80M
Tower fasteners,ChIJx1R81M11Z0gRyaxV7o_Lh4A
Tower Carpets/ Tower Flooring Solutions,ChIJt4UmNm9cW0gRc27GJDOoy10
The Tower Hotel & Leisure Centre,ChIJQexzPZrGQkgRR_WHYrsxVso
Tower House Killarney,ChIJQcY22w88RUgRCYmjJ_9MU1I
Tower Jewellers,ChIJ7_sk0UZzZ0gRUbtKFA1ptnc
Tower Launderette,ChIJi8IjOBaTREgRVuFoS3_VPKs
Tower Lodge B&B,ChIJufWiQWi5REgRt4Mop4Km3uw
Tower Plant & Civil Engineering,ChIJ9Ti0T-WlXUgRG01OZWQF6Po
Tower Medical Centre,ChIJSwP8X7aTREgR7ZvJlihx70E
Tower Medical Centre (Clondalkin),ChIJmejdlTxzZ0gRLbeoE7hWlD8
Mojos Records,ChIJB2pzSYMOZ0gRrMChdsgsxNE
Tower Records,ChIJGZynXYQOZ0gRLtIoOhglVhQ
Tower Gardening & Tree Services,ChIJvQGLr-wNZ0gR6DYJ9NSKsI4
TowerView Advisory & Investment Firm,ChIJX7k7z6IOZ0gRukqBQDwHt0M
Tower View B&B,ChIJSxfXydHIWkgRB3foPxNk9Dw
Towerview B&B,ChIJxVp6irz7T0gRpuebQDK6uXg
Tower View Montessori School,ChIJKUIXFREZZ0gRDsoOPy9sNfs
Towey's Spar Express,ChIJVSK8YaWlXkgRTK4Ff7JKW-o
Leinster Towing,ChIJLUVQ9SYLZ0gRvBbwYhlpXz0
FOD Transport & Recovery,ChIJt7bydUdzZ0gR7vsmELJsrKw
Towing Dublin,ChIJZ_HX5TURZ0gRIpi7YXZeS80
Towing Equipment Limited,ChIJkwG1RvMMZ0gRCw0oDzuqXhg
Town & Country Bathrooms,ChIJE67m7U6dREgR96GkA40GwBE
Town & Country Hampers,ChIJYSYS-a6aREgRF1zO0iLsRMw
Town & Country Interiors,ChIJ5SKHkZY9XEgRHqtRZP7DrxU
Town & Country Chauffeur Drive Limited,ChIJXY3YT8UIZ0gRJ39U3Z3z3RQ
Town and Country Kitchens,ChIJmZEHvtwNZ0gRLTUVYbj4BGs
Town & Country Garage_Motor Factors,ChIJrSadWcv2W0gRxFdPexr6TOM
Imprinted Concrete,ChIJK9xOaF8NZ0gRLLk8tcoTRD4
Town & Country Property Auctions Ireland- Ashtown,ChIJyZ6nCp0NZ0gRoQtvWJktySs
Town & Country Property Maintenance,ChIJ-WG375r5Z0gRK2MzcYAprkQ
O Callaghan Town and Country Real Estate,ChIJ8aaDsAg9RUgRAJ5FzRSDIB8
Townapps,chij3z1bbwzjxegrnfflc-unrnm
Temple Accommodation Centre,ChIJOd5e2C2xXUgR0ML19a9E73o
Town Centre Pharmacy,ChIJs5rA6x00Z0gRqawFo6YnQHg
Town Centre Surgery,ChIJjRkJ3ANJXEgRq60x3nG04Kk
Towney Bay Finishing Company,ChIJM1-2UXMYX0gRtosKnq5oor8
Town Glass Ltd,ChIJZU2j5ybMYEgRLu06PhYCEno
Claremorris Town Hall Theatre & Concert Hall,ChIJK-JliRH9W0gRGj-FsFuScXs
Cavan Town Hall,ChIJ39-7p9INXkgRlKZMgVt7kbA
Townhouse Publishing Ltd,ChIJi9I4SyRzZ0gRMlrueuXegAI
Townhouse Doneraile Interiors and Cafe,ChIJK6-BnJ-6REgRXRj1EtKjIvQ
The Townhouse,ChIJ_8YuKKHOYEgRLRTeF6uuysY
Townhouse Leisure - Hospitality Group Dublin,ChIJwcyrGj0PZ0gRtxRYObPI61A
The Townhouse Hotel,ChIJZTU-RI8OZ0gRXm4618R2ZqI
Townhouse on The Green,ChIJAVci-lMPZ0gRJJryMJ481nc
Townhouse Stay,ChIJnVmnaxWFXkgRd9RHbM3q-48
Townhouse Westport,ChIJT4w0DeplWUgRD6U148FnMaE
Town Leixlip,ChIJVT4CQyJyZ0gRwqtzSHj9Bkk
Townley Hall Main House,ChIJz_vJPi44Z0gR0Fe5GajHAA8
Townley Hall Apartments,ChIJHUE3tRk4Z0gRUYbSXwMpuzQ
Townley Kingston Solicitors,ChIJTeP8kQkJZ0gR-OTJjAAwZXc
Townlink Construction,ChIJOwYej0MLZ0gRTKHdaeq2M60
Condor Publishers,ChIJFWUnfqm7YEgRClQxUu0SYuw
Town Medical Clinic,ChIJtbb6xczrXUgR1reyHZ9ZDyM
Townmore (Dublin Regional Office),ChIJjfmSeo0PZ0gRPNhTN2pYrjw
Town Radio Taxis Limited,ChIJh1HnG7VEZ0gRfCD-CzzIp_E
Townsend House Guest House,ChIJxy43LYj3XEgRJz9eZHwm-Lg
Townsend House Tapas Restaurant Birr,ChIJc0kOMoj3XEgRjHv9fOfXTuk
Town Square Holiday Homes,ChIJxa_mPwKoW0gR5vHBTGq2NEg
Towntoolshop.com,ChIJJ515aBZvXUgRof2Um_Bb5WM
Town Yard Modern Bistro,ChIJLw1BCtobZ0gRwsn7C0sycjo
Savvas Towing Services,ChIJWfoF5xATZ0gRB7D4UDhxVcg
Towtruck247,ChIJA7p-bWFzZ0gR2HQQEPTw37A
Tow Truck Dublin,ChIJL1i3hEZtZ0gRkFyb37FFG2w
Pc Recovery Tow truck service,ChIJKwsJbb8NZ0gR73fgjWUZ8t4
ToyBox Tuam,ChIJR8-2_pY7WkgRsy8g_fVOI3A
Toy Corner,ChIJHSvjtDS_W0gRTUnYJZFml6U
ToyHampers,ChIJVWDSvampZ0gRQo1o1rYDrsw
Toyland Cash & Carry Limited,ChIJT37MzabOYEgRV3L_M6EA63s
Toymaster,ChIJSbsN8w1tQ0gRKR2kYXTy2iU
Toymaster,ChIJGdQM2Yk3WUgRb9dZncxNZ-o
Edward White Models & Scenery,ChIJ4c4ULEihQkgRCnaZ6b6Bl5Y
Toyota Charging Station,ChIJjyl_U2TEQkgRjUIgBhTFxJ8
TOYOTA Charging Station,ChIJr_kMTkzmZ0gRZ1bwKRZD6PY
Yuko Car Rental Carlow,ChIJ1VRC4QpdXUgRWlsYxMJB4Bs
Toyota Liffey Valley,ChIJmdfM9tlyZ0gR6n1YS8eSArI
Toyota Long Mile,ChIJrY1DHdEIZ0gRxy3ibXpnzuQ
Toyota,ChIJCbJh9gwSZ0gRsq3FqE_473Q
Toyota Naas,ChIJMzMNkOl4Z0gRm7gVC38a8LU
Toyota Charge Point,ChIJKXi7ugkJZ0gRNBzcI8RidiQ
T.A.G Toys And Gaming Café,ChIJFX02tg6VX0gRju031ce4r8Q
Toys at Foys - Toy Store,ChIJ1xiW73W5X0gRH8QlVpUSd9c
McGreevys Toys Direct,ChIJFZmB-KJkWUgRNw6EzxTcTks
Toy Soldier Factory - Prince August,ChIJ3_k3XUniREgRBYgJ8i0tSPU
Toytown Toys Ltd,ChIJHcLkJRfTXUgR5o1YXHcymsM
Tom Phillips & Associates - Planning Consultants,ChIJ_WhtK5gOZ0gRIQ9NdDiWbMo
Treasury Products and Investments,ChIJ-7FadXEPZ0gRC-bLJuyuXO8
TP Autos Dublin,ChIJsZx6P-oMZ0gRrPCS2HGZpLM
TPB Consultancy,ChIJGWSMclSWW0gRy4BdbQX1HqU
Trinity Presbyterian Church,ChIJ09NC5pCVX0gR5f4DEjMa6LA
TP Cleaning Services Cahir,ChIJvVX87wtLQ0gRWelVg7HJ-a8
Think Plan Do Consulting,ChIJt0vh7Z8LZ0gRuu4DgPupv1A
Total Planning & Design Solutions - Building Surveyor,ChIJqavKtpZ1XUgRioxSHJuXe3M
TP Gas Services,ChIJJwGYRZBcW0gRlMpyYFJaPZg
T P Glasheen & Company Chartered Accountants,ChIJl2xkcifEQkgR92QNHdArOqA
TPH Accountants,ChIJS74Am-ALZ0gRkKDnNKYAH6w
T & P Home Improvements,ChIJdZhawHC3QkgR7pn9z1nwR5g
The Printed Image,ChIJrc7Iwc9zZ0gRDyDCmzMbsow
TPlan Planning Consultants,ChIJtVBlb0-5REgRX-pJiKQ2NUA
The Pallet Network (Ireland),ChIJKxIGl44SZ0gRSbKIi5ig2dg
TP Orthodontics Ireland,ChIJd16XRQARZ0gRLuRu3pNlUEw
TP Publications,ChIJe0E39jWvZ0gRVB0GB0UsMyw
TP Robinson,ChIJ-RrZyJAOZ0gR6oTpJfwUmoU
Total Print Solutions,ChIJm7110ucNZ0gRyfcVkFNEaTQ
TPS Filtration Limited,ChIJv4unXMleW0gR7d5S3RjDeBo
TP Smith's Bar and Restaurant,ChIJOVgT-oIOZ0gRMTfS9wozvEc
Trinity Primary School Campus 2,ChIJF9CHiq33W0gRI8xXV1L0p34
Tipperary Plant and Tool Hire Limited,ChIJNQxxbjqRXEgRksGgwlX9DxI
Tp Veneer Ltd,ChIJvxUtAEYFZ0gRtubILUBILxg
T.P. Waters Mazda and SEAT,ChIJm8scttp4XUgRWNAFWF6__6s
Whelehan Group,ChIJdUSQf3MSZ0gRShwHdYu5rx8
Tpw Systems Ltd - Wastewater Treatment Experts,ChIJlTC7o78FaEgRzJ6lVwzyOmw
Tom Quinlan Electrical Engineering,ChIJ5eEwSZfcXEgRhwSrSMaaz4M
TQM,ChIJM2hhWZ4TZ0gRn67O51mniWE
TQS Integration,ChIJBy9BH6ZBQ0gRp-WZeL2oeCo
TRA Professional Services,ChIJweqFTooOZ0gRrZlJCdWBu2o
Trá.Beo Yoga and Therapy,ChIJVf0ImQPDQkgR7kDwD5cHbGc
Trabolgan Holiday Village - Family Holidays & School Tours In Cork,ChIJ1xoxL9FiQ0gRyGhBIUlJ7kw
TRAC,ChIJ4znRHQcJZ0gR3F2hOEIoVWw
TR Academy,ChIJnc3pbWsOZ0gR1VucgKbDWes
Trac Ltd,ChIJkf5wAyINZ0gRp6jJ9KOMAKU
Tracdata,ChIJNWlCt9SPREgR2dDtWQgn0iE
Howth Seafarers Memorial,ChIJU8xSXb0EZ0gRSkU0bjt8umw
Tracey Grimes Hair & Extensions,ChIJt37qe0bRWkgRyLzTxmie-aQ
Tracey O'Connor Photography,ChIJSc3sAyUaZ0gREgtFRLWgdLI
Tracey-Rennicks Memorials,ChIJBaPBMk1bZ0gRRKR2AxRca2Q
Tracey Scaffolding Limited,ChIJGRjlMOp0Z0gRDO-_EGwSTLo
Tracey Solicitors LLP,ChIJLWaBzIQOZ0gR0myQNGYQpRs
Tracie Nolan Solicitors,ChIJHTQcbeabREgRt3y9SKOn3KY
Track One Music Store,ChIJVciE_cqwZ0gRNdSqk1vzv4g
Sundrive Velodrome,ChIJGYxqNMcNZ0gRpGZ9nTt2ct0
Trackday Tyres,ChIJ9ScHtXdpZ0gRJV_tUjC2F9o
Track Dogs,ChIJB5n2p58IZ0gRVoUGkrJ9jwU
Trackerry,ChIJC0KQbAgJZ0gRojd2XfZQjCI
TrackNow,ChIJWxq8blGpXEgRJTNUbAKImuk
Trackplan Software Ltd,ChIJESAeH_dcW0gRl0q92vVAGtU
Trackside,ChIJDaFnjr9vQ0gRDAesQuXN5Fo
Tracksports Bookmakers,ChIJDXLwEtoVZ0gRQL0xyewp23o
Traco Power Solutions Ltd,ChIJqQ96FPebREgRVSGZQuknUK8
Tractamotors / Pitlane,ChIJE6eNWNX9XUgRtfuxZI9_seI
Tractamotors Agri,ChIJGUI4ZL8NXkgR6k0r_4swEkE
Tractamotors Blanchardstown Ltd,ChIJvempvFANZ0gRW_tGQ_tmYAk
Tractamotors Tyres Ltd,ChIJEWSyi4QSZ0gRLQBWWuxANeA
Traction Digital Marketing Agency,ChIJrwbrWyn0REgRovxGzEakmWk
Traction Marketing,ChIJ7QP5gsANZ0gR81Apy_vSQf8
Tracton Arts and Community Centre,ChIJdSVhvq2HREgRANIwKt_Ypuk
Tractor and Agri Parts,ChIJ02GhlVBVWUgRaX51YnApGKU
Dillon Tractor Dismantlers,ChIJs4R1zm3pX0gRCv41NfkMtK8
Fingal Tractor Hire,ChIJaxt_mLcZZ0gR0OnwucbXGiU
CLIFFORDS TRACTOR PARTS,ChIJtaOtFpczRUgRuQmJ9aBGnGk
Tractor Parts Ireland,ChIJUxjLMmvDXkgR29GVu0ajBpE
DAN CONNOLLY TRACTORS AND PLANT LTD,ChIJE3QvYyelRUgRMkfgyWg9Ctw
Shorten Garage LTD,ChIJE8GIdzD5REgRQzNYP0mBJrU
Paddy Lacey Tractors,ChIJW40IMRH9Z0gRscKBNYoKxeI
Tractor Trans,ChIJKWAbyVBVWUgRvLjr3MhYsYc
Tracworx,ChIJbbGpU8JdW0gREm1acec1yNk
Tracy at The Studio,ChIJXSMGEI6fXEgR7zkg6XYO1L4
Tracy Bridal & Evening Wear,ChIJK1E0vcGWW0gRm_F1FJFbQ0E
Tracy Elliott Interiors,ChIJ2160Fm0PZ0gR6R2sINOM_uU
Tracy Horan & Company Solicitors,ChIJ453tkzYMZ0gRN-67a5cqVNw
Tracy Scorr Interior Design,ChIJF-4TzIMdXkgRKtacypQ-bgE
Tradaree Transport Limited,ChIJnX-JXnlqW0gRDViFqm_uBkw
Traditional Craft Limited,ChIJO4nB_NQOZ0gRwAx8xVAuZ1s
TradeBid,ChIJlSQ2gDQPZ0gRunJwdsiFMA8
Trade-Electric Limerick,ChIJvYruK29cW0gR7hhkXVkcInw
TradePoint,ChIJbaRGLfgQZ0gR5JYRjUxZrE4
Trade Tractors,ChIJSepRA6aqYEgR5zrwQAMqfyU
Merry’s Garage Fiddown,ChIJS65KbwDRQkgR5WHH6ZWZ0PM
Used Car Sales in Limerick,0x4867090f2aa2366f:0x28a7658dd4af83d7
Trade Cars Ireland,ChIJ_aewiYMZZ0gRbL-f6oEc6N8
TRADE Coffee,ChIJqfHatOnHQkgRbu8RM896QRg
Trade Connection,ChIJmQyKLMkRZ0gR2FaOPX_myhc
Trade Construction Chemicals Ltd,ChIJf-1fuU2FREgRoH4hfAYMjU0
Tradecraft Building Products Ltd,ChIJ1bOWYCqAZ0gRPVEc-bg0yW8
www.tradedelights.ie,ChIJfwhmvFcVZ0gRSMtgLp5oT_M
Trade Digital Print (Ireland),ChIJme04UZYOZ0gR4tvxXSIlI8w
Trade Finder Direct,ChIJhURS761zZ0gRjoetqpFp4Mw
Tradeforus Limited,ChIJb4JTp3p5Z0gRSONMs5V2j0M
Trade Genetics,ChIJxZTlvAHFXEgRtKK4MoZdbL0
Trade Hinges,ChIJ-VaA6tKVXUgR2XjJKE__tA4
Trade Hire Ireland,ChIJV5ZEVjZ1Z0gR4kn2mzEKLK8
Tradehouse Central,ChIJrdtjVQ2SREgR6dwDAkeGwoM
Tradehouses,ChIJy7VI3YYOZ0gRW93sm1zPm4U
DPM Window & Door Repairs,ChIJdYOmFFZ5XEgR467R2LD0Cwo
Trade Kitchens Robes Direct,ChIJaQGKnf51Z0gRVzBG_aJO3r8
Tradelinks,ChIJ4Smur1JzZ0gR1CMetdHsvyI
TrademarkNow Ireland,ChIJcTmIDQs6XUgR6-J4qYY2F6E
Trademarque,ChIJc9s3B3yXW0gRemDeYeCVMEg
TradeMateCRM,ChIJI1M0xLjBXUgRhmaUqQrwxe8
Trade Motors,ChIJA_cNMOIRZ0gRIkZXV7_9zdc
Trade Mouldings Dist Ltd,ChIJ3yZreMAMZ0gR2WNtkhlbEP4
Trade Print Hub,ChIJsbjqlld1Z0gRKeazxrZyQgE
TradePrintingUK Dublin Office,ChIJu5eOYNwPZ0gR3FzwUVcuVIQ
TraderCast,ChIJowURa4o5Z0gR-_g6lnp68r8
TraderEvolution Global,ChIJUfSVRFwJZ0gRtgS6JbZI5vw
The Traders Bar & Lounge,ChIJF88LKGILZ0gRGMJSofk-YOM
TraderScout Technologies Ltd,ChIJXzvDVOwPZ0gRPK1BeTWc3dM
Trade Safety Ltd,ChIJb7o6NYWxXUgRs6oAIkvvFT4
Trades and Labour,ChIJly2zKJISZ0gR-Xm4fUJs1rQ
Tradesman,ChIJ6c-EJsIMZ0gRkVBJYC2_yy4
Trades United,ChIJ_RkGhZvGQkgR0Bzwrmt1FEA
Tradesupply,ChIJNf2cCQR0Z0gR8zchVk-gs5E
Trade Value Pitstop | Car Van Clutch Repair Service Dublin,ChIJgycDTZoMZ0gRXAQRgeQB984
Trade Wall Street Signals,ChIJly05rOwOZ0gR7TZUKi_joxM
TradeWay Ireland,ChIJff_cMr8MZ0gRwjmH-qX3kpA
Tradeway Import and Export Ltd,ChIJMXDjIr8MZ0gRXXCJuEy40yQ
Trade Windows and Doors,ChIJQwV9y9ERZ0gRz0fuX-HcYaM
Tradewinds,ChIJE2WgKUUbaEgRWJIU54p4LyA
Trade Wise Retro Online Video Game and Toy Store,ChIJX6qfQwubREgRXK-iUscjupI
TradeWorkz Homes,ChIJdXatIqePREgR10x68qFwNA0
TradFest Temple Bar,ChIJ51jtC4QPZ0gRRsE4woe6luQ
Trading Faces Stage School & Casting Agency,ChIJv0xMOCSWW0gRWiVNM4ZbFU8
Trading Places,ChIJVVVVVRqQREgRU3VWu7vmmS8
Traditional Boat Charters,ChIJsX9rEZrGQkgR2jQdQd8U3AQ
Traditional Cheese Co Ltd,ChIJJVFsE7EMZ0gRcYbOTetjmko
Traditional Chinese Medicine,ChIJG3cZgmAaZ0gRsfbIP_bdA08
Traditional Hardwoods,ChIJI-SjBCEGZ0gRk3wT_Fu2-6s
Traditional ice cream van,ChIJa6-MSy4NZ0gR_e6CEiFMDDM
Traditional Irish Music School,ChIJq9cNw9j0XkgRyuQN72-3_Fo
Traditional Irish Stone Cottage,ChIJ72xmRSuBW0gRrJQH2vTvPls
Traditional Kenpo Coolock,ChIJqRK31doPZ0gRQgbTRrCTamM
M&M Meats Processing Plant And Abattoir,ChIJGcOnZVmrYEgR9BCogU1v2gM
Traditional Stained Glass - Studio,ChIJkyKPhbhhXUgR4doBIV2aZ60
Traditional Therapies Acupuncture Clinic,ChIJaUk54Lp4Z0gRpzmK-_fo4uk
Trad Nua,ChIJwyc5QZQOZ0gR1Ednwa08n4w
Trad on the Prom,ChIJoT7WPrOXW0gRHLCn9Wbz-I4
traduction,chijgtqtodhbw0gr0ulrdoirbx4
Tankardstown Studios,ChIJMzXVBuZrZ0gRTMS_vSSxuXo
Traffic Media,ChIJhf10INkOZ0gRJ9k6-RsWDZI
Traffico,ChIJM6R6894PZ0gRlqXtYi3bnEE
Traffic Plans LTD,ChIJ-0PqVpwNZ0gRGDUSjWged04
Traffic Solutions Limited,ChIJf6LE3hVwZ0gRGDeHc1tahqU
Traffic Tech,ChIJ0_kIeipBW0gRh197QQ-nrnI
Trafficwise - Traffic & Transport Solutions,ChIJAVd892htZ0gRsQJECQLae18
Trag Ltd.,ChIJY6jnR8elRUgRofA1_KzmCrI
Trá Coffee Roasters,ChIJI0J0ArTDQkgRu37RkrUJjRE
TrailBikeBody MTB Coaching,ChIJT5F43-wBaEgRTU5-L4Ct6vw
Trailblazers,ChIJlatJSrWFXkgRCixGwncXBos
Trailblaze Safety Limited,ChIJVzR3n2WtYEgRQbk_VNHpc2M
Trailco,ChIJcyj1oDdzZ0gRA9gEG5hvNw0
Trailer Parts Ireland,ChIJh3rZPvTmX0gR_ZsEpUBC6Ww
Trailer Parts Ireland,0x48681d2527418e45:0x8b8a98ece6b86e82
Trailerspares,ChIJSUnsYj-1WkgRg_w6DV_YTsE
Trailerstuff - #1 in Ireland for Trailer Parts,ChIJB7wuY0UaX0gR68wp0oAyFOE
Trailfinders Cork,ChIJTYIHahCQREgRjBJA5Jo-AyQ
Trailflow Biking Adventures,ChIJlySykOZFRUgRF0XB6J9-zLo
Trail Kids Mullaghreelan,ChIJKTuM3EVlXUgRuiSU0T841AM
Castlemorris Woods,ChIJp12rHlfNQkgRvcKeJCxX-bE
Ballyhoura Trailriders,ChIJr1uvPCKsREgR3S3c6d9ZFVw
Trailtalk,ChIJFZ45l_g7RUgRZGrqpoZzi8Y
Trailwalkers Ireland Ltd,ChIJm7MY0xALZ0gRXlfhEBbpl1M
Trained by Roxann,ChIJLyhl0gYRZ0gRCfDe3NPHxd4
TrainedIn,ChIJW2rz0_Z1Z0gRjdduygpdCP4
Traineeland,ChIJzc-KPoQOZ0gROdwVSARYIAk
Barry Hennessy Fitness,ChIJb5cI8dtPW0gR8Zt3vhWAO34
Trainify,ChIJKc7ovy7LXEgRpSoKUKRtQK4
training4safety,ChIJPRyUDiroXkgRpkZaNSZ-uvo
Training For Success,ChIJy60SaIPBQkgRy4t6H747YFY
Partners,0x48670c785d3298b1:0x5f3d05f453924f7b
TRAINING VISION IRELAND,ChIJL2YUA9WRREgRJbntYedKxic
Train Limerick Gym,ChIJfaMSx-RdW0gRMy5nLfSrqm0
Train Gyms | Nenagh & Limerick,ChIJtSrHeAGRXEgR-rUCMz5zkho
Train Station Gym,ChIJGzKNdzpjQ0gRekuQ6ySlBZc
Train with Scott,ChIJjyEnNSIGZ0gRasLeoe7Nsg4
trainwithshikhar,ChIJt3Oe9i8JZ0gRIju4TKEtO04
Happy Dog Days,ChIJx-wrb-0LZ0gRCJwe96xcvGY
Tralee Educate Together NS,ChIJR3I67j81RUgRmYVEkuDh2g4
Tralee Races - Ballybeggan Racecourse,ChIJIROqaho1RUgRICgDyRpuzps
Kellihers Hardware (Tralee) Limited,ChIJqSrrpHw1RUgR4-FQuFdh798
Tralee Seventh-Day Adventist Church,ChIJmzQPHjs1RUgRLYV9jkmhUak
Tralee Baptist Church,ChIJ--wYfD81RUgRh-bj4vliqFY
Tralee Bay Experience Fenit,ChIJm0REhxVNRUgRjtYAF4-hshU
Tralee Bay Maritime Centre,ChIJm2uta8dMRUgRIIpLVHdnxt0
Tralee Oyster Fisheries Society Ltd,ChIJpckN3StNRUgRC7XLPpVpwQg
Tralee Bay Sailing Club,ChIJizzg7FuzWkgRzB49dgXhNQg
Tralee Bay Wetlands,ChIJWTyCH4BKRUgRHHyUH1UG3QA
Tralee Manor West Bicycle Club,ChIJJepdQp81RUgRV_v3O7VRdlo
Tralee Bible Fellowship,ChIJJwZ3mm41RUgRScRHVfiDmhM
Tralee Bike Rental,ChIJF_pUQog1RUgRuL_oVcG4KqY
Tralee Boarding Kennels,ChIJNy2ypcxLRUgRyqqzN24ppfE
Vitality Chiropractic,ChIJKc4JH581RUgRW5ljJ6rHLyk
Tralee Community Training Centre,ChIJO5PcRF01RUgRlSeLd1qnQ-U
Church of Ireland Kilgobbin,ChIJhawq15FNRUgRep8DqPbL05w
John Carroll Driving School,ChIJ3XcuYNlLRUgRgCTmnVWUFKc
Tralee Equestrian Centre,ChIJ0TOxSEZKRUgRvyk7uXmEJwY
tralee Food Festival,ChIJ-zLOEWg1RUgRHhqnD9ae4S8
Tralee Golf Club,ChIJ7TscVxq1WkgRnftPY6hruDA
Tralee Gymnastics Club,ChIJSWVSAX5KRUgRiQc8qGOb9Hc
Tralee Instant Print,chijt2z1z3o1rugr-vwvkzvffvs
Tralee Medical Centre,0x484535660f570925:0xa6e610fdda78b66e
Tralee Gas,0x4845357cf0adb001:0xf41ae8c3c1377f65
Tralee Parnells Hurling & Camogie Club,ChIJZbnEhgNLRUgR9yM4aJJhAhk
Tralee Physiotherapy Clinic,ChIJaf7G_xQ1RUgRCR9vnPYGXm0
Tralee Pitch & Putt Club,ChIJhTg8oD81RUgRjYJ8Y422WVk
Tralee Pottery Club,ChIJt-l53LtLRUgROjMUOQSfSZU
Tralee Printing Works,ChIJeVY4QF01RUgR0nr2Dq_DU1U
Tralee Rowing Club,ChIJrTJenYFKRUgR_oLi9JyP3OY
Tralee Rugby Football Club,ChIJQepRxoA1RUgR7jWsgWGKs8o
Tralee Sion Lodge,ChIJeVDQaHM1RUgRx5pQoHKOkgg
Tralee Regional Sports & Leisure Centre,ChIJu8Vs1m81RUgR1y34ATj0GbE
Tralee Sports Complex,ChIJ7b43EXI1RUgRpGAVTxSodPY
Tralee Stone & Patio Centre,ChIJ-fbYZXA1RUgRvfWGTzgobHo
Tralee Tennis Club,ChIJCVhg3341RUgRhXQNxcbOwRs
Tralee Marina,ChIJn7NmiIFKRUgRBM_f8pFEVU4
Tralee Tyre Depot,ChIJu7mE6RE1RUgR56MvUU1joBc
Tralee Upholstery,ChIJ0T0Abl01RUgRmEzPt1iqkgM
Tramex Moisture Meters,ChIJIZVjkD6mZ0gRnf2jVkjjWlg
TRAMLINE,ChIJUVXXMYUOZ0gRfPhrymg-JoI
Trammon flowers,ChIJ_xm9I29hZ0gR_osNsHZQbzs
The Metal Man,ChIJSyPZJRnoQkgRg9AXELV6r-8
Tramore AFC,ChIJsTqibFzCQkgRWNt4q26Yq5k
Tramore Beach Caravan and Camping Park,ChIJdYrU8kATX0gR5D0nvwa6qtE
Tramore Camogie Club,ChIJN57Qbl7CQkgRH5LkIjFeGXc
Tramore Chartered Physiotherapy,ChIJyQZIzNTDQkgRCf2CkQphJ5w
Tramore Dental Practice,ChIJ-bMZeonCQkgRFfCIM74Q-CQ
Tramore Educate Together N.S.,ChIJiW12-orCQkgR95gmSQAxLH4
Tramore Furniture (The House of Gordon),ChIJcZU56YvCQkgR5JkTj8JYJJM
Tramore Golf Club,ChIJ9U6KL4rCQkgR0MvztNnil_E
Tramore Learners Centre,ChIJ8yIy4KHDQkgR7Hbh78ZSODM
Tramore Medical Clinic,ChIJqyzqppLCQkgRF7GlWUpZ-uA
Holy Cross Catholic Church,ChIJT9mcWIzCQkgRArIU9mbfrCk
Waterford & Tramore Racecourse,ChIJSZY9U1_CQkgRJxxVEcNFlmI
Cork College of FET - Tramore Road Campus,ChIJ23r2Bt2PREgRN1AsGfZV9Ls
Tramore Surf Shop,ChIJB4AAlmPCQkgRUJwBmTcQp0U
Tramore Tennis Club,ChIJmXCru4_CQkgRlyorLBilX84
Tramore Thai Massage,ChIJJcBdUlXDQkgRv9Zcqvxaf3s
Tramore Valley Park,ChIJiynFjPqPREgR1BdrCsuEWrA
Trampoline Shop Cork - BERG,ChIJ7RyYC9-RREgRy9AAaD1k1hQ
Trampolines Ireland - Climbing Frames & Go Karts Dublin,ChIJPYN2vsUPZ0gRKdK61zJmf8s
Tramway Court,ChIJ4apMc0sLZ0gR-qq-VjR3s5w
Tramway Locks & Lighting,ChIJ-_LlO0WFREgRFbju3EQ4rW4
Tramyard Motors Dún Laoghaire,ChIJcz-yskwGZ0gRBw8CQj_BAQc
Tranaun House,ChIJt1R2V3-JWUgRHFXYjU0sUks
Trane Rental Services Ireland,ChIJuTt5ObANZ0gRA48JVNSxaZs
Trane Ireland Limited,ChIJcUEU-rMMZ0gRZ_DgZeMkdSI
Tranquil,ChIJmxk0LQRJXEgRKYMwUjenqko
Tranquil Heaven,ChIJh2avjYsIZ0gR7v25TxW6LXs
Tranquility Health & Beauty Clinic,ChIJR_WiSDA6Z0gRMyDpm_Ym3_c
Tranquility by Anne,ChIJn2NLkkCVZ0gR80bEvpOsWyg
Tranquility Health,0x485cc4c02f38a5f5:0x3d3a02bb7252d98f
Tranquility Houses Carlingford,ChIJ4cAiw8rXYEgROXkNn2UzOmw
Tranquility Sweet Pea Cottage,ChIJN7Y_GoTaYEgR__7HUTKXXnE
Tranquility Medi Clinic,ChIJ8xwREGvFXEgRJFzNW36cJlY
Reflex @Tranquil-Lane / Reflexology / Holistic / Treatments/Aromatherapist,ChIJo4Usp4hvXkgRdmJjNI3Nl6I
Tranquillity Leisure & Spa,ChIJAVrVdxeJW0gROEHHdOkyn9I
Cosán Ciúin,ChIJ5ZooZfTyXkgRDpLhX1q2IvU
Tranquil View,ChIJ95SRojM3Z0gRRkvNcxPzpV0
Transtock distribution Kilkenny,ChIJ35OrcJTGQkgRrrdJIuy4Io4
Transact Campus Inc,ChIJK4cqWgldW0gRWJfA-SEscGU
Transact Technology Solutions Ltd,ChIJfUVoo1wPZ0gR2KsYj-IG35E
TransCare Logistics Limited,ChIJA2DQ1_ISZ0gRs7Zq8nFVQF8
TRANS CARPATIA DUBLIN,ChIJvfWZLMMTZ0gRI7D1QY5AwLY
TranscenDance Arts,ChIJOzb3H2O9XkgRZ1VRgXkzuNU
Transcribe Limited,ChIJIcsIWvmbW0gR2I7-GMC9-K0
Legal E Transcript,ChIJN3HiGtEVZ0gRBzcWnzTH2xE
The Transcription Shop,ChIJe7Q5QwcRZ0gRsqSBdZCa2Ac
Transeco Delivery Solutions,ChIJdf587nYMZ0gR9MKG7hE2Xuw
Transend Logistics,ChIJJy2MU5MQZ0gRxRwKqmZPyOk
Transferendum,ChIJWb9lpLDBDaURHvP-uBhLTBI
Transfer Gecko,ChIJEcTdPSmvZ0gRwuAgZ0PoKjo
TransferMate Global Payments Kilkenny,ChIJg28n1L4wXUgRWpqYA_o9SGI
Transferme.ie,ChIJQ3VT4UtBZ0gRZqRsG_0KT38
Transfers Ireland Minibus Hire,ChIJR4riZf4RZ0gRqgiooEKYhk8
Transformative Recovery College,ChIJ8f1kQ1XBXUgR0expBMvimVU
Transformational Coaching and Training Ltd,ChIJiUGCfe-pXUgRYZkm46aEY-k
Transformative,ChIJUU0DULOwZ0gRr7hKBOmVQBc
Transformative Pathways,ChIJt0M6O0cPZ0gRQrWkogiA9HA
Transform CBT,ChIJ0VR0x9oZQ0gRheX1g0cTLEk
Transform Fitness,ChIJtQ-zfl1bZ0gRhIfq9yOpohw
Transform Ireland,ChIJt_8qZDGpYEgRbqmZGe1-xHw
Transform with Jenny,ChIJz2XQeecxXUgRZguaemvzjWQ
Transgero Ltd.,chijy6pqoj9ew0grckuqfz4rhrg
Trans Globe Shipping Ltd,ChIJRSFQd8p0Z0gR4Fblzw7buyM
Transilient Coaching Limited,ChIJpeljxcJWREgRSsWuHaxauQo
Transinc business group,ChIJw9GKPoQOZ0gRSNFy6mNALrk
Transit.ie,chij2wsnvpeoz0grjatobwi82jm
TransIT,ChIJnzbZIgAZZ0gRdRC8BAMRCbo
Transitions Optical Limited,ChIJnQhRCsb2W0gRScqagg2RXuc
Transit Parts,ChIJWbNvKX9JXEgR-oY2IZx9I_w
Transkon Logistics,ChIJWcwnj5McaEgRPhcepxX-vxQ
Transland Group,ChIJy50b5JkSZ0gRZlIt_ZASym4
TranslateMyCert,ChIJQ8Cj5AgJZ0gRWO5rBi1z4kc
Accord Translations,ChIJOUeOzdIVZ0gR2PV3ksCZ6nA
translation.ie,ChIJq9gF2C0MZ0gRtKUHJqpycRk
TranslationLoft,ChIJ__9vDt6RREgRQ_oi9o6Mxu4
Translation Simplified,ChIJe2-ER-UNZ0gRO5OQ9bkzYBA
Virtualelingua Limited,ChIJ10ch9NyRREgRBRvSp-DD3AY
Translatis,ChIJoRWY08YIZ0gRQGWjTVyXkvg
TRANSLIT,ChIJKUH5h2RcW0gRS1w6HQqTGgk
TRANSLIT - Instant Translation,ChIJsRK7JIQOZ0gRH_4oSY1uPwg
Translogic Limited,ChIJ7aijoTIMZ0gR7Hs6uSsksqs
Eire Film Facilities,ChIJZfFx-oIBXEgRT8CN-zfU-Nk
TransMc Logistics,ChIJe_acDYKXXUgRYcnIPKAJUn8
Transmec UK Ltd.,ChIJjwUMmI4SZ0gRPzs97sLT-hk
TRANSMIT SOLUTIONS,ChIJ-U9WKI4OZ0gRzU1XtYDsJ_k
Transparency International Ireland,ChIJ9yE4iIQOZ0gRh7jUWsQ8roI
Transparentpixels,ChIJdaCwkP6A_EIRHLWZ-zvnkJk
Transpart Ireland Ltd,ChIJH42U9ZCaREgR1sqr0fTX12k
Transpec Truck and Trailer Parts Limerick Branch,ChIJhTtRYAhcW0gRVqrubC0crgE
TransPerfect,ChIJmaF4mJ8OZ0gRwpp8wFcSikU
Transpoco Telematics,ChIJr_JZE4oQZ0gRNAB_WdZa9RM
Transport & Mobility Consultants,ChIJAbQNQcK_Z0gRfAcao_uuBqs
Geaney Transport,ChIJB2WmQ3-QREgRfC63rxn5AfE
The Transport Club,ChIJ_TCnfBMMZ0gRDqbnd2rvFrY
Transportinfo Ltd,ChIJKXz_j0DKXEgRHqbLpHYd9uw
A&T Transport,ChIJyUNt7bgRZ0gRyQEk4WrPuvo
Transport Express,ChIJ2zyZ6gZ0Z0gRmJVCufJOUS0
Dublin Transportation Office,ChIJ02Y3koUOZ0gRWCU3zX2UDbI
Transport Insights,ChIJIwJgk5cOZ0gRHMIkSG66cYI
Transport Matters Ltd,ChIJ07tFM9gIZ0gRyADHXx5j80o
TRANSPORT Poland,ChIJlX_MJN9_Z0gRhPEmUuBmsvs
Lenehan Transport to Italy,ChIJu7QGLpoJZ0gR9sobTLmxRac
Transton Logistics,ChIJgalOVtYUZ0gRLF_2D791Gzo
Fleet Solutions,chijy3ppwtdzz0grbvjj5vu6ggc
Transzone Ltd,ChIJfwbPglwCXEgR0UH8Yd83tvI
Trant's Pharmacy,ChIJDW16WarRWkgRI9Q9UlW4rMw
Tranzaura Ltd,ChIJI4lFxwZcW0gR8TJ1m8FGekA
TranzIberia Express,ChIJ00n6F7lFXUgRHsfzTg8p8oc
Traptec,ChIJt2xKDF8LZ0gRqAteOe9r9xg
T.R.A.S. Auto Service,ChIJAzTqmbSWW0gR0aIqBzhdsrg
Polski Psycholog i Terapeuta Irlandia Wicklow,ChIJEcTdPSmvZ0gRnkizzrmjGq0
TrashTalk,ChIJSyF48TSlQkgR0xzle8Jt1nA
Sean Phobal Engineering,ChIJ59PX-u0RQ0gRcgEVcAEOfgQ
The Trauma Clinic,ChIJ21GJyoQNZ0gRmLXXmDLzVAY
Trauma-Informed Business Growth,ChIJk7chsAIZQ0gRMD-54FcXItE
TravAct,ChIJj860syAQZ0gRJAUwa9AJnEg
Travalue.ie,ChIJreW4wUxbZ0gRRguW0A3ZVF4
Travaplan,ChIJLzKNsJoNZ0gRzPn6xXMiUvo
Travara Lodge,ChIJ-1uqDbVeREgRiv8hb6ln_Ew
Travatek Logistics,ChIJlUIcDnANXUgRWQotHMgu7xs
Trave,ChIJLWpNYNoPXkgRae_QWZoncMw
Travel Advisors,ChIJyZQnAxBrZ0gRi7ktXfq2j6w
Travel Anywhere LTD,ChIJ0zuDuzKbREgRpCTc6BQWClo
Travel Awaken,ChIJ3bUXWs6JXkgRs7pvCi_LJ6Y
Cruise Broker,ChIJm7d4XqcPZ0gROmbuUKoWFVw
Travel Centres,ChIJuQ2FfRrAQkgR9RsNyikp7jA
Travel Cheaper,ChIJryoSeRCQREgRdvewh6PdiIg
Karen Pugh - Travel Counsellor,chij-y2s118nz0grybrahkuhhow
Travel Department HQ,ChIJAzYKmpMOZ0gRZY3YtB2lGHQ
Travel Donegal,ChIJp_zlFAGVX0gRWKj3aoSZh5o
Travel Escapes,ChIJf4NebTYIZ0gRBgEudbffNQg
Travelfinders,ChIJRZ6DGHgOZ0gR7GF_2lN2dJ8
Travel Focus,ChIJW8q3zQWQREgRDzj7C-sfECg
Travel Health Clinic,ChIJ2eYXsJsOZ0gR2EgMHQJ5wnk
TravelHub,ChIJibdwE4EOZ0gRtzMtqL27A_c
Travel Ireland Tours,ChIJ8dKS9JiaREgR-gdBV2d0NZI
Meath Travellers Workshop,ChIJ-4IhtU1bZ0gRuQn3c3DVfAA
Travelling Ireland Viaggiare in Irlanda,ChIJoaAUoVwPZ0gRt4c-jEc5Dsw
Travelling Languages,ChIJlX8sv5AOZ0gR8Hp2VxutASU
Travelmaster Bus & Coach Buncrana,ChIJlfl8wWn9X0gRsN1lLFzxVUQ
TravelMedia.ie,ChIJg2jZ5pwOZ0gRhwD0d0PZmpo
Barter's Travelnet,ChIJa2eBPxCQREgRMNMmCG5IeHo
Travelodge Dublin City Centre,ChIJd2becaMPZ0gRrKKrTthFTsI
Travelodge Dublin Phoenix Park,ChIJ05hlMngIZ0gR2flHADilBDs
Travelomona,ChIJJU1xY_oJZ0gR2cxSO6pvlZA
Travel A to Z,ChIJSfxHBww7Z0gRxVXmTCq-mZ8
Travel Paths,ChIJZ2FOWk77XUgRC2wTIivDs00
Mediate Travel,ChIJW4XZi_tjZ0gRakbeYALYZSw
Travel Tips Ireland,ChIJJ-GSA4wOZ0gRsUsuyr0HBVo
Travel to Group,ChIJOwyI3SkQZ0gRLs_5JrchkqQ
Traveltrust,ChIJbZNwfkIPZ0gR6-UYNarX-qc
Travelwin Group,ChIJ5cKS_ncJZ0gRvYs7vmAvWzE
Travere Therapeutics Ireland Limited,ChIJvyiJgfcPZ0gRdh-UYzCbqBY
Travers & Co Insurances Ltd,ChIJ0yL5H-PDZ0gRXHXTGqCRPvI
Travers Photography,ChIJBfOw8BgMZ0gR_IFk4PtE3Js
Travers Protective Coatings Ltd.,ChIJufbT_YJdXUgRnbr2fV6nufw
Travis Krumholcha photography,ChIJN_WoELPLXEgRok4dS2TWe24
Trax Music Store,ChIJQdf_JWcbaEgRkkyICl-kruw
TRAX,ChIJvVleIYalXUgR7rRUNVyl0qo
Trayers & Company Solicitors,ChIJv63Hny8MZ0gRoLWymPk_QvA
Philip Traynor,ChIJLWj_yvkxQ0gRMWWCFH3BbAE
Traynor Environmental Ltd,ChIJSWajBkwTXkgRLInaF44Vio8
Traynor's Garage Ballygar,ChIJMZbqnXkNXEgRytbilzby1Ek
TRB Associates,ChIJvd2LjpIOZ0gRSL4KRVej6xI
TRC Solutions,ChIJZVIUuVoJZ0gRkMLF5I1UA5k
Tipperary Rape Crisis Centre & Counselling Centre,ChIJCfdOm-QxQ0gRfz8y_464SWo
Treacon Carpentry & Building Services LTD,ChIJbTvxsed5XEgRS37RNNd0CVI
Albany Home Decor (Treacy Decor),ChIJ99AB9lU7XEgRhnStUqZBfII
Treacy Fuels,ChIJRTjA9VXWQkgRDdL4SsaRx7k
Treacy Roofing,ChIJU1ZJvG9bW0gRvvP5Tweqn-g
Treacy's Pub and Restaurant,ChIJLSKMA7QMXUgRkq2icijDlv4
Treacy's Auto Centre,ChIJdXBx-nMMZ0gR3gKuL7UUZIU
Treacys Carpets & Furniture,ChIJoSPg-pU2XUgR7nSHHj5w30M
Treacy & Sheehan Animal Health Care,ChIJm29maKrRWkgRgAubw3ndiCc
Treacy's Homevalue,ChIJwf0L2lY0XUgRykey1xdLfZI
Chang Thai Restaurant @ Treacys Hotel,ChIJv3pkiosAaEgRi-ECdjZgQ2U
Treacys Hotel Monaghan,ChIJ_Rk9ryKyYEgRcAJWJ-mZSdc
Treacys Hotel Waterford,ChIJpYr--yfEQkgRvduup81xFrY
Treacys Oakwood Hotel,ChIJrcbVP9ZBW0gRDUf-ksPirdo
Treacy's Pharmacy/Picture Of Health,ChIJJZRrgEHnW0gR-fprpAu0Tsw
Treacy's Pharmacy Westport,ChIJNwiM96NkWUgRDIoYGlFZD9c
The T Room,ChIJ52Md7CoTW0gRar0VCy957Ig
Treacy Tyres (Portuma),ChIJi4OONA2KXEgR_THU45AeZoU
Treadsafe Distributors Ltd.,ChIJq-yjI5QNZ0gRelM22Nmj2eU
Treanor Alarms,ChIJ7ewpQnqfYEgRAIprciL3W4A
Treasure Entertainment,ChIJJQU4IiAMZ0gR4grBmBvKSdg
Treasure Bowl,ChIJH0q4Av4jZ0gRf8KD5y5Hmv4
Treasure Chest,ChIJg6aMaOWWW0gRW6G9-zcZtvM
Treasure Chest Dublin,ChIJ59qLzcAIZ0gR3Z6jTpXWPV0
Treasure chest Play Therapy,ChIJLyI_la3vXUgR5jIFJdF6Bl4
Treasured Toys | Curating lifetimes of play!,ChIJRS8jWNF9XUgRhZOVGhriuOU
Treasure Island Coill Tire,ChIJCynxQrqRW0gRJB4qtfpJgs8
IACT,ChIJpXszeFpyZ0gR-8ePLWUnWmY
Treasures,ChIJG7aACwRJXEgRFpJEtE9iRGg
Treasures Island Pre school,ChIJ_WFrKaZJXEgRBUv42roWbzA
marketxpand,ChIJA3LH_V4NZ0gRmW3qOYQt-Ko
Treasure Traders,ChIJSabE0Z8OZ0gRDIfec9tW478
Treasure Trove (Antiques),ChIJG_NX0egEaEgRZzCBPlEXgvk
Treasury Solutions Limited,ChIJGVka0_-EREgREs2OnCWBwIA
Treat.ie,ChIJE0lk6vgPZ0gRe0qzmtd8fJs
Treat Box Patisserie,ChIJjeL_-xylXUgRh40zbxdCIcA
Treat Café Claregalway,ChIJo3M2e0GSW0gRxQ_jdMSBGpw
Treatex Ireland,ChIJkR0gbZMbaEgRPjukIHbgLTA
The Treatment Room,ChIJgxMvMx5wZ0gRiuOM55TNMLw
Treats to You,ChIJN7aUIkevZ0gRfwDZDwnLXYc
Elysium Beauty Clinic,chijvwwuel90z0gru0o-yrzucso
Confessions Male Grooming,ChIJ7ULnLZsFZ0gREbaS8u4bgxo
Treaty City Brewery,ChIJBdjgHQxcW0gRx_IQsy-tgoc
Treaty Digital Designs,ChIJUZMYp75dW0gRb3a_l1F-JVE
Treaty Electric,ChIJc0VTsOMxQ0gRfddNM7wIGZk
Treaty Fencing,ChIJ38fOUKdbW0gRGzUSHwqsNKk
Treaty Fireplaces & Stoves,ChIJH0BrFmlcW0gReFBczbHvyZk
Treaty Grappling,ChIJQyk5AcNdW0gREVJrvpxWzqQ
Treaty Medical Centre,ChIJaU5lEvNcW0gRFrKPgcR2a0w
Treaty Plant & Tool Hire,ChIJ9664PnhcW0gRYMJRG96H1N0
Treaty Steel,ChIJg3RjwXVcW0gRvRJeNY87jVQ
Treaty Transport,ChIJCdoGRH_NPwcRGQAduA_m46I
Treaty United FC,ChIJFS7MwR5dW0gR0XkK6Ywf0zU
Treaty Workwear,ChIJn6JVBdddW0gRxzqT_BDvCCA
Tredstep Ireland - Equestrian Apparel,0x486709cf113558a1:0xb2a04b6e01dbad1e
Tredwell Electrical Ltd.,ChIJA7BTtTtbW0gRlwKi4r2U-6g
Treewise,ChIJHVMf83_MWkgRY4cwa5YCFkI
Tree4Change,ChIJHzmPm6IOZ0gRAmZBApsvlTE
Tree and Hedge Services,ChIJr-X9ezMPZ0gRP-nPYWxgZCc
TreeBark Store,ChIJx_cvJyy_W0gRaAygFU9FgQo
Tree Care Ireland,ChIJ03JANDtNXUgRlWaO0TpXggA
Ray Treecare & Training,ChIJSUBOxvCNZ0gRqVHueYS3gN0
Irish Tree Centre Company Limited,ChIJ0Zy35JioREgRezy3sx3zwc8
Tree Core,ChIJ_2ZQhmJlWUgRvXMseyAUcrY
Tree Council of Ireland,ChIJFXsBHO0LZ0gRcJCUR7NDGiw
Treecraft,0x4867055e46b82781:0x5a8c68dea04e3b47
Treehouse Childcare,ChIJS6ZgFGJtZ0gRIkjqtfpFlVI
Treehouse Flowers & Gifts,ChIJFdHKOc54XUgRWurVTqDSq9o
Treehouse Media Ltd,ChIJRdQRCwkJZ0gRmIpUmdsTvjQ
Treehouse Preschool & Montessori,ChIJkTr8C88JZ0gRpIQxc3afl_0
Treehouse Practice,ChIJKc3HUAkJZ0gRKU3Az-j-CPQ
Treehouse Republic,ChIJ5dWZ6JUOZ0gR6HmG8oZU7fo
treehouses.ie,ChIJUeZURTAJW0gRlgdCVLbVreg
Treeline Ltd,ChIJcaxfqcCAZ0gRjIODLcsk_x8
Tree Masters Donegal,ChIJrb5T4tnzX0gRJUC4v2bWlqA
Treemetrics Ltd,ChIJY4pivSuFREgRsz8sLN-DbXg
Tree of Life,0x48671a603c3fa8ff:0xf45cbe28d061abf3
Tree of Life Homeopathy,ChIJ_WFayZeDW0gRCSux8YkRbzU
NCBI Group,ChIJraj1m3kOZ0gR1-HNFf7Fdv4
Trees Company,ChIJY-Jbxg2VXEgRQYGPgji6GIo
Tree of Life,ChIJMyvoRYgPZ0gRWdde9qSFoGg
Tree Services Wicklow,ChIJMyregJ0koqURHJk3e3zIoQs
Kildare Tree & Landscaping Services,ChIJ26YKvd92XUgRgg05XefxLWo
TreeSpace,ChIJpbWQzLLlREgR2e0MgYFU-q4
Tree Stump Services,ChIJs3L32XQPZ0gR5g5H93q32I4
Tree Surgeons & Tree Removal - Pro Gardening - Limerick,ChIJ9YQDMlxbW0gRMVosqYHvZc0
Tree Surveys,ChIJ39luWb4OZ0gR3GdlV41yfXo
Treet & Green,chijnttbhb7myegrtdjpunjlsu4
Treetop Interiors,ChIJJ6guL0WRXEgRutXQwtCD-yI
Tree Tops Fertility Acupuncture,ChIJP3g0iakLZ0gRXlR2JgdKF44
Treetop Studio,ChIJY8LS65wOZ0gRy8bTZc6pIYs
Tree Top Surgery ltd,ChIJyz-yy-vFREgRIR5r-YOSll0
Tree to Tree,ChIJTS8oy92lYEgRkgx45sVezgw
Treeworks,ChIJ8SVdjWsNZ0gRhKMvjpY8yz0
TreeworX,ChIJj4gW3cpcZ0gRAOy4YRXQXzs
Tree Xperts,ChIJozDM7HpRLKgR-nzG3_T7GXs
Tregan Craft Centre,ChIJuduOEaSDREgRJaPsNl6RerY
Treharne Physiotherapy,ChIJwfzy3GQ9RUgR6ynIhcmMMk4
Trek and Paddle Donegal,ChIJDVZhD9V5X0gRt87AX_aMNLs
Trellix EMEA,ChIJdRW4AyyFREgRx6BrOTGFbRE
Tremendous Trees,ChIJD24lE-MJZ0gRcsDOLV4vL1Y
The Redeemed Evangelical Mission (TREM) House of Mercy,ChIJu5YUHMGWW0gRtA8fXMyEhHY
TREM (HOUSE OF GLORY) SLIGO,ChIJY9ySGjnoXkgR3PBUB9hU2to
Trench,ChIJn0yBfCkMZ0gRAN943_ACS_A
Trench Control,ChIJ4U-BYfV4Z0gRxpbSWWrCXzM
Trend House Ltd,ChIJ-2J3PCLJYEgRnAQqvJhomyE
TC Hair World & Trendcology Clinic,ChIJgXxubxQJZ0gRnbo_hgTOxoY
Trendees Hair Salon,ChIJX1Pt0o0OWUgRPW9GbJPKYQE
Trend Health and Beauty Salon,ChIJZUUYNvqRREgRqkrJkIqzSXM
Trendil,ChIJuSpO8cdtZ0gRiYrhDNPt0JY
Trending,ChIJE76FnBqQREgRZc2yF3DSuog
TRENDING TOPIC DIGITAL MARKETING,ChIJsd2Z503HQkgR5cn-LOTb6Us
TRENDKIT.IE,ChIJSwGkNrF_XUgRvVNyrCbqsqY
Trend Micro,ChIJiw-VOdqRREgR_sgygAd6-Kw
Trendphotography.ie,ChIJ4bl-W05yZ0gRGojCAlpiSBU
Trendsetters,ChIJi7tQpTRzZ0gRXSmCzcMFVy4
Trendster Media,ChIJu_eRnaIOZ0gRWC_iQfbP6eY
Trend Technologies Mullingar Limited,ChIJb76kqXTAXUgRkjjp62h5Sa8
Trend Tiling & Bathroom Renovations,ChIJM3n-kyoZZ0gRZY_aPTkYW5Q
Trendy & Bendy,ChIJ7QKibsoOZ0gRMQeq6sHpezE
Trendy Nails And Lashes Swords,ChIJa9g69xIRZ0gRz83dYA2DdQo
Trento Pasta,ChIJAzlbf-exZ0gRotO3cALW6Ow
Trent Recruitment Ltd,ChIJ9RCti6EOZ0gR4kzUao5YgOc
Trentwood Tiles,ChIJe_nc1OU7Z0gR_8Pj5dYC34g
Treo Coffee Co.,ChIJt0eqFVAJZ0gRgs1EHffGYPo
Treo go tuiscint,ChIJCU3ZdK0_XUgR7hzvfoRkOnM
Treoir - National Information Service for Unmarried Parents,ChIJNb1N_4wOZ0gR8yFeV82tj5E
Treo Port Lairge,ChIJZRHj5g_EQkgRzzswwoFwW_M
Trescal Calibration Services,ChIJQ5StU0R_Z0gR1C4vGyM6QYI
Tres Chic Beauty & Laser Clinic,ChIJt4cpVkXmZ0gRL3BQ7MHTe5c
The Treskelion Clinic,ChIJZ7CfTH5lZ0gRn9QHnokL9gk
Trespass - Ballina,ChIJm0hrJI43WUgR02B6wRriHik
HS Salon Supplies,ChIJ_eokxPDPYEgR7cpHFDZjI1M
Tresses and Talons Bettystown,ChIJX_SRsi47Z0gRm9IEDRRGUh4
Readers World Today and Tomorrow Limited,ChIJnwW5a3RzZ0gRZxRL-Hv8kN4
TRE Strategies,ChIJ2ekBOEEOZ0gR0M1TGSg8Qd8
Waterford Carpets Limited,ChIJVdPgwmzEQkgRfW1Elp-MLo0
Trevor Hart Photography,ChIJd8nZ3h4MZ0gRDnOV7lCtHb4
Trevor Morrow Ltd.,ChIJfddREb43WUgRKhQBfkJvLFE
Trevor Quinn Photography,ChIJ2VRyeE27Z0gR38-omKBE7P4
Trevor Tool Hire,ChIJXyaJmgeQREgRT7GQDF0FhXs
Treysta Building Services,ChIJfXHKlrf9W0gRfAz9CKcD4lw
Treysta therapy,ChIJV2HbqUSBZ0gRdIwTBQt3wQk
Treyvaud's Restaurant,ChIJk8esigg8RUgR2HwD7uPiEpE
TR Southern Fasteners Ltd,ChIJNf7aGUu5REgRBg_IZsSabts
TobaccoFree Research institute Ireland,ChIJH2Q9biAMZ0gRjrYwGKpUdjA
Tria Express Blarney,ChIJtWAm12SRREgRI8CebmRy6LI
Triace,ChIJhyVLeWpfQ0gRMWq1OuUZurA
Trial Moto,ChIJWWbPlwN0Z0gRFPA8rYX5HCo
Triangle Computer Services,ChIJ_ebebL0OZ0gRmauz2hCivqg
Triangle Productions Ltd,ChIJL1oN8KWaREgR5qCV8brb7vo
Triathlon Ireland,ChIJOcBW2sINZ0gRDcI7Cifz8oo
Trib3 Leopardstown,ChIJD_iVXgYJZ0gRhwfIezqZo4E
Tribal.vc,ChIJk1IORZwOZ0gRAwzNbIYxn4M
Tribal City Interactive,ChIJp7o6oLaRW0gROTFI6spWGWE
Tribal Foods,ChIJu-F4daOOW0gR9ugZBLb-Fz4
Tribal Irish Teeshirts,ChIJ0QEPDHSRREgRC9hSHjkXCX8
Tribal Property,ChIJa7lHz56XW0gRwMEQprt5rgg
Tribe,ChIJgboXKZwOZ0gRtywAMXxXUiQ
Tribe Architects,ChIJPVI2Z02WW0gRjvfJlA1XqDI
Tribe Art Studio,ChIJi1-3wWxhXUgRAWN_nts15hw
TriBeCa,ChIJPRofo6YOZ0gRONEKo8Hf6bI
Tribe Digital,ChIJu7WJhfgOZ0gR7HJqhRc08m8
Tribe Killaloe,ChIJBw9e-YafXEgRGx-X2bSeS6U
TRIBE Fitness and Dance Studio,ChIJS9Q_vyoMZ0gRy568xWPv7iE
Tribe Flow Studio,ChIJgxkniGmRREgRyUCy8Vurny8
Tribe Gin School,ChIJjbyCxHqXW0gRaVkXLeqnBio
Tribe Male Grooming,ChIJydX2_8wNZ0gRxhF8U1zxg48
Tribe Medical & Aesthetic Clinic,ChIJs2GZvm95Z0gRfFLIU5amLM8
Tribe Physiotherapy & Performance,ChIJ7W5ZFUljXEgRTtSTY03pvXk
Tribe Promotions,ChIJ05yqx-qWW0gR_CoyGts-dms
Tribe Restaurant Duleek,ChIJOWpa1Gg5Z0gRzfLLkNVnJBA
Tribes Art House,ChIJk2r2YbOWW0gRvoXXt7UydrM
Tribes Beekeepers Association,ChIJx0N2SViFW0gRYgrk0UfvcUQ
Tribesmen Rowing Club,ChIJQy4snheRW0gRzND3oO0itw0
Tribesmen Training,ChIJE7HRu71bW0gR-HVm8slajo4
Tribes Press,ChIJExx2SMeWW0gRElCln8l5nG0
Tribes Tours Galway - Free Walking Tour & Pub Crawl,ChIJVT4NKNOXW0gRYA0GqO6iFFU
Tribe Study Abroad,ChIJ7b7rB-cJZ0gRe03qJ2Ep8zc
tribetactics,ChIJBT3L4O0OZ0gRsuZWgAkX5Jw
TRIBE Trucks,ChIJ42oQq_g7Z0gRgvIAtiex9B8
Tribo Sales Ltd,ChIJ31OMhCA6Z0gRFK9FfDnhFhg
TriCastle Health Partners,ChIJ_Z6NTY4PZ0gRoYGQOmNKM8M
Tricel - Ireland,ChIJ2SeAwH88RUgRu4xBPPHKnus
Associated Pumps Ltd has Rebranded to Tricel Pumps,ChIJBZ05J76bREgR6iV7BWSdrY4
Tricentis,ChIJGzQLemmRREgRoEowbZCtP18
The Galway Trichology Clinic,ChIJcezenu-WW0gRPaNNSjc7x5k
PH Hairdressing,ChIJBeqrmRzAXUgRyZHDgTJsYuw
Hummingbird Studio,ChIJx7BnMUk1RUgRZHKicQXFiHY
Tricia's Hair Salon,chijwdgo27m2qkgrfobfdkdbspw
Tricia's Closet Ennis,ChIJix8sFS1tW0gRYi5LggRWZ5w
tricket.ie,ChIJlQzHKgiDREgRyACyOCUTOdM
Trickshot Films,ChIJjRcXkyQGZ0gRZZzbItHL0VU
Tri Coach Bjorn,ChIJCWR11P27REgRh-44iJ8UT2A
Tricoda,ChIJ6wiY2b0OZ0gR9zMqgxcxm8U
Tricolours,ChIJt12Ck-AdaEgRhl8dnZf_lnw
Tricon Automation Ireland Ltd.,ChIJ3UcJbGDmZ0gR9ziSuQlE4to
Tricor Ireland,ChIJ0aUjN2MJZ0gRhTBiVY7YBwQ
Tri Crown Plant Hire Ltd,ChIJfZwtE_ENZ0gRJENDce3E3do
Tridelta Development Ltd,ChIJ1SUW0RVwZ0gReEaC2_zq1Wk
Trident Holiday Homes - Seacliff Holiday Homes,ChIJwcUD7APAQkgRvScaF45lYsU
Trident Building Consultancy Ltd,ChIJM6viurkOZ0gRmaUww4RhO1o
Trident Consulting,ChIJQXv-fCEMZ0gRnn8zB2_Mfno
Trident Controls Ltd,ChIJmdXmUSB_Z0gR03TbZ8WyhgQ
Trident Project Engineering,ChIJ4zFhr-WFREgRW5FmJCOOyDU
Trident Holiday Homes - Innisfallen Holiday Village,ChIJq6W44sTFWkgR9WJxCl4Dn_c
Trident Hotel Kinsale,ChIJs103G-5hREgRl9DPcqPiwww
Trident Manufacturing,ChIJSbq8BaIMZ0gRgmyPe_fts_g
Trident Property Services - Head Office,ChIJC59UdxqvZ0gRQAHAm5v28TA
Trident Safety,ChIJ5-EPjQ-TREgRtvyX7wrcnB8
TRIDENT SAFETY GROUP,ChIJO6DG4g6SREgR85rhq6s5zf8
Trident Sub Aqua Club,ChIJqQ7zKk8GZ0gRY2rxVJS3ez0
Tridium,ChIJydTZ_itzZ0gRE165Apyx3SU
Tried&Tutored Ireland,ChIJ8TLxEabnZ0gREnbZ2hVg7es
The Curragh,ChIJA3hsFAB_XUgRcfsGwfEHgR0
Triermore Stud,ChIJmUqvieZhZ0gRsIEXH8JkM30
Trieste Café & Wine Bar,ChIJ9WOylDSXW0gRgJl1_vP4I2Y
Triest Press Printing Ltd,ChIJTa3gWqo8XEgRm_wczbR3Cwk
Trifik Forklifts,ChIJGcUiL_p7Z0gR459ut32OZrM
Trifol,ChIJuyl_RM4NXUgR35XRYtHRoT4
Trifolio Modular,ChIJA-oSvpkPZ0gRZseBhN2dPvg
Trifolium Construction,ChIJA9xgp-bOYEgRpXLV0oaQC3A
Trigen,ChIJs4G_u_kNZ0gRdV_UgnlT9KQ
Trigger Communication,ChIJfbT1pauaW0gREXWXbojA004
The Triggerfish Cookshop,ChIJ95YP2cYIZ0gR2vmHbruYJ8w
Trigger Media,ChIJbez39EoPZ0gR-uLOdoY9gxw
Trigraph Professional Services Ltd,ChIJT13EbKIOZ0gRYPR-KED_32s
TriHub,ChIJixqnj3JtQ0gR9-Y0dz8_czo
Trihy Sawmills LTD,ChIJ5VE2suETQ0gREM4bYo0NtD4
Trilateral Research Ireland,ChIJiaOmEqrHQkgRJGlLNxktB3o
Trilby Design,ChIJc-IPYh8MZ0gRtOJ9jVb3bLQ
Trildoon House Bed and Breakfast,chiji5lwp0ehw0grky1ao0ktrmo
Trillium Financial Services,ChIJLZIhqONyZ0gRWKkaHMRjVTI
Trillium Capital Ltd,ChIJLZIhqONyZ0gRBJadexVGt3A
Trilogy International Ireland,0x485b97e6c49f0faf:0x688f5f106cac9fa8
Eskimo Pizza Trim,ChIJxQBUccRfZ0gRHuV7zB570Lg
Trim Barbers,ChIJ37yjtHDlXEgRPKKROHe0jsw
Cathedral Church of St Patrick,0x48675e1a11d9c75d:0x58bd5755aaec1a4b
Trim Canoe Club,ChIJtw45ftFfZ0gRBA-GVz1dgoM
The Bailey Brasserie,ChIJWbR2-MNfZ0gRSLjcRFB5hsA
Trim Celtic AFC - Tully Park,ChIJSVnL7KNgZ0gRPsrGZHt_54Y
Trim Engineering Limited,ChIJlwNEKBBeZ0gRajyK5ODZDWc
Trimex Ireland,ChIJC7EyIBgLZ0gRl0Leib7yTRU
Trim Family Resource Centre,ChIJHeSRZBxeZ0gRnKoPD99pQIM
Trim Aerodrome,ChIJ5fWrj7tdZ0gRVVHLk8liXaY
Trimformworks Ltd,ChIJmXa6re0OZ0gR6jerrPkAHXI
Trim Funeral Directors,ChIJs3sQqBBeZ0gRxg2TUL5kgqI
Trim Furniture Craft,ChIJ11VP6xBeZ0gR_q9HGrcCjz8
Trim GAA,ChIJnfS75yJeZ0gR5dCy5pZQJfs
TRIM,ChIJ_WXc44nfJkwRecDuDB8pixA
Trim Group Practice,ChIJ_YIPtxteZ0gRx903Z7xrQDw
Trim Hardware,ChIJXb8G9xleZ0gRoVNrWEi4Ddg
Trim Haymaking Festival (Scurlogstown Olympiad CLG),ChIJ-TLtmkZfZ0gRtqLlXqAX3x0
Trim Hire,0x48675e135708c7eb:0x2452e6428b77d229
Trim It -Ballyfad,ChIJY0Oel5vnZ0gR1NMQYxoHdS0
Trim Jewellers,ChIJ9c8LpBBeZ0gRWKMgCs5iBQA
Trim Joinery,ChIJp9IpMGteZ0gRu4DXN7ssGW8
George Doyle Clinic Trim,ChIJ9e0_SfRfZ0gRAOlTihIPdyQ
Trim Men's Shed,ChIJJYq3OxVeZ0gRL_R3rOgXyrU
Trimmers Lane Cafe,ChIJ1Te-71obaEgREyZnE6qD98w
Trim Motor Factors,ChIJC1yWUeFdZ0gR3zh45YxJCBc
Trim Motors,ChIJt_cztPtdZ0gROuf3BT4ixLM
Trimplant,ChIJ69jbuwZfZ0gRhVOP6kR9mWQ
Trims Barber Shop,ChIJUe-k7EQbaEgRFB2Kq9xt3SE
Trim Taxi,chijh3p4zrpfz0gr-wm-srixt2m
Trimtech,ChIJJzLTQVgQZ0gRKDM_SJmVpG4
Trim Tennis Club,ChIJAxDEYhheZ0gROgTTxPXG_dI
Trim The Tree,ChIJ9XqrSRdpZ0gRJmxRqfsi5Ys
Ireland's Oldest Bridge,ChIJvSylkRBeZ0gRC6ILyajRT3c
Trimwel,ChIJQ7NId6cJZ0gRGvmTQtQUQjg
T Ring Plant,ChIJIdCHyiM-XUgRMzozbprJZ5Y
Trinity Apartments Waterford,ChIJX_jrJ5zGQkgRIqKrF3HKbZE
Trinity Church Dublin,ChIJ0a9OQo8OZ0gRCQmZjMa-UAk
Trinity Affordable Counselling,ChIJm8xP0aoNZ0gR5qIgcw5gsMY
Trinity Arts Workshop,ChIJ117bedUPZ0gRp8xm0SeFeR0
Trinity Business Assist Malahide,ChIJpVvpHPYaZ0gRQmB4w-3sqdQ
Trinity Bar & Venue,ChIJ6e3GRJ0OZ0gRutaWOjFlip0
Trinity Biotech Bray,ChIJebjNRCqmZ0gRPmnPlycrneM
Trinity Bookbinding Ltd.,ChIJSeIopk8FZ0gRL6Zt0IfPqg8
Trinity College Botanical Gardens,ChIJg0wXTlUJZ0gRwoxJrSyvQr0
trinity cabling solutions,ChIJ4zpLHLAFZ0gRby87rTbNyRQ
AnovoCare Nursing Home,0x4867104659cc12d7:0xd5f3c0be73e4c803
Trinity Peugeot,ChIJmb6Wi8UEaEgRYVHSQPllL1A
Trinity Chiropractic & Physiotherapy Centre,ChIJpzSkvZwOZ0gR6-6FCbLNf0A
The Trinity City Hotel,ChIJY4y6C84LXUgRmtwgyWTPOi0
Trinity Clinic,ChIJiwG4q5sOZ0gRHxTpoFiqjVk
Trinity Clinic Northside,ChIJhWdV8FUPZ0gRW77CoNxt3Qk
Trinity Community Care Clg,ChIJr0cxeloNZ0gRytfhDX05oFU
Trinity Comprehensive School,ChIJCepnExsOZ0gRpP7AwBJWD2Y
Trinity Digital Studios,ChIJXVwQ8ixwZ0gRZNaaob8S_II
Trinity Dance School,ChIJW4yIwq4NZ0gRjPgjIOuvet4
Trinity Driving School Navan,ChIJYzMKaQBHZ0gRIS709KOQkYo
Trinity Engineering Ltd,0x48676d91bb072fbf:0xcaad7f6c2e51090c
Trinity Gaels GAA Club,ChIJz2lftqgaZ0gRKcxH-gLXcEo
The Trinity Gallery,ChIJOfRXfaUOZ0gRf_rnvUE6TMo
Trinity Gift Shop,ChIJWRpC5JoOZ0gRwAzQlBQww1Y
Trinitygreen Farm,ChIJE3iJxTc1Z0gRILs6l8l1Pno
Trinity Groundworks & Paving,ChIJ524nG-4zZ0gRaWnc2LJMHX8
Trinity Group,ChIJSV9m_p4PZ0gRgVin3P2ZU5I
Trinity Hire,ChIJxxL3QWobaEgRXLRY5f02zj8
Trinity Hospitality,ChIJg_jwE6IOZ0gRi9VkuavTEVQ
Trinity Hotel Groups,ChIJU1Ko4YUPZ0gRUIeRsgRFmOg
The Trinity Inn,chij08uhppaoz0gro6fibjj3l8a
Trinity Island Lodge,ChIJPxVo_SwNXkgR_x4MzG1JHC8
Trinity Fleet Solutions,ChIJIT6_O06xZ0gRXFXESQUWIEU
Trinity Medical,ChIJDWcnX58MZ0gRl_5WxoOcIK4
Trinity Merchants,ChIJyxuQ4mkxXUgR0owaGwMQmWE
Trinity Motors,ChIJoyrubmobaEgRSSb_ZIiIC0Y
Trinity Nursing World,ChIJqUfETuQNZ0gROB5m4fYL_6I
Trinity Nutrition Ltd.,ChIJfZr0biQMXkgRIHWZ3zttFd4
Crescent Concert hall,ChIJQTFj18s5Z0gRvhkmLxxQLXo
Trinity Rare Books,ChIJt_p3SCyFXkgR0yUKJewsVdk
Trinity Real Estates,ChIJMVFpuZsOZ0gRIsGZqpNf4lw
TKS Shoe Repairs,ChIJnfigwkrxW0gRzkFgKDtUpoU
Trinity Screening,ChIJwetDESYPZ0gRDVPD-8rt18k
Trinity Skoda,ChIJV5Xq02-xZ0gR_cduuB7xwGY
Trinity Bar Cafe Donaghmeade,ChIJMxh1f1MFZ0gREhgEpvGAvYU
TRINITY SPORTS MANAGEMENT,ChIJzYPNRAwJZ0gRr1zbm-_Bhn4
Trinity Taxis,ChIJ4bBUp7wOZ0gRWSJuFDLOqVU
Trinity Townhouse Hotel,ChIJvxVtTJoOZ0gRaoNDiTrL4A8
Dundalk Trinity Transport Limited,ChIJZwSDMgPMYEgR9xIZi3cgTBQ
Trinity Travel Clinic,ChIJi_G0q5sOZ0gRtE1rVWFzd4E
Trinity Volkswagen,ChIJH7jQkjixZ0gRjG9MTrAqxhY
Trinity Wood Flooring,ChIJ-3ELyWdtZ0gRWZWlSLRYXLE
Trinity Woodworking,ChIJJ50DqByoZ0gRz_eZcnct5Qo
Trinrg,ChIJgcOe_qhdWUgRGaBUIBwTEBM
Trinseo Services Ireland Ltd.,ChIJjxYZiUwPZ0gRqjGBxds8rJw
Trinsic Software,ChIJEQK4q5sOZ0gRR4v9ZkGkmSQ
Trinzo,ChIJR8wYo7iWW0gRtftWmnf_cOg
Trio-tronics Manufacturing Global Limited,ChIJ_yLfq54PZ0gRqP-Mg9N6wTg
TrioClear™ (Ireland),ChIJM1KyLgrNYEgR_Mp9P77Dfnw
Trio Foods Limited,ChIJHVvHPDfrX0gRFrToETenk4E
Triona Donegal Tweed Center,ChIJS7x3Q_gNX0gRySdnBGRcDGs
Triona O’Sullivan,ChIJg9W3b2FhREgRWCkCOvAMaBw
Triona Ryan Vocal Coaching,ChIJL9UMO2hdZ0gRoH9YuwxU6H4
Triona Sheeran -Therapist | QHHT 3 | Trauma| Hypnotherapy | Consciousness,ChIJYWrnIXKvZ0gRipFzDO0LBoI
Tríona Ní Dhuibhir,ChIJ3QLiJ8YNZ0gRdWjk5iXTQfY
Pobalscoil na Tríonóide,ChIJmzTsW6JtQ0gR5lVvI3ueSc0
TripGeek,ChIJObma4QcPZ0gRc42xGFEAjm4
Triphala,ChIJJ6c4_SAGZ0gRnJubnntJ9PU
Triple B,ChIJBWCKRy3zT0gRADsD-uCCgk4
Triple4,ChIJQYkUGwYJZ0gRdvM4ohn1aKw
Triple A Windows,ChIJQXyjxYWlXUgRro0CPH4wy4Q
TripleFork IT,ChIJNYg8sLJtZ0gRltJWVfBIs1M
Tripp at Debenhams,ChIJY6kF71ANZ0gRCrcpIe_oXyM
TriPro - Professional Company Setup & Formation,ChIJiR3cPqddWUgRfCrQIkUpbBU
TRIPSTER Poster Design Studio,ChIJoQivWev7T0gRXwJ2GgLGu6U
Triscle Limited,ChIJS0oPouB6W0gR2z805za2w3s
Trisha’s Tunes School Of Music - Inniskeen/Shercock and Carrickmacross.,ChIJc3tTh32pYEgRad-fdOm5aRU
Trisha Younge,ChIJleJCBMQOZ0gR-9k9VrKEjAQ
Trish Buckley Counselling & Psychotherapy,ChIJIbXFnOgzQ0gRJRkTAKVay-o
Patricia Farrell MIACP,ChIJz-ttlikNZ0gRLmSCZYGem74
Trish Gallagher Skin Aesthetics,ChIJpSeWXgOvZ0gR4h-16rMXrfA
Trish Murray Personal Stylist,ChIJnf3oz8jBXEgRxYqLCdKE9x4
Triska Energy,ChIJZ9WwdDYIZ0gRHY3wYfjIqnE
Triskel Arts Centre,ChIJkQEOvRCQREgRQfRdvGxF38c
Mindwitness,ChIJLdhKz1KWW0gRBNJsel7lONc
Triskele Consulting Limited,ChIJT67aY9WjXEgRs6M8ZJkJBT0
Triskele Psychotherapy,ChIJZ7ZjHiiPREgRocaGbEu_JGw
Triskell Music,ChIJSS11JfpFRUgR-OGGTBbLoBk
Triskell Seafood Ltd,ChIJc8Ecu9LBXkgRMdQ7vI5oXjk
Triskill Design,ChIJWWpI4B-pZ0gRqkx5SMI0NBM
Trispike,ChIJLeiP5T8JZ0gRi4PObAOxVKo
Tri Swim West,ChIJKT08-GsxWUgRaMcjEZK74NM
Tritan Software International,ChIJkZ7jOgmQREgRnRqTbyPc-yA
Makari De Suisse Ireland,ChIJF_6n6aIRZ0gRzNUEwWn7OZs
Tritec Electronics LTD.,ChIJH-9x-7R1Z0gRWbflFolRnzw
Tritech Engineering,ChIJz4YFuT51Z0gRzc3jVmib6mE
Triton Casinos | Drogheda,ChIJ0bZ0lIQ5Z0gRHBqwhDXCtSI
Triton Technologies,ChIJRbjmoa0PZ0gR6G0BF1fcYNo
Triton Diving Ireland,ChIJB0ci_UcGZ0gRiTrP6h-T6kM
TRITONLAKE®,ChIJ4Tmen6IOZ0gR0_P_txLi0sU
Triton Rowing Club,ChIJ4fpaQ8UHZ0gRpmKbu_DuOw0
Dublin Triumph Ireland,ChIJOY_v8a8MZ0gRl6_V5esFpr0
Triumph Church,ChIJRSTKQsl5Z0gRNPeKTjot5NI
TRIUR Construction Ltd.,ChIJQX5ikhRpXEgRkw40hH6zI2E
Trive - Channel & Partner Ecosystems executive search for EMEA,ChIJvQIWwelxZ0gRM-mH24-3H9E
Triviumvet,ChIJ7RS6vifFQkgReJU7N_wI-TI
TRK Engineering Solutions Ltd,ChIJ6fUc-aEvQ0gRSjL2hEEomRk
Textile Recycling,ChIJlacKNVJzZ0gRXWTT6woqTls
TRM,ChIJsbPDcd5_XUgREBG4s9qM6BQ
Tadg Riordan Motors Toyota Ashbourne,ChIJFz4LT8MUZ0gRH5xCn1JkN7k
TRM Clothing,ChIJuaIrH5zGQkgRMwD8iTR82R0
Toyota Charge Point,ChIJGzOfqjgLZ0gRJbNkLEleMBA
Trocadero Restaurant Dublin,ChIJvTI5kJwOZ0gRWNEA2-LZg6U
Trócaire,ChIJb6lYJB5wZ0gROfaFWSlZ9ok
Trojan Technologies Limited,ChIJAaN-vkH7X0gRFdLcsNRmgHw
Trojan IT Business Solutions,ChIJGfDXEeOZXkgRBrUP3xP3cno
Trojan Gymnastics & Dance Academy - BALLYOGAN BUSINESS PARK,ChIJhaJCobQJZ0gRRgFaXoj7DWk
Trojan Boxing Club,ChIJrxP4SvDRWkgREZKOhH-lPPE
Trojan Coatings,ChIJERQuBm9nW0gRNFsHP2g3tyY
Trojan Gymnastic Club,ChIJy6QIsz8JZ0gREnASpYZHcm8
Trojan Safety Training LTD,ChIJFwnNluELZ0gRgW0qhk5R68w
Trojan Spray Paint Services,ChIJZ_e2Nn91Z0gROZUrWv6mOgE
Trojan Tax,ChIJmQQA-hsNZ0gRATf35tPYyvc
TrojanTrack,ChIJE9Yuuj95XUgRUILhIRcYu9Q
Trommall,ChIJ53NpETIKXUgRCmMhe9qwpUg
Trooperstown Wood Lodge,ChIJ5Rrmj3-9Z0gRSz3p0yt2KlQ
DW Awards Trophies & Medals,ChIJNxsn44o1Q0gR-Dd5CHdkHXU
Trophies 2 U / SEODA JEWELLERS,ChIJe5VLjtwMZ0gRetRLjZDICVs
www.TrophiesOnline.ie,ChIJkXMzysh0Z0gRZUbNFdng_wo
Clubhouse Awards,ChIJT7DtmhcJZ0gROCX6ezWszfU
The Trophy Gallery,ChIJ0SVStIAOZ0gR9dHOu0xJ3xA
Trophy Store,ChIJ_atv7cAJZ0gRyv2M02y6VZA
Tropica,chij6_xprksgz0gr6my7apuatb8
Tropical Popical,ChIJy0-5SJwOZ0gRKVc15CnxtG4
Tropical World,ChIJ82Zx-HHrX0gRMVfHXdYisEQ
Troscan Furniture Ltd,ChIJ3RfsYXHlXUgRRPE8QWEFeOs
Trotec Laser Ireland - Dublin showroom (by appointment only),ChIJpw_bF4ESZ0gR_4WbhhgpojQ
Troubadour Rehearsal Studios,ChIJef7npGcOZ0gRlB2zGCSxftI
Trouble Brewing,ChIJc06orKl3Z0gRDNa-RqgBB-4
Trousseau Ireland,ChIJ1TzopdYNZ0gRGcPedhSkKFw
Troy Chauffeurs,ChIJdeZUnw1fW0gREl0ThuCEIr8
Troy Heating & Plumbing Ltd,ChIJszwLhTexXUgRJcklXaQowUU
Troy Marketing - Limerick Printers,0x485b5e9817e927a3:0xbf049d4319a72713
Troy Packaging,ChIJzbYj4r9eW0gR51T-LsJV8gs
Troy Panels,ChIJfzkWuxWfYEgRJGCwYM-wWlw
Troy Meats,ChIJV6GtqiK8XUgRcr1tZVu5cqE
TROY SERVICES GROUP,ChIJgxCKW4USZ0gRmd-tlG4SKK8
Troysgate House,ChIJtY-tXgA7XUgRX3K3yk32roc
Troy Studios,ChIJSZv8zupeW0gRDKMh7yU7v8k
TROY Take-Away,ChIJ88NQluKZXkgRw8Sr4ADWrIo
troyteq,ChIJga4ItvcOZ0gRRCty7Fi7ars
Troytown Equine Hospital,ChIJk__VcsR4XUgRaLzGjXMSqFk
Troy Vacations Ireland,ChIJ47_16DVfW0gRiy4L3PlN4Kw
Tullamore Rental Properties,ChIJV5px7omlXUgRjgwbfzEwZCw
TR Partners,ChIJn6HGmOh_XUgRan4OBR5pHI8
Limerick Truck & Trailer,ChIJv9UKqwZcW0gRCnrUWhfofms
Trrumi Ltd,ChIJq1VUqpuRREgRSme-kLFCdKo
TRS,ChIJ9UR8f3qnZ0gRhMsoXhv2lw8
TRS Staffing Solutions,ChIJsVl30KcJZ0gRgADYYTMsvLA
TRT Clinic,ChIJI_u1WxHHQkgRBQ9dfvI-U2A
TRT Cork,ChIJnScMa_WRREgRrRh5T5pXgbQ
TR Technologies,ChIJJz_yuLfHZ0gR4NRKITiiFNM
TRTV Limited,ChIJ3yn5Lv3DZ0gRD3p86ZCTqFM
Trua,ChIJgWA73xgPZ0gRk9jhwn31D8o
Trua Psychological Services Limited,ChIJA7rGnpYZZ0gR7WRWkvo2RYY
Truata Limited,ChIJp2w2_0QJZ0gRFrL6jLGAmS4
TRUCE Software,ChIJ4XJXeZkJZ0gROFVU-klS4HM
Truck and Bus Parts,ChIJvR0S8ZYMZ0gRRYlTYoliePE
Truck and Trailer Works Swords,ChIJq0NU44gRZ0gR4R-fcFyOrd0
Express Truck Repairs,ChIJC6zEkyJvZ0gRzewE26m7ijQ
Truck Boards Ireland,ChIJJz8NJCn-XUgRN0Z1t-A35Lw
Truckbreak ltd,ChIJI8u98-FEW0gRDCZf3I2GZYA
Truck Car Sales Ltd - Mercedes-Benz Truck & Van and Fuso Trucks,ChIJdyRWGXtPW0gRAvgsZro6OB8
Trucklit,ChIJI44tHgJ0Z0gRMnb2x1meFF4
Munster Truck & Trailer Services,ChIJyZHhO6s9Q0gRhqeARQUbR7c
TruckScience,ChIJM648lbxkWUgRvOs9hfs2AQ0
Continental Truck Spares Ltd,ChIJqzOA52BzZ0gRQexYPc0RqMc
Trucolour Paints,ChIJk_hPitaFREgRRKnj3Yk9oaM
Trucurve Glass,ChIJ3yXhltYUZ0gRULHIga2JLUE
Trudder Lodge,ChIJk0qj1kSlZ0gR7qnaEYR9WMY
Trudder Dog Boarding/Kennels and Grooming,ChIJLwPLJ4WlZ0gRcrn3P2XVMLs
Trudder Stud Riding School,ChIJj3ve9UmlZ0gRlnlJULExS4k
Trudi Connaughton,ChIJoQ31suELZ0gRtUBSVVrrIQU
Trudie Lawless Sports Massage Therapist,ChIJ9T4I-bSwZ0gRVqbxKT3QLyQ
Trudies Catering Kitchen,ChIJsZvjvu22QkgRi_pNbVYtt_8
TRUDO,ChIJi09MsbORW0gRAIv5vS9adM8
True Beauty by Aideen Kate,ChIJmysGZhh7MEsRnxZwCwddqj4
True Beauty Nenagh,ChIJ2yY17USRXEgRAmXJHDLu9Mg
True Black Tattooing,ChIJVzrDrJwOZ0gR6miqHGq8x1Y
True Colours,ChIJmVaMdByRW0gR54DqmHTBuvQ
True Colours Play Therapy,ChIJMU7DrVNtZ0gRz1mauOuzaCo
True Copy | Serviced photocopiers printers,a2f394f44745a5f65c171a3d3c66a577
True Design,ChIJVzW4CRMLZ0gR7SG7OHH-0kQ
True Fitness,ChIJ9WPP2yJ1XUgRTvkWG7a6LsA
Truefood academy,ChIJb674gqeDXEgRaCzLKTfmkGI
Trueform Activewear,ChIJn4oPBiqEREgRKdrWwm84m18
True Healing - Dawne Aherne Emotion Code Practitioner & Angelic Energy Healer,ChIJA6fZhTMzQ0gRunT9huzvZJU
True Health,ChIJf9RA4bp4Z0gR3_wa23naKSw
True Horizon Counselling,ChIJbXSW5IcOZ0gRpmIP64b3aAo
Truelight Marine Services,ChIJb1RcffyWW0gRxXs1hoGFQPY
True Media | Photography | Video Production |,ChIJVzbCkUJcW0gR8S1x6cMI-Cw
TrueNoord Ireland,ChIJD43sCnoPZ0gRjQ5Wo--kwgs
True North Electrical Ltd,ChIJZeVimKOpikgRtdJwlCly-_o
True North Tours,ChIJvXCJHP-WX0gR8MO173Hw5w4
TrueOutput:,ChIJf2tANZrGQkgRt2rhK67OTFA
True Portraits Photography by Lenka Kirchova,ChIJPxfi2xd8Z0gRqP9ylyGPYWU
True Shot Photography,ChIJsTe6CccMZ0gRryKtxRjacSY
True Skin,ChIJZULB9tnHQkgRXF6fcsoRvwQ
True to Yourself Clinic,ChIJHRTLfhttZ0gRNOFGMuLQBus
True Warrior Gym,ChIJ_zS1lFjnZ0gRoJJn7OjFyR0
True Wealth,ChIJzQEeuSgNXUgR9tpDiH7wDAo
TrueYou Career,ChIJAYziop8OZ0gRip9519QGUZY
The True You Life Project,ChIJI3EKcm0TXkgR0cMQ-7MJ9F8
The Truffle Fairy,ChIJ4_Hm0v40XUgRpLtsbP667zQ
Truffle,ChIJebnO88eXW0gRUr58Hy59_yI
Truffle Honey,ChIJk1W0QScZRUgRR_CNocG3tnQ
Truffle Lodge Kitty Care,0x48448a12b2693bf5:0xf766e214f6076927
Truffles Restaurant,ChIJE4KL4p0wXUgRwiRSDdSCuoc
Trufix Fixings Ireland Ltd,ChIJib1RB1LBZ0gRwhLpy7-UsMI
Truform laser dies,ChIJA6Eneh3MYEgR7SUaMofeElk
Trugo Luxury Travels,ChIJrcSAFlUbZ0gR72UX_pUAqfQ
Trulife,ChIJq-UC8EwLZ0gRQpShcFy_QOI
Truly Bridal Boutique,ChIJD4JXS5Z4Z0gRwcdVPrytZHI
Truly Dental - Tullamore,ChIJv5eXWIalXUgRRqIZbA3PN-8
Truly Musical,ChIJxzRJiv7DZ0gRMe95pSgE3D0
Truly Scrumptious Caterers,ChIJ3UgIv4WCREgRpEOMRG4NSRQ
Truly Sustainable,ChIJ83raeI5nZ0gRhAP16jdivFk
Trumpet Branding & Design,ChIJJ56VOTEGZ0gRHWjef9L-LgY
Trumpf Laser + Machinery Ireland Limited,ChIJX0qOL5J1Z0gRp9flj3YQKZA
Trump International Golf Links & Hotel Doonbeg Ireland,ChIJZ5tUoqcGW0gRRvwfHvd9vHk
Trumps Plaza,ChIJHcSb0MQRZ0gRyu5GlGgASXI
Trunk Floor Dublin,ChIJD4KgpAYMZ0gRBw7jKtkESY8
Truplan,ChIJVShzp9BeW0gR576B14GuW1c
Trust5,chijxwtpgqojz0gresl1ghrx92w
Trustap,ChIJ_WkHcoqRREgRyCViZmJzEYY
Trust Consultancy,ChIJu5oxRtZ9Z0gRurvbNxD2SPY
Trust Counselling & Psychotherapy Service,ChIJJ--j9FgMZ0gROrQl3WpS2RU
trusTEA Ireland,ChIJOdr6grYPZ0gRQApbeKfKIy4
Trusted Advisor,ChIJwXIdlgYJZ0gRpdaSAkJzO04
Trusted Advisor Group,ChIJOVpoVvoPZ0gRBYl5bZV5Zh8
Trusted Hands Services,ChIJDZnFt3lqW0gR13J5gqWvd1k
Trustee Principles,ChIJcd-snvEJZ0gRRY5crFmyqE8
Trustee Safes,ChIJZSjPyUY1XUgRaKtyA9c6sv4
Trusteetraining,ChIJsfW5KOPDZ0gRG0-JL9ZGPDI
Trustev,ChIJ14K_NzKFREgRBZuvO0wYWiw
Trust Fitness,ChIJBcQ7_dMLXUgReV4SH9s-RGU
Trust in SODA,ChIJwdd6z9cPZ0gROgUO0VLeURw
Trust Matters Financial Planning,ChIJ32ttSdZzZ0gRt_jvARCkia4
Trustmoore Ireland,ChIJ5YjIjmYPZ0gRSRc_iVSQEis
Trust Therapy,ChIJFQjUN1cNZ0gR8zpTUK0Lz5E
Trustus Day Centre,ChIJnxoyssl0Z0gRILm_JpzXTl8
The Magpies Nest,ChIJ5-_vBRQLZ0gRxjabDgVVwoM
TrustVet Ltd.,ChIJUVeL7PByZ0gRWLVMvRDa8Ek
Trustwater Ireland,ChIJK2TF0wwuQ0gREp4TgahKgsE
Tru-Tech Precision Engineering Ltd,ChIJA1AW1lHNYEgRL5E6pLZ5D1I
Trutz Haase,ChIJaYE6WWUOZ0gRLS-5v7kR3F0
Truvision Consultancy Services Limited,ChIJxTYQde9zZ0gRAkXMT7XQYGk
Truway,ChIJzYi3aLRxZ0gR8VD7G2F1edk
Truway Accounting Limited,ChIJKS6hnxZwZ0gR_L1Zwjwj5mE
Truway Renewables,ChIJV-owRfxxZ0gR_LgyUg8tn-k
Truwood Ltd,ChIJAQkvwnSbYEgRQEgHD1O4D34
Harriet Nails and Beauty,ChIJgUV1rkUPZ0gRlalH8m6o7dk
Try Acupuncture Dublin,ChIJ7zlu3pcOZ0gRaq5FfP9cXA8
Apache Pizza & TryBites,ChIJbdQ_41SRW0gR2E7uD2qSNNs
Fire it Up Engraving,ChIJtYlGgq07XUgRer6vTdXvSpg
TryPart,ChIJIUupAntJXEgRqRXvYVEMsBE
Tryton,ChIJF-o905ILZ0gR-VRz2Mn0HxI
Tsangs Chinese,ChIJc0GhnkJtZ0gRgq0z_Ad4qs8
Triona Stack Architects,ChIJuzUgzCMMZ0gRExVcG417i6Q
TSC & QAF CONSULTING,ChIJpcwe_MddXUgRjJZEPHH-FEg
Tanner Structural Designs Ltd,ChIJrZsbnD9fQ0gRq93IBzfA_pY
The Séamus Ennis Arts Centre,ChIJV8kyxpM9Z0gRPiW-oKclpwU
Ts Events,ChIJi20JuXmaREgRGeb2Rv5whxo
Tom Shaw Farm Machinery Ltd,ChIJ3b89Q3f5XEgRWn39_wTJxS8
TSG Charge,ChIJ-7qIQnR1Z0gRGTODUBwvEbo
TSG Ltd,ChIJVdnYrVqbREgRbXqGK1vL9wQ
The T-Shirt Company,ChIJYTAEOPUOZ0gR7-tP7ATEuTw
Tshirtprinting & Embroidery,ChIJs2CECSoMZ0gRzkCCt8gOMyc
T-shirts on Time,ChIJFSIYHsMNZ0gR_Lcjo23VkCI
T S I Flowmeter,ChIJ98FxdHgOXUgRZqwtkfIDJww
TSK Academy Limited,ChIJUXuTM8I5XUgRvz9Eev1TlfQ
TSL Ireland,ChIJbXAxCgBxZ0gRz38RqvWfJhQ
TSL Windows,ChIJgSgbnN8KZ0gRKRsgiFcbIKg
TSM autostyling,ChIJ3d3PTNRjXkgRFi43baExaEw
TSM Control Systems,ChIJYzQ0dqnOYEgRZUcDbeCd_MU
TSM Polytech,ChIJy00qUqrOYEgRUQEHGWSQ4YM
TSM Dublin Tree Surgeon and Landscape Services,ChIJ34czKDhzZ0gRwcfuTo1PLwM
Tech School of Motoring,ChIJi7yhj9WhXUgRBGQOYPTAeL0
TullySport,ChIJS78XEG1BZ0gR650HiymHzVI
TSS Training,ChIJuebcdwGoZ0gRr2QiD5t_3gg
TSS - Technical Support Services (Limerick),ChIJ-eKWVP9bW0gRmRUnS0o6Z-Y
TST Engineering LTD,ChIJBfHcIJkLZ0gRxa4CaFbFlIY
TS therapies,ChIJGe3uKFlFXUgRGKwBDgKLJyk
T Street Wine Bar & Bistro,ChIJ9aTnyeNdXUgROm_PRJqB9P0
T- Studio,ChIJW0ZjT3eRW0gRm19_Ppwjkto
Tsunami Studios,ChIJ890SFCMNZ0gRe6WBg2F9wnM
The Superior Vape Company,0x4867e64c38a59e23:0xcc580704b657915e
Thomas Swaine & Sons Limited,ChIJl_TuZFb-Z0gRX3s0eEjvLjk
TT Beauty Lounge,ChIJJ7z89vsRZ0gROo3Co_AuMaQ
Tralee Town Centre Apartments,ChIJe4XsRXs1RUgRN1J24eD4INs
T&T Bakery and Cafe,ChIJYePkEk7mZ0gRnwcz59u8mBQ
Synergy Home,ChIJc2UdW4YbaEgRbFCew0dkM9A
Travelling the Fairways,ChIJs-xIeJUOZ0gRiFbvTASDaKo
TT GLASS,ChIJcQsu9qWaREgRKXLVJIfGMBQ
The Twisted Clipper,ChIJNaSBFrwZZ0gRgEon8RZKb3o
TT integrated services,ChIJ1yHFVYwOZ0gRT29jqJDoQpU
TTI Success Insights Ireland,ChIJjfD6qKIOZ0gRT7rxyLBWsFA
TTL Design and Build,ChIJAYCFmbUMZ0gRINurtXxRaT4
TTM Healthcare Solutions,ChIJ217m458JZ0gRyu9IuhTkAZk
TTnH OFFICE,ChIJ80j5ICIOZ0gRYqoUp9qcMDQ
The Trading Post,ChIJd_7WTQBdW0gRIFLvn7Zg0Gs
ttsmetals,ChIJ1a56j4rLYEgRGhAKK1XPviA
Truck and Trailer Works Swords,ChIJJZ61qewQZ0gR0vc-fsUK2uo
TTWArchDesign,ChIJx2GnblEOZ0gR-W8oEN-A1ns
Tuairisc.ie,ChIJ-eNsbAm9W0gRnz1vb0QYa0A
Tuam Dental Surgery specialising in Endodontics (Root canals) Braces and General Dentistry,ChIJjyiFT0vxW0gRqBN7j8S48aU
Mill Museum,ChIJYQ3_M7X2W0gRkhCX_3U60Ts
St Mary's Kilmacshalgan (Dromore-West),36ad9ade334d972a5c9a6e908e87a4f2
Tuam Leisure Centre,ChIJJ8Eodsr2W0gR8GPnbVgdspo
Kilbannon Church Ruins,ChIJid_dDt7wW0gROgl_6_ZaVZM
St. Joseph's Church,ChIJm5RQJE07WkgROZEYmz7sYjI
Tuam Cancer Care Centre,ChIJhb09Tsj2W0gR5LgTuKEGdC0
Tuam Educate Together NS,ChIJf_yT6rP2W0gRJ1HVdMsxa_8
Tuam Family Practice,ChIJues4HzTxW0gR_kozdz5FHzM
Tuam Flooring Contractors Limited,ChIJkYFc6ATxW0gRKJFvNITIB9Y
Fehilly Florist,ChIJjyiFT0vxW0gRE6Q96H1CgMs
Bluebell Florists,ChIJoyCQJbX2W0gR4dXAethM6ps
Tuam Golf Club,ChIJbTdt_AD0W0gRa8awDOVQgkM
Tuam Heating & Plumbing,ChIJ8xow1LT2W0gRwoky3_ItEus
The Tuam Herald,ChIJi-CY5LP2W0gR7bTYGI95n9I
Karate in Tuam,0x485bf125419def3f:0x70a73f0cb9e05b63
Tuam Mart Store,ChIJA0s1fUzxW0gRMXeFSlhTZLA
Tuam Parish Centre,ChIJbelPi7T2W0gRC-VtR_YzGfw
Tuam Photo Studio,ChIJwdbzKEvxW0gR1b54CWJWBzA
Tuam Rugby Club,ChIJPcWi-qT2W0gR3jnsysEE1Ds
Tuam Shopping Centre,ChIJV27d4krxW0gRRLc0cVJ5Nt8
Tuam Stars GAA,ChIJzxE8z6_2W0gR5rOWPXYpkDo
Tuam Therapy Centre,ChIJe-tPsEPxW0gRLBo4jvjYwo0
Tuam Yoga & Pilates Studio,ChIJHz-5WZnxW0gRVOnUsTTsUMs
Tuar Ard Public Park,ChIJtxwjm2OzXUgRxYZQpRLt2tc
Dunhill Castle,ChIJsbugz5jdQkgRzfpiJ4xpsxk
Túath Holistics,ChIJ50jaeOINZ0gR9bO8d4f6Vpw
Tuath Housing Association,ChIJc4FiJpgOZ0gR6_nvPdthz7g
Túath Media,ChIJaTfNWPKBWUgRwNsmCBqLipA
Parish of Tubberclair / Glasson,ChIJNQUYWQFJXEgRrXDIuIgieHY
Tubberclare National School,ChIJl9gkgJw1XEgRre6yUg3h7cw
Forest Trail - Tubbercurry,ChIJW7je1Gy3XkgRWOFvUbAc8u8
Tubbercurry Family Practice,ChIJOYFuv9u3XkgRgHq9vXbW-jM
Tubbercurry Family Resource Centre,ChIJd7vH-x-3XkgRxxaBSuIXZ5w
Tubbercurry GAA Club,ChIJk3GuWp23XkgRjjtcjZrEh-I
Tubber National School,ChIJZyU5H8CzXUgRPrc-4SZiDX4
Tubbrid Castle,ChIJHbrGnH8nXUgRWNj3V1xpPbU
Tubbyireland,ChIJW_qus_cLZ0gRORkaz6dfHwE
Tube Company Of Ireland,ChIJRb9Leo0MZ0gR-vZN3GgLpIA
Tubrid Studios,ChIJP8vd_GO1WkgRwWfKnrl4-LE
Tubridy's Bar & Restaurant,ChIJT_AVJkvhWkgRvHSZTTQceSs
Tubs & Tiles Kilkenny,ChIJc8NWKaYwXUgR86kkOPq8L7U
Tullamore Canoe Club,ChIJPeAeZl-lXUgROjhiS7WG31Y
Tucil Consulting,ChIJHWh4tULDXkgRy-T5Hqx1o3E
TUCK,ChIJxZXa3psFZ0gRfQKJ4TrB_58
Tucker Packaging,ChIJLREVMEdhREgRFr9QreW3BVM
Tuckey St,ChIJ59jZphCQREgRsrtfks_F2JU
Tuck'In Maynooth,ChIJR9CnFHpxZ0gRfC9Tj3MIMx4
Tuckmill Gallery,ChIJhde3EJZ4Z0gR7ChngRiSwOA
Tucks Angling/Tyre Shop,ChIJO_YsWcPGW0gR8ZB7QJeNsiM
Tucks Fasteners & Fixings,ChIJtSZkGgkSZ0gRV2ZlBzspeK4
Tuck Shop,ChIJt-ZE7xT7T0gReJsC7kbQ6Rg
Tuco's Taqueria,ChIJP2Sc-lDpXkgREiK0Him_Ptg
Tucon Windows and Doors,ChIJcSyG02JXW0gRc2_iQUd0GiQ
Tucson Pumps Ltd,ChIJf9quui0PZ0gRVPl-XKIqLoY
Tudor Accounting Services,ChIJZ7k2S1UIZ0gRgPXWtGdTL70
Tudor House Lounge Bar & Guest House,ChIJJ0NMMycYQ0gRR4ZxQWx0G74
Tudor Engineers Solutions Limited,ChIJcXjhCo0MZ0gRHeXorBfg-Sc
Tudor Lodge B&B,ChIJzb4gaIKlXUgRgEGQ3gWvNdM
Tudor Lodge B&B,ChIJO_RCHoG9Z0gRF8jawm_8kVI
Tudor Rose Florist cork,ChIJzeIt8g2SREgRQUxa6nLpSIc
Tudor Windows,ChIJb9-RHCoVZ0gRBkwQ1vFmvvQ
TU Dublin Kevin Street,chijhuryisamz0grrokk1umdhw4
TU Dublin,0x48670d9880dde45f:0xda45cdd668cf708e
Studio Tuesdays,ChIJKVmjPRbFQkgR9eJ5JuFMY2I
Tu familia en Irlanda,ChIJ4e5IKIgwXUgRXTT5Wxjzcog
Tuff House Timber Framing,ChIJ91yhptjNXUgR3TICONCUDdI
Tuff Inish Adventure Race,ChIJDdY0bh79X0gR7N-li0cGISM
TuffPods,ChIJC7hTuB_NXUgRBbQkN0isx90
Noel Tuffy Body Repairs,ChIJI5B8CYJfWUgR-EGvd1Tiu_c
Tuffy's Wholesale,ChIJMdxkctLBXkgRWZOqAHI-E9E
Tufloo Toilet Rentals,ChIJB899zLgMZ0gRgp0eHkxaj9c
National Children's Hospital,ChIJT8MbqJ8OZ0gRmhKNms9nK4A
Teachers' Union of Ireland (TUI),ChIJVa7msfkLZ0gR11qHBr_2oPE
Teachers' Union of Ireland Credit Union Limited,ChIJP9nIpaEMZ0gRRLvibEk_KyQ
TUI Ireland,ChIJZ0-klpsOZ0gRdgS10szj_7M
Tuireann Energy,ChIJaTs2CCMGZ0gRp8GTK1-clXo
Tuite Air Conditioning,ChIJe-QmgSoQZ0gRTMnVoV87JQk
Tuite Satellite,ChIJD9LPpKOnZ0gRe56Q7KdtBQE
Ballinteer Institute,ChIJd-rlOmYJZ0gRvSfy9IXRcGo
TuitionFarm.ie,ChIJCTeZR8sBX0gRP_F-T9YB-Pc
Tuk Asian Street Food,ChIJo49C3lsOZ0gRY7-sFRfNWXM
Tuk Tuk Asian Fusion,ChIJb9dCS_QRZ0gRNwqZDI1Lu6k
Gaelscoil Thulach na nÓg,ChIJIwPrC7xtZ0gRhUiXzqfCBI4
Tula Mexican Grill,ChIJ1eUuDScPZ0gRLDQShOkN3WQ
TULCA Festival of Visual Arts,ChIJ86OOBOaWW0gRCQ-CNvAtveg
Tulfarris Golf Club,ChIJu_0Q31WDZ0gRCC5ONkqb6V0
Tully's Home,ChIJS7Je422DZ0gR1HAIYKA-5Gw
Tulfarris Hotel & Golf Resort - Wicklow Hotel,ChIJocxBWaqEZ0gRitmxEx1mG7g
Tulfarris Weddings,ChIJOeu921WDZ0gRE0PQsfu2pl0
Tulip Blinds Ltd,ChIJKyc45-4SXUgRMJ0ryRC9_VI
Tullacmongan Resource Centre,ChIJC_SeoC4MXkgR2ydvxG4ZrzQ
Tulla Comhaltas,ChIJefWCyGNlW0gRT-A7po1ABYE
Tulla Community Preschool,ChIJuYLK4WFlW0gRMA61i-11B-E
Tulla GAA Club,ChIJGamlHIpvW0gRhOrgiUvada8
Tullaghan Cross,ChIJdUg1Lb7jXkgRVvZwpD7eS2M
Tullaghansleek Stud,ChIJI_fRdAO6XUgRhHrtYmTtZM8
Tullagh Bay Equestrian Centre,ChIJC0PoTOFV9UgRYHIx3fzWydQ
Tullamaine Distillery,ChIJGUmVIW7NXEgRZcLHdxzsAGs
Tullamed Limited,ChIJqzU3wRRrW0gRl5cHuPHRtWM
Tullamore Plumbing & Heating Services,chijgcxiwgkvxugr9otnudl0zx8
Tullamore Agri Supplies Ltd,ChIJe7XYDIalXUgR5iY1eyOn3ww
Tullamore Bible Church,ChIJ58z0p7-vXUgRlKm7fAmuJLY
Tullamore Camogie,ChIJp-ZyzMWlXUgRc0QFHEz9dM0
Tullamore Carpets & Flooring,ChIJRcBXo4-lXUgRM34QsVq5Q9o
Tullamore & District Chamber of Commerce,ChIJJUy9goWlXUgR837aAOftBnU
Tullamore College,ChIJicEWR4WlXUgRy2QNizfHk2s
Tullamore Community Training Centre,ChIJOS964omlXUgR1ZmHMBmZ23E
Tullamore Credit Union Limited,ChIJjWlJDYalXUgRhCMEx8eWsnA
Tullamore Cycle Centre,ChIJ4eV0FY-lXUgROZaRcw304pk
Tullamore Distillery (Irish Manufacturing),ChIJI_Jo_VmvXUgROhB9w2XeFII
Tullamore CoderDojo,chij-smda4wlxugrtpw-hhr_afs
Tullamore Educate Together N.S.,ChIJIWZXpICvXUgRmJQy2e6GrNA
Tullamore Golf Club,ChIJOYNPaTWvXUgRUbKvRucU2nY
Tullamore Harriers Athletics Club,ChIJlQ7qK2GvXUgR0hmNePbNIWQ
Tullamore Hire & Sales,ChIJf1wzI4mlXUgR7m9x_XwV_QE
Tullamore Hockey Club,ChIJV8XZ6mavXUgRs5f5AGIaroM
Tullamore Home Improvements,ChIJL7jVT5SlXUgR3VC2abq5UmY
Tullamore Jewellers,ChIJi3w3fi6lXUgRHTExOJNVI8Y
Tullamore Medical Centre - Dr David Bartlett & Dr Muireann Leonard,ChIJsQ9xoIWlXUgR_49T2b8ePtU
Tullamore Motors Renault,ChIJG_IRqJalXUgRKJvhFL0_ipQ
Tullamore Parish Centre,ChIJP_sLAIWlXUgRX_V1lMTW0ks
Tullamore Physiotherapy Clinic,ChIJ5d3C6oWlXUgRto2NfvQbdPA
Tullamore Presbyterian Church,ChIJa-ft-oilXUgR1VRbLIaeQLE
Eamonn O Neill Auctioneer and Estate Agent,ChIJHdBX_oWlXUgR7KPQRUNluho
Tullamore Psychologist,ChIJs8ltPDulXUgR_qF6yhj2jhg
Tullamore Rugby Club,ChIJP1Dra2CvXUgRvnAkT64iAdw
Tullamore Self Storage,ChIJ3Z-f2QOmXUgRMgFdVrKCMUM
Tullamore Show,ChIJlZbNFamuXUgRy9NCEVrpmkI
Tullamore Storage,ChIJj_GTPdivXUgRU6wdK_vzYMA
Tullamore Tennis Club,ChIJzb4gaIKlXUgRbILQpNR5rkc
tullamore test and repair centre,ChIJ2QHMUR2lXUgRuLxBNEjkfWg
Tullamore Tribune,ChIJaVKN3IWlXUgREQXtUyxceJ0
Vapourpal,ChIJYRHzHoalXUgR_8R-FfGfz_k
Tullamore Veterinary Clinic,ChIJg77NZIWlXUgRVnP0O6Y5BdI
Tulla United AFC,ChIJ0fwudV9lW0gRq0qDaDK2-AA
Tullig House & Farm,ChIJeT30on9HRUgRCnJB19TJAHc
Tulligmore Equestrian,ChIJVfKYmKKOREgRmeUs-B3VLLo
Tullogher Rosbercon GAA,ChIJWRlhu-C1QkgRUM2NK5rWqsI
Tullow Parish Church,ChIJJZReG0QIZ0gR5MR89ktIZNE
Tullow Agricultural Show,ChIJpx5LsJlfXUgR-_oIfyItWP4
Tullow Community School,ChIJm2ZM2hNfXUgRt7UmIdmHVSE
Tullow Credit Union,ChIJj1pUyw9fXUgRrZEQrLN9cpU
Tullow Day Care Centre,ChIJT2afgQ1fXUgRMQ2EMAC_aSQ
Tullow Dental Care,ChIJI3xr6w1fXUgRiYD7XZwn_Pk
Tullow Florists,chijvekyeg5fxugrizly4ihqrwo
Tullow Family Medical Centre,ChIJ4W6wPmtdXUgR-UAeJI-BEgU
Tullow Hand Car Wash,ChIJewcHqGxfXUgRb5GSQ4sLrho
Tullow Mart,ChIJeXzx_w5fXUgRmOswsf61cmY
Tullow Oil Ltd,ChIJp1FEk6kJZ0gRnqUKHB6Su5A
Bishop Daniel Delany Museum,ChIJn9LgYc5fXUgRAt9ONFfom9g
Tullow RFC,ChIJh6vpS-teXUgRDHdblFZzLB0
Tullow & South Leinster Tennis & Sports Clubs,ChIJSWLWBg1fXUgR1XXom7gOudM
Tullyallen Medical Centre,0x486739d3b2f6feb9:0x6ebf9a0a0c07ac69
Tullyallen National School,ChIJuf72stM5Z0gRe8M6sbtbcMY
Tullyarvan Mill Hostel,ChIJg1_u0pf7X0gR4er1RahKRQg
Tullybryan House B&B,ChIJm1-3g5qfYEgR02eJvMzx35M
Tully Calligraphy,ChIJ1RmFuhoNZ0gRijJT-WxinGs
Tullys Coaches Limited,ChIJsStA-JxXZ0gRJfY7JuMLjCY
St Patrick's Church,ChIJ77r4gCKlYEgRxKmLIsc4iWg
Tully Crafts,ChIJC123fgbpXkgROPy1TfM9tUk
Tully House Dental Practice Clondalkin,ChIJVVshYU5zZ0gR2DrVzDN-4Oc
Tully Doors and Windows,ChIJ916-UZGJXEgR6BvxAfebxDo
Tully & Duffy Solicitors,ChIJCzIK0SY6Z0gRk2cIH0QZFZc
Tully Family Practice,ChIJWWZmT3IJZ0gRGwa2wo00_Cw
Tully Forge Ltd,ChIJ5azEYI-pXkgRlWTQaMile5Q
Tully Landscapes,ChIJVdk_P2oXZ0gR_kLi8PArFWk
Tully Rinckey LLP Corporate & Employment Solicitors,chijmblzafgpz0grc6srvlyxoye
Tullynally Tea Rooms,ChIJ-RHlLl7pXUgRJTy-lxov2vY
Tully Nurseries Ltd.,ChIJafi3LhAXZ0gRv95xzySPCCI
Tully's Bar Waterford,ChIJj718BJ3GQkgRGig_iKm_i4M
Tully's Bar Carlow,ChIJ3RKIzqxCXUgRTcrkQbuiL2Q
Tully's totalhealth Pharmacy (Raheny),ChIJM-NqjIwPZ0gROokpwJidzps
Tullys Travel,ChIJCT1DLlNdXUgRCGzvHp89ENc
Tully Tyres,ChIJR-UXgeXCX0gR8JkHd4atPUg
Tullyvin Garden Centre,ChIJqyaTuDUbXkgRGCzpJl8yTQQ
Tullyvin Wood Products - Showroom by appointment,ChIJJ9xKuDUbXkgRrblETb4zAEI
Tulsi,ChIJoynZEdMSW0gRor8o6O879rQ
Tulsk Lord Edwards GAA Club,ChIJ87fUkMshXEgRawJhSCuzvMU
Tulsk National School,ChIJ5fi_Y8AgXEgR048Uob0ExxM
ERIC Institute of Technology,ChIJd9EISbFCXUgRuRQVZYZuDos
Tumble Jungle (in very warm days please phone ahead Incase we are closed,ChIJfddREb43WUgR-L9n247cIkk
Tumble N Fun,ChIJr-fXy5HOYEgR7TN_7V1iH8I
Tumi - Kildare Outlet Village,ChIJVa1WTdp4XUgRP3jQwOa54A4
Yoga With Melissa,ChIJu02j5jkFZ0gR-Db3Y3mINKk
tummy time,ChIJUYPnbm2XW0gREBClx_BhXDo
tún - architecture + design,ChIJ8a5hzC0MZ0gRMPhM8oyktds
Tunbal,ChIJoeiQPukiZ0gRqCXO6_xKULo
Tungco Worldwide Ltd,ChIJzwLSdz5bW0gR_KJjplIjLpQ
Tung Sing Restaurant,ChIJo4gdIRCQREgRtqSrEk7x-lc
Tung Sing Chinese,0x4844917aee46d3a9:0x57a1416341f6b86f
Tunney Opticians,ChIJa2EXk_ENZ0gRbu9hsK_i2DY
Tunstall Emergency Response Limited,ChIJn0vG0Xr4Z0gRraNV7ovEMPA
Tunu Space Pilates,ChIJ-RdFbigNZ0gRxrgmT6tVRw0
Realt Na Mara National School,ChIJO6nzxgg8RUgR8eTsJ5pAaww
Tupperware Ireland/UK,ChIJFcFHnZ8aZ0gRWSzkE4u7KZ8
Turas Art Psychotherapy,ChIJn57jiUCVX0gRa1QAEF8QyHo
Turas - Counselling,0x4860cea41dc2d2b7:0x4f9da2149f4a0e05
Turas Creative,ChIJN5WNB-aWW0gRncqQGt14y-I
Turas Éireann,ChIJqQQXOPjNXEgR4JPBHG-RxeU
Turas Leather,ChIJBQHMJFGlZ0gR-G-vYKQjjT0
Turas Le Chéile Counselling & Psychotherapy,ChIJLZydmGKtQkgRwAmbDHkg0Wo
Turas Nua Arklow,ChIJm6trTfzDZ0gRknXDKFXJuNU
Turas Training,ChIJ_-n5McINZ0gRDzM7GEr67j4
Turas Travel,ChIJs4MUJUOkAygRkytYUdLW41s
Turban,ChIJa4VNtUSRXEgRVnzciysLcKA
Turbines Ireland,ChIJ01yyUYYZZ0gRjv4PccDdYyA
Turbo Land Turbocharger Repair,ChIJy4EDH5JmZ0gRGwgEL38gkuY
Turbo-Service,ChIJq0rJwwN0Z0gRzf3xXzJfbL4
Turbo-TECH,ChIJMbi6NkUSZ0gRPTTxtggIlPg
Turbo Air Limited,ChIJH8bHX9QMZ0gRJJGPUp8d36M
Turbo Centre Ireland,ChIJ3V7ICTyRXEgRrxvnea12gqs
TurboChargers.ie,ChIJFSEZL_MSZ0gRJNp8MHidGLg
Turbo Direct,ChIJj8AnWg6SREgRINan9P3cLbI
Turbo Drain,ChIJm18A0BA6Z0gRFHbG1-AFehs
Turbocharger Reconditioning Ireland,ChIJzVMoJ4POYEgRIzBSMdu2k9c
Turbo Factory,ChIJ-fNZM2o6Z0gRtJMKlQ3ozdE
Turbo Last Mile,ChIJ2UZZXJitVKwRFg99el6dv5Y
TurboRod,ChIJPSnNyr7DZ0gR279rcDsMu18
TURBO SERVICE,ChIJ4aQMGTExXUgRbz3EVl58Mpk
turboTEM Limited,ChIJiz0oKDQPZ0gRzLIsSU9AlPs
Turbotricity Limited,ChIJ4wLlsR8JRUgRLmS7VhQiXKM
ECS Turbowash,chijtwwnisjvz0grpyvp8hpphbs
Turbowizz,ChIJzYNpAg83Z0gRSKDU1IN_mFg
TurboXpress,ChIJy-c4ESMwZ0gR6yas03uyvEM
Turfcare Group Limited,ChIJl3DoBSKCZ0gRYDCVKzJGP3U
Turfgrass®,ChIJRc7AGGelZ0gRwTbOdjyo9Es
Turf Lawn Sales Ltd,ChIJlfJlWpl6Z0gRjK3eeCyPinM
Turfy,ChIJ6VbQXP89Z0gR9CYf2cEMo2s
Turin GAA Club,ChIJcZW61lDsXUgRsyahj89cf8E
Turin Castle Ireland,ChIJ46n__mDvW0gReaTnPPlTjco
Turin Components,ChIJ83akvCXvW0gR6nV8WOZ1LH0
Turkington Windows,ChIJPxe1gZUNZ0gRT-lgjmUI4-s
Turkish barber 2 castlebar,chijca-jmybdwugrxqdvu_u2bys
Turkish Grill Mullingar,ChIJ1VzR9InBXUgR5IHXx70xo5s
TurkishGrills,ChIJfZY82BBdW0gR2vjAmfYuDOg
Authentic Turkish Barbers,ChIJkXx81_7DZ0gRMg7e5FR3d-c
Turkish Airlines,ChIJm98y9rQRZ0gRtW-d1ydxtpM
Turkish Barbershop Naas,ChIJ8Tv7Ar14Z0gRuvTuwr06rbw
Turkish Delights,ChIJR063O_uDREgR-BhP83aQouY
TURKISH GRILL TAKEAWAY,ChIJU1unWroNXkgRoxAO-OW-tZk
Turkish Kebab House,ChIJ40J6tIcOZ0gRgxM_un3W8LA
Turkmen Grill,ChIJTTppoWVcW0gRD89BwE33HeU
Turks Barber Shop,ChIJRxt0YM-WW0gR4sxgC1EqNxo
Turkuaz Turkish kebab & pizza house,ChIJe0xAjKtdW0gRrJklnNHYk7w
Turlach Na Rua,ChIJRUino7zxW0gRZ3gCPtKA-qc
Turley,ChIJq8lqO6APZ0gRsqkCy69I5tE
Turley Property Advisors,ChIJu4JlqJ8OZ0gRtntq18q-bRE
FDC Business Advisors Dublin - Financial Advisors | Mortgage Advisors | Accountants Dublin,ChIJB14F92ioZ0gRbXJ33OhSc8Y
Turlough Hair & Beauty,ChIJL7RzhJ9cWUgR_53iAlFWn-k
Turloughmore GAA Club,ChIJD5FPhguNW0gRSJwMFi8PG2U
Dr. Brendan Day,ChIJ1wIx5NuTW0gRfy9GMpdRoBM
Turlough Nursery,ChIJa7ELDQ5dWUgRzgcXMLYZSzM
Turmec - World Leaders in Recycling Solutions,ChIJ0xds7OL1XUgRhd5oj5t7a_M
Turmeric By legends of Dun Laoghaire,ChIJqWYdLyUGZ0gRsBBtSlCTOq8
Turner & Townsend,ChIJ6fb8KMEIZ0gR8gt8VDld4qk
Turner & Whelan Painting Contractors,ChIJm-v7CScdaEgRS8WPb3pm1zw
Turner Clinic Of Alternative Medicine,chijwwa1d2ciz0gr_wmnjkepzyi
Turner Plumbing and Heating,ChIJt8duWP4NZ0gRqcnp0X9TL0E
Church of Christ The King,0x48449002bd67c31f:0xdcd01d63e1f73a89
Turners Cross Taekwon-Do Academy,0x48449002b6953adf:0x32b9c71735cb5f00
Turners Cross Tavern,ChIJ_10zQBCQREgRJUnvYrNr6Eo
Turner Swim Dublin,ChIJ_-2hJO0OZ0gRba09XsBnECQ
TURNEY INTERNATIONAL ACADEMY LIMITED,ChIJ929Lo6TOYEgRwEKQnBjh7yw
Turning Point,ChIJEUVajyEGZ0gRGdpHskXk19M
Turning Point Driving School,ChIJh7XIwxERZ0gR0zZq4xcaXgg
Turning Pointe School of Ballet,ChIJ2bn6gmZcW0gRGwuf4BO0haQ
Turning Heads,ChIJpUqEC3s1RUgRaFPnXnfpIQA
Turnkey Planning Services,chijbesxmwtcw0grcjuuinvdbaq
Turnkey Kitchens,ChIJBQtiZz-vZ0gRzHxx60VXJU0
Turnkey Property Renovations,ChIJMZqwM2eXW0gRaZimXk2txLc
Turnkey Shopfit,ChIJfa-VJ0WRXEgRjQ4GcU3DLnk
Turnpike Acupuncture Clinic,ChIJpQS2UjcTW0gR7x0irXLIrzQ
Turnstiles,ChIJ1wJWzol0Z0gRhEeJ5xAEs7g
Turntech Engineering Ltd,ChIJqwxiR0UbaEgR8PnC1iDof_Y
Turoe Pet Farm,ChIJ5aJ8keB5XEgR40Qr3atfSpo
Turquoise Café,ChIJYS4pNumlZ0gR7_t-jq4YoVc
Turquoise Leathers,ChIJyQpGCpUOZ0gRJCPBbkj2EDc
Turra Lodge Farm,ChIJETL0H0hrXUgRFgSfoxLV198
Turtlebrace Ireland,ChIJEaM6b0r3XUgRy-UWDwqGJmM
Turtle Tots Ireland,ChIJNf5mJS-XW0gR5B59KY43Lo8
Turvey Allotments,ChIJydu20vgZZ0gRS67ywmEEtuA
Turvey Cars & Vans,ChIJJYTUK3kXZ0gRQc_xxiuva7w
Limerick School of Art and Design-TUS,0x485b5c6b017f0e8d:0x2e3d56ea6366e433
Tusa IT Services,ChIJgSQvx4U7Z0gRrAH6h_mKFN4
Tuscan Stone & Bathrooms,ChIJIwZV3IgIZ0gRz8HY3NEkMBo
Tuscany at the Granary,ChIJUZ9JamhcW0gRfDqz9TcDjVc
Tuskar House by the Sea,ChIJd187YGEXaEgReGvRLjx2ZEU
Tusker Construction Group,ChIJw7t0yGa6YEgRolQ-xpvAKeE
Tusk Interiors,ChIJ5cwuAS27REgRfWm-kpnjepw
Tusla,ChIJU-jnQOkMZ0gRI2GDdIulVpU
Technological University of the Shannon: Midlands Students' Union,ChIJI1mbEW9JXEgRvoUcE8u_nlA
TutorHub.ie,ChIJL3ZqHOYHZ0gR-GdMjMbICy8
Tutti Frutti juices and smoothies,ChIJ7ZMNkwP9Z0gR4SGlgzGIfWk
Tuttiwebs,ChIJ3fgALMpyZ0gRwzFIq6kW0qA
Tuttys Shoemakers,ChIJzax06Zd4Z0gRu_u9tEvEf1g
Michael O'Donovan Jewellers,ChIJo-pYIla5REgRSv7H39Rh9HY
Tuul Mongolian Cashmere,ChIJl8v-LRIPZ0gR_J1PyqHJjEU
TÜV SÜD Real Estate,ChIJE5eHLsTrX0gRd5T03azLLu8
TÜV SÜD Lift Consultants,ChIJrWnEJSgMZ0gRG9Zig2LcZao
Tuxedo,ChIJd4k9qmQ1RUgRHr5lJTTgnm4
TVadSync,ChIJg4JXFZcOZ0gR8Pb9oEkZwFc
TVAE,ChIJaZnVtKGPREgRFRItuD1rnvY
TV AND BROADBAND SERVICES,ChIJedJk9S4VZ0gR9310JmBCkt0
TVAS (Ireland) Ltd Archaeology,ChIJ5W0ILX1xW0gRtJ27NkjYESw
The Villiers Consultancy,ChIJQfmVR0n1REgRaoZBuAAfXSE
TVG Traveller Visibility Group,ChIJnWTZGxKQREgRUL034TvaqPs
Grant & Company,ChIJkX3_uCA6Z0gRSesapTTh8Rw
TV Ireland,ChIJM54Na6JeXUgR-odT1hClFxo
TVL Ltd.,ChIJ_-LnNGteZ0gRd-5UdZXSRXA
TVM,ChIJM9FTxjxgQ0gRR7mBIlXuMpI
TV MOUNTING,ChIJjxpH6pgLZ0gRqFaO7LzVb5U
Tower View Precision,ChIJN8f2awp9Q0gRXfTxbK10rio
CTV-tv repairs- opposite CUH,ChIJ7ZFIrCuOREgRfJJk3rJ-YJs
Thomas V Ryan Auctioneers,ChIJk28HVsDEXEgRkEWDgRpuiy0
TV Services Digital TV and Satellite,ChIJhSo52cxoXEgRTKZYCb9AKiw
TVsolutions,ChIJ7zf4vtkJZ0gR-hDbSD0TJ2A
TVS SCS Courier Services,ChIJfUuCidMRZ0gR_Tabitr_wwY
Twapp Media,ChIJ8YaMpuY9Q0gRRSJzpo-YQq0
Trevor Wood Consulting Engineers Ltd,ChIJz4IzcMqwZ0gRlEScCnCizUc
Tallaght West Credit Union,ChIJ88LgE790Z0gROlPDwT7IZJE
Tweak,ChIJoa9Pf85FRUgR1qtkgCES0Ro
Tweakmore,ChIJDze8_dsOZ0gRvWrHNkf9i50
Tweed,ChIJr2NDQ4OpX0gRaKwPQzmaw1o
Tweed in the Valley /A Perfect Gift,ChIJW2XRPNXBZ0gRNSWR2MsCRjg
Tweed Law,ChIJISmaqY4OZ0gRHwxajjZelP8
Twelve South Creative,ChIJFe4DLXOFREgRIjuryZs3Iow
Twenty Two,ChIJX3PzkbizYEgRJ1ZSUpt8W5c
Twenty11 Atelier,ChIJh_BwoL0JZ0gR2AHPL69h5gc
Twenty Sandwich Bar,ChIJyR1jUASQREgRhL3JLrzZNxE
24/25 South Mall,ChIJpfhipBqQREgRLblvCFHo214
TwentyOne,ChIJZ9tQtKGPREgRFU7kLQDObYc
Twenty Six: An Eclectic Mix,ChIJlYW4OkWRXEgRUfZwV1dpewY
talty window furnishing,ChIJ-X9nX9ISW0gRkSgbEAGZKDQ
TW Glass,ChIJVxqzw_TFQkgRYqTj7AMXSqc
vintage,ChIJ6YPZfm4NXUgRro8KH0O8oHY
Twice as Nice Cakery,ChIJUV0w3tELZ0gRCZGyM-6GtdQ
Twilight Community Group,ChIJk-f0ChM7XUgRR9R7V1sFdQc
Twilight Entertainment,ChIJ52JCutGRREgRcEUFf3gKn3o
TwiLight Hoops,ChIJ9bkXeMnFQkgRbi0Ik1xWW6U
Twilio,ChIJT2GmD5IOZ0gRg0RezMayKAA
Twin Dragon karate Association,ChIJ-yVUTiRFW0gRNDW91-l7hh4
Twin Electric,ChIJp7qPbNoMZ0gRmvmtjorFYoM
Twin English Centre Dublin,ChIJVYKVny8MZ0gRTX4lPTy6sSw
Twin Flames Elopements,ChIJ20XlMjaXW0gRYcDY5G0J8so
Twinkly,ChIJcxR5Q7ENZ0gR5rVzYHfY9WA
Twinlite,ChIJmS3YQnYPZ0gRsooYxlc0gPg
Twin Oaks,ChIJwWcy5mwNZ0gRp3Fzmg0KpCo
Twin Peaks B&B,ChIJ_wKzdVMHW0gR86-K9S5ldc0
Twin Trees Hotel & Leisure Club,ChIJXxnufLw3WUgR9Jjtg824P-c
The Twirly Gate,ChIJU2vUEkENZ0gRIX2ycDZZu9I
TwistedPair Ltd,ChIJXcatEQ51Z0gRfgLb1yyTVGE
342Enterprises,ChIJfbNAduZ3WUgR3z0Urn1LPV8
Twitch Fix Garage,ChIJOePTVxARZ0gR395rzmo5OF0
Seamus Heaney: Listen Now Again,ChIJa3Db92UPZ0gRfGInciQxGm4
Tomorrows World Limited,ChIJcUEU-rMMZ0gRAeb5pnUHs0I
TW MCK Solar,ChIJ9cscQ-ExoqARYQlGURAKM7w
TW Menswear,ChIJQavcmiWyYEgRSHV9BMq3QPc
TW MOTORS (IRL) LTD,ChIJ8xLs1JsMZ0gRScAgnKND4Bw
TWM,ChIJa0FRrpsOZ0gRG05hQpCPFcE
TW Murray & Co Ltd,ChIJvdsSQxCQREgRT8R8K8oaLmA
Two Rivers Cafe,ChIJz3ECUZvFREgRS3Pd3gq86sM
TWOBEANS Speciality Coffee Bar,ChIJOc3i-yAGZ0gRSgGtBasYTZM
Bird & Bird (Ireland) LLP,ChIJB7aEyakPZ0gRbXBUwOULjxg
twobirdsdigital,ChIJ6SGhEztJXEgRM3jLRjK4NPA
Two Birds Interiors,ChIJWxkHGWDmZ0gRPp8R06s8k58
Two Boys Brew,ChIJ1x0jVH8OZ0gRISDhYQtGfJo
2C Cafe,ChIJ0UTPyh95Z0gRWvyQtIck4Ko
Two Dogs Waiting,ChIJ_RTYxnKFRUgRkudvlZ-IH-k
TwoFace Tattoo Studio,ChIJb8HQLmCRREgRnsQc-b1vkVU
Two Fifty Square,ChIJHwvZEB0MZ0gRq5_-eJ3uVFs
Two Green Shoots,ChIJuSqkumOLREgRmLeqIOooD2g
Two Green Witches Doneraile Well-being Hub,ChIJM-Lv6BG7REgRurnk9zFe7i0
Two Heads Design,ChIJl-ci0XcbaEgRwAX2nroW0Jk
Twoheartsmeet,ChIJGR81KhOzREgR9J6XjIxYZy8
Twohig Accountants,ChIJ77xgbV6FREgRZAjE7ZQUq4M
Two Men And A Truck Moving,ChIJqcajo_UOZ0gRvyPxRtwQwLo
Twomey Industrial Services Limited,ChIJ9R4jMISSREgRMyuOweimayA
Twomey Precision Engineering Ltd.,ChIJlQtgozL0REgR75Agq70msCU
Sean Twomey Heating & Plumbing,ChIJCw3__ueUREgRDkCg17w9B0Y
Twomey's Jewellers,ChIJXdFAUqUBRUgRcjpvai1rPCQ
Twomey Moran,ChIJR4S5bOsOZ0gRDo6CloPzo5k
Twomeys Bakery,ChIJx93nZWzLREgRhm41Nzqgep4
Frances Twomey & Company,ChIJv6EammNcW0gRgA9uOmINYjI
Twomey's Strength & Conditioning,chijsqki6qt9q0grv-wmt-b5ghm
Two Mile Community National School,ChIJt_5qdHg5RUgRYjqNONPcWLE
Two Mile House GAA,ChIJkxevJ52BZ0gRwI8yPiUvlfA
Two More Power Balls,ChIJueA2CpKRREgRJDCKvX1Mv2I
TPS Car Refinishes,ChIJd4NnspoIZ0gRU3BCa7Y-ct8
Two Pups Fairview,ChIJi0-N_oQPZ0gRK7-GxIJYVPw
Two Rivers Kindergarten,ChIJ83IMq_uhRUgRjHUFSFRbSA8
Two Rock Transport and Minibus Hire,ChIJPyiTMGI8YmUR--iocL_ox-U
Two's Company Dating Agency Ireland,ChIJ5Z8_OSQGZ0gRzSoMcG3iDR0
Two Sheep Soapery,ChIJWfKn7OAvXEgRJwrFxMiZOAM
Two Spots Coffee,ChIJe8hZc5wjZ0gRIUfcH3tl01Q
Two Wheels Cycles,ChIJwYVvyRhlZ0gRvNApdrGGxhc
Two Wheels Motorcycles,ChIJ0XkQQacMZ0gRV65NH4GT20I
Two Wheels Training,ChIJkwjEFq4BaEgRO9E3e-Udffs
Two Wheel Training,ChIJPWhMXGTyREgRymx5B0xbn8s
Twowoodenhorses,ChIJjzOyQ-uvZ0gREgka7Ki9MGA
Tralee Women's Resource Centre,ChIJTz3l33o1RUgRV3JrcigYavc
Tybroughney Castle,ChIJpd5i6dXQQkgRs67pVwsSibI
Tyco Distribution,ChIJYS-Tzb0MZ0gRKjFtWf9Cbuk
Tyco Security Products - Dublin,ChIJh1liqXENZ0gRB2X9hYdG-gY
Tydavnet Village Community Center,ChIJxTsffPWeYEgR1kbSuhD-taA
Tyfo Sports Limited,ChIJA2jdxyrrX0gR5IrVhph5iI0
Tygro Consulting Engineers Limited,ChIJt3aG0XIMZ0gRDAFZnPuogIk
Tyler Owens Architects,ChIJaTWID2cOZ0gRcqVlUemkVCI
Tyler Weir Recruitment - Legal Vacancies,ChIJ2z5QrbkPZ0gRPPQTKeh36So
Tynagh Power Plant,ChIJY9bvxbx7XEgRrarVaIxsuBk
St Lawrence's Church,0x485c6325fb695ec9:0xc74f3ea0c71e30ba
Tynagh Network Systems,0x485c78f67f09de85:0x1b821f0282d6535a
Tynagh National School,ChIJ7RMFDwBjXEgR3zcvaAgaMsI
Tynan Dillon Naas,ChIJR7_m2dx4Z0gRhqBlBuAPDpk
Tynan Design Glass,ChIJ8zL44DHBXEgRT71v6jDJzTI
Michael Tynan Cars,ChIJF-e2XFpzZ0gR1uT1GDH-4ck
Tynan Solicitors Limerick,ChIJl4haEGZcW0gRmhxzH5Izpgw
Tynan Pianos,ChIJ161e-x0MZ0gRu1x7AH5RKpo
Tynans Restaurant,ChIJWfLW5NENXUgRDbndEZEEBlA
William Tyndale 1534,ChIJRY_HRoc1Q0gRXLVoGZEa_BE
Tyndall National Institute,ChIJYTOkyBeQREgRcfvQpGSP1fo
Dr John Conway & Dr Bruce Ashburner,ChIJ0UTR7ZRpXUgRtBF8Qli7bKM
Tyndall College Carlow,ChIJ5cu4AcdCXUgRURRgkAKGi54
Tynock National School,ChIJ8Tw-8mSLZ0gRr-5kNx3hZCQ
Tynte House Bed & Breakfast,ChIJnzDnQkyGZ0gRFvbKIB_gpDE
Tynte's Castle,ChIJk1CoGABtQ0gRTb0gHKTklmY
Typecraft,ChIJN4CGpbQJZ0gRrxzn-NKTdMI
Typeform Design,ChIJUSRVuPcOZ0gRTupQGbTYBi8
typeindicators,ChIJt0kANlsTZ0gRJTxYK5f4LyQ
Typeproof Proofreading Dublin,ChIJU9Xdd2cJZ0gRMyx35LEjqX0
Typerkits.com,ChIJ-wLNaIjCX0gRewwIynZEbGc
Typetec Ltd,ChIJM2VmxKEMZ0gR9WFXNj7mg2w
Typing Services Ireland,ChIJw5h5GIJpZ0gRguOrURCIS0k
Typist.ie,ChIJ26aXs69bXUgRb9W1oBKxZFU
TYR3D,ChIJW7updjvkXkgRz27JSR3Rgf0
Tyrefix.ie Dublin,d9120e11e465437a7a1a79529e3a181a
TyreAware,ChIJebI-VgKbW0gR7KrdDuMbbPc
Tyrebay Direct,ChIJSxH63UUFZ0gRA2yntCi0vq8
TyreCall Ireland,ChIJASMJslwJZ0gRX_mYgxAoNVQ
Tyrecare Ltd,ChIJydIPtopyXkgRwyDgJrLpXyw
Tyre Centre,ChIJf9ThKroLZ0gR5kYsIth7Di8
Tyre Centre Kilcock,ChIJ96xC2DllZ0gRbXvl7LwjoKY
mobile tyres kill,ChIJkZ7n5y15Z0gRM0tzAgR76Yk
Tyre Gear Tullamore,ChIJZW-A_sClXUgRpRCCyTi4GbA
Tyre Hangar LTD,ChIJB9IB9VFbZ0gRZq1UlUdnvQ8
Tyreland Navan,ChIJCXL3NElbZ0gR1CyvR7rzW5g
Tyrell,ChIJv6zoXo0MZ0gRceiU-SR-0ZQ
The Tyreman,ChIJWxVZWNYZQ0gR4uklC38YQvY
Tyremaster,ChIJRWHwEpsMZ0gRVcH3cj4y2Dg
Pro Tyre Limited,ChIJlQbpYoQSZ0gR-yX5z2Pa01g
TYRE RESCUE.ie Newbridge | 24/7 Mobile Tyre Repair | Mobile Tyre Service | Mobile Puncture Repair | Tyres Newbridge,ChIJ_9QlFDuBZ0gRjWnqoOuFil4
Tyres Cootehill,ChIJMesLOOccXkgRLoSLdbO0Fco
TYRES AT HOME,ChIJ7RP-3l2FREgR0shgKAzf1qk
Tyre and Service Superstore Tallaght,ChIJUxu3JEsLZ0gRT6LiVLJQWb4
TyreSeal.ie,ChIJDa8AYi6rYEgRo5XbDKcT4tw
Tyres for Long Miles,ChIJKUTYmqQNZ0gRUPC0VlyUFXE
Craughwell Tyres,ChIJt6BvaRaGW0gRiX2GpzMiTsE
Fitzpatrick Tyres & Batteries,ChIJq7sf6skNXUgRAiWDrUX4eI0
Tyre Source Naas,ChIJ4WX7zbx4Z0gRKwp2GVfLdkE
Tyre Specialist Centre,ChIJJ5xKLwr9XkgR8drR_mQC1Ek
TYRES R US LTD,ChIJZRYHDJlkWUgRZc4Lf1FSIHw
Tyrestop,ChIJpwkwjPhbW0gRp5iEfm7c0xE
TyresWorld,ChIJ4fgfV7vRWkgRvvNs_xK0l7U
Tyre Tech Services Abbeyfeale Ltd,ChIJf_D-w2wrW0gRTr0J1r3JSek
Tyre Wholesalers,ChIJP_oOKpYSZ0gRCMjoY3rpHFU
Tyreworld Ltd Top Oil Service Station,ChIJzcAtMIoAaEgRE6hs0X1nmHg
The Tyrone Guthrie Centre at Annaghmakerrig,ChIJ6WFjkr4eXkgR1pciTO2vSWM
Tyrone Productions,ChIJHe-emIIOZ0gRPLgPkZCbkdw
Tyron Ross Photography,ChIJA-lChbdeREgR8zoGlNxdUXM
Tyrrell Physiotherapy,ChIJl3M6TgARZ0gR413bl7mZlzM
Tyrrell's Auto Repairs,ChIJRWYTpJQ5Z0gRSGWhviaP6l8
Tyrrellspass Castle,ChIJfQJVRly8XUgRQueXhjWgssU
Tyrrellspass GAA Club,ChIJpRe1-EC8XUgRkeLEO6QCYRI
J.Ryan Hardware,ChIJdQULFFu8XUgRjcKXBWqrMpE
Tyrrells School Supplies,ChIJecsl4OHBXUgRFakQHyPi6qA
Tyrrelstown Community Centre,ChIJKxy6B8USZ0gRn4xiuEkDJSM
Tyrrelstown Cricket Club,ChIJ9aX3c1oTZ0gRmaDRcXC0UvA
Tyrrelstown GAA Club,ChIJMd9hqEptZ0gRujcSxHw3uHc
Tyrrelstown House,ChIJ45qOazYTZ0gRUw13A72uy7s
TYRRELSTOWN JKS KARATE CLUB,ChIJLVDMdfETZ0gReTLbUVGv9Fo
Tyrrelstown's Little Stars,ChIJL06zrsgSZ0gRvTo11QbOz74
Tytex (Ireland) Limited,ChIJ05g3kqFtQ0gRx0Ivo2Rgeqs
Toward Zero Carbon,ChIJpx9SS80NXUgR_d-epKquPKM
u-Be.,ChIJ7V4UF79DXUgRrmRRAJ-oJgc
U-Blox Cork,ChIJneyw7TOFREgRQfDh7kjmTR8
U2BU Coaching,ChIJP3FI0_wHX0gRer3FmHrJyd8
U2R1 Wedding Cars,ChIJn9kvd2z9W0gRGv0tOYSlVy0
Greystones U3A,ChIJcfgoFTuvZ0gREPMG3N363hs
UAB Painting,chijs3yld18nz0grw3nrqrl6muq
UA Exporter,ChIJmSvntE5tZ0gRaWbAYo9KE0E
Ualto Ltd,ChIJ5YnP-IUOXkgR1VhEkhDSMRU
UA Motors Ltd,ChIJZ8jxoEtbZ0gRhgH8jDws6AE
The UAV Leasing Company - MD Helicopters,ChIJ6dHVYzMPZ0gRiH6jv1UH3F4
UAVision,ChIJqaUiGUUNXkgR76GZ7ILmqrc
Uber COE Limerick,ChIJb-CS2zddW0gR42bFl51h6G4
Anthony O'Neill Financial Services,ChIJu8EtpAERZ0gRSuANS3AWXJA
UBFit Sports International,ChIJ5Tm1fEyWW0gR38AqUXKGnWQ
UBIK Digital,ChIJ5f-FCsU3XUgRJxTGk6j8Oxo
Ubinspired,ChIJm_c6mJ_bQkgRFQWuyuJtPKY
Ubiquitous Restaurant,ChIJzQTmiqH7X0gRS2GwMwpOqwo
UBiqube (Ireland) Limited,ChIJ_2dThD8NZ0gRDmb2-FpTthQ
Ubiqus Ireland Limited,ChIJxZXFFpzGQkgRZtWDedqc4-A
ubitricity Charging Station,ChIJmUtq1jwGZ0gRWZPGNegoO1o
Ubitricity Charging Station,ChIJkSR-u2EaZ0gRq-6usmYgtjM
UBL Sales,ChIJ1e08dJsVZ0gRECmMu6CSe_c
UB NAILS,ChIJm0HOI3bTXUgREkhM6WlRSNM
UBO Service,ChIJuc3-O_TFQkgRFPuvJGiYTQ0
Ubotica Technologies,ChIJaV1FebkPZ0gRPIytygpFq40
UBS Fund Services (Ireland) Limited,ChIJWyYn748OZ0gRnNX8ygperT0
uBuildPRO LTD,ChIJhWIf8hpfXUgRPhb0RXoI-Vs
Ubuntu Family Chiropractic,ChIJG0ZJKVMHZ0gR2yvkbalXDRc
UBX Stepaside,ChIJoe6DTNIJZ0gRAtQyo43a42I
U Clay Farm,ChIJFbvqYbEJZ0gRubEcQcj49YQ
Ulster Canal Adventures,ChIJbQz43SsZXkgR5nRT5zklaPo
U-Casadh Project,ChIJLxf_wPTGQkgRVMERYyd-_Ks
UCB Pharma Ireland Limited,ChIJKw13pPR0Z0gRAB8j4z0Tc0A
UCC Coffee Ireland,ChIJH9H0gpsZXUgRK1Sr0KOGy9o
UCC Music building,ChIJb2gzYTCQREgRPYLIk3M1T_4
Uccello Designs - Ireland,ChIJ1y5X8QtJXEgRZoV1X2C3Bzs
UCCI - Ukrainian Crisis Centre in Ireland,ChIJy6cJHRgNZ0gRn0UnMPi27Vk
Lowercase Bookshop,0x484490236255d31b:0x8c5afe19b9d9077c
UCC Students' Union,ChIJO33YsyWQREgRh0nntH_JYqA
University Hall - UCC Summer Beds,ChIJab5SUCyQREgRPc53GDFpzqE
UCD Karate,ChIJUzz6FdMJZ0gRkIoG9TtgZ0M
UCD School of Nursing,0x48670936a7262dbf:0xd7d0ad04da2edc4e
UCD Boat Club,ChIJ1yHPalYMZ0gRkSkWcI7at-k
University College Dublin Belfield,ChIJi26CxCIJZ0gRCVbHZNN7leg
UCD Bikes,ChIJobTxs3sJZ0gRoGz5Lbu-nzo
UCD Canoe Club Boathouse,ChIJV_f1EkoJZ0gRpxtgh6XPi4E
UCD Cinema,ChIJe-HjizYJZ0gReTE9oybBf-Q
UCD Coombe Family Practice,64c49c660225080ff81448f49145867a
UCD Estate Services,ChIJBYhYvy8JZ0gR-K7mD_9ZPOw
UCD Football Club,ChIJ____NjQJZ0gRmcvnTeKAyoQ
The Newstead Building,0x4867094a215570ef:0x7068a776e776925d
UCD Marian Basketball Club,ChIJ7ZYWa3MJZ0gRZnKgvItNtEI
University College Dublin Rugby Football Club,ChIJh4rHRuoOZ0gRMVqLXFm4Ul4
UCD Sub Aqua Club,ChIJ5Q54FEoJZ0gRwZtSfjMYNwc
UCD Students' Union,ChIJ1U0N6jYJZ0gRmbxLXQo9_o4
Pavee Celtic Football Club,ChIJjzx-nzsRZ0gRiPmI0EcgjeA
University Concert Hall (UCH),ChIJweXkbqJeW0gReoaTMTcCC9s
Union Chandlery,ChIJ732y4QiQREgRHUJJcvPpOA8
Uchiya Ireland Limited,ChIJX2D4zbV0Z0gRB8iQJ-iDBqc
BVS Ltd,ChIJcTMKb4h1Z0gRPPRxH1YPVYQ
UCKG HelpCentre - Universal Church,ChIJ31eNB9YNZ0gRrSa4kadCmIc
UCompare - Insurance comparison Ireland,ChIJxRMzwn8OZ0gRMmLp-M4SER8
U Consulting,ChIJC45CPnWrXkgR48J1Rfps6jU
UCS Design Group Ltd,ChIJ5Y7csb8MZ0gRqCVhqkX_BBc
UCS Express Deliveries Europe,ChIJb77CALENXUgRBNaSAVXPoDk
Ursline Convent School,ChIJ0_xM_M2aREgRIhCGrsbcGtY
U-Curve Boutique,ChIJT_PcKBppXEgRiJoYPxPMLzY
Údarás na Gaeltachta,ChIJR3GhdPa8W0gR2DYwWrhOxMg
Underground Detection Equipment Ltd,ChIJRdWgoOMHZ0gRdXDaS7J05ao
Udemy,ChIJv5rXdCIPZ0gR8aQI169-dow
U-drive School Of Motoring,ChIJlS-DI8wPZ0gRRQQQlWFbqLI
UDS Software Limited,ChIJdyE0MJMLZ0gRWTDY-NKHBHk
United Drug,ChIJ4_RjnmlcW0gRVnGneMPE5JY
UEL Uppercross Enterprises Limited.,ChIJJZPzC1ILZ0gR6IdBOq38XaM
UE Performance Therapy,chijgwuzkf4az0gr5tjtxp13weo
tMSG - Underfloor Heating Solutions,ChIJMw4OmZcNZ0gRoqO03U0TeGs
UFODRIVE: 24/7- Car Rental - Dublin,0x48670fa2c897e3ab:0xbd62e24de18bb5fc
Uforea Fitness,ChIJUQB0kYbrX0gRDEPG5dFOF78
Ufucoffee,ChIJoUILZ5EcaEgRCIoJEpqXU_E
Universal Graphics,ChIJO4Q113XEQkgRp2HesyXliCU
ugcleaningservices,ChIJbxxXXF4QZ0gRLXIyE-7tihc
Ugo Vintage,ChIJDzR7MdqddQkRPANBQn7FE6w
Urban Green Private,ChIJ8TKmew-bREgRrO--iBhM584
UN1F1ED2 Global Packaging Group,ChIJYycg2U6dREgRn-Bur08A5a0
Ultimate Hair & Beauty,ChIJWaRkcYQOZ0gRO2LDtIAPyic
Maternity Ward,ChIJIb4cqPeWW0gRbZU-dX6JPOc
Universal Heating and Plumbing Ltd,ChIJs-Tn-tQRZ0gR2pfOsjJS7f8
UHY Farrelly Dawe White Limited,0x4860ce9d320dd79f:0x817aa55fbe32bf1a
Iveleary (Uibh Laoire) GAA,chijerufbe4drugr9kn875jeaoc
Comhchoiste Ghaeltacht Uibh Ráthaigh,ChIJE5sOj0OMT0gRhfYxLfoqKCc
Universal Innovations Limited,ChIJ56gcxqOvZ0gR4y5yIpQqqL8
United Irish Healthcare (UIH),ChIJWTkhv5IJZ0gRRWtaZDpTVSI
Uisce Web Design Development & More,ChIJ4QnCtz_5T0gRrYde2Oh8yuo
Water Pumping Station,ChIJoYlpqDwjZ0gRcABim18bn9o
Uisce 4 U,ChIJB5Bz7WpaW0gRHbrERsG0JEQ
Uisce Beatha House B&B,ChIJQ6dGj6uST0gRRsIjZ0tYNBo
Uisce Leather,ChIJj997ssf7T0gRFAAraJ9l6aI
Ipl Group,chij6vj-gfi3xugrq1wvrzsdqh4
Hill of Uisneach Visitor Centre,ChIJFavRkB24XUgRTLzY5XNIaM0
Uisneach Catering,ChIJiYdw8PnHXUgRELX2hR0RWrE
Loughrea Holiday Home,ChIJGaLGkLF5XEgRw3ikDB3dQSI
Accessorize,ChIJbVGzD9aEREgROMBuoGONQ5c
ADP HR and Payroll Services,chijra6hn4isz0grrqgj0utd52s
Coach,ChIJLdO3GQh3XUgRXBgmVloikHc
Kaizen Institute Ireland,ChIJBV-24BsPZ0gRB9wnjEXuojM
L'OCCITANE EN PROVENCE,ChIJ3_JU9e-WW0gRFzHazNyNbBY
Monsoon Accessorize,ChIJpVRDD5wOZ0gRXNVZTXCg8J4
National Instruments,ChIJK2UefCIOZ0gRwZaFoJF4p-A
Online Labels,0x4867129435a83fcb:0x7e33695fd38ebfc
Panavision,ChIJX4bqZdanZ0gRaOW4-XJzbSg
Roca Bathrooms Ireland,ChIJDRQdiQh0Z0gRTi-_RiKPgn4
Childrens swimming lessons,ChIJvcFGBr0PZ0gR6ZHglyR3_Fo
UK Car Imports,ChIJL6n7d0YFZ0gRbusA3NI92CM
UKEC Dublin,ChIJS8HoqEwPZ0gRLwrQfuiJ5mk
Logicalis Ireland,ChIJQRZOfqcJZ0gREz4g9oCEBYI
Ukiyo Dublin,ChIJfddV-pwOZ0gRugRdkQte6Jk
Tattoo Academy,ChIJvfRjMksLZ0gRvbk8whX_seQ
Ukonekt Coffee Cups,ChIJT5Deq46oZ0gRrMTVsfs_hxg
Ukrainian Hub,ChIJp0x0e8EHZ0gRQLxjEUCpbNw
Association of Ukrainians in Republic of Ireland,ChIJBaSpPs8NZ0gReEQrhJngCRI
UK Sailmakers Ireland,ChIJZ5Yh49-FREgRUiIk_ed67PA
Irish Pension Solutions,ChIJ9SW5j2NcW0gRLAQrT82wT4Y
Mushrooms Farmland Store Ireland,ChIJyZPO2NsNZ0gRkP5wqS5IE4A
Ukulele Tuesday,ChIJR9O4HVwPZ0gR8f9doldq0rI
UK Car Imports,ChIJX3yxcEYFZ0gREcf26Htxa5Y
Kemmy Business School,0x485b5e9f35fbe5df:0xfec7797c7d8c2297
ULAB Studio,ChIJ6b9cbiddXUgRoBk7WfoDfxc
UL Bohemian RFC Clubhouse,ChIJgZvPTvZcW0gRCv3j9G8K-Gw
ULearn English School Dublin,ChIJGd-D4p4OZ0gROLS8uQ0yC2M
University of Limerick Kayak Club,ChIJxa1JD55eW0gRR0J50WQTXFg
Ulla Beag Preschool & Childcare,ChIJT3JyCLudXEgRPgmqMeoIWow
Ulla Popken,ChIJ1XUPP6iFREgR9W_Gzo_a9yk
Ulla Vitamins Ltd,ChIJkRBF2DufXEgRm5WeK2JaNKU
Mountain Bike,ChIJ8_aaPZheW0gRGkcakHPaLZ4
United Labour Supply Ltd,ChIJpSdaoKCRW0gRHfV9j08e4rA
Bourn Vincent Gallery,ChIJufjBqZBfW0gRMWzth091NiI
University of Limerick Sports Fields,ChIJz-LcgOhfW0gRZIAJLuQWTgc
Ulster School Of Art limited,ChIJ_XJKkaTOYEgRvxRr8vJl7zs
Ulster Bank (Bray),ChIJy7FJxW-oZ0gRAdeeBjkf6D0
Ulster Bank Ireland DAC,chijv5frjy8oz0grbpfh9-vkmja
Clones Lace Museum,ChIJRbxkIBYZXkgRRviNcE2Wmws
Ulster Scots Agency,ChIJF-cNlIvBX0gRXb7D3vF5Jag
Ulster Tyres Letterkenny,ChIJFfxLPDHrX0gRC0ypbtywuoU
UL Student Life,ChIJc9wyPZheW0gRYhzKWSrHxNY
Gaelscoil Ultain,ChIJfxT602mfYEgRYzGmJN__BgI
Ultan Technologies,ChIJw2yktvcOZ0gRZHDd4Y-jyOA
Ultima Oil,ChIJMUdw05qlZ0gRYil-agbUjM4
Ultimate Cars Ltd,ChIJaVT4DqkOZ0gRBdx8CIHDAfA
Ultimate Floor Care,ChIJQZgH60GGW0gRWSSVWUH2QBw
Ultimate Office & Interiors,ChIJWa9ZREuRW0gRMJHOatiqkZ8
UltimateAlgarve,ChIJ6YpE3QUMZ0gReioY8HvuakA
Ultimate Barbers,ChIJx4vWWcMPZ0gRlGNR9AqsQ9U
Ultimate Bathrooms Dublin,ChIJdYd0u2sPZ0gRX_u0owBLe7k
Ultimate Coffee - Artane,ChIJK9C2Qf0PZ0gRGNrCa1RQ9qY
Ultimate Conditioning,ChIJzzhPkRleZ0gRHBBlJLzNa7s
Ultimate Construction Ltd,ChIJZVEUvDJzZ0gRjpJE716z7mU
Ultimate Decor Paint Store,ChIJQeT1rudxZ0gRjt8xjywbU60
The Ultimate Door Pack,ChIJ-0rAF4sSZ0gRa1x7TOX2eKo
Ultimate Financial Warrior,ChIJC94bWUkJZ0gRoO6mUw7vH0U
Ultimate Fit Crew - Group and Personal Training,ChIJOTesrZIOZ0gR1NEeJ499RE8
Ultimate Fitness Gym D12,ChIJaSndOq4MZ0gRo3gNADh-wEA
Ultimate Health Clinic,ChIJHU01DcbgZEERiYaJPu4M6gg
Ultimate Insulation Services,ChIJT3MUx-OZXkgRXTki__1y4aE
Ultimate Media Marketing,ChIJbQjM4NZdW0gRrnISaZ23kJA
Ultimate Pest Control Dublin,ChIJU1q33alyZ0gRYoX7MDaU1X8
Ultimate Physio Tuam,ChIJtaSlYt6LQqMReVViSRboE_Q
Ultimate Rugby,ChIJ1-QQbZUOZ0gRF_zyuIoRMog
Ultimate Safety Consulting,ChIJqbLJ-igOZ0gRvzKqlEF0reI
Ultimate School of Music,ChIJhQyG8iAGZ0gRzLA7Q8_yDDE
Ultimate Touch Detailing,ChIJQyaOiU4zW0gReMwdbHUcUus
Elegant Enclosures,ChIJx6knywT_XUgRyZoZd45wA5E
Ultimate Websites,ChIJr01ZQ0rBXUgR33ts_eof43I
Ultimate Window and Door Solutions,ChIJCes56q8MZ0gR_CVvENa6_2g
Forensic Technology (Europe) Ltd,ChIJm7mPlZtzZ0gR2U5CCTy29eo
Ultra Design,ChIJBxL9foIOZ0gRbgyNjUkFEfk
Ashleaf Dry Cleaners,0x48670df37fd20193:0xa932f16a83cfa9fb
UltraKabin,ChIJx4-0rEgFZ0gR2NBUIxIJaoY
ULTRAPLUS CLEANING SERVICE,ChIJvWRzawcNXUgRj0m2GqrHH9g
Ultrapolymers Ireland,ChIJ2WfsbBcTZ0gR-uOqSoQKhCU
Ultra Protect Ireland,ChIJOVmE9qkRZ0gR0Zn5OYvSZWs
ULTRAPURE Laboratories Ltd.,ChIJK-Z1GCyvZ0gRtqIhY5ifjTE
UltraScan Pregnancy & Medical Ultrasound,ChIJyU3ZuFgLZ0gRTdp3_qgag6Q
Ultrasound Ireland: Medical & Pregnancy Scan Centre,ChIJiz4oDKUPZ0gROxPKxr8wNmU
Ultrasound Care,ChIJKTA6_wBlZ0gRGWOtx8pgoI4
Wedding Band Ultrasound,ChIJ7RMxf1pyZ0gRZiWa6SmMRCc
Ultrasound Women Scans,ChIJzc7rYLrBQkgRAt3PX1hIqOw
Ultratherm Conservatory Conversions Ireland,ChIJf-0LgVAPZ0gRJXDHmotO200
Ultrawarm Glazing,ChIJSzRgNUV4Z0gRnAnBUt_mIDk
Ultrimax Coatings - Dublin,ChIJ-VastPMTZ0gReFb6SSztIOw
Uluru Bar,ChIJX6GJ-tHGQkgR3mADHzlJXH8
UL University Shop and Visitor Centre,ChIJ87LMFJheW0gRRO8Os-j8oiQ
UL Outdoor Pursuits Climbing Wall,ChIJ5QYkYa5fW0gRyljtYMJEeBE
Ulysses Whiskey x Art Ltd.,ChIJmY8Of9EPZ0gRAKC31mvX1Rc
UMAC Precision,ChIJl-Sv8CtXZ0gREw8oAWhm_kk
Umai,ChIJgTOBAqsJZ0gRYJW3PLJxeCQ
Umami,ChIJ93umh3ttZ0gRiJaGst-_IG4
U Mamma,ChIJt6aFu3qoZ0gR4xUvPtysb_g
Umbrella Credit Loans Online,ChIJwQMtbakRZ0gRx2Cx-Kc8UlU
Trish Darcy Art and Design,ChIJnazj1ZCXW0gRjw4I_jdPtAs
Umbrella Asian Tapas,ChIJE-Hp1vqWW0gR2dMioktGemk
Umbrella Wellness,ChIJQ6WgczAR2SsRHXkTVc9WDT0
Toplion Sportswear,ChIJV1rfBqYMZ0gRiBCV1RcahzQ
UMC Consulting Ltd,ChIJy6P7UBF5XUgRtlfRQXri8-8
U Media - Creative Marketing Agency,ChIJY5p6MUrCXkgRlXv0NHRlCZE
Umi Falafel,ChIJjxU8XZ0OZ0gRjDVmP9N49nA
Umit Kutluk Design Showroom & Atelier,ChIJm8GusJYOZ0gRn8AuweJf2Qs
Ummera Smoked Products Ltd,ChIJlW9fPFhYREgR5T53EAi3b_I
UMR GROUP - United Metal Recycling,ChIJYW-uYfhbW0gR8Xw2OQ_0NwE
UMTATTOO,ChIJx60JBvMPZ0gRN2a-5NxtSf4
Universal Music Group Ireland Limited,ChIJ0V-K6J0OZ0gRRCcPqST1AEA
UN1T,ChIJWat71XYJZ0gRJ5QlxyFX9hM
Una,ChIJBcj6NQAPZ0gRzGD-P1LanOI
The Courtyard Market,ChIJd-2xBViXXkgRX6lg_p6HMfY
Una Brady Pilates & Animal Flow,ChIJe5UMJeHLXUgROrYd7T6GmfM
una cashin acupuncture,ChIJDU6Og3INZ0gR0kNDsaP9wqY
Una Healy Design,ChIJJZnEfmAFZ0gRgSJ6LIYW8Zk
Un' Altra Pasta Bar,ChIJ-VYZJIAIZ0gRDJMwyrMfqC0
Una Marketing LTD,ChIJSX7idJgOZ0gRLghuq_NSPm0
Una O'sullivan Architects,ChIJnWBl2y70REgRa_0-Jgc2JGA
Unas Salon,ChIJS0OFvsULRUgRDsXN90nohhE
Una's Hair Salon,ChIJ_z4a61AJZ0gR_hK2KjsINpA
Úna’s Stillpoint Reflexology,ChIJxeBk77eUX0gRu6C3yCvYUh4
Unbeatable Drain Cleaning,ChIJf-jN8CYNZ0gRDoghRSdvyos
Unbeatable Group,ChIJQzHB1QINZ0gRI668iOpygIs
Unbeetable Food,ChIJFYjbNETDQkgR4v_UV3IU7Lg
Unbound,ChIJy4v-FA6QREgRHB08p-QUuQw
Unbound Media,ChIJpV8mNoKXW0gR93Vuvb9ygbE
Deepak Fasteners (Shannon) Limited,ChIJcU9n1jxAW0gR65ogvSsS7EA
Unbrako,ChIJ1YF-iyRAW0gRkuajxYzxfn8
Unbranded,ChIJoaLLy7EPZ0gRRSSWeIhEzPI
Unbranded For Men,ChIJ5zCZbIxpXUgR2M4koB97ps0
Unbuilder,ChIJKS5DK6RxZ0gRgfIIXZGeuC8
Uncanny Collectibles,ChIJAd9x3KkMZ0gRYNxDowdLJ7w
Uncle Bill Ireland Ltd,ChIJKWIgydYUZ0gRY_fskZq2SCk
Biltong,ChIJpVIJJn4OZ0gRCpU58mk-_o4
Uncle Bok Biltong and Boerewors,ChIJixdd_2nXXUgRwBGEesmL-uI
Uncle Matt's,ChIJ7-69LOyxX0gRzzgVoRdanqI
Uncle Michael's Cottage,ChIJY1LVgN9YXkgRR8weYkB-7g8
Uncle Pete's Pizzeria,ChIJvWEwUxCQREgRu3xe3GvFALE
Uncle Tom's Cabin,ChIJr9w0UVwJZ0gR0XXszFDWsBM
Unconventional Marketing,ChIJhXL-4V_fXUgRHMWsTFhKB94
Uncover Temple Bar,ChIJqV-aSG4PZ0gR95ykIyotEkg
Max barber,ChIJb2V0y2YPZ0gRtnAmxQd-i64
Under Armour Factory House Kildare,ChIJ1RfwxNt4XUgRa6U4XXnSVMg
Underbody Kings,ChIJC2ihZGRFZ0gRtIpLwSDJ0Xw
Underdog Boxing,chijt-efnp4oz0gruqvn8vneyli
Underdog Boxing Gym,ChIJzcxOTkkPZ0gRoUGxUHKff1Y
Underfloorheating,ChIJw4rc_oc9Q0gRuHH-N3DfGjg
Underground Cinema,ChIJX28XG-wHZ0gRflNeEgw21t0
Underground Ovation,ChIJZ568Qk-bREgRLoHL_K_fbCw
Underground Fitness,ChIJzQcfWogIZ0gRK2mmXH5h2uk
Underground Eye Drain Services,ChIJbbobex_wREgRMEHhmTFor18
Underground Pizza,ChIJPZhGpV6XW0gRoi6XrOVnuIs
Under Lock & Key,ChIJZ38092l5XUgRAM7dFn4oC4s
Under Pressure - Exterior Cleaning Professionals,ChIJj7JFb1korUURZGXF9dPixCg
Rainbows End Clinic,ChIJ_cP9lfRCZ0gRAfuvmri4E5s
Understanding Le Chéile,ChIJE0WEXKmXW0gR2KXWZ6TUXgg
Under the Apple Tree,ChIJBflHXPuBZ0gRotWIjwmXBkA
Under The Rainbow Ltd,ChIJy4_jfDwPZ0gRF3Y5hQKNGzs
CroPod,ChIJdzfvgAgWX0gRly3OVVRfgFs
Under the Willow Print Co.,ChIJccZNzcAVZ0gRlWBIneBEXbw
Under the Wing Sleep Consultancy,ChIJRagBxBJfZ0gRAVlRJ2L8KIQ
Underwater Drone Surveyors,ChIJaRZ-yYobX0gR1ih2CmSMLwQ
underwaterworks.ie,ChIJS_MnU0x1Z0gRS7AHZxUfuKI
Under Water World,ChIJEUgMX8deW0gRE57CVXRV2tY
Underworld Gaming,ChIJ-2-Y5Ld1Z0gR6NBr4DUsmcs
Unearthed Tours Dublin - Free Walking Tours Of Dublin,ChIJg6uCkTDm0EMRYPi32I57U9E
Arbutus Landscaping,ChIJxcjn3oMLZ0gR4uR3uyKSSNQ
Uneed Safety Limited,ChIJX1EyLGyxrCwRXpjYe5TDqhE
Unfair Dismissal,ChIJ3dKgkG5a0UIRsNY74ceEeXo
Unfurl Art Therapy,ChIJxa0LfjkLZ0gR6XrEGvoZD5A
UNHCR Office -The UN Refugee Agency-,ChIJX3lX-SwPZ0gR7iWNZUcWUz8
Unhinged Comedy Club,chijhzovn4moz0grddraujcoxwi
Uniblock Limited,ChIJ0_K08SbMYEgR2nIXpIh3gDA
Treasure Ireland,ChIJVYTZMCsNZ0gRxyXCIkz0y1s
Unicef Ireland,ChIJE1G3I4MOZ0gRgbYdminwFNo
Unichem Ltd,ChIJ7UroIj0TZ0gR54KEiqiAMmQ
UNICOM Engineering,ChIJq6qqal2RW0gRqYe_YKXh9rw
Unicorn Aromatherapy,ChIJ-dLdrElsXEgRp4pK-izH65Q
Rusard Limited,ChIJp5QP8L0OZ0gR6r5yhIFZkfY
Unified Software,ChIJ-__oh6CbREgRwtLOzWrPJFY
Unified Technology Solutions Ltd,ChIJ-VfctIsOZ0gRW6ohWXxUG_U
Uni-Fi Global,ChIJ5cKS_ncJZ0gRXh31NR63mck
Uniformal.ie,ChIJD07ZuFgLZ0gR4mUC9EZ5xbo
The Uniform Boutique,ChIJU4CBPBzAXUgRiKtEMb5Oiyc
Uniformity,ChIJkQIAw20JZ0gRAdfkYrghfhs
Uniforms Direct,ChIJCy_QjUH_X0gROUX1Z6uoJSo
Uniform Shop With Your Logo,ChIJuwUokZrlREgRtB9tSBInikM
Uniform Warehouse,ChIJcfZU1B9wZ0gRK4CIuLYmZUs
McAloons,ChIJ_Q6RgPENZ0gRqOKcUnpGJIg
UnifyOrdering,ChIJKwKQYAAPZ0gR3hsYkxcj0sY
Unigran Dublin,ChIJhxRP25UOZ0gRxyjd0ecVQOw
Unijobs,ChIJTfo11HFdW0gRhlHrPqW6n8w
Unikids,ChIJ4wq9VZVeW0gRJL_fl7ZM9Z8
Unilabs UK – Ireland Hibernian HTS Labs,ChIJjVkymkVvZ0gR70S70_HRGbo
Uni Learning Ireland,ChIJwznIGIAPZ0gRhSv83zYTRgI
Unilin Insulation (fka,9f5612bae3d779620eb4df9228e7caa0
Unilite Ireland,ChIJ2Z-SLWefYEgR4VSzXFINi9g
Unilok Road Equip,ChIJ96CaYxv3W0gRypsq9zMXuFw
Unio,ChIJ74oBTwYJZ0gRRSc5O2ce3-Y
Independent Workers Union,ChIJVx7Q0RCQREgRR91frr5iFXA
Kennedy's Bar,ChIJHQ5JVSIJZ0gRuG0e9rpvG_c
Union Grind Espresso Bar,ChIJZxVqggWQREgRz_v7tdgcWKE
Unionhall Smoked Fish,ChIJxSt_WL2uRUgRYBCVbJItBnQ
Union Strength - Coaching Services,ChIJHTVBr4lxZ0gRAyTsITUQSsM
Uniphar,chijqbh1kov0z0grzbzbufc7e6y
Unipipe Renewables - NIBE Partner Ireland,ChIJn4bgbSqmZ0gRL8Hbv3M2LAU
Uniplumo Ireland LTD.,ChIJLcB-2DoRZ0gRrU1k2jZSYmM
Unipos,ChIJ7wshW4oQZ0gRYprIMdr_nAk
Uniprint,ChIJZ6SWxLYMZ0gR2MR-LDkfyEs
Uniproof Tiling Ltd,ChIJe0UHNCDMYEgRdTkA2BiF9O8
Unique Flowers Dalkey,ChIJhedJTLMHZ0gRN_6l1ZRICn4
Unique Ascent,ChIJ8__9FkVxX0gRQ1XHiyGScdw
Unique Cafe & Patisserie,ChIJH0qGNm7DZ0gRFCxd0ebvlXg
Uniqueclean Cleaning Services,ChIJaW-MjYgNZ0gRPqpohLXHTvE
Unique Aesthetic Clinic,ChIJEzseuMkPZ0gRL86Z4fAxKVA
Unique Communications,ChIJtSMISToMZ0gR5NwdWH24Kh0
Unique Construction,ChIJRfHnV-abREgRxHIYU67ZIk4
Unique Day Spa,ChIJE2uPVgsLZ0gRWip_wMXAlHk
Unique Dental Dublin,ChIJ-Xqb2tENZ0gRvZf2UJY-BlE
Unique Designs Gifts,ChIJd8VmRZCZW0gR-hVjgeMJ74c
Unique Eagle Development,ChIJnRiidCddW0gR59HJ9nEgCbw
Unique Electrical Limited,ChIJD9ZHoSUNZ0gRM1p-CrnUeY4
Selfie Mirror Hire | Sparkle Dance Floors,0x4867072dff5d555b:0x5c0af52a1fc62091
Unique Fitness Studio Swords,ChIJUxu-1KgRZ0gRSsGjVgkPRv8
Unique Fitout,ChIJw6sLNICaREgRbsef09gCqTM
Unique Flooring,ChIJWWXJr3UNZ0gR_p7uZ8ICdoQ
Unique Floor Sanding,ChIJO9NqZZ3kX0gRDA0zqlQspI4
Unique Financial Services,ChIJi8eHhxiJW0gR8WkzPBfJuS0
Unique Hair Design,ChIJdwtdjSWyYEgR57B1xjlXU0I
Unique Healthcare Supplies,ChIJ63yhoN3rXUgRMqr-nPSgK7w
West Ireland Hot tubs,ChIJAepa7b2rXkgRBaCExV-Cgb4
UNIQUE IRELAND PHONE & GIFT SHOP,ChIJ49ro8Vr7T0gRfXMwbC_Xcnc
UniqueKicks,ChIJIbqZM-UPZ0gRYxxexup2dag
Unique Boutique,ChIJ27WjSCfTXUgRzIdaiBJex7A
Uniquely,ChIJ4aLCIA7NYEgRworAreY4kuo
Unique Media,ChIJxa2yZiEMZ0gR4XhMt_ht898
Unique Moments Salon,ChIJlY6sNokMZ0gRMo6_lMnz4sA
uniquen,ChIJfbjAUlMPZ0gR0MV9P0iG4sw
Unique Oak,ChIJ2WfPo04GZ0gRqgISR4NBDK8
Milou Ltd,ChIJL12z4TJzZ0gRdhiGROMyaT4
Unique Pizzeria,ChIJzw_zQ-jnZ0gRMEekYJLwlq0
Unique Prints Emporium,ChIJ007cYL9lXUgRZ2NbQ9NXnA4
Unique Property Buyers | Sell my House | Dublin,ChIJgZ7Cnup1Z0gRa2HcylJ0aqQ
Unique Property Services,ChIJZyF7TToNZ0gREFDsU9GkZYU
Unique Schools,ChIJrTgSd3MRZ0gR-V0OHuZkBGk
Unique Crafts & Design Ltd,ChIJJfD0VJwOZ0gRnZqypuyjbr0
Uniques Salon Furniture,ChIJM63wmC41XUgRWarLggQD15o
Unique Translations Ltd,ChIJFyXfJsUNXkgRZZGHZtfe2ME
Unique Transport,ChIJw9Nk-bdyZ0gR3IOBwX9ITX4
Uniroad International Freight Ltd.,ChIJ0-UJszwFZ0gRK224jyR0t5k
Unirooms Office,ChIJ6Qp1iA7pXkgRaUBPGOob4CY
Uniserve Ireland - Freight Forwarding & Global Logistics Provider,ChIJ_UGX4Kl3XUgRZSVCzKAi4Wg
Unislim,ChIJjaQsjXwOZ0gRsta8wLyJxvY
Unison Process Solutions (Formerly Unison Engineering Services Ltd.),ChIJiY0hWwpcW0gRRtessSAxGC0
Unison Consultants,ChIJz-I8lB8PZ0gRjYetI9XJNH0
Unispace,ChIJyZ3QaIUOZ0gRzSWjdLIQvK4
UNiSync Recruitment,ChIJB7oO2sYTZ0gReXwYZDEdWYY
Unit 14 barbers and hair salon,ChIJaUMUb3UNZ0gRC0RGye__nIY
UNIT 17: Health & Fitness,ChIJiX6KSooRZ0gRvlRpgl7sgcc
Unit 1 Barbershop,ChIJNTDvWbynZ0gRXaPeNPfViZQ
Unit 1 Training Facility,ChIJFUFGB_ULZ0gR28ikK0SSdTI
Unit 21,ChIJ96RxamTEQkgRsddLEfU9rRg
Unit 23 male grooming,ChIJkYZtYoFjZ0gR3Zu23tIi3nU
UNIT 3 Health and Fitness,ChIJ5Wui6l94Z0gR5RXWCUT1cr8
Unit 5 Strength and Fitness,ChIJ7aErcWoNZ0gRNUrjsSZ0oHk
UNIT7 Castlebar,ChIJhzXADXVdWUgRm_fBQAXR954
Unitarian Church,0x4844901063725b63:0xab5eb8965cafd332
UNITAS Life,ChIJc_zmAEwPZ0gR0DGv5ruukyc
Unit D4 Deli,ChIJSdusQgB1Z0gRgdcPRab7gh0
UNIT.,ChIJIyi4wS9A408RSodPXGJ0qFA
Unitec IT Solutions,ChIJH2mlFQEuQ0gRh-Z5Ij5Bv24
United Drug,ChIJG4A7p_R0Z0gRiX7eJ8cBFW4
United Eats,ChIJ9UPkp8cNZ0gR8EMy7H6opXM
United Airlines,ChIJO-UMipwOZ0gRGGEgym-dt60
United Airfreight Services Ltd,ChIJe0msUvYNZ0gRw9Q6yImnmeM
United Arts Club,ChIJu1cqyJcOZ0gRJjqZfMWGUjI
UNITED CAPS Ireland LTD,ChIJ6Z55dSGvZ0gRGKqxSGoc1jA
United Chemical Technologies (ire) Ltd,ChIJhZmJ9csEaEgROb_YTtbEW_4
United Church Galway,ChIJ7wuXvuWWW0gRM29dtrGlj9c
United Cleaning Services,ChIJ31kMk4gLZ0gRwJ_ZE_wfNs0
United Electrical,ChIJoUt28GNcW0gR_6nCGNjIPUQ
El Paso GN-z11,ChIJiWDXnxdZXUgRZM0lgQFCi2E
United Hardware Ltd,ChIJRdiRHfN0Z0gR_0WDTds-wJU
United Language Group,ChIJEUw8sEmRW0gRPRH6ckK3B0I
United Laundry,ChIJJQrePcmvXUgRSgoj7ayaecg
United Mining Rentals,ChIJiU_yebRbZ0gRsGXW8C1gf5c
United Physiotherapy Clinic,ChIJawIqzLheW0gRwlvCUHjXy8o
United Roofing Ltd.,ChIJYd3O4vBtZ0gRSTUZtKrhNqw
United Shredding Ltd,ChIJUZ3gD0wEYEgRDpNXrGme-Yw
United Tyres,ChIJXfQEz_oMZ0gRChBMHf3D89o
United Tyres Dundrum,ChIJdXtSx1oJZ0gRW2VK8hg61W4
Unite,ChIJAVg-vpvGQkgRuN5apj-a-i0
Unitherm Heating Systems Ltd. Cork,ChIJHdUrxbSdREgR6lq4kLu8SYk
Unit Nine Coffee,ChIJN1wkwLoNZ0gRqt08ftSzwrc
Uni Trunk Cable Trunking Systems Limited,ChIJRa6HN4ISZ0gRoc9MMgWzvMA
Unit 13 Fitness,ChIJd8MCTSoQZ0gR1T2WCmkLEvg
UniTuition,ChIJq6oa3ToMZ0gRWCfOHQ9AkMc
Unity Technology Solutions,ChIJh1LRaOiPREgRM7I4CEnLSQY
Unity Credit Union Limited,ChIJoeZNe0JcW0gRBV84WXnObTU
Unity Yoga,ChIJcxG6Eg6QREgRoIdysw6Z_YU
Unitz,ChIJTQx1CgUNZ0gRPkrIZjJbTjk
Biserica Penticostala Samaritianul Bun,ChIJs0sIbF7NYEgRiVJpv6OWqa0
Univar Solutions,ChIJCTqxdgh0Z0gRTJISe0a2yGk
UNIVASTUM Ltd,ChIJBepC8oQOZ0gRMDIpsOYdQ4o
Universal Investment Ireland,ChIJTylJ9_IOZ0gR9LJ_fyfc808
Universal Acupuncture,ChIJ3w8IUx9xZ0gRADScuESImic
Universal Art Supplies,ChIJN3Idr58OZ0gRdnSHqOcyW2c
Universal Aviation,ChIJBeu2UscRZ0gR_qmh5W02y28
Universal Fabrics Ltd,ChIJoyaAIrUHZ0gRp9TW2W9zS6A
Universal Supplies,ChIJp2h3lnapZ0gRt8dgxbPToa0
Universal Floral,ChIJO-aNTNYOZ0gRiAax_6QiK90
Universal Forklifts,ChIJETKZeE8FZ0gRLKgyOIernLk
Universale Gear-Box | Gearbox in Dublin,ChIJcwkkq-kLZ0gRMwN0jebv8Xc
Universal Hair Clinic Dublin,ChIJ_Saf55wOZ0gR4Vi4546Wrpk
Universal Industrial Supplies Limited,ChIJHV0ptoYSZ0gRLLR4-YnjEEE
UNIVERSAL KITCHENS,ChIJ4ScsXG5cW0gRNq0klOKQSfI
Universal Media Agency,ChIJr9fDT5oOZ0gRD538UkVBPGU
Universal Products LTD,ChIJFbO5fUwOZ0gR2lSB0Fb4JAs
UPMS- UNIVERSAL PROPERTY MAINTENANCE,ChIJW6XJMO0LZ0gRauGdTD8jue4
Universal space,ChIJdxcRVB4PZ0gRGVZlKdRAlOw
universalvillas.com,ChIJPQ-OZKIwXUgRdbmrpS-1GKE
The Campus Bookshop,ChIJ35rqZ0QJZ0gRSwryAl5aDq0
University Bridge Fund,ChIJibZgrKIOZ0gRiXAsOSHHoFc
The University Observer,ChIJbfDuyTEJZ0gR1G4wEtSilu4
University of Galway,ChIJByaGafGWW0gRcAJAjz3gQYs
University Late Night Pharmacy,ChIJtyG_3faWW0gR1EKUgguhdm8
Univet Limited,ChIJzWvUS1EbXkgR4tiVTDzSON4
Uniwear Ltd,ChIJhcMs9dEUZ0gRTlvpj7-8Aos
UniYoga Dublin,ChIJy0-5SJwOZ0gR4cw9LBHdIEw
Unleashed eComm,ChIJkSItGRYJZ0gRYGDm_8Edw-8
Unleashed Enterprises,ChIJ3V-JuvwJZ0gRgW1qD4vKLOk
Unleashed,ChIJM8jm4lAIZ0gRqG7GCA4tfZ4
Unleash Potential,ChIJk2os0JQOZ0gRl2syD6qtISw
Unlimited Fitness,ChIJOd3xoDmRW0gR6WWRJCzoPxg
Unlock.ie,ChIJrz5QXa9FXUgR1_krFkOvduA
Unlock Fitness,ChIJ63CLDWV1Z0gRyvipCq2jmE8
Deirdre Ward UNLOCK,ChIJRTowMPupX0gRkcTesDuye60
UnlockPhones.ie,ChIJr0O_2JYNZ0gRZhYLsh2WlGw
Unmake,ChIJ_YUWWoExXUgRACJWHiR7uek
Uno Mas,ChIJt7Ybm8kPZ0gRqLuNdVJ4uUI
Uno Pizza,ChIJ4613K_gNZ0gR8pBOhAmPckc
Unpacked Kildare,ChIJA0fWEo15XUgRXg8Rx9c3BIQ
UNQLIFE Clinic,ChIJlwescscLZ0gRECc96tQQtFQ
Unravel,ChIJ3Q4tEWUPZ0gRWwkzJllz93I
Alexia Carton Photography,ChIJV-8eMXntXUgRS5pwbMYvHrc
Untangled Dog Groomer,ChIJ63TTe4wHZ0gRpcVANrJrRD4
South Dublin Hypnotherapy & Coaching Services (Caroline Lenehan Cl.Hyp),ChIJBfxCgS0JZ0gR-4wL6kI8vSo
Unthink,ChIJr2SiKSgMZ0gRJkPMgFWnEYo
Untwist Marketing,ChIJtzqp5sxxZ0gRGPi0BwzEqMU
Unum Ireland Ltd.,ChIJudF601NdXUgRKp6SZdLNNXs
Unwind Beauty Room,ChIJUXEbOiENZ0gRnz5uHEsA6wE
Unwind CBD Oil Ireland 💜,chijrfiqxd8jz0grrjjliy073zs
Unwind with Plants,ChIJ75KrqiS5Z0gR3TwoIoUTRNQ
UofPoints Group,ChIJF7l5lHgTZ0gRqDxMmJVnu-g
United Oil & Gas Plc,ChIJt4MlVfMPZ0gRr96rscIu4to
UpCo Technologies Limited,ChIJZ1j5Z_VzZ0gR6ZwMpYiZgyA
Up2U Attics,ChIJlSfCj-xzZ0gRkMl3uHOA9QU
Uparty,ChIJRTA1wQibREgRiwZ673pZWLk
Upbeat Generation,ChIJK-6S5GQPZ0gRbGbcNpNS_uo
upChore,ChIJZRRZnmbEQkgRxMOopOknktc
UPcycling Project,ChIJS5-VnRYMZ0gRIDF__XRW82Q
UpDate Digital Marketing,ChIJD8GNUNORREgR3Jj1du5xQZM
Update Group,ChIJubeCEgEPZ0gRghnmbj991oQ
Updater,ChIJHVTVkS0MZ0gRar4oLLZFkLY
Up Eats Cafe,ChIJo8bRPB6RXEgR2cJhNbA85cU
Upfront Digital,ChIJ92AmPAXBXUgRyL0c70zd5YI
Upfront Analytics,ChIJv4W2SzsGZ0gRh7687Jr3JRY
Upfront Model Management,ChIJ3cqaLv87RUgRxmB67h-I4ow
Upgrade My Home,ChIJI4d4-o0NZ0gRqbGGJDGNQhE
Upgrade my PC,ChIJn_l-jB0PZ0gRgho5rPXGdKg
Upholstery & More,ChIJN1pQ-2BVXUgRAIefYyuUXfo
Upholstery By Design,ChIJzUqpjkUFZ0gReT2X3g59fnQ
Cedar Forest,ChIJ0wjmN_thREgRAAttF0S2bUo
Upholstery Hub,ChIJ3RAiHlibREgRZrA33DdyX20
Midlands Upholstery Services,ChIJEzqim91JXEgRSl9h5c_CXwE
The Upholstery Depot,ChIJN_NO8SvzXUgRnVP2UR_T2qY
Tony Colclough Traditional Upholstery,ChIJk401FKTDQkgRAPaSpoWiH6w
uPhone Sales & Repairs Drogheda,ChIJQf5M0cs7Z0gR3L08eJDTpVM
Asialand - Westside,ChIJg7esKlqWW0gR3mKaajfM7eQ
UPiLOT 737 Flight Simulator Centre,ChIJe-5TSIoQZ0gRNAbOCE4jYks
UpInTheCloud Ltd,ChIJm7waCHoPZ0gRySK9ZEqzjiA
Upkeepers,ChIJbbNwfrYNZ0gRNnViddD2acg
Upledger Institute Ireland,ChIJg3Jeo714Z0gRj8imCCQKp3A
Uplift,ChIJk1c4wJwOZ0gRxImkK88w_us
Upload Media,ChIJH9bNJksNZ0gRt1NTzIwz1xY
UPMC Hillman Cancer Centre,ChIJ129dpIjEQkgR3A1jhJ1hKmM
UPMEDICO HealthCare Marketing,ChIJYbQ-9n8PZ0gRGd-wAZISe2U
UPM ProFi Decking Care and Maintenance,ChIJj_TdTTsTW0gRm73EmNfjDiQ
UPM Raflatac Ltd.,ChIJm_5hdoh0Z0gRHiLd4Md72xQ
Up On Blue Bridge Productions,ChIJW_zPvu-WW0gRBv21F2mYAZk
U Posh Hair Studio,ChIJqxGhRz8MZ0gR_-u2bhOT7VA
Ourside,ChIJNRpkyPyXW0gRGNgcrCgt_L8
Zakura Izakaya - Upper Baggot St,ChIJ75rI3r0OZ0gRCtVD-9V4Gv8
Upper Case,ChIJVRplGiyFREgRxVAdNdueMTA
Upperchurch Drombane GAA,ChIJ1RfRPPLHXEgRvfuW4z4sI3A
Uppercross House Hotel,ChIJQQYt-wIMZ0gRgbCbEcC5ITg
Upper Crust,0x486711b750d96c2f:0x72a4cbe6bc09403f
Uppercut,ChIJj860syAQZ0gRIGqlV8S9qew
UpperCut Barbers,ChIJr7H5sIbVWkgRU7g576oKuo0
Upper Cuts Barber Shop,ChIJD4jgMIBZW0gRJSIYFawW0WQ
Uppercutz,ChIJF174CnOnZ0gRBvOxFbUX5mM
Upper Deck Restaurant,ChIJTer44JcEZ0gRh6_FD7h2aKs
Upper Glanmire Catholic National School,ChIJSwiX_0CaREgR6OtFjyaS0u8
Barnacarroll Equestrian centre,ChIJEyS4qs5VWUgRMNsFfcklqYo
Upper Room,ChIJHUqbeAWQREgRhKYMRl6rNds
Upper Third Chartered Accountants,ChIJKyzetZnGQkgRjjCUAKrWMyw
UPPRO Tech,ChIJL3LTJ_IPZ0gR-GGLWLOzBNk
UPS,ChIJ02uA2AtcW0gRshU7NuvXlyc
EJR Portuguese Translation and Interpretation,ChIJG_2gICJ0Z0gR5C-iNusWCEo
Upshire Ltd.,ChIJe4yrFOkNZ0gR_zN3c13qTUI
UpShoots Sandyford,ChIJT7HU90sJZ0gRjmhWoKkZwDY
UPSHOT - Aerial filming,0x48670c1d1d9965f3:0xdaddf3b4c11cd38e
Upside Coffee Roastery,ChIJK6RClGcOZ0gRbYnFTEG5MwY
Upskill Coach,ChIJ-Xx1YFAPZ0gRwgzBhVVfveY
Up-Skill Donegal Training Services,0x485fbeb2b78273cf:0x33d264ba4082e00d
Kohler Uninterruptible Power,ChIJS4zUCvhbW0gRNKUz8KYlINw
Connolly’s gastro bar and Restaurant.,ChIJmacP6QqcW0gRtwBDxdVB_Q8
Upstairs Downstairs Monaghan,ChIJiV3PYEGfYEgRUCK4F7E9OxQ
Upstate Theatre Project Limited,ChIJg7kYOoo5Z0gRX6_wg30MjX4
UPSTREAM - Health,0x48435f47c794ad33:0x3256b84c7f0cbf75
UpStyle Junkie,ChIJT8WBEP67REgRwhsp_8BF9M0
Upthere roofing,ChIJwbCwqp8OZ0gRlKWI_DPki7o
Uptick Labs Ireland,ChIJQ3Nv6R8PZ0gRmp__0cZcsDY
Uptivity Apps,ChIJTQ6RWHMFZ0gReq7BSr3NUOo
Up To My Eyes,ChIJW0eFnS6vZ0gRHnuwDAz9xpc
Upton Court Hotel & Holiday Cottages,ChIJW5g4fhYKaEgR0iLRmNUXROA
Upton Eggs,ChIJh6Ji9r7zREgRU02bSYF3EXM
Upton Ryan Chartered Accountants,ChIJ3TrxwaEOZ0gR65wbOU9LDu4
Uptown Aura,ChIJLTkfKaiVX0gRqSW-SgE2Cgg
Uptown Girl Beauty Laser Skincare,ChIJbywT9O-WW0gRAtd0SufAJqs
Uptown Girl Boutique,ChIJaW-4lNzLXEgRj936LZT8KAo
upunu DSX Consulting Limited,ChIJE049aEhDXUgRWCCgSgkc7x0
UPvc Window Door Repairs Laois and Kildare,ChIJgSjFFp0NXUgREp_JFOnTai0
UPVC Revive,ChIJ0YSbQfobaEgR92ujTDLFzAY
Upvc Window and Door Doctor,ChIJWfM6EMINZ0gR9WnuoNQMn2M
UPVC Window Repairs,ChIJb1Z19eYNZ0gRHVXTUPUhIB4
upvcwindows,ChIJfbi8wd4MZ0gR1HjAK6Xmwy8
upWARDs Lifts - STAIRLIFT CORK,ChIJI38TUh-FREgRZlC9R_92TKU
Union Quay Medical Centre - Cork,ChIJO4yHPAWQREgR_ubkjOrK5KI
Urata Designs,ChIJJ6N_vQ2SREgRCGFTSkh7LcY
Urayweddings,ChIJKYuSe9R8Q0gRYGzqcv_sMtc
Urba Skin & Beauty,ChIJC7scEAVJXEgRsQsyrXULXog
Urban-Agency Architects,ChIJvycxkZIOZ0gRvH5bhmmRRCk
Urban Junction,ChIJlSlfzMAIZ0gRN8iVLuRijAw
Urban Nails,ChIJmafYjj8tXUgRCI-NxHluXuc
URBAN tearoom,ChIJ1Vj73zbHW0gRLDgtfFrHAHo
Urban 8,ChIJqYSYGUUMZ0gR3Gowa3yHsYI
Urbana Laser Hair Removal Clinic Dublin,ChIJqVXUf5sOZ0gRtDP2yzu315c
Urban architecture + construction,ChIJ050eeb4OZ0gRjeytfonUvno
Urban Angels Hair Salon,ChIJWYvqS-8mW0gRvZljoT4sI1U
Urban Aran,ChIJ_Z0sZ4HHQkgRPuJpa9AAAec
Urban Assault Adventure,ChIJLdQt16hbZ0gRi6P7-ZS1Dqg
Urban Beauty Salon,ChIJVzKQBO4JZ0gRT9RTKVRRdBY
Urban Brand Creative,ChIJRZ5XrSUGZ0gRscmAyppdahU
Urban Brewing,ChIJp42hgY4OZ0gRtQv7KdqZHAo
Urban Build,ChIJ_-VaYatzZ0gR-1E_N8KugdU
Urban Chiropractic,ChIJD_cFpYiXW0gRZcGnn91baTM
Urban Day & Medi Spa,ChIJ77eHgukOZ0gRav0FSbTCVv4
Urban Decay Debenhams Tralee,chij8749dqo1rugr82ergtcizb0
Cummins + Voortman Architects & Urban Designers Dublin,ChIJbeaZQaAOZ0gR7oV8dS9XmyU
Urban Design Studio,ChIJ0bXp3y2OREgRyG5YQa39zhQ
Urban Driving School,ChIJq6hWIFJzZ0gRYeunSb_qX68
Urban Elements,ChIJB9b5u4s5Z0gR-ZuXHQcLW5M
Urban Escape,ChIJNTgk0Z4IZ0gReJ6W-KuIsmc
Urban Exchange Limited,ChIJE3Rcub0NZ0gRcqktBd44urE
Urban Exotics,ChIJB7EtXEgNZ0gR4fbPjCtOz-I
UrbanEyes,ChIJyZIyY70RZ0gRXVi3mVVOiVY
Urban Fabricators,ChIJ_cjpjOwOZ0gR-cWLZ6SBDqU
UrbanFitCrew,ChIJsTFaxR8MZ0gRItoag0H_aYo
Urban Fitness,ChIJ2wN47MEIZ0gR-ASte8QDexg
Days Bazaar Mullingar,ChIJ-15mihzAXUgRZYh4WnNaT50
Urban Gardening,ChIJ8RgQjIgSZ0gRBvt7nCk9x2M
urbangardens,ChIJm0GmTTQjZ0gRA-KkAmyQbyk
Urban Garden Sheds,ChIJiyBYqiVzZ0gRQQWLIb1nQSs
Urban Gorilla Tattoo Studio,ChIJSYsVXzToXkgROM4EVTiYCCE
Urban Grind,ChIJ_wpLYvmWW0gRySV5pb-stoM
Urban Gruel,ChIJXZoSp6ZkWUgRJgv23n8p8_w
Massage Guns Urban Guns Ireland,ChIJle0yK68NZ0gRuGSa0nFn8rM
Urban Gym,ChIJNXunx5GxQkgR4bYv7NOk4Us
Urban Hair Galway,ChIJnU4UHcGWW0gRPJASI9XqOvM
Urban Health,ChIJj38h6aUOZ0gRXE_4rqthlXA
Urban Holistic Boutique Skin Care Salon,ChIJRS1aJmYHZ0gRG2D2qcqySIg
Urban Hype,ChIJRXcgIZ_GQkgRQ32J2HoRVak
Urban Images Limited,ChIJT5zNha9tZ0gRpPcPJTSSuzs
Urban Ireland,ChIJV8SUK2o7Z0gRdOrKVA24D0g
Urbanity,ChIJA0CCqS8MZ0gR0SEG78jaRrs
Urban Kitchen & Coffee,ChIJc7oBAL54Z0gRXOmP_c8-7ew
URBAN LIFE,ChIJj1vDr5I5Z0gRkhHtH8g6VSQ
URBANLIGHTS,ChIJQflV9WIjZ0gR4TVesAmvHn4
URBAN LINK GOREY FRANCHISE,ChIJbfaG4k3mZ0gR94X68agilBE
Urban locks,ChIJb8Jpu0QNZ0gRvtxhWgQYSYk
Urban Media,ChIJwTxUtPEOZ0gRFyJdKWFkaXs
Urban Metal Roofing,ChIJ7e8gwOsMZ0gRADJhoJniqUo
Urban Nest Townhouse,ChIJ-0rTf8KWW0gRU6flx7wKheM
Urban Offices,ChIJWScvP66PREgRHn7LJpcY3C0
Urban One Fitness,ChIJJUDnlKVdW0gRanKBRWmp6u4
Urban Optics,ChIJPxVIQQk8RUgRIcB5ZRgiObg
Urban Outfitters,ChIJ4wGvxZwOZ0gRZAbirhX9LYc
Urban Oyster House,ChIJg842WJkOZ0gRMou_P2cu7KY
URBAN PAINTERS,ChIJW0DVfmRtZ0gRu2YhCAqEU8A
Urban Picnic @ Meta,ChIJxbmty5IOZ0gRkrlgp_HOgpI
Urban Restaurant & Wine Bar,chijqzbojq2xw0grc2nspa1dfys
Urban Roots Horticulture,ChIJO5V9a79vXUgRaWrsMDqIu0E
Urban Sanctuary,ChIJ62TXfXs1RUgR3Z8Q0zBCJkM
Cork Urban Soil Project,ChIJx_xZ0QWbREgR1O-_g6VarZk
Urban Solutions,ChIJNSy586IOZ0gRRoHPAyP_hqc
Urban Sports,ChIJSeOd5SVZXEgRqKSiSxMYwEs
Urban Style Tattoo,ChIJSS7XkK5yZ0gRZ6Zo1L6w7fY
Urban Tiling Solutions,ChIJExAtAOHDZ0gRXfDceq6Nhcs
Urban Vape Ireland,ChIJrYAYIi9_Z0gR0qibSV8_3hk
Urban Vets,ChIJr_hnAGENZ0gRY6WsCKQlysg
Urban Vintage Interiors,ChIJv0VX7dybREgRoYpPUFsiaes
URBANVOLT,ChIJnbnvtqIOZ0gRZ5XoEgOoGSE
Urban Wax,chijsy6-c5soz0gryph1p4q4kg8
Urban Wellbeing,ChIJnU4UHcGWW0gRQbwJoFfMfxA
Urban Yogi,ChIJtUHVTb0OZ0gRVrUbNdSJ1ws
U Clonsilla,ChIJ-QlFnDtzZ0gRRKLroptU-bw
Urbleshanny National School,ChIJ_T75dCmeYEgR1EgSrMvBZg0
Urbun Cafe,ChIJPT_aMW4IZ0gRISWkhKhLBw0
urchin Bar and Adventures,ChIJ2xckwVMTQ0gRzAblc4yNTVY
UrChoiceLimos Wedding Car and Limo Hire,ChIJrRqveav_Z0gR9DnDbqrrDiU
URGENTCOURIER.IE,ChIJMyQUX8kNZ0gRWZFzZg9U0WE
urhired.ie,ChIJLyz59TeMiQgRWaSakgilQ3s
Urlan T.V. Ltd,ChIJRS3uJ2pcW0gR0sLXq-Hi1H8
UrLife,ChIJyzm8bW9cW0gR_m8xanRZYjw
Urlingford & Johnstown Community Childcare Centre,ChIJrWr5uFXfXEgR_kmmEtI_IPU
Urlingford Community Centre,ChIJyb3f52bfXEgRETi65ixmfvc
Ur Mama Strength,ChIJD-fsDQgTZ0gR97DTf28c6J8
Urma Sports,ChIJt3KWSpnGQkgRARP8MpB3_zM
UR Pace Recovery,ChIJc67S2qbpXkgRomg7cVOdkvw
UrParts,ChIJAS-l9rBiQ0gRcYX-qoF17sc
Urru Culinary Store,ChIJtZVq-in0REgRAG95bs247Rg
URS Certification (Ireland),ChIJdSThgFxdW0gRFUVFPm5UUxc
Ursula Courtney Solicitors,ChIJ-Q8ux9wIZ0gRhjzbJxqbQYo
Ursula Mooney,ChIJJ5MQgzdyZ0gRUrlP3tSoIYg
Ursuline College Sligo,ChIJqRrrpi_oXkgRbnMkjEc7SRA
Ursuline Secondary School,ChIJP7hFdM6aREgRW0H_FB4skHc
St. Ursula's Primary School,0x4842c6a75e56f913:0xce136cd936fe5f96
Nuns Ursuline Convent,ChIJfYOwENKaREgRJ15aJtko7XQ
St Angela’s Ursuline Secondary School,ChIJow_TgB3EQkgRGKuWvnpfHNQ
Ur Taxi,ChIJ_2LlWB3MYEgR4X-XuFVOprI
USSR Ltd.,ChIJ0V-zC6RdWUgRsayR0z8Ir7o
Usafety,ChIJHwl2CQuXW0gRQTP3_yZUR9Q
Us&Co Dublin Flexible Workspaces & Meeting Rooms,chijswgaknapz0gregxwmofpno0
USA STORES WATERFORD,ChIJsdHVlp7GQkgRHxF-uWKbsu4
USA Summer Camp,ChIJGdr-vrxvZ0gRQuMUoz2d8oY
USA Summer Jobs,ChIJNcd_FzMMZ0gRE4ijHm9F3po
U.S. Bank Global Fund Services - Ireland,ChIJZWgYPI4OZ0gRaTSJzDSofjE
US Bargain Store,ChIJFzSeTWFcW0gR5XNOwwAcUiM
USB Ireland - Promotional USB Products,ChIJg_jZ1U4NZ0gRy55oLJDjaLk
Jo's Bookshelf,ChIJUaBDSSeSsw0R_9PWG8b1DOg
USC,ChIJ_Xv_wFS7REgRN82g8cwye_c
Cash For Cars,chijh0igmbqnz0gr8m76cignczq
LeasePlan Car Store | Dublin,ChIJTSxI5agJZ0gRmCXzP8TBdfk
UsedCommercials,ChIJJeSBNHYQZ0gRkX9vbCeeMQk
Charles Hurst Usedirect Ireland,ChIJzZx4Up10Z0gR9HIjCqqSAmk
Leahy & O'Mahony Plant Limited,ChIJC4qFNFhjQ0gRxbZbSi5LBx8
Used Machine Tools Ireland Ltd,ChIJN43pNo2dREgRia6pbCpJOrQ
Used Pub and Hotel Equipment,ChIJHcDyvDO7XUgRjvgzJNj0_HM
Used tyres wholesale Ireland,ChIJtRWtOh6fXUgRv0rmnbZ-kB8
Usee.ie,ChIJnc3lw1QXZ0gR6m1n9kHAmLo
Multiplier Technologies Ireland Ltd,ChIJhT_XM3EPZ0gRTgs_SuGTSBo
Usher Auctions,ChIJ1Zt8zu9XZ0gRe_Ih8Dge7fI
Usher Bathroom Furnishings,ChIJdVLJkfMSZ0gR7iUx2a1wPuQ
Usher Coffee Company,ChIJk5FEYKBzZ0gRe4KUs1Q4YSE
Usher Insulation,ChIJW2D1_q5yZ0gR7JUCWPshdRQ
usheru,ChIJ8R7q0CMMZ0gRQe5kE5cH9UM
Union of Students in Ireland,ChIJ26390AMMZ0gRwvH-S_rdZXA
US Ireland Touring,ChIJQah1FBI8RUgR4h48Z8RxG9M
USIT Travel,ChIJdS5LgRCQREgRZDcwA3q8UZk
Santry USKFI Shotokan Karate,ChIJ1w-hxCYOZ0gRPfjRp6ApEjI
uslovebag,ChIJLwiJi0hbZ0gRt_b4j7Ola-c
USM,ChIJJUO_uDxdW0gRXdbDvcDuFGA
Usmania Indian Restaurant,ChIJ48Z0Xgg8RUgR-vS2mdQ1lnA
www.usparkle.com,chijf0_xwoqlz0gr_1nbq81jptg
USP Financial,ChIJ3W-PoISvXUgRUbNOWCp4g8k
ustax.cpa,ChIJRbcmrugPZ0gRFH4I3JQwiaA
USTaxReturns,ChIJ97jPWD2QREgRvv2T88nIU1Y
U Storage Carlow,ChIJ-3IpU9hnXUgRLLVXfIpS7_I
U-Store Cabins Ltd,ChIJRbKx7t5bW0gRUe_F8UoKtEU
U Store It Self Storage Glasnevin,chijywhahrcnz0grnljvinma9iw
USVISAS.IE,ChIJXT4F-uEPZ0gRYVJPshdJYjo
US Wholesales Limited,ChIJbSPNAuBsW0gRAQDpLRTP9us
Utah Blinds,ChIJHXGN3idpXEgR-Ue-gncCZpA
Utah Department Store,ChIJhScOOc5pXEgRPdd-rtT9mCQ
Utah Medical Products Limited,ChIJZ4a5_25JXEgR2Old9aLO9LU
Utah Outdoors,ChIJEfcfhrJpXEgRDD_QFAswuAw
United Tyres Autoservice,ChIJIfKI2pYMZ0gRRhVo1SHbTIw
Utech Finglas,ChIJdb0UOyoTZ0gReVwG_ubPkCU
utilis,ChIJyxWh3L0SZ0gRe6p_9nT_WFg
UtilityAR,ChIJLWBRCp4NZ0gRwkk41-3tRs4
Utilityfair,ChIJd0DtdFQJZ0gRq9NJHcLBmkU
UtilityInnovation Group,ChIJia2msusPZ0gRmReFMN1HLJE
Utility Optimizer Limited Ireland,ChIJ_fQ1KwANZ0gR6bxbUNqA_dY
UtilityWorks,ChIJ_wpBGHMNZ0gRUbX2OIRonR4
Utilligence,ChIJfQsuACSDREgRrYCkK-6zjy0
Utmost Pan Europe,ChIJv_0AvghhZ0gRWv9T_MW0roM
Utopia Flowers,ChIJBzBRzx7EQkgRFTAfkLv_jbs
Utopian Mafia,ChIJsxUxTaoNZ0gR_E57vhmQRTk
Utopia Spa,ChIJ72JgtAVJXEgRAY_jx7_Ylwc
Utopia Spa,ChIJDWXI3ZwOZ0gRQ2EaxbbVev0
uTrack Software,ChIJqdw8prsSZ0gR_d40swTsWn4
uTRAC,ChIJP_-4roUOZ0gRH05ZIONXVUs
UTSCH International Limited,ChIJF3wGwWc1RUgRJhy2dW8j3uc
UTS - Underground Technical Services Ltd,ChIJLxaPkU0LZ0gR4PM3aak7apo
UTS Parking and Transportation,ChIJXcViIs90Z0gR4jCZvA9NP-g
UTS Technologies Ltd.,ChIJ9YWBJs90Z0gRM461P_TKvys
UTSUMI Ireland,ChIJd4YqIpi9W0gRzObRLVXsFrI
U Value Insulation,ChIJC5Y9rsQTZ0gR-RmjS0G2t3s
U-Value SIPS,ChIJLbcWo9nBX0gRrsXdqdxgkI4
Ezero Spray Foam Insulation,ChIJb3GiMRCmZ0gRe0TGvTDIx3U
Uversity,ChIJGT7LWY4OZ0gRROzPWxjap6c
Uvmoore Property Management,ChIJx9H_lNUKZ0gRRS_an2CAyZU
U Walk Walking Holidays,ChIJi2LPKU1bZ0gR4EzHRsLLtA4
UX Tree,ChIJ50LXycoNZ0gRFl_uPe1fU8c
UX Design Institute,ChIJAcPS65wOZ0gRJ55bRfbBGX0
UX Institute,ChIJlYOwayAMZ0gRYujIl0eDmZw
UXTraining,ChIJp-xu01cJZ0gRnx_4Y1Yjwto
uzodeals,ChIJv3R44NtdW0gRsbuGObIaGkY
V-Interactive Website Design,ChIJRTOzj57GQkgRotB36rVtbYE
V-Styles,ChIJR8aERYBzZ0gRWybWCObG3Ms
V-vapour,ChIJeeLcDZ5tW0gR64Dt7s23Keg
V1 Health,ChIJjaMZ7MvXYEgRz4h4Gv346H8
V1medical,ChIJuw6rtZgRZ0gR7_mASGwUaBY
V2 Hair Design,ChIJSQsvLERzZ0gRQvTW6kxwm8w
Visualise Ltd t/a V360°,ChIJHXwXfW2oZ0gRmrtz7lmWEo8
v5documents.ie,ChIJXTgDCkSPW0gRrI2FpAgQeg4
V7 Barbers,ChIJdfSIKof3W0gRC-xYCXondQ4
V8ntage,ChIJo2_5W2o6Z0gRfCP4Gf6WRis
Value Added Aero Consultants,ChIJja0nOZB4Z0gRMuOYYGUXp10
VAAS,ChIJC9A8Vm0PZ0gR8Q8eKEFOO-c
VAC - EX Hire,ChIJKYxX2ndzZ0gR4P2mHFozlQY
Virginia Acupuncture Clinic,ChIJ39Q-ZNP9XUgRV-SLMV4aRc0
Vacansoleil Ireland,ChIJY52jG6qRREgR_nAMWdXGbmI
Castle View House - Vacation Home - Sleeps 12,ChIJY7oj6wlbRUgRQQhJz3QIaZs
Vacuum Clinic,ChIJe1W_4mVcW0gRQea-YZXHyE4
VUOTOTECNICA,ChIJ7ZZ0dVANZ0gRGyyfoNhHPzE
AIR24,ChIJwX8_qR3zT0gRQ8ig_nkbQ4Y
Vacuum pump spare parts,ChIJwX8_qR3zT0gRLIVcZQuaoMM
Vacuum Spares Ireland,ChIJ2cABAKeDREgRjE4mhHjun0Y
Residencia VM D3,ChIJfU8LX0sPZ0gRna2FFHIq3ec
Vagabond Tours of Ireland,ChIJD0QrKDKvZ0gRF9NLVN66hM0
Vagelis Art | Fashion Photography by Evan Tsapatoras,ChIJ99vKAYUTW0gRtfsFpLgaRI8
Vagheggi Ireland,ChIJdV2SxUKXW0gRH9jY-w2xpaA
Mc Laughlin VW,6310e9ac6448b61ec93e554ce364ef03
Vagya Nepalese Restaurant,ChIJ9cqQoXcOZ0gRuHQyvVtdXAY
Vákuumszivattyú,ChIJwX8_qR3zT0gRK7Ev1Erb96A
Valbruna Ireland Ltd,ChIJJemu_48SZ0gRp8ZQICYrgek
ValCo Engineering Ltd.,ChIJ-wox3ZvBQkgRsxYID3d0SBM
Vale Beauty & Massage Boutique,ChIJpWCc7li_Z0gRI-xFFaqrn5c
Valentia Island Car Ferry,ChIJ_1txDVntT0gRiP29MZsl3AQ
Valentia Ice Cream Parlour and Farmhouse Dairy,ChIJQeVbo0ntT0gRv88Ptaujf1M
Valentia Island Tourist Office,ChIJER4RaFntT0gR-m8hoDSyO3Y
Valentia Island Caravan & Camping,ChIJ_xQNFUXtT0gRwDr0s1aqM7o
Valentia Island Cottages,ChIJAwAAAMzsT0gRbNwbhBFXNZQ
Valentia Island Cruises,ChIJMZyynE7tT0gRkLky0O6Yeh0
Valentia Heritage Museum,ChIJ7_nmR1vtT0gRjWxgCQuU1iA
Valentia Island Seasports,ChIJu14WLJrtT0gRxHYIpGWe-mI
Valentia Island Lighthouse,ChIJaX6DUxbtT0gRy2sRx9ureIA
Valentia Lodge Accomodation,ChIJmyEtId7DZ0gR-ziYpH3EWrc
Valentia Nursing Home,ChIJxea-q1H7Z0gRGgMjvQir0RI
Valentia Skellig Rooms,ChIJ1XYfyV7tT0gRtT9ymJPi1gY
Shealane Country House,ChIJ3TMXVSf5T0gRvO2E6iPWv_M
Valentina Fine Diamonds - Engagement Rings Dublin,ChIJ-XUw25cOZ0gRh8wAQOFqyaE
Valentine Ladders,ChIJR7vAJK8MZ0gRmDvAr8fTXHg
Valentine's - Coffee and More,ChIJpearEBtzZ0gRitTXfvMELV8
Valeo Vision Systems,ChIJvaN70sCWW0gRS1RGKVmj5i4
Valeo Foods,ChIJ3QNbOUILZ0gRTnaCNUc25P4
Valerie Dolan Counselling and Psychotherapy,ChIJlaF64f9pXEgR2jJJ6zMwoAg
Valerie Gunning - Violinist and Pianist,ChIJ--dpxQ3m8W8RfXRXER3shh8
Valerie Jackson Accountant,ChIJydCV_JT0W0gR66iFmw3GfB4
Valerie Linehan Counselling & Psychotherapy,ChIJCzzEes2RREgRhLHPXDbuTyU
Valerie McLoughlin Structural Engineer,ChIJnX4zwsp1XUgRpjoaHICckw8
Valerie Moore Therapy - Carlow,ChIJ7c9YdJ5fXUgRZYcy2UmeSf8
Valerie O'Malley,ChIJZWMT1CITW0gRVTh9MukAVCc
Valerie Osborne Advanced Skincare Specialist,ChIJ3TPLvz-_W0gRVnVGHmC_RuI
VALERIE RICE CONSULTING LTD,ChIJARAWYqkOZ0gR2PUqRXjatIo
Valerie Roe PR,ChIJbzaiKg8JZ0gRoQ2_iNDuCyg
Valerie's Breast Care (Mastectomy Bra,0x485b395776080293:0xbd1699bcc969d9ea
Valeries Of Aughrim,ChIJCU4tyMpoXEgRosbKAAD55HU
Valeska Kroeger,ChIJPUe4MoUxQ0gR47B0wE_Ki2Q
Valet Deluxe - Valeting and Detailing Dublin,ChIJJ8reHVkPZ0gRsPGOtN-TpO0
Vale Wanderers,ChIJ7-TVjGtEXUgRVjv8ui9SA0E
Valhalla BnB,ChIJ-zL3q9xuRUgRVHfCW8jnIdo
Valhalla meats Ltd,ChIJNeqxVB_TXUgRCrOkaepI2BY
Valhalla Saunas,ChIJxSwxZkRDXUgRnbz3e43uPTY
Valiance Partners Europe Ltd,ChIJT15Iy4l0Z0gRqB70s85p1I4
Valiantys - Atlassian Platinum Partner,ChIJMeQimh8PZ0gR4HS2J_cvzYY
Validant,ChIJr9Q0CxKSREgRT49fInZPIuI
Validation By Aphex,ChIJm9EFp__DQkgRRsTI4i1ZrHM
ValitaCell,ChIJh4BSljsJZ0gRI4qUqEOcccc
Valkyria Tattoo Parlour,ChIJ61Shun95Z0gRAAblI9CoLGE
Vallely Legal,ChIJhe65qgkHZ0gRlNxtVdeQeQE
The Valley House Hostel and Bar,ChIJIYBFV1qfWUgRoB9vyp6lzqE
Valley Bowmen Archery Club,ChIJSUmOZnwZQ0gRYQ_4lCeNyuE
The Valley Cafe,ChIJmV8xmUxbZ0gRTbAZu7mOm-4
Valley Filters,ChIJAQQ84iOyYEgRdw5Irfz4-hI
Valley Forge,ChIJRWUZvcrPYEgRDriwu5ejg-Y
Valley Lodge Farm Hostel,ChIJeT4exBP9W0gRarQIeSQTYAU
Fishery Fine Foods Ltd,ChIJRWAUcD55Z0gRnF57pI1MSRg
Valleymount GAA Club,ChIJ8fWEqHWbZ0gRyCPfxlDUqGE
Valleymount National School,ChIJO63c0zCaZ0gR_YjsuZWe77s
Valley of Roses Kilkenny Ltd,ChIJ7Y8sMJ4wXUgRf4jwnCqclZU
Valley of the Mad,ChIJFw4HBOIPZ0gR0L8Lo-1Bn1U
Valley Rovers GAA Pitch,0x4844f4828ea36ae1:0x7629c673aecefdf3
Valley Tree Care Cork,ChIJI8aqM3GRREgRoTOflfo46s0
Valley View Farmhouse,ChIJ70Gh3QU9RUgR6Le77ynr1ZM
Valley View Equestrian Centre,ChIJw7XSxG_OREgRq5yebLDtMoU
Valleyview OT,ChIJQWnz2q-nZ0gRKlor3muTHf8
Val Neenan HR & Coaching Services,ChIJ2Wu7nuKToGcR9Wz-RFia_Vc
Valuation Office,ChIJ56fnk4UOZ0gRhibOozzapUM
Valoso,ChIJpZKUo54OZ0gR6bNLdO3mf2k
Valsa Coaching,ChIJM7Qw4JyNBaoR8751eXZpCSk
Val's Fast Food,ChIJ6_xNPxH9W0gRPcMqyIfrZEI
Vals takeaway,ChIJc57N97LlREgRuDHERvPzl9g
Valu 4 U,chijowzf9kh7x0grtp--pxchjxo
Independent Valuations,ChIJcUIw2L0OZ0gRO6a-uYyxVu0
Valuation Tribunal,ChIJizqHqZYOZ0gRHN9wrUv1osE
Valu Carpets,ChIJ7Zteh1GfYEgR3Kspd2_LMSs
Value Tyre Centre 24 hr Tyre breakdown,ChIJ2Q0NF88MXUgRCM2-8ZwZk-I
Value Blinds,ChIJmQ-hao5lXUgR3nlFhnQdZt0
Value Centre Wholesale & Cash & Carry,ChIJGV0u_6HOYEgRJbMoocL8uJY
Value Dentist Consultancy,ChIJ57rY83wOZ0gR2cB_GzrrI3k
Value Flooring And Furniture,ChIJ1zau_CkOZ0gRjmTNz7dg0NE
Value Hearing,ChIJ22MjktENZ0gRgjUs-mEwUfo
Value Motors,ChIJJwKjfugNZ0gRnIu0l65693Y
Value drives and patios,ChIJ71B7bjoNZ0gR1eNU8x0CY8k
Value Tech Limited,ChIJwRcSyaTFREgR0V6mGmEW0bU
ValueUfitness,ChIJKz5YEM5zZ0gRtc-foO-H5HA
Value Van Rental Sandyford,ChIJF7_H9loJZ0gR5PY3Co0vYlc
Value Vending Ltd,ChIJmxBVW0jm4GcRDxJZ-nKtia4
Valu PC - Office only - No retail store or Stock here,ChIJryJYw-MHXkgRMj20wZ43Mxw
Valve Services Limited,ChIJT0NvDVGbREgRTPbnFhpbhck
Valve Technology Ltd,ChIJb5Ih9xIvPSMRquAUp78hLlk
Vambeck Signs,ChIJPfFM2VrAXUgRdB8dy29xmGs
VA Media,ChIJVWWzYQmSREgRU4Tn9mHcr0Q
Vamo no Brasileiro,ChIJGaG0CKsPZ0gRERcwzU9_fKE
Vamos English,ChIJoS-W49El-4YRXbTt9qzRGqE
Vamp and Fade,ChIJSf-c2FBxX0gRLb6Mq27TuCo
Vampfire,ChIJQcGxQBU7Z0gR-aTvRiSi0Fk
Vamp Lingerie ltd,ChIJ82hkLGZcW0gRJrdDtkZo8QA
Van Elle Limited,ChIJRdZjLrBGW0gRBOGKNVE4nlQ
Van delivers Ireland,ChIJr_6ULBp1Z0gRtRitnProEmw
Van-Guard.ie,ChIJ_6AMwwZcW0gRhQmG5CORZvs
Vanbits,ChIJOwyIS1uRREgRYwtDBnJTL2g
Van Buddy,ChIJ96JUAG0NZ0gRuwUrT6OTZAc
Van & Car Rental,ChIJS_4Ost0XZ0gR5iLmKk6CjIE
Vance Accountancy & Taxation,ChIJ29SZ6FwOZ0gRJQJgr5ifog0
VanClean.ie,ChIJSbXukd4LZ0gRrg8gbHSyCkk
Van Conversions & Linings Ltd,ChIJY0r_pDdzZ0gRfMarrTVSvQE
Vancouver Yachts Association,ChIJJ7sk7HYIZ0gR1ZDotaRpRD4
Vandal Café and Restaurant,chij2ungozomz0gr72dliai5ei0
Vanda Luddy Art Gallery,ChIJp8Wku8TGW0gRBgv51PfHZz8
VanDel Removals,ChIJIxUxHkg6Z0gRdk0xT8mg4nw
Vandeleur Antiques,ChIJV9J3K3LeWkgRm6hnJZbE4_0
Vandeleur Walled Garden & Visitor Centre,ChIJOyrS5WTeWkgRjzb6thFHdL4
Croghan Homeware LTD,ChIJKQ87eyQbaEgRu1VN4oRWX4Y
Vanderlust Campervan Hire & Conversions,ChIJoSlcYeBsW0gRNOYp2ajvAMw
Van Der Wel Limited,ChIJuVzHuefqZ0gR1zwRZeyhgPU
van Dijk Architects Ltd,ChIJk1WVFZ_OYEgRzqE_mbUfxF8
VanEck Investments Ltd.,ChIJo43opvsPZ0gRcgZHfHxPXTE
Vanessa Acupuncture,ChIJIWp8PS8PZ0gRaVxSVd04VwA
Vanessa Jordan Photography,ChIJ2R5_Q3u8W0gRsrELXHa_KQg
Vanessa O'Connor,0x48449d50f32aeedd:0xa3f665147d122004
Vanfit Solutions Ltd,ChIJB1_ptw8aXUgREAoLGe2es1I
VanFitters,ChIJsW0ow-YhQ0gR0vV92h5uR-k
Vanfleet Transport Limited,ChIJ-_-w1JcSZ0gRET6lvXerqGQ
Van Gogh Dublin Exhibition: The Immersive Experience,ChIJmzwjr5wPZ0gRLp_AJtJUfo4
Vanguard HSI,ChIJnUf8QIgNZ0gRLoIOFvzcThQ
Vanhalen Limited,ChIJXYgCoqPeREgRCet_rKiLpJ4
Vanhire.ie,ChIJYdSRpuWWW0gRldWzTzoPC5A
Van Hire Dublin,ChIJo9ydZGMOZ0gR1RrPiVxETBU
Vanilla & Co,ChIJw1D4ExCQREgRafDCSxW0I4k
Vanilla Bean Patisserie,ChIJ6RSsMggLXkgRHOJfQxpr-8U
Vanilla Bean Bakery,ChIJEbFKs5ulXUgRGJ7TnkxVpBE
Vanilla Beauty Studio & Academy,ChIJ71W6rrpEZ0gRu8CIbU6Uig8
Vanilla Boutique,ChIJ6Wk6kD5fQ0gRdP5yQndLaUo
Vanilla Browns,ChIJeza152lcW0gRxrBNU-B8CSA
VANILLA,ChIJr4fVIQMMZ0gRly-fILKn9_s
Vanilla Skin And laser Clinic,ChIJOWVs-XVdWUgRg4P69QB_Xpg
Vanity Beauty Rooms,ChIJt6KtOUyQW0gRh0keSSdfAbI
Vanity Case MakeUp Studio @ Sean Taaffe,ChIJldV6wDQ9RUgRZRRQo-Ez7XE
Vanity Hair,ChIJ_____xCQREgROVBGZnRNZFQ
Vanity Nightclub,chijlvjvdiwyyegrqn-bwnaoaiq
Vanity Rathfarnham,ChIJ7VWyGZgLZ0gRaTHE1zfo6_0
Vanity Rooms,ChIJY17wEb8JZ0gRm2vBTfvY9eY
Vanity Rowe Boutique,ChIJrdad2SnFQkgRgqUGS7_82Qs
VanityX Makeup Studio & Academy,ChIJ90Ttz-8QZ0gRcWMsEvh6XIU
Vanman.ie,ChIJP0xXgZUOZ0gRv9dgnFzhh7s
Van Monster,ChIJJaeZ8QgJZ0gRJfWlNmWeTTA
Van Monster Cork,ChIJJfjPvaiaREgRTkk4j8Bz1UQ
Vanparts.ie,ChIJ-U4sg_ljQ0gRVS8g9EANS9I
VanQuest - Moving & Removal Service,ChIJ7UPkn9d1Z0gRNML3vcOwYtk
Vanquish Clothing Ltd,ChIJo0UogYO_Z0gRA5GQAXJ8xjk
Man And Van service Kildare,ChIJN0IkhjF5XUgR6QuN7neBWg0
Van Rental Cork,ChIJU56SL-IRZ0gReK5GoiqAQtA
Van Rental Ireland,ChIJZ2lStzUQZ0gRDPlyeaNRFTY
Vanrentals.ie,ChIJ77AczK8MZ0gRO0KeB-MVkY0
North West Vehicle Recovery Ltd,ChIJvd3GfPv9XkgRPkVh4opEaJs
VAN Shack,ChIJR3hE46GXX0gR1LIxUqpyrB8
Van Shelving,ChIJnwXPiTnxW0gRZdXRGi08Yow
Vanspeed Couriers,ChIJ2-Pv9bUMZ0gROvml8sEmsIo
Vantage Ltd,ChIJMzvj_wYJZ0gRVQhmiqAcrbk
Vantage Digital,ChIJQe-kbLZzZ0gRlUCdQ0LL9X8
Vantage Financial Planning,ChIJ4aLuYGkPZ0gRyyTjHQ7dX3c
Vantage Ireland,ChIJP1SPSni5REgRlDdgrPaTxAQ
Vantage Marino,ChIJX1UK6MAPZ0gRmmpqanvyGQs
Vantage Point,ChIJh7FxrB8LZ0gRzmAyUJihTMM
Vantage Towers Limited,ChIJg79nDweoZ0gR31MqV1PU-r4
VanTasks,ChIJE61BSzsGZ0gRI1Assny1wu4
Vantastic CLG,ChIJh_-vsQIQZ0gRm2L6XsfQf5A
Gaming Van | Vantastic Gaming,ChIJvRnQX7HLXEgRZpVxVAAfU9k
Van Trader,ChIJkU7Li-INZ0gRLg94twN8Rcc
Van Velze's Chocolates Ltd,ChIJ9amneyvnW0gR8dmyOqp48Pg
Vany Fila Photography,ChIJry9H7lyXW0gRabbNmxt8pPg
Vape central,ChIJcSALkRmBZ0gRM30ssTAzWjM
Vape.ie,ChIJtxQ42bkTW0gRB10Y82LhkG0
Keegan's Newsagents,ChIJkdS3biWyYEgRHgF92TZ07wc
Vape & Beyond - Stephen's Green,ChIJ54nvL-kPZ0gRpZpBqMeDL9Q
VapeApe,ChIJN4wKJC5SXEgR4VhjthnNjx8
The Vape Escape,ChIJM18cx-8QZ0gRIZkeT83m_Bg
VAPE EXPR3SS,ChIJ6dvwiieDW0gR4vCqT3o05bc
The Vape Gallery,ChIJzRQ1kXYTW0gRpiMdTmPBcxk
VAPE GURU,ChIJ4Qvk7L87Z0gRVNy5TaufeUg
Vape of Queen,ChIJoxrLAFoPZ0gRQFJ93i6U5uA
Vape On,0x485ce8059941707d:0x6d7f993bc7ea8fc3
Vape Point,ChIJb4H2uVpxZ0gRc4Gy3TKClqc
Vape Shop Dublin | VapeRus.ie,ChIJH1kmawDBXUgRWUWdAV_YDV4
The Vape Vault,ChIJ04JWQswNXUgRdo0QKsMx75k
Vapevine,ChIJoWmc80LPYEgRjdkWpO5a_xw
Vapeware,ChIJX-MTsORzZ0gRVjMkpUr1ugo
Vapeways Electronic Cigarettes,ChIJLxuTaIalXUgRynO1FgvPcME
VA Plasterboard Works,ChIJ-UIFhAR3XUgRCUosgAFF3Nk
Vapor Venue,ChIJca92_ottZ0gRaWO122LNIAc
Vaporwave - Ballinasloe,ChIJcRC2AZ2XW0gRwDgfjo0HuK4
Duke of Vapes,ChIJFw-rMu1vXUgReB64-hlf9FE
Vapourpal Electronic Cigarettes,chijufnyfns1rugrgmz2xfu-lvs
Vapourpal Wholesale,ChIJaTIYsEttW0gRKjqIc8ekRiE
Vapro Tuam,ChIJAX_h50rxW0gRsC_Z1OziQA0
Vapura,ChIJ8aaE1MYIZ0gRt4bfc6JKLcg
Varadis,ChIJLwxDxDCFREgR1cbiz_33W44
Varamex Ltd.,ChIJwSew4HUPZ0gRrBAPw9nfoPA
Vard Brand Design,ChIJCeSiipYOZ0gRjg8aTRKJUwQ
Vard Dental,ChIJ4x6Bx9cHZ0gRT_cfFhE9Xmc
Vardens Pharmacy,ChIJ-_yVKKprW0gRDv6pC0rC7uI
Vardis Group: Experts in Outsourced Property Services,ChIJA1nXX8t1Z0gRqKyGHSlWYb0
Varian Brushes,0x48670c96ac3e66ad:0x34db0ee70c53ddfa
Vein Clinic,ChIJq7UolgkJZ0gRwGPf0ZZzUDg
Variety Jones,ChIJF-JWLLwNZ0gRyLN1NTAEKT8
Varming Consulting Engineers,ChIJTecHc1QjXEgRoaUkuo-jAmI
Varonis Systems,ChIJpxa4ew6QREgRhCwLfRSXgU0
VarTeK Security,ChIJ_yivKz05W0gRAAhd8ZvPKGY
Vartian Carpets,ChIJRSWTgA4JZ0gRUQvug4-E8q8
Vartry Engineering Limited,ChIJw_llzpqvZ0gRkueez811-WA
Vartry School of English,ChIJAen0DqANZ0gRs0hpfLe90EE
Vartry Garage - Kia & Peugeot,ChIJpUqZ7w-3Z0gRrR5WrE92MwY
VAS Flow Control Ltd,ChIJxZ2_qqBfXUgRSeMJI79lDZY
VascoCare Medical,ChIJQ1evhSN9XUgRY_DS6YWJhks
Vascular Centre,ChIJXSjknMYJZ0gR7TpiQZGF3nc
Vasectomy-Ireland Bray,ChIJZ8C2S_apZ0gRLrwr9f-em98
Vasectomy.ie,ChIJa1x8-np5XEgRWkyoneKxds8
Vasectomy,ChIJmU4INahxZ0gR9OJumbnXXiA
Vasectomy Doctor,ChIJ4TvfOMYLZ0gRjDH3kkyHOBE
Vasectomy Ireland,ChIJj5a6KbkPZ0gR8nzdRM_5q_s
Vasectomy Kerry,ChIJvYWE9QY8RUgRSQsx9On_7pw
Vasectomy Clinic Dublin,ChIJJamRKlINZ0gRb93oZeWFatA
Vasectomy South East,ChIJn-m5Y9PGQkgRwy1o6RVH4m4
How to Get Your Ex Back dublin | Bring Back Your Love dublin,ChIJvcComcEPZ0gRCcdLAe3oUwA
Vass Autos,ChIJC807uzztZ0gRSOBXr6NGGrA
VASS Motor Works Ltd,ChIJx4wTUFW5REgRmODcksjzrZs
Vast Valley Limited,ChIJ4RRyQDMIZ0gRI9-_7B1E8HM
VAT Calculator Ireland,ChIJ4xPZ6DI1RUgRlgWojFqlhMk
Vat House Bar,ChIJq9-qr5wOZ0gRcM9VjxnO-4g
Vatikans,ChIJJR9sELstXEgR4axEyJp7oIo
Vatov Jeweller,ChIJuQUNgEzjXUgRoKE0vWsvOgY
VAT Recovery Services,ChIJGT8v2ycOZ0gRcvG_wgkhIWk
Vaughan Kitchens - Kitchens Design,0x485ad832e6a3099b:0x15818b02ffe2f297
Vaughan & Company Accountants,ChIJ_Zliey1tW0gRlGQKNU7DQIg
Vaughan Hannon Auctioneers Valuers & Estate Agents,chij7w1e8dcfw0grrmy7nlhm7p0
Vaughan Lodge Hotel,ChIJA-P4RygEW0gRcM7ivqTz4-0
Vaughans Anchor Inn,ChIJTXcWgF4BW0gR5vDY7T1SN28
Vaughans Garden Centre,ChIJCzoxvUttW0gR3M-SnH3BWu4
Vaughan Shoes,ChIJ_VUW2BP9W0gR1F5YYjkwxpM
Vaughan's Pub Kilfenora,ChIJ7VljKlYIW0gRpfeZlwNJOrU
Vaughan Tree Care,ChIJP9BWjS6yXUgRERrnSjOZLYQ
Vault 80,ChIJ99mJ8S8PZ0gRpEUNK-xKAbI
Vault Health Club Tallaght,ChIJcY3CYrZ0Z0gRYbSQSKnxD0E
Vavavoom Clothing Ltd,ChIJpRjvJE_PYEgR5k_m4GS7Ajc
Violet Behan Solicitors,ChIJYQgVhN15XUgRa7IQYISg4HI
VBC Monaghan | Volumetric Building Companies,ChIJTTBlSACfYEgRaweTieF_KXE
Thai Healing Massage / Vbeauty_Spa,ChIJH9T-740FX0gRA5CA0yRY-L0
Vincent & Beatty LLP,ChIJbwjL5ZcOZ0gR_GLRrIesHHo
VB Recruitment and Training,ChIJ232-DMQOZ0gR28ro0O3_De4
Vigorous Business Services,ChIJhZD6M_YNZ0gRNRACbO6bHow
VBS Flooring,ChIJl0DAJ637Km4R72zCVcsvDJI
vbt IT Solutions,ChIJX6Mcoz6mZ0gRSLglLk8jrWY
The Village Childcare & Community Services,ChIJ0fSn0ZAwXUgR5UccasCkp6U
VCC Systems,ChIJ443D2fuWW0gR5zWSSCzNuic
Victoria Cross Cycles,ChIJgyBIsS2QREgRIIUMUmY5FvQ
VC Woodflooring,ChIJHf9qyjH6W0gRh_-kWAuLg8o
VCFO,ChIJ5yUwDZwNZ0gRgifIuQhdnAk
Conlon Forklift & Commercial Ltd,ChIJWYoWey3AXkgR1yS7_2Z0dss
VCL Consultants,ChIJy4zr9Qk7Z0gR-HIS_7iOka0
PHYT'S Ireland,chijbqgmjg8mz0grfvq-_jq_9la
vCloud,ChIJx7B0o2J0Z0gR2LVKtCQUwrA
Vconnecta,ChIJd94tsi-QREgRh9VwX1lIiHA
Victor Copeland CPA,ChIJ60u2QH0AaEgRq_HwQsKL8PU
VDA Coffee,ChIJ8coytbx4Z0gR70E_X_UQPJo
Vincent Doherty Limited,ChIJPe0Hrg8MZ0gRzhNCp08Xf2g
Van der poel Energy,ChIJb4xRT44MW0gRcDryrnGnz3o
Maurice E Veale & Company Solicitors,ChIJV1a11ZkOZ0gRdwoej81R574
Vearsa,ChIJE27ilyuFREgRg6DAKIs7MIc
VEC Football Club,ChIJibNnWo4LZ0gReazm0KFu16k
Veclogic,ChIJKRYRx3NzZ0gRAxInPaV8NHA
Villierstown Education & Culture Project,ChIJN2LvmXk_Q0gRHjGowd5SC4A
Vector Motors,ChIJa2nWgp8JZ0gRk56Gfg3xcnI
Vectra AI,ChIJDebCwfoPZ0gRwDckvfqcdmc
Veda Indian Restaurant,ChIJG4bX2nEIZ0gRNuBnXGQLKJo
Ved Karma - Nutrition,0x48670912b75acc35:0xd93f4640d9fca820
Heads (Oncology CRO) - A Veeda Group Company,5de3f82232dc4bf3d97492f36bc8b6af
Veedent diş kliniği,ChIJNx4DhOwOZ0gR8FrkRT5hYmQ
Alu-Casting.com,ChIJtQkT6YnDQkgR_ZkKb8FKyxM
Veelite Lighting Limited,ChIJxzHc5YnDQkgRlTlr7bJQDzQ
Veep Energy,ChIJfZwY19RyZ0gRPjohx358Aac
Veeras,ChIJ_63A1gk5Z0gRcus_nJELo3A
VeeSigns,ChIJYQEQFZsMZ0gRNiPg2rsJcgU
Vegan Burger Company,ChIJ3-_RpYoPZ0gRqxCJx5XRuhs
Say it with Cake,ChIJ-X959N0NZ0gRb6rth9NYc2M
Vegan Era,ChIJMZuqejJ5W0gRg7mjwvfOoN4
Vegan Hub,ChIJ4ZS7ORzqOyQRAf6h9wffkBU
Veganic,chijotwkmiwpz0gr5jocvlarhkg
Vegan Dublin Food Tours,ChIJUyu_YqcJZ0gR_s5NnOBx6lk
Vegan KO,chijqybxtqobregr5u4slhlf54y
Vegano Delicatessen,ChIJo3WS2amXW0gR7AoHu0kUtoQ
Vegan Sandwich Co,ChIJKUWQZLkNZ0gREWZVazE-Nwo
VeganTan,ChIJj0f9v5d_XUgRpjEodJy4JlE
Vegas & V2,ChIJkTRh5IWlXUgRJV-8W31Wbw8
Veg-Ex,ChIJ4-tD6WQNZ0gRX-1lex4E-bc
Veg Out,ChIJ0zIQD9ddXUgRf6FwiZcqx14
asian grocery VEGSPOT.ie online store,ChIJXc-a39QPZ0gRLchhYInL3tQ
Vegter Violins,ChIJz7X06xGQREgRj29PfSrHPYQ
Vehicle Fire Blanket Ltd,ChIJk3UlGOshXkgRLTg-eahecW8
Vehicle Repair Solutions,ChIJ_dYfmS5jQ0gRzXQLN42wwOw
Vehicle Tracker Ireland,ChIJE3B2svFhYEgRbEIYJ26x6FM
Feeney Vehicle Wash Systems,ChIJlc1WoemnQkgRzZK7ekBO_nE
Vehicle Photography,ChIJq_KOg7HpXkgRL5_dbqIcbv8
VEI Global Ltd. - Integration Center,ChIJR563w914Z0gRx_KTLjI2lZY
VEI Global Ltd.,ChIJdRC99hVwZ0gRlnfPZnvtkYU
Veincas Ireland,ChIJF_vCKEOXW0gRv86UkpDabU0
Velacor,ChIJ-zRgPoh5Z0gRVs5r1O8ctJ4
AJ's Cocktail Bar,ChIJM35na3BzZ0gRDN23Ah19DnE
Vela Restaurant,ChIJx2WZgAtzZ0gRnULFTTcJwCQ
Veldon Tait Chartered Accountants,ChIJMaO6GCUGZ0gR9hht_kc2L14
Veldons Seafarer Bar & Restaurant,ChIJMQxmL48lWkgR-V9H8U_CzRA
Veldskoen Shoes Ireland,ChIJ5RKqKdofaEgRULXB24n010Q
Velocita Ltd,ChIJy_5tQH4JZ0gRGgGh3MeWRsA
Velocity Media,ChIJOyl2v2XDQkgRlE04b-VRmvI
VeloCity Cycles,ChIJTU5v2nqSREgRQIMO0qNNjq8
Velocity Fitness,ChIJ-fJwsUPxW0gR4W7jdbMfIys
Velocity Couriers,ChIJtxn7a8INZ0gRTTKxnHLmf48
Velocity Moto,ChIJb7PaUQANZ0gRYyC5_xC_TLU
Velocity Virtual Reality,ChIJLbPrW7DFQkgRN9dpyLZA_3w
Velo Coffee Roasters,ChIJF6H5iMmRREgRcOARAZHr6VE
Velocycle,ChIJR6VG5hrJYEgRCRuJhgku5jI
Velopi,ChIJZ8qHO6SPREgR1LzlLTUnEyM
Velorail,ChIJfx4ACDFRWUgR4z5gFRDlvLY
Velotec LTD,ChIJeSk3M4u0W0gR_caaYrCPVUI
Velox 360° Digital Agency,ChIJ3_DQ5PMJZ0gRwPPBqGSUy54
Veltron Precision,ChIJGdLtfL-WW0gREBH2pIvKwXM
VELUX Company Ltd - Roof Windows,001a843545b6e6440c2fe9ca3b6c48b6
Velvære Spa,ChIJEWEcorMNZ0gRWyT6J4_Pwpc
Velvet + the Fox - Bespoke Pregnancy Sculptures,ChIJ15OzCTwRZ0gRJnOUjAJSmPc
Velvet Cafe,ChIJmUavBTEbZ0gRNvkrYbs78UU
Velvet Cloud,ChIJMVH3kAhWWUgRNjbOFU_FOuc
Velvet,ChIJdzcJM3hbW0gR4r1AP92R-CU
Velvet Strand Design,ChIJLfMLaTETZ0gRgWG8CSHhdhE
Velvet Voice - Voice Over Coaching,ChIJrfRWdCMMZ0gREhNf7j7CepY
Velvin Lamont,ChIJlyhWbsuRREgRh9J7Oxzi0qc
VenaFoto,ChIJOwjJ998LZ0gRvP1Q7gvZLcc
Venair,ChIJ5Z4LwIQRZ0gRgWErvS5zW0Y
Vendek,ChIJGRbkjTVkWokRrYMNZsT0B7Y
Vending-Machines.ie,ChIJqfaOnUYPZ0gRRpu93e46LDw
BDS Vending,ChIJZf3Sa7YMZ0gRbqEFsg1VrNs
vending4you,ChIJ0RRlRznhXUgRfQO4FmNK1EY
Hynes Vending,ChIJuxiNGZQHXEgRWWUbE5MQ59M
Vending Machines Ireland,ChIJobYnYoF1Z0gRmZ0suWV2LGg
Venditti Photography,ChIJzbF7ohJzZ0gRDIdDOaq5nJk
31 Coultry Ave,ChIJC2ooNGUPZ0gRhPi1p1E9_To
TIJ Limited,ChIJB9aq-VpzZ0gR4EBHML7eiSE
Vendor Finance Ireland Limited,ChIJnQYa2crpXkgRK4UaQJhDpcM
Vendricks Restaurant,ChIJ31llegk8RUgRAlcaKDAx83M
Vendtec,ChIJG81xln9xZ0gRGJ4GXNoemCg
Venebazaar,ChIJ5blVRbIJZ0gRn9FN6RG4u6o
Veneer,ChIJqbY7I4QOZ0gRW_dgV5u6Q6A
Venemarket Ireland (online only),ChIJ1fOze8sNZ0gRayYSuFx76oA
VenePhoto,ChIJu38tVbd_XkgRLHzoKKchMoE
Venezia Italian Ballinasloe,ChIJI5bgnHBpXEgRkwRLbmgdr8g
Venezuela Boutique Skerries,ChIJSWT3T-YOZ0gRqDzJ4DW0srQ
Italian Restaurant Galway - VENICE,ChIJFcYaFuWWW0gRNnlUAANtDi0
Vennetics,ChIJr2K5GxTMYEgRN8ujVjOIaKs
Venn Life Sciences,ChIJUQIEPrMHZ0gRtu_JYNJZyQ0
Venocare,ChIJqxrZRuhWREgRUWEjcN_9ipo
Venom Films,ChIJlcySxaUOZ0gRDK6cp03N5lo
VenoMurra Massage Therapy,ChIJdcx4y5kHZ0gRDz4GcQZsDCo
Ventac,ChIJn-Mkxx-dZ0gR1qpPzNcLRKE
Ventamac Packaging Materials,ChIJ8y7raNQMZ0gRg2n7n0AWqT4
VENTCORE,ChIJnQWlpbK7QkgRNYRKXHOXmEY
Swift Vent Services,ChIJV-csXYQIZ0gRdaMqz7Cm3L4
A+ Ventilation Supplies,ChIJkaB34F1dW0gR7aHZsMgX71k
Nationwide Energy Consultants - BER Assessors,ChIJjxrySCo4Z0gRxyRuFN5vxWQ
Ventilux,ChIJq3WhVCQGZ0gRE5UCJAQZhZw
Ventive Software,ChIJOdb7VJ0LZ0gRosRZRXC8Ym0
Ventrolla Ireland,ChIJ22V_14B0Z0gRZjiNqvkkZbA
Ventry Bay Beach,ChIJv2MHUczkT0gRZ_L2kajEcjw
Cathair Geal Holiday Home,ChIJW-o53svkT0gRUc5ktH5xcR4
Ventrybeach Gallery,ChIJ9YyOScPkT0gRNwNj1-lowMs
Ventry Holiday Home,ChIJF8Extzv7T0gR7RDol9PEiMc
Ventura Design,ChIJraNscgoNZ0gRFOFzuXbMqFU
Ventura Motors,ChIJP6igAj5nZ0gR_BeKlCy3rqs
Ventura Outlet,ChIJh4bV-ZYTZ0gRZOi1MbdR4g8
Venture Out,ChIJEZgACC5tW0gRWkzje4jNUSU
Venture 2 Adventures,ChIJE9fEOTwuXEgR9cPKydPkVtI
Venture Clothing,ChIJXzCYNCcYQ0gRJJGHkjZ_xts
Venture Dog Training,ChIJZ87lEaC5X0gRe6pKx0ETN98
Venture Finishing Limited,ChIJN6CdHEltZ0gRTZ4hHr7Ns1Y
Venture House,ChIJuzQuBsRjXUgRbDBqYV-EKEE
Venture Legal Services LLP,ChIJ3ytt3-0OZ0gRfGE5twtKPQY
Venture Network,ChIJ8_uW6oQNZ0gRgrXH_CocWDU
Venture Recruitment,ChIJD0wHcSAMZ0gRNtefosUfak8
Venturewave Capital Limited,ChIJv2TW1pkOZ0gR0jHymMKbM58
Venue 35,ChIJTWJ31fYPZ0gRVI4RtEHI5aU
LexIcon Library and Cultural Centre,ChIJHUZDYSMGZ0gRQ9e4ahJXkhI
The Venue Bar and Restaurant,ChIJ61sqcHHDXkgRA8MwKYfAkrE
venuesworld.com,ChIJG7-JrggJZ0gRMx-C2yK8HOQ
Venus Clinic,ChIJA1t9mRhhZ0gRulA2HDHE--o
Venus Medical,ChIJPbtyImcJZ0gRLik2359wDNs
Travertine Tiles,ChIJMVXGF8qUX0gR0ALj37Yh-5U
Venustas Aesthetics,ChIJr8tUJgK3Z0gRtRNgLPN5_bU
Srowland Water Treatment Plant,ChIJdUth8xhwXUgRqd9jaQ-cko0
Veolia Fermoy,ChIJl9LlK59fQ0gR6Giv_qqOsW4
Veon Limited,ChIJDTdqTrIJZ0gR_gRkXmYTsMc
Veracity Maintaining Partnerships Limited,ChIJiVY1EFQNZ0gRHvw7j4KVdpE
Vera Financial dac,ChIJNRwfSukOZ0gRVB1qmyFDfp0
Vera Gaffney,ChIJk-6Tm96RXkgRekt7MwFCZis
Vera McEvoy,ChIJlaaPaLVxZ0gRsxlAAJia32c
Vera Moda,chijjqogoqrjxegrgetytfskf_0
Veranda Ireland,ChIJD1vHxm1_Z0gRezeAM-n9vC8
Verandas Ireland,ChIJMxxLQP95Z0gR24fbHakk67s
Vera Yarns Design,ChIJEV15A7LL5S4Rmo7LBo_bFyw
Verbantas,ChIJy0mfGscNZ0gRZc1g7nZe7Tg
Verbena Herbal Clinic,ChIJ9daeKJ2bREgR225HKv8EMLo
Verb Wheels,ChIJ73v-jokLZ0gRZW-ngcpvuog
Verd Houseplants,ChIJm4bmojSbREgRmAgFeOeJJWg
Verdacity,ChIJZaY05aMPZ0gRX64snhRlzcY
Verdant Productions,ChIJb1xQlsYNZ0gRkFg8rJonpnU
Verde Environmental Consultants,ChIJGY9jgUKRW0gR0OPFnEvhSr0
Verde Energy Group,ChIJBSLFfA6QREgRTLtLtRxx8OM
Verde Burrito Bar,ChIJxYX5-O0PZ0gRuELyz3VD6PM
Verdoc Limited,ChIJfWFR-nySREgRT3QpyVfTB_U
Veri Connect,ChIJx9MJY5swXUgR-yGozA7Qd8Q
Verifone,0x486709807e4dc8e1:0x20ded81cf40039f
Verify Technologies,ChIJKY2V1TFfW0gRIZotMQLilWo
Iontas Ltd,0x485feb2dc2b86def:0xaefcd170232addc3
Verisure Home & Business Alarms - Dublin,ChIJwc_ju8cPZ0gRr6gadRjV6k8
Veritas Technologies LLC,ChIJDZXeBJoSZ0gRn15zx4kMGkY
Veritas Tallaght,ChIJCzNQK4d1Z0gRA4zO24cTUcM
Veritas - Cork,ChIJJzlkWhCQREgRqW2QnV8b_KQ
Veritas Chartered Accountants & Registered Auditors,ChIJU3dm9E7HQkgRlynd0VMppTY
Veritas Physio,ChIJLwwYRGlcW0gR7lelefZClx0
Verity Financial Consultants,ChIJBcjYSJNxZ0gRB3qLdpV-b30
Verity Medical Ltd.,ChIJ4S2X0HIZaEgR21hJWNOa3Ow
Verizon Services Ireland Ltd.,ChIJq6p6FfgOZ0gRkAC4q9RK9Bs
Verizon Connect Ireland,ChIJJdZRA6t0Z0gRftjXHj_mn0I
Yahoo (previously Verizon Media),ChIJZ05aeuAPZ0gRIp-Hd6LeUGo
Verling Consulting,ChIJR-S1foDNYEgReLhOXCagJiY
Vermac Gas Systems,ChIJcYkSwPJ1XUgRHDrCgQJ3nHk
Vermilion Energy Corrib Gas plant,ChIJwSI3VrIFWUgRe1kAssEfjUM
Vermillion Design,ChIJPRtbBWcOZ0gRvULfT0NUtBI
Vermillion,ChIJ_Rh_JHttW0gR5pTBWU6q56k
Verminator,ChIJZUkOMoj3XEgRlB1xb3QroQA
Vernon Catering,ChIJ81y4E_EOZ0gRjD6Es5tMGro
Maryborough House,ChIJjbNvUz-FREgRExT3EOCOLgk
Bluebell Cemetery,ChIJdzfOxGANZ0gRbNcBB_PTrT8
Vero Coffee Company,ChIJaZudWogSZ0gRMV_sdp_zad8
Verodat,ChIJ_bO4VqUJZ0gRlcKOtPOhMEs
VERO MODA,ChIJmSKxPSEGZ0gRK-5pXaQGgu8
VERO MODA,ChIJz4qPCUxbZ0gRb_FBPiuEtgE
Verona FC Sports & Leisure Club,ChIJpfUgCqtyZ0gREFFU6qVvY0A
SUANTRAI Yoga,ChIJH2hYiqE5WkgRHw8pPtN_lRM
Veronica Cullinan,ChIJG8X_GjNeQ0gRY9XQep-3zcI
Veronica_ecohospitalityie,ChIJZ_VBtAMNZ0gRxlkC5H9VIPw
Veronica Maguire Artist Studio / gallery,ChIJJZ_U2-W7X0gR2aMGLklzABA
Veronicana Holistic Therapies,ChIJqbakM8lvO0ER72ub2EXXWx8
Veronica's Closet,ChIJtZSZ4RqFREgRqoe-j_b8hAg
Veronika Byrne Hypnotherapy,ChIJzXAqJskjuEQRzU9PyNmGpZM
Veronique Knitwear,ChIJ_TiRBJ8wXUgRwIsTvDDr7Cc
VersaCNC,ChIJhylOVwylRUgROxI-Ou8j4fA
Versalift ireland ltd,ChIJnxhjrj0LZ0gRXJR0yLNDHrc
Versatile Cleaning Contractors,ChIJrUTUf-BcW0gRQyflTSyL3Ys
Versatile Bathrooms + Tiles,ChIJOThyYVpbZ0gR0Inj5aJpZQ8
Versatile Hair Studio,chijuzl_fbvaxugrjwnug6er7so
Versatile Mobitech - Web and Mobile App Development Company in Ireland,ChIJ_zAHE8UJZ0gRX9eLYowRqSY
Versatile Packaging,ChIJSbg-Fk-YYEgRah_scQt1Qn0
Version 1,ChIJfQ5e-oIOZ0gRrbC3yiDcmQM
Verso creative studio,ChIJFdoCvOmoZ0gRnIvUQR7zG3M
Verso Frankfield,ChIJHwa6vFqFREgRX5PPJb5zwM4
Versus Bookmakers,ChIJFcK1r4phREgRATwpxUhYH-M
Vert Fitness,ChIJBa7-koEIZ0gR8EC-ImbaKgM
Vertex Building Solutions,ChIJ5TkZVdAUZ0gRbLem86avOqo
Vertex Inc.,ChIJPY0aRQiPREgRQYLZSD52flU
Vertex Roofing Systems Ltd,ChIJkcY3eT6XW0gR8VIxTlBTb3o
Vertical: Access Platform Hire,0x486776bfa84fda1b:0x92d836a146f7e06
Vertical Marketing,ChIJ70Q9dc04Z0gR9EwNAP6PH4c
Vertical Markets Group,ChIJtYBsWr0OZ0gRRh2P61u0C-Y
VerticalProductions.ie,ChIJpcpsftkPZ0gRIYRJe1KdcqU
Vertice,ChIJgXBzCxgRZ0gRBcB2-PBUDew
Vertigo wedding band,ChIJfW8ZiKPLYEgRk1M2AIv9ajA
E & I Engineering Ltd,ChIJoSux1wDrX0gRXYSgGiPBJoA
Vertiv Ireland Ltd,ChIJL1i3hEZtZ0gRZ3WoRgqk1Tg
VKEEPER,ChIJAQCEINALZ0gRtIBM8j-_pUQ
Anvil Unit (Verus Metrology Partners),ChIJFUyewUzpXkgRUWyGih4Am6c
Verve The Live Agency Warehouse,ChIJEYXO2IxzZ0gRWKIdMqu8ogo
VERVE Fitness,ChIJFaKTdB9zZ0gRKQG3KAUKO6I
Verve Gyms Swords,ChIJiU8DTQARZ0gRUgm1dBICbx4
Verve,ChIJKVD8trsOZ0gRdcm0XLJgk0o
Verver Visual,ChIJQVVXyzPoXkgRc1_hGyUm9So
Veryan Medical,ChIJb_otiUKRW0gRPQ7WVDFAPWc
Very Berry,ChIJBZC8H9oNZ0gRVGB8zTQkBRM
Vespa Ireland,ChIJhz2IzL0MZ0gR2ntFjoULkLA
Vespa's Takeaway,ChIJcWSzXHYNZ0gRVhd_9eBFZtw
Vesper Dance Studio,ChIJ1QWV9Ao6XUgRlpT1HS-5BlE
Vesta,ChIJw0elWLnNYEgRMltLFr2GTZ8
Vesta Heat Technologies,ChIJN5JOKkJIZ0gRNoGKh7wQdlo
Vesta - One Three North,ChIJaUAHT9kbZ0gRa8gUBDSH3oY
Vestas Ireland Ltd,ChIJfRyQUQsRZ0gRopbf-Lq7mHc
Vestibular Physiotherapy,ChIJ6-8GrDoPZ0gRyfNL0NEFYXI
VE Studio,ChIJS2UrgO6RREgRUdEoWPH3oHE
VetSit Doggy Daycare,0x486709e27760f90b:0x44b2699092b6a522
Vetannery Physiotherapy,ChIJxZdlrwcZaEgRkMZcF9iLcmw
VAI Consulting,ChIJsVlXBEKdW0gRi_ph1vjVgg0
Vetassist Ltd,ChIJUze8EwahW0gRUQWAoh_1LDc
Vetcare Carlow,ChIJwe6kNGNdXUgR3AM8OmYs8n0
VetCon Ireland,ChIJ-R35ZfdjQ0gR-hT_U5UGHdo
Vetequip ltd,ChIJ84rMCst7Z0gROGavUn5gdA8
Veterinary Ireland HQ,ChIJLRXP6ptzZ0gR3MO4r1h-nvM
Veterinary Physio Clinic,ChIJcb4CtTEHZ0gR6PtxNLZSG84
VetJobs.ie,ChIJSQ4XHhRwZ0gRJv6mX_aDoP8
VETPASS,ChIJy5OnAaAOZ0gR0Sef5E4t51w
All Creatures Veterinary Physiotherapy,ChIJRUyYLf6DREgRhnw4TvGMovs
VetPlus Ireland,ChIJtRarMnwTZ0gRxYilzWUFZiI
Vet Referrals,ChIJxzZC-wkNXEgRAzJi-ifua8o
Blacklion Pet Hospital | The Greystones Pet Vet,ChIJ3_rB9DSvZ0gRrkDD9Hc8lP4
Vets & Pets,ChIJz8IfVJyqYEgRZwGvwx7sh8U
Vets for Cats,ChIJP4YUHPtyZ0gRrsADiJnjpZ0
Veterinary Specialists Ireland,ChIJEeekLo9nZ0gRwFtfCCNtNVA
Vet Success,ChIJAXG4zeTFXEgRDXPw2pGqs0c
National Vetting Bureau,ChIJCeOUoZbEXEgRcFQCHLOaEcY
Vetwealth,ChIJObTMVK8MZ0gRVtKDDyEp7Fg
Vetzone,ChIJaeG4mQgJZ0gRAjAPP8QE-LM
Veunnik,ChIJKXj1rtwzQ0gRx_NzC4VBgVg
veusat,ChIJQyVPKXvLXUgR0Ho5WCbdJos
Vini Barbiere,ChIJoVs6q8kbZ0gRoXFeoQVLugI
Vevay Dental Centre,ChIJ0eyqnGKoZ0gRHy5ksD-kE7E
VeV Bakery,ChIJL36R0TsNZ0gRYlcCjt2W61M
Hh,ChIJg46hY1E7XUgRInuFPoJF58M
Verifact,ChIJZwb7q_aPREgRRZ43zJPgOhc
VFI Overseas Property,ChIJp9vB5ZwOZ0gR5K7G7lrIhzY
Vintners' Federation of Ireland,ChIJ2aPtde0LZ0gRrxBR6Z0DJOc
VFIX - Premium Sales - We Buy iPhones,0x48676df3dc7eb961:0xaaebdf68e7dc9178
VFS Global Visa Application Centre in Dublin,ChIJRWgtzvwNZ0gR55MyLo4Kj-Q
VGS Textile Export,ChIJAUNNmJO8bGwRZb-2qeY-qAA
Van Hal VENTURES,ChIJl5fZ1MMIZ0gRDQGbWIveIKo
VHA Galway,ChIJyQAHq7eRW0gRujKTj8gUwRw
VHC Civil Ltd,ChIJbRtQJVrmZ0gRhqJS9OnCnIs
Venture Home Heating Services,ChIJgaCKcft7Z0gR9Yw9887X_BU
Vhi Swiftcare,ChIJnQzmw24JZ0gRApzRD8acvPo
Hospital - VHI Swift Care,ChIJCQ_elCmFREgReSi8QDuj_y0
Vhi Women's Mini Marathon,ChIJwXIdlgYJZ0gRdDEtF4ErVBI
Vahey Horticultural Services,ChIJJ14uq73jW0gRkCeZBkADLZI
VH videoproduction,ChIJLWjo7aMJZ0gRRTMU9wXW3Jo
Vision Ireland,ChIJI-hZqqHOYEgRoABKrusW81M
McMahon Guest House,ChIJGzCr3QDRWkgR88lQa9qVfiU
Viaduct Financial Services,ChIJg7kYOoo5Z0gRhRF9mk5hZbM
Viae,ChIJwbnG101zZ0gRF3rtsKg5vwU
Via Equine,ChIJ73gJ0lRJQ0gRISf2McuI9lM
Viaflor Ireland,ChIJt3oC2Pl1Z0gRnnHW55x8fWw
Viafoods Limited,ChIJkSLXcFcMXUgR3EUTnaJmnMY
Vialto Partners Ireland,ChIJxWrUjE0PZ0gRGwonT_Gjx1o
Vianas Beauty,ChIJbYzkA2NLRUgRJ4ScKi7f0Zs
St. John Vianney Football Club,ChIJ_RPTUMYPZ0gRHnsNAcUlSbE
Vian Outsourced Accounting Services,ChIJ54JbTfIPZ0gRO1LEB8hZRrc
Viasat Europe,chijm3ctejeoz0grqv_5iyh6eds
Viastar,ChIJ4eMui6b5XUgRRhb6BNAQr9E
Viatec Business Solutions,ChIJeaQw4cGPREgRHIa8t89qpzE
Viatech Cable and Security Systems,ChIJ93dx5zB1Z0gRydmQQuXyYNU
Viatel Technology Group (Park West),ChIJJY3s1soMZ0gRtgdtadNcHg4
Gerards Walking Tours Galway,ChIJKSL0tZMTZEIRdnabcsJfGuE
Viatores Christi,ChIJPTV5BNQNZ0gR4SBjijM_gxQ
Viatris Northern Cross,ChIJJ3yavQIQZ0gRU0mcASs3Y18
Via Veneto,ChIJwxmbp1rmZ0gR8YD61TugBQE
VIAVI Solutions Ireland Limited,ChIJZZDAMG0iKG8R59n32eF_OZk
Vibe By Vision,ChIJYXfM0awNZ0gROyUqaG4M-UI
Vibe Gay Nightclub Cork,ChIJmcKyjPiRREgR2GAV8wCRgHM
Vibe Hair Studio,ChIJrYxRYaYNXkgRbX1ET11sT3o
Vibe Marketing Galway,ChIJHfa5euyHtmcRClh-JOYsmoA
Viberstore,ChIJyYnypbUMZ0gRDqvlfvjDPqc
Vibe Training & Presentations HQ,ChIJX5NrRaQLZ0gRk3hCHJCyt9Y
Vibe Tribe - Jenny Murphy - Reiki & Seichem Master,ChIJYTyPx4F5Z0gRDk6EI5PwRyo
VIB-MoFo,ChIJk9HbTi0MXkgRc-kHB5FGthg
VibralDrop,ChIJbxBNhi8VZ0gR2c8XlheEWRk
Vibrant Films,ChIJLbWsPGIPZ0gRdwZeL3FD_cw
Vibrant Life Chiropractic,ChIJ7w9uS-cLZ0gR8Y2xR94G9MQ
Vibrational Institute Irish Hypnosis Clinic,ChIJwyCKQ8EIZ0gR1jIbPRQIoWk
Affordable Wedding Videographer,ChIJe0F_EQkPZ0gRDWxNeYQGEsc
Vicarstown National School,ChIJ7RYbMmOTREgRk5niH0G1_60
Vice Coffee Inc,ChIJ7-MPf4MOZ0gREkxlm8DMSLQ
Vicenza Restaurant,ChIJCXaqWYQHZ0gRFXUyx5FmMxw
Vici Consulting,ChIJP_Zvp6IOZ0gRS2QL5Z557E8
Vicinity Systems®,ChIJB_3_WvcOZ0gRz4mM4ZrvdC8
Vickerstock,ChIJ4Tmen6IOZ0gRQNumz2DlzU8
Vickie Dunne Training Ltd,ChIJ92hTevMJaEgRH_E3DddC6ck
Vicky's Family Takeaway,ChIJ6Zj_OvoZaEgR_qWVEHeKGTk
Vicky's Floral Design,ChIJOz0iw2-NREgRuMWe98pzFxc
Vicky's Photography - Events and Conference photographer Kilkenny,ChIJtxyqqHI6XUgRmVmdrsyZR5I
ViClarity,ChIJX_1K9SE1RUgRA-MWwvYe2X0
Vico Distribution Ltd.,ChIJOwYej0MLZ0gRgGclGlW3_IU
Vico Films,ChIJI433lz6mZ0gR9UTGnsWO4uE
Vico Health,ChIJR_8RN80HZ0gRQcS_GVNZGqw
Vi-Converge GRC Services,ChIJAQBM0ZkOZ0gRmFCsX6TlEFs
Vicos Grill,ChIJCfmZlUxbZ0gRVuooH19M8tg
Victorian Posy Florist,ChIJL2uEaC1tW0gRNRDVSvImBI4
Vics Photography,ChIJd6nhyo-yxo4RpCESnNDCeOs
Vicstar Services,chij5s3celxbz0grgqi5oymcob4
Federation for Victim Assistance,ChIJLRig-CxRWUgRM8Gn25Y781c
Victoine LTD,ChIJ9xtE20QJZ0gRWmFiesXYFdk
Victore Market ltd,ChIJ_5IG8hOQREgRYA-iHs-7ziM
Victor Dwyer Shoes,ChIJk5WY2CY6Z0gRozAlrHjvhRA
Victor Horgan Photography,ChIJTUPvRA2SREgRD8DhIaob3zc
Victoria Arduino,chijewzu_kmpz0grewq8dtrig-0
Victoria Casino,ChIJiRJ0QQ6QREgRhCpG4K1IMAE
Victoria Restaurant,ChIJ08s7OERzZ0gR_TwMIwIhwQc
Victoria Garden,ChIJtxAjml54Z0gR1I9gh8vNWCs
Victoria Homes,chijudbvh58oz0grwtow8hpek8q
Victoria Hotel Galway,ChIJXdj4veWWW0gREfhdwsHCgws
Victoria House Asian Cuisine,ChIJDcXk0tF4XUgRGFIwWsDWW-s
Victoria House Dental,ChIJqbSrMWlcW0gRNEdanaB4wsY
Victoria Asian Cuisine Restaurant,chijeznmh5kiz0grqbtm0hvxvei
The Victorian Company,ChIJC1r2Sb_PYEgRl3H9vg71dZs
A Victorian Escapade,ChIJYxSViqTqXUgRb9TfxZ6j_sE
Victorian Garden Buildings,ChIJ1U0hmYgLZ0gR9wLzWAHszYU
Victorian Sliders ( Ireland ) Ltd,ChIJkQASQVQLXUgR8j672FnEf1E
Victorian Tea Times,ChIJp5vZ19rDZ0gRjw0EibVROes
Victoria's Aesthetics,ChIJpwfQnpd5Z0gRuDWk-col4rs
Victorias Bridal & Evening Wear,ChIJa9aIQ6xCXUgRGa48RoLo4f0
Victoria's Secret,ChIJe_03HbcRZ0gRbyVAsbdalIk
Victoria's Secret,ChIJS9OzuEAPZ0gRPVx7YmAoj20
Victoria Takeaway,ChIJocJzOH0MZ0gRG6P0oOxMGLE
Victoria Walker Dance,ChIJL9k0rviFXkgReG7C1Px-gp8
Victor Mee Auctions Ltd,ChIJr8GBNX4RXkgR7HznRKWqFZM
Victor Mitchell Auctioneers,ChIJWXp6ac7kXEgRtxpw4jKt_No
Victor's Way,ChIJLYeeomOjZ0gRdN-3Tsp187Y
Victor Tattoo and Body Piercing,ChIJ09CwQOWWW0gRDanwiKOAyaA
Victor Treacy International,ChIJi6kywqdFXUgRjo0ZzohZ36A
Victory,ChIJryqf4ZAOZ0gRBjAAOJhgyP8
Victory Fitness,ChIJ4zXVwWg1RUgRPphPK5UzQ3k
Victory Outreach Dublin Church,ChIJ7UqYye4MZ0gRjV1HFI4jQ04
Victory Tyres Limited,ChIJAUmQ0GtcW0gRtVf5nAb-J5I
VIDA FITNESS (GROUP CLASSES & PT),ChIJpeQhwhCJW0gRxxB26FRbkHk
Vida Electronics,ChIJLYDZICIOZ0gRUsfvByn4uW8
Vida Care,ChIJx85fjiUJZ0gRZr0kDaUqrAU
Vida Hair Design Dublin,ChIJlUjF7lEJZ0gRzUV4lGYDur4
VIDA Living,ChIJl5S4127MYEgRNB-NO5BrCQQ
VIDA motors,ChIJd3w2I-bDZ0gRexA9J1eSx-Y
Vidappt,ChIJn1Ztj58aZ0gRACQnrr9tV4M
Vida's - Mexican Cantina and Cocktail Bar,ChIJdS31eb8JZ0gR4nWBLe2qF_E
VIDA Therapies,ChIJcyE8IDw_XUgRtKTWBiRU5ak
Vidatum,ChIJzwSrZOwOZ0gRa2k5m5Itdtw
Vide Media,ChIJv3TGWhj7X0gRl2Pf_1PIUIk
Videnda Distribution Ltd,ChIJI0h2omZ0Z0gRv4lvK18UGmE
Aspire Video,ChIJCYk_nTgLZ0gRUW9vrlhFYG0
Video as a Service,ChIJb3_4yKcPZ0gRa9fjJDyITGo
VideoBase,ChIJCZv9nKwJZ0gRZJTJFXzq260
VideoBook,ChIJA2s2HEkJZ0gR7_epnfBxp7w
Video Booth,ChIJYR3ZCAkJZ0gR_Sb8GMA1e8Q
Videoclip,ChIJbxFiG3Y8RUgRWS3LSj3kyBw
Video Copy Centre,ChIJI4jIFIUOZ0gRgvxadlka1AE
VideoCork,0x48670cca3d79890b:0x8202419ae064b1e1
videoDoc,ChIJX09X_3cJZ0gRLkf6Q5ShojM
VideoElephant,ChIJyYeB8aIOZ0gR8R350vOhHdY
Video For Weddings,ChIJmcy10m5tZ0gRfPfh6TLxwBo
Videographer Dublin,ChIJhQ09G5EPZ0gRleGReZsBrSk
Video House,ChIJ-dq-_LAHZ0gR0WHT3zJwtGU
Videojet Technologies Limited,ChIJ9YWBJs90Z0gRWJ__XbKNObg
Videojet Technologies Ireland,ChIJJXhfwrx1Z0gR3msmO3V7T9Y
VideoLofty,chijhwlqqas5z0greaek2u12afm
Video Memories Munster,ChIJ107BdmzhREgRPIWZp7zfvcw
Video Productions | Wedding Video | Videographer,ChIJIeh25HjUXUgRbkZID7ENHY8
Video Productions Ireland,ChIJTcLQTBkNZ0gRUe9eBKfYR_I
VideosOnTheNet,ChIJB6PECYyoZ0gRlwdsxLrM4vo
Video To DVD Video To DVD,ChIJ7VgQ7_tdZ0gRGnEn73DPsII
VideoTree Marketing Ltd,ChIJ-XUw25cOZ0gR7MyeMI0RQno
Videotvsat | Cctv Alarm Security System Installation Dublin,ChIJ4eLAXpsMZ0gRTvDWad8Ci_Q
VIDEOZOOM,ChIJD7mXfN5hREgRLmsz2n8kC1M
Videsco Web Design,ChIJ9WyqqmJ5XEgR3OpscEWyWnA
Studio Vidya Vivek,ChIJ6X_z8h0LZ0gRn7aq8bSOa1Q
VIECURA,ChIJ-U4MGlgXQ0gROvkhmbt2qYY
Vie De Chateaux - Restaurant Naas,ChIJC9USYLt4Z0gRCtggDczkmt0
Vieira High Performance,ChIJL76dE14PZ0gRe4Bgx-UzEcc
Vieira Martial Arts,chij6yhlmpwlz0gr4opjkp-ptg8
Vienna Shoes,ChIJq-Xb0sAIZ0gRM7F-ZiQetm0
Cork's Vienna Woods Hotel and Holiday Homes,ChIJiwxhK1ubREgRUr5kd_oeXOg
Vie Physio,ChIJPdYu92J5Z0gRWuhktbVjUr8
Humble Pond Studios,ChIJi2l0G67gZ0gR8CK1ffTFbiw
ViewFinders,ChIJoahUqrnDXkgRonQCGzYX8qg
View Hair and Beauty,ChIJ675lCQi6Z0gRkKjZkf9JIdw
Sea View Lodge,ChIJ-_l5juzjWkgR29l9qy4yVcs
Viewmount Counselling and Psychotherapy,ChIJVSWInD8LZ0gReRQVZcs1Ur8
Viewplus,ChIJE5YfjHcbZ0gRqpGn7KIYj7g
Viewsion Virtual Environments Ltd,ChIJ9aNUj1CdREgRYMNSnuJr7Ns
Views Of Donegal,ChIJ_9y8LwGLX0gRLPwOx4sUhNo
Viezu Technologies Ireland Ltd.,ChIJqz0b0yRxZ0gRXwmAYaoXC6o
VigiTrust Limited,ChIJZzxNI7QHZ0gR1YiuN52T9fk
Vigorous Boarding Kennels,ChIJUzh-72eyXEgRCtSj6xuzARU
SIMPLE FURNITURE,chijpf_helpbz0gr6yga-cthka0
Viking House Hotel,ChIJcwhkIQp6X0gReyBHbX-wcPw
Viking House,ChIJ-Xv9cD0MZ0gRnI5jlt2z67U
Waterford Cycle Centre Viking Bike Hire,ChIJ-3h_M5_GQkgR1I2TC2l7C50
VikingCloud,ChIJtwxc0jMOZ0gRVDRvorTpAZo
GLADIATOR GROUP,ChIJJ2RljQB0Z0gRZ2MmiDMEXyA
Viking Legacy Trails,ChIJK5q1tNEPZ0gRmv5SGxjZLxQ
Viking Marine,ChIJnQI2CyMGZ0gRNB-2DJcoSxc
Viking Mortgages Limited,ChIJ-_FkYJnGQkgRhQLNzBCeDCU
Viking Pizza,ChIJqcyJcHvFREgRExKss1_eFh8
Viking Splash Tours,ChIJhVWYRJkOZ0gRi9Htw17dRig
The Viking Theatre,ChIJK_yAwgkPZ0gRDHWg__OH8hk
Viking Tours Ireland,ChIJiwiJMQJJXEgRC5I_d5ypkeg
Viking Veterinary Clinic,ChIJCeGSs_DFQkgRRVp-dp9kE14
Viking Voices Toastmasters,ChIJfWI2C6QPZ0gRa2ToWvpTqFA
Viking Windows Ireland,ChIJ5yPxkC01Z0gR-c2UQq6yLh0
Viki Veronika Beauty,ChIJQYtYAW0ZZ0gRUMlZbSDg3j4
Vikki's Wine & Tapas Bar,ChIJU4f9YzqQREgRWYXCXD1SUTQ
VIKS Beauty,ChIJyUIEUcRbZ0gRRf_jxdUs_2w
Viksionary,ChIJ3RWd6aRdXUgRrLY6StR5w9k
Viktor Frankl Institute of Ireland,ChIJu7WWqaYOZ0gRzhertC_Fotk
Viktoria Havlik Coaching,ChIJfVbf_UE7RUgREjWPziCPwm0
VILA,ChIJW61QQARJXEgR-3hs1eOjLQA
VILA,ChIJuaorbvgjZ0gRsACubxr9VPQ
VILA,ChIJzxITEFJdXUgRFcHr0vNm-i4
VILA Clonmel,chijvx_-krwuq0grbjwhpz14kog
VILA,ChIJMQKPBJ4wXUgRq-11_NbX6d4
Vilana LTD,ChIJza2WTZkPXUgRCSI5IRqSJKg
VILA,ChIJw_A40uZ_XUgR1UPXK5cj-QE
VILA,ChIJByREgDToXkgRew_rFtqIOGU
VILA,ChIJRUJ5C0MbaEgRG2yCS7-Ch8U
Viliam Revtak Photography,ChIJqSgMlUZ_XkgR8u5mO17pFjI
Villa Bella,chiji4h_scqiyegrwjcsy0jf7rm
Villa De Porres B&B,ChIJ5w6fv3S9W0gRPzNwwAJxfRw
Villa F.C.,ChIJ9cI5vqDGQkgRvFy7WJFaQZE
The Village Laundry & Dry Cleaners,ChIJz1SmXGcIZ0gRwvts4zJrJQs
Kilworth Arts Centre,ChIJbUSPkjxZQ0gRayMKoAs21eg
The Village Bookshop,ChIJBXU7qS6vZ0gRfWmmEVkMbVM
Village Cafe,ChIJo-tzRkoLZ0gRsy3MBl0h-MU
The Village Cafe,ChIJA5WXnh0JZ0gR5aGkO3ecNak
Village Counselling Service,ChIJ0QXJqM90Z0gRO7RTTlh_Khk
The Village Dairy,ChIJD3ketS9oXUgRTQIdyce1OQk
Village Emporium Farranfore,ChIJM0zCisUwRUgRfOJS0HUEMIg
Village Farm Café,ChIJse5lphv_W0gRgBtV-WUkeCs
Village Green Pharmacy,ChIJT6avZHsLZ0gRR1UEeoBhq_w
Village Green Barbers,ChIJY9kbH0oLZ0gRki37IceR1_0
The Village Grill,ChIJfRG4VHlpZ0gRNCZzelK6eK4
The Village Hotel,ChIJndevIXQ7Z0gRj-P90aeOHM8
Village House Culdaff,ChIJ_054RJmpikgRBEzJmJTgWZo
Troy Student Village,ChIJPYL-AqdeW0gRY5XtOkbPebA
The Village Montessori Pre-School,ChIJY1SKPVpyZ0gRkHR-WimvSr0
Dromahair Pharmacy,ChIJJ0AOo9PtXkgRxRBZ_N-Vvxk
Village Physiotherapy Clinic Adare | Physiotherapist Limerick,ChIJ6bBe9xRbW0gRAWao-IIchG0
Village Pizza Dublin,ChIJ3WYW5S0NZ0gRWkZGcfGI9B4
Village Shop,chijc_wap40pz0grld99wqkp228
The Village Shop & Takeaway,ChIJeRs3XqWrXUgRtaP0D-7eofw
The Village Takeaway,ChIJc-QvZHA9W0gR0-O1vDgu42U
Village Tyres,ChIJ2XKhePqNREgR9ZgiFQM2gMQ
Village Veterinary Hospital,ChIJTalL0pEwXUgRkXEUWgnj0eo
Village Vets Cabra,ChIJ865cg9ENZ0gRabdgsJeFO6E
Village Visions Hair and Beauty,ChIJv0ofBIRnZ0gRH4uzEEEsvpI
Village Yoga,ChIJkXtOGVdZW0gRGRZCK_xOS9c
Villa Maria B&B,ChIJtTx0aCqZW0gRVtsX7OKzYGI
Villa Rose Hotel and Spa,ChIJwWLu8zr5REgRuOtv8ZS4O4w
V Spa,0x485fb9355056c30d:0x2b4c08a52297cfcc
Villiers School,ChIJ51Dcp41cW0gRslpvo9abeMo
Villierstown Joinery,ChIJAd64G61qQ0gRQE7MvwfHMss
Vilma's Barbers,ChIJNbTdD8YSZ0gRt0DmteXsi_c
VIMAR Digital Marketing,ChIJiXdkGygTXUgRSL5a-_CnMiY
Cabinet de psychologie Vincent Delmas,ChIJ9RQKr4UOZ0gRhO-B6AnKUcc
Vincent Cannon & Company Limited,ChIJAfrXZkN5XEgRRTUPy48Hb8k
Vincent Costello Agricultural Consultancy LTD,ChIJg6XWI0vxW0gReVYc44Uypjs
Vincent Dempsey Plant Hire,ChIJKX9Up464Z0gR9G2ZDEgvKUM
Vincent Devine Gallery,ChIJ21IkPw-lXUgRflCdw_3uPjQ
Vincent Dornan Upholstery - Galway & Mayo,ChIJz24x3nDrW0gRDX1BY5_oKDI
Vincent Downes Limited,ChIJCb6F9f27REgR8_ySizcvBHA
Vincent Egan Auctioneers & Valuers,ChIJozAxD-OZXkgRu-VQPBe9zvw
Vincent Flynn Photography,ChIJPQNTN6PLXEgRzFR-omxjrEs
Vincent Foley Counselling,ChIJ9WTbCWcMZ0gR9MLvtquzNYc
Vincent Horkan Antique/Moderm Furniture Restoration Service,ChIJdX4fd-IHZ0gR9uutuBkhSLE
Vincent Hyland Art Gallery,ChIJERppCf-FT0gR86G7FywFQTo
Vincentian Family Ireland (FamVin),ChIJDX7ir60NZ0gRnNdi_fyze0s
Vincentians,ChIJw02O_p4OZ0gRnjpl1Bf30sc
Vincent O'Byrne Photography,ChIJI6jbTu8OZ0gRt70zzaUHslM
Dr. Vincent O'Connor Dental Surgery,ChIJV_aniu-WW0gRz9NM44692r8
Vincent Rose Carpets,ChIJCSfpNVqFREgRXfVUUoloWvw
St.Vincent's Primary School,ChIJ2RRuSNgNZ0gRxegjZm2brx8
Vincent Toher & Company Solicitors,ChIJeaSADBeQREgRaoJsptnyy4g
Vincent Walsh Auctioneers,ChIJQUiNE-frW0gRtAe6rtoExCg
Vincenzo's Takeaway & Restaurant,ChIJ8Q4YFSUMZ0gRcPEJlEV_INw
Vinci Hair Clinic,ChIJ2z4JGZgOZ0gRq8Tpij7DkRk
Vindee Vintage,ChIJUfEIiGwPZ0gRk8Yc8GvFPLE
Vindr VS Ltd,ChIJeSiZbFsbYEgRsTj3bwb2ijM
Vine Cottage Bar,ChIJB_YK71-8QkgR0pV64Sb-zVU
Vine Digital Ireland,ChIJgxdOPnl5Z0gR7YlHrj1-fQ0
Vinegar Hill,ChIJ6372ppMAaEgRZBcFJQ1OZZU
Vinehall Displays,ChIJ7ySaMn0TZ0gRc0DCd_iPueo
Vine Restaurant,ChIJ29ogwkQbaEgR_PZFv2xRRx8
Vines Grill & wine Bar,ChIJp0GJj4tZW0gREHVfQcbpf9M
Vinesh vlogger,ChIJP07lLam9XEgRpOusOlt3n4Y
Vinilo,ChIJRe0EzrxBQ0gRbU2FQDB-Ht4
Vinnie Cunningham & Company Accountants,ChIJTZeNj-UJZ0gRBS_SriyW7tg
Vinnie's,ChIJOT-w3vuWW0gRIC6AAkODFMA
Vinny&Co.,ChIJHw2P6QE1RUgROh8TxfHX_d4
Vinny Byrne Ltd,ChIJW7Pef9ARZ0gRd5kMjWmAkPc
Vinny Hynes School of motoring,ChIJH3QzaUz3XEgRMzRnvbG4_5w
Vinny Mulvey Fitness,ChIJE7CzhukUZ0gRplzgohukf6s
vinoly,ChIJ9QoTKaqpZ0gRb0HGzpaSt2Q
VinosTito,ChIJzX2N5L8NZ0gRSHn_o-WIsZU
Urban Market - St. Catherine's Park,ChIJORFEsTVzZ0gRenHIYntQFzs
Vintage Box Ireland,ChIJP8ffbw8FZ0gR4CybpOkXBH0
Vintage Bride,ChIJn_4OwJUOZ0gRgSQcTmaS1qE
Vintage Bus & Coach Hire (Vintage Fleet Ireland),ChIJycHpY313Z0gRgohG0rBEwT8
Vintage Coach Hire,ChIJ5Wf5gfMMZ0gRDHdS3nYwnoU
Vintage Cocktail Club,ChIJJ5P3tZwOZ0gRul-DaLTh-jk
Vintage Dublin - Antiques,0x48670e827be33f33:0x1695c1e9dc0b380c
Vintage Joys,chijs0xshwyvz0grl6lee3o4q6g
Vintage Lane,ChIJnUuOU-aPREgRPOklj6Gy3sw
Vintage Photo Company,ChIJSU0BM_U5Z0gRBM-R8CjXmPA
Vintage Poster Company,ChIJayubYd0OZ0gRFlIurVwhP_g
Vintage Street Furniture,ChIJV4Ac4obHQkgRhb6vnJ0h31w
Vintage Tea Trips,ChIJuYU62I0OZ0gRbuK6bQnHKP8
Vintage Vape Rooms Outlet -Vape Shop,ChIJp7OkfsCvZ0gR8-xORBiBStY
Vintage Vendors,ChIJybkzLkE1RUgRE35l12REZWs
Vintage Visions,ChIJfZhqDocjZ0gRpujmD0aYPIQ
Vintage & Vogue,ChIJLUsSULz5XEgR4rzBZaiq-Q4
Classic and Vintage Wedding Cars,ChIJmSkUzXE8Z0gRl8iliHQM8ww
Vintage Booth,ChIJ6TlDisORREgRglVeCRS24-U
Vintage Wine Investments,ChIJDVghQwg8RUgRVp5H3FlKZeM
The Vintry,ChIJP2QD-AcMZ0gR7i3ir5-8q8c
Philip Vint & Co. Solicitors,ChIJk3M2xaxCXUgRal6pZHlT9-8
Viola Day Spa,ChIJCUK8EY0OZ0gRLaMoaKuGoTs
Violeta's Wellness Centre,chij629sgakxq0grtvjoxc4osaw
Violet Kay Psychic Medium and Healer,ChIJt-VotcJ5Z0gRqEWxIXCsU3Q
Violet Moon,ChIJHz7km7AbaEgRMd-xBBPH60I
Counselling and Psychotherapy in Dublin | Violet Psychology,ChIJLw4nvFsNZ0gRhWkevpSY4S4
Violet's Flowers,ChIJf6QLmtF4XUgRCJ4svauFSZs
Violet Sky Community,ChIJ5yCIfEoPZ0gRIYEc9TUhWp4
Violine Sea Craft,ChIJhTeEmrOvZ0gRAYe2QnIx6u0
Violin Lessons Cork,ChIJfS6R9gWbREgR3MUNWanRCEc
Lyz Rossouw Violin Studio,ChIJP7Z4IsKDREgR2iggP38dDLU
Vios Health Partners,ChIJ0ZUab60PZ0gRWaRQcDI-5vA
VIOTAS,ChIJkypab6FeW0gRtM0eWKUfnVs
VIP Beauty Salon,chijg4rlbrhdw0grm__ro-szzvs
VIP BARBER ROOMS,ChIJRXmJRrmFREgR_CiYOpN8W-8
VIP Buses Dublin,ChIJ50xJne4NZ0gRJipicpw-j5w
VIPByg | SIP Homes | Passive Homes | Structural Insulated Panels | Eco Houses | SIP Panels,ChIJgTchCi-qGQkRHqXKvf_D_zg
VIP Chauffeur,ChIJtba4_IZCW0gRn0eHqRIajTE
VIP E Cigarette,ChIJy02JleuWW0gRK9A7XXOlgoA
VIP E Cigarette,chij5zqv3vb1z0gry9nw0e_4lh4
Viper,ChIJVZwZ149cW0gRr5mAuCy1Njc
V.I.Pets,ChIJk7m8w4KvZ0gRwFAHYt5r1x4
VIPfragrance,ChIJicMzfeARZ0gR95DFLNDPIKU
VIP Turkish Barber,ChIJp6rgQb09RUgRuuSlUggsaWk
VIP KILTS,ChIJ9QuG1KMPZ0gRfE2lszNPLok
VIP Luxury Loos Ireland,ChIJoztx2o83WUgRj7VsiYR4o98
The Ursula Stokes Agency,ChIJAbsL6CZdW0gRSiJ40QuPy-s
Vip Renovations,ChIJrcC0uv71REgRC3yeSL2yqxI
VIP Salon,ChIJEe8zjTYxQ0gRis9wDL63mNg
VIP Secrets,ChIJNSPCTQkNZ0gRTm_KhZvSEP4
VIP Security,ChIJsZbYHBVfW0gRZI9JVLBSSzs
VIP Solutions,ChIJ4fB5uIgNZ0gR6qT8uEt38rc
VIP Taxis,ChIJdQNuMQ0LZ0gRrH7YUYOuBrs
Galway wedding cars - VIP Taxis and Chauffeur Service,ChIJnXa8XU-WW0gRDnIR90QPI9M
Bandon VIP Tinting,ChIJ0zEg5JL1REgRsQ3ZkpZ8YRU
Viptransfer,ChIJQWBFq7n0IqARnQXHC7f41Lc
VIP TRANSFERS,ChIJi27YoKcRZ0gRWmhQ3rmQ51Y
VIPVAN,ChIJDVjn_zMMZ0gRrNRZRFz0UM8
VIP Ventilation & Air Conditioning,ChIJuYmr5vGRREgRblwtTcAm3b4
VIP WEB - Веб Дизайн и Профессиональные Вебсайты,ChIJZfjy52hcW0gR7GNwEBJfOd0
Virago Consulting Limited,ChIJYb8Jq0HdXkgRngRqyELryqw
Viralbamboo Ltd.,ChIJAS3CO50OZ0gRe5LEJxUkIoE
Viral Media - Award-Winning Web Design,0x485dc143edec6145:0x1386676f0a6724c2
Peppermill,ChIJZw_tPi1tW0gRegl_0-L4_cU
VIR Electrical,ChIJiT8VTsYNZ0gRqPU5EipFcEQ
Virginia Transport (Dublin),chij0yaxniasz0groipaznwed4i
Virginia,ChIJb_vThNP9XUgRsH4xl6nHAAo
Virginia Church of Ireland,ChIJ8YEQE9L9XUgRhK30JNJ70OE
Virginia College,0x485dfc2cd80c0b67:0x71aea0e14ab1df8d
Virginia Dental Care & Implants,ChIJ531bJAH9XUgRHNY1hN2gSC4
Lakeland Marine and Tackle,ChIJQ0cKUM79XUgRXV7PGGoS1Ow
Matthews Funeral Directors and Funeral Home,ChIJm8HFV3_-XUgRQAaMqZBTZdE
Virginia Golf Club,ChIJjxGEW9L9XUgRui7AJd_WrF4
Virginia Law Office,ChIJdT82TNL9XUgRzIyfQu5XSlw
Virginia Transport,ChIJF5JwGMj-XUgRGP48rVNvau4
Virginia Medical Supplies,ChIJfZSuY9P9XUgRrD4Th2bWIDc
St. Mary's National School,chijzu0uvx_-xugrttcqjq3k_yc
Virginia Park Lodge,ChIJDRGEW9L9XUgRntc3q_yKiuU
Virginia Primary Care,ChIJfase-YD-XUgRKPfv9HiNMRE
Virginias Bridal,ChIJvTA_oghNW0gRpr3AsntUnm4
Virginia Agricultural Show Society,ChIJp9_hh9T9XUgRc-9Wvbm6UhE
Virginia Take Away,ChIJo2r9YdP9XUgR-xzuRh2Z1-I
Virgin Mary Boys National School,ChIJLfrRXxwOZ0gRJKQA4_cxKmQ
Virgin Mary G.N.S.,ChIJLfrRXxwOZ0gRPIoR2mUh2NI
Virgin Media Blanchardstown,ChIJEQBinKoSZ0gRTyc3aFXwCHo
Virgin Media Television,ChIJzdcDsKcMZ0gRJqxVd4ESoEA
Virgo Belle,ChIJu3_pzefZ1WgR2MwnRyJAWcA
Virgo Group,ChIJqw1CutMUZ0gRrecBRgeO8U0
Virgo's Hair Studio,ChIJlfNd7aCHXUgRI68FYmShgLI
Virgo Tyres,ChIJAQBM0ZkOZ0gRJ-ohemFrdF4
Viribus Crossfit,4339731bad736e2623589e2bec4dda29
Viridian Hotel Group,ChIJB04Aj7kOZ0gRyJqsaGT8YKQ
Viridian Software,ChIJWWMqxCIPZ0gRBBJVEsJ-6aM
Viridi Connection,ChIJpYYhZgmBZ0gRTblchcEOAXs
Viridis Offices,ChIJs-kxhVAPZ0gRWyJvLUUSOLo
Virlan Construction - Renovation,ChIJ95WhUEMJZ0gR6bZh2faNqEI
VIR Logistics,chijcxdxbsonz0gr7p6yxv5fc0o
Viroprotect Ltd,ChIJmRhv_Y6dREgRhhfWLH7oQF8
Offaly County Council Depot,ChIJHcRNx52vXUgRPVFBmEezgsU
Virtek,ChIJZz0SUkltZ0gR9ASDNmcZcxQ
virts.ie,ChIJd8Q0mcVfXUgReKRuL1s7Ktc
Virtu Financial Ireland Ltd,ChIJ1dZYkZIOZ0gRN1oao6mLDq0
Virtual Assistance Solutions IRL,ChIJzwpQt1Twja0Rws49OtaxUPM
Knockrabo Apartments,ChIJx3GZEj4JZ0gRi62AttO4z9s
Westermo Ireland Ltd,ChIJNcyNP5MOZ0gR80q6G3KvZAU
Virtual Assistants Ireland,ChIJU931AaoJZ0gR9ZzFGQJjzcM
Lynn Graham Bookkeeping,ChIJUw0B3F8NZ0gRrE0JV27EdMw
Virtual Computer Repairs,ChIJGYt4PKtxZ0gR_Vt7HVf_ZTY
Virtual CTO Ireland,ChIJ71P1g-Z8XUgRKTrW4uwwHW8
Virtual Driving Hub,ChIJ_7qIIcdvXUgRVCFcFu8dywk
Education Expo Ireland,ChIJ33-ThGAPZ0gR1nVvd4Ahg_I
Virtual Eire,ChIJkToM_uFfXUgRCI9ZIRu-E_0
VIRTUAL FOOTPRINT MEDIA,ChIJbxRGeb77X0gRLCD1K8682O8
Virtual Magic Web Development Louth,80564932380fc3742bc346152d2a1492
VO Connect,ChIJOedHZoqRREgROMbO8sAk9y4
DSO,ChIJS4LL9CQGZ0gRBtv-Qj5rVm0
Virtual Office Galway,ChIJp6GCeDyRW0gR9UdZYzgHwGc
Virtual P.A. Solutions,ChIJ8Wr2GegiZ0gROcvNyeoTiw4
Virtual Personal Assistant Ireland,ChIJNW9dNA9CfSMRSVjJZVmCA_A
virtualphysio.ie,ChIJG_sltoUPZ0gRfxc7zxyB8Cg
Virtual Reality Ireland,ChIJOwYej0MLZ0gR3ce9cFHLpIw
Virtual reality events,ChIJB4_SuCkdaEgRdz-J9P5TYjk
Virtual Reality Systems,ChIJPcORvHwNZ0gRHP1ZGjPO15I
Virtual Recruitment Ireland,ChIJN_HMu_EOZ0gRN1NlJgJLQs8
Virtual Shopfronts,ChIJSyicA9AIZ0gRjw5XWDlkE04
Virtual Teic,ChIJk_EgYfV5X0gRBTyjr0cQWds
VTLChain,ChIJ9atzrNsJZ0gRSRIRTl_SVQA
Shell house Curaghmore,ChIJhSjWKADZQkgRDsXax2_s0Ts
Virtue Integrated Care,ChIJ_bEXpVoIZ0gRqeHFwXtk7fw
Virtuebrush Limited,ChIJnQPn2ooLZ0gRhbQsL2YHABk
Virtue Integrated Care,ChIJu9g5DOoJZ0gR8DYWkopYupU
Virtuoso Music Tuition,ChIJiU-b2qENZ0gRnL9nc7OrB6c
Virtu PA,ChIJ-WEUs1I1Q0gRJxN37GeQXPc
Virtus Construction Consultants,ChIJYf0jpmcJZ0gRg0juH8sw8NE
Virtus Health,ChIJ8y5UirMOZ0gRypX04AaCecs
Virtus Project Management,ChIJwzJ8By8MZ0gRpO3wZiPxjXY
Viruscontrol,ChIJhVwYeApZZ0gRcWYGP_4BBII
VIS - VIdeo Integrated Solutions,ChIJrTo_6dYRZ0gRFNxxMdzWZMU
Vis taekwondo school,ChIJx_PJZVp3XUgRs_HvGsQZWYI
Visa First,ChIJZwrCXJkOZ0gRCJoNIrg_dME
Visage Skincare & Permanent makeup,ChIJ3R-9oRBeZ0gRAaRB2vpxr4M
Visage Hair Design,ChIJ9WB_svqWW0gRrjCpWw5WbXs
Visage hair limerick,ChIJiQpkimZcW0gRYeYbYM3t8Uw
Visage Hair Salon Ballincollig Cork,ChIJl7VhThCQREgRy71dhsw6wj0
Visage Home Beauty Therapy,ChIJPdzfn4l_XUgRu9rOe1QZ6as
VisaHQ - Passport and Visa Services - Dublin,ChIJubCH9pcOZ0gRByvC2g83fyQ
Visas Ireland,ChIJsQAWAUhdZ0gR_JwIGXyuyUY
VisaWorld,ChIJYXQSFokNZ0gRTkRy32mFLiQ
Visa Support Services in Dublin,ChIJowMR7YQOZ0gR6ubTfaH5XaU
The Viscount Guesthouse,ChIJZboOxV39XkgRoMJzCv8U2IA
VisiBilt,ChIJw8KriZgHZ0gRZsUpg9DQDhw
Visible Moments Photography,ChIJZ0nEudsMZ0gR7pBf5GpF-B4
Visi Connex Security,ChIJ776mHU23QkgRFg2qBSO8JVE
Vision Built,ChIJ_TGIGBiRW0gRKNyyQjl-rHI
Vision Interiors,ChIJyxS_yoYNZ0gRzcqM4njZhpk
Arteam Consultancy Limited,ChIJx6E_mQxdWUgRhLXLN9aNtkg
VISION Consulting Limited,ChIJcUEU-rMMZ0gRlDe_jqM4oIo
Vision Barbers,ChIJDc8OUgBzZ0gRv3-YO6_uFuo
Vision 2 Opticians,ChIJS6e672ZcW0gRb2fYciSlSjM
Vision 3D Solutions,ChIJGR31zyENZ0gRudTt1pNdc50
Vision85,ChIJ1fvp_PcNXUgRxa4qX-fQsYk
Visionary Creative Studio,ChIJO-1SGBAPZ0gRgjh5zGVkQD8
Vision AV,ChIJETP7_VsOZ0gR9tdjiDQjxB8
Vision Blue Solutions,ChIJFb488aISZ0gRLDBB0YPmypM
Vision Branding Solutions,ChIJkdJiDZwMZ0gRlGRr0k_OOqQ
Visioncall Ireland,ChIJpy3J-_KbYEgR1jXEjh8LifM
Vision Contracting Limited,chijfchgvwb0z0grqhefepc-fzo
Vision Creative Studios,ChIJtRs89qAMZ0gRHyn-Y_d_CiM
Vision Community Support Services (VCSS),ChIJwViBWD2RREgRW5UHQMjEtY8
Vision Design,ChIJ-TH9NJ3OYEgRkU6mUDrETiI
Vision Driving School,ChIJM-OkKg4NXkgRyjhIXz43EWc
Vision Financial Solutions,ChIJXZ0xj68OZ0gRtM5Ou8IpL2c
Vision Fires,ChIJgUER17YMZ0gRqhv-M1MnQJk
VisionGreen Consultancy,ChIJD2W0molhvSURJ-1Loj9ZVTc
VisionID,ChIJG6StlwwuQ0gRsyN5Su0_HvM
Vision Identity,ChIJAQAAwOVZXUgRDWBxqiRWFTA
Vision Interiors,ChIJcSCFYxLDXkgRqx_2Z4UGYWo
Vision Lab,ChIJxQSan70NZ0gRGHS2hiFsyps
Vision Landscape Solutions,ChIJLcbLb3oNZ0gRDt8cMRDrzyY
Vision Media,ChIJscKTFGcaZ0gRoNtXio40Nok
Vision Nails,chijc_ny0nenz0grxl6zypazaqm
VisionR,ChIJj850dS4PZ0gRQIs6n5Yysgo
Visions,ChIJrU1MBBosXUgRJaoDGpY12-s
Visions Drama School,ChIJLRpy1pwOZ0gR3rTEf_WWpTE
Vision Sign & Design,ChIJIyATcwBcW0gRuqOMUwybdUo
Drumcreehy Church,ChIJ42e5aWWhW0gRh8M7OpeerdE
Visions Photography Studio,ChIJFziRJ0dfQ0gRwmZsKL8rglA
Vision Studio,ChIJyzvRbCgPZ0gRZNkeH2QPhlk
Rockcrest House,ChIJo7ssK6lsRUgRUeMwjD8hb1I
Slievemore Deserted Village,ChIJF1eEPROYWUgRAEEfmPMWpQE
Aran Islands Information,ChIJBYedFn1RWkgR_2sGhdbjN2I
Visit Aran Islands,ChIJS66bbX1RWkgReh-N8p-dW4U
Ballyhoura Heritage and Environment CLG,ChIJnT91ryOrREgRhKjnYIxTFxg
Spires Mall Shopping,ChIJ9Rd1APgIYUgRkPZPsKIjVdw
Béal an Mhuirthead Tidal Pool,ChIJ0RekY12oWUgRu9BTu_NnMDw
Blacksod Lighthouse,ChIJe9UhoImjWUgR5dTgs2enzYU
Buncrana,ChIJdb1p-Z77X0gRYH0xl6nHAAo
Visit Bunratty - Co Clare Ireland,ChIJ4xupDSJCW0gR3JQzUvikaWQ
Annesley House Carlingford,ChIJ1ZR8E8_WYEgRZ7BmN1NGtPU
Visit Clifden,ChIJzRiyn007WkgRI_21WpKCc68
Visit Cork,ChIJOSenVw-QREgR_3iMGQKBH4Y
Dublin Writers Museum,ChIJMVIoz4AOZ0gRU-REkiVkORs
Duncannon,ChIJT8tuBOi-QkgR8P4xl6nHAAo
Atkins Hall,ChIJ_fD5drwBRUgRMJb0taEaK4E
Clare Abbey,ChIJO1mOXtFsW0gRmhsZSHGIfPM
Ennis,ChIJKdUz380SW0gRIHMxl6nHAAo
Europa Experience,ChIJG8nncAAPZ0gRjT9AeNvzc8c
Visit Innisfallen Island,ChIJ1TAwS5U_RUgRgONRmA32azE
King House Interpretive Galleries & Museum,ChIJJSaxjeOZXkgRjRklMi4VMYo
Giltraps Townhouse & Glamping,ChIJx11bP6z_XEgRhSefQ04QGxE
The Pavilion Community Hall,ChIJzX9hhQKoW0gRrKw8Sb1o9sM
Kilcommock Glebe,ChIJsWcHztHMXUgRqi5cIc2v68g
St Ruadhan's Community Hall- Scéal Shop. Heritage Centre and Tea Room,ChIJGV2VLvn1XEgRYWYyRZbqqg8
Midleton Lodge 1790,ChIJsSRSH6NjQ0gRHmhx1VWv5Sc
Newbridge Silverware Visitor Centre,ChIJVUp7vuB_XUgRxZAsSsTwaes
Visit New Ross,ChIJH_SMzQq3QkgRAS4-_dvpoxQ
Kilmurry Bog Walk Nature Trail,ChIJA0qjM2ajXUgRScrD1aZAEzo
Rindoon Town Walls,ChIJt_3V8To3XEgR5VMghZ7nUNY
Visit Slane Tourism Information Office,ChIJQ7uXNUdGZ0gRIrYkFRsA1VY
Spanish Point Airstrip,ChIJPYtDePMDW0gRVbVQ4pZQAfs
The Farm Grenagh & Haystack Restaurant. Please note while Restaurant is open 7days a week,0x484495cb60c95d45:0x35141305ea7e23ca
VISIT,ChIJkTWlphSvZ0gRJ7k6lGueeC8
The Buttery,ChIJK0SW3ZoOZ0gRD8CjoZR19c4
Visit Waterford,chijuwjqkprgqkgrntxpwahezxe
Waterville Beach,ChIJcSctYa-PT0gRFNdKg6OXoms
The Golden Mile,ChIJm7ol6BNJXEgRmtocerVHWJM
Wexford town,chije_fmfpobaegrisny39voins
Bray Head Cliff Walk,ChIJUek9KuCpZ0gRNRF6c5gkLxc
Viska Systems,ChIJlfqUPDCxREgRab4zM8cdSzA
Vismon,ChIJ9eOysVdzZ0gRbauLdVPBPmw
VISO Cyber Security,ChIJR6zPWGsPZ0gR8QWGaqyARsY
Visona Beauty,ChIJPffvd1oNZ0gRErRfoLJdTEU
Visona Hairstyling,ChIJLTUpyVEOZ0gR1Cw_wdrQ-JY
VIS Protection Ltd,ChIJUR6y4xoPZ0gRkg391UefIjc
Visrez,ChIJ-16lRZwOZ0gRLAuy3goCHKA
Vista Clinic,chijlwkjmzvzz0gritvcrckluy4
Vista Eye Clinic Naas,ChIJLai0DaN4Z0gRlIKSwMTAiXA
Vista Family Practice,ChIJJavjX4J5Z0gRgISTLG73Xxg
Vista Foods,ChIJ_beWvwIMZ0gRLi_3XhMJZ8s
Freudenberg Medical (Former VistaMed),ChIJFULSy0qEXkgRz_z1ZuK3u3U
VistaMilk SFI Research Centre,ChIJJbDsdlpZQ0gRiUR0KaZGcqk
Vista Roofing,ChIJ7bX5F-sgna4RzTorLwDmkiY
Vista Executive Search,ChIJT-DbvJ8OZ0gRM3zxsdmOYpc
Vistatec,ChIJ4-vG8UQMZ0gRfj4opqQuuWQ
Vistec Ltd,ChIJh2avjYsIZ0gREjvPI61Ged0
Vistona Limited,ChIJhT1fiKENZ0gR6h3rzSw3wEA
Vistra (Ireland) Ltd,ChIJ-d-VO44OZ0gRKck3iS1Vi6g
Visual Arts Centre,ChIJu9kM_DgPZ0gR6n8vOMH9hpE
Visual Artists Ireland,ChIJjbcu5ZwOZ0gRSu4Rp5uunyE
VISUAL Carlow,ChIJ95tDnVRdXUgRhJ3pywAmVp8
Visual Content,ChIJ352pHMcRZ0gRgK73nb4CMLk
Visual Content Creator,ChIJGb3Y04UPZ0gRO9V8qlxbmFQ
Visual Design,0x485e11dabe344e53:0xa7c6648208b35275
Visual ID,ChIJyaVr0Il0Z0gReOkHx4Wf_m4
Visual Instinct,ChIJcUY0wTUMXUgR8S20n66KWFw
Visualize Graphic Arts Ltd,ChIJB5qusbNtZ0gR2LMIBdG0yRo
Visual Lab,ChIJyaFC2f6WW0gRCKliv4aRu2g
Visual Management Solutions Limerick,ChIJ3ynKNJhbW0gRnVTiLJqVNdg
Visual Narrative Limited,ChIJfQs_j5cOZ0gRaoEVaWZOLB4
Visual Pictures,ChIJE7W6v6IOZ0gREq28ZFJZZlo
Visual Print,ChIJh-VV8HKoZ0gRvAoYe__Jr6c
Visualx Ltd,ChIJ9c1ZETkNZ0gRYxeeLdIomjI
Visulashes academy International,ChIJ8StTWpORREgRkahGsMvFrts
V.I.T. Computer Solutions,ChIJ3xCFo7FzZ0gRjDilZl46m-c
Vita,ChIJQyqqFigMZ0gR34n_f43mvsw
Vita Actives,ChIJ8wV4TQB1Z0gRqdkFT9v0s4A
Vitae Consulting,ChIJ4yiqbTGFREgR4xSDajDyBDU
Vitaflo Ireland,ChIJOe1VwS6fYEgRD4JRWWEfy0M
Vita Floral Events,ChIJEwOn0n5vXUgR7tMAjyfxD0I
South Roscommon Family Resource Centre,ChIJQZGG0r0jXEgRc1Ha1cbBnpQ
Vita Italiana,ChIJ6Wdezg4NZ0gR-XH8te570cU
Vitala,ChIJdRSg6GEPZ0gRJrMBVR2hIgY
Vital Communications,ChIJ3Tgf8KIOZ0gR7asDvAnBLrg
Vital Computing,ChIJbfPS1I9zZ0gR8IGD8p8unDE
Vital Connexions,ChIJF8nkQUxzZ0gRkmUAU4oBt_g
Vitale,ChIJj6Qol6xxZ0gRl5yhKNRqiYU
Vital Health Cafe,ChIJGSosjMqwZ0gR1MTzQuo7cHA
Vital Health & Homeopathy Centre,ChIJ2WhWIHwOZ0gROez3XCiqn9A
Vital Insights Coaching,ChIJhYWjApjpXkgRpMlj1peogRU
Vital Intercâmbios Base Irlanda,ChIJk-bOHy8MZ0gRpGDFFtvmfSU
Vitalise Breath and Body Therapy,ChIJ73ADjLJXREgRXpb6YTPZPQ8
VitalityTemple,0x485d0fd15031e48b:0xf297453d4e659265
Vitality Clinic: Menopause & Wellness,ChIJY_ofcJ3pXkgRhuaArr_WO2Q
Vitality Dance Academy,ChIJY9V1ynKvZ0gRNX8Zc-d4TfE
Vitalityinlife ( Qi Acupuncture Clinic),ChIJnQqzuSEGZ0gR6Z_XIU66VgQ
Vitality Pilates & Wellness,0x4860cc27f8f59ca3:0xd928eb3b5d20e04e
Vitality Vibe with Shirlí,ChIJE0jaa-HLYEgRdm6ZGRyYP3I
Wellness Centre Kilcock,ChIJIffNrhhlZ0gRKSNGZJf-to0
VITALLITY SPORTS DUBLIN,ChIJK-LqSe8NZ0gRgTs5WAjQLuY
Vital Maintenance,ChIJLSPryO08TUoRlUjkQHf_AvU
Vitalmed,ChIJYSOANwCTREgRN9gKQ-8_PxE
Vital Obs Donegal Ltd,ChIJQ7vx9R_vX0gRB6BCEOQZDEQ
Vitalograph Ireland Ltd,ChIJP_7y8UttW0gR2rbvlOS1Y40
Vital Tree Acupunture,ChIJXT0VgQ19Z0gRYoSZyNYsHys
Vitame Ireland,ChIJmfncvs9dW0gRv0TIXONm5HI
Vitamin,ChIJg-Q3dLfGQkgRjLRSaphcPao
The Vitamin Ones,ChIJfWCE-HpxZ0gRqd8TcGjTkU4
ViTanya Beauty Nail~ Face~ Body,ChIJX0Pwi_oQZ0gRB8QWWWhsxr4
Vitas Security Ltd.,ChIJs0oQfGnFQkgRXEDXBk0YCHo
VitaZhi,ChIJm6CQO1IxXUgR47mA3a8UymE
Vitel Productions,ChIJxSkqQhZcW0gRedcIdxFCNPo
Vito Pergola Decking,ChIJKwPrDN9FZ0gRbNUk-PcS014
Vito's,ChIJC9OhpRSvZ0gRqWqxylNCiXc
Vito Personal Trainer,ChIJRV3MwIFFZ0gRRPnOQvOTP7w
Vito Vintage,ChIJWfcJCT5dW0gRhdeOPOHVzs0
VITRONIX,ChIJT6Ux5b8NZ0gRgLpoXCDGUio
Vitro Software,ChIJh06E0Q4JZ0gRjshxpy_C5lw
Vittos Restaurant & Bar,ChIJWSM4A6uFXkgRvdEPIuEh2pc
Dublin Osteopath VivaBody Health Studio,ChIJr_29CZEPZ0gRpbMsb-5rtLc
Vivaburg Tralee,ChIJMRhi7XA1RUgR0qZ4G8IaZxE
Viva Coffee Ltd.,ChIJyyPnKm8XZ0gR0if4i0DkKqY
Viva Dance Studio,ChIJhXXv3imQREgRyv0qnha-_s4
Vivado Hunting & Fishing Tackle,ChIJVdv2aYWlXUgRwUy2KXCFYic
Viva,ChIJ-RPJdYMOZ0gRDFeUbk1LYxs
VivaGreen Group,ChIJQ21VEIkIZ0gRbHZblKpMbXs
VivaIreland,ChIJczVsu4EOZ0gRKMhSlYA5zMc
VIVALDA Ireland,ChIJZQ_MfKQOZ0gRrH-trTCKfBg
Viva Luxy Clinic,ChIJ6YJ1DVQNZ0gRyW0NZM6TI0M
Viva School of Dance,ChIJSdI-QokOZ0gRYfwTDIQmbtk
Vivasure Medical Limited,ChIJx2CEfFuRW0gR3Nx4yOjAxiU
Viva Wallet,ChIJTXCWk8sJZ0gRLrne59XVwG0
Vivere Concept,ChIJ3SfKsvsPZ0gRBZY1WOF3DLQ
Dance Hub Wexford,chijdymautobaegrdi79y7odxxa
Vivianne Maloney Counselling & Psychotherapy,ChIJx--bnZ9dWUgRZCoMiC4WVr4
Vivid Decor Painting & Decorating,ChIJE2auALF1XEgRfJmjGweK9CM
Vivid Edge,ChIJz8nAhyUJZ0gRDmC_6_da-bQ
Vivid Retail Design,ChIJn2zFGgd0Z0gReT_dYta3rLg
Vivien O'Malley Ceramics,ChIJbRo1p0ffQkgRRBYkAt-bRIc
Vivify Multimedia,ChIJ5f4jUSJlZ0gR1H3GLBT-RBg
CLOSED,ChIJQ-VORGgRZ0gRGgbZ5iDuVqA
Vivinspire | Web Design Mayo | Logo Design Mayo | Ireland.,ChIJATDuNexcWUgRxKpd8gJCQPk
Viviprint Industrial,ChIJvU9RjCM5W0gRIrh1BggG3us
Vivi Vie Jewellery,ChIJr1mz9E4HZ0gRUU594DU1smQ
Vizor Software,ChIJw92rDZgOZ0gRA7L9qJn2euw
VJ DRIVING,ChIJSQFjE6Jt4k0RKQw4A-YQL_k
VKA Carpet & Upholstery Cleaning,ChIJeZUSw-47XUgRz3YAy3NeyWk
VK Agri Recycling,ChIJWbQwDys7WUgRSBZwLq8oEiM
VK Beauty,ChIJteW74h6dZ0gR65BSQ0cCltE
VK Beauty & Nails Studio Shop,ChIJl7R345SWW0gRPfrEh9AhwCQ
Valerie Kearins Solicitors,ChIJCxwuzzToXkgRDu3k3T0zHzc
Vk Precision Tool Ltd,ChIJza-RingOZ0gRdRuA26bHp7Y
Vlad Bodarev Photography,ChIJIRZRj9mvZ0gRsdLwkBmzbhw
VLE Therapeutics,ChIJaXUF5b8JZ0gRa0GqvldamqU
VLIX.ie - theatre & event video production,ChIJp05ZjiGQREgRdIPxL23XFfU
VL - Aesthetic & Laser Clinic,ChIJH7jjRsYPZ0gRWTteziffmXU
Vincentian Lay Missionaries (VLM),ChIJA5naq9sNZ0gRmVwVsTzYv4M
McKinney Family Chiropractic,ChIJT40NqP_rX0gRDcbilpOZQyg
Vlogby Travel,ChIJ6bElmsQUZ0gRoenD4aGYglE
VL Restaurant,ChIJ3fD4jx4EW0gRztja6FFyHts
The Vocal & Music Academy,ChIJMT0NOh5wZ0gRAt15beSg5KQ
VM Business Solutions,ChIJR9v8hmAOZ0gRzUSn4cwb5Uk
VM Digital,ChIJS6R-zl8TZ0gRWOGt1vpbKi4
vMerge IT Ltd,ChIJkxljM1GEREgRj41xT73-ygs
VMG.ie - Visual Media Group,ChIJw8gOoQd0Z0gRgrqxO_fODnU
Viewmount Manor House,ChIJPfwpMr7TXUgREMpQVB1JGZE
VMotion Web Hosting Solutions | VMotion Group,ChIJRbxssE9fW0gRBpWgTiNHsmU
VMotion IT Solutions Ltd.,ChIJraR8P8BeW0gRwjvlnplO1C8
VMOTORS - Tyre & Service Centre,ChIJxwqOHgKFXkgR7JjINxl7iFI
Vmshire,ChIJLTTEWYhpXEgRJCzhS4KLf6A
Vmtek Motorcycle Suspensions,ChIJV60jocWPREgRSsRDYXJa6j4
V Mullen & Company Accountants,ChIJ71-pgzYLZ0gR-Rq9pSdhPgo
VMware International Ltd,ChIJMSinEhKSREgR7XxLDJpSQcU
vnv steam cleaning,ChIJj-38fL36xgIRIcWWRV1Szwk
Voiceover,ChIJJxgDEzwLZ0gRoTAhVORV74o
Val O'Brien & Associates,ChIJqct9O4kOZ0gR_7evLuUafJ0
Vobe Interiors Limited,ChIJtyI4blpkXkgRpySRllsYH10
V O Brien & Co,ChIJ7XIwqE9zZ0gRsRS0G1DrqZc
Order of the Carmelites,ChIJ1wd3yX0JZ0gRrImfPNv6m0s
Vocella’s,ChIJwzIpPrbTXUgR0FELcYtWaag
Vocho,ChIJW7yqnNKXW0gR-XTPD2kd1q4
Voci Music,ChIJcXY0Y3VzZ0gRu7Hk_yez9O0
Voco Studios,ChIJs5y2-AkPZ0gRSVH5627UDKo
Voda-Forde Limited (Cork),ChIJSYniSnGPREgRPS-OKZ8mSBA
Vodafone Business Digital Sales,ChIJeSy5-DUIZ0gRM-IQ9c-ndxc
Vodafone,ChIJ2ee2S9qFREgRT3-eNgb7gAY
Vodafone Friends and Family,ChIJv55uJNgJZ0gR7VYD17q8Jao
Vodafone Repair Lab - Fónfix Galway,ChIJuRwl0quXW0gRQfkxvR9iR1I
Vodatrade Digital Agency,ChIJDSi0E1zMYEgRkdoofRbCTtQ
VMobile Office Supplies,ChIJYdRkwE6dREgREWKrfg75Oks
Vogelsang Ireland Ltd,ChIJR8wYo7iWW0gRbt1L4n_4Mps
Vogue Agencies,ChIJX0jdXa0LZ0gR5rtOYuyWHPc
Vogue Events,ChIJxdJLoTJJXEgRAeb6_Y47Pu4
Vogue Hair Studio,ChIJAAAAAAAAAAARd40bipTrbp0
Voguencia,ChIJS8kk3TAJZ0gRrPUa7ATnkOY
Voicebank Dublin,ChIJGSvr3aIHZ0gRNeS3OuBKxsA
Voice & Data Solutions,ChIJ-fkLj7RtZ0gR7ardi0YQOBg
VOICE (Voice of Irish Concern for the Environment),ChIJy9HaeZYOZ0gRRTo5bFU8Vh0
Carlow People,ChIJA-6zrVNdXUgRFi2tVydDBZ8
Voice of Hope Ministries International,ChIJXwddVegiZ0gRlQkjGJdZeW4
Voice Of Victory International Church,ChIJq6qqVj46Z0gRyPLZJI_icnI
VoiceSage,ChIJR9temVebREgRhzo2nym5w7Q
Voice Studio,ChIJEebd1x5lZ0gRtIMFPNawRVE
Voiceworks Studio,ChIJmQJPhGeRREgRfZGBHokZCWs
Voici Crêperie & Wine Bar,ChIJ95HY4wIMZ0gRiRs0B-7MRXg
Voila,ChIJv_fGeJcOZ0gRdO7gkZEyoJg
Voiptel Telecoms,ChIJJSoujw-QREgRKEG3fVk2qYk
Vojta Kosobud production,ChIJ23ACwiE9RUgRQs42ujhDvdE
Vokera Ireland,ChIJg91DSBYsXUgRfJ96cBdhuyM
Volac Feeds Limited,ChIJ4WAgvn1yXkgR2dLfVlg9I14
Volant Creative Solutions,ChIJl_UqZCHPYEgR7T4yE2so_3o
Volcano Wood-fired Pizza,ChIJqUW-R_N9Q0gR84OG5gUWI9U
VolkerInfra Ltd,ChIJHfl8zusQZ0gRNhQudNW7qFo
Volkswagen Group Ireland,ChIJF-nDCihzZ0gRP6kEQv7SJt8
The Volleyball Association of Ireland,ChIJRa5xjzoMZ0gRYU9H3rzEIhA
Volograms,ChIJA50rSdcNZ0gRNmAakuM-btI
Volpe Nera,ChIJPz3U9LMJZ0gRDIZfF0aV7YQ
Voltage,ChIJ2VODVaNLZ0gRQSD0WoxR1OE
Voltaic Energy Systems,ChIJb3kQPO-zYEgR9BAkb-KQtW8
Voltaire Diamonds,ChIJu49DpZ8OZ0gRzhpxPMZg4co
Volt Automotive Training,ChIJsTnZfFDFQkgRisRtCpS4MiM
Voltech Electrical,ChIJZaP_3tsQZ0gRTlb5TzZqaDE
Voltedge Management,ChIJoRWY08YIZ0gRG06uqgS2uag
Voltron Company LLC,ChIJ7XdgHHIPZ0gR9Iw0KtseuCY
VoltsWagon,ChIJAdZ5q7Q3WUgR0rEgDpaYYGQ
Voltsys,ChIJwYhuLxoJRUgR7_UzwizA9PY
Volume Digital,ChIJZa7YwYwNZ0gROwFgAAs1cIU
Volume Records and Books,ChIJm_NTFTsHZ0gRezWfvJ765eI
Volunteer Ireland,ChIJqaowKp0OZ0gRAO4oOSChA8o
Carlow Volunteer Centre,ChIJl-QKulRdXUgR-cdeuhdSnc8
Cavan Volunteer Centre,ChIJr7qLmDIMXkgRVMucEQVUnp8
Clare Volunteer Centre,ChIJAXbgCQATW0gRbtEer13gR0A
Cork Volunteer Centre,ChIJf4z7qRaQREgR5pcrJucw2bI
Dún Laoghaire Rathdown Volunteer Centre,ChIJfRZp3MYIZ0gRsLTI6bjaSJY
Donegal Volunteer Centre,ChIJ09IvJjHrX0gRbJmftPLf1pk
Volunteer Dublin,ChIJ9eBOiLR0Z0gRCRchyEMAHuI
Dublin City Volunteer Centre,ChIJF26ngzKDY0ERLD_cj7LLHMo
Fingal Volunteer Centre,ChIJZxuR_a5yZ0gRknTcjG9I4X0
Volunteer Galway,ChIJtdac2fuWW0gR8reinkZX5ro
Teach Mhuire,ChIJh1tXzWQPZ0gR7m9mHF2mf7M
Kerry Volunteer Centre,ChIJx3nKVns1RUgRzk3kTgaVFaI
Kildare Volunteer Centre,ChIJDzA8SuF_XUgRaUim7iXa3kA
Kilkenny Volunteer Centre,ChIJvdUyhp4wXUgRn-4fEkFX8I0
Leitrim Volunteer Centre,ChIJdawPmsN9XkgRvjePZgJDER8
Limerick Volunteer Centre,ChIJ0VNyTmRcW0gRvoGpD4T4E2w
Longford Volunteer Centre,ChIJBR0sS57TXUgR4azc1BfyVFo
Louth Volunteer Centre,ChIJI7gMcYo5Z0gRQmngo9u_FV0
Mayo Volunteer Centre,ChIJQQAo3pM3WUgRmiorBRdsg0U
Monaghan Volunteer Centre,ChIJRZX09am7YEgR-5xpTb-Y-_M
Roscommon Volunteer Centre,ChIJvwMb5bgjXEgR-1cpARhRNso
Sligo Volunteer Centre,ChIJKyTG40roXkgRRIaIr4rxnbs
South Dublin County Volunteer Centre,ChIJYUpHPbR0Z0gRbDmPSiL5jeM
Waterford Volunteer Centre,ChIJ8TzJfJHHQkgRJn4HHmgV-ic
Westmeath Volunteer Centre,ChIJAVEiLgnAXUgRrUICjENvB1c
Wexford Volunteer Centre,ChIJJcttI60baEgR6tdp0B73ry0
The County Wicklow Volunteer Centre,ChIJ4_zuKmmoZ0gRU00pMwsKnng
Volvo Pop Up Shop,ChIJ3TZg9ZsOZ0gRgn2n5jDXA3s
Volvo Car Ireland,ChIJ7fOx5FB1Z0gR1FX0agX4Z4o
Pat O'Donnell & Co Ltd,ChIJcTj0HSuRW0gR43gS50eTB8Q
Vincent O'Mahony Associates Ltd,ChIJlz69bJWlRUgRYYE_-i03lBE
VooDoo Digital Marketing Agency,ChIJMaO6GCUGZ0gRgjN3kgfgi5c
VooDoo Hair Design,chijbfinaeharegrce21mzhafkc
Voodoo Ink Tattoo Studio,ChIJY7wvg_sNZ0gR0WKtciRFJds
Voodoo Rooms,ChIJnXIcfRCQREgRLoc1Scyb0hM
Voodoo Venue,ChIJCVJ_Bc2UX0gRrMa2Zwn4s74
Victor O'Rourke Insurances Ltd,ChIJ1bmY5q8OZ0gRd-XUspdVhgE
vorax,ChIJu5mvrKhxZ0gRD34ZIQyrqaw
Vorteck Packaging Machinery | Packaging Machinery Ireland,ChIJ-b7yhPsJZ0gRn8oiP2WClEs
Vortex Coach,ChIJmT29KSLcgqYRo-ZQ4g1Mmdc
Vortex Gymnastics,ChIJw_s7VXebREgR_JtJ9ihcTj0
Thermomix® - Dublin Branch,ChIJNTHbfOANZ0gRg9B6masB0mQ
Virtual Office Solutions,ChIJ5QuO1r45Z0gRjt-p5ZhcH_Q
Voss Engineering Limited,ChIJzbvYkb9mZ0gRHnLE9z9AVpM
Votechnik - Automated LCD & FPD Recycling Systems,ChIJN2JggyxdW0gRYsnRs8FATpY
Paul McAuliffe TD,ChIJWzMs1fMNZ0gRUDtRIJ4ZlEY
Voucher Connect,ChIJGUCvUZYOZ0gRYITKZK_hC4s
Inner Visions Hair Studio,ChIJiZEGDXVdWUgRZqY6YU7jBLs
Voucher Pages,ChIJucADFfwHZ0gRiLIRxhupNxQ
VouchOff - Extra discounts through us,ChIJz4y4jwBzZ0gRFs9W78sPF9c
Voujon Cafe Indian Restaurant,ChIJhStCKYrCQkgRghkViXDaf2Q
Vove Media,ChIJBSmIF7ivXUgRPLuScl-AXnc
Vow Europe,ChIJX7mrJgR0Z0gRneK0rh-7n6o
Vows Wedding Store,ChIJSwONVxKRREgR3PFAdrtErDE
Vox Power Ltd,ChIJb0jtEK4MZ0gRmNuMM7mgavw
Vox Tours Ireland,ChIJgwFmlIoPZ0gRp4SwoGaEJ_o
Voxonic Studio,ChIJTSoiXtILXEgRac4pvKFcbok
Vox Tech Ireland Limited,ChIJBcc_A7cPZ0gROdDelqGimPk
Voxxify,ChIJuRz8YpmRREgRJtPkH3m3-Og
Voya Products Ltd,ChIJ-3i2FeXpXkgR25DViAejlgk
VOYA Professional and Retail Product House,ChIJGYfnUSjoXkgRr6vUgdDAbfM
VOYA Seaweed Baths,ChIJDW9VqWTDXkgRQw40pLUDOuM
VP Automotive,ChIJY6XuSBUQZ0gRulgp1v--T5k
Vp counselling,ChIJc-mKSy4NZ0gR2NRCfUDedRI
VPengineering,ChIJJ0MFMis4Z0gR2tsD04r45iw
VP Flowers,ChIJNXrJt38OZ0gRIbIz-rtlSSQ
Groundforce,ChIJwat5wWQOXUgRACIWw-v7BGk
Vinayak Pharma Consultancy Limited (VPharma),ChIJ9_FWtdQbZ0gRjkoHWFS9BVI
VPK Packaging Limerick,ChIJp6bfOLldW0gRFVJYok611-k
V. P. Lynch & Co,ChIJudhT-AcMZ0gRf8SIFZ9PREE
VP McMullin Solicitors,ChIJsXqBUDPrX0gR9F4mqu1FI4M
V P MOTORS LTD GALWAY,ChIJYdSRpuWWW0gR3byUZLTk6Vk
VPR Accountancy Services,ChIJgxSTbJdNWUgRTrk2nh_NU9k
VPR Payroll,ChIJaZw5xwVNWUgRnPZTodp290I
Vacuum Pressure Services Ltd - VPS,ChIJBStsR_V7Z0gRA9oKFTfF_0w
VP Shields,0x485c791d71efab3d:0xa2a7b6aa77bf2b02
VQ Fashion Fix,chijvbksw09tz0grcdbnftc8eqg
VRAI,ChIJe69_3EcPZ0gRnZnGLmwkVFE
Riverside Cottage,323abd54da9e29f53f278d4550d5c2f8
VRChillZone,ChIJm4Z7yjvnW0gRA2fsaSs7k44
Vision Radio Fire Limited,ChIJ3eqar8d0Z0gRjzIuwSQXi2c
Vr fitness,ChIJS6ItIjMTW0gRV3Y74Y-2Gkc
VR Link Dublin - Virtual Reality Arcade,ChIJbVUHyRMPZ0gR-T88p0FopMo
Vision Retail Marketing,ChIJT_nZTp5yZ0gRsnfiEhOV5aI
VRM TECH,chijq7p9uggjz0gr6t0cf7iehhg
VRM Technology,ChIJy0s7ncAOZ0gRCuzzkqIByW0
Roof Tile Imports,ChIJiRpXFcMUZ0gR_zt2W9F8HV8
Tony O Shea,chijgxzdqh2bregrpozdhtig6k0
VROMO,ChIJpX9X9T8NZ0gR1Bpgrfx9z8c
Vron Plant Hire,ChIJv-JQ2sx0Z0gR8pq8wFYnb0A
Vronscki,ChIJi6xb6-W7W0gRLBKt3-1TtaE
VROOM Digital,ChIJ42E3PpgOZ0gRwxroJxeP5Pk
VR Property Maintenance,ChIJM678EMV5XUgRJJ1iMH49mZI
VRS Motors,ChIJwQ-rkw87Z0gROJsezecsHr4
www.VRT.ie VRT Ireland,ChIJt0TfOD2QREgRbclIKea0M2g
VRT Appeals Ireland,ChIJrTqjcaCPREgRhD1TIW09Wy8
VR Tours Ireland Photography,ChIJ1Sp9z0OvZ0gRCo6b_WP_pI0
Vrummmates driving school,ChIJ9dTkQjsPZ0gRf1D5JLQt1q0
VIRTUAL REALITY WORLD LTD,ChIJgRFOVseWW0gR8eEZ3Gy7YSU
VR Waterproofing Specialist,ChIJ3xZGwQ1-va8RpXkP9UNZngw
Vsat.ie,ChIJzyiK7gzAXUgR885S4ZHcPLU
VSB Renewable Energy Ireland Limited,ChIJS8-irMIPZ0gRlpC-fF8AZpM
VS Bathrooms - Stillorgan Microcement,ChIJ2xdi1NYJZ0gRdf8sqLL2vhQ
Vassy Professional Haircut,ChIJs8aoRq5yZ0gRtO16hi2ZT90
VSDirect,ChIJEdYCYpIOZ0gRVVRXvJkEX4E
VSDirect,chijedycypioz0grvvrxvjkex4e
VSfashion.ie,ChIJkVnnt8EPZ0gRCyQ-5hKqTYk
VSG,ChIJPUJkC6oSZ0gRpQ67fdRwq6k
Voluntary Service International,ChIJ11uSqGIOZ0gRqKcZw7wIj8w
VS Motors,ChIJqQv1Y_ZbZ0gRsmnUpKPhfqk
VSO Ireland,ChIJQ1B2x5sOZ0gRu61dzNPwbio
Weekly Observer,ChIJvdaU2_IxW0gR9Wk0Mel6grQ
vsource.io,ChIJp3PNjXaRREgRM6If_57DgZU
VS Painters,ChIJvQyPqVE5ly8RsZ9KvX76i-E
VS Photography Ireland,ChIJuZ9n2IAxQ0gRiizR3iLk1GY
Meath Machine Maintenance,ChIJl7vyRjhbZ0gRes6bnanKjhU
Ventilation Surveys & Services Ireland Ltd,ChIJKdiisv5nXUgRmH-3y-rxmCI
VS Supplier,ChIJbZT03LLFQkgRpWL3tRCYHZw
VS Transport Limited,ChIJj6KNQsZbZ0gRkKfMeDgRqGE
vStream Digital Media,ChIJUa0G86IOZ0gR65DSAXBleyQ
vStream Health,ChIJ3X6hvXAPZ0gRwmDThBm_-Ro
V. Studio hairdresser,chijosnpzjanz0grzvdcld149ya
VSware,ChIJ8ZA30DoMZ0gRX0Wmq5WFZ30
VT Electron,ChIJVS2UcikMZ0gR9-HIQwaTfTU
Van Tibolli,0x48670ea18cc6522b:0x8c3fca0c63b65867
VTC electronic performance,ChIJwSR0PvJlZ0gRrkj9gxHOErc
VT Drain Service,ChIJ-3AtwoXycWQRY263J1klKMc
V tec,ChIJi1WBcV0NXkgR5L_X_d_o2zw
V-Tech Delivery,ChIJh6ahVfQLZ0gRtdmDqsdWXeA
Vtech Tv Installation,ChIJobfVTko1RUgRvWqguMHxxt8
Vegan Food Store,chijrehrcpylz0grdjumxlrtdac
VT Motors,ChIJbXKBxs4PZ0gRtRdnU1tIEUs
VTN,ChIJF4iunqIOZ0gRPP37HqzuZkc
VTN Test Centre - Windmill Autos Ltd,ChIJ3Uw148cBaEgRSCggTzliSYM
Belmullet Vtos,ChIJXZG9zESoWUgRax_ohXwDjik
KCETB VTOS Carlow,ChIJZ-ZnmbJCXUgRqtt8-odWFkc
VTOS Kilkenny,ChIJoeMkTJgwXUgRNIfExAhQ88s
VTOS Leitrim,ChIJuXO7lZ-JXkgR4j3-9HD3vMU
VTQ,ChIJf2K28UQMZ0gRvQgWTNC4ecc
VTSL Ireland,ChIJ30CMmEWRREgRObOgXup-pf4
vTutor,ChIJMyOxFBMPZ0gRgcXcQfQFLJ8
VTW Accountancy Services,ChIJLXKkQkObREgR1UCmGJSNUoI
V Tyre,ChIJ0xV5NNPqX0gRwZO47SAjc24
Vu2Vu Ireland,ChIJOVykiyUJZ0gRAc_kdJerXio
Vuba Ireland Ltd.,ChIJj6o2IqIRZ0gROm7hduS_Ixs
VUCA Treasury,ChIJpTZi8SEPZ0gRmPIdvuCaezc
Vulcan Consulting,ChIJP_Zvp6IOZ0gRJM_4ZIUKiH4
Vulcan Machining Ltd.,ChIJuTyVKamzREgRbckeT-P0uSw
vu coffee,ChIJbzbjjxPdXkgRVt6hZR0DHik
VUVU,ChIJd5b45icMXUgR8421PBbT0Nk
Loaves and Fishes,ChIJAXeddAJJXEgRoVIYkV0cs54
vvbdesign,ChIJQ3eGPs1XREgRwRkTCCgGakg
Vvenom Hair,ChIJO1185b-RREgRoff4Yuyc4L8
Vwalls - Drywall Contractors,ChIJ3ykyeRAJZ0gRedC_sywH8Ns
Vincenzo's Wood Fired Pizza - Malahide Road,ChIJsyMQYqUOZ0gRlPe-rnBg4Hc
Volkswagen Financial Services Ireland,ChIJ2ySCUddyZ0gRcnGOZug0M2k
Volkswagen Group Ireland National Learning Centre,ChIJtTKI77UMZ0gRMA2jhYPtACE
J Keane & Sons (Ros) Ltd.,ChIJg0PrgFUjXEgRlZUVWHQAUDE
Vwspares,0x485d66bf485313a3:0x52259b2215faadc3
Vygon Ireland,ChIJa01srHF0Z0gRMV1WEyrqrUg
Vyra,ChIJrdmD14N5Z0gRReC4Rr_Wl0U
Vyta,ChIJz5RR3BB0Z0gRbDR2iKpykeM
Vyvo Smart Ltd,ChIJd8f--U8JZ0gRXWL-4mEWNlM
w-hire,ChIJ6eDYSGarQkgRnut5GbBBfrk
W2 Exchange,ChIJi-Q1UPKeXEgRPqz0k5HJ_Xk
W2S Solutions - Mobile App(Android & iOS) - Web Development Company,ChIJSTs_EPEPZ0gRSEJm5G8RPXg
Walls To Workstations Ltd,ChIJy9Q9n3d0Z0gRwfMBRgWRQEE
W39 Services,ChIJQ42nYqcJZ0gRMJgdCpH0YPE
W5 - Customer experience measurement and insight,ChIJF1yutFIJZ0gRglSEmXXo5so
W8 Centre,ChIJY6d26sLxXkgRcbLjCUj0kAU
W8 Innovation,ChIJJV5xlfbxXkgR6QxLjxXlf54
bloom acupuncture and therapy clinic,ChIJG444OGTPYEgRmQnjAO5WgfI
Castle Fuels,ChIJi1mLNptJRUgRdhVa7W5qQpA
Waterford Angling & Outdoor Centre,ChIJ8eaTJxzEQkgRD72j70kPsQY
Wabi-Sabi Ltd,ChIJAcPS65wOZ0gRjAyGbza4N8U
Wabisabi Sushi and Noodles Bar,ChIJ_55ebRCQREgRS-Xm-WEA4IU
WA SUSHI (WA CAFE) わ鮨,ChIJ0edMteSWW0gR-hYR4llpG2I
Wachsman,ChIJsc-_vjoMZ0gREj6mBqQSY6k
Wackadoodle Thai Food Dublin,ChIJbyJgMWsPZ0gRdk-Ro41C_7A
Wacker Neuson Ltd. Dublin,ChIJZ4Rnk0IFZ0gRkvcc48m34ig
Wacky Clothing,ChIJD4v-OdEPZ0gRCfghc88nfsA
Waddington Europe Arklow,ChIJoVxz_HbDZ0gREy5aKrIbS_Q
Wade & Associates Legal Costs Accountants,ChIJA92uzLkJZ0gRv2phSmJz0MY
Wade & Wallow,ChIJBX1_p707WkgRZeoWdawFeQE
Wade Electrical Limited,ChIJEY-vt3S9W0gRBDDrQUNscDo
wado.ie,ChIJNyUVC0EOZ0gRJdIK4CfXEV8
Waffa's Fashion,ChIJY45WvXINZ0gRCeKvmUOzdN8
wagamama south king st,ChIJnRXuLZwOZ0gRCWPNPPoOGzU
Wagging Tails,ChIJT35vY6A1Z0gRja-NqVfMkFY
Waggly Tails Dog Grooming and Boarding Kennels,ChIJk-TPtAoHaEgRP70ntQRRUis
Waggytailadventures,ChIJWwU_NMAPZ0gR1e_XuruxefA
Waggy Tails Dog Grooming,ChIJ0frZAQO1XEgRPn_jNtxKS48
Pretty Pawsh,ChIJMV8RV1w9Z0gRW0GnQnqIxsk
Waggy World,ChIJpaPvuzxdW0gRwj4WMzaF2_M
Wag N Tails Pet Shop,ChIJd-TJehx5XEgRYS6kFck517M
Wagsdogs Boarding and Grooming Ballinrobe,ChIJ-Z7dxrvdW0gRUg0wj7ld_l8
Wag Tails Dog Grooming,ChIJRUQuL2gOXkgROV7oqgzZm9M
Ridgeway Wagyu,ChIJl6Nap66PZ0gR-zLbTm3gBbk
Wagz N Purrs,ChIJxVfLMN55XUgRSa34wBhnPXk
Wah Yun Chinese Restaurant,ChIJq0pNhA2SREgRcBvGuApLGD0
WAI TRIBE MUAY THAI GYM,ChIJ-WcrAdIHZ0gRNVg2PvkTjmo
WainsWorld,ChIJZW3pOZ77X0gRCg_Vd3byXs8
Wake2Wake Watersports,ChIJteAbq38oXEgRMQW9u7uDgrM
Wakedock Ltd.,ChIJJWafu-4OZ0gR9CFhvl-01cQ
Wakely Engineering Limited,ChIJW8L53RG0YEgRSaa-bfEM7Uc
Wake N Ski,ChIJmaFOiUhmZ0gRCAeT11Z-KmI
Walden Electrical Contracting,ChIJL-rk07g2Q0gRR4Xe_qU9JGI
Waldner Ireland,ChIJdSkl-pESZ0gRwMzEaj5eycg
Waldorf-Barbers,ChIJIaqsxYQOZ0gRlpXtLFjMoto
Martin Waldron BL,ChIJKUnRJCkMZ0gRi5DBOIivIc0
Waldron Family Meats,ChIJGTzS46dAXEgRjJrV3yYHS4o
Waldron Podiatry,ChIJ3yl3zrwOZ0gROUVdjM15DgU
Walform Ltd.,ChIJKX7BI5znZ0gR8PnNKr7GfMs
Walfrid Private,ChIJDWcnX58MZ0gRY5m2bJrY8DY
Walk,ChIJ6-JK0Y0MZ0gRQ0jQDB0LtBI
Walkair Ltd,ChIJlSakRyWQREgRkwU3QrcVmK0
Walk and Talk Therapy and Counselling,0x48670c615f47cccd:0xd569718297d3ae13
Broadford Arboretum,4842ab90d90001dda09e1bce64b99b37
Walk Connemara,ChIJ38F0RFMkWkgRh88UVzlq7WQ
Walk Dublin,ChIJgbMaScQNZ0gRqo6E2etl-Zw
Walker_1781,ChIJdx52I4XpXkgRkADo0h3zCNY
Walker & Hunt - Warehouse,ChIJmei0FlZJXEgRVQ2J0eXMn6g
Walker Architects,ChIJocYj2L0OZ0gRsjESY1KxyS8
Walker Communications Dublin,ChIJA8eAGZgOZ0gR8lW4gsnAl7g
Walker Healthcare Limited,ChIJlaZ9zcCWW0gRnNmwPPxlbC0
Walker Hearing Clinic - Hearing Aid Specialists,ChIJLzWN1TyQREgRLFZSxVn8LAU
Walker Productions & Entertainment,ChIJYQOadZENZ0gR9YD0nRF6P08
Walker Vehicle Rentals & Contract Hire,ChIJxUXXOZUMZ0gRw5KDHW768f8
Walkers Corporate Services Ireland Limited,ChIJgS3ZgZIOZ0gRbgn5dbqby0g
Walker Vehicle Rental Head Office,ChIJe48hNJUMZ0gRHGFMRo8cm3c
Walker Windows Ltd,ChIJ-2n97TZdXUgRJc7Xh27DRPU
WalkieTalk.ie - Walkie Talkies Rental for Film & Television production in Ireland,ChIJX7LAtpMOZ0gRHy1USG6WQgg
The Clinic Walkin Medical Centre (Blue Clinic),ChIJ8033tGZbW0gRqJZy5OIVtvk
Walking Donegal,ChIJHfwSSXmGX0gR2WLlkE6Mi_E
Walking Dublin Tours,ChIJyfr6G90PZ0gRf3eFLigsAvE
Walking Food Tours - (Dublin),ChIJPfJcex3NYEgRz_aJN-V4IVs
Walking Galway Tours,ChIJzeGfUSCXW0gR37WF1XBDBIE
Croagh Patrick Walking Tours,chijydh9glxkwugrbpllwqubxoe
Footfalls Walking Holidays Ltd,ChIJf7stZa29Z0gReCQMysuBDm0
Origin of River Barrow,ChIJG_l27EgHXUgRZxK3XGmh_ZA
Michael Gibbons Archaeology Travel,ChIJQas_nU07WkgR6GeauBMp_N0
Pat Liddy's Walking Tours,ChIJec5AGYQOZ0gRcMxKscmmtJE
Walking with Valais Blacknose Sheep,ChIJ7ZN9-NO1XkgRxwiIJZ1-THk
Walk In My Shoes,ChIJGwQo2zkMZ0gRI_ydmxtOP94
Walkin's Gift Shop,ChIJCQ6obVLnW0gRT-fkZM6oDuA
Smokin Bones Container Walkinstown,ChIJrevYW9gNZ0gRBa5-nxXBLYI
Walkinstown Back Pain and Sports Injuries,ChIJ7w34nhgNZ0gR8WahhRJPs1Y
Walkinstown Dental Care,ChIJR7K6V4IMZ0gRjlA8bhj-n-8
Walkinstown Dental Studio,ChIJgTAwgpoMZ0gR7_WwDAqRVGI
Walkinstown Dental Surgery,ChIJxWfU2xENZ0gR6o6cReVV8VA
Church of the Assumption of the Blessed Virgin Mary,0x48670c8fe274a849:0x3ffa778cc1b95975
Rama Garage,ChIJ_RVesmMNZ0gRrtmXpH9kqeg
John Golden Monument,ChIJdWg2puL1T0gRVfjYBsl_M_U
Belleek Woods North car park,ChIJvcwAjUk3WUgRer7uTbZMlRc
Walk This Way Podiatry Clinic Naas,ChIJ4X6tbql5Z0gRaAD1J5CeOw0
Walkwell Clinic--Custom Orthotics,ChIJEQ0RoplXZ0gRF8fvmaCmL-k
Skellig Alpacas,ChIJ37jOeJiTT0gRdbztR6am6sE
Walk With Me,ChIJ781PZvk7RUgRhGJ3B-WD0Rc
Complete Footcare Clinic,ChIJ_1hd0lNdXUgRfGv4wwfcnqY
Wall Control Systems,ChIJewuSd1MNZ0gRyXABtGveV5E
Wall 2 Wall,ChIJeUfa-k2FREgR4R8um1ffbqc
Wall 2 Wall Decor Painters in Monaghan,ChIJZxSJ2SWyYEgRRbBfJbvsw8w
Wall2Wall PR & Event Management,ChIJ6ZacIJgOZ0gRDxjr9t3c4GI
Four star Pizza and Kebab Takeaway Brownstown,ChIJ36ric1h-XUgRnDkD-ohYK3E
John Wallace & Sons Agri Contracting,ChIJT_0zG7jpXUgR4GUSuRY3ZJ8
Wallace Contracting Limited,ChIJV083YaZFXUgRSMXNaxfxDQY
Wallace Dental Clinic,ChIJQV4sFG5bW0gRX9-iUGD-eGk
Wallace Diesel Electric,ChIJLZzsYRvAXUgRY1igeXpnnBQ
Wallace Estates,ChIJCZ4GUJuPREgRslIQektfLMY
Wallace Fencing,ChIJo8nauIQNXUgRCBJoJM0qf1w
Wallace Financial Consultants,ChIJWXnAlBOQREgRi67lkenzl8k
Wallace Fitness Gym,chiju6wnih7hqkgrudiekiy40u4
Wallace Mobile Homes,ChIJyy_xveu-QkgRDHOPJuC_BMw
Wallace Myers International - Recruitment Agency,ChIJQ5UCQqAOZ0gRqHYzpi--TIs
Wallace O'Donoghue,ChIJtZNELygMZ0gRrXwqdRLZPKo
Wallaces SuperValu Wellingtonbridge,ChIJ8ZirPJCkQkgRvZq1tgV2V6A
Wallaces Garage,ChIJ4x0U-QvoXEgR7BDKMmgQIOQ
Wallace's Pharmacy,ChIJk-D5-ZCaREgRob820lfZq5c
Wallace Travel,ChIJMTOGnpnMXEgRqWP_DDxZhHg
Wallace Travel Group,ChIJDVxx7PENZ0gRIg4YiqLfEjk
Wallace Waste Solutions,ChIJMxcaqg7AXUgR1QYJjtvqgGU
Wallace’s Taverna,ChIJhRkk34IOZ0gRpvt2yIVIr9Q
Wall & Keogh Superior Teas,ChIJDfNig6AOZ0gRy1TB1WqNUqI
Wallaroo Playschool,ChIJf1OFWgqQREgRBmNugDlcGjA
Wall Art and Print,ChIJ-R5PpsFyUQURutWSzeSA9Ys
Wall Art Dublin,ChIJ81sFWI9tZ0gRfHEOzqPIkfc
Wall Beds of Ireland,ChIJK1pJ9kUNZ0gR3RAHZupHFN0
Wallbridge Company Ltd,ChIJKz-5IJ0OZ0gRZJIRfoiHHX8
C A Ltd,ChIJkSBOvDZzZ0gR1FH5eh9N15w
Matthew Wall & Sons Limited,ChIJvSMyIrW2QkgRJworAwxtfRM
Wall Decals,ChIJ69cS3rMMZ0gRoR-ufmI8nxM
Wall DesignWorks,ChIJ10PdzmgJZ0gRibKGyqngoKY
Walled Garden,ChIJGYGNB3IJZ0gRD6P8J7FpWhs
Walled City Vape,ChIJoXllGs2UX0gR6l0O14jo_Bs
Waller & Wickham,ChIJ0-UJszwFZ0gRLH2zuz93YDY
Wallflower,ChIJlV4sUlu7QkgRyyR-aTc-irA
Infra Red Direct (Ireland),ChIJjSpmBcBaXUgRwo-hPQIfM8g
Wall Hygiene Installations,ChIJg8_ecypDXUgRGnxjm8I9oZs
Wallis,ChIJRW6YdYo5Z0gRvyo8AJUKnS4
The Wallis Arms,ChIJheMIMCzcREgRXPlMR2WPbbY
Wallis Auctioneers & Valuers,ChIJWSrQfC5jQ0gRySXveYMcaE4
Wallis' Bar,ChIJWSrQfC5jQ0gR61iFnXwTWaE
Wall Morris Interior Design,ChIJxbuVDeYJZ0gRNYHfje2DsiE
Wall Mount My TV,ChIJJzhuNbANZ0gRkX5uDlR3B-M
Wallmurals.ie,ChIJI31B9HxpZ0gRJpBqFWC7ocg
Wall Panelling Dublin,ChIJL1i3hEZtZ0gRoG22dhr6rjw
Wallpapers of Ireland,ChIJcVvGdc9dW0gRAL4iIJOQl5o
Wall Print Ireland,ChIJBY_GnVk5RUgR7UvbjJngFZ0
Wall Print Design,ChIJFyU9VgB9Q0gRWsb7MlFb6Ms
Walls Construction,ChIJB-RwxgIQZ0gR9_IGb3AwSQI
Wall's Cycles,ChIJrUaAqAo6XUgRqutFkLCMGrQ
Wall Engineering,ChIJs-eETkBdXUgRtOtF4C7hy3Q
Wallslough Village Holiday Cottages,ChIJpTJ1NCgxXUgRM6FYdJkyFEs
Waterford Walls,ChIJl6pIjxjFQkgRjsX8Xx78bHs
Walls Sawmills,ChIJbx6h6BG7QkgRs7jIrGAlWKU
Wall Steel,ChIJmwxXtpK2QkgR6nigtrGts5E
Wallstone The Financial Planning Company,ChIJZYl-dWNcW0gRD1i7kYW6fj4
Walls Well Drilling,ChIJ1RR5l7avQkgR7T_hH-vXjj0
Wall Web Design,ChIJ498ainSQREgRj47lAwfRPLY
Walmark Motors,ChIJIfoayiBwZ0gRaEtY60o9GTI
Walmer College & Holistic Centre,ChIJWWQ6mpIPZ0gRrbCzZAQZA08
Walmeric LTD,ChIJxalAQJcOZ0gRTIVUCVibWik
Walmsley Appliance Services,ChIJ1zwkGp5kWUgRgVauqf_9p-8
Walnut Bakery Limited,ChIJu1ds-u93XUgRaWDvl0G-sIw
Walnut Taverners Cricket Club,ChIJibNnWo4LZ0gRv-UShw648P4
Walsh Associates Quantity Surveyors,ChIJKzT4eIZlWUgRzeRkq0jk0mA
Walsh Window Cleaning,ChIJzwy01dANZ0gRroH96ID-lxE
Walsh & Company Auctioneers,ChIJh1ldWNlbW0gRtzSVkoyx2q8
Walsh And Partners Solicitors LLP,ChIJ3xBrrBqQREgRv4_4wWyVnFw
Walsh & Sheehan Limited,ChIJE1ZJXkDbQkgRncRpz1JwX-Q
Walsh Applications,ChIJZ-9vtrOdREgRrQSTH-P20NU
Walsh Architectural,ChIJy7TFs5qOT0gRMZeNyk4SxJ8
Walsh Associates Architects & Project Managers,ChIJne78Ui8MZ0gROZBq6MPIkjs
Walsh's Bathrooms and Tiles Direct,ChIJs-3xYZalXUgRguXjTmWCSeQ
Walsh Boatworks Ltd,ChIJyftFGQCJREgR577AGf6uetQ
Walsh Bros Electrical,ChIJg-9dlnw1RUgRRIzjfwRQLIg
Walsh Brothers Shoes Online Ireland,ChIJn6mCYns1RUgRDuNqamouxms
Walsh Butler Electrical Services Ltd,ChIJ9-BEAV7EQkgRX6JdVlj2Y4M
Walsh Colour Print,ChIJccXl_gEuRUgRMyT9hNXMDN0
Walsh Crane Hire Ltd,ChIJTTs-oIaPW0gR2n7mkAE5QmM
Walsh Design & Marketing,ChIJ51359sILZ0gRIgIpDE52NsI
Tullamore Pipe and Drain Cleaning,ChIJOWd-HJ-nXUgRc9N6THTT8oY
Walsh Driver Training,ChIJc7VVEbVGcKsRYPedq85jKgw
Walsh Draughting Services Ltd.,ChIJ6R3mcdILXUgRykaQDYK5cbc
Walsh Engineering,ChIJZ6dchFC5REgRMWTC9yjx5Y0
Walshe Print Limited,ChIJ7euaNqbqQkgREf7JiXX35bE
Walsh Gibbons,ChIJw1PAKE06Z0gRbOeQ_x-QwI0
Walsh Graphic Design,ChIJGZ6m5NRLQ0gRnmJQXdyzV44
Walsh Graphics,ChIJP906zMh0Z0gRrU6R77840gk
Walsh Group,ChIJM68CZg-QREgRWoZKVkgv9s8
Kris Walsh Hair Design,ChIJQUiouozGQkgRev22g2tmsIo
Walsh Heating & Cooling Ltd,ChIJj9n2zau7REgR6sLcaFwONr0
Walsh Homes,ChIJGaGbZBphXUgRdL3IIX4-jEo
Walsh Jewellers,ChIJj9TcWBzAXUgR1Ez-_oaTbGA
Walsh Kealey and Company,ChIJ6aNV0kSFXUgRIm282D1J694
Walsh King and Company,ChIJs--AWZzGQkgRGnHh14uf8Zk
Walsh Lubricants,ChIJ56zx8aeaREgRXOU7xLR4Z6E
Walsh Medical Practice,ChIJAQxFyrC2QkgRYcwR7T8Hvvw
Custom Compost Limited / Walsh Mushrooms,ChIJ-eEaU-rmZ0gROAVgaMRlBOc
Walsh and O'Mahony,ChIJWUrszV34REgRTG0yuZLfJVM
J.F. Walsh Roscrea Ltd.,ChIJ-aaKrDX7XEgRrh56hxGBXPo
Walsh Plant and Tool Hire,ChIJdbAGWrqNW0gRxYn6o_LMlZk
Walsh&Sons Plumbers,ChIJL1i3hEZtZ0gRKx4Lpptycz4
Walsh:PR,ChIJg_MR9ZYOZ0gRXB60IOQEQMc
Walsh Print & Graphics,ChIJ5XB5DbiRREgRDd6WVUfxHX0
Walsh Printers Roscrea,ChIJM4V5C9HkXEgRaSBIPOb5yMw
Permanently Closed,ChIJm4IYO0xbZ0gRplbcA62GSf8
Walsh Removals,ChIJ3wRUYf-AXUgR-Q4GPz7K7Wk
Walsh's Homevalue Hardware,ChIJB_jOkMhFXUgRyZkgGbi1Xe4
Walsh's Bakehouse,ChIJdclnJBDEQkgR4zztqhl-T7c
Walsh's Bakery Clifden,ChIJMVVxgk07WkgRgrM82TFfWt8
Walsh's Carpets,0x48437c7befc37db9:0x7594f3b44ab3e7f5
Nissan Charge Point,chijkyujewxeqkgrg3obbem6bis
Walsh's Funeral Directors,ChIJe3Syu8TGW0gRwkuPBc_UbNE
Walsh’s Furniture Repair & Assembly Ltd.,ChIJS060QDtrXEgR7fTkPKtYHEo
Walsh Heating and Plumbing,ChIJMTNxkLSWW0gRZX_Qam7cHwI
Walsh's Pharmacy,ChIJ0xNKBQdxZ0gRI8mmED-gj0w
Walsh's Pharmacy,ChIJ0ZWcAcf7T0gRxc_8g7_wDsE
Walsh's Public House,ChIJnRNS3EayXkgRu1nHz2G2TeY
Walsh's Pharmacy,ChIJU1MFOkEMZ0gR1erp51rsxy0
Walsh's,ChIJlUBi7C0MZ0gRBKaVy1vPoWk
Walsh's Take Away,ChIJ7066OSfEQkgROD4sRuCgrgE
Walsh Timber Flooring,ChIJIdS8ZjhRWUgRE3j97iG3X9U
Walsh Traders (Cork) Ltd,ChIJuXmaoXqMREgRpXucB-KkGOw
Walsh Training Solutions,ChIJwUxqkGldW0gRpqrIWtdOQIU
Walsh VMI,ChIJkVP7Va2cREgRfG9Nuj0wtXU
Walsh Waste & Recycling,ChIJudrvBEaHW0gRYrtaDjL6BZo
Walsh Whiskey,ChIJqWjkrUFnXUgRtKodW6iOJGM
Walsh Windows,ChIJmwIYvgtcW0gRCOQiEmqqk_4
Walsh Technical Sales,ChIJkUhbznGQREgRPrLx81NeSuQ
Walter Bourke & Son,ChIJYRvwV4oAaEgRT8t9ZL_3Pk0
Walter Byrne & Sons Limited,ChIJZb4Gs1aFXUgRtgA7yqMpOcY
WALTER DONOGHUE CURTAINS & BLINDS,ChIJwX0m-QddWUgRTYsqSkSVNRs
Walter Nash & Co. Ltd,ChIJvb2JLc90Z0gRAL6H2yJNGmI
Walter Raleigh Hotel,ChIJNZlXym1tQ0gR-1gTQaQ0neI
Walter's,ChIJB_UaKSUGZ0gR7wHQaomoutY
Walters People Ireland,ChIJUyRhDCkPZ0gRGrQb8xlEcF8
Walterstown (Johnstown) GAA Club,ChIJO9j54HVDZ0gRb7OWjpuTLCE
Walterstown National School,ChIJfSaveIGCREgRV1r8vOc_s7A
Walter Tuffy & Co,ChIJP40qEp5dWUgROoHiS4AeXzk
Walthea Patterson Professional Coaching,ChIJbYQo9jwJZ0gRPlkQTC2jvLw
Oysterhaven Harbour,ChIJRayGfnxiREgRC0XCkuItvO0
Walton Floors Ltd,ChIJvQYryMc2XUgRRgeAySibqtk
Walton Institute for Information and Communication Systems Science,ChIJT6eZM-zEQkgRJevq7qvOa74
Waltons Music Ltd,ChIJM0UWMYMSZ0gRSnQNBmnzL_g
Thomas Walton Transport,chijitlem0cwxugrewmejivc12s
Jakub Walutek Photography,ChIJnzX8XAFhREgRMXIEPwiu6pA
Walmek Security Innovations,ChIJ51wwADlxX0gRvEn-ugJ8fUk
Waterfordi Magyar Kulturális Egyesület,ChIJoUsRJdjHQkgRdr-JjLXO9V8
W&A Carpet Cleaners,ChIJE7QQN5lcW0gRgieMcbl-TmE
Wandee Thai Massage,ChIJmRCX79kPZ0gR3cGCQ7_QEso
Wanderers,ChIJ4UbV3tMOZ0gRgDULU818Eb4
Ballyboden Wanderers GAA Club,ChIJvX58Sv8KZ0gRXboCBJXgZ8Y
WanderFox,ChIJB-99SkKnRUgRZh_N6bvBUmk
Wanderlust Irland,ChIJd7vLOYQOZ0gR2FwD5LOsajk
Wandesforde House B&B,ChIJ87R2HFUVXUgRrd0Lu8rFTLs
Wan Fu Chinese Restaurant,ChIJ80vvwaWDREgRadKUWFaEVmw
Wangs Chinese takeaway,ChIJbVh4zJAPZ0gR2EA8G7deIHU
WannaGoSailing,ChIJDYwQsB0RZ0gRek7MoymzFY4
Wannarun Physiotherapy and Running Clinic,ChIJ66xfDaRkWUgR8wPUY3TN1sE
Wanpen Thai Massage Maynooth,ChIJOYzgb41xZ0gRwUN2vEudCpc
Wansai Thai Massage,ChIJUZSVxjY7XUgREee5vHcQM7k
Wan s Relaxation Therapy centre,ChIJ25yoBk6FREgRsdovGqPArl0
Wantabox.ie,ChIJy3ciCSO_PEoRwTymxFds6YE
WAO Global LLT,ChIJEwiMgsQPZ0gR_DtIWBnIvMg
Waterford Area Partnership CLG,ChIJc0Nzgx7EQkgRn2-pIm5kSr4
WapoBeauty,ChIJeQCBb29tZ0gRgBWt3kLDNe0
WAPPCard Digital Business Cards,ChIJIeWhNX0MZ0gR10dsnTo61iY
Waratek,ChIJJdd-rJ8OZ0gRVHvb5pxzlH0
Ward & Co Accountants,ChIJTY7ODigNZ0gReYhwCOGhfvQ
Ward and Burke Construction Ltd,ChIJX7AP606FW0gR3wjjxPiCQ7M
Ward Automation,ChIJIxlhYILCXkgROu6tHsaLZXA
Ward Bros Quarry & Plant Hire,ChIJWZ4_CXopXEgRwD3V8jIFI3Y
Stephen Ward Town Planning & Development Consultants Ltd,ChIJZ0Lu36DOYEgRf9243yYvz7Y
Ward CS,ChIJDcSVphl5Z0gRNfU-GiHStVY
Sean Ward (Fish Exports) Limited,ChIJG4VIb0UaX0gRUNJWmbPQXFM
Ward Golf Centre,ChIJzaepFVMSZ0gR1Uqu1p4TyyY
Ward Hygiene - Hygiene & Cleaning Supplies Ireland,ChIJyci4rU51Z0gRBm2S9F7AXF4
Ward Industries Ltd,ChIJcRegiR-fYEgRxFgCPtw0HC4
Hugh J Ward & Co Solicitors,ChIJ30flB4sOZ0gRTRCJoAGjNlU
Ward Personnel Ltd - Dublin,ChIJPegCxEltZ0gR_2RTXO0H2nI
Wardrobe Boutique Wicklow,ChIJUaTQA8uwZ0gRPteMW9Z4WPw
Wardrobe Drawers Ireland,ChIJ48pn9BEbZ0gROvMqVxnFdh8
Wardrobe Plus,ChIJNyiJEU7mZ0gR4HFK6Me8QBo
Wardrobe Solutions,ChIJ4xqCX4TDZ0gRoNHRmBs_tUI
Wards Garage,ChIJFbhnCfGeXEgRescctYvw-f4
Cormac Ward Car Sales,ChIJHQouE_gNX0gRmmrAFmDB-eA
Ward's Funeral Home,ChIJ9SZhZhikYEgR30XYl7OHyEA
Ward's Garage,ChIJT6HuSViRW0gR-3CDlpQCJkc
Ward Heating & Plumbing,ChIJGf2H-o81Z0gReGrTFVuH7ug
Wardstone Memorials,ChIJDxjTnLcBYEgRgc22br_59qg
Wardstone Surfaces,ChIJafv-hbcBYEgRToMgVofuPsM
WarDucks,ChIJR_-73vkPZ0gRIdemRcAi8n0
Ward Waste Products Limited,ChIJARcjYO0xW0gRDckS5J6fY0k
Ward Wood Design,ChIJARZj172fRUgRPJ0I4jyqzTw
Warehouse Wexford Shaws,ChIJJzpOklQbaEgR2CBGzq_dYuc
OPEX WAREHOUSE AUTOMATION,ChIJVVUJLpYOZ0gROb8Vbw-CPcQ
Warehouse Bistro Ennis,ChIJt0X-GdttW0gR_GwxNMBYb9o
Warehouse Bar & Kitchen,ChIJdXssVDPrX0gRDcxekPVvt2M
The Warehouse Cafe,ChIJf6zKJcIMZ0gRlu_e9aUzDlw
Warehouse Food Market,ChIJy4V5k2wNZ0gRCYPwu4-lPZs
The Warehouse Gym Oranmore,ChIJe7i3RLCRW0gRGMnHpKof0bM
warehousesale,ChIJG2Hit8ITZ0gRJKG5JELF54E
Warehouse 2000 Clonminam,ChIJ45-R5HcOXUgRwjmgunl3Pvg
Warehouse Dublin,ChIJf7bHZXNtZ0gRpeW-DFjVfdQ
Waretec Storage Solutions Ltd,ChIJa9yBsYqvYEgRL5zm-2x2s20
Warewolf Ltd,chijvynzsnsoz0grbbiahbwvhra
Warik Energy,ChIJ2z7pXt4TZ0gRaYqV3KOzSXY
Warm Ewis Ltd,ChIJ4RDoegBcW0gRT3aja8ynEH0
Warm Home,ChIJB2UlQ90QZ0gRTcG4ijgwdIE
Warm Home Insulation,ChIJL5_fWSloXEgRmEgUfKWXeVA
Warm Nation Insulation,ChIJZypdEfINZ0gRhD9Qox5VmQs
Warm Oil Ltd,ChIJ2RT5e97LXEgR-MGQqwyottc
Warmth Ltd,chijj_b20gvkz0grwexuodnv0pq
Warnborough College,ChIJpd6jLygMZ0gRK8pk7_kjqak
Warner Corporate Photography,ChIJBTkp5SiUW0gRA-Nu3UlnSLw
Warner Music Ireland,ChIJNxKUepsOZ0gRuwx2eRkHSPs
Warren Gallery,ChIJGc0Z9IZqXEgRd_pjtybw0IM
Warren Allen Collections,ChIJwdmd8ooYcEERMupmi681f4U
John Warren Electronics,ChIJeyvmTCEYQ0gRaZ6NtrgpajM
Warren Estates - Estate Agents in Wexford,ChIJV67wxE_mZ0gRuYrREaahsNg
Warren Farm Guest Cottages,ChIJwy_ZztS5QkgRYUnGa5Mu100
Warren Lodge Boutique Irish Cottages,ChIJQ10lGCOAXkgR4Fa6VvWMAT4
Warren McCreery Auctioneers Valuers & Chartered Surveyors,ChIJPefi2HU6XUgRc6u945LW9mU
Warrenmount Adult Education Centre,ChIJb8MauCMMZ0gRnQJR1kUlVpo
Warrenmount Primary School,ChIJ-1e7rSMMZ0gRJ-DzVD4w6fI
Presentation Secondary School,0x48670c22f62d498f:0x6b4eae47c4d1463e
Warren Music Academy,ChIJn4Mu9oQbaEgRkxflgn7ajag
Warren and Partners,ChIJgck6I1ENZ0gRd4r8WHnmJrk
Warrensgrove Estate,ChIJvwMpcC7wREgR4zYK8O8bVoQ
Chopshop Barbershop & Academy Navan,ChIJ2TgVRuZbZ0gRT0-HtKwhfSI
Warren Transport,ChIJTQOBTBr7REgR4xGIExHQwto
Innishannon TaeKwonDo Club - Warrior Martial Arts,ChIJL83ZYrj0REgRaascs80Wwco
Warrior Addict,ChIJdaKyxrOvZ0gRAovkZQRX9ms
Warrior Fitness,ChIJIzCIZeA5Z0gRcGrV8pw8Sps
Warrior Fitness Group,chijdu_dz6ydregra4qmpzgfqya
WarriorSteel,ChIJw6TZnDjBXUgRYTwFiEmpB6c
Ballinhassig TaeKwonDo Club,chijj5pb8qsoregrurrfjd4ftqq
WarriorWellness,ChIJ9QRAtYZEi40R4VBVBB8jQSc
Warrior Yoga Sligo,ChIJb7yJ2A_DXkgRRZTSQfp8h6A
Wasabi Bar & Grill,ChIJV_8uh-4PZ0gRQRzMzmih_p4
Wasabi Restaurant Sushi Bar,ChIJ3TxBCX4OZ0gRq2wVexMuqkU
Wasdell europe,ChIJQ6HliYPNYEgRh7PcPzORdmE
Wasfi Medical Aesthetics,ChIJfeH3ScOL6K8RdQJHk9Gk9s0
Wash Away property and garden maintenance,ChIJh3xmsIMNZ0gRoidZYD0prqI
All Stone Cleaning Services Carlow,ChIJ-UrecwJnXUgRR6Q_vG4YALk
Washcraft Limited,ChIJmeQ30_F7Z0gRYNtm4dFbGt8
Washi Do Karate,ChIJMRraj18QZ0gR3A9fMkgXAx8
Domestic Appliance Doctor,ChIJlQ1WM--oXEgRNcI4-od31v4
David Palles Appliance Repairs,ChIJ9_R_38YUZ0gRyihC6Paffxk
Richard Moloney Domestic Appliance Repairs,ChIJOS15AWeFREgRblTd1P8JXQw
The Washington House B & B,chijtf7moogzxugrswrfujlzkgq
Washington Street Medical Centre,ChIJyWu3cxeQREgR6vullju1_0o
WashMe.ie,ChIJgWeiEP6TREgReiVZaa-sVME
Wash Mutt and Blowdry,ChIJlREIm3rDXkgRdAeNlKdo3AA
Wash 'N' Go,ChIJb40xNNwPZ0gRaa60LiFgTIQ
WashNWag Ireland,ChIJHSLWxntHW0gRWofSnypDumk
Washoku Asian Food (Original Volcano Sushi),ChIJk61_gnVfW0gRD8kPJyMXc8o
Washt,ChIJP1R6fnOpZ0gR_p9QCfWNAEA
WashTec Ireland,ChIJyUyzo5gMZ0gREYtvbQMoFFo
WASI Seaweed,ChIJKY2ozE4LRUgRRjTV1iLIyc8
Wasp nest removal,ChIJ_wdfDOhpZ0gR9SLX85T4NC8
Wasper Media - A Content Creation & Digital Marketing Agency,ChIJV7WzRJF1Z0gR_1NPgqsc2Fc
WASP Technologies,ChIJf294qUWFREgR2IxBPmda13Y
Wassenburg Medical Ireland,ChIJJS7YkdARZ0gRoOoAnNzRRp0
Wassim Wedding Photography,ChIJPz5nFqDIJ04Re3rjp3dcZbg
Wasson Interiors,ChIJ1XvTKjLoXkgRgHV-VvHJ6Ko
Wasson Woodcraft & Bespoke Joinery,ChIJy9P_FG2RX0gR-_6JYPPmnMw
Wastelands Salvage,ChIJ1dVXAkCdXEgRkwaZ7ssbuq4
Waste Matters Ireland Ltd,ChIJ17KcEuuzXUgReB2-5onMXmk
MBR Waste Consultancy Ltd,ChIJk02lkSIZZ0gR9u5tDRt30dI
Waste Solutions,ChIJ6QO8Eg-SREgRvvFRqeL20tA
Waste Water Maintenance,ChIJj6IqQn51Z0gRSTV_YA1KAMI
Wastewater Solutions,ChIJS86GGGiaREgRh_ReazUQ-ZM
The Watch House,ChIJyRFWIArtT0gRxnVXzR9HJ2s
Watchdoctor-Creations Ltd,ChIJZXC6QJ4wXUgR_tnDKqdQwH0
Kish Jewellers / Watch Empire,ChIJl5Q5ZJwOZ0gRGBMCYoQXhhU
Watches World Dublin,ChIJk_5mdFoTZ0gR1hvUO4R5crk
WatchOvers Limited,ChIJa8eMVXMLZ0gR1Vb7bJC_jkc
Watch Station Outlet Kildare,ChIJKQ3rtdt4XUgRhIBhrYZ-oKA
Water-wise/Salutec - healthy water and living,ChIJCR2hvAp3W0gRIeP2J39rlrE
Stillorgan Grey Reservoir,ChIJVc1izG0JZ0gR5BdV2GE4jOg
Water and stars,ChIJK309JWwmgGURXzTe5LRQnbI
Water and Wildwood,ChIJSfw2IezjX0gRy1oF0VkUsfU
Water Babies Ireland West,ChIJyQAHq7eRW0gRk1n7-H96xUg
Watercare,ChIJxf6L5rSFXkgRSKsyQ6kQmco
Water Control Instrumentation Ltd,ChIJ3xs7Dz8NZ0gRAwYOgtsip9k
Crystalclear Limited,ChIJJTfWc2NcW0gRNzgYWNheMXo
Crystal Clear Coolers Ltd.,ChIJc86bykqEXkgRiF_rjtjtQyg
Water Delivered,ChIJxd3wqdsPZ0gRcdpugIp9yAs
Wateredge House Holiday Rental,ChIJTUVkBpd1RUgRJapJKzKMdlE
Waterfall roofers,ChIJEx5pE-COAwIRKVLG1-WZtg8
Water Filter Systems,ChIJ88OFLJebXEgR43reIhihTlc
WATERFORD APPLIANCE REPAIR,chijeujwuctfqkgrv_ndzss2kgo
Cathedral of the Most Holy Trinity Within,ChIJ9TvEZJzGQkgR8t6QF0uM9yc
Waterford Hypnosis,ChIJlY5rux_EQkgRgs3IkFbse_E
Waterford News & Star Ltd,ChIJcd2Y8JzGQkgRyWLU9AjIn_Q
Doyle Waterford Roofers,ChIJIQ6sru7DQkgRmgEmnwlNkSY
Waterford Today,ChIJOz8IE57GQkgRnImM_L35lcY
Waterford United Limited,ChIJNyHdOxvEQkgRo2wBVdgcuAQ
Waterford Crystal,ChIJp5dlmSzHQkgR7XKK-yQVvQY
The International School of English - ISE Waterford,ChIJ58ZmYV7FQkgRmBISU0CSpBU
Polish School in Waterford,ChIJ_-aF2FXHQkgRGuaoYU9wUs0
Waterford Academy,ChIJlZ0NedTAQkgR3Mh1-4j7NPk
Mark Kennedy & Company Accountants,ChIJY0NZkp3GQkgR11G0Zpta6qA
Orna's Accupuncture and Sports Injury Clinic,ChIJKeUasCrFQkgRr9cXCGYTfT0
Waterford Aero Club,ChIJKxSUv5zBQkgRTqthE0zSs0M
Waterford Airport,ChIJmQlaSpzBQkgRXTfFICwndNw
Waterford Airsoft,ChIJz2Y6xYTBQkgRToo-xMatjKA
Waterford Animal Welfare,ChIJt5GiU_nHQkgR928rwGGfock
Waterford Anxiety Counselling,ChIJjShq8MXGQkgR-0y3Z8XLxLE
Waterford Badminton Club,ChIJz9L24pvGQkgRDuSsFUSrwDg
Waterford Ballet Academy,ChIJsZZUYaLGQkgRS12ws2vjhq4
Waterford Boat Club,ChIJC-hbXZfGQkgREbBrHiDKzZ8
Waterford Boat Yard,ChIJ4ZHXoy3FQkgRPJZLZHDAUdg
Munster Room Restaurant,ChIJlTMDOCPEQkgRzmluRsSNv6I
CBT Counselling Angelica Grant,ChIJj7dQUs_GQkgRtNX9csTiKvs
Waterford Chamber of Commerce,ChIJPziFVZzGQkgRmdtkikETHs0
Waterford Childcare Centre,ChIJewzo2UDEQkgRXqQp7m7om8Q
Waterford Chiropractic Clinic,ChIJm2A6sbfGQkgRfQ_6f9I0oOA
Waterford Christadelpians,ChIJU_zf9s7HQkgRTDwE4vNn-Ts
Waterford Centre for Independent Living,ChIJLTzCy57HQkgReN-7i5iUdd0
Waterford,ChIJTeTZY5zGQkgR-7lni4iBu8U
O'Connell Street Dental Clinic,ChIJbeT0BJ3GQkgR8kpi311HBFg
Waterford City Ford,ChIJyT9d4jjFQkgR8k5PvKG8sgs
Waterford City Rugby Club,ChIJ8W-VpwvEQkgR5AkzPS6-pFA
Waterford City River Rescue,ChIJ_cxzTZrGQkgR_tdM9rACmoU
Beach Tower,0x4842c69c4d70a691:0xcb24bf93174786c8
Waterford,ChIJ-52ooVbWQkgRE9311ZNJmvY
Waterford Comics,ChIJT6LIbnHHQkgRqxNzfZnDC1o
Waterford Computer Clinic,ChIJ656W7anFQkgRjxN51ViWOWY
Greyfriars Municipal Gallery,chijuxxanjrgqkgrtl_cihaesda
Dr Donagh Ward - Waterford Counselling Services,ChIJI_nmFkvDQkgRudzp6hdHGBo
Waterford Counselling Centre,ChIJk89WOabGQkgRMlImMdSWXRM
Waterford Counselling Centre,ChIJjYBTmPnHQkgRc3EsHyr0Rcc
Waterford Couples Counselling,ChIJye27gjEnQ0gRXOUivwgNZEM
Waterford Crane Hire (Ltd),ChIJKyCHifHDQkgRTe8ONrr9jUw
Waterford Credit Union Limited,ChIJMwxU_IzCQkgRRj6zwao6_m0
Waterford CYPSC,ChIJuZT7IpnGQkgRq71Q70BY3O4
Durands Court Dental,ChIJQRInS5nGQkgR-5T8spIgIDg
Waterford Disability Network,ChIJo4B_6TzHQkgRVvFV3KIb0IM
Waterford Endodontics,ChIJta-jxM3FQkgRLySmSyZMZgM
Waterford Enterprise Centre,ChIJCf93IGTEQkgR4a2F1odbDdM
Waterford Eye Specialists,ChIJN_p-Z5nGQkgRGDfYnzNIVQY
Waterford FC Club Shop,ChIJoZ1K6kjFQkgR7Z46AVMFY70
Waterford Festival of Food,ChIJ8TWJBiEYQ0gRiqa7pOGYvi0
Waterford Foot Clinic - Paul Walsh & Susan O'Mahony,ChIJJxvCOZ_GQkgRFkdtQXEkNXM
Co. Waterford Farm Relief Services Ltd,ChIJwf1YXZUgQ0gR_RVDTPfGLiY
Walsh Park,ChIJD_FhxSLEQkgRnYFgfxHieVE
Waterford Gallery of Art,ChIJjZh0a_rHQkgRtSXhNHlDpNc
Waterford Golf Club (Kilkenny),ChIJG80Z9IZqXEgRGHFtRlisCw8
Dr Enda Sheehan,ChIJpQGj4J3GQkgRp2QNhsqGZAk
Waterford Greenway| Dungarvan Bike Hire & Cycle Tours,ChIJT2PM-iMYQ0gR7NmUfToC-N4
Waterford Greenway Bike Hire Union Workhouse Kilmacthomas,ChIJv7mzhEffQkgRH8ECEkxhdkQ
Waterford Gymnastics,ChIJC4AQIXTEQkgR-LFxfHTIIdE
Waterford Harley-Davidson,ChIJuVO3kqDGQkgRMn0pFCXYXIo
Harvest Festival 8th - 10th of September 2023,ChIJw6svKJrGQkgRyf5ZBroUFRw
Réalta/ Waterford Healing Arts,ChIJxUiiKcTGQkgRveYxQJoKVN8
Waterford Hearing Services,ChIJU5hSzZ3GQkgRaiKIuNVXPeY
Waterford Heritage Services,ChIJLcUDfhjEQkgRI-nDJj1U3yM
Dungarvan Hockey Club,ChIJDY5ktiwZQ0gR835m3gksAfk
Waterford Home Rentals,ChIJZ2FuyJ7GQkgRRFAUjT9-UQc
Waterford Hypnotherapy,ChIJT_xoFabGQkgR3Cq_ht_TYzI
Clonmel Youth Information Centre,ChIJq1shG-8xQ0gRUERlkHUzI_s
Waterford Insulation,ChIJwTaiSHTEQkgRIxorlXDqIZE
Waterford Integration Services,ChIJ3Wy6cNfHQkgRDlPKlebSEuw
Waterford International Organ Festival,ChIJy0DbSZrHQkgRmd5-ycLKuTk
Waterford International Music Festival,ChIJ8UjjKprGQkgReIYp2RoqWus
Waterford Greyfriars (ruined friary & church),ChIJPxHjM5rGQkgREPhAxn8n7zY
Waterford Wedding & Party DJ Hire,ChIJsYyqEhjEQkgRvhgG12-E48E
Waterford Joinery Limited,ChIJsZaOIYoXQ0gR8n5zCvQuZBc
Waterford Kinesiology,ChIJ1WXd5PvFQkgRvelPrOglQ8E
Gaultier GAA Club,ChIJY-Y0fhfAQkgRjKjRkdiOK5M
Waterford City and County Libraries Central Library,ChIJdx7HHJzGQkgR6V1WQJC2mZo
St. Nicholas Catholic Church,ChIJq0Lotv7WQkgRGNnBl859D64
LuXury Crystal Ireland,ChIJR1GZ2SEYQ0gRZ4FaydcJEBU
Waterford Marina Hotel,ChIJnxLX2JnGQkgRwyTPw29jiU0
Waterford Marine Search and Rescue,ChIJtfwZopfGQkgRSEHxpHBkh1M
The Medical Center,ChIJG5uYQRPEQkgRovbzFj842WQ
Waterford Motor Village (SsangYong Sales & Aftersales),ChIJO-akuGXEQkgRTAkdpww-auY
Waterford Muay Thai,ChIJMxyiLg7EQkgRmjbV0or3s2c
Waterford County Museum,ChIJ6_A20yYYQ0gRjBt5iyxX_MY
Waterford One World Centre,ChIJiZMZRZnGQkgRVd68q94K9L8
Dr. Derek A Sheils,ChIJd57_AJ3GQkgR1u_bwUu7Tag
Waterford Oysters (Meitheal Tra Na Rinne Teoranta),ChIJA6v6WpQZQ0gRwBhhLqg7n6A
Waterford Periodontics,ChIJUdbGKmjEQkgR--VMbYS8IZY
Waterford Pet Supplies,ChIJwcd9BxHbQkgR4pNPc5WJr8s
Waterford Physiotherapy & Sports Injury Clinic,ChIJP91dccfGQkgRzAmvXGHVsFU
Waterford Chartered Physiotherapy Clinic,ChIJixtsnrfGQkgRWsVbZPQxr94
Waterford Monthly Meeting of the Religious Society of Friends in Ireland (Quakers),ChIJR5nK-LzGQkgRf78cg-nHEmI
Waterford Raceway,ChIJsbTmI54jQ0gRtc8f81ZmUfg
Waterford Retail Park,ChIJox6NJ4rEQkgRCRJJqGha3_Q
Waterford Roofing,ChIJsZLmE0rFQkgRsAb3ze2LFCc
Waterford Shopping Centre Lisduggan,ChIJ55xE4qbDQkgR7Uh35a7dgQU
Waterford Sitters,ChIJSY2HbmLDQkgR11T_1BLf68s
Waterford Chamber Skillnet,ChIJu7fYHGzHQkgRwA-g7KrWVxI
Waterford Skin and Laser Clinic,ChIJo4beCh3FQkgRUsXPtM5WMcY
Friends of the Earth Skip Hire,ChIJTfqFMHXEQkgRC0h9jTRCWPg
WSPCA CHARITY SHOP,ChIJ6c94VyTEQkgRN4ybY-fwjUA
Waterford Sports Partnership,ChIJ0-QFTCAYQ0gRxVr14lJytzc
Waterford Stanley,ChIJSyZsmWXEQkgR_0ntTcTtIN0
Waterford Stoves & Fireplaces,ChIJmxQhhyfEQkgRuNaiZRIcAZc
Waterford Taxis,ChIJNVAQDZ_GQkgRdj-xSqPt2lA
Waterford Thai Takeaway,ChIJuXYcfoHHQkgRaDqG9RbD-_E
Waterford Traveller CDP,ChIJ2V4d23LEQkgRNhz-8gliEeU
Waterford Treasures: The Bishop's Palace,ChIJ7dpF2JvGQkgR2LWyOb9hmQE
William Vincent Wallace Plaza,ChIJgUTZTJrGQkgRsbH1g70ht30
House of Waterford,ChIJtRw-Z5nGQkgR9_fr-PePmuY
Waterford Warriors Strength and Conditioning,ChIJj-Rns3XEQkgRrS08mKexGuo
Youthreach Wexford,ChIJq6qqmpkcaEgRM9p4HDShegs
Waterford Whisky,ChIJXQGvdijEQkgRHAhq7DOuJ2c
Waterford Women's Centre,ChIJ2Wj9pJ_GQkgRcOm90F4I2II
Waterford Wood,ChIJV7nd0BISQ0gRjHYHZHzAA9Y
Waterford Youth Arts,ChIJ66MyjSDEQkgRTvKr8kATT9E
Youthreach,ChIJsQ719SfEQkgRpW55G4B48n8
La Jolie Brise,ChIJqR_T1S2jRUgRFIvJlldQC30
Waterfront Bistro,ChIJt-2-VzoGZ0gRaKQ37dnUI0w
Waterfront Dental Centre,ChIJH2tHHZ3TXUgRmh0alrTaXLU
The Waterfront Dingle,ChIJNXyPZ7j7T0gRdhohzRi4zvA
Waterfront Holiday Homes,ChIJk158bbqBXkgRBnW20twmei4
Waterfront Hotel,ChIJv5zDV0RxX0gRPg5LnzrzdYM
Waterfront House & Restaurant,ChIJVbRX3XsxWUgR7ArkCMn5ndA
Waterfront Interiors,ChIJtQ846iY6Z0gRkUtHyhHcczs
The Waterfront B&B,ChIJjy_NQ2qTT0gRaOQjKfpUmN4
Waterfront Rest B&B,ChIJVW4OhkQjWkgRTC1sf4ggpNk
Waterful,ChIJdVOQNf8PZ0gRiUXPiUSio4E
Watergate Medical Centre.,ChIJl370XktbZ0gRYBWnD05bzx0
Watergate Theatre,ChIJqe9V1nU6XUgRdIafssSOMPw
Watergrasshill National School,ChIJvXnSN--eREgR0EJcFYgvOlU
Skehanagh Park,ChIJaz36Y9afREgRsd3fpGESLIw
Waterhousetiles.ie,ChIJQ9J6GpEMZ0gRSPuEVrF1M5g
Waterjet Creations,ChIJL42MbDRIZ0gRFqQ6yXW91Uw
Waterland Private Equity Ireland Limited,ChIJU8EoO0gPZ0gRqxJXAaYXgYY
Water Leaks,ChIJGWkhoanxW0gRp3-maEdRLck
Water Leaks Detection,ChIJd2wy_FiBZ0gRY6TUEXp5388
Waterless Urinals,ChIJOyheJDfoXkgRt00kaNemLLA
Waterlilies,ChIJgyYmUcxdXUgRvB52S1pGLuQ
Ffxfh,ChIJtdmvphsJZ0gRVrt0KyWmu3c
Waterlogic Ireland,ChIJDUEq-qQMZ0gR4onKf3tFPWE
Waterloo Bathrooms Dublin,ChIJK-7tDSEGZ0gR4qsciMCMb14
Waterloo Lodge Townhouse,ChIJDfXIHrwOZ0gREewaFq5cVeU
Waterloo Inn Restaurant,ChIJg3UBdVCRREgRqpJps7tKgSw
Waterloo Townhouse & Suites,ChIJYZliH7wOZ0gRmf0wCX9JdEk
Water Man,ChIJwelcPMh0XEgRk5u7eL2ubV8
Waterman Kelly Consulting Engineers,ChIJ_zxDZuiPREgRW1N0jF3MiVo
Waterman Kelly Consulting Engineers,ChIJIxI-ggWQREgR_93Qci7OZqM
Waterman Printers,ChIJU93dmUmbREgR-FsVB30LLBo
Waterman Tiles Ireland Ltd,ChIJbWwPiuUNZ0gRLGQX4qsqegc
Watermark Coffee,ChIJi938fPN0Z0gR4Ix553DzWt4
Watermark Cards Limited,ChIJlwtdkqgMZ0gR9jWcGQVFo78
Watermark Engineering Limited,ChIJC3P8SE4LZ0gRHRHTYoEe9Q8
Watermarks Pro,ChIJof6qMsKWW0gRBfxRtdp-eCE
Dr Chidley Surgery,ChIJScvrxNB4XUgReqkE7vOZxPg
Waterpark College,ChIJ_a7hh5fGQkgR2yF4kMMf22E
Waterpark National School,ChIJ613fQS_HQkgRyXoSpc6J9NA
Waterpark Rugby Football Club,ChIJ5d0Ty77GQkgRQxv_jJuq7fY
Water Parts Direct,ChIJa7YscsisQkgR5v2vRD8-w_c
Waterpoint Leisure & Sunset Spa,ChIJRdoBKHwxWUgR5Y_Ld-Sv5rM
Galway Protective Coatings,ChIJc46L8jWXW0gR9o-8oquntqM
Waterproof Plumbing Services,ChIJvTGhOf4h-IERZCZDMv4sYwQ
Pottlebane Water Pumps,ChIJj9WWQ__4XUgRn8Q4THh71kg
Water Rock Golf Couse,ChIJuYQR3c9iQ0gRz023RnOKInI
Waters Chromatography Ireland Ltd,ChIJu8ijDtERZ0gRclF45Se0w9k
Water Safety Ireland,ChIJk3tTQ_uWW0gRjI7NZYyU7Do
Waters and Communities Office,0x484331e01c8068b1:0xbaa613d8b1aba57
w a t e r s + w i l d organic perfumery and life store,ChIJE1ddZxesRUgR9oppLwhtvts
Watersave,ChIJWTlZiZBXQ0gR7hzhp9N9eiw
Waters Edge House,ChIJwUkjfLn7T0gRNB0unOtGJF8
WatersEdge Hotel,ChIJOcyZvKODREgRMwQaSkYKxiQ
Watersedge Guesthouse,ChIJ2_8Wa8ZsRUgRThwfWRtW9bU
Waters Edge Studio,ChIJteyhklR1Z0gRJlazEbvo2xc
waterselectric.ie,ChIJ2_fso0mLZ0gRbhsfIuWN_oA
Waters Glass,ChIJbeGobtqPREgRCsxnubh1uCw
Watershed Group,ChIJ_84VC8gMZ0gRdeoL6iqX5Cc
Watershed Studio’s,ChIJObtD6X6XW0gRiVJfsaH9cu8
Waterside B&B Kinsale,ChIJE-wUv-5hREgRtgCOQ2y46Vk
The Waterside B&B,ChIJzQ-rrlN7WUgR9eluV6t9JGM
Waterside Cottages,ChIJtZUzYSaQXEgRlo4leFVZAmI
Waterside Guesthouse,ChIJveYUC4hMXUgRGzB7wVHy9Y4
Waterside Malahide,ChIJqZv2UcoMZ0gRr_lumJmfJZc
Dr.Vincent Brett & Dr.Aideen Brides,ChIJKUGmA0SfYEgR3gfj-afTg7E
The Waterside,ChIJvSeDFzxzZ0gRpY5knCF5oEY
Waterski & Wakeboard Club,ChIJRTr5i9_sREgRFDX7o3Y56VU
Waterspark Engineering,ChIJTyU4Cp9xZ0gRhSccZz9bXYY
Public Drinking Water Station,ChIJybe7gLOFREgRUrDkvJh2Zz4
Waterstone Clinic,ChIJmQgYi2RcW0gRl_IOXX5NeYo
Waterstones,ChIJiSB3wyQ6Z0gRAIVx75wDIfw
Leo Forde Water Services Ltd,ChIJ2VMkYntpZ0gRWEPi80M3X30
VEOLIA WTS Ireland ltd,ChIJsSqI7YddW0gRcmqIA0jaRbs
WATERTECK 2000,ChIJR2t3ZCSAXkgR6RdX4MDUXU0
Water Treatment Ireland,ChIJRfK9vG3xW0gRhouM3rYqtng
Waterview Autos Ltd,ChIJvyFz5dCNW0gRR14f-rTYNP0
Waterville Golf Links,ChIJXU7PMdKNT0gRsTj2wp52k7I
Creche montessori little stars,ChIJPW0eeF8NZ0gRZtGPGKdRLt4
Waterways Catering and Events,ChIJc4cAh3J5Z0gRkqKh0dQqqjs
Waterways Environmental,ChIJWw1WgdwiZ0gRV8jcWyosC28
Roosky Canal Pedestrian Bridge,ChIJtx02T5uBXkgRWagzFKg-nVI
Waterways Ireland,ChIJ660QKLsNZ0gRZUKKmsWC_v0
Waterwell Patio & Paving Centre,ChIJFeYBxyc6Z0gReFLqAU1Axtk
Leo O'Sullivan & Company,ChIJe6QtZXqTREgRXZZ1_4Q_pK0
WaterWipes UC,ChIJBRpK_4E5Z0gR3L_WTlahVe0
Waterworld Dive Centre,ChIJg-Y_zvGsWkgRyoIOC2daAFo
Waterworld Bundoran,ChIJkznT1XL9XkgREkQDdxydrWE
Waterworx Plumbing and Heating Ltd.,ChIJM8yoM4ELZ0gRDWP7NMgAJ3A
Waterzone,ChIJ-wMBQ_FbW0gRqIdvrK5ye0g
Watkins Catering & Foods,ChIJL9ZjEBeQREgREyGsycaVTsQ
Watson Creative,ChIJmfQN-LSXW0gRXCwvIIqOWwM
Watson Hire,ChIJSY1ESRXrX0gRjlosHg0rrA8
Philip Watson ltd,ChIJN9J1HO0aZ0gR0b7ciI78Aw0
WattCharger,ChIJSTWc3H4NZ0gRirgqxNaBlY8
Watters Garden Sheds,ChIJG8AqdAs1Z0gRQ8Quq_IFkqw
James Watters & Co Solicitors,ChIJ76nNry8MZ0gRI9048nbeDvA
Watté Woodwork,ChIJFfIP0Y8VZ0gRq3hlS527dhM
Watt Footprint,ChIJGTS42cjqXUgRNiyRxETa--M
Wattics Energy Management & Air Quality Monitoring Platform,ChIJu0lwjSUJZ0gRukxkNHxjCbw
Teac Watties Bed and Breakfast,ChIJDYi1TdzLXEgRwYoeXbgcRGk
Watts Up Electric,ChIJpVdHeW51Z0gRyHHIGWlshi8
WattsUp Studio & Coaching,ChIJOTs2OctzZ0gREsEkEFrDuQM
Wave Dingle,ChIJY1GCT2f7T0gR3beaZBgOGTc
Wave Gymnastics,ChIJYzYzijMVZ0gRgb1wBgV-ciw
Wave & Cave Clothing,ChIJwbehN-GPREgRjy4et_5562Y
Waveboosters Ireland,ChIJGe1TnIoJZ0gRXrqILxJu6CU
Wavebreak Media,ChIJWw9X2A6SREgRzd3mGOiicUI
Wavecrest Technology,ChIJAQBM0ZkOZ0gRkPCHlfjsGuo
Wave Crest Caravan Park,ChIJ7fX7EaiIT0gR2YPc6Dh8uZA
Wavefarm Podcasts,ChIJjW5XZEIHZ0gR-_EcFVrafSc
Waveform Studios,ChIJS5Dsx5kOZ0gRPtpARlJWPxs
Waveguide,ChIJIQyXeUYFZ0gRg4O-2uSD76U
WAVE IT,ChIJRYbdKgaQREgR7EqbrRGaeTc
Wavelength Web Design,ChIJ_VC8_puxQkgRRP-EGz1Eaio
Wavemaker,ChIJaTFBy5kOZ0gRToSNKJinJg0
Wave Media Communications,ChIJ30NUHU8NZ0gR03l9StBuHT0
Wild Atlantic Waves Media,ChIJ1SZdXXRJRUgRVAXp1scG-fw
Waves Therapy,ChIJNa5iQ0cVZ0gRXJrP1qbsqKs
Wavesweeper Sea Adventures,ChIJ1fG7ZUSoWUgREG83lccMDAQ
Waves Wellbeing,ChIJ8w9NTREbZ0gRBzC2SLHl_UQ
Wavetable,ChIJTX7L9f0PZ0gR5Xy0PFTb72o
Waveworld,chijf2xge-oyq0grn24m3k1zg9q
Wavin Ireland Ltd.,ChIJj_8NY-oiZ0gRzE1mcrykHsk
Western Audio Visual Solution (WAVS),ChIJ4VU-FfFNWUgRjld_XvgmdGI
wawets,ChIJVVozvtdNW0gRBp3RX5Qufeg
Wild Atlantic Walking Tours,ChIJyRYrDC4TRUgRVPxt8Zje_Jk
Wax Tech Male Waxing,ChIJDSbh69eTX0gRImoKZ0NR0m0
Waxapeel Dundrum,ChIJ27vChGcJZ0gRKJXUcX9EE1w
Wax & Beauty,ChIJv_PRagAVZ0gRcJnYL_900sc
Wax Central Cork,chij6sjffuyfregrr3qb9sx9uu4
Wonderful Waxing Beautique,ChIJncEJBH6oZ0gRK2P596Sg7JA
Waxing Men's Zone,ChIJnyiFseWXW0gRN2RpIeR5ATc
Wax It Lounge,ChIJxxA90jSvZ0gRK-Vpz-2ruic
Wax melts by betty,ChIJ2Qy7ck8JZ0gRu3KyaU8QOnU
The National Wax Museum Plus,ChIJR9mP8ScMZ0gRZBrWwuS3qPg
Waxon Surfboards,ChIJ79iCdufnXkgRXnkPDfcXWWU
Waxperts,ChIJ61Hy9yMGZ0gRIx1MgI0go2U
Waxperts Academy,ChIJOeS0uSYGZ0gR2VOyXQu-C18
Waxquisite,ChIJCUKhM9mvZ0gRYe1yadri7Cw
Waxworks,ChIJnWM6n2ZcW0gRcPgrmmzoI_w
Way Ahead Therapy,ChIJEXrHn8wJZ0gRe0JR-NyYYUo
Wayback Burgers,ChIJU75y-q0NZ0gRTCdhq2ozqIs
Wayfair - Galway Office,ChIJrz1znseWW0gRrvMGlSyhAfs
WayFiit Personal Trainer Galway,ChIJlSN1y_GFW0gRLM_r-T_SLpo
Wayfinders,ChIJK4UQWk4FZ0gR5x0SxGlU9So
Wayfinding with Wen,ChIJe189ZTgsXw8RNMWhJxOl5_o
Waylon & Flo | Children’s Career Themed Pyjamas,ChIJodS0KrtiqGUR2agA4z7vPzM
Wayne Elliott,ChIJWRRGnzYMZ0gRJkxlSdipyUA
Wayne Hunt Homeopathy,ChIJj_xlf-2PXkgRqelA_yM1v48
Wayne Lloyd Hair,ChIJO8CDofuhRUgRDTYmXhF5wfk
Wayne O'Callaghan Golf Academy,ChIJGzkrjt6FREgRS_tfoQtNado
Waynua formerly CallPageBoy Call Centre,ChIJpcvWVUoLZ0gRdiDam7NkeeU
Waypoint Financial Planning,ChIJuxqJpxZwZ0gRyYFnrRfG414
Waypoint Leasing Ireland LTD.,ChIJNWHD22NcW0gRTf_rcmak8XY
Wayside Guesthouse,ChIJoaEHPxA8RUgRlNYDpkJFL8Q
Wayside FC Jackson Park,ChIJgeMnq9IJZ0gRVmKVtwFmBbM
Waystone,ChIJxw5lwNzLXEgR9GyxYOVmNNQ
w,ChIJd7aXJxMPZ0gRuROKDJrsqOw
Wayworks Development Ltd,ChIJP-CUeUYFZ0gRLOUUefRoSkw
WAZP,ChIJ22HDHSI1RUgRRsvvz-Mfl9A
William Bates Painting,ChIJJ37hf88LZ0gRNxjE5dTKLCM
WBC Civils and Drainage,ChIJ4dW8kAk7Z0gRHxHtKxy4hq4
William Byrne & Co Ltd,ChIJzzVrnKEMZ0gRA93qMNWktas
WBD Farm Machinery Limited,ChIJqZ148hgXZ0gREGKN0FZX3rw
W Beauty Swords,ChIJVY8Fs_EQZ0gR3TAhNX5ZAys
Waterford Business Machines,ChIJTVN7M5_GQkgRSdejkcWyZF0
WB's Coffee House,ChIJ5R0wMTToXkgR4dEzc3ihWKk
Woodstown Bay Shellfish Limited,ChIJeStGe6_qQkgRDrqwEkg7rK8
Wheelie Bin Storage Ireland Ltd,ChIJMe9Drw4LZ0gRBvCctMOcU98
WBW - T and S Wine and Beer Wholesaler Limited,ChIJcSa2WyINZ0gRhtPYqD7XdSU
W. Byrne Transport Ltd,ChIJHRNBNjPWXEgRoQJKgfao7WM
WCA Architects & Designers,ChIJncIE5NoQZ0gREtflCfo2Mbc
WC Agri Plant,ChIJCacHZwOgXUgR3cjTLr9ku7I
Waterloo Chartered Building Surveyors and Project Managers,ChIJaWR0mb4OZ0gR2fq2vboHSZU
Wicklow County Childcare Committee,ChIJO0BdtsywZ0gR6oCl3a377aA
West Cork Crisis Pregnancy Counselling Service,ChIJ11JJ-l0BRUgRxNIqkcUDh_c
WCDMUN,ChIJMQuBTqgJZ0gRmjDSzxJLzI4
West Cork Development Partnership Ltd.,ChIJU_YV26lXREgRN2xctE3oXmw
West Cork Electrical Wholesale Co. Ltd.,ChIJW1cM9b5WREgRtbfhsCXujBA
Waterford College of Further Education,ChIJo8_ySpnGQkgRvA6-Eqjl2vA
Walsh Construction Group,ChIJvRxrny70REgRbKer0vTpJCA
WCI - Wheelchair Cars Ireland,ChIJj5pZ8ndKXEgRRN_digN9PHg
West City Kennels & Cattery,ChIJIVdNsYN0Z0gRxqyyLSzkd8c
World Class Solutions,ChIJgQlTwduFREgRM41kOLgEJF8
Waterford City Local Employment Service,ChIJA9KIhh7EQkgRaPIowygL0e4
Waterford Centre of Music,ChIJyyV0HifEQkgR0GNK1Pw0ScY
West Cork Motor Cycle Club,ChIJGRFiGBf5REgRhntQN348Mk0
W. C. O Brien Sign And Print,ChIJgxu8vNwNZ0gRkOmibps0vTA
Williams Concrete Products,ChIJXUJubJhtW0gR_s8iAu9tRgY
West Coast Property Management,ChIJYfapr_uWW0gRqyvoFjCzF0Q
Clearwater Compliance Limited,ChIJ68J2spyvXUgRZ77rMJPeBbM
Worldwide Composite Services,ChIJPXEjd-1BW0gRCCwXu7MH_Hg
West cork trailers,ChIJLwvvor9XREgR1nrOxOd_Y7k
White Concrete Works,ChIJ3Yl36d9RXEgRSGSbs4mqZ7c
Whelan Dowling & Associates,ChIJ07vgDuERZ0gRuwpkbRqMbcc
Window & Door Accessories Limited,ChIJ7ZGHQOcPZ0gRsE8mhGTb8lU
Wave Dynamics,ChIJDTg9gWHnZ0gRRZMz52_iDUc
WD furniture & design ltd,chijizkyxx8sz0grtjycrj1gexu
Walsh Design Group,ChIJIQQtlORhREgReZGeiQChBdw
W Display,ChIJ3Wc073AMZ0gRe_y9kCJGtSc
WD Transport Logistics Solutions,ChIJDX7jbeBsW0gRUiFGVcoYAno
WD Mastic Sealants,ChIJr3uGonwFZ0gRT9A8IuL_W3I
O'Connell Whiskey Merchants,0x4842df4323c65d89:0x7281b1c4b68bd361
William Doyle Funeral Home,ChIJzz0wNQivZ0gRsRdffKHpNyc
wdp.ie,ChIJjR6e7rwMZ0gRyzgNCLIkC4M
WD Plumbing & Heating,ChIJq1IKAAZ1Z0gRDturDHYPI2I
Well Done Renovations,ChIJkcBdhRmbREgR06XYMHe4q6k
Wendy Doyle Solicitors,ChIJj1zDf5cOZ0gRtxZZz4s7M3w
WD Training Centre,ChIJWQZ_j4MSZ0gRGP7dk-5en6A
WE Element Ltd,ChIJAYr5vuzRXUgRWWvffaso4X0
Dr We Fong Siah - Eye Specialist,ChIJIzMUA6QPZ0gRT-sUtagwvjY
we.trade,ChIJoxEEadoPZ0gRxxNIdOzU3Go
WeAdventure,ChIJh7pdDu_HQkgRAoZg5P5W_lA
Weafer Interiors,ChIJFcSxPgJ0Z0gRJ2gQxYsL9Mo
We All Shine Fashion and Jewellery,ChIJkwq3ShwLRUgRw6Z0Mq2j2Sc
Wealth Alliance,ChIJxdZuhPgQZ0gRYc2MQPQUDTY
Andrew Johnston Wealth Management Limited,ChIJkYD5uMywZ0gRVUUT3QTopSg
Wealth Options Limited,ChIJ7XdH2Nx4Z0gRuRDWlD8mmm4
WealthPlan,ChIJ85NSD2E7Z0gRa7Rc5_XO9j8
Wealth Ways,ChIJCc_tf39lWUgRqAcYdn653wU
Wealthwise Financial Planning,ChIJhwVjG6uFXkgRZPp7hZZn8vM
Weardrobe Boutique,ChIJzw0uZns1RUgRN0St27nkxeo
Artisan,ChIJsfHgr_USZ0gRKpknBg6RH30
.IE,ChIJE00YtCMGZ0gRj6PFVY1BSqE
Industry & Co - Kids (Barn),ChIJUaF88ZwOZ0gRqJdgDyde2x0
Beloved,ChIJ6YbRXwsJZ0gRtqNo00KTXTk
Brandbuilders,ChIJK8fCxbsFaEgR2Rv2nnXcjuw
Camden Bites and Brews,ChIJqcChw58OZ0gRLXxEBHLAGis
Canteen,ChIJN8gThmNcW0gRW-YK0c7Zu1o
Catalyst Media Group,ChIJbYRvL5UPZ0gRmzxFlNqSh9g
we are CELLIX,ChIJJcK_b5YMZ0gRdeGRDep1oP0
Continuum,ChIJ4SrrqFgOZ0gRHQx8e2oyTm0
Connect Transform Sustain Ireland,ChIJcz_1wVQXZ0gRjcuEHxa7fng
We Are Defiant | Video Production Dublin,ChIJ79G99C4RZ0gREpKlVDTHQeI
Designgoat Studio Ltd.,ChIJzcUTxCMMZ0gRUYweP5zgYfI
Dubh,ChIJaeS-wuN_XUgR7hrS5ZCRvD8
We Are DublinTown,ChIJp2GK3oQOZ0gRRc9aSkkNk0E
Everise,ChIJp29I64xdW0gRxe5zFjXjh8M
Expectation Church,ChIJNcZvUf5zZ0gRhbqE2FkPfQo
Fearless Youth Organisation,ChIJpzEaAHwJZ0gRsp0daXSbuj0
Female Boutique,ChIJN82QhR3AXUgRYet-S2vIorM
FENIX INCENSE,ChIJCbKfEQkMZ0gROb1y9ZCU8Fk
Fortunata,ChIJJxE6PjF5XEgR3VFq_i0G0hY
Homes for Students Aspen,ChIJkxOMo7MPZ0gR6fv9R_lmEbU
Human Digital,ChIJo_1FTRcMZ0gR7_DFLDnrcFs
Human Collective,ChIJa2EXQPdzsEoRmUXwhV9Dnyo
Infinity Recovery Room,ChIJIREcnFBxZ0gRaZ7jWxGDK_0
Layer,ChIJKRT9wNIPZ0gRw6QUs64h-nk
Weareliverpool,ChIJU1MklhxL7WMRSFHak2n-U1Y
Lost Studios,ChIJS9OAFt5BW0gR7irt94JZQps
Lyreco Ireland Ltd,ChIJ-063o7cMZ0gR2UNZDI7Zj5k
Makedot Ltd.,ChIJOWUMk6CaREgR2cKETWOQanI
MCI Ireland,ChIJI1_yHiUGZ0gRYUX_Eh0t3Zk
Modern Legacy,ChIJ2c5FTROpZ0gRu3agflBGu9o
Moose,ChIJr07_bciWW0gRPOCgg-rooWk
Offspring Garden Cafe,ChIJ8xSRApVtW0gRrtsXP7AqzhQ
One Pilates,ChIJKV5cYVOnZ0gRGJ_WUbLYC7o
Open Design and Digital,ChIJmxSePyUMZ0gRZhUi1zxJuSA
Pivotal (Cash in Transit Solutions) Dublin,ChIJPcPQEmgRZ0gR-ociJ7w__8Y
Prodigy,ChIJXfPF6kwPXkgRJl70PXsPfFg
Propel Display,ChIJ3yZreMAMZ0gRfmj6m0NsP5g
We Are Riley,ChIJKziyp3eRREgRSlDM6uEjT74
shareclub,ChIJ-0eJk5ANZ0gRW-icxVgkFuk
Threesixty,ChIJ15QD1UhIXUgRfN9-nz2LZDA
Wildflower,ChIJ02sugKYOZ0gRaJwIK3rXCWU
Wild Folk,ChIJKUTvIFxdW0gRJxBtI0V2vQQ
Fianna,ChIJ_dHEM2UPZ0gRF06GOiPg2y4
Wear Group (Ireland) Limited,ChIJl47O415WZ0gR385irdd3sWs
We As One - Wedding Videographer Cork,ChIJvX_uxeKPREgR-5qcoxVm47s
Weatherbys Ireland GSB Ltd,ChIJDxQkH5R4Z0gRCQgkb0BWrIo
Weatherglaze Systems LTD,ChIJ0Stt3LPnZ0gRUf0aPxvU5l0
Weatherglaze Windows,ChIJGQ2OrBkFXUgRtfQ3pKj8tWA
Weathermaster Ltd,ChIJEasgkLMBRUgR52wnL0yySHA
Weathermaster Kerry Limited,ChIJTagPfbs1RUgRj1aR_Zw2xjE
Weatherproof Roofing & Guttering,ChIJZx-eYJp1Z0gRpgxO_tosLJw
Weatherseal Spray Foam Insulation,ChIJIVCKMEh4Z0gRBjPT67OJ-vE
Weather Seam Ltd,ChIJn3xtq-ePREgRXoHZTlU7-F0
Weathershield,ChIJVfpmblavZ0gRygHUA7zJjQg
Weather Smart Roofing Ltd,ChIJ_-8wAuZj8iURfljFbau7TVQ
Weavers of Ireland Galway,ChIJYbP9OJ-XW0gRX7uh_fci0v8
Web Care,ChIJHwnyfycNXUgRp3564xNtefU
Web Designers Dublin,ChIJW6qf3s9tZ0gRWp1uRg9Ih3U
Web Essentials,ChIJ8Yn4x73Xc08RKSv_sJ-wPQA
Creative Computer Lab,ChIJ64W7MaqCW0gR77fRoW9ssPE
Kevin Lynch Neuromuscular Therapy,ChIJY94NxwDRWkgRlHUXugpbSRc
Web3 education and WordPress sites building,ChIJDztKoJQ7Z0gR8d415X6XV1c
Documation Limited,ChIJXXdbJcl0Z0gRnV5c0wH5pXM
web7,ChIJKc9iCmNcW0gRj7cOsVewBcY
Ace Auto Recovery,ChIJjz3_h790Z0gRM7vtoqEVyP8
Web and SEO solutions,ChIJ8Sp3Rk1rZ0gRhpiyJ82h_zg
Webangel,ChIJ9zfpjhh0Z0gRTvUwW92LWik
WebAppDev,ChIJEV0gMEgLZ0gRonE_mzjq9HM
Webaria - Digital Marketing Agency Ireland,chijdtif870pz0gruvk0_umsrhu
WebArt Ltd,ChIJXzr9UU7mZ0gR6b1kCTA8Nvo
WEBARTIX,ChIJjySu5yJyZ0gRTmIg1abqRh4
Emma Webb Design,ChIJgUdxzEoGZ0gRWojg3iv4x78
Webb Roller Door Company,ChIJn-RJslGLREgRteWZYJml0m0
The Webbery,ChIJeTD6gyCEX0gRFO_7shpMfIY
Webbiz,ChIJnbs7AP4JZ0gRHsM17VWKY3Q
Webbiz digital agency,ChIJF8eWZYQJZ0gRIGjoYc9qI1k
Webb Motors,ChIJHf0XlD8MZ0gRmdJBnqCzSr0
Webboss Digital,ChIJ636zMEWHW0gRKOJe7DM74Jg
Web Brewery,ChIJ3WogDMWRXUgRAXpF-uMzz_Y
Web Bridge,ChIJP9fvP9APZ0gRdril2CJQDuM
Webbs Auto body Repairs,0x48670b2c770e8c05:0x915f8a7366860066
WebBuddy,ChIJl1z0z5V4Z0gRGL1L7ntOOXg
WebBuilder,ChIJV2qBrXMPXkgRDJixLCmB05s
WebBuildIreland,ChIJx1d2vwLAXUgRZpCrLcfwTnk
WebCard Technologies and Consulting,ChIJsXi7jq52Z0gR-WfqkHdEMPI
Webcarryon,ChIJoy6q8rF0Z0gRyTLOW4oP2HI
Web Choice Tech,ChIJjVrYpEr7o6MRvbxUTXPMXVg
WebCloud,ChIJA_UCvDkJZ0gRuA2LZstIANk
WebCom Ireland Limited,ChIJB1GE-z2mZ0gRY2N8-jxmaIc
Web Consulting Agency,ChIJy5cNJSYNZ0gRW__5PeEJHz4
Conversion,ChIJ6YAU0SYRZ0gRFiMpyglDAzc
Web Depot,ChIJDTQzh2GmqC4RxsC-4fo3rwA
Web Design Cork - Free SEO Advice,ChIJBVkQyuRhREgRkz1n_6dMAos
WebDesign.ie - Web Design Galway,ChIJsc1pKqWRW0gRtq_A291DYsk
Ngalinda,ChIJk3CqRRYMZ0gR9Y3K3rVh8Ec
Web Design Agency Dublin,ChIJBzYUmcF1Z0gRC88ahokRPd0
Web Design And Digital - Website Design Specialists Ireland,ChIJD-nCvuUPZ0gRyRop2R1mFtM
Websites By Rose | Website Design,ChIJF0zJARPRv0wRMonojNVvmpc
Web Design Carlow,ChIJ2djeZ69FXUgR_pW8gWZJXwI
Web Design Cork,ChIJoxB7Wt-EREgRsCOOESh9qoU
Web Design Eire,ChIJ_0O2ardtZ0gR_Lb1k72zHuY
Web Design,ChIJB99GnfqKqQQRa_zT2Khv6WA
OnTheWeb,ChIJXffGMpWWW0gRMMVExa7h7ZQ
Web Design in Dublin,ChIJT8QdIMkPZ0gROByfbzOHxug
WEB DESIGN IRELAND (WDI),ChIJDTcIj58aZ0gRuAnNiDx4i08
Web Design Leitrim,ChIJFQhRQ5yGXkgRocvohLJG9MA
Web Design Limerick AGENCY,ChIJCZn1d3VdW0gRLOBivpveDYA
Web Design Louth,ChIJTTySIm05Z0gRxwsNidVkVsk
Web Design SEO,ChIJ3fidNvR1Z0gRofkftaOmS98
webdsignmayo,ChIJ-YSVCztdWUgRhPsvT5_BD00
WebDesignStudio,ChIJfapvNZrGQkgRhxsrEj6IcXg
Web Design Waterford,ChIJ468V9J4wXUgRQxfAWKYoPI4
Web Development Services Athlone,ChIJGdVcvfRIXEgRXeHok24TqdU
WebDevBuilders Ltd,ChIJP2IvaZZdW0gRsWHmRh17I8s
WebDog,ChIJB9fFbsmaREgRsS0Cxicjo3Y
Weber Packaging Solutions Ireland,ChIJx1N8qCb-Z0gROxNaO9TRG94
Weber Shandwick Limited,ChIJhxXCH5gOZ0gRo4_ImvKZpg8
Webfios Limited,ChIJu-RewokIZ0gR3dmRkOL-LAA
webfolk,ChIJTTLdEIzLQkgRcslilRTHID4
Webforge Web Design Solutions,ChIJHSL89DhlXkgRaJ4MtgbQvtk
Web Front,ChIJL2ub4NcTZ0gRiCva8T92ObY
Webgas,ChIJRTErBMkPZ0gRH3xdj_T7yYw
WEBIE - Web Design,ChIJ8RD3B5PGQkgR8id9_lLffLw
Webiket Research and Development Office,ChIJkX4RvfSWW0gRCpzmrwxvr2w
Webio Ltd,ChIJm-x5bVYPZ0gRhU3bE1ZPzTk
webireland,ChIJLcpMBd0LZ0gRif0mxz14of8
Webitsols,ChIJL6_96rZ4Z0gR1sHQYUiOBhE
Webiwant,ChIJzfrWwCUMZ0gRJLBdRMgleYI
Webjuice - SEO Dublin,ChIJByqtQFAOZ0gRd2eRLOVojcM
Web Kart (Website Designers),ChIJl-Jl_h9yZ0gRj7XT8StB4JY
Webket limited,ChIJ94EAse0TZ0gRR1XjdM0e9a0
Weblink Solutions TIPPERARY,ChIJdek6pt3LXEgRJ2__14ioFxI
Webliveview Ltd,ChIJEaFluBoNZ0gRX61L9vdfba8
Weblogic,ChIJabcCKDenZ0gRGoqhtKkCjH8
webmakers | web design agency,ChIJA2aeTFJbZ0gR9LFN1MX6fN8
Wordpress Website Maintenance & Management Services Dublin,0x48670e54949c773f:0x709885a6c5f1259d
WebMarket,ChIJYY2oJEIbaEgRvm-UFj5VnbY
Webmaster.ie,ChIJn9DBYJcOZ0gRRyBV3fRGEJc
WebMe,ChIJK6Tv75SWXEgRJK7rg0J8-aY
WebMechanic - Seo & Web Design Services,ChIJnRx8Ug_9XkgRdbU5Smzytbo
Webmill Mountmellick,0x485d0bacec727bd9:0x2473375fa352de04
Web of Life Art Therapy,ChIJhzPPwysJZ0gRGx7oqYtxdhY
Pearls Chinese Restaurant,ChIJ8QgrEeMxQ0gRKvRfFWsGGAc
Web Page Core,ChIJH-HbE_cJZ0gRottg8qgIvUc
The Web Page Design Company,ChIJq6rWWwkJZ0gReympbWh3cgQ
WebPanel,chijlxeuq4n1z0gr_mn19fkrh84
Webprint,ChIJxa1FdSmFREgROcgBclmBjhw
WebPro Ventures Marketing Agency Ireland,ChIJ-STeXz5vFUoR0FUmuv89Axk
Webrandz Media Group Ltd,ChIJyYC7rB8JZ0gRct_CFCk76tY
Web Results,ChIJz0kZYecLZ0gRrohh-t8bcU8
Websales Internet Consultants,ChIJu67h1ucNZ0gRhC4qeQHZFJQ
Web Sales Promotion,ChIJ7eXpyQ-WXUgRp6Piao4i8c8
Webscience Ltd,ChIJZQkklCMMZ0gRhYGQD4WMBhM
Webs Elite,ChIJoVZ_-F1dXUgRw4ZxXMNJyG0
WebSell,ChIJsXSj-y2RREgRLleB4p614uM
WebSell,ChIJecZNR8mRREgRIeoRbckUipI
Vanderwindt Packaging,ChIJyfUh93qQREgRNPIaAFA9SMc
Golden Massage,ChIJK1EWChkMZ0gRK3fUOqKNEVU
Antichi Sapori,ChIJr8vD7JvGQkgR3bNryHfZwVI
Beauty LAB Mullingar,ChIJCdA2UGTrXUgRdzlx0qEjARs
Faded Barbershop,ChIJsw9d312zYEgRhJlZpUh9Vng
Lucky Barber Shop,chij-3tpwumnz0grcfoiwamq-xc
Alex’s barber shop,ChIJFXLpP2ELZ0gRuPvGZYfyssU
Studio one,ChIJI-hMvPNrZ0gRXW5xNCfq3_Y
Gift Box,ChIJsYhoPOMLZ0gRmvf1BtZLfxs
Tonys Barber Shop,chijosefjxdnxugrtaj5u5rbrge
Thrive Fitness,chijyw2t38kzxegrhtiq3k5jv-w
The Terrace,ChIJLTgLDQSoW0gR1Fc4M0NBQY8
Replacement car Keys,ChIJ51Z3j1cNXEgRCjxJsW2xAH0
Deluxe Nails,ChIJ34GAf0qPREgRYDT9dIwq830
La Fromagerie,ChIJsTfLe2ZcW0gRoUzf8fkcTuM
The Computer Store,ChIJUbnGm6uFXkgRpaq5EZOKqrs
Roots Hair Salon,chijsdmqjmrrxegrpg1e-qd5wxs
The Coffee Shack Drive Thru,ChIJc2YTnr5dWUgRELYDDYry2zI
Alex’s barber shop,chijeerpbrmnz0grbtr0cqxxmre
New Peking,ChIJVT-OHVsaX0gR-Hq_-wcqqRI
Blades Barber Shop,ChIJEbTX6uL1XUgRB8n3hqeRqTg
House of Beauty,ChIJ55mlLl4dXEgRsOKNjvOwne0
Website Content Writer - Seo Services Dublin,chijds6j_lolz0gr_bqwyfrwczg
Website Design Agency Dublin - CK Website Design,ChIJgavQBDsMZ0gRu5lhyYH8u9Q
Ohana cafe,ChIJB68ecqMbaEgRyy4XTs3A8XY
Website 365,ChIJwwhtwjMPZ0gRm5y-46edqD0
Website4Business,ChIJCSiojouZXkgRm6IPkxU_igQ
Dublin Web Design Agency | Website4U,ChIJVfvKYyUNZ0gR9aGHldF3oP8
Website Builder Cork,ChIJeXZkSG-RREgRYTm1i7SY8Sw
Website Design Ireland,ChIJUzThJ3mk5yMRUGlcC9nssXY
Website Design Studio,ChIJWdVf42La7w0Rivpq4vAg4xY
Website Hosting Ireland,ChIJocC71pNv5iwRiNLPsBSHMi8
Website Maintenance,ChIJI2Ao6UuxQkgRnuD62AJOmTw
Websites Ireland ICCM,ChIJD5pjVvUAaEgRJiqLoWr-xrs
Word Press Web Design Woo-Commerce Shop-ify Presta Shop Developer,chijdfrazdhzz0grqg90vglhz3m
WEBSITE SOLUTIONS,ChIJd-VIHgzAXUgRz55rCIId3Tg
WebsitesRus | Web Design Dublin,chijfyqhzzp4z0grvf69cdgabv8
Website Store,ChIJq60oyOVWQ0gRnEGdMzcqyfc
Websoft Technologies LTD,ChIJg2bkjd0iZ0gR54x4h0UVnKA
Webspring Design,ChIJ-aWXnwibREgR1seP4G0RZXQ
WebStar,ChIJR17oO2fHQkgRYQJsBYevGts
Webster Photography,ChIJNSnadGUFZ0gR8yCrV0OWZqM
Webstop,ChIJn7YFpLFxZ0gRkT8PKhmj2f8
WebStudio,ChIJ_f8-JDcHZ0gRAmJJNvYOMYY
Web Studio Guys,ChIJb7IQ-sdrZ0gRtKd170gR16M
Web Summit HQ,ChIJIZtKJ_4LZ0gRNAVKto3hrPM
WEBSURE,ChIJTzfjyd8PZ0gRkeVNWlOtLnI
Webswing,ChIJj5h_FAkHZ0gRkc8TjU8vLH0
Web Design Digital,ChIJcX8lOwkLZ0gRGn5xTdqsG8k
Webtech Irl,ChIJ37vv2z2SXEgRUFkNykXqxoY
Web Tech Specialists Ltd.,ChIJueWTUUltZ0gRy2YyfqKzrLw
WEBTEXT,ChIJDfqJt6KXW0gRKFcjGh0oZ9Y
Webtown,ChIJdTxpsjTrX0gRjb8myvV1aAs
Webtronic - Web & App Development,ChIJxaeFEFABaEgR5tqQZT3PuWo
Web Trust Development,ChIJc7Edvd7zX0gRFfzB-XO3nF0
Web Up,ChIJJ2mWLkoNZ0gReKxncwY5nSU
Webuyanyphone.ie,ChIJR2crYFGXW0gRHbp7J1_h3qc
We Buy Any Vehicle,ChIJtZixZdQPZ0gRht1yc0_aPJc
WeBuyAnyWheel,ChIJ67215rUNZ0gRwHIMQztcMDI
We Buy Used Clothing,ChIJefHu7CJyZ0gRgGQcQDU7Udo
We Buy Mobility Scooters,ChIJVVNP3KSBZ0gR3Jma-mZeeq0
Web Watchdog Ireland,ChIJbfgszD8SXkgRgOK-gKxjaAQ
WebWeave Studios,ChIJ02PwMdUPZ0gRjGMpgHHfQKQ
Webwines.ie,ChIJfyrUl0oHZ0gRb0tOuT0Yv5c
The Webworkhouse,ChIJOcdh4A-QREgRvrr1498XsaE
Webworks,ChIJdZKdP-sNZ0gR6ulU7yrinuo
Web World Data Center,ChIJd8yaL8l0Z0gRenM75KNHZac
webwriter,ChIJL73FCcGWW0gR9eyl90wEDrM
Mona Lisa,ChIJkTeAZvmWW0gRTeV-h_efWgQ
WEBZEN Dublin,ChIJ7SIBDy8MZ0gR_RTu9s8YjPs
WebZolve Marketing,ChIJS6qtl9ltQ0gRcL8cmrJGVgs
Wexford Enterprise Centre,ChIJzemyGHYbaEgRLn4ai5LSV60
We Can Save You Money,ChIJPdLSMIMOZ0gREvuso8LTqgE
We Clean It,ChIJHUd-2cgMZ0gR73gBXo3E6os
TakeStock,ChIJo9qIhZEOZ0gReSDh7i_gZL8
weCRAFT,ChIJx_RxUtc7WkgRK0QC-xeOes0
WeCreate Workspace and Fab Lab,ChIJZdYoAYDyXEgRegcgZ24URJQ
weCreateMedia,ChIJhZtrIrJTXEgR5MuDNkeZ4eo
WED2B Dublin,ChIJeSFlcG8OZ0gRta8N7o3Lmx0
Wed Advisor,ChIJ-4hNhexfZ0gREFUzukj9v-M
W.E.D. Consulting Ltd - Wallace,0x48670ea27c03d74b:0x64c45be3583b024a
Wedding Venue Donegal,ChIJlwQVseTrX0gRGtyprVNrn3g
Wedding Album Boutique,ChIJj0G4sQsMZ0gRkT6w6l3QELI
Wedding Albums,ChIJsz_vwUcLZ0gRDWySe55UTio
Wedding Albums Ireland,ChIJm-8Fcx2LZ0gRPyI-6w_rkgs
Wedding and Event Hire,ChIJLUn9jjhFXUgRTGXe4818eeI
Wedding & Events,ChIJde8xxbWXW0gR-7fvc30yIiY
Wedding Solemniser & Family Celebrant,ChIJwUBfDZMbXUgRZyww47Jx_FA
Wedding & Portrait Studio,ChIJBwv9vzc-XUgRuG1fGqzZPXQ
PCPA Wedding Art,ChIJRXTV0v5wZ0gR06WFPvSOEss
Wedding Bands Ireland The Jukebox Kings,ChIJcVRSl3sLZ0gRVnjwJbskRJ8
Hoppily Ever After - Wedding Beers,ChIJNYCOnmYLZ0gRE7s5N7xf_DQ
Wedding Belles - Bridal Wedding Accessories,ChIJbyrFks16Q0gR8ge2_qepGAI
Wedding Boutique,ChIJg5O-Vz-OW0gR4RF9jq1mN08
Lilies & Pearls Wedding Cakes,ChIJVyX_QgF4W0gRDPLJLSGohpc
WeddingCandles.ie,ChIJWw_71el_XUgRrw4ssrhIlvQ
WeddingCar.ie,ChIJpXt1Z90HaEgRyNaxn7u21Ks
Wedding car Athlone,ChIJO3rkZ61JXEgR6lZOnBZfpDY
Weddingcardsdirect.ie,ChIJdyRHkdLBXkgRdKmJVHCZ7RM
Wedding Car Galway ¦ Ireland,ChIJw9ppKEGOW0gRvcPRi08UboE
Wedding cars and limo hire,ChIJqeI6YVlKZ0gRnDk5JqBuoOQ
Wedding Cars Dublin,ChIJVwGTV3wNZ0gRLcnW_maUz84
Wedding Cars Galway Rolls Royces Limousines,ChIJFTb4V9OWW0gR_m48EqGDWzE
Wedding Caterers,ChIJtY1xQUWTREgR01zr_e-vaFA
Galway Wedding Celebrant,ChIJ4VhOjT6XW0gRcfCLm2cTcp0
Wedding Couture,ChIJOyT_RGrzW0gRCWWtIQdSd4Y
WeddingDates,ChIJNflpDN6RREgRe7AP75gOFho
W,ChIJ0S0l0UQbaEgRIX2YcbGJztE
Wedding Days.ie,0x48679de4550d3d2b:0x1e86ec4dd4e1f717
Wedding Deal Of The Day,ChIJ-5jcT1NoXEgRZOTvycaMslY
Wedding DJ Ireland,ChIJa1iN-unLYEgRbB0dZ8BCQBc
WeddingDress.ie,ChIJKU8W1LoNZ0gRo2diX7Rp9pw
Wedding Dress Ink,ChIJdXiuTtWnZ0gRhpfBHKSI2fM
WeddingDuo.ie | Wedding Ceremony and Drinks Reception music Cork | Piano,a9e9c2761787dfbb4b80587f03cf9b1a
PVP Wedding Films,ChIJ2UhjJrBPW0gRQPgaxKPsjbI
Wedding Flowers By Colette,ChIJlxAO7lI7XUgRNGrCqse9d0c
Josephines Flowers,ChIJN-mLtqp3XUgRAJlubizZ5UI
WeddingInsurance.ie,ChIJ3ZR62AMTZ0gRk_NKV6wkVhc
Wedding Invitation Guru,ChIJmwUmNXt1Z0gREnkZYZIU0lY
Light up Letters & Selfie Mirror & LED dancefloor,ChIJAwBgHzwMZ0gRAD-ttJesUFc
Wedding Lights,ChIJ7zSyob4MZ0gRv2B_Lms-5KE
Makeup Artist Dublin - Lida Hertel,ChIJcWLQBR4MZ0gRl4ebzZILmok
Wedding Moments,ChIJvZphrMXpXkgRsttFReHP2KU
WeddingMovies.ie,ChIJS_EuIKJbZ0gRV8m7DxLEvNM
Deirdre McLaughlin Wedding Singer,ChIJ_blvBhx7f40RYsCZUKY9edc
Wedding Music Duo,ChIJ21tdMkNYXUgRnJDUJ_b_6Gg
Wedding Music Ireland,ChIJ47t-5uupX0gR9VoAoi_eDDI
Wedding photography and video,ChIJ9WH8xFVtZ0gRrd_OL91OChI
WEDDING PHOTOGRAPHY LAOIS PORTLAOISE,ChIJdWMctnkRXUgRXe7-zmC646I
WeddingPixie,ChIJ-zKSGAkRZ0gRkm267ZCIPbE
Wedding Planning Courses,ChIJSWJnJJoOZ0gR7aozpzsI0Og
Wedding Robes,ChIJD0XnoO8RZ0gRPlEy6ZQhFUI
Weddings at Fallon & Byrne,ChIJgWN4bQIPZ0gRMHI9lTWdvPI
Laura Benson Photography,ChIJUSX06oOCREgRYjbIPlIFN80
Weddings at Sea,ChIJeUBIcAaXW0gRS-NBYXKTr00
Weddings By Fusion,ChIJ2ZT5UAcyXUgRyZwxUr3N6Oc
Weddings By Jason,ChIJbVMYpGo6Z0gRLDrIYYk-CdU
Molten Sky,ChIJC_hhbP6WW0gRdSSH5xRrAP0
The Wedding Scribblers,ChIJ76t8reiPREgRKb9KJ6ki--c
Wedding Photography Dublin - Weddings Dublin,ChIJqRrPGikMZ0gREdy5Tn9uTIM
The Wedding Shop Ireland,ChIJAY2LhJsOZ0gRZ6Hty-V1g5g
Weddings in Dublin,ChIJD8NZ3e8JZ0gRO4bOdkxvgAY
Wedding Singer Éire - Barry Hughes - Your Bespoke Wedding Music Provider,ChIJHw3N03KzYEgRbqsoDeCJK6g
Wedding Singer Ireland Kayla McDonagh,ChIJ1dvYPnKxW0gRYqTdNuhu3IM
weddingsonline,ChIJvcokm8EQZ0gRJG4swVOOnk4
Wedding Stationery by Sarah,ChIJr97G-sJdWUgRyFZXH2mIdzg
Weddingstudio Photo and Video,ChIJvReFqesOZ0gRqqAMGlolXUQ
Wedding Suppliers - weddingsuppliers.ie,ChIJv_XFvNMPZ0gRhpm0PtsBQOA
Weddings Zone Ireland,ChIJkSdLU69EZ0gRV83uFGcxFXM
Wedding Venue Ireland,ChIJoTP1jR-mX0gRpiqp3wogPrU
Wedding Video Ireland,ChIJn66EdUgB04wRIKZy9CTEOx4
Wedding Videographers Kilkenny,ChIJ0zWG4Jo7XUgR7L6ShAzBisQ
P.A.N. Digital Wedding Videos,ChIJsxlEj6SFXkgRD7J_f5MOQUA
wedding vintage car hire,ChIJa18043yTREgRIprNIWtcK9w
Wedding Ceremony Violinist Ireland,ChIJR1U71islXUgRQ5lkwPTGf1Y
Wedding Wonders Video,ChIJw08_ZW39W0gR-iaxPb-VsJA
We Deal In IT Computer Repair / Sales,ChIJJ7p6huiCXUgRWYsK00LLW60
wedesign,ChIJp-6wk714Z0gRlfUPvpe6MN8
Wedfest,ChIJr8B6PYKRREgRUeBq969sb7U
Wedge design+furniture,ChIJ_ZhqfPYOZ0gRyTRLwLo2J1c
WeDigital,ChIJA6cn3yCXW0gRQsels8C79kk
Wedlock Windows,ChIJu_CBp1oDXkgREOPUISsny0k
Material,ChIJSci8FLuXZ0gRdJ216mns3kE
We Do Media,ChIJXWGlxCcOZ0gRrlI8ouLXLDQ
We Do Printing,ChIJq3d1758OZ0gRya_ik8K1dh0
We Do Stickers,ChIJkdOO1kuh32kRR1eK5G6Nelk
WeDo Technologies Ireland,ChIJQx3fgsAIZ0gRW_XL-_GD5i0
We Do! Wedding Cakes,ChIJ1Wiwu5b7XUgRgy72csZGt2c
WeDo Workspaces,ChIJR8lLfnY6XUgR4XSuM8jcLmo
We Do Your Do,ChIJSRM1MdU9Z0gR3k79qciLaTM
Wedding Videographer by My Perfect Wedding Film,ChIJkzeFIhZlZ0gRODv3ENaqNAs
WeeBeetique,ChIJyXSpOzLNYEgRkG59crlrtWc
Weebox.net,ChIJhQAcw-gOZ0gReuWaiX0c1E0
WeeCare Day Nurseries,ChIJWQ5oz5EIZ0gRKbJq8UlibeQ
Weedle,ChIJ_cUZm8EIZ0gRTEhBegl-iJ0
Peter Weedle Townview Allcare Pharmacy,ChIJ09xGg6u-REgRi2H-y1tSSHE
WEEE Ireland,ChIJS7mhuAsJZ0gREO0vo6z_pBI
WeekendGent,ChIJE5plWiJdW0gRARhzyt1uBq0
Weekend GP,ChIJX_MGBhILZ0gRP-wlkz9B4iQ
Weekl.ie,ChIJsfPhIoYPZ0gRR8BfMpXTTRc
Whelan Electrical Engineering Ltd,ChIJWWvulXYSZ0gRBAl9EF2C2hM
Weeping Thaiger Restaurant,ChIJuQ2IP6xCXUgRiBNC8WD-QWE
WeEscape,ChIJl7VhThCQREgRrbGlvMhperg
Weev Charging Station,ChIJd8S3FJyVX0gRsMoLpKpRPzk
We Finance Ltd,ChIJKetLxeIIZ0gRtZ6M4Y7tW7M
Alloy Wheel & Tyre Clinic,ChIJJdURTZoMZ0gRVE4actgxeXA
carbon monoxide services,ChIJFyfQF32cY0ERRY4sEAeoDvQ
Oliver's Car Services - We Fix Cars,ChIJq68lMODnZ0gRx1lChNsR5y8
Alma Computer Solutions We Fix PCs,ChIJ2_cdOMENZ0gR-2PACFN5lO8
We Fix Windows and Doors,ChIJDXiTZ_kPZ0gRl9M82DAoODI
Weflo LTD,ChIJE3pmqTkNZ0gRwiwzGH-xvDs
Begleys Bar,ChIJveqGpuzWXUgRqwWpFRvXHHg
Wegovy,0x48453565d0a95e0d:0x79589107270fe27
Buy Ozempic - Wegovy ireland,ChIJl2ZjviNdW0gR0O9sqfrSFe0
WeHaul Logistics,ChIJ6yi8cy0TZ0gRTmkQLyOuOjQ
We hire,ChIJI1VFFYEOZ0gRIL4r_Nfb584
Wehrly Bros. Ltd,ChIJ1wqFgDToXkgR_fQ8wJtiq4Y
Weibang - Garden Machinery - Ireland,ChIJSXlL0RV1XUgRuREFiqQlSeQ
Weidner Ireland Ltd,ChIJR-AA-7F0Z0gRoj3_iCnjYdQ
Weighing Machine Services Limited,ChIJo7Gd8kQLZ0gRtRQp6NBV-IU
Weighless Wonders,ChIJOWbPkvwPZ0gR3idFlban9xs
weighnpay vintage kilosale,ChIJ3Yd5t-gPZ0gRtyHvOB8unGk
WHL Consultants,ChIJvYkwM7e2QkgRtbRk6eVDYf0
Weight Loss Clinic,chijhzw3dcjgqkgrfttl05vre7o
Blackrock Clinic Bariatric Surgery,chijf7ccsmuiz0grr2qd1cyralm
WeightMatters with Jenny,ChIJKTq7ZJL9XUgR_k8_SAot4gM
Wei Kee,ChIJYybhVEoLZ0gRFMyN6sCK4RM
Weir view Bed and Breakfast,ChIJrbGhORsXXUgRltqJ6lWoknc
Weir & Sons,ChIJZzdRnZsOZ0gRhH1SOOzJYt4
Weird Girl Bakes,ChIJzwx-i9evXUgR8_0e8fCAY2A
Weir Haven Country House,ChIJt5ePv8iaW0gRbdss2eWfBrY
Weir Interiors,ChIJn9LC4FlyZ0gRMbtOxHbHqYU
Weirs Motors,ChIJ_88WTZoMZ0gRUrmlc4HwIdw
Weir's Bar & Restaurant,ChIJG_pSqmnCXUgRR-7pf0azR_g
Weirs Of Baggot Street,ChIJKRMI170OZ0gRepwSU4B4Ix4
Weir Wealth Limited,ChIJn8ZHbCBzZ0gRkHVb0mixH9o
Wejchert Architects,ChIJK2kZn5cOZ0gRyg3typi1czo
We Keep It Clean,ChIJnXLJpr11XUgRbISpo6tE8A8
Waterford English Language Centres - WELC,ChIJV6Ev4aLGQkgRORwh50-jjY8
Welch Allyn Limited,ChIJZ2GFc6lEZ0gR-QTnKPbiys8
Welcome Chinese Takeaway,ChIJ-XQL6ovCQkgRm9nGLux54J0
Welcome Home Retreats,ChIJhXs7WgA3RUgRnevam_4xHH4
Work and Study in Ireland - Welcome Ireland,ChIJ14LfqTsMZ0gRWjeUfo5tB64
Welcome Me to Me,ChIJS7uI_nKdREgRITpCYZLtxLs
Weldco Fabrications Dublin,ChIJb9tXBEULZ0gRW17Jz67ScLg
DG Welders Equipment Limited,ChIJraXKmNCPREgRw_riHf46arE
Welding Engineering Bearing Supplies,ChIJtxt0CjToXkgR4yepwmzgfbI
Welding & Safety Supplies Ireland,ChIJ5RhR6-uHW0gRQKVy9PNV7xQ
Welditz Ltd.,ChIJg_r5y00AYEgRJRaxWdbCBx0
Weldon Electrical,ChIJA4yCoxqQREgRDKv7hxSLV5s
Derek Weldon Motors,ChIJQUqkHjwZZ0gR_DZNNhXpsDU
Weldon O'Brien Ltd.,ChIJSWa9ni70REgRMgEzJhYJc8U
Weldons,ChIJQTsdgJwOZ0gRT6XjrOdk1C8
Weld Plant LTD,ChIJwR9whxN7Z0gRb6RRWno0hYA
Social Welfare Intreo Office,ChIJuTCAFM2UX0gRjbltZeTXVeU
Welfare Hire,ChIJ2UErvkafREgRFBQa-sgwK14
Welfare Units,ChIJVzqxRnRbZ0gR1bs1ZqLGJWU
WElink Energy Group,ChIJx-ccOjF0Z0gREc4G3mEt9G0
GIA Accountants,ChIJQ5qYWl1tZ0gRPpaqe-nj5E4
The Well House Cottage,ChIJQd1WvFadW0gRM5jN184NdbI
Well4U,ChIJhYP_ahQLZ0gRpcC1n-E9s8M
Wella Studio Dublin,ChIJgRXBEicMZ0gRw2HRlEutZPQ
Well Balanced Health,ChIJFT2RVBmvZ0gRZ856Mme_yW0
Well Bean,ChIJQe6uBOMZZ0gRrcKybdIqmqg
Wellbeing Ireland,ChIJAVR84MYIZ0gR-1NrtWgefmE
Well Being for Work,ChIJcVga1jgJZ0gRSq4UQY7bgmQ
Wellbeing Gem,ChIJiezZ4IkPZ0gRg5qp-UKgsLk
The Wellbeing Centre,ChIJiYvxndCDXUgRX7kz_jGjS34
Wellbeing Techniques,ChIJaca78-SlQkgRABvSyqLCP4k
Wellbeing Warrior,ChIJeXgEM-nbQkgRWSJEZF1KyAA
Well Bread Baking School,ChIJwyQtMwCPREgRYXEvRDynEvM
Wellbrook House,ChIJrQw14XwjXUgRzAxlhMI3VTU
Wellbrook Funeral Services Ltd,ChIJwXiJyMyHXUgRCKHqKsXQz0Q
Wellclever,ChIJEz6CRpwOZ0gRcRpjIm_OCe4
Well Done Glazing - Window and Glass Repair,chijuuytd80mz0gr_0gzdtddwwe
Martin Harte & Son,ChIJbURzAxZeXEgRHE4DRm-rzI8
Seery Water Services,ChIJyenAq0g-Q0gR8oXzFD0pPtI
Wellee,ChIJJ_UP0LeBZ0gRZgS5OvtxeiQ
Wellesley Investments & Pensions,ChIJsRf7Z2hcW0gRuBlX3aVdb5s
Well Fed HQ,ChIJS6UNZ__FQkgRiaYwaVWpBIk
Wellfield Farmhouse,ChIJP-BOK3q1XEgR_ZKKgH_2r0M
Well Fit Gym Skerries,ChIJ7Va40AYiZ0gR4ovUbRtTCcA
www.wellies.ie,ChIJsTRW92cIZ0gRIn0Lzw0TEKA
Wellington Consulting Limited,ChIJ8-nrE6REZ0gRRMMhCWyPq9k
Dr. Arthur Cummings,ChIJS6avkAsJZ0gRhBRSXcryA4M
Wellington Eye Clinic,ChIJ_86IkAsJZ0gRrRICekMPPgA
Wellington Hall Dundalk,ChIJK5HZ8aPOYEgRXeFQh70dF08
Wellington Temple Bar,ChIJny79KYMOZ0gRPZln8WjtRWg
WELL IN TRAVEL,ChIJufA_DGwMZ0gRUseovNl4HLQ
Wellmama Ireland,ChIJjfyWovTtXEgRzJJs_xmmQZI
Wellman International Ltd,ChIJLxnIzuhVZ0gREW55YvI_t3U
Wellmount Village,ChIJbY_QrAVJXEgRn6g7SJAnqgk
Antonela Butuc,ChIJa9P3ZjcOZ0gRaM64YNs1ego
Wellness At The Coach House,ChIJae_xHw85Z0gRxDLZjpslkZ8
Wellness By Olivia,ChIJyQtj0FNdZ0gRA2OXdQ3Bigs
Food for life - Wellness Centre,ChIJu8oPvBYsXUgR8CByAJucsdY
Wellness Counselling & Psychotherapy,ChIJm8_zPuWWW0gRR6WYqBujde8
Wellness crossing,ChIJUUxrE9h7WUgREcq877ww0UY
Digital Wellness DBS,ChIJR6wYA-gPZ0gRyZHkpp4NfOg
Wellness with Paula Conlan,ChIJEwRq-8N_XUgRscMI2zwgsnE
Wellness First BioKinesiology & Holistic Therapies,ChIJrcPgPkdzZ0gRsy27t9dPv6g
Wellness I am Zen Jen,ChIJUYnBEfkNZ0gRcNVXo0F3VdI
Wellness Lifestyle Success,ChIJyWXf2I6rikgRNeYn4O-s-GQ
Wellness Needles,ChIJ575dY91xZ0gR90QV-_tD1_4
Wellness Rooms,ChIJ9ZpnIEgJZ0gRxhkaNULhTS4
Wellness Studio J'adore,ChIJd4H2-4YOZ0gRD7S-PzWqOdA
Wellness with Cecelia,ChIJp3lQaGV_XUgRyMWQydBnjBM
Wellness with Ciara,ChIJFT0f2dOvZ0gRkDo1QuxRBXQ
Wellness Within Colonic Irrigation / Colon Hydrotherapy,ChIJI7bbnt4JZ0gR-BabpV_YleA
Wellness with Majella,ChIJlfETPgIbaEgRgRlurY-dZfA
WellNestedOT Fidelma Woods,ChIJ7_Z6KjxtXkgRAjHwNkgyAak
Well of Being,ChIJ03OmIUl5Z0gRxMwYyHeTN7c
Wellola,chijbqpr8fkpz0grc3jy-begnpw
Warehouse - WELL PACK Ireland,ChIJczEv-6F1Z0gRQ-A1arzvsdQ
Wellpark Retail & Leisure,ChIJnbammsaWW0gROpvAcEciinM
The Well Pet Hospital,ChIJO-Tu0OfpXkgR0PBnIi-tpdQ
Wellpoint Acupuncture,ChIJn1oUqL14Z0gRScApPB2oSok
WELLRED.ie,ChIJlc0eIXR1XUgRIkkbZMc3ImU
Wells Cargo Logistics Ltd,ChIJdyRClIwSZ0gRV-czmlea-8s
Well Selfology,ChIJpTYVcZ0FaEgRI_3JW2F4XXw
Portumna Primary Care,ChIJicvCbmyKXEgRLtAtiQtUIUA
Wells Fargo Bank International Unlimited Company,ChIJo_NTsI4OZ0gR1-jnkS-aRyo
Wells for Zoe Charity Shop,ChIJNTSXUS4MZ0gRDAmid7BAgDA
Wells Granite & Marble Limited - Appointment Only,ChIJm69clOUJaEgRe6eqRcYzAF8
Wells House & Gardens,ChIJCY9m0SwIaEgRypokcLWH5wc
Well Soul Yoga,ChIJuRCpG27pZ0gR2fKNfDCQv3k
Koru Chiropractic Clinic,ChIJUTgtI1SFREgRxW3OMPc7ANg
WellSpring Therapy,ChIJVw-BIbYOZ0gRANrcs440Z1Q
Wellstyled by Sarah Lyons,ChIJdQd6OCoLZ0gRuUWXr_JGzTg
Saorview Cork,ChIJLYYxn5SPREgR-HgSnetMWy4
Welltrack Junior Academy,ChIJY-8xYzOvZ0gRd4lI7Nda6Gw
Dublin Well Woman Centre | Liffey Street | Pembroke Road | Coolock,ChIJXx-vL5mEREgR9KlCRHW1AqM
WellWoof,ChIJ2QNMPVEbZ0gRBZiVuRQKJfI
Wellyx - Fitness & Wellness Management Software,ChIJNxchla8JZ0gRS1buzTvZfi4
Welocalize Dublin,ChIJk-EL4QkIZ0gRh5sH4mGermM
Affinity Recruitment,ChIJXUGtX4UOZ0gRYf7HNboK2Pk
Harry Blaney Bridge,ChIJG7uRi-X0X0gRsT5nd3rFOZA
We Love Laser,ChIJc0Ul5iQGZ0gRbonWHeCYKag
We Love Marketing,ChIJxQnUa4AOZ0gRmOVux53Yyvk
We LOVE Markets,ChIJwUfCV-ANZ0gRTXgP7g7d3OQ
We Love Noni Ltd.,ChIJZf90WeqFREgRG6XX3M9dbuE
We Love SEO,ChIJ4VKwFx0LZ0gRadrz3w19oXs
Weltec Engineering Ltd,ChIJD9gC0XXEQkgRQ43WVx-FfT4
Wel-tech Weldon Agri,ChIJcYTpGIlLZ0gRQYEhkH0iTe4
Welters Personalised Footwear Ltd.,ChIJRbISlBMPZ0gRtP-Xr2VjOgw
We Make Good,ChIJMTjVS4cOZ0gReAojq1eYWiU
WeMediate,ChIJ8UDDKyn0REgRxG6a1V4K6OA
weml ie,ChIJVypWjLoJZ0gRyDWFBrwNnIM
Wendy Louise designs,ChIJ0c4TJHbTXUgRzGReB2Ysqho
Wendy Quinn,ChIJJbrDniAFZ0gRKM1muYKrLeM
Wendy's Catering,ChIJpXELq2ulXkgRFSmi3x7RCT8
WENTWORTH Audit Tax Advisory (Chartered Accountants),ChIJr6ok0WSQREgRGUkU4HBeQDQ
wentworth boarding & day care kennels,ChIJL7e4re22fikRXdSkbrLw6_s
Wepaint,ChIJPdbEb8yhW0gRirafSXE740A
WePrint,ChIJQ6uQ84k5Z0gRvvnAYM3oqK0
WERONDO,ChIJnzctwlcPZ0gRaSo2Decv82w
WERS Civic Amenity Centre,ChIJqeVRBwDxW0gRZAGDwUJY3n4
WERS Donegal,ChIJ1bavM8jrX0gRh45LdILvaFY
WERT consulting,ChIJYw79gHl_Z0gRpqqx4k5nRfY
Wesco Ireland,ChIJn9LYEEiWW0gRL4mOV-Q--hM
Wesco Distribution International Ltd.,ChIJHdq6bsgMZ0gRbvNGBF3Kp28
Wesco Electrical Ltd,ChIJkSNsI11bZ0gROq6k7nO6N14
Edison Power Generation,ChIJLZ-PQZuRW0gR6h5JMVp7Y8I
WESCOM Ireland Ltd,ChIJGTUD3i-RW0gRix3bJFsDIMk
Electric Scooters | WeScoot Dublin,ChIJl_qsPs4ZZ0gRyDFZkmPmEWg
Wesco Windows,ChIJpfTmMlL-REgR34_1YxdjgHI
DB Coatings Limited,ChIJXXqK8UJ6Z0gRDckvQhJquX4
Ireland's Self Build and Renovation Centre,chijexz6dbbkxegrkine8b0aslw
We sell your car,ChIJAUqMmEw1RUgRwUoeLzUvRGs
We Sell Your Motor,ChIJAaGtK4wMZ0gRRhcSaCFeQS8
Western Eco & Electrical System,ChIJX9rFWhSJW0gRZEgPmUNrn-Q
WeServe365.ie,ChIJI0dFB0EPZ0gRKpBMHAh3gJU
Weshine,ChIJqXg_4MihW0gRppuPDXJwNpI
We Shoot,ChIJ7TK0pGcOZ0gRJ8hxuKkhV_s
Wesley College Dublin,ChIJL0kIRnsJZ0gRNN_Bt-RgjUA
Wesley's Bees,ChIJJztg1vYHZ0gRsXzsSagUy1U
Wholesale Electrical Supplies,ChIJq7ZH5_QXQ0gRSeN8kodT8G4
Weslin Construction,ChIJvQcTrOMMZ0gRdM4APo7o1HM
WeSnag,ChIJWwbi-qEJZ0gRIjEffNgA12U
Wesolve-IT,ChIJK_lvXGOzXUgRoIWl_Og96vg
West-Bake LTD,ChIJU59qNIoPXEgRctvYzpaNaho
West Cab,ChIJ5Y3jgcWlXkgR4iuLDaNS5xc
West Coast Equine,ChIJAQbYrTqKW0gRCHnNkfrGliM
West Coast Recovery Lahinch Co. Clare,ChIJ3SeJOVgFW0gRlMVL5BGYvVo
West Cork Celebrant,ChIJp6MbSq1XREgRMkFT93sKkhA
West Cork Reformer Pilates,ChIJvzR8XAwBRUgRlOBR5zmew0o
Westgate Services,ChIJXc_3AVqTREgR1yZLvHKgPkQ
Westacre Ltd,ChIJh77mwTcLZ0gRutz1EUmVuII
Westair Aviation Limited,ChIJFRRLOzxAW0gReUMmZxHgxWQ
West and Green Ltd,ChIJT4EPqU9eSSURwrmPvkHKg6A
West Architectural Facades,ChIJM7kSV8yFREgREmyRTyufuoU
Westaro Hosing Limited,ChIJIUZeu6ddWUgRWsISka39viI
West Atlantic Design,ChIJG-Z81cORW0gReGOF032Z9gc
West-A-Wake Eggs,ChIJVYC72ztRWUgRzJuGJ8IM2Mw
WestBIC,ChIJBTjE72wYX0gRODa5HA8CnIg
Westboro Partners,ChIJPxkg3aCaREgR2DeONhJuVKk
Westbourne IT Global Services,ChIJnQQ9lsOPREgRGhDzQvqgvwA
Westbrook House B&B,ChIJx1mS_5f7X0gRBZpF-YTSxw0
Westbrook House Guest Accommodation,ChIJwUiJO0ptW0gRUExy0o6NgUE
Westbrook Country House,ChIJV4huHEBnWUgRff-pN1hPqfA
Westbrook Motors - Car Sales & Service Centre,ChIJ7-n6-YYOZ0gR_rwIeemXOQM
Westbuild Ltd,ChIJ3QCRgTljWUgRMx9uVm4xAig
West Building Products,ChIJd9KGDyqEREgR7iXrGTomOV4
Westbury Casino,ChIJ8zIhwmAaZ0gRlotHjCaPMSg
Westbury Swim School,ChIJgWWy58ORREgRPjqFrxEd8_8
Westcare Homecare Ltd.,ChIJeTbO_bLpXkgRL_I5BaMx8no
Clonmore Lodge,chijhxiyv4niwkgrrspe_hqjbrw
West Clare Equestrian Centre,ChIJFQ1KmfPgWkgRjS7J7DzQHDA
West Clare Flowers Ennistymon,ChIJxw7Wl9cFW0gR7_xrMz1HDJ4
West Clare Cancer Centre,ChIJFXGb8OTpWkgRx_C69rDxVJM
West Clare Pharmacy,ChIJmdaRbtcCW0gRHrLpoDMhPTM
West Clare Phones,0x485ade7184696b75:0x398e0ef4a27eb90d
West Clare railway,ChIJSYLrLmfnWkgRphydp3gH3pw
West Clare Trophies & Gifts,ChIJndpER9vpWkgRziEMPZ7a08U
West Clean Cleaning Services Aidan Furey,ChIJgVrdZjXxW0gR8LlOX-hm1LY
West Coast Aviation,ChIJi_Ga0FVrW0gRgVVfPGND3iA
West Coast Bikes,ChIJg9NQrvpLWkgRgcnJQx0taMM
West Coast Campervans Dublin - Motorhome Hire and Sales Ireland,ChIJMWCse1cRZ0gRbZqRcNI5MpU
West Coast Chimney Repairs,ChIJ96xKw7uRW0gRWEzsuFyDlek
West Coast Crab Sales,ChIJbxe7hUOoWUgRYBCa4uLtiuI
WestCoast Decorators,ChIJCQEjkECRW0gRekOPyv71iBo
West Coast Dental Ltd.,ChIJAeoXIT9RWUgRL-c3Y6AYp90
West Coast Fitness,ChIJf0ktk0q-W0gRByPEyyOms_U
West Coast Tarmacadam & Groundworks,ChIJkSiZI5GHW0gRW5TmQbXbVHU
West Coast Grow Shop,ChIJ88aft2ONW0gRjbJ8zLpEd2s
West Coast Herbs,ChIJewpRCYmXW0gRc9que9mdhC8
West Coast Holidays,ChIJham8yrheW0gRSMm5KrwBHFY
Westcoast Ireland,ChIJJ91QZKx0Z0gRIxs0mqBj6Ic
West Coast Kayaking,ChIJtZxx9jPoXkgRUS-OiemFug8
West Coast Little Gems,ChIJ3UgFx23oWkgRSBfWSD_OoWI
West Coast Marine,ChIJySUIRNjdWkgRytKjqO4xM0M
West Coast Medical,ChIJj8aYP5dlWUgRxeew6XkwwP0
West Coast Motorcycle Training,ChIJ9zTAgiq7W0gR1Aw1JxddlRk
West Coast Orthodontics,ChIJVc8M6TPoXkgRis8OLtBt1SQ
West Coast Physio Ireland Ltd,ChIJO9wSh9OXW0gRcBLtzT97D6s
Westcoast uPVC Windows & Doors,ChIJR-tMInjDXkgRGlAJSdUrQwQ
West Coast Rib Adventures,ChIJT2BM9K3dWkgRk5kD4Ai1y5w
West Coast Style - Hair Care at Home,ChIJM05s4yJzW0gRNwzE7vARgHY
West Coast Tree Surgery,ChIJDyrHovolWkgRtix4dYhsZ2o
West Coast Truck & Plant,ChIJVzAgwqERW0gRcsi0f4zgip4
West Coast Tuning,ChIJ87I9gECXW0gRIZFk9n3Sukk
Eandc cleaning,ChIJm8WNOsWXW0gRVAFDGVHT2fw
West Coast United F.C.,ChIJrbQmyIklWkgRl87TU0EkB3s
West Coast Vets Ltd.,ChIJiSJskaC9W0gRoTzEXht5C1M
West Coast Wash,ChIJE8R8rIgFW0gRi_XhKIszQ_Y
West Coast Wellness,ChIJRebIzvcxWUgRXWzjOAZ5Xa8
West Cork AcuPoint Clinic,ChIJlwFmPShXREgRxKqUvAkpScY
West Cork Acupuncture,ChIJ2SnueJqtRUgRZi8p-Ft8D1o
Waterfall Alpaca Farm (by appointment only),ChIJQ72zt9YHRUgRPq5QMs6sblw
West Cork Animal Welfare,ChIJ5WQPw2xTREgRlYRHAlyO7Kw
West Cork Arts Centre,ChIJZSxgxeqlRUgRqwAqB0XNHvw
West Cork Auto Factors,ChIJaYS4sCv0REgRmhAF8dC37H0
AR Eckardt Ferreira,ChIJs_cQ8hGfRUgRlh_HnCpojTQ
West Cork Boat Services,ChIJ8dRDFp-uRUgRAUc0ptsHQeo
West Cork Boiler Services,ChIJJ1gYBiGZRUgR23A5qBy18HY
West Cork Building Supplies,ChIJQyhersFWREgRI4j3hfIFdoo
West Cork Burger Company,ChIJqanRvxCQREgRdUbYdpAhW1M
West Cork Commercial Centre,ChIJ2_896iv0REgRYkRHq8wHZG8
West Cork Cabs,ChIJI0u5Vlw9F2cRMFNzYiNYE-w
Cork College of FET - West Cork Campus,ChIJNdwqX-ylRUgR8dz-FvlPZe4
West Cork Casting Studio,ChIJY554G3wDRUgR-8Ldm4deaU0
West Cork Cycling Club,ChIJM1cFHrABRUgRA14cVMVJaHU
West Cork Cleaning,ChIJiQPr5ulWREgR4yGqMO60QJU
West Cork Connect,ChIJQ_aBoValRUgRvDz0iZHlEqM
Maura Mccranor Psychotherapist,ChIJv6fJ5elWREgRVrt-tAD-7gA
West Cork Crafts,ChIJl_015r-lRUgR3Fm8f2Dl_ng
West Cork Cranio Sacral Therapy,ChIJBeJdyApXREgRoU-0Kyf2eww
First Choice School of Motoring,ChIJrfZLQt5WREgR3DwJN5Dw80Q
West Cork Film Studios,ChIJ2zXYbV-lRUgRhIYk4lNZOAo
The Fish House (holiday cottage),ChIJnSOj5bqlRUgR7hHxjkOC4JE
West Cork FM,ChIJoXL1sbD1REgRxu5gTqLc_kM
West Cork Folk,ChIJ2c3W2TP1REgRcqIaGM1KvsE
West Cork Garlic,ChIJrTPSVin0REgRkJ_wtqkb_F0
west cork guitar publications,ChIJbW_bViefRUgRCiyB_ShbwhY
West Cork Guitar Repair,ChIJ83npnZJfREgRKyJCPbBAbhs
West Cork Heritage Centre,ChIJqzO6Q2D1REgRt34nJ_orsVk
Onwards and Upwards - West Cork Hikes,ChIJ0xc5Q58NRUgR5pmPm_LaqBI
The Haven,ChIJ2WrQoxWZRUgR-JH3l7EhjS8
The West Cork Hotel,ChIJf1OMXsClRUgR1MMxQeWPvPQ
West Cork Distillers Limited,ChIJh43KM-ilRUgRtTlLlVjvXos
West Cork Kayak Club,ChIJ09H5NgClRUgR_7STdVm92x0
West Cork Kitchens,ChIJa2R1WDb5REgRqo6QvOmyiQU
West Cork League,ChIJqY6IJMZhQ0gRYN_mjG3dmY8
West Cork Learning Hub,ChIJwwQwonz1REgRiyGMu9XtAWE
Drimoleague Methodist Church,ChIJafvEyfkHRUgRfNEb9OKD-RE
West Cork Mindfulness,ChIJQ8aHJh6lRUgRY90m3_AF7Lw
GL West Cork Motors Ltd.,ChIJ_c_5QS30REgRC9BlLvmsnvM
West Cork Music,ChIJU0ZtrVUKRUgRE9leJgwfXJI
West Cork Nutrition and Wellbeing,ChIJcSagY7P1REgRf5wOtiHShP4
West Cork Ocean tours,ChIJcTbH1p6vRUgRzl92kAWy75o
Cranial Osteopath,ChIJ9bTU5elWREgR7oZX2zXiK_E
West Cork People,ChIJOYvP6JRXREgRHFspc5Xs_J8
The Potty Fish Shop,ChIJfTHWQy30REgRca0LZJcjtvg
West Cork Phone Fix,ChIJq4iYfsClRUgRZGE5hTVtLqw
West Cork Chartered Physiotherapy Clinics & Bandon Physiotherapy & Sports Injury Clinic,ChIJIWCpnSn0REgRTbQyp7KjRe4
James Lyons O'Keeffe,ChIJkVlJFJeZRUgRaVFWxa_mwJc
West Cork Psychology,ChIJ3-ajwQFhREgR1XsWiLHEgco
Dintys Bar,ChIJjyGjd8ClRUgRgGQ0tCfv8-0
West Cork Recruitment,ChIJeeapVtLqNQIRdxrKk9w_was
West Cork Safety,ChIJ83fBUE5TREgRLQcQsFs2scI
WestCorkSecret,ChIJAZq7rNxYREgRn1GJkdwueAo
West Cork Self Storage,ChIJgzua_r2lRUgR782PQNkdrd4
West Cork Sudbury School,ChIJT7gD-GcNRUgRbW_h1kUQVLM
Fun Fatal Tattoo & Piercing,ChIJnfmDfyxjQ0gROuOrUlpWLrw
West Cork Business and Technology Park,ChIJd8DYiQ-QREgRXK7J69ZRhbA
West Cork Travel,ChIJ5_XAlhCQREgRNGOdzVuqae4
Hurley Bros Bantry ( Hurleys Garage Ltd),ChIJB53IdZQKRUgRQXRPk_pm-js
West Cork Way,ChIJQzQvEnwPRUgR28cu9FeVXuU
West Cork Wellness Clinic,ChIJO4wkTlilRUgRW4ic1MGKWJ4
West County Hotel,ChIJTf7MoOGZXUgR-Pqae5Zd7zI
The Westcourt Hotel,ChIJQz55_4k5Z0gRHw9LKhWc7Ec
Westcove House,0x484f88889beeeec3:0xb56682939ec114fd
Westcove Farmhouse,ChIJsYHAloCJT0gRv34AQ91xPQk
Westdoc Limited,ChIJR8wYo7iWW0gROiSzrZDhIxM
AAA West Drive School of Motoring,"Aaa West Drive School Of Motoring, Ballyhaunis, Rsa, Adi,"
West Dublin Handyman,ChIJufEmfSSwiI8RQNl0-MXlg-o
West Dublin Motor Company,ChIJNUreKq51Z0gR24HaDkA-sx0
Westel Utilities,ChIJc4N9zY6zXkgRRRQ7Z_gRGk0
Westend Shopping Park,ChIJ4ajFrVUNZ0gR_x89YiucgT4
WestendAgri Ireland,ChIJa9vSOrCaREgR0ngixCFXAKk
West End Art Collective,ChIJDear89aXW0gRwE2jew88DhU
West End Art Studio,ChIJa7NjlTW5REgRqYz1XMj4Sww
Westend Barbers Clondalkin,ChIJydrmTz1zZ0gRnr4QAkullN8
Rose's West End Bar,ChIJtaR_XKdBQ0gRpw9quXoim2E
Westend Beauty & Aesthetic Clinic,ChIJAYyt3TPoXkgRlLvDPSFlOCY
West End Bar and Restaurant,ChIJYY_jGsdMRUgRwGS8idNdcSU
westend galway thai massage,ChIJj5zcHvqXW0gR76y0lp9m6P8
West End Garage,ChIJtQX8Erv5REgRTf3EipH5Y8U
The West End House School of Arts,chijf425vwy8rugrva79ovms-nu
West Engineering Services,ChIJWe8vg3cFXEgR2ac2sE3I6Fw
Westenra Arms Hotel,ChIJCcn1CESfYEgRWAcl_35SIQU
Westerly House on Bantry Bay,ChIJu2MmllMLRUgR-9B8hagThNA
Western Pride Holiday Homes,ChIJdSAAKUHnW0gRvnVhuU0cp3Y
Western Webs,ChIJ5a61NmjxW0gREAiqHOW2wDI
Western EPoS Systems,ChIJ50ijCkxtW0gR8X5oADMEfDE
Westernacher Consulting Ireland,ChIJkYNMkw0PZ0gRtmaSiEmbWc4
Western Alzheimer Foundation,ChIJL_w-nKw8XEgRDbBr4vjKcOY
Western Alzheimers Maryfield Nursing Home,chijdwnyynkjw0grpahmcpgde7i
Western Automation Research & Development Limited,ChIJ5WTogy1oXEgRLc25obFpqSU
Western Autos,ChIJ7wcIuo6wW0gRtIbwnze9SDw
Western Brand Hatchery,ChIJJbpe8yc-Q0gRgb6KB1vd0vU
Western Breastfeeding Clinic,ChIJ77KpbT-XW0gRt5aLxdRTUdg
Western Care Association,ChIJ4aPahZ5dWUgRvVyHRjAR03Q
Western Composite Doors,ChIJ6wCZBmMLXEgRnuOkpCmqV5Q
Western Contracting,ChIJue5I_-NvXEgRJ-6BYDAABeg
Western Dental,ChIJVw8cOeUxQ0gRY8L1xXUT0GI
Shane Ryans Quarry,ChIJ98OeLUUBW0gRsFS8BjBNuds
Western Farm Accounts,ChIJaUYTKoDxW0gRjUJtqu5ORx0
Western Firewood Supplies,ChIJ_UTdE_DxW0gRerBNjZ4lGjI
Western Front Studios,ChIJZxo6I6xlWUgRF0rWu0rHliI
Western Heat Pump Services,ChIJJYdKPCr1W0gRyl1Ux29fx7U
McHugh's Bar,ChIJQ6cS-tISW0gRQWls5rJ-FCw
The Western Hotel,ChIJQaA4WhL9W0gR3TtZOEqjBAw
The Western Hotel,ChIJLV_iOu-WW0gRCzMOB-fwn_o
Western House Medical Centre,ChIJN_Ch3e0xQ0gRhwIKTHzyDsQ
AirSeal Insulation,ChIJwx8Rl0GSW0gR_Qlnvzq1lB8
Western Joinery Co Ltd,ChIJNffAtT9tW0gR5zxyj4742Wc
Western Material Suppliers Ltd.,ChIJFWvXDwCHW0gRVrW07ZBUfI8
Western Mobility,ChIJ1cVcPYddWUgRzNizPHCtDiA
Western Motors,ChIJM0E9mkeRW0gRvhZmWgtpHWM
Western Parkway Business Centre,ChIJk9JySKIMZ0gRt0RtMJIfddA
Western Paving,ChIJbeUQWPnBXkgRUpIMNDTPjTk
The Western People,ChIJg5rkHXVdWUgRyq9i5js2kVs
Western Pet Products,ChIJd9-2jmxdWUgRnve45O4Ndzs
Western Plant Nursery,ChIJvct8qqTFXkgRa_zs20H3JuI
Western Plastics,ChIJkdwO2mmRW0gR6hdpFFMUCZs
Western Post Form Limited,ChIJub2kT85pXEgRrzH4y6FaMRc
Western Properties,ChIJMy8lhJpfW0gRgj0Kyy-aRUw
Western property solutions Ltd,ChIJRcopcFtQxUARl4aO2ViT7t0
Western Refit Carpentry,ChIJZedgZCP3W0gRp2Wo2ND5aLo
The Western Bar & Restaurant,ChIJkcJJMO-WW0gRjroWGh-xpFs
Western Shower Service,0x485b97524176ab11:0xa03ae1d4074f940d
Western Shuttle,ChIJx5SEu36XW0gRZ0zEcDAWClQ
Western Side Gates,ChIJIUYRECIPZ0gRdA3IDkYiqwo
Western Solar,ChIJf7ee7aUFW0gRWiWwDtOSZG4
Western Yacht and Small Craft Surveyors Ltd.,ChIJC97076-RREgR-9qfM-I0qgw
Western Yacht and Small Craft Surveyors,ChIJdbXa_QaSW0gRegPmDb_-iCE
Western Truck & Trailer,ChIJa7UL-GP9W0gRqoTvsOWl4Mc
Mike Keane Western Tank Services,ChIJZzGx4UOTW0gR-bS-PfzaQSE
Western Union,ChIJg0K3TgcPZ0gRSKpbWppq-3E
Western Veterinary Clinic,ChIJkeDJ5i47WkgRjwlQahpQvrw
Western Yacht Club of Ireland,ChIJS9nLZgDdWkgR8ltJl_YWE_g
Westeroast Coffee,ChIJVUYT7nnpXkgRn4o4hIP8IO4
Westfield Barn,ChIJ3_PzzFTJXEgRfcWsBjQFv7A
Westfield Leixlip,chijc_nrsnzxz0grbsb9-7ffluq
Westfield Quarter Ballincollig,ChIJKydRig-QREgRy3OAfoGKwJ4
Westgate Design,ChIJrVTuDkMbaEgRjGxV7LC4org
WestGate Foundation,ChIJO0AHJG6SREgRXptuYFPS478
Westgate House Bed and Breakfast Strokestown,ChIJtQjSBXkoXEgRlkaqAkrQmmo
Noel Griffin WESTGATEREDS.COM,ChIJCaFctoAVQ0gRasi6Up2hFuU
Westgate,ChIJ63Ar27wTZ0gRP2UA3yxhPLw
Westgate Veterinary Clinic,ChIJDagOUSI6Z0gRbKiL2zCf4bY
The Westgrove Hotel,ChIJVyT3tstmXUgRX1w43LDxo2Y
Fern House,ChIJQ8wItHGbREgR04trMXMJFus
Wes Professional Painting and Decorating,ChIJZeFhUAHT-G8Ruxo4wCDtNb0
Westire Technology Limited,ChIJ59De4hOoWUgRZth-q-vL0Rc
West Ireland Cycling,ChIJKYzOxPuWW0gRwH58wo3E8tU
West Kebabs,ChIJ21BTux5lWUgRcU3L7jbnNxY
Tig Bhric & West Kerry Brewery,ChIJpSlsLGTjT0gRd1XKzWJrqQc
West Kerry counselling services,ChIJt_2Ximv7T0gRBp2N9nf3bTU
West Kerry House,ChIJLw2IxHk1RUgRQLrwVJBpd4E
West Kerry Live,ChIJ2_U6ycb7T0gR8uC6qcITPyg
Músaem Chorca Dhuibhne,ChIJNVhfXWbjT0gRSwug331Z3Fs
West Kerry Photography,ChIJ_UYj0OhTRUgRFW8RQ5qWYZM
Fitzgerald & Associates Auctioneers & Estate Agents,ChIJyYk5mcf7T0gRaleG1KduECo
WEST KERRY Sea Angling,ChIJDbXeZrj7T0gRfy3emV7KZ_w
Diarmuid O Beaglaoi West Kerry Septic Tanks,ChIJO6QRXgD9T0gRlQ_Lz0i7Mwo
West Kerry sheep dog demonstrations,ChIJixiVKtBNRUgRnlI81_Vc7Kk
West Lake Aqua Park Killaloe,ChIJ30CjZr2dXEgRRmLo26_wcXA
WestLAN Data Networks,chijaxqxmcufregr-boi_0g4q2u
Westland Health,ChIJ4TyaAnYTW0gRVtNeCZ85ulc
Thomson Reuters Round Hall,ChIJnbnvtqIOZ0gRbeFuQA1v6MI
West Lex Solicitors,ChIJ52fzSClJXEgREkBn3f6-7t0
Westley Motors,ChIJVUTMJI0MZ0gR9rFc7ALplaM
West Limerick and beyond massage therapy,ChIJQT_qbYc7W0gRm8qPxtNUW3A
West Limerick Physiotherapy & Neuro Rehabilitation Clinic,ChIJK8C35hkyW0gR5aYF_le7860
Darren Hayes Motors LTD,ChIJqcis_U2RW0gRK-yU_AGSj5w
WestLink Roofing and Guttering,ChIJLZn7LTdJXEgRWCNMQoGQzYg
Westlink Fire & Security,ChIJ16NTHf51Z0gRrzm3qkNP3bc
Westlink Service Station,ChIJGZaOn96PREgRx4Hhtz7Nrm8
Westlodge Hotel & Pondlodge Cottages,ChIJY3emWuYKRUgRbJLW0Fp17Mk
Westmanstown Sports & Conference Centre,ChIJ8ZZkFyYNZ0gRFz8Vy4jc20Q
Westmanstown Lawn Bowling Club,ChIJpSC1n4hyZ0gRgIaVTIXvj1A
Westmanstown Golf Club,ChIJOwbFi6JyZ0gRJ0Sj6ieqMyg
Westmanstown Youth Rugby Club,ChIJ5ZOy54dyZ0gRvLL4k6VLShU
Westmeath Christmas Trees,ChIJZ0z7sXS5XUgRmkr90gtcIOI
Westmeath Centre for Independent Living,ChIJ1VDNT3aSXUgRaFqwVpCdBKw
Westmeath Cladding Supplies,ChIJ_aolm1FHXEgRhDrIZILKqYM
Westmeath Libraries,ChIJmaQTGB3AXUgR9e7u0DrQP5c
Westmeath Counselling Service,ChIJ-8KdULOVXUgRWJkc4qrC318
Mullingar Library,ChIJTZ3XJh3AXUgRzfPQf1OIuOs
Westmeath Examiner,ChIJMx7PmRzAXUgRQm61EqK3HM0
Westmeath Islamic Centre,chijg0xcgh5jxegrsxfu9dd-jxw
Westmeath Independent,ChIJ60hTTgRJXEgRr6NDjf6lnI8
Back Pain & Sports Injury Physiotherapy Clinic in Mullingar - Westmeath Injury Clinic,ChIJs5Kx_NHqXUgRlAvcPyCWVPs
Westmeath Minotaurs American Football Club,ChIJsVRECojqXUgRJPIdKX5PzD4
Westmeath Sports Partnership,ChIJTZ3XJh3AXUgRBS8kOx2H2O0
Westmeath Window Cleaning,ChIJI9dealzBXUgRrIjbC4YQ-jo
Westmeath Windows and Doors Ltd,ChIJ4XMcn9MLZ0gRSJoiYB6xhKU
Westmount Clinic,ChIJcX5hvxSxZ0gRGJyRtSiLnTk
West Muskerry Athletics Club,chij8znsqrllregr7sjtm4q5luy
WestNet,ChIJPwveEahdWUgR06jE85192Hk
West of Dingle Sea Salt,ChIJh8y_JSrjT0gRLoe3oUOgpX0
West Offaly Training,ChIJ07tX4J5ZXEgR6E6uy5BiJ1E
West of Ireland Lifts,ChIJ8aD38AddWUgRSaH9zCPku6s
Weston Mechanical and Electrical Services Kildare,ChIJte0v4AZxZ0gRHlWQp4K25es
Weston Airport,ChIJRUtGqSlyZ0gRGYZX0pvP184
Weston Club - Matchmaking & Social Club,ChIJz2zGdluXW0gRilmcqJVM6X4
West One Restaurant,ChIJZ69IJ7plWUgR6yk70zsJHfI
Weston Hockey Club,ChIJDd5G8LlzZ0gRGetBw5TANk4
Weston House,ChIJcX9qcnr4Z0gRdVISkZln5sU
Weston Primary Montessori School and Pre-School,ChIJOyD_Te1xZ0gR0R1mvFxDHaM
Weston Workplace Wellbeing,ChIJHeMpuwYJZ0gRF0bEjlv3i8U
Westpark Fitness,ChIJg8MzUlMLZ0gRtcobDqYQJAI
Westpark Motor Company Limited,ChIJ1X61wcEMZ0gRs9RE_PFXh1A
Westpest Pest Control Galway,chijltfs1_mww0grife3awguzbo
West Property Group,ChIJJ22_pPIxW0gRspR5FftqhCA
West Pharmaceutical Products Ireland Limited (Deliveries),ChIJaXl-iXbEQkgRvyzQZt6LaZ4
Westport Physiotherapy & Acupuncture Clinic,ChIJN3whaaFkWUgRZsrjW8D09P0
West Pier Art Studio,ChIJZ1U9vLwEZ0gRKgFYLealRH4
WESTPOINT CAR WASH & VALETING,ChIJ24Lh5FUNZ0gRGV0dbIJZJgc
Call Answering Service | West Point Office Services,ChIJ-3zkg6IRZ0gR8CsrhIatglg
Windermere House Bed & Breakfast,ChIJ4VK_3ttmWUgRFJ_LCNZOMDQ
Cillcoman Lodge,ChIJtRuKN1d7WUgRy29puUqKUuk
Westport town bike hire,ChIJcyVqGlBlWUgR-9BRsk4nQaQ
Doris Brothers Bridge,ChIJJQGIQ1VlWUgRoNJMVzz_zcc
Gracy's Pizzeria & Bistro,ChIJgbstjrFkWUgRb6FTp6fqS9w
Westport Adventure Park,ChIJzUHavaNkWUgRxOdzrc8Agvo
Westport Groups,ChIJIa0jqE5lWUgRfEpBKvuh6T0
Westport Art & Music School,ChIJ21LW5yFlWUgRe2FoqisL82w
Westport Bike Hire,ChIJiUyTBqRkWUgRPTcKFC_6AXo
Westport Bike Safari,ChIJfcddlNhlWUgREcfAnBJTarU
Westport Bike Shop Ltd,ChIJsbTdX6JkWUgRQwlrVLKNokw
Westport Covey Wheelers Cycling Club,ChIJcaGCe6FkWUgRVljpqplPcho
Westport Chamber of Commerce,ChIJBREPjqFkWUgR9oQsuTxFHPM
Westport coastal lodge,ChIJRcdX8rp7WUgRAGbVL3Koz2c
Coast Bar,ChIJc_qYVVF7WUgRD1yxYi_-JOk
Westport Country Lodge Hotel,ChIJbfjX85BjWUgRvnhkxieE5Zg
Wild Atlantic Way Clew Bay Boat Tours,ChIJjdwHb2JjWUgRXxX-zCVhLbw
Westport Credit Union,ChIJB__74aNkWUgRDBV2qg0Skxg
Westport Design,ChIJ0SQ2LPtlWUgR3dATD6Adkzw
Westport DIY & Door Centre,ChIJtYgxhJpkWUgRWum7_YK8kNU
westport electric bike hire,ChIJ6cxhLCtlWUgR30Ibv5AZvsU
Westport Equipment Ltd. - Scaffolding Meath/Dublin - Scaffolding Hire/Scaffolding Sale,ChIJCXR81jVvZ0gRZJzl6NAedsk
Westport Educate Together NS,ChIJ4TaqnsplWUgRmRJycS52kQ8
Westport Floors & Beds,ChIJ1YWn-phkWUgR3TctFCJLoDA
Westport Family & Community Resource Centre,ChIJK0TTj6FkWUgRMxx2WJdPh5k
Westport GAA Club,chijauyuz7xkwugr0fccylcs8ms
The Garden Gates B&B,ChIJE6ej9upmWUgRE_zoJH0sSio
Westport Glamping At Doon Angus Farm,ChIJGRU5qQhkWUgRWmcqjKBlkzo
Westport Golf Club,ChIJ-583thV7WUgRk0O8P4aXmIE
Westport Heights,ChIJ_9ZTX5lkWUgRihndG7pkvy0
Clew Bay Heritage Centre CLG,ChIJ01Va_1F7WUgREBeABOIQrAE
Westport Honey,ChIJKe0bomN7WUgRh5_PL2n0eMg
Ticket Office For Wesport Park And House,ChIJlUdBkrFkWUgRAYOmgfYxcyY
Westport Leisure Park,ChIJsRwc96NkWUgRuxOclLGrCB0
St Mary's Church,ChIJHa1TwKNkWUgRiOgwlPD8t94
Coveys Gastrobar,ChIJFc1IavBlWUgRB887RxPFEoo
Westport Rugby Club,ChIJvXLN6xN7WUgRzCcPHwKnYjw
Westport Sea Safari,ChIJC7cCiLB7WUgRpGDwrc3oBsc
Westport Squash Club,ChIJ11oDOZ9lWUgRSnUcv99fskU
Westport Taxis | Ireland West Airport Knock Transfers & Scenic Tours,ChIJ4Xg4jWBlWUgRsFl0bxpIJZA
Westport Town Hall Theatre,ChIJO33NqaZkWUgRaoIAWx6UH3o
Brackloon Woods,ChIJ2Uq8yOt8WUgRCOfw6WjUf1Y
Westport United FC,ChIJj-SfabBkWUgRWQFLyqCqz0c
Westport Walking Tours,ChIJ_Zo3HaRkWUgRCEDLFTGSP-s
Westport Windows and Doors,ChIJY-sGEillWUgR4B5EHjHUsck
Westport Windows & Doors Limited,chijauyuz7xkwugrwltlpq-b1ec
Westport Woods Hotel & Spa,ChIJzY6-yPSBWUgRuwiJLOcI-Ho
WestQuay Energy,ChIJz6sjLA1lWUgRx_dnwscQNPQ
West Real Estate Management,ChIJK1WoADPoXkgR4RhSoI3GBrU
West Restaurant,0x485bbd0b73f6cfbb:0x1ecdcdcaf4a11a71
WestRevive,ChIJ5dzDwGhjWUgRwmNb8J3QB9s
WestRock,ChIJz6QaxcENZ0gR3P6Pglu9yUw
West Sails,ChIJV12RbuGWW0gRMuy9wGNSkpY
Westshore Survival,ChIJLbtW9eRJXEgRJnTMoeIJLLI
Westside Auctioneers,ChIJBbVoRyJyZ0gRgOAL2ajP0Lk
West Side Carpets Limited,ChIJ9diQTZ5kWUgRocWlYrhhx2g
West Side Cycles,ChIJg7esKlqWW0gRGmaHbcyZHEs
Westside Dental Athlone,ChIJo7OiIvhIXEgRTLm8lHJIYvk
Westside Formwork,ChIJ8dntcm5tZ0gRFjS5ERjcmcw
Westside Gym,ChIJl8-xG6tyZ0gR7UmSpibV40w
Westside Orthodontic Centre,ChIJ1QmY3iWOREgRQQiQfYci2hE
WestSide Performing Arts,ChIJqfwf3gZzZ0gRLuKGRALexT8
Westside Press Ltd Trade Colour & Digital Printing,ChIJnX0YhEQLZ0gRJUGpEHdJk5w
Westside Resource Centre,ChIJzxgI2ViWW0gRv0V4_oEn8W4
Westside Security Systems,ChIJ2WlIFJN0Z0gRP7ooDoOFvKk
Westside Security Systems Ltd,ChIJHx-wFO9bW0gRLuZ9p5DOjHw
WestSide Stage School,ChIJqfwf3gZzZ0gR8o34aYQ3PKY
Westside Tax Consultants,ChIJuQU0REN1Z0gRzeD23MXW_DA
Westside Veterinary Clinic,ChIJ_1NI_tyRREgRXXRvxJU8Dds
Westside Windscreens,ChIJQ9fBlcRkZ0gRD81qKahjjDE
West Sligo Family Resource Centre CLG,ChIJ66F1fXwxWUgRob5s1I5jEHk
West Start Athlone,ChIJZeHOR1dJXEgRzDEgnflrecE
WestTech Technologies,ChIJFTgT6wMPZ0gRywyhG7YzaOI
West Tech Precision Ltd.,ChIJDfWjsrmRW0gRNauqr0IwcpE
WestTek,ChIJXflinxt5XEgRjkZTpJ3nBz0
Western Traveller & Intercultural Development,ChIJ77dShkzxW0gRf1Wv-dnUnA8
Westward Laundry & Dry Cleaners,ChIJsyNGaQ2SREgR8x5r9v1RVf0
Westward Precision Engineering Ltd,ChIJF5WPhmRiZ0gRenxlt2ri4HM
Westward Ho Bar & Restaurant,ChIJ8VUaUalEW0gRbABmsTqK-Pk
Westward Scania,ChIJYT8VOnkoXEgRDpeM3lyAcag
West Waterford Agri Sales Ltd,ChIJF7f833dpQ0gRapU--nsi5ZU
Le Cheile,ChIJhwwc04sXQ0gRSxuq4Ke2Y34
West Waterford Golf Club,ChIJlV0Ae0QWQ0gRUEe5GajHAA8
West Way Cars,ChIJP5g8v183WUgRajmbMAvtFhw
Westway B&B,chiji67u2m2ww0grq_bbmjvj3aw
West Way Sneakers,ChIJiRV0ggGXW0gRPwsC3YoGbsc
West Wicklow Community Employment CLG,ChIJSZynxH-NZ0gRFu0SyQqmYzA
West Wicklow House Blessington,ChIJb7sX9B6dZ0gR3rQ8BDTPmRk
West Wicklow Physiotherapy,ChIJQav-wBKJZ0gRo-sZsroTEeQ
West Wicklow Yoga,ChIJn1oUqL14Z0gR1ROvavExg0I
Westwide Panel Beating,ChIJ-dR5YkyRW0gRj-dZSzAlu6I
Colm Lally Westwide Recovery Services,ChIJ-zF5z-HBW0gRgDWUdIHFJPw
Westwinds Guesthouse,ChIJv9Vc5VSWW0gR_um-JkJT2s4
Westwing Motors,ChIJK6NPJPMSZ0gRx6HEt2itomQ
Westwood Fencing,ChIJoeua_vKxXUgRoboVprN-kqc
Fitzone Creche and Montessori,ChIJ9TFTOK0JZ0gRLr-D3yGViug
Westwood Construction,ChIJ02VUaRpwZ0gRzA-KI0LcL9Y
Westwood Country House,ChIJQZgb6KiTREgRnu3AuRj8Ygw
West Wood Trailers,ChIJ4ZgRG6R4Z0gRxn_5xjsuoTY
We Surf,ChIJ2aUuEFunnmYRvT5SW-cHhcs
WeSurvey,ChIJ46T0HM47SUoRF5DPF478B34
We Take Furniture,ChIJk0JrbyM6Z0gRocImlh7kC00
Wet Dry Vacs,ChIJZ_R9Z_h1Z0gRW1I2mqaiiro
We The Bookie,ChIJ0_WHLkg1RUgRkby4-a4u6uY
Wetidyup,ChIJCfAUdaWrQ04RALedM_NXT0g
Wetint,ChIJ4x7iQ6sNZ0gRExWBdy6uQIc
Wetland Surveys Ireland Limited,ChIJzUCjC65sRUgRJ_8ZJkoAj28
Timahoe North Wetlands,ChIJafNGpuWHXUgROIYKdgp6ov4
FH Wetland Systems Ltd.,ChIJ5YBCP8ASW0gRGskhjzD3U6E
Wet Mongrel Adventures,ChIJ2flTPWmdW0gRW1zTSBIMdPk
WetNose,ChIJ8Xg1DJqjZ0gRahUVa11KGhU
Waterford Educate Together National School,ChIJM9uLK0TEQkgRiFwVsd15KnY
Wet n Wild,ChIJUy-ugRXrX0gRvzOs77jJnTs
Translation Company - We Translate On Time - Dublin,ChIJm2mbCfQPZ0gRFFm2UK9gfBI
WM | Wetroom Materials,ChIJT63T65gMZ0gROAkywApsD18
Waveform Electrical Wholesale,ChIJP7FWiNYUZ0gR06bGoS6kXFQ
wewashwindows.ie,ChIJDdT7CnF2fA4RkUewTlmKmLE
WeWaste,ChIJN_2tG4MLZ0gRsRFh0PcM3Iw
WEW Engineering Ltd,ChIJ74o8EqgwXUgRT1BjMjvViGg
WeWheel - eBike Tours & Games - Galway,ChIJl1HRQVGXW0gRpXtnMUkhqD8
WeWork 5 Harcourt Road - Coworking & Office Space,chijsxtvuq0pz0grmaaf79ip-ik
WeWork Labs,chij8u5ydtqpz0gryn54qxo9agg
Wexford windscreen centre,ChIJQQc-ISEbaEgRoWthIoX5fmQ
The Arc Cinema,0x48681b454b8b7ad1:0x2a41b4ad9e37e58
Wexford,ChIJ8QOaQbwBaEgR0HcqLqfHAAQ
Rob's Ranch House,ChIJmYJBCUMbaEgR4nDR76-U4_Q
Zakura Noodle & Sushi Restaurant,ChIJTYWdzZ8OZ0gRL8BlfYBz16M
Lorraine Horrell adult and adolescent psychotherapy,ChIJT2ywWkwbaEgR2rhWxyZP6AU
Wexford Alpacas,ChIJHdEb8u0daEgRKmm-AGp9qAo
Wexford & Kilscoran Union,ChIJ-w0cY0MbaEgRIfzBdJfVaIA
Wexford Archery,ChIJQYIRED2zQkgR2in6Ojd3XVM
Wexford Arts Centre,ChIJA2Rbr0QbaEgRTZxoU9BfIv8
Wexford Audiology Hearing Centre,ChIJQUAF5JMcaEgRG8bNvKjd4aY
Wexford Auto Body Repairs,ChIJx89fNtgdaEgRB-2wo7WBGjU
Wexford Bible Church,ChIJm5R6w9kbaEgR4A3bL54LXa4
Wexford Block Limited,ChIJ_fJX0egEaEgRvOaZ-nt9NCw
Wexford Boats,ChIJV9Vqbji8QkgRU-hyx3EDnAo
The Wexford Bohemian,ChIJY8N8gz0baEgRMIaRl1QiUHA
Wexford Bus Depot,ChIJDV1w2JwbaEgRX6Kp7G-IFuk
Wexford Cable Industries,ChIJcckQLbUbaEgRwxlIHM8AkYc
Wexford Cabs,ChIJP12V80QbaEgR_a5s3ba_7b8
Wexford Camera Club,ChIJJ7VRRaUbaEgRb23CrwTX_Gs
The Trading Post Service station and Camping Park,ChIJt2skQAMGaEgR-FgLZh_aZPA
Wexford Caravans,ChIJ99wPXQjnZ0gRJ58A8jiJgSg
Wexford Car Centre Nissan & Kia,ChIJyY8QP0UbaEgRUsDbdoqvYrc
Nissan Fast Charge Point,ChIJiQTr1zQbaEgR_xUIY7TKfvQ
Wexford Casings,ChIJBROrcmDmZ0gRI2wyex8d2GE
Wexford CBS,ChIJK1_V6GcbaEgRhIRMDczjHSc
Wexford Chamber Of Commerce,ChIJqdt-TlobaEgRw8rwSAdq9fo
Wexford County Childcare Committee Ltd,ChIJf8ZZiIoAaEgRWGr_sMWTLHk
Wexford Disability Development (C.I.L.),ChIJNalw7l4baEgRNLiFmd5zmVg
Wexford Borough District Office,ChIJhUELVVobaEgR87zxRW30sYQ
Wexford Coffee Roasters,ChIJhXLFMlYbaEgRQpIIHkzP23E
Wexford Communication Ltd,ChIJi5Ii62kbaEgRtfOGV2qanMQ
Wexford Computer Services,ChIJRe2QiWIbaEgRvHm-Dmhcn_8
Wexford Containers & Portable Cabins,ChIJ3zrqB0AdaEgRb9phJyu6gaU
Wexford,ChIJb0o5tGEbaEgRgHIxl6nHAAo
Wexford County Archive,ChIJV6S6h8wEaEgRMZLZmL5r2VE
Wexford Creamery,ChIJ_TiIpmJ0Z0gRWTFxlYq2Wg8
Wexford Credit Union Limited,ChIJoYIOnEMbaEgRxcQiZiMPKfo
Wexford Diesel Services Ltd,ChIJg-WiLskEaEgRFxgZ6KLMFZY
Sunnyside Medical Centre,ChIJP_q_wlwbaEgRhBMh_hMU2FI
Wexford Equestrian Centre,ChIJCYMs8RsfaEgR6gAuSn9VX8s
Ferrycarrig Park,ChIJgU1TrzkDaEgRVAZOBdTu6qk
Wexford Financial Services Limited,ChIJUbF0VUIbaEgRu7WIMKcchCU
Ajax Athletic,ChIJez_U0GYAaEgRTfiGHUYlp9s
Wexford GAA,ChIJJU8LF2AbaEgRJw69POLenEQ
Glenavon Japanese Garden,ChIJhwWXqrDgZ0gR0AB3DozuFuQ
Wexford Golf Club,ChIJWTqNUWMbaEgR4Eq5GajHAA8
Wexford Harbour Commissioners,ChIJOz9GyEMbaEgRl18--rSWw1k
Wexford Natural Healing Centre,ChIJMYsJ5EwZaEgRMmepFKLAUN0
Wexford Hearing Centre - Gorey,ChIJC1-PEoPnZ0gRs6C6yuTo5Vc
Wexford Town Walls,ChIJr4CdoBwbaEgRz5EGdIMt-80
Wexford Insurances,ChIJ1dBIV0IbaEgR6SXJi2qIhQs
Wexford Lakeview Airfield,ChIJfZcsODmnQkgRyhYGlvIsslk
Wexford Lavender Farm,ChIJpQGnOUfoZ0gRp4Y8hNbU300
Gillian Hayes Property Letting,ChIJM9GSL0UbaEgRsPD007S9Ccc
Wexford Literary Arts Festival,ChIJk5x62D_5Z0gRjsBwFvfo16c
Wexford MarineWatch,ChIJk4td26IbaEgRYlIwGBHWvLc
Wexford Marquee Hire Limited,ChIJ1cBksZECaEgRyN7V5p7bHYU
Wexford MassageTherapy,ChIJ05WwX5EcaEgRIMWyUiTvvMM
Wexford Mental Health Association,ChIJKbkUPsIbaEgRi_2IWrOlspw
The Wexford Montessori School,ChIJ5dR6nV8baEgRy8XwqL3H77g
Wexford Motor Club,ChIJmQBt4mAbaEgRZ4guEZf9Xjk
Wexford on Ice,ChIJQ0AZZ0QbaEgRTE0_gLQz12A
Wexford Festival Opera,ChIJj7scFUMbaEgRMEqAtIGmXpI
Sky View Café @ Wexford Opera House,chijaepsqumbaegrmsiukqyf2ra
Wexford Orthodontics,ChIJh0aLr0MbaEgRr6uDwk00P3g
Wexford Painting,ChIJV6t8gfkdaEgR5ony5VnFrvQ
Church of the Assumption - Bride Street Church.,ChIJs-IQnEIbaEgRe7KClwNquGU
Robert Brennan Memorial,ChIJi5kYv2wbaEgRCS0c1o0CHU4
Wexford Pet Supplies,ChIJ0zM2fXIdaEgReiZGTjvXn7I
Wexford Photos (Wexford Wedding Photos Ltd),ChIJpWYRBZgcaEgRdJItXGbHc-o
Dr. Anne Dempsey,"Dr. Anne Dempsey, Bsc, Msc, Dpt, Miscp Chartered Physiotherapist"
Wexford Home Preserves,ChIJs-QGD-u2QkgR2X3Nd5By6gc
Halnon Humphreys Estate Agents,ChIJ-Y7wE2vnZ0gR-9qnw2PcVes
Wexford Racecourse,ChIJ9S5evqQcaEgRDj7khU3kbLU
WxRCC,ChIJjdNZExUbaEgRirN5Bx52lyw
Wexford Reflexology & Holistic Therapies,ChIJ-yFw_RAdaEgR_TmVUjq42ss
Wexford Rentals & Property Management,ChIJ2f3qgEMbaEgRKpmEaUx2Vg8
Wexford Wanderers Rugby Football Club,ChIJ_Wrqvq0caEgREUYLiHK6E58
John Ormonde Wexford Sand Ltd,ChIJUQAPiBoGaEgRdub75mwdqpE
Wexford Sand - Equestrian Sand - MSK Silversands Wexford - Sandpit Wexford,ChIJ4fz2CesFaEgR1PHlydqzNm8
Wexford satellite systems,ChIJQZvcZX4daEgRdgQwEeZA2SY
Wexford School of Ballet & Performing Arts,ChIJB7-FnEQdaEgRrOonXjx-2Mk
County Wexford School of Music,ChIJc4l7H14baEgR-UxN0uOa_Zg
Wexford Skin Clinic,ChIJqzkvZUMbaEgRF7vJpQXc8Cs
McDonalds Solicitors,ChIJ30sBaEMbaEgRjh7zKD7SjNY
Wexford Society For The Prevention Of Cruelty To Animals,ChIJUWJzMWYbaEgR36UUiORAAlI
Wexford Spiegeltent Festival Box Office,ChIJV_RyckMbaEgR_E4kh5fdw8Q
Wexford Stoneworks,ChIJV3yaAbogZE8RPVfX7uGhGiQ
Wexford Support Network,ChIJtzhJkWcbaEgRAHvwno6ALiQ
Ferrybank Caravan & Camping Park,ChIJle8I-jcbaEgRFWP4gLz31fk
Wexford Teakwon-Do,ChIJcSk_e50baEgRyHq_MPyJKHI
Wexford Transmission Services,ChIJefMG_HQDaEgRAE-1vDx-w10
Wexford Tree Services,ChIJVR2pSuPnZ0gRdY5WNtO7yoU
Wexford Ultrasound,ChIJNzanPEUbaEgR7rTen-LsHKE
O'Shea,0x48681b6650112a45:0xecc11c81f8592ae0
Wexford Viking Glass,ChIJKw6hmJkcaEgRY0sVbGw0qfc
Wexford Volkswagen,ChIJSYIJpXcbaEgRCXYSNvYZ0FE
Three Rocks Trail - Trail Head,ChIJrywS72QdaEgRba74QKhxV0U
Wexford Websites,ChIJabykjM0daEgR0EO6MGX8Z0w
Raven Nature Reserve,ChIJXxiQXhIFaEgRlGmzxwSE3R4
Wexford Wildfowl Reserve,ChIJHdkOBS0FaEgRzPeWAmaRFPE
Santa's North Pole Experience,ChIJl_dQcEQbaEgR2yCt9v2CFhc
WexKit Ltd,ChIJcYCRg42rQkgRp7WdjpePlkc
Nigel D Allen & Co. Solicitors,ChIJkYJX01obaEgRAFdeqz-outw
Wexford Photography,ChIJK1k6Xxq5QkgR496eFU1MiG4
WEX TEST CENTER,ChIJg9mK0ncbaEgRbkvT8j0lvD4
Wextrade.com,ChIJ6bDqsCGnQkgRcTpYCpGDeRY
Warren Flavin Architecture,ChIJs_YssdPGQkgRHuuRAlCkqcY
WFC Properties Limited,ChIJMcF4wiL-Z0gRGyj73yP3rGg
William Farrell Ltd.,ChIJgbCVJDwNZ0gRv44hK8_-KFc
WFQA,ChIJEWse100LZ0gRGd7VvJkgGjw
Worldwide Flight Services - Dublin,ChIJ7Y_jjsoRZ0gRzk3ZCVHY5X8
World Fuel Services,ChIJK4FgArQPZ0gRWdEibYadfXU
Wild Geese Martial Arts & Personal Training,ChIJe28MevwPZ0gRZwxMWOw52AU
wowgreen cleaning services,ChIJCyPg2SoPXUgRe1UeKzE4UBw
WGG Architects & Surveyors Ltd,ChIJ7wE2SkTnW0gRs5LBUX_gBXc
William G Henry Solicitors,ChIJr9baXP2-XkgRSDDhMe-_MP4
WGNSTAR,ChIJx4WNChZwZ0gRaJ1uUM8v13M
W Gore Construction,ChIJpV-iykhAZ0gRQrbLb8P4S8A
WGP Wholesale LTD,ChIJB1g2hlFRWUgRq48CHQ19eM8
Walkinstown Greenhills Resource Centre,ChIJq6UdKJcMZ0gRl_Q1o2mp7JQ
WG Skelton Ltd - Official Samsonite Service Centre,ChIJRa6HN4ISZ0gRGk1qUijp-zA
Westmeath County Council,chij32ugmhdaxugr2shmzyhvbqy
Whack Vintage,ChIJM56VBIddW0gRHOl3BgYKGU4
Whale of a Time,ChIJIyPT5nN9Q0gRQvF65BaRkhM
Whales Worldwide,ChIJq_k5coCuRUgRS5O3sThxvQY
Whale Theatre,ChIJwzBYmS6vZ0gRT69XkdaP57c
Whale Watch West Cork,ChIJiUeEYyyjRUgRGQpVkS7cVTQ
WHAM Workshop | 3D Printing,2c5406e7cf860f0388cae80134a98570
What.Reviews,ChIJI50tICOxXUgRUf6jVAOx6p0
What 2 eat,ChIJF-TGk-lpZ0gRbbAzXQZYy1Q
What About Us Music,ChIJSW-MmwYJZ0gRJGSRpm6mA2k
What A Pane,ChIJKdqPRCYPZ0gRJLp6VvdBehA
What? Barbers,ChIJXTbXUewJZ0gRGtwm1UVYhd4
WhatClinic,ChIJ-U6xEL4OZ0gRhqblEyK6kZs
Atkinson Hypnotherapy & Life Solutions,ChIJSdUtckoLZ0gRqVgyrskK0Lw
What the Pup - Pet Groomers & Daycare,ChIJwVxhnyUJZ0gR1o4WZMPC-PM
Whats IP,ChIJZTdS-cAPZ0gRepwW_JRK6NM
Grove Service Station,ChIJpXgO6_ZIXEgRnq_-emz-2Pw
WhatSheWears,ChIJV9eXod4OZ0gR_olSGWzUvUk
What's Next Coaching,ChIJIV697uULZ0gRQ04Z_KgKBik
What's on in Kerry,ChIJT2Z1Z3o1RUgR_F8eSi4breE
Whats On In Westport,ChIJd5C1ix1lWUgR_asLW8CK_-E
Whatswhat.ie - Irish Online Social Business Platform,ChIJocU-kmaoZ0gRY9sLBOFxqlY
What Women Want,ChIJ1-bQ5Qg8RUgRrFG4jjtquR0
Whatzere Global Ltd,ChIJBZyBsmhJXEgRgVnFzrS_Srw
WHB SERVICES,ChIJd6GTVg1JXEgR1xm4qcgCg_4
Wexford Harbour Boat & Tennis Club,ChIJlzLeolobaEgRbEDtbrEiz-U
WHC Lab - Fermentation and Quality Control,ChIJ48pzWailZ0gRPqTN7xL2n_A
Wheatgrass Powder and Tablets Suppliers,ChIJtd-dZuiPREgR4UKwD_GEKe0
Wheaton Hall Dental Practice,ChIJO6CYgTo6Z0gRvlQfQ0FhO8I
Wheaton Hall Montessori Academy,ChIJWc6-bjc6Z0gRZtUxf7yeDSA
The Wheel,ChIJlx7HrYQOZ0gR4XCFtKbsYYk
wheelalignment.ie,ChIJh3vR6ZASZ0gR0mxn80nnqPY
Wheelchair Solutions,ChIJdYM2q6UPZ0gRNyZtQ2GhVWk
Wheelchair Xpress Taxis Dublin,ChIJsXBLWSGdZ0gR3SrgVmvenEc
Bill Wheeler and Associates,ChIJj0Ib92QAaEgRt1xZ_Lsni7o
Wheeler Auctioneers,ChIJP4ohCulVW0gRYMokTdPRMso
Wheelie Clean,chijv6zc0s2yyegrcxianbyrhug
Wheelie Good Buns,ChIJQ6n3fFD3XUgRkhkNkzlC4OA
Wheelock Christmas Trees,ChIJK6QFEeuqQkgRQlvE_6WNQOQ
Wheels We Deliver,ChIJeSa7C8cMZ0gRfl_pVNi4ua0
Wheel Wizards Tyre & Alloy Wheel Repair,ChIJhYeHUvYNZ0gRVkkGVGK6Mdw
Wheelworx Bike Store Fonthill,ChIJmb5M595yZ0gRCYlh_oyhYlE
Whelan & O' Keeffe Construction Ltd,ChIJQ-JGjKEMZ0gRD_dEqAd7yuA
Whelanapier Security Systems,ChIJQ8Cj5AgJZ0gRfpcHTnhL0pA
Whelan Cameras,ChIJO38Ym2ZcW0gRn6pm-KDd_rw
Whelan Carpentry Services,ChIJ9XmyQCC_REgRGaLGGBc0Axo
Whelan Cleaning Systems Ltd,ChIJCa8QxWkbaEgRxcHSPbVYzq8
Whelan Construction,ChIJ70a4crAvQ0gRPNf16XpmM5I
Whelans Auto Dismantlers,ChIJcUqdsrUMXUgRsCMt6OU0aw4
Ruairi Whelan Consulting Engineers,ChIJGcq7IHd1XUgRujhqg7DIfUs
Whelan Enterprises,ChIJDSFZXPIPZ0gRh8s64RdQSWo
Whelan Law,ChIJnbPoBN3LXEgRaVuZ1_lLdyA
Whelan Life & Pensions,ChIJjxkNJ2cLZ0gRhB6nXRCLpUc
Whelan Plant Sales Ltd,ChIJSTsMB2JyW0gRTELRyGKawRI
Whelan Refrigeration Ltd,ChIJCYrE6qA7RUgR02kCM6pwwsw
Whelan Sawmakers Ltd.,ChIJd7T61pTDXUgRwS6QsIIaLaQ
Joe Whelan Ltd,ChIJoSQUMBt5XEgRALheYn0CLIE
Whelan's Gourmet Foods,chiju0qi-pcmz0grbc_deceawxa
Whelan's Shoe Shop,ChIJXR79mQDRWkgRzwak7_c53is
Whelan Footwear Distributors Ltd,ChIJ9WE1AN4cXkgRMhoDBFx9xdg
Whelan's,ChIJeVe40Z8OZ0gRWQrpG0YiJXA
Richie Whelan's Menwear,ChIJoweYvL14Z0gR55KIFo0eLsY
Whelan Solicitors,ChIJGxKeaxeQREgRAvVoGYRk6MA
Whelan Web Design,ChIJwYnBbqjGQkgRrWnv5jBdL_Y
Whelan Web Design,ChIJjWqLdsnGQkgRdmQf_ayAhKg
Mark Whelan Web Design,ChIJk0KRZ0XxW0gRDZe9aGceK9w
Whelehan Funeral Director,ChIJGZrNc31yXUgRCkDit5tgJYw
Whelehans Pharmacy,ChIJB0BTrh3AXUgRo3mZT2EzElI
Whelehan Solicitor Tralee,ChIJFyQu63o1RUgRKFN8ff3YeLU
Whelehans Wines,ChIJj98rPggIZ0gRPaigezG15IU
When Poppy Met Daisy,ChIJr8ALm4IOZ0gR_e0VfQ_U2nI
Where Angels Whisper,ChIJtdfS52cbYEgRkO4TSP_P9Nc
Wherity Chartered Surveyors,ChIJn1pEs5I8Z0gRjUOS-6Udqa0
Wherlands Lane Medical Centre,ChIJAQAAwHGQREgRSmkaOfU2-7U
Whetstone Aveda Concept Salon,ChIJ6cFsPi6xXUgRhq7XiTd2gRo
W.H Five Loaves,ChIJ5Y8c64ioZ0gR9XWW54b6YUc
Whiddy School House Accommodation,ChIJoXwOrzwLRUgR3PIBsvjclFY
Whiplash Beauty Services - Eyelash Extensions,ChIJx7-e_rYNZ0gRnWzuigzxsfM
Whiplash Beer,ChIJo-FPJ8kNZ0gRmviPe4k_AR4
Whipped2glow,ChIJgUw1fMerYEgRBR-HSDg7w8s
Whipsmart Media,ChIJgw6aMtkOZ0gR9AAFty9NVZ4
Whiriskey Refrigeration & Air Conditioning,ChIJj70Io_qWW0gRvTpLnbNnNKc
Whirlpool Ireland,ChIJ58Ep4d9yZ0gRoEuBjFT1CcI
Whiskers@Iskaheen,ChIJWzZhkMgJYEgRiY4rdnbh7j0
Whiskey Bidders,ChIJGQPzzgzBXUgRsyfzKyCjfho
Limerick Whiskey Experience,ChIJlyq3obRdW0gRquptSCs65OI
Whiskey Investment Club,ChIJLctvJbo5Z0gRIWUCWOG9_oc
Whiskey Island - Irish Whiskey Tours & Tastings,ChIJZ9YO9XAbZ0gRqegKbC9J5ls
'Whisk'y Business Bakery Bjd,ChIJfy8F3HxgqEMRe1PncL1r2wE
Whispering Pines,ChIJY15F5FKBREgRUG_HwX3TRas
Whispering Pines Kenmare,ChIJ_4ZRfc5tRUgR4ycfUwHPRQo
Whistles,ChIJAY2LhJsOZ0gRdSnVbFgmAb0
Whistlestop Gifts & Interiors,ChIJSzSHgk07WkgR-g1h3yppnzk
CA110 Seminar Room,0x485b96f4b57cbb89:0x76f36ecad75b1a4e
Whitaker Lodge B&B,ChIJO6NUyW7vXUgRC4fibtbx5Aw
Whitakers Hatcheries Limited,ChIJk5g3HSqEREgRO_2E6bKAt9Y
White & Green Home,ChIJhR4fghkJZ0gRyiqlQJssStU
Whitebeam Wellbeing Carlow,ChIJWzfxc6JgXUgR0clBrOHITuk
Whitebox Property,ChIJva3lWhpdW0gRXC54c7eDee0
Whitebridge Training,ChIJuQsDr_xXQ0gR3uh8soffUcQ
White Canary Counselling,ChIJqavpd3I3Z0gRW7V5EUHKTFw
White Cat Studio,ChIJKVroTEaTREgR1UoEAwgXWFI
Whitechurch GAA Club,ChIJazLuRtqWREgR1HuJvSO0vsk
Whitechurch National school,ChIJgfxGgiaXREgRIzT25m--XX4
Whitechurch Parish Church,0x48670bbd9e54940b:0x95bf64d9445503f4
Whitechurch Tennis Club,ChIJazLuRtqWREgRdgWybr9nGGE
Whitechurch Transport Ltd,ChIJ-R31xlfWQkgRx2YtJSBpY8o
White & Company Accountants,ChIJEcg2RBeQREgRyz0uEb67atE
White Collar HQ,ChIJly7KshAMZ0gRGsq1jE1SoVk
Whitecroft Developments Ltd,ChIJsxx5SOWWW0gR2dJRuWPYhxQ
Whitecross Primary School,ChIJ5fJyMHo7Z0gRjGHDPZRL4_A
White Design,ChIJo0betUGRW0gR0Z1CvjNghvY
White Design Build,ChIJS7J1NvbTYEgRSJuruf8NYwA
White Designer Studio -Bridal Studio,ChIJi352lbVEZ0gR3YsaUW8QCqk
White Dog Canine Coaching,ChIJk34VDJiXW0gR-1fVF95sN5I
White Dove Nurseries,ChIJK1thK0ZdW0gRnejlICzh-XE
White Events,ChIJ-c_mfhh0Z0gRu43T4re1XPY
Whitefawn boutique,ChIJ4VfHNqNXREgRBnczSaZvuA4
White Feather Boutique,ChIJrQ_deuVdW0gRoQOTcjJSb20
White Feather Ladieswear and Holistic Shop,ChIJs6f312s7XUgR3gDxv5ZANVo
White Feather Well-being Centre,chijsfxsz0k3xugrsrdneb8v9me
Whitefield Hall,ChIJRd5eTuA7Z0gRWvkPOWjPK6k
Whiteform Construction,ChIJ78j8_u5xZ0gRkeDIZMsNeuo
Whitefort lodge B&B,ChIJwa_j-YfFXEgRyfuuVZ3NeZ0
Whitefriars Creche and Montessori,ChIJP5JQRScMZ0gRZ6I1fMD9e6Q
Whitefriar Street Church,ChIJicuZVScMZ0gRPtSQuaGG2nY
Enjoy From White Gables,ChIJXfu19kq-W0gR0thU0tLUr_U
Teach Na Coille B&B,ChIJvcgzDrF9Q0gRdrSB36BH6Tg
Scoil Cholmáin Whitegate National School,ChIJ1xoxL9FiQ0gRXqAcA9er13o
Holy Child Catholic Church,ChIJ1bOWVDkOZ0gRazWJ4dxl_r8
Whitehall Clinic,ChIJWYOPbj4OZ0gRTzdeqdeiaIw
Whitehall College Of Further Education,ChIJhVyV3nMOZ0gR7nJydRmPma4
Whitehall GAA Cloghran,ChIJk-m26yMOZ0gRJ1fjGrnahMg
Whitehall Medical Centre,ChIJg591FOWWW0gRnasyzsg--1U
Whitehall B&B,ChIJFYrVrSljQ0gRCwkItVlRTYI
Whitehall Rangers,ChIJ4XKmDsIRZ0gRnSVEkImDaa4
Whitehall Terrace Restaurant,ChIJqY4zPOcPZ0gR4_-vjHUTN-M
White Heart Healing,ChIJx3fXt_wxQ0gRZHOedBARzIQ
White Heather Farmhouse,ChIJ05a0DRoTRUgRfLRHjBgKSA0
Whitehill Eco Farm,ChIJm3MeiAACX0gRiXlWLpO0nuA
The White Horse Gastropub & Music Venue,ChIJIRVHu3qSREgRHkpEi5d0GFQ
White Horse Insurance Ireland dac,ChIJme_V0NRBW0gRnZactYr09eo
The White House-Glengarriff,0x48450d3c3ba68ab1:0x5dc3fc9214a917a8
The White House Kinsale,ChIJuRdjsuRhREgRE7JuAJTkVSA
The White House Café,ChIJ6dPgziGDRUgR6hoSIrmZ8Ks
The Whitehouse Dental Clinic,ChIJqyi_-6u7YEgRGnTIsn8wHks
The Whitehouse Inn,ChIJaUd-e3o1RUgRzfBqMkNzmhs
White Landscapes,ChIJKeL747gBRUgRsu3ay4uO1H4
Whiteleas Farm,ChIJrzBGGjg8Z0gRdhek6zrmFi4
Whiteley Cleaning,ChIJUcRT44N3XUgRyTvT-WvKXVg
Whitelight Ltd.,ChIJUdtUbAnAXUgRM5cPa8w6HeA
White Light Consulting,ChIJaQqPVCQ6Z0gROngzBr_BlAE
WhitelightEvents.ie,ChIJh3DqajE6Z0gRDstrGARkXYs
White Light Healing,ChIJm4RoZS9zZ0gRoJyqP96N43I
White Lodge B&B,ChIJPYxrYS5jQ0gRNTqcelO9-L4
White Mausu,ChIJe2WbusoNZ0gR4hqa-QaGYec
White Meadow Interiors,ChIJkSWZY0ExXUgRLKH1L7I-WiA
Whitemill Medical Centre,ChIJz7yfv54caEgROAGEU2NT5qY
White Moose Cafe,ChIJaTDBudMNZ0gRXHOU42zNtro
Whitening Ireland,ChIJ_euniBtzZ0gR6EUC8BJ8puA
White Oaks Rehabilitation Centre,ChIJ4QAgdvniX0gRX50c_eH_qMQ
White Owl Cleaning ltd,ChIJV1faBCKFREgRyWBGFkkDHLM
White Paws,0x48453c06278ed3bf:0x3f812e78363df39b
Whitepine Productions,ChIJ1b6H-6ELZ0gRltVH9vkT1QQ
White Pines,0x48670b90f21b86bd:0x3b0670ba90dee9ae
White Rabbit BBQ,ChIJBfvGwA6QREgROKEjxwM_2Aw
WhiteRiver Karting,ChIJG26pkCE2Z0gR17h2JWYGew8
White Rock Quarries,ChIJ9-9o5T-5REgRo1abnkWWInA
Whiterock Family Practice,ChIJxW61xoMcaEgRpSvt7yYLT3M
White Rose Healing House,ChIJMyDlD1mFW0gRynnz1Z6b4L8
White Rose Holistic,ChIJH6DzkJ7rXUgRGdOgufwnzAE
White Rose Sanctuary,ChIJ1WLCchMvW0gRBktF57q0nkQ
Whites Agri,ChIJrX-TxX8XZ0gRWojIVww_pdE
White Sands Hotel,ChIJizIwn-y2WkgR4RI_1HIK564
White Sands Hotel Portmarnock,ChIJBRl0xOIaZ0gR8_Hhmi_ZdPw
White Shepherd Creations,ChIJ4RfalJ8BaEgRmKPZ-h-YW5g
Whiteside Cullinan,0x48670e9bcc747861:0xfd533855ce91a229
White's Laundry & Dry Cleaners,ChIJKYXmHWEaZ0gRXSXwibsbYlg
White Smile Clinic,ChIJvb_RxfiWW0gRIgGi87Gjxhg
White Smile Dental - Metal Braces & Invisalign,ChIJgbhcY48MZ0gRLrFABQBbPbw
Whitespace design agency,ChIJEQrJBS2xQkgR6fIy7Fv14gQ
White Stag Celtic Outfitters,ChIJeWzKETCvZ0gRAc3cMkZTMI8
White Star Dry Cleaners,ChIJIbdodF0JZ0gR97K-tg7_hAc
Whites Tours | White Hotel Group | Ireland,ChIJFYXoMAL-XkgRqWe-FuVA8M8
Whitestown House,ChIJD2Y9I77VYEgRW5TzCjaZiL0
Whitestrand Bed and Breakfast,ChIJZTjBmV2rikgRG03kiJtIasA
WhiteSwell,ChIJhWaWf2CRW0gRWboRQQ-5Raw
Whites Windows And Doors,ChIJj9JrIg51Z0gRELwY0NKMRKI
Whitethorn Lodge,8fb93bbf4ac59778bdcef395fa01ffd4
Whitethorn Lodge,ChIJDVvpMZGeXEgR7PzJzBjREqs
Whitethorn Rottweilers & Cattery,ChIJA3rHioc0RUgR67PmGLr38MA
Whitethorn Village,ChIJP848CWp5Z0gRrNofTuyt0c8
Whitethorn Wellness,ChIJR00fgt0aZ0gRkiC29RNRM-I
White Tiger Clinic,ChIJf2X2wkQbaEgRnWYIlQ6KnQU
White Tiger Martial Arts,ChIJl7ON-wddWUgRuXLdiH4jnXc
White Travels International,ChIJUW_wIgUHW0gRvxinh_Xy-qw
White Tree Photography & Film,ChIJzVn57LOXW0gRgdIZSWr0vNo
White Tree Studio,ChIJkZbRbsD1REgRzOXIWc_qTvg
Whitewall Ltd.,ChIJrcUeN7MHZ0gR3JM5s73vTA4
Whitewash Laundry,ChIJIf8YXuoOZ0gR7xHssgyohLo
Whitewater,ChIJbSRjjcSpZ0gRTileyHN5Zog
WhiteWater Shopping Centre parking,ChIJzxlOcQR_XUgRwWjx4W8XJqE
Whitewater Surf Company,ChIJc9e1YtcCW0gRYV763eKW3d8
WhiteWell Studios,ChIJb-1WpEh8Q0gRNJsZiYjUOP8
White Willow Natural Skincare Clinic,ChIJt9jJoR4JZ0gRNWlAGIiajQg
White Willow Counselling and Psychotherapy,ChIJT_pXCPYLZ0gRmVotmQS1p_o
White Winds,ChIJ3cIhPayvXkgRJInVl-6EIIw
White Witch Connemara,0x485b9b9c8502ae2f:0xfd0a2dbafbbdf0fb
Whitewood Lodges,ChIJSQGTVI2OXEgRXpRDATlvMgc
Whitford House Hotel Wexford,ChIJw6QXEpwdaEgRHuVOSkRtxVI
Whitford Pilates,ChIJhbhIvVSbREgR9Xb-_1r--Bw
Whitford Properties,ChIJSciycyfEQkgR_se2QNKkMDI
Whitmore's,ChIJ47B7-k_mZ0gR83Tc38L3_CA
Whitney Career Guidance,ChIJcdvBn5YAaEgRP_iqNQ9fNOs
Whitney Moore,ChIJ7eTmbL0OZ0gRdzLOXE7Q9A8
Whitten Heavy Haulage,ChIJPXzq8Tb5XEgRKutnnNr-4p8
Justin Whitty Chartered Building Surveyors Ltd,ChIJDftEHh2nQkgRWbLpdt4PsAA
Whitty Autobody Accident Repair Centre,ChIJf9io7jawQkgRmk9x0CcFcdc
Whitty Security,ChIJWW8P84PlZ0gRAo9xzOprEnE
Whitworth Medical Centre,ChIJAeESmXsOZ0gRdoQAKlp3QlM
WHIZZ.ie | Top Digital Marketing Agency Ireland | Social Media Management | Web Development,ChIJfdXw36ZBQ0gRG-nCqJS9AAc
Whizzkids,ChIJy1rBMbdfW0gRyn7dmClKYjw
Whizz Shuttles,ChIJk2FL9jCWW0gRDn_qtOlZN98
Whole Body Synthesis - Amatsu,ChIJEasTOqFEXUgRfUzdvoeCFb0
Wholefoods Wholesale,ChIJKUA3IsEMZ0gRzJaK-tE4jT8
WHOLEGAINZ,ChIJsWvSI6oJZ0gReu6l0aqBXVA
Whole Health Design,ChIJtXA8aKUYZ0gRZzd5ZxVSluk
Wholehearted,ChIJ-_pscCFOc4oRXR0d35AY2tc
Wholehearted Counselling,ChIJ57jwoTZzZ0gRuEVdAl7b6o0
Wholeness With Willene,ChIJnfC9w4N_XUgRJ1JvYI5B5RU
Wholesale Direct Furniture,ChIJ4RY4pkQLZ0gRJ-Kj9tr8210
Wholesale Directory,ChIJ0c5wK6leW0gR65aaM7-8yXY
Wholesale Engineering supplies,ChIJ_cfe18V0Z0gRqNgAY3Whckg
WholesaleFlowers,ChIJ8XoTogkJZ0gRPJmyIZujOh0
Wholesale Phones Limited Ireland,ChIJY8yi3zQPZ0gRETn8O6RxvZo
Wholesale Suppliers Limited,ChIJG2alz-c_XUgRNqQrGkz4SvM
O'Keeffe McCarthy & O'Donovan Textiles Ltd,ChIJu0mwhy2OREgRDA8JzK30Eqs
Wholesalevapesireland,ChIJV1FfMtnBXUgRpn0a5CKIp3c
Wholesale Wardrobes,ChIJ6eDB_yLFXEgRvyqbPZFEp18
Wholesome Kitchen Restaurant,ChIJnaQwWa_BXUgRnj9hBVE0268
Wholesome Nutrition,ChIJV74HTy1xZ0gRxg8BLjP6uxQ
WHOLESUPPS,ChIJr_ROMrZ0Z0gR4xAVaCGtKhQ
Holistic Healing House,ChIJyat9JeWWW0gRvbKg8pjcbtk
Wholistic Wellness,ChIJY5v6wMAIZ0gRg24wbamlmM4
Wholly Cow Burgers,ChIJJZl4GPeWW0gRQ-oQnOZdCss
whoops.ie McSharry Foley,ChIJV2g-NDToXkgRAZHzOWrmgR0
Burger King,ChIJEZU73YMOZ0gRVp2SV6B7ITE
Whoriskey's Eurospar,ChIJ-_Jol9HtX0gR3H8AxlisAj8
Whoriskeys Heating Oils,ChIJt-zZJs7tX0gRu3_2h9g4rD4
Whos 4 Shoes,ChIJDUlCvKI9RUgR5CODDsk6Ysc
WHO’S A GOOD DOG?,ChIJEY5HNpoPZ0gRsufGt0jDgYI
W Howard Kildare Limited,ChIJ6wSdqPR3Z0gRDqIEgaydpJg
W H Raitt & Sons,ChIJt-fxvcy-X0gRs40zVv83plE
Waterford Harbour Sailing Club,ChIJ3ytGe6_qQkgRACRsGO5a1lo
WHSmith,ChIJy_6srLARZ0gR8RbfaRyDkFc
Lucky Cazino Dublin,ChIJlyKWhjgNZ0gRCXGDmhMxKmk
Lyreco,ChIJ1c9URMkMZ0gR24u46C00Dfg
Whyartandcraft,ChIJCy2U8ScMZ0gRQZMH2o6-ZRk
ASAP Innovations Ltd.,ChIJu-DwBRBzZ0gRb0M1yvvuQI0
WhyKay,ChIJqQyc8gd1Z0gRpUI0NDcEQ1E
Why me? Why not Hair Studio,ChIJLXFH1OxzZ0gR-tVkorHyu1c
Why Mind - Counselling & Psychotherapy Cavan,ChIJq50JmhkNXkgRBAmDv0-u0Ho
Whynot Dance Company,ChIJVVWR4p0OZ0gRP1_ef-rGqRs
Whyte Agri,ChIJS1DKg7DJXUgRDmP8TYhmHOw
Whytematter Staffing Solutions,ChIJn77B_OoPZ0gRhTBnYwlxN78
Whyte's Irish Art & Collectables Auctioneers,ChIJQ7THzZsOZ0gRlkYzmDI3_8c
Whyte's pharmacy,ChIJjXesFJtJXEgRdS_evD8eJ7k
Why Wait Wexford,ChIJpTmQwZ7jZ0gRf7RFTTrVW-o
Why Weight Ireland®,ChIJc1Sf_u3tZ0gRU02ONLg9ZJ8
Wia,ChIJq6oa3ToMZ0gR-QrwUAjCLG8
WIC Contracting Ireland,ChIJ6XY0tOgOZ0gRNdy0RdhLgkU
WiCAM Ireland,ChIJjeBGass7Z0gRABhOJj-p8gQ
Enniscorthy Main Mosque,ChIJX_ozVK0BaEgR2iZCInSlV6c
'WICH+BREW,ChIJx3iw6qLHQkgRU6L6ogmxLwU
Wicked beauty,ChIJbyhImmYVZ0gRytWAb7paDQc
Wicked Campers Dublin,ChIJm0awe88MZ0gRM2XJMEHKWIs
Wicked Shop,ChIJ49tbO7E9RUgRIyddwc70P6E
Wicked Vapes,ChIJ0TUW8hCQREgRDUuTzNFun3g
Wicked Wholesome,ChIJ11uW_riFREgRia1y7DRLKSo
Wickham St Studios,ChIJqUwT-GVcW0gRVVVZ_jNyUMg
Wicklow wheelchair taxis,chijivhwmhmpz0grch5aer1ie8u
Slots Poker Casino in Wicklow,ChIJK7NmRCuxZ0gRRojequu2A0Q
Coral Leisure Wicklow,ChIJJxy8-bawZ0gRPhosiw7SSbM
Hazel and Davi’s Wicklow Farm,ChIJvUTI0Yu7Z0gRQorIJwR8P9k
Arklow Municipal District (Wicklow Co. Co.),ChIJ10AF2fzDZ0gRaLjMGN0Q7ZU
Wicklow Tours,ChIJYwTzNz0PZ0gRw2NXeVvzYR8
Wicklow Adventures,ChIJ2cCGq_e-Z0gR9fAOSOrz8U8
Wicklow Alarms - CCTV,0x4867af9c49646987:0x77d60f9786af6d78
Wicklow Aquanauts,ChIJQ2Pgk56pZ0gRc-wxN7N_otQ
Wicklow Wellbeeing,ChIJHWKG5hO_Z0gRy6znRNk-9hY
Wicklow Boat Charters,ChIJXw3bSkq3Z0gRzscdIhGMG0o
KidZone Wicklow Town,ChIJkRLCJrCwZ0gRM4li9Oxdltc
The Wicklow Brewery,ChIJjZGAJae4Z0gR4KNpBPqHYo8
Wicklow Calf Company Limited,ChIJmebOYh3qZ0gRAAvM8nXR65c
Wicklow Cancer Support,ChIJI3NYYsaxZ0gR3BUE6IT-slA
Wicklow Chamber of Commerce,ChIJ1YwR1PmxZ0gRL-gmOF352-8
Wicklow Chess Club,ChIJHbqo5sqwZ0gRSAuupvfGxRc
Wicklow Christmas Market,ChIJlXTLuqOxZ0gRHnb0hZ7vRxA
Wicklow Christmas Trees Wholesale only,ChIJz0Z-q766Z0gR4aq4mIafqjg
Wicklow Parish Church,0x4867b0ca1838280b:0x45580cb268131e6
Wicklow GAA Centre of Excellence,ChIJX8JMquy-Z0gR551yhnY6Jy0
Wicklow Community Services,ChIJffiLacmwZ0gRMX2fuK4ABhg
Wicklow Counselling and Psychology,ChIJXfrRw5S_Z0gR06qYo65lrPo
Wicklow County Cricket Club,ChIJ78jjvDGpZ0gRK0HePtxqyjE
Wicklow & District Credit Union Ltd,ChIJVQeeFMuwZ0gRJIPVZgndvG0
Wicklow Décor,ChIJeT0OQ7evZ0gRmCeLlPT_mBU
Wicklow Democratic School,ChIJaVXeAF-7Z0gREVJC3Dei8qA
Wicklow Dental,ChIJZdWnj8qwZ0gRUdHDL3Ez5hE
Wicklow Drains,ChIJqdh7IF-3Z0gRKnkPUyf3gf4
Wicklow Enterprise Centre,ChIJ3-7z9JixZ0gRpC9BGJO-G_4
Wicklow Equestrian Centre,ChIJz1QWwaC8Z0gRRRBqAXrz_mU
Wicklow Equi Tours,ChIJqRBRZ2S5Z0gRllNWHN6YHX0
Wicklow Educate Together National School,ChIJxc2odcmwZ0gRESHVMbYlnkU
Wicklow Family Practice,ChIJY6yYSO2xZ0gR4wL1uXFBtS0
Rath Bán Farm Cottage,ChIJXfrOJcjyZ0gRQD3Ac8zf9Hw
Wicklow Farmhouse Cheese,ChIJL6CJ4bAMZ0gRnKdR8ofYmpw
Wicklow Further Education and Training Centre,ChIJ2Vc3aMiwZ0gRtrqpWdNvFPg
Wicklow Fireplaces & Stoves,ChIJ84zbBtWvZ0gR__bqzTUIpfg
The Vartry Angling Club,ChIJiUCoY3q3Z0gRwhnR1PVAMxY
McCrea's Florists,ChIJKQh75q-wZ0gRBHp7IJqZrck
The Wicklow Flower Co.,ChIJ0fxIYK7tZ0gRNwq0XGOq1NM
Wicklowflowers,ChIJdyVc9oG7Z0gRZ3heQD3QZKU
Wicklow Foliage Farm,ChIJEfyu-v7HZ0gRMT4ZrjCLWtI
Burke's Funeral Directors,ChIJPVYItwCKZ0gRxjb1ncUc8Eo
Mind Body Soul Wicklow,ChIJ120Y-y2xZ0gRt1uCP6aT-ek
Wicklow Glass & Glazing Company Limited,ChIJdwr66cywZ0gRzbXMqokSQs0
Wicklow Golf Club,ChIJXRbxCSy3Z0gRtddwNAEGBnM
Fairway Sands,ChIJ4VkEG9iFZ0gRHe-ZuIcitj0
Wicklow Gutter Specialists,ChIJo3pBnHmxZ0gRKxc5XD01R-g
Wicklow Heather Restaurant | Glendalough,ChIJszo8jH-9Z0gRnE3aQum3Dzs
Wicklow Herbalist,ChIJsQMHk8eoZ0gRdEKcHaf0-8g
Wicklow Hire and Sales Ltd.,ChIJ-0QN7q-wZ0gRxOTBoF6RZgM
Wicklow Hockey Club,ChIJGWq0nQu6Z0gRk-sVd8hHwGI
Wicklow Homes,ChIJ0TyufaevZ0gRp5g_yEbuxmI
Wicklow HUB,ChIJ5TCAVs6lZ0gREuJKFqjSr4M
wicklow hygiene & office products ltd,ChIJD7w4yBaxZ0gRqfEdNLEzcJg
Wicklow Kayaking,ChIJVwo8S8iwZ0gR2xrm6FqUIZc
Wicklow Life Coach,chij9tj28g-vz0grgfaqyvpbqb8
Mountain View Lodge B&B and Self-Catering Cottages,chiju6ivbgc9z0grf5-jqg5mhqa
Wicklow Local Sports Partnership,ChIJZzT7_MqwZ0gRgBPXGaWXAoY
Jemglen Jewellery,ChIJs0r3nMyPZ0gRnWcV6iPWi-g
Barbara Mobile Hair Stylist in Wicklow,ChIJMUpvZlWxZ0gRZCQcO4KJLkU
Wicklow Montessori Primary and Pre-School,ChIJEwiMSE63Z0gR4n1B5Ikrx0Y
Wicklow Mountains National Park,ChIJ84dcGMyXZ0gRNdEwDPRiE2g
Glendalough & Wicklow Mountains Tour from Dublin | Dualway,ChIJ_Yv3apsOZ0gRoaZJdwqVkb0
The Wicklow School of Music and Drama,chijvtune7ewz0grqwg3lu9scz4
WicklowNews,ChIJlRr7Z8uwZ0gR4qTebHel3Zg
County Wicklow Partnership,ChIJqbc8a1XBZ0gRLsIf05dBhq4
Wicklow Patchwork Group,ChIJl1pRGm-lZ0gR6HocxeAHuS0
Wicklow PC,ChIJ7XIggUavZ0gR5CHpV92qZhw
Wicklow Periodontics,ChIJb5Q4kdipZ0gRzXfnj2icg40
Wicklow pest control local cluster fly Bray Greystones Delgany Enniskerry,ChIJY5JM26ewZ0gR_45hRyVQqUw
Wicklow Pet Hotel,ChIJcd3SAe64Z0gRvIKvyQtVhyk
Wicklow Physiotherapy Clinic,ChIJiTc0WsuwZ0gRAiIHLVAK8rI
www.wicklowplanning.com,ChIJybHGP36lZ0gRTTOYZa46Fx4
Acorn Chiropody Clinic,ChIJbRS428qoZ0gR2ayMg0kXXD0
Wicklow Press Limited,ChIJHeybs8mwZ0gRBKnXob2rpbE
wicklow print solutions,ChIJ32iStw26Z0gR1toIIbh5tIo
Dooley Poynton Auctioneers,ChIJlSM5ucywZ0gRsg1KtAciEQc
Wicklow Psychotherapy,ChIJhx8P4563bqMRaBFEgY0nBu0
Wicklow Rapeseed Oil,ChIJSSlOUiW5Z0gR6j9YhasGltk
Wicklow Rugby Club,ChIJK-F5dAC6Z0gR0hlGEYhydw4
Wicklow Roof Repairs,ChIJtQGcN4-nZ0gR7-l0XthyCWE
Wicklow Rovers AFC,ChIJV4Qk3bawZ0gR3QTRahAu9fM
St. Manntan's Wicklow Rowing Club,ChIJx612zLmxZ0gRlbGplCCV1_4
Wicklow sailing club,ChIJvQj5_cqwZ0gRMJvJHbdeAi8
Wicklow Sailing Club,ChIJdwr66cywZ0gR1_zLdASbiiE
Wicklow School of Dance,0x4867ba07feb21f6b:0xfc43e88fcdf748b9
Wicklow Serviced Offices,ChIJ9VBTrhSvZ0gRGppGdr7Ge8c
Wicklow Historic Gaol,ChIJFw9Is8ywZ0gRZgMTIqutr7Y
Wicklow Skip Hire,ChIJ5-7wL8uwZ0gRV1DLLhbYz-Q
O' Byrne Solicitors,ChIJT-mbs8mwZ0gRI__GcukfINs
Wicklow Speech Therapy,ChIJmeC-sLSwZ0gRO9A_zNCzvqw
Wicklow Stoves.ie,ChIJ0_RLLs2nZ0gRYYtYb4BYadA
Wicklow Strength and Fitness,ChIJY8Dsb8uwZ0gRxzu9irYwzmI
66100 Cabs Wicklow Town,ChIJ3abXEsuwZ0gR1qi257nACsU
Wicklow Tennis Club,ChIJTSqbmrWwZ0gR6yGiOdzaH4g
Wicklow Therapy Centre,ChIJffSwqv2pZ0gRXvoyvcNTCeA
Wicklow Times Ltd,ChIJ0-G-B2-oZ0gRe8hK-GIzGiU
JW Chauffeur Services Dublin,ChIJQ8rOXm8OZ0gRo--lwdOiAPQ
Travelahawk Beach,ChIJS19tO4GxZ0gRGp7Z2W5pY8c
Wicklow Town A.F.C.,chijj7-5hlewz0grh3p5timux3i
Wicklow Upholstery,ChIJDfxRy2-nZ0gRbNEW2rNRzjE
Vartry Trails - Woodland Trail,ChIJj_iC8SmlZ0gRb7bin7GSUCQ
Wicklow Veterinary Clinic,ChIJOxfVMbCwZ0gRphlJ1WN-bag
Informed Voice Media,ChIJ_cNYcSymZ0gRQ9zZ1kI8wEs
Wicklow VTN,ChIJUTv5naWwZ0gR2TDWXsL7JBc
Wicklow Way Baggage,ChIJoTROZ_YLZ0gRQ8pp9lpAVbU
Wicklow Way Camping,ChIJM64kDEu9Z0gRAVryiZYHdUw
Wicklow Way Christmas Tree Farm,ChIJhbuLIjO9Z0gRWaHnH7FCiBE
Wicklow Way Kennels,ChIJe3ucB0e9Z0gRwKTm5Vka0Ms
Wicklow Way Lodge B&B,ChIJF9KpPTO9Z0gR39cxflxQAOA
Wicklow Way Wines (Winery),ChIJkxQyd2elZ0gR_lsjU5-Dymc
Wicklow Web,ChIJZbJxr123Z0gRObSmhqs85PM
WicklowWell Counselling and Psychotherapy,ChIJnyI23GCmZ0gRGpzp29Z2nms
Wicklow WiFi,ChIJdZ743jqvZ0gRoAv42B9IWVw
Wicklow Wild Foods,ChIJ6-wH3TbrZ0gR44_o6icz6k4
The Wicklow Wine Co.,ChIJDZosG8uwZ0gRikkOlYfbcWY
Wicklow Wok,ChIJeWF3HY2pZ0gR4X0ESjkV7SI
Wicklow Wolf Brewery & Taproom,ChIJ3ZfbigSlZ0gRtJoZPEtziGw
Wicklow Woof Dog Boarding,ChIJx6mj13e7Z0gR5DFmfyN2mrU
Wicklow Yoga,ChIJjQV2wsywZ0gRYMdkzz_IA1c
WICONA Ireland,ChIJ38maXXB0Z0gRf79flk7avgE
WIDA-Waterford Intellectual Disability Association,ChIJbX7PTAHEQkgRYB2PkwA1lsA
Widdess Fitzgibbon Pharmacy ltd,ChIJ4Z3-nGZcW0gRwOKpztnKq-Q
Wide Awake Communications,ChIJE05UTAYMZ0gRc5OVnzdnwrk
Wide Eye Films,ChIJrwcQTXsJZ0gRuAVqjODNACY
Wide Eye Media,ChIJUa9O0L0OZ0gRcA_1R8b8Ahk
Widescreen,ChIJj1IJkWoJZ0gRFayxbOi537Y
Wide Street Brewing Co.,ChIJ7W1NLnbLXUgR0dzEngln5Mk
Sparkle LED Dance Floor Hire,ChIJkYR2DcINZ0gRlnbkU-qxP_A
Netspark Wireless Limited,ChIJ1T2mU4WpW0gR25gL87Lg1T0
WiFicandy,ChIJn1Rfz_ENZ0gRS0eA65zBD6w
Wigs Ireland,ChIJz_6lJMoOZ0gR-nAqmhYuRkE
Wig Clinic,ChIJSxEKiBmQREgRzhUJV9HZHoM
Wiggy's Hair Salon,ChIJ0wWg2Fl5XkgRiyki9eJh_GU
Wiggy's Barbers,ChIJ5THNzSY6Z0gRzK2RqEPOIcA
Wigoders Homestyle | Wallpaper Showroom Dublin,ChIJtS5D844MZ0gR41hhwQuZaSw
Tresses Hairpiece Boutique,ChIJ-2o57Io5Z0gRHt3UqC48PD0
Wigs Dublin,ChIJyU3ZuFgLZ0gRgbbU-rMqeSk
tHairapi Wigs by Gina,ChIJkxTq7MObREgRM3ZQSZehehw
Wigs By Jennifer Foley,ChIJ7zXKZ7wPZ0gRfSPjF0CETG0
Wigs Ireland,ChIJjyykSR1LZ0gRuo5yb7WAnu8
Wigs Medical,ChIJkxtYQc_GQkgRvuoXM0yMe4w
Kieran O'Gorman Wig Specialist,ChIJL6PmbNQ7XUgRiI2mL5yS3W0
Wigwam,ChIJ40O1eIMOZ0gRjDej1H9r50o
WigWam Therapy,ChIJjawFS2YJZ0gRsMspVVHTUDA
Wigworld by Joyce O’Carroll,ChIJH53QorfGQkgR7qHfMOw5aGs
WI Health Group,ChIJzznSt6LHW0gRWvMYUv_Sqtk
Wiifix,ChIJSU625F90Z0gRxhwbfA4xTkA
WiiPlan Project Solutions,ChIJIa50C6NrW0gRbKy_0gF2lyg
Ballykeefe Quarry,ChIJhztO9dEvXUgRofYntC0fYPU
Equisoft Live,ChIJ1dxmEdt_XUgRFB0Mst5ZA8Q
Wiki Build,ChIJVVVVVZwOZ0gR5IHQmOqCT0A
Glenmalure Forest,ChIJBRBe25eVZ0gRIMaRw_Eo7YQ
FourKnocks Tomb,ChIJbeUd-XU-Z0gRKSApjrtzKY4
WILCARO LTD,ChIJ1d-aNciwZ0gRB0jvE44d97g
Wild Atlantic Way Escargot,ChIJsU0INxKRW0gRRbYWuk3A0aQ
Wild Fig Foods,ChIJe6bzmn2fXEgRabmLQgZTzR4
Wild Irish Crafts,ChIJ____v0PxZ0gRjdUwfejLzP4
Jill Wild,0x4844e22de5ff22cf:0xa309fbe8d6a6e67b
Wild About Herbs,ChIJ1RuBHUSfYEgR8sZEdMBa8f4
Wild About Ireland Guided Tours,ChIJl-KgVPCXW0gRjsA7rVLTl_U
Wild About Mushrooms LTD,ChIJ8fFTDBDHQkgRogH4CJLRpQE
WildAcre Productions,ChIJEVEUZDHxREgRJsLVKUIesKY
Wild Alpaca Way,ChIJhxeXX4mrikgRLBK5mUxjDR0
Wild and Free adventure co,ChIJRRZ48qkjX0gR_jnvnFgP2Qo
Ireland elopement photographer - wild & green,ChIJ1_Lt5k_pXkgR0WzodTdGR04
Wild and Native Seafood Restaurant,ChIJpcy8CIoZaEgRg5j0ySY0S_w
Wild and Rosie,ChIJdf8-gEzxX0gRZHb15EJzayo
The Wild Atlantic Hideaway,ChIJCRDDHJhTREgRkVuLU2Vo5l8
Wild Atlantic Aircraft,ChIJ-6hsoCZdW0gRzTjlwpJsTrM
Wild Atlantic Alpacas,ChIJ_WE9Nw0bX0gRc8iHWUiIngk
Wild Atlantic Angling Experiences,ChIJqVG3oddAiKwR8eLsVlzu2mc
Waterlane Accommodation,ChIJN0G24PGXW0gRffcCMs5oUNc
Cheap Budget Accommodation Galway,ChIJbYiReZeXW0gR2AIt2BnIAIE
Yvonne Mahar Art Studio,ChIJSYgFIhMFW0gRM20f8LGghsI
Wild Atlantic Boats - Sea Angling Valentia,ChIJv_QswEbtT0gR8xRk7gNClnk
Wild Atlantic Bouncy Castles Kerry,ChIJ4Vrq4vDXWkgRTGXCYbSbCi0
Wild Atlantic Bus,ChIJWwnK1CvHW0gRnF4IYT8Zvac
Wild Atlantic Camp,ChIJ03qJyyCMX0gRVlEwsh2MhBE
Wild Atlantic Campers,ChIJt39_nNmPW0gRibz4-yqDYds
Wild Atlantic Family Research,ChIJ36yQr0vxW0gR34PnK7x8yRw
Wild Atlantic Fitness,ChIJy_V00K7rX0gRzCqD58fOcac
Wild Atlantic Flights,chij1wuk2h8oz0gryfqmbnz1378
Wild Atlantic Glamping,ChIJG32M9nt5RUgRNpH8jbHuAD8
Wild Atlantic Golf Tours,ChIJ_6D5QB0TW0gRkVia65FR8KA
Wild Atlantic Health - Supplements and Home Test Kits Cork,ChIJaZBvN3KJREgRVULOIAtug1g
Wild Atlantic Hemp,ChIJ58EMvOzDWkgRfGZluMjiZP8
Wild Atlantic Tae,ChIJx6qvIlI9X0gR2ncDgMPYD6k
Wild Atlantic Kite,ChIJvXXhUdPdXkgRJEWjJ33T2fU
Wild Atlantic Living,0x485ade7108540199:0xf7e72052adc18672
Wild Atlantic Lodge,ChIJO4P2PZrnXkgRZ4yvNAO7CO8
Wild Atlantic Lodge Lahinch,ChIJbcLJIHQEW0gRI0bk0M0p_DQ
Wild Atlantic Luxury Tours,ChIJOUfIreYJRUgR7qAQhu273Wc
Wild Atlantic Mizen Cycle,ChIJwWRwmP8KRUgRubdGw-466cw
Wild Atlantic Motorcycle Hire,ChIJiXcpnI47W0gRdOvr0HqZ-u0
Wild Atlantic Museum,chijdugl7_oxw0grbgwi0ays47k
Wild Atlantic Irish Music Tours,ChIJ5zeVJY1tW0gRKzsmj3gpAuI
Wild Atlantic Opticians,ChIJ24GqCXHeWkgRWV-EVV9psY0
Wild Atlantic Oyster,ChIJOQhXv0fdXkgRj6A01hbEMeE
Wild Atlantic Pictures,ChIJfYy8ApcOZ0gRfDH57S6zJqQ
West Coast Photography,ChIJWSukIcNxZ0gR6gfecuUBdZ4
Wild Atlantic Pure,ChIJ7zTqTAFdWUgRkuDIwv1_QHU
Wild Atlantic Seaweed Baths @ Doolin Pier,ChIJVdg8jw4BW0gRZklEiH4shKY
Wild Atlantic Sports,ChIJm3PdiWBhREgRDaG6FYy9874
Suantra Cottages,ChIJ25tP7oHjT0gRPLJV2O8PlaM
Annies Beach Lodge,0x485ffb0de226fb87:0x95d17c0ffe8d514a
Wild Atlantic Adventure Centre,ChIJ7TCqa-FV9UgRpFVSwSykIks
Wild Atlantic Way Antiques,ChIJOzLY-SR3RUgR7jwWCErq3as
Wild Atlantic Way Art Gallery,ChIJHYRkwdCRW0gR43KvuUh-eE4
Wild Atlantic Way Cottage,ChIJ5wYl3DpVRUgRypXmamEUwY4
Scarriff Inn,ChIJkbrrvbGIT0gRAsoDLgftv-Q
Bunowen Pier,ChIJfXa2gxA9WkgRTR0M58zQL6s
Photography Holidays Ireland,ChIJBcvdDll3RUgRscBR-v0vjn4
Wild Atlantic Way Pods,ChIJg_muTYt5X0gRgTCSUSgqU84
Wild Atlantic Way Wildflower Photos,ChIJrcJkEtvNXkgRQyoBxlos3GU
Wild Atlantic Way Yoga,ChIJxwRGQQdhREgRBfY2teyLVrc
Wild Atlantic Welding,ChIJxdSAbu3DX0gRXcmEQI_jSr0
Esther Moser Therapeutic Coaching,ChIJ5fK-G7LgW0gR6alKovuI9HA
Wild Awake,ChIJBRZkk2MNZ0gR38o2c65mm-Y
Wild Beauty,ChIJ0yiaGbE7WkgRyWrd3U2jr4A
Wildberry Bakery,ChIJ65OGdTD5REgRRSOGA5-kL_I
WildBird Studio,ChIJkbPSQDkMZ0gRbkMIs9lc7wc
Wild Botanicals,ChIJ-biwhvCFZ0gRAT7Skk8Op-c
Wild Burren Cottages,ChIJ-VCDcE6hW0gRLCnHM2D0iP0
Wildcard Software,ChIJ9WM9wAMMZ0gR1hq7Lk_O_7Y
Wildcard Distribution,ChIJV7Hq85UOZ0gRNZi8ZmV-40M
Wildcat Ink Tattoo & Piercing,chijquy6w0opz0gr6-iiu-zekz0
Wild Mountain Lodge,ChIJJW_oUJgHW0gRAwPPLI5XPlU
Wildcat Ink Tattoo & Piercing,ChIJl_XG5YIOZ0gRO-367hZiqO4
Wild Creations,ChIJ9eQ8HxoTW0gRVtooWUtMfyg
Wild Deer Beauty,ChIJ2zGKWPMLXUgRyKc6IgCfh70
WILDE Restaurant,ChIJzwpddJsOZ0gRR_25_UBpZLU
Wilde & Green,ChIJVz6gllIJZ0gR0rbDOq0VUYM
Wild Earth,ChIJY6raxIQ1XEgROUworivxWEQ
Wilde Ballybunion,ChIJhxyrlXzFWkgRAFu1FaHHNyI
Wilde by Design,ChIJRwq0yIsNZ0gR_geM-i8Wmb8
Wilde Interiors,ChIJd_IFBUV_Z0gR31DbidBGbhY
Limerick Chocolate Shop (Wilde Irish Chocolates Outlet Shop),ChIJJR9Uv2hcW0gReKA39rBxPp0
Wild Encounters Mini Zoo,ChIJY9jJMvgzW0gR18Sl2Co5qHY
Wilder & GOLD,ChIJVYww0K3LXUgRS5WkRKv33V4
Comeragh Wilderness Camp CLG,ChIJS0fOKjAmQ0gRTSTeLIXOJ7A
Wilderness Ireland,ChIJGUYE2mvDXkgResT2b4QgmAY
Wilder Wellbeing,ChIJYUUh-BKXW0gR9zdv8XuT_qU
Wildes Blinds,ChIJc_ODui47Z0gRaiAvS-J64h4
Wild Eyed Visual,ChIJnRY_bwkJZ0gR8rqOX2MO-rI
Wild Feather Blooms,ChIJka1rOYi3EWoRLId1dzQ8ajM
Wildfire wedding band Ireland,ChIJs8kTI5RxXUgRIblp-z9hghA
Wildfire Film & TV Productions Limited,ChIJayiPJJ0OZ0gRlEUNUwUrpZM
Wildflour cork,ChIJa3MgBe3tREgRFhzx1z7ZbTE
Blooming Wildflower Cottage,ChIJsb081rv7T0gRAp5Lx-UmGw8
Wildflower Nail Salon Ashford Wicklow,ChIJNSSaZxK7Z0gR45uAeovmJnU
Wildflower Cafe,ChIJr4bqEQ9rZ0gRaQeERRga97k
Wildflower Grazing,ChIJNYk9So1lZ0gRKd-sz7eBoPA
Mr Sandro Cafolla An Irish Wildflower Grower,0x485d41c4bcabd4cd:0x1c500f446b25f1ba
Wild Food Events,ChIJnTmgywIHZ0gRN_TnbncoJvs
Wild Food Mary,ChIJyQw93t37XEgReJ8ca2a7Mvk
Wild Fuschia Bakehouse,ChIJnT9CmgiJX0gRNgcRnkuZD4I
Wild Galway Boat Tours,ChIJj-zZp0KXW0gRVgn13J804uY
Wild Garlic Coffee Shop and Restaurant,ChIJN6ACNEABRUgR6PhpR6luvy8
Wild Garlic Kitchen,ChIJdS0SIeh5W0gRMW7-WDygEHg
Wild Garlic Table Cookery School,ChIJl9u0bNHtX0gR7rjbi-1sUxQ
Wild Goat Fiddles,ChIJByKFoqCeW0gRYkpHzHG6cSk
The Wild Goose,ChIJpa9lBHCoZ0gR-YNU_FDjKu8
Wild Goose Enviro Ltd.,ChIJw3EdKhWJW0gRswQ2QIW6dR8
Wild Goose Green Energy,ChIJSYj12oG_REgRkX0S4knM9ps
Wild Goose Stoves,ChIJld6vnu-XREgRNP-fgqGXwCs
The Wild Goose Studio (Kinsale) Limited,ChIJF4TPtf9hREgRC7HTXvZcwxs
Wildgoose Wellness Physiotherapy,ChIJQfgaq58HZ0gR0pG6cGF9-GU
Wild Healthy,ChIJkRUV8IUOZ0gROVMDPmCRkf8
Morgan Smith (WildHer Soul): Counselling and Coaching,ChIJ1_BHGcX7XUgRo_Nkrl8enTQ
Wild Hideaways Eco Spa Retreat,ChIJ7YEndnIJRUgRKkYqd-mFCuQ
Wild Honey Inn,ChIJB2w9Px2oW0gR9D91LgkAXjU
Wildhost Web Hosting & Design,ChIJp3FuLaulQkgRbafwLMLftQU
Wildhunter Galway,ChIJ2zd_I4SXW0gRSalBpMjmq7c
Wildhunter,ChIJzzfk9g9JXEgRrkB0TIeOFgU
Wildhunterwholesale,ChIJg5-VAH9JXEgRfHnmPJRsuZg
Wild Ireland,ChIJowFxLLbjX0gR-5gEsy8aMpg
Wild Ireland Photo Tours,ChIJA_q2re8BW0gRVVz0htd3vNw
Wild Irish Farm,ChIJAfBxGl_hWkgRS1lLaoDs2MA
Wild Irish Foragers,ChIJw7uO7nfvXEgRRiWD4YWHMBM
Wild Irish Game,ChIJbazhRM6VZ0gRlGoJ6Iq4qX0
WILDIRISH Motorcycle Tours,ChIJq4oDmdIHZ0gR85Za3OcmN6Y
Wild Irish Saunas,ChIJS2EDkAeXW0gR_FpjrW3M3NM
Wild Irish Seaweeds Ltd,ChIJxTUlrVkdW0gRw2odbkQj6r8
Castaway East,ChIJ26PjTNaZRUgRHmY2Rn8UtGg
Wild Kerry Day Tours,ChIJ4-Kk4AQ8RUgREcW30FcKUSk
Kerry Wild Hunting,ChIJlzm9X9s5RUgR9Tx2KrzG3eU
Olive Tree Kitchen @ Wildlands,ChIJA01XvCe_W0gRT55YtDcRxPM
Wildlife Studios,ChIJQ6cFdwAPZ0gRfy3E2QW7i_w
Wildly Created,ChIJ0SDTgF5hREgRJ1qJKIDiRzM
Wild Meadow Florals,ChIJ44C28XqRXEgRuWDLsgGi3wY
Wild Meadow Huts,ChIJHa_9uTAHW0gRDbkBiBGqkI4
Wild Meadow Illustrations,ChIJqZtVlXVxZ0gRK3Grqlqkhbg
Wild Metal,ChIJa6T-Dc22QkgRj_Ja9ty4LJw
Ballycroy Visitor Centre - Wild Nephin National Park,ChIJ7TD7YBdzWUgRjzuEZMyJkaE
Wild Atlantic Travel,ChIJQc8I7Ag8RUgRP0-2ynjQ0f8
Kayaking Killarney Wild N Happy,ChIJKTzVt5qOT0gRXVMre6wB-28
Wildnwonderfulprints,ChIJt21xDkzw0KcRuzFBnroVbfk
wild ocean ie,ChIJL-AiraMOZ0gRqyBbCfz2A2s
Wild Pair,ChIJAeko8TuzREgRqCZ5M1OfzpA
Wild Paper Designs,ChIJBduEeGkMXEgROWzcoq_O4-w
Wild Poppy,ChIJcYyiNRp5Z0gROwhsa7A1JSM
Wild Restaurant Cork,ChIJTfDBn4xhREgRQA1lL_TIcXI
Wild Roots festival,ChIJCcEyZifpXkgR4egQYuVwFrQ
Wild Rose Botanicals,ChIJHygrwgsJZ0gROZaGLjRmS7Y
Wild Rover Bikes,ChIJb9hKwK3ZQkgRjyYx-6VQpKY
Temple Bar Tourist Office,ChIJLyvoSoMOZ0gRe-C0N1EDcEA
Wild Side Sports,ChIJuRSSCzT0REgRA4QplZj4JB4
Wild Sióg,ChIJK80EhYcNZ0gRsfK9gr4R1t8
Wild Soul - Yoga and Wellness,ChIJqxCHbcERZ0gR8fnTCAe8jAA
Wild Spice Indian Restaurant,ChIJG-Y_jE3mZ0gRYVtylX1CqjU
Wild Strands Caifé,chijeasfc2mrikgropvfip0mioo
Wild SUP Tours,ChIJm85aULj7T0gRMBEX0KgYmP8
Wild Tails Café,ChIJ4ZAFNPkxXUgRU0PJ7XKizgY
Wild Tanning,ChIJpdnFfSJ1Z0gRiZZDCLxyJhc
WildThings Interiors,ChIJw_XNf2FiZ0gR8CvNznC9L8k
Wild Things Wed,ChIJ9xs1r1MOZ0gRYncv-E6kMYc
Wild Thyme Restaurant,ChIJp3YCWdufYEgRZ2bIFXL2N3g
Wild Total Outdoors,ChIJkbzT6h3AXUgR4cy5zFWpZXE
Wedding & Event videographer in Ireland,0x6f0fc6d78bc9bfe1:0x717fe746f0cc4d50
Wild Water Adventures,ChIJF-Is4K40RUgRkKNpwyaQgxo
Wild Wave Recording Studio,ChIJgQXO5E78T0gRJbtCB6JNapY
Wild Way Campers,ChIJ88jW8A5TRUgRdZlpXJ2uEwI
Wild Ways @ Dillons Corner,ChIJHX-LQcOlRUgRghOYX2OhwVU
Wild Way Strength & Function,ChIJkQCgEHa_W0gRVWsts3bI8Xc
Wild Way Luxury Tours,ChIJ4UO3apGFREgRRl6y-pv8kYs
Wild Wellness,"Wild Wellness Sauna Garretstown Beach, Kinsale, Co Cork"
Wildwest NI,ChIJIfegxMABYEgRk1scqC023Nw
Wild West Sailing,ChIJabKJphnpXkgREojtMK-zCl4
Wild Wet Adventures,ChIJm8eh57RKWUgRL8dr1z1-1D0
The lunch box,ChIJZYkPukMbaEgRJZqQuW_Kx00
Wild Wicklow Tours,ChIJ0-w2f9MHZ0gRQOB3mtZMFoo
Wild Wines,ChIJg3oUJo6ZW0gRC3B8kjC4JEc
Wild Wise Web,ChIJp-baQWlcW0gR99kkOj-lPRw
Wildwood Lodge,ChIJ90j-f-7XYEgRFAhVXzfHgRc
Wildwood Flowers,ChIJcTVMLS3_XUgRmLj-r-V9p1I
Wildwood Counselling and Psychotherapy,ChIJ0UIYWaENZ0gRBLntxZonNQ8
Wild Work,ChIJ65IbadhiQ0gR1Yz70qvsXG4
Wilec Fire & Security Limited,ChIJhbmJrQu6Z0gRlaN1Gd_-MSs
Wiley Design,ChIJ0yS8-iYaZ0gRuNlUoetqUvY
Wilfs Clothing Store,ChIJKbSswR3AXUgRDaF8Dm62Sig
Wilker Auto Conversions Limited,ChIJw6LDmuyxXUgRcAmb1YpvNcs
Wilkie & Flanagan Solicitors,ChIJOf-g00OfYEgRqndvYuc4n-s
Naas Solicitors : Wilkinson & Price Solicitors,ChIJe45FAr14Z0gRYxqLOjNa-xE
Wilkinson Jewellers,ChIJfRT6dkxbZ0gRnJi-vZCJUxA
Scoil Naomh Barra,d659b33cfaafb96ee555f29360cc1dd1
Wilkinstown Target Shooting Club,ChIJncUvbOxRZ0gRHVW4WJ4P03Q
Will and I,ChIJaZZXQ3JdW0gRch992T5wLZk
Will Andrews Design,ChIJo9pFBPcOZ0gR1Zfpv5ecAqY
Willard M Enterprises Limited,ChIJUz4Al3N5Z0gRfmNOoqwc744
Will Design Studio Architecture,0x485df20e09d0e21f:0xb4a92436b5c677aa
Hanleys Marina,ChIJMcEJtUIuXEgR6HPe3Tp4Iig
Williaam Cox,ChIJacIZIzFzZ0gRceIrZlHPDW0
William Auld Psychic,ChIJe6NqxOmdZ0gR3eT3jq_Z5dw
William Bradley & Co,ChIJ4_wGPuuRREgRz8eraoFkzOA
William Dunlea MIACP Counselling & Psychotherapy Services,ChIJmzn8ooZ_Z0gRVTYxbRP2QK0
William Fry,ChIJX7tbML0OZ0gRozOPEhHnuhk
william gaine,ChIJWQKQ3ZHpXkgRtWOX-cAt6Mg
William Grant & Sons,ChIJ46SoT6AOZ0gRGw57o7bD6Hs
William Hill,ChIJCXwc7wmnYUgRplaWqJ3eQqM
William Hourihan Construction,ChIJg4NXRcEPRUgR4R2Uqr6ejB0
McGroddy Brennan Solicitors,ChIJV6KtRJcOZ0gRM73E1rbDeoA
WILLIAM K WILKINSON | CONSULTANT PSYCHOLOGIST,ChIJbwKmMx6WW0gR_eZkL_UTC60
William Maher Videography,ChIJUWUEfiPVREgRIsXLZbrNNKc
William McLoughlin BL,ChIJ32NeiCgMZ0gRt1tG8IBV59k
William Nguyen Co Limited,ChIJO9lHSQoJZ0gRquf--Hi6oPU
William O'Brien Motors,ChIJ_cPe0GIOZ0gRbvzIKP5AeyM
William O'Connell Craftsman,ChIJbzAe6eItQ0gR3njlLyy2-i8
William O'Mahony Bar & Catering Equipment,ChIJGVka0_-EREgR3eqNcBms23c
William Painting and decorating,ChIJ7dRLHVCDW0gR5yPbBUFgNeE
William Powell Construction Ltd.,ChIJRQKfdieXXEgRFC6QTY3bkxs
William Quinlan Auctioneers & Estate Agents,ChIJ433Qxp7GQkgROXsAeP23kf8
williamruane,ChIJQX3GYRuQREgRoWH4uU-AHR8
William Ryan Funeral Directors,ChIJKXBgKxllZ0gRgbaDfxpBQqw
Williamsferry House Bed & Breakfast,ChIJh3YJ0UWRXEgRv7iqZnmEFqA
Williams Freight Services,ChIJ6dqZZErPYEgRgT_lgsBHvBk
William’s Gate Master Victualler,ChIJX5ojoLiWW0gRD7WK8xmKMAE
Williams Kilkee,ChIJzWro_V3pWkgRQCUVmgup5b4
Williams Locksmiths Ltd,ChIJpcxqeJ4OZ0gR5TMov2L_wBk
Williams Solicitors LLP,ChIJgQfR3JwOZ0gRAHkl-bXf7bE
Williams Syndrome Association of Ireland,ChIJbZi4GX1CXEgRnK122ciQ2Pc
Tarmey's Tavern,ChIJyR5gZr0EXEgRt2X3RQ8c7QY
Williamstown Community Childcare Centre,ChIJH7o6AePHQkgRS2PEgi2h7rs
Williamstown Golf Course,ChIJSU4SUOgcXEgRj7o9SjqawFs
William Street Dental Practice,ChIJ5_58-FUKRUgR1ipUjilh6KE
William Tracey & Sons,ChIJbU0a298LZ0gRgGUH0f_4ysY
William Whitford business services,ChIJkTrDSG-wBUIRKsJzPak1hgo
William Whyte Photography,ChIJ75wPoeuaREgRgOgBq6iMKlk
Willie Clarke 24hr Breakdown & Crash Repair,ChIJcaERyyCDZ0gRkOiryEsCJC4
Willie Daly Matchmaking Festival,ChIJw4AtZgKoW0gRH564eHIQ0oc
Willie Duggan Lighting,ChIJe-Rt9Qc6XUgRiUFhof1TQfY
Willie Smyth Fencing,ChIJW393p8VYZ0gRP4_tbHDLaSM
Willington Scout Den,ChIJjalRl3cLZ0gRiHqGD9Ba0o8
Willis Computer Supplies Ireland,ChIJ51ovgyEGZ0gR_L6EalprYXo
Willis Risk Services (Ireland) Limited,ChIJjReeWNQOZ0gRb7jSPN_I9qM
Willis Lease,ChIJaQ58FMYPZ0gRZoTlhC3CcJU
Willis Steel Ltd,ChIJzWj-VqSbXEgRWXAhO416HE8
Will It Solicitors,ChIJz7NEj5cOZ0gR3uKAns_gT2o
Willmann Photography,ChIJLaQXU9XpXkgRUXJlz06zA8g
Billy Moore,ChIJdQF6FQ06XUgReG_xhLv2U5I
Willo's,ChIJfxYdb1ByZ0gR7x7gkCbgP9s
WILLOUGHBY HOUSE,ChIJpRLTbN17Q0gRs9P2u0SBIMw
Willoughby's Hardware,ChIJhwkcQ9t4XUgRqIZGB1gk3Yw
Willow,ChIJWbJ9PS1tW0gRlvSGNUuG8rc
Willow Accounting Services,ChIJ57U0fHxrZ0gRyA42jvIJMkc
Willow and Green,ChIJn6JLJqiRW0gRS955S8n88s0
Willow and Green Furniture,ChIJ45mn2jJ1XUgR3FxrlEuv00Y
Willow & Weave Interiors,ChIJR_AhCsWPREgRoYkSNGpj4yU
Willow & Wild,ChIJTygYzh9wZ0gR2JEEY3Hw1cc
Willow Avenue Counselling & Psychotherapy,ChIJmaOv6PvaZUkRUx3h-34Jkc8
Willowbrook Bed and Breakfast,ChIJ_Y-vABmRXEgRialflDkxK38
Willowbrook Glamping & Hideaways,ChIJywyTgf6lXkgRQbjnrOlBeWk
Willowbrook Lodge Nursing Home,ChIJBcnsisbSXEgRBWK3BrcL1wo
Willow Community Addiction Counselling Services Athy,ChIJP1HY_MZvXUgRRvUagWs57Yw
Willow Counselling Wexford,ChIJZ3-Rs7m9QkgRuNR16Bo1n40
Willow Design,ChIJQZBIeVCeREgRZIvHlaCdxEY
Willow Farm Kennels,ChIJV_c40hUfaEgRNiSjGD5yKmg
Willow Garden Buildings,ChIJOyhQ5WGpXUgRXWEdArrhzyM
Willow Garden Design,ChIJ_906wI6lZ0gR4zZjDt98kxk
Willowherb Clinic,ChIJWy0VCYCFREgRaLRxQIc0_mY
Willow House Montessori,ChIJ6ynKzqsOZ0gR2E1C1U8-dsU
Willow House Afterschool,ChIJp5kG-PkIZ0gRG0FpVg_Hiv4
Willow House Childcare Ashford,ChIJrWTPxnK7Z0gRjVk_nHzBrKY
Willow House Childcare - Blackrock | Booterstown | Ashford | Wicklow,ChIJZ-0ql_AIZ0gRCyXoymLhFM0
Willow House Counselling,ChIJGe4yyPMMZ0gR3eOxzNC7gHo
Willow Lodge,ChIJ5z9uK6xsRUgRrg78e-rmlSE
Willow Lodge B&B,ChIJO9p6br1kWUgRKYc7JDrDhAA
Willow Park Junior School,ChIJ701jS04JZ0gREEceAP4luCE
Willow Park Medical Centre,ChIJzTgzqf4NZ0gRT3ceidqBQco
Willow Park School,ChIJpzxxr9AIZ0gRa69sULj9zYs
Willows Consulting Ltd,ChIJBQnqsQIQZ0gRjyR61QOaWHo
Willows Clinic,ChIJIUCIMPkNZ0gRrERBMwgYUVg
The Willows B&B,ChIJD6TpNtkHZ0gRXRPeF5opj0c
Willows boarding kennels,ChIJD_WY3gZiQ0gRrWqt5Au2k-8
Willow's Wonderful Cakes,ChIJOyoLucRnXUgRKWFZCpyzb9A
Willow Traders Furniture shop,ChIJ2QNK9V7TXUgRHLBjMN5c00U
Willow Tree,ChIJFy0spF4OZ0gR1cLa22eZ9es
Willow Tree Child & Family Therapy Centre,ChIJUWDUxVEOZ0gR3BrWm9BmOIo
Willow Tree Cottage,ChIJA0hcYYSZYEgRTj8f4qFuI-w
Willow Tree Services,ChIJY3flbKYMZ0gRZFZDwDDfxsA
willowvale estate,ChIJ0b6t9gNJXEgRzZ-CeXx1azM
WillowWarm,ChIJnwaSpv5ZZ0gRAdf78Ac_f4M
Willow Wellbeing,ChIJR_yj4fMiZ0gRYbejct8HY18
Willow Wonder,ChIJi8z6jJx4XUgRDUpKuCsrtPU
Willow Wood House B & B,ChIJc2tbrkivXUgREYZZauxT78Q
Willprom Shelving Racking Center,ChIJnVGetKUNZ0gRNrwRyl41fL4
Wills Bros Ltd,ChIJ3Sb0aIxPWUgRk9QmAhT7A6Y
Amazing Grace paint by Will St Leger,ChIJbUgcv79lWUgRh8lrFCeZWb0
Wilmington Trust SP Services (Dublin) Limited,ChIJo_fDMowOZ0gRXsaAueJQwfI
Wilmot Childcare,ChIJFZFpNDFfW0gRzrCgpopiN0w
Wilo Pumps Ltd,ChIJ-eoC25lcW0gRGFa3d2KGGUA
Wilson Architecture,ChIJ7RhWaA-QREgRlKcWohQlq1w
Wilson Creative,ChIJ7zg-2xqQREgRePj6XQzPhEE
Wilson Daly Solicitors,ChIJk444AbABRUgRdAt-zfeH0Vg
Wilson Engineering,ChIJn74_xJlqXUgR-76HwEhKnAQ
Wilson Estates,ChIJPU6OGUxyZ0gRHCsY62MPUHY
WH,ChIJrzZBy5kOZ0gR40-lJ_N83Uc
Wilson Hill Architects,ChIJC0qZce0OZ0gRMVHu_NQT3zg
Wilson & Keys Marketing Automation for Financial Services | Managed and Hosted Marketing Software,ChIJ3xOzUR87Z0gRF17Sfg9nkTk
Wilson Robinson Solicitors LLP,ChIJPyLE1vobaEgRPYTtqgh7_oY
Wilson Lock and Safe,ChIJUcV9g9qFREgR5LpuVwjAVT4
Wilson Machinery,ChIJs7JUN1lkXkgRHi_DuQVCAhk
Wilson's Pharmacy,ChIJ8VjlzKWDREgRoujdbnkOMWE
Wilson Salt Ireland Limited,ChIJh9ewrsnHQkgRkFGd7bCuSaE
Wilsons Auctions,ChIJE5mi7xZ0Z0gRz47O8ZbtcP4
Wilson Security Systems,ChIJAe_tx0avZ0gRWYIUOlN7QZg
Wilson's Hospital School,ChIJsZ2k0TTCXUgRkV5ZXpY3YDk
Wilson Bros,ChIJK8eQuUOfYEgRK9lBUaUZYQY
Wilsons of West Wicklow (Dun Luain Foods ltd),ChIJgwRWuEyGZ0gR90US1Mh2bWI
Wilton Waste Recycling Limited,ChIJDQ0IzOEJXkgRlmd2pwlmObw
Wilton Castle,ChIJ7erE9dwBaEgRnTmSvXNTZcM
Wilton Clinic,ChIJY2nj0yS7Z0gRlS46JKQrvEU
Wilton Family Chiropractic,ChIJDwafpNSPREgRfkaQUa3Ozqc
Wilton Gallery,ChIJCdd433wHZ0gRFf_1IgzUt_s
Wilton Group Dublin,ChIJJxM1hJ8OZ0gR7T65gzKPuVI
Wilton Hotel Bray,ChIJCfrIRYKoZ0gRHbKnmWs_IfE
Wilton Medical Centre,ChIJd66XvNSPREgR0i42dzP3emk
Medi centre Wilton road,ChIJw-Nj5iqQREgRh5Q3ayJigkg
SMA Wilton Parish Centre,ChIJZYF55iqQREgRnQE9Ue0h-Qo
Wilton Shopping Centre,ChIJ_wBhKS2OREgR-flkTNpBb7g
Wilton Technology - Cleaning and Hygiene Supplies,ChIJi9ZxAmKNREgRyO2VfcNqwFE
Homecare Foods Ltd.,0x4867740634d25e29:0xa4dc4c24c783be16
Wimpy Fastfood,ChIJ-ei41DhfQ0gRLYSx319THXk
TONY WIMSEY & SONS GLASS & GLAZING,ChIJ-0MRK_FcZ0gRSPvZ7ATSgao
Red Hughs GAA,ChIJsw3hkZy5X0gRTw9ocTRwTrk
WIN Bubble Tea Dublin,ChIJR5PVeEMPZ0gRLm70aJNscF0
Wincom Engineering,ChIJW1_L3AN0Z0gRjhcU8b1RWcc
WIN (EU) Consultants,ChIJx0sUuD7MYEgR3Gsx9AKnrZc
Wind and Sun,ChIJeTuE6jGnXEgRebJ-FuHfY10
Windeco - Window Film Solutions Ltd,ChIJcxU_TBsNZ0gROKBWFy5UpIs
Wind Energy Ireland,ChIJ5QubJN14Z0gR9McTQqv8xyA
The Lakeside Shop & Tearooms,0x4842d53d8afda7bf:0x5ed6071fb45a5e
The Winding Stair,ChIJd03hP4MOZ0gRBWcgQzb1GO4
Windmill Film Productions,ChIJ-fdArv-FXUgR0H4bpuWupZI
Windmill Flowers,ChIJTUViXfU5Z0gRSya2YHlZoD8
Windmill Glazing Ltd,ChIJFaAEA4JKRUgRX6aHLWoyuw8
Abbot Close Care Centre,ChIJsdVdKiM5W0gRzYUOSqsF3QA
Windmill Lane Post Production and VFX,ChIJyeXYB5YOZ0gRdR7HFZBWKCM
Windmill Lane Recording Studios,ChIJF-ZOcOwOZ0gRro2jKfL6v2M
The Windmill Medical Centre,ChIJqfsE1qcYZ0gRCDp12-bu55I
1WML,ChIJAzYbD5IOZ0gRaRDY8U4DJ9U
Windmill Stone,ChIJuYuAiel3Z0gRRAU-soMonWA
Windmill Therapeutic Training Unit Limited,ChIJHwGpQEIbaEgR7S1a1tqjrFs
Windoor repairs and services,ChIJ4dGooWPrX0gRQkX44g0XDXE
Expert Window and Door Repairs,ChIJifj-vHqoZ0gRBckL7j3QcaA
Automated Window Blinds,ChIJJ-DmYJkMZ0gRj049OMnFysE
PETERS WINDOW CLEANING AND GARDENING,ChIJ7cI8C6IPZ0gR_UaoYX0AzXM
Home&Biz Cleaning,ChIJSTFfdqmaREgRwP7C0n0VUu4
Galway's Clean & Keen,ChIJwUXkuS-WW0gRxYn5j5EZX90
Window Cleaning Limerick,ChIJIWcZt0RbW0gRuuXoWVMi42E
Window & Lock Doctor,ChIJDRikpxMMZ0gR7Wpf66GvhYY
windowdoorsafeandsecure.ie,ChIJ1UMgaR15Z0gR4FqgQsWXb18
Window & Door SuperStore Ltd,ChIJpSHwKAZcW0gRTTTUVzxymEA
Window Fashions & Interiors,ChIJQdKaWfQLZ0gRzYNxj6vPs-k
Abbott Window Repairs,ChIJsbfke1RyZ0gRdcDvQuFERU4
WindoWize Ireland,ChIJ7d2HR9l_XUgRu2iZpWlhGWM
WindowMasters Ltd,ChIJBSnwEiqEREgR_ZsEpVPYsaY
Window Parts,ChIJE2uPSUd1Z0gRTEfFhr5b7mo
Ambassador Window Repairs,ChIJoyNLKWldQ0gRv2SBt_yW8kM
Window Repairs,ChIJ0S5fVgVtZ0gRSP_b4f9H8P8
Joe McDaid Upvc Windows,ChIJo0XQjNbtX0gRZUaCdu-iJE8
Windows & Doors 4 You,ChIJlQk7wcK7XUgR_gvloLV-sow
Windoc,ChIJQ0lfMXJeXEgR8oB0JdmyU9k
Window Seal Systems,ChIJQ74hHxSJW0gRp4LHejiowM0
Window solutions,ChIJwR3K6J5tZ0gRIbqh8K5Pu1k
Windows park.ie,ChIJU1A96pQRZ0gRe_bPLhbfczc
Windows Repair Mayo,ChIJo8HEXiY3WUgRdKUoKrK8SB0
Windows Repair Tullamore,ChIJAVw7-_qlXUgRoPeXSN-mA3A
The Window & Door Surgeon,ChIJFTvBpmzaQkgRFSOujY2LJ3g
Design Window Tint,ChIJSWwMCJLBXkgR4Wp5NkeRVIs
Window Warehouse (Rosscarbery),ChIJV9fuu7WtRUgRUXHT0m5x4e8
Windrush Alliance (Irl),ChIJCVy14L-lRUgRoqnTs-A6jp8
Windrush Farm,ChIJqRmv8m27Z0gRsur6c_yRVkc
Express Windscreen Replacements,ChIJoVITJ4USZ0gR4npWUtyL1is
INTERNATIONAL WINDSCREENS IRELAND LTD. T/A AAA MOBILE WINDSCREENS,ChIJY1YxPXl_Z0gRXDy9cyu8njQ
Windsland Home Fragrances ltd,ChIJpQg7df2LZ0gRY4pSxVV9SwI
Nissan Charge Point,chijcc2h4enzz0grvgw-ifjxkj4
Windsor Bar and Restaurant,ChIJT6gILR3MYEgRCAvrc_285Z4
Windsor Lodge Bed & Breakfast,ChIJm47_YDoGZ0gRhl8z8pONF7o
Windswept Inn,chijvsmmm2jlw0gr2f2t6mhuu_q
Thornton Haulage Ltd. t/a Windtranz,ChIJQRqteWi2WkgR4e-b2Aa3a0c
WindTurbines.ie,ChIJBYBo2XH1REgRuFScWayW1Uc
Windway House,ChIJrf2ggQc8RUgRByX-gpIq5sw
Windworks,ChIJ-Q9GZvhyZ0gRa0DZiHk1RoQ
Ryans Arbour House,ChIJjy0puVoJZ0gRbRP181oTazw
Windy Day Media,ChIJn_ejGBb7X0gRDvtHfD5Ozaw
Windyridge Nurseries | Garden Centre in Dublin,ChIJVTZ31X0IZ0gR-DcmZtGUprs
WINDZOR PHARMA LTD,ChIJx3GdeF8QZ0gRm0WsPw5vspc
WINE HOUSE RESTAURANT,ChIJJYL0HGIRZ0gRaLlKU4adjOw
Eatyard Wine & Cheese Shop,ChIJ-1EkjocPZ0gR5Qtap97JYkw
Wine Strand House Holiday Home,ChIJ_ZNPuKDjT0gRG3AlwFAkevw
PAPI Ireland,ChIJ2zXLwIEHZ0gRbiLTVaXOgAw
Wine Ireland,ChIJ5zGEt-JwZ0gRU-QcFsAzCrk
Winelab,ChIJBy3prfF7Z0gRZUOt7ARWlsw
Winelover.ie,ChIJr1EYaY6TXEgRTtCGxfG1CZE
WineOnline,ChIJ80j5ICIOZ0gRYtlCZ7HmdIo
Wineport Lodge,ChIJ4QX1Nv5JXEgRKBajXJGHyo8
Wines Direct,ChIJ5VomiZ3qXUgRBosH5WCEWes
Wines Direct Europe,ChIJI_t_8oztXUgRqK7sYSFO0LA
Wines Direct International,ChIJX3HQmgztXUgRpQRUYbFR5j4
Wines of Italy Ltd.,ChIJOUvNEGelZ0gRj5AhV0BGYw4
Wines of the World,ChIJd98A57yPREgR_seKDCDq4v8
Wine Street Dental,ChIJu54BzzPoXkgRzCgCYYoe-s8
Wine Tasting Ireland - A Class of Wine,ChIJmbL--j0OZ0gRyMBG3wYnpwk
Wine Tours,ChIJVUXUzWVcW0gRfa1HlKdN4B4
WineWeb Ltd,ChIJvSZImY4SZ0gR51Rp06y1mus
Wingfare Limited,ChIJrSc_41YNZ0gRUSSUAs-NBFo
Wing It,ChIJr1p0E7V0Z0gRnWVXOui8Na8
WingManVan Kilbarrack - Bangin' Burgers & Wild Wings,ChIJcUfI9KYFZ0gRwqFm9fUGI3o
Wings Art Studio,ChIJ9c8LpBBeZ0gR8UBiIkFQVHM
Wing's Gourmet Burger,ChIJFyLHpIYOZ0gRu4qYhkKusaA
Wing Shop,ChIJjZDR5qepZ0gR_QKAtiKRZFU
Wings of Hope,ChIJ96oARbNRWUgRN1jgwRjTo6Y
Wellbeing with Wings @wingsofwicklow,ChIJOfbbbMuwZ0gROGHys2DWowU
Wings Rhythmic Gymnastics Club Athlone,ChIJi75_ExsNXkgRfAtu6ir6rD8
Wing's World Cuisine,ChIJOXKSbSgPZ0gR57yC_Kb8dDk
Wing Tsun Navan,ChIJDaQnRVpbZ0gRUGy0hbRlFhw
Wink Lighting,ChIJz2YW74aoZ0gRvVQUjxU3nU4
Wink and Elbow,ChIJlQtjHbIZQ0gROmoJaEdZkEg
Windward Management,ChIJmS13toQOZ0gRFY_dG4DxlM8
Winners' Chapel Int'l Dublin,ChIJl2QXX1ULZ0gR7bUITNtLEE4
Winners Enclosure Bookmakers,ChIJ2fb0pj3xZ0gRUKFxeLIdU70
Winnie's Craft Cafe,ChIJQZHl1CsJZ0gRy7LriBPR_Ok
Winning Smile Family Dental Clinic,ChIJ22KUHwObREgRHDGrDH_doLw
Winning Ways Racing,ChIJe2P_YKYJZ0gRXHzJrmH9QfQ
Winroy Ltd.,ChIJCX2OUTlzZ0gRYvbUL-iUbvU
Winsteel Catering Equipment,ChIJi6Z37i1zZ0gRzOKghtsidSY
Winston Cases,ChIJa-6SQHoIZ0gROSuL30QG4Oo
Wintech,ChIJFzHPXNnBXUgRL6Kuk3cVbOU
Winterbrook Ltd.,ChIJSV7UT4QIZ0gRA7D-SZ4YrOc
Winterlee,ChIJbW9PxNKbREgR4qrR0-cnTZA
Maoilín Amphitheatre,ChIJubiTByCXW0gRPj00LY_Wm24
Winters Print,ChIJTaJioYs5Z0gRW1x0NLmmwTw
WinterTech Systems,ChIJ-dxmK-Y3Z0gRGvxP--CUyTg
Waterford Illuminates,ChIJOT4B0JvGQkgRbdaOhkMtGE8
Winterwood Limited,ChIJuXw7XzToXkgRCgwBJYScX7o
Winthrop Technologies Ltd,ChIJsTPSnq8MZ0gRiGAePOC-a0g
The Winton Practice,ChIJfVWl0AcMZ0gRICMywB9RU4U
WIN | WIN - The Reward & Loyalty Agency,ChIJN6DCIrgOZ0gRgmFBCNxkCt4
WinWindows,ChIJIzhq2gFtQ0gRcJexhvvmkt0
Wipani,ChIJESkxegIXZ0gRXz4sv6yBWl0
Wipeout Ltd,ChIJucfNnrF0Z0gR05XxuICgXUQ
Winroy Industrial Polymers Ltd. | W.I. Polymers Ltd.,ChIJy3gPuOdzZ0gRM7p3zbSZqAU
WiPro Ballsbridge,ChIJawDiCMQOZ0gRtzjA7ulX8ao
Wipro Digital,ChIJk3ZmD8QOZ0gRsmNniwdEnhY
Wired Agencies,ChIJsY-uFygLZ0gRHN50Rdy6BQg
Wired 99.9FM,ChIJhzfS9IZcW0gRsdYebYWZiO8
Wired Irish Crafts,ChIJCR8BjaAy42sR2xjtY5oKkxE
Wire Free Cameras,ChIJzbapDq4PZ0gRBqbVnQQqkEQ
Wireless Connect Ltd,ChIJdzduJ8kMZ0gRvS3YuQagc9w
Wireless Fire Alarms,ChIJoQ6h8vYNZ0gRCuidy4-PnmE
Fix My i - Wireless,ChIJvbEvVxzAXUgR0eyVcVn7wpQ
Wireless ROI Limited,ChIJaehOm4j3XEgRFp95Iza0V8k
wirelessthreeo,ChIJsb6luw3FQkgRHk9ZakkG8Yo
Wire Ropes Limited,ChIJDXaNSP_DZ0gRnGYDmOmmyws
WireSmartly,ChIJV6Hx5X8PZ0gRVBVVvuXRCaw
Wirtgen Ireland Ltd,ChIJp7iLOc1jZ0gRVaK4prDB2Gk
Wisdom for Health Acupuncture & Massage,ChIJ4yQg8esQZ0gR23LmOKDdZOU
WISDOM SEWING & ALTERATIONS,ChIJPSTQ9VqFREgRgjJKT76zR8Q
Wisdom Teeth Removal,ChIJN3NmfbUNXUgR-NNbX0nGUw0
Dr Dermot Murnane,0x48675b45a9f2f541:0x88d2ef8a43481ad4
WISE - Wexford Information Systems Engineering Limited,ChIJuyAzyEMbaEgR5JYTICJzgbc
Wisebuild Limited,ChIJfedzT2AJZ0gRFjG_gq8x77c
Wise Choice Attic Conversions Dublin,ChIJ5WsmhJd1XUgRzdDPyuWSCTI
Wise Choice Drives & Patios,ChIJlznw2ft_XUgRuwhFMkvlZis
WiseClutch,ChIJ872KaZwFZ0gRyny3LjiSUIc
Wise Eyes Creative,ChIJTf6yiaVfXUgRRQ4Fo9L_UsQ
Wise Investors,ChIJlRPmSKQnXEgRhSPr1wctpvE
Wise Learning Consultancy,ChIJgRjLo37FQkgRT0pDxtJH4Zs
Wiseloads Software Limited,ChIJjTf6N1HAX0gRi6o75Oue1Q8
Wiseman Designs,ChIJMRumhk2FREgR_CGeQiq6xKg
T. Wiseman Ltd.,ChIJVVYyKkMLRUgRqP4vT7kMhck
The Wise Owl,ChIJhedTUSc6Z0gR-hlxiBN5nBE
Ireland Taxi Services,ChIJk2FL9jCWW0gRqc9bQN9Aaf0
Wise Owl,ChIJl0NfzmI1RUgRYSuLuexspzI
Wiser Bins,ChIJA9kd3at9Q0gRULIMwy9LybE
wiserevise,ChIJjQZqt0t1Z0gRxDGB74ON2L4
WiseSalmon,ChIJOY4OXcgbZ0gRbPC_AjRJAs0
Wisetek Solutions Glanmire,ChIJMxJKpnCbREgRIjGsTYkJ8yw
Wisetek Store,ChIJF3D5REE0rKoRod_aAuxdXus
Wishbone Montague Street,ChIJq-Gcup8OZ0gRz7K_dv9T4sA
wishbone designs kitchens,ChIJnfPTH92PREgRXazWDe-TdW8
Wishbone Dorset Street,ChIJtQBqjIAOZ0gR6ov3buOop1s
Wishey Technologies,ChIJ3bP1qPM0XUgRfxW0-WjgF6s
Wishful Websites,ChIJnx0xboPrZ0gRIsha55Xve6k
Wishicouldplay.com,ChIJNX-JieALZ0gRkEH8s_sIv5w
The Wishing Chair,ChIJp1tPDvP9XkgR3pgNCVfsG9s
Wishing Djinn Lamp,ChIJ68E9hKA1RUgRSNEDIlRHXyY
Wishing Tree Studio,ChIJW-g0PbJXZ0gR63XPbDBXDRI
Wish-Penny creations,ChIJbRtt4eNJXUgR4VdYLUIqWbk
Wish Sex Toy - Online Sex Toys Shop,ChIJ8Ql6xdnHQkgRKgLZPD5mZww
Welding Inspection Services Limerick,ChIJZULjtIiLkaARe3tQYdBYoaU
Polish Shop Wisła - Polish Goods Market,chijnza6ogbcw0gr14ctclmgpno
Wispachat Wholesale,ChIJz5XWfuMPZ0gRFOAH46O1tLE
Wisteria House Bed and Breakfast,chij5zyk5358q0gr_prxa0rv830
Wisteria,ChIJEfw6LagYZ0gR8eoM7jTxnW4
Wistrive Consultancy,ChIJv3ffWDMPZ0gRfmDdEz5F0XI
WIS | Waste Innovations Solutions Ltd,ChIJsW71i4MdaEgRGDqWtDpTGRA
School of Business,ChIJbUIEchPEQkgRkAYzpemzdlU
WIT 4x4,ChIJPXOWylZaXUgRVvcFU4PLfLM
Witchcraft Liquid,ChIJj4YD-YUOZ0gR2aZSNXjpx_o
Boyne Riverside Walking Path,ChIJ9S0bAOZfZ0gRRVtlHCoQ0hU
With Purpose. Hair & Coffee,ChIJ64S77q4PZ0gRc_RD5S3EbuY
With Taste,ChIJnwsj8NQMZ0gRFKSGJjC9LIo
Individual TEFL English Tutorials,ChIJGVHsIzdpXEgRfHqUk6KDm14
Witness This,ChIJX4SAHmhJXEgRuxe_oub12Mw
WITSDEC LIMITED,ChIJHTjudH7HQkgRXFkoOUjHvb0
WITSU Social,chijo7uten3fqkgrpyajuoojkxi
Wittystore,ChIJ0Xn6jd4LZ0gRNVWRX8h9eEc
Witz Delivery,ChIJtz7-Yz-SrCIRILJdaGZVnmU
ramm-creations,ChIJu5lQxrYOZ0gRMS6LZO1kGEE
Bladez Barber Shop,ChIJ_e-TFReQREgRQJuMgUH_6aA
Wix and Wax Ireland,ChIJT-AkQSkTW0gRbuOuQOzEv58
Wizdom QA Trainings,ChIJO1xHXnp1Z0gRnQlVqOSHdE4
Wizer Energy Ltd,ChIJ0eefe0ZjQ0gRjrIuSKuaj2c
Wizfash,chijt9r9ytmpz0grk4pfbmltu3c
Wiztec Ltd,ChIJe4ouhp-PREgR3L2jHVCO13o
WJ Acupuncture & Herbs,ChIJOfWUQu0LZ0gRTFT-usHVi5Q
W. James Tyres Ltd.,ChIJmxGujBpfXUgRk0Eb3oMeMWs
William J Carroll Limited,ChIJWb31E3TIXEgR-hs7JGz2IRo
WJ Carroll,ChIJQb3_ivjHXEgR0lI1t56Qk2o
WJG Consultants,ChIJky09oLjuZ0gR8lhgyaGzcUM
WJP-Wuite Jameson Partners Ltd,ChIJEYPPL2brQkgRABJR1bF59ig
WK COMPOSITES,ChIJW01_hJRIZ0gRFoT4ZNYWiNY
WKDbyDESiGN,ChIJl5z-4MGhXEgRoo8m4kzlXq8
WKD by DESiGN,ChIJGxDKVb2hXEgRva1Rv7UQ50g
WK Fitness,ChIJiVMit8X7T0gRhymU4l2Oljc
WKN Real Estate Advisors Limited,ChIJQaM4IJUOZ0gRte60Wqg-ITo
WKS Electrical Contractors Ltd,ChIJrRxoxWtcW0gRkVFVuJqa2Uc
WKS Global,ChIJeQ1iHDhpXUgRPpKDS3G9cXI
Wexford Local Development - New Ross,ChIJJ0gklLm2QkgRpBoi0_IDNx0
WL Electrical,ChIJ25juAYmxYEgRciofc-4dN6E
WLM - SEO Services,ChIJ47BDxZOxYEgRwzJzKhBHU3M
Waterford Leader Partnership CLG Lismore,ChIJ4a4iJKZBQ0gR3i8tICgC-4w
Jobs Club,ChIJB9o99YwxW0gRij4rRXc2GYY
WLR FM,ChIJn8cSw7bGQkgR2i7r7BlPcbQ
WL Roofing LTD,ChIJTT12CDxdW0gRh23i2bD-Xfs
West Limerick Sports Complex (Killeline Leisure),ChIJc5_FrgxcW0gRdBDmw2BhJz8
WL Studios,ChIJFQnq4ftmXUgRs_3xcEGoXiU
W.L Waste Removals,ChIJN7yamNsMh2wRlS8XgNaNWr8
Wain Morehead Architects Ltd.,ChIJn_QtkyuFREgRUe7KFFKu5oY
The Donut Bar,ChIJR8nX9InCQkgRSCUR9Mz9rUQ
William Black & Sons Limited,ChIJAxy4SPyPREgRV7KCeeka_Q4
W MB COMMERCE,ChIJTVWuN8UNZ0gRLzxBHClW5UA
Washing Machine Company,ChIJ49Oiw0VzZ0gRWwlOLAtS29k
Wrap My Car,ChIJn5LB_FHBZ0gRvbUoX6Ro7gc
Western Management Centre,ChIJ6TBucWKWW0gR2oE9E5YJgys
Wendy Merrigan Accountant,ChIJ_2XBx5QOZ0gRFaLFIHacqUg
William Coffey and Sons,ChIJBdZ6vLlkWUgROMCOCSaB7IA
Walsh Mechanical Engineering Limited,ChIJqRtsu2vnW0gRn7dp4Mx4nGU
Missio Ireland,ChIJObNCjB0MZ0gR9GjJlBvvrXk
Walter Moran Insulation,ChIJ73TG9QddWUgRSsWYWG4NwTU
W M J Kelleher & Associates,ChIJfxsCaQ-QREgR6K4ZO1chPzc
W & M Kiely Ltd,ChIJ2YKH94eUREgR1NhQ0SLvzTg
Wealth Management Limited,ChIJ3e-g-JwPZ0gRqRI0CKL0myk
Wm. Nevilles,ChIJuQHNdg5tQ0gROz-v94tvS3E
Wm O'Brien Self Storage Cork,0x48448e251d6ed891:0x7c034f5762701606
Wigham McGrath & Partners Architects,ChIJc-Wp6ZnGQkgRFDK3kqRAh1g
Glen of Imaal Wicklow Mountain Rescue Base,ChIJ5RFpap29Z0gRFQz43E8ByeU
Westcourt Management Services Ltd.,ChIJf55Yj5wOZ0gRCgZSThgBS_Q
WM Trimmings,ChIJByoJf4IOZ0gR9dF0TjJ9Us0
Wesley Monaghan Tree Services,ChIJ6yKtNW32XUgRVfQt2Wr-2Do
William Murphy & Sons Insurances Limited,ChIJTRSKS-hWREgRqEx0FYVybl0
WNDYR,ChIJC-IYCpgOZ0gR_rvj15dVLm0
Woodlands Nursing Home,ChIJW6ZNa6O3XEgRmrnC-UQlsLM
The Wobbly Circus,ChIJ_QZWHm0SQ0gR4bd-HYOcQ8g
Wm O'Brien,ChIJ-bcKMDuOREgRW4ApNTbq1yM
Wobee tattoo,ChIJbZtodUGRREgRZlbRxSoG6wE
Walsh O'Brien Harnett,ChIJeemtKJYOZ0gRU9Ps2GiKh0E
World Outreach Christian Centre,ChIJCU8EjZlcW0gRK8a4tgYuPtg
William O Connor Measured Building Surveys,ChIJm8Pi1BaJW0gR0KxaYLYLKXI
Wogans Interiors,ChIJZToZ3iY6Z0gRky-cwACMywk
Wogan Build Centre,ChIJs6P8bxo6Z0gRc7CYk05gt1Q
Tipperary War of Independence Tours,ChIJEfWf6f_BXEgR3uJM73qVu1I
Wojtek Potaszkin Dance Academy,ChIJsywGsSMNZ0gRt_RV_BkjG4g
Wojtek Piatek Photography | Wedding Photographer,ChIJrawt_HxtZ0gRDwTOx3qsQWQ
Wok In Chinese Takeaway,ChIJrfL_DigNZ0gRtsDh9GZ-plE
Wokking Restaurant,ChIJ0fkVMulcW0gRzPsNSop7lug
Wokking,ChIJB8MXJ-pcW0gRpRhXNLjtMHk
wokpok,ChIJ5acH8ZJpZ0gRpPFjv2kYfhk
Wok time Asian food,ChIJr-GAvWWyXEgRUoF7YeUQQRs
Wok To Go,ChIJdbra_IBcW0gRTzqOaIbo1Wc
Wolf & Roth,ChIJl5Q5ZJwOZ0gRy_6vWOKbCd4
Wolf & West Menswear,ChIJL1X0QUyQW0gRZDuH2MlPUB0
Wolf and Wick Candles,ChIJi8M_z4-SKqURCYElCYKwcAw
Wolfe & Company Solicitors,ChIJ0eg4E5WlRUgR_Q07vHAJfEg
Wolfe Cycles,ChIJGcMfxHIMZ0gRfcPsAWhd4ys
Wolfe Tones GAA Club,ChIJEUKmB4Q5Z0gRDEn7l6BfnXI
The Goalpost,ChIJPRcDS9BBW0gRgwhIwWfyndM
Wolfgang Digital,ChIJAXI7GZgOZ0gR10NrDrAldKY
WOLFGANG TATTOO STUDIO,ChIJ4V9tg_zXQkgRptLgNYra_aw
Wolfhound Digital,ChIJq4bdGMsHZ0gR32QP-mt76fs
Wolfhound Fitness,ChIJaZ3XJh3AXUgRGDcpYW16xt0
WolfHound Sound,ChIJc43NENAPZ0gRObaP9dj82o8
Wolfhound Adventure Tours,ChIJqbJD7lKYXkgR_wZdhzvxuD8
Wolfix - Blinds / Awnings Porartlington co. Laois,ChIJl2g05R5QrQwRdpaRsgu16hg
Wolf Mountain,ChIJMfwkbSNdW0gRLZHxVyApZwk
Wolfrad Radiology Services,ChIJ4Tmen6IOZ0gR2bwRGH_MZGk
Wolfwood Kennels,ChIJ5YBLgArHREgRLUVhJvpsXmk
Word of Life Church,ChIJCR92oREuQ0gR8jnTROsdYVE
Wolohan Construction,ChIJrwG6LtS8Z0gR92Fuhmf_Kmg
Wolters Kluwer Financial Services,ChIJbe2SBpUOZ0gRH3kQOGswxYA
Wolvonic Design,ChIJ5b8K-vUPZ0gRie1bClhACC0
Womama,ChIJLwjexU87Z0gRWEJN0XfXUmU
Womanity,ChIJD3QYpZZFZ0gRM0GdHMC--2g
womenfitnessandnutrition,ChIJZZDfTSwNZ0gRNfC_ZapO7P4
Women for Election,ChIJZSyFx5sOZ0gRT-vB5b3r2Qk
WMB Publishing Limited (Women Mean Business),ChIJg76dhWcJZ0gRmB7UDqQtULU
Women On The Run Cathy Soraghan Personal Training,ChIJ6UHduyQGZ0gRr-nhE7CUhFQ
Dundrum Village Charity Shop,ChIJhWPQoWcJZ0gRBUj8uj7XD5A
Womens Aid,ChIJkwrWMgPMYEgRb8VcK8NVeBE
Women's Collective Ireland - Lucan,ChIJEcIwUaBzZ0gRD_p8Bo9955I
Women's Collective Donegal,ChIJv4-qSOqpX0gRreZhINEWV4k
Womens Community Projects Pre-School,chij17pufxzaxugrkfqi0ayyvfs
Women's Empowerment Coaching,ChIJVV00mzupZ0gRuE_rqPFQygE
Womens Fitness Cork,ChIJOzlPbOiPREgRD6RxaASH5Vs
Womens Fitness Sandyford,ChIJtai5BlYJZ0gR5aOmT5f7kkg
Womens Fitness Limerick,ChIJbUFtW0RbW0gRSmurC-WO3_0
Womens Health Clinic,ChIJ21Mw5iQGZ0gRpIag6MjQR9A
WomensHealth @ Grange Clinic,ChIJDT8TkFcFZ0gRHVAj3dVYT4M
Womens Health Group,ChIJXz4mAXc6XUgRY6KarE5vi4U
Women's Health Physio,ChIJ89ch_RORREgR1PhpVCmWofM
Women’s Health West,ChIJ8WZ3Te5PWUgRkpYSux3jBbI
Women's Rock Festival,ChIJp3ZsyUCpW0gRPDTCF8DLtTw
Women Supporting Women,ChIJm0WmJRCQREgRuwQ2fUQ472M
Wonder & Magic,ChIJB28Jr8IPZ0gRkzBurDP8E28
wonderful hand foot spa & beauty,ChIJS8KChAkPZ0gR1MW7-ff7GIc
Wonderland Montessori School,ChIJFzAKSaEcaEgRctqPyEQEEGE
Wonderland Nails & Spa Dublin,ChIJd8d-tesPZ0gRb43iEyLCg8U
Wonderlicious,ChIJPY0sbicPZ0gRF6mY7ISLwbQ
Wonderlights,ChIJ2yvvf1B5Z0gRC9jHoTD8Pxw
Wonderous weddings. Elizabeth Cott.,ChIJcwb60viRREgRyDstSEknoto
Wonder Paws Puppy School & Family Dog Training,ChIJzXyVed6nZ0gRZapyCG0PvAQ
FujiFilm,ChIJo80lvMYIZ0gRKPgERpFYkHU
Wonder Photo Clontarf,ChIJD8W1UpEPZ0gRSJxT5tC8HvQ
Hyphen Print Management,ChIJOWkSugELZ0gRaPyvLUrpd7E
Wonder Woman Fitness,ChIJDbPjYTo1RUgRy1Bnz9baxaM
WONDR,ChIJKQ2H__AOZ0gRcZmbM6LsuxQ
Wongs Kitchen,ChIJ10hNRcUIZ0gRy7-sRbg9Y1I
Wong's Chinese Restaurant,ChIJJx3eij8NZ0gRftrhjrZhiv4
Wong's Garden,ChIJKRsLrxhlZ0gRe2O0Qe1Ki14
Wonky Cards,ChIJFRZMd9XT1kcR4GlrfabApHM
Wonky Eye Photography,ChIJvfcVtm69W0gR4cfRkosLCQ8
WonLife Websites,ChIJ1U72cHU7Z0gRv8jRjTZnFq8
Wood Marketing Federation,ChIJ7cv7W0u3Z0gRxknhSfMLVfQ
Wood2Go,ChIJA8J6JLzqXUgR38uC_g7boTo
Woodale,ChIJPxS7eFFdXUgRbaRW2Uy2m4E
Brian Murray Cabinetmaker,ChIJdWY0rRKKXEgRESr6lFPSIuQ
Woodberry Capital,ChIJ7aNIxJ8PZ0gRcyk_3IMw4LQ
Woodberrys,ChIJNRrH1vqWW0gRxK2sV9AtFXs
Woodbine Books and Coffee,ChIJ9aKPB8OAZ0gRR5pRMbV7Co8
Woodbine Cottage,ChIJaUYuz7xkWUgRdGsP1hO6JCg
Woodbine Craft Kitchens,ChIJ7V3O70LiZ0gRR_1T9HXOmQ0
Woodbine Pharmacy,ChIJ01a10CsJZ0gR0_hYm3fDaLQ
Woodbrook Golf Club,ChIJRzzsFRKoZ0gRSlWpNMkPMSQ
Woodbrook College,ChIJg8GAkAuoZ0gRWZBtekSdxCM
Woodbrook Finance Limited,ChIJwaY7JkrdREgRAroMP-6t4Hg
Woodbrook House,ChIJC7rwQ6YGaEgR5Hqgqf7BiuE
St Michael's National School,chijvyo_o8qaxkgrlk8_uxwbemg
Wood Burning Stoves,ChIJhcsXWcW2QkgRA6_ICtUbN08
Woodbury Custom Homes & Carpentry,ChIJNUut_xNZZ0gRSdp3rSaYA6U
Woodcage Woodwork,ChIJIfmJBmMBYEgR4PkPTaLXKGw
WoodcityCraft,ChIJ7zbSW4M7Z0gRKJC0p99BzEc
Woodclear,ChIJTTIjde9zZ0gRTbT250Js4Pw
Woodco Renewable Energy Ltd,ChIJdQP6KLK2XEgRcjSq8Y_ZaIo
Wood Coatings Ireland,ChIJAfxHN7RxZ0gRidwu6cBSPOk
Wood Communications,ChIJ9wTyIK4MZ0gRaUxAfXBJG6A
Machined Timber Specialists,ChIJK8vUCaGvZ0gRxt7QrJH3OEs
Woodco Pro,ChIJgbx4HzuxXEgRqwoISps7bi4
Woodcraft Kitchens,ChIJT-3XKURoQ0gRkIGLPzLS-Oc
Woodcraft Timber Interiors,ChIJY3ygptWzYEgR871zXL79DWA
Woodcure Services Ltd,ChIJW441AMJ8Q0gRRIG4lOo-MPU
Woodcut,ChIJoc82uMCWW0gRwnPUq7Hpt2E
Wood Dampproofing,ChIJG9kqzbj5REgRarosYDA91vs
Wooden Fire Pizza & Takeaway,chij14nvcsumz0grcln-mnubjhe
Wooden Adventures,ChIJ7b7mpKuJW0gReJir_pS_d8I
Smokehouse Restaurant & Bar,ChIJ6-fL2OPBZ0gRMcd6Pgd8Iog
Woodenbridge Golf Club,ChIJdQBUHLTBZ0gRFkV_2X-T63E
Woodenbridge Hotel and Lodge,ChIJOxHVF_7DZ0gRcthZypH1r9s
Woodencraft,ChIJO7OVjWmdZ0gRRsqS-FCmtPc
Wooden Floors,ChIJk0IdM9vDQkgRbAw3ss11Qxs
Wooden Floors Dublin,ChIJl8wbaQALZ0gR40IUj5MUAC4
Wooden Heart,ChIJcYKX2PqWW0gRCRUndLuTdfY
The Wooden House,ChIJIxfaJoafQkgRaFCOa5Jc13c
Wooden It Be Nice,0x4860b31938431eb9:0xa763cb7f34707431
Wooden Projects Ireland,ChIJ31jz1Y4jZ0gRtGk2-ZjjK-0
Wooden Spoons Cookery School,ChIJi9QMPtqRREgRjH2wByBZHXY
WOO .Design,ChIJH7oxHzETZ0gRuUugq5B6jo4
Woodever Carpentry & Joinery - Side passageway Cover - Lean to & Sheds,ChIJ71GVbl6RXEgRbvKCbNQzbJU
Woodfab Timber Ltd,ChIJEWGqpeDqZ0gRB1Ro1WIdtuY
Woodfarm Fencing Supplies Ltd,ChIJIXBBLOtsXEgRF2VQONYbPsU
Woodfield Press,ChIJlaWTdPQMZ0gRJdZwQ2U8UGU
Woodfield Cafe and Garden Centre,ChIJ03ZffRj4XEgR7MNspQ_RaMM
The Woodfield Hotel Clifden Galway,ChIJed7BYxk7WkgRUINn42qVoBw
Woodfield GP Surgery Shankill,ChIJS3x9x7IHZ0gRIuHF-G5NTzg
Woodfield house,ChIJqTZ2XzgDaEgRT7bb9Cu5IkY
Woodfield Joinery,ChIJ8UNNt82LZ0gR60HOL7hCVGU
Woodfield sauna,ChIJjaxUGdNpXUgR04F60Y6chlo
Woodfire & Green,ChIJuxD8KgkJZ0gRc86QVyb4Uvc
Woodfire & Wings Clondalkin,ChIJWc6zvtRzZ0gRtZw0yhYwnBQ
The Wood Fired Kitchen,ChIJYeeTe6pdW0gRVh0b5u6XH_0
woodfiredoven.ie,ChIJR5WLMyzxW0gRIgl2Rn3V-Zk
Woodfit Acoustics,ChIJH_mfY3xJXEgRwjQSZ3qu0LM
Wood Floor Store,ChIJnULqlFMRZ0gRP3SB5Adb4GI
Woodford Diagnostic & Training Services,ChIJWUt-wS4MXkgRserXBYQgQVo
Woodford Timber Products Ltd,ChIJhdKUJ2VuXkgRwfwDyeCrRsA
Woodford Capital Designated Activity Company,ChIJ6Z_88L0OZ0gRv33M9c12kSQ
Woodford Dolmen Hotel,ChIJJa1tksdCXUgRuoYousPPKmY
Woodford Nurseries,ChIJef5eOhB5XEgRNLH_t8GizpM
Woodfuel - Kiln Dried Firewood,ChIJidUdwzNgZ0gRBcnVoC1iXM8
WoodGrain,ChIJ22OKjMJ-XUgRibFIvJ1NGi0
Kaefer Industrial Services Limited,ChIJM72f9emPREgRivCNs9mi2aU
Woodhaven Lodge,ChIJn6Iuky2RW0gRkl2Q-ULrREo
Woodhazel Consulting Limited,ChIJfXSfNq4LZ0gRZe_fINdNz0Q
Wood Heaven,ChIJS6UALBHTXUgRpzYj4WI1q0w
Woodhill House,ChIJP2flav4NX0gRPJoMQvtDgMo
Woodhouse Estate,ChIJxUItwNcfQ0gRLkacmJPsX64
Woodie's Bray,ChIJg6_Pji-mZ0gRnHZuS08d6Mg
Wood Industries (Rathdrum) Ltd,ChIJQcNWp7q_Z0gRhaH4fIyXM2I
Woodkraft Kitchens,ChIJk7_-SGwSZ0gRQnsq9LXtR38
Woodland Managers Limited,ChIJaUIwGuWWW0gRZQ2OlQQS940
Woodland Coffee,ChIJDxcoB_N1Z0gRZdKSEebP-5Y
Woodland Group,ChIJZ_FMx4ASZ0gR1Vpt9wzsSRI
Woodland Motor Co ( KGM Galway ),ChIJq2yk9yKSW0gRVV9SxVnWTFU
Woodland National School,ChIJ1yd8WoHrX0gRCHhiTcQ4aSQ
Woodlandoptiks,ChIJE01MjmwPZ0gRweNmJBFvztM
Woodlands Academy,ChIJzRvFyTCmZ0gRy9QK2dxzyN0
Fitzgeralds Woodlands House Hotel & Spa,ChIJvzHQZJZFW0gRhj-mp9YvVcE
Woodlands Boarding Kennels,ChIJB6w8Wvb_Z0gRaFn78pkmegA
Woodlands Cattery,ChIJ_UMp37sXZ0gRLAXB8pb3dKA
Woodland Segway,ChIJ_XLF8YaQXkgRgr1sKcTBN_o
Woodlands Health Centre,ChIJtYqq_sp2Z0gRHINbytudi88
Woodlands Hotel & Leisure Centre,ChIJV-xRIdDGQkgRLS9iNEWtClU
Woodland House,ChIJOREgF1FbZ0gRnof1D_JtS3Y
Woodlands Guesthouse,ChIJDRtO8i4xRUgRHCIApc1HC34
Woodlands House B&B,ChIJPzcbsuFhREgR5GRENECfCqo
Woodlands Kitchens Ltd,ChIJO71TkS2OREgRAwpsK0pDKMs
Woodlands of Ireland,ChIJhcKxVsSJXkgRZCGsGUKbyG4
Woodlane Woodworks Limited,ChIJa2_cPEWVd6QRnpcu9ZDJfUs
Woodlawn House,ChIJj_OwKBA8RUgRf5ecT593GBI
Woodlawn Bakes,ChIJ0YtSbOdxXEgRL5VblCFS6kM
Woodlawn Manor nursing home,ChIJt27__G0RZ0gRaXRczVrOcBc
Woodlea Psychology,ChIJS4L1gWQxQ0gRirz3UT70DQA
Woodleigh Ventilation Ltd,ChIJMYDs08MNZ0gRdUHgydnIY44
Wood Life,ChIJmyac4oAOZ0gRuORr02BwCog
Agora Publishing Ireland,ChIJpa1N3m3aQkgRactGITE2X40
Woodman Cafe,ChIJLz7A3RG1QkgR9T-7N_kTBWE
Wood Mode | Dublin,ChIJJaSEcjYNZ0gRleyoCM-du58
Woodmonkey and Company limited,ChIJc1LLa5vRQkgRBoegpto0ErM
Wood Moon Studio,ChIJa7-LjVW1QkgRMpcWHrT4OVg
Wood Mouldings Limited,ChIJ104NiAy6Z0gRyD0W3wqmNOg
Woodpaint Services,ChIJhdI7h20MZ0gRDs3H3RxFBkc
Woodparts,ChIJ68Tlq0xxXUgRqpq-0kL2FfE
Woodpecker Floors & Tiles,ChIJKYtmn7jGQkgR2VoNHA5nXTk
The WoodPecker Sports Bar Ashford,ChIJqXmkFmi6Z0gRPVO4hsX28rw
Woodpecker Fuels,ChIJ3ehXjGDEQkgRQhUuSM0UxPw
Woodplan Interiors,ChIJM7eNGgd0Z0gRGgvBzqiADiw
Wood,ChIJ1U9AHU6RW0gR2eoBHQRotJA
Barefield Ennis,ChIJ4w-jswdzW0gRRaCA6Mfm9J0
Woodpoint House B&B,ChIJ1VwVwLheREgR-s5f6x9SV-s
The Living Outdoors Company,ChIJb4eUGcrFQkgRVRhT4VDC1Aw
Wood Quay,ChIJsS9kX8_WYEgRM94Auw84aIw
Woodquay Hostel,ChIJN1a3x--WW0gRAgApcoAAWbE
Woodquay Guest House,ChIJI6o52YWXW0gRlhGks7DiHDI
Woodrow,ChIJfenJWO3BXkgRGv6ExBeQaBs
Woodrows,ChIJo1j82V47Z0gRDVsvokF7Dfw
Woodruff,ChIJa0ozBkkJZ0gRqP99z02St5c
Lorgllenn Business Park,ChIJBwpy5HhdXUgRDQIfHZ0dvYU
Woods Aerial & Satellite,ChIJbb1WKNlFRUgR7c4Ums_WXwY
Woods & Byrne,ChIJsfpQwIsPZ0gRVrHddYtmwWo
Woods Architecture & Project Management,ChIJ572OUaEOZ0gRmAgYQ5uksJg
Stephen Woods Shotblasting & Spray Painting Services,ChIJm_jTRcWHXUgRPC0dunVUV5I
Woods Contract Cleaners and Property Maintenance,ChIJQW7YFgtdXUgR8Pi9Abc0sak
Woods Environmental Services,ChIJU-bMlI8MZ0gRFWpQ8qYNa4A
Woods Financial Services Ltd,ChIJJRrkmkxbZ0gRQDWgK8-Cs9E
Woods Firewood Products Ltd,ChIJ8ROh1TWnXkgR0hJbd3WcDaw
WoodsGift Retreats & Training,ChIJh3XbdqcnXUgRMCkzabcVxpA
Woodside Garden Products ltd,ChIJaXgleTrzZ0gRgSZG290HMR8
Woodside Chapel,ChIJCdk66kQzZ0gRSHe6rwSVH9I
Woodside Coffee & Kitchen,ChIJZQkvhcEJZ0gRrCmsTfTBeec
Woodside Lodge Bed,ChIJcQBiLDh7WUgRRGHY7tqLPec
Woodside Nurseries (Moules),ChIJY0Hk26jrZ0gR-pPnIA-C7MA
Woodside Logistics Group (Irish office),ChIJa78rvoYPZ0gRTPU8O_mfrbA
Woodside Storage Units Cork,ChIJr6p_bpedREgRmOhhLLBp2bo
Woods Local Shop Lisgoold,ChIJOx_HcWJjQ0gRVVts9tsnJXY
Woods Menswear,ChIJ9xHv4vs0XUgRP8zdw1Kc7As
Wood Smoke at Aillwee Mountain,ChIJX0StAhihW0gRPTGNqkp1hzw
Woods and Partners Chartered Accountants and Registered Auditors,ChIJf398y75XZ0gRfUbah_gOBjs
Woods Patio Centre,ChIJE5YRNvIxZ0gRPNn1fDfp_vc
Woods Project Services,ChIJzbYj4r9eW0gRs96YHlfJ1Xw
Woodstock Gardens & Arboretum,ChIJU2YkilW1QkgRwC_gnkOgp5o
Woodstock Arms Bed & Breakfast and Pub,ChIJByRdiFW1QkgRmHHcBi1Wu_8
Woodstock B N B,ChIJ-4erwypoZ0gR9wJQyO757Kc
Woodstock Courtyard,ChIJGcIXME21QkgRpBqWNdi8D2I
Woodstock Golf & Country Club,ChIJ00Mg7-gSW0gRumWzjukxHy0
Woodston Personnel Ltd,ChIJV-9x-igbX0gRgm_CFSARMWk
Woodstown Dental Centre,ChIJrVwA7hkLZ0gRW1LvN4l9F4U
Woodstown Medical,0x48670b0f0b178907:0x7ad9dd74ed8c06e3
Woodstown Therapy,ChIJceC-2DoLZ0gRS881ekoYTZM
Woodstyle Doors & Stairs,ChIJJRgriGYMZ0gRM1EO_d4YeJs
Woodtown fencing,ChIJnXmCbPJzZ0gRv4oRB6QzsXo
Woodvale General Practice,ChIJKXGcP1htZ0gR80K_LBg--ys
WoodVenu,ChIJY1rtEnenXkgRuPRa8QHmDZA
Woodview House,ChIJvY0ej4RIWUgRoy5zlVVNmW0
Woodview House,0x48673b21d54290a3:0x3a396af9a68088dd
Woodview Landscapes & Tree Surgeons Ltd,ChIJCyGW0ywPZ0gRHj1vYMt5rN4
Woodview Plants,ChIJ695KvCOBXUgRTQcN0JlqgTw
Woodview B&B,ChIJxfs0onarREgRX_vbI2rtwD8
Woodview construction,ChIJOcJDpuJVZ0gRo3Bhx8_fCe8
Woodview Family Doctors,ChIJ-wf2og6bREgRHw_Yg9dgLSg
Woodview HRM,ChIJGV5GbGO_Z0gRXyguGcMZxWM
Woodview Lodge B&B,ChIJzZqG2kRcWUgR-1ybBHnDi4E
O'Donnell's Daybreak,0x48434a731914bee9:0x61f36a08290cc09a
Woodview Veterinary Clinic,cab32010236050e9d2eab3ac62fdfeb3
Woodvilla Lodge,ChIJgbzX6TIeaEgRoWRn8LgkBPs
Woodville Bed & Breakfast,ChIJ6146YyuWW0gRyabrOMnz07w
Woodville House and Gardens,ChIJeWuWft-zQkgRsuvo-EPC7oU
Woodville Lodge Guesthouse,ChIJe_xe1iQ5RUgRhC7zBvP7lyA
Woodville House Walled Garden,ChIJiZXkqheHW0gRYW6pZa9MbQ0
Woodward Auctioneers & Property Sales,ChIJyXuDpxqQREgRP38Mw7sQi7s
Woodward's Cottage,chijdzird97_xugr-q1exhfbpgg
Woodward Square,ChIJ7zZw3bYJZ0gROEJPYPAZEc4
Carpentry Services - WoodWonderStudio,ChIJs97j8l8NZ0gRc78ODhMaiMM
Woodworkers,ChIJo8g7XQkMZ0gRLARfomW7Hcs
Wynnes of Woodpark/Woodworks,ChIJAzELDIsSZ0gRcLrQof7Geak
Wood World Custom,ChIJc6SV_XptW0gRPqDUJfQGuZs
WoofAdvisor,ChIJO2_67dIHZ0gRKzEPWxaB20s
Woofcuts Dog Groomers,ChIJOwFUYyG3Z0gR78R8CBLc6BA
Woof diamond grooming,ChIJpYzhhXgJZ0gRfnCqSdSjIVM
WoofGlam,ChIJU0ElPhYNZ0gRMV-QhmYB-wU
Woofland Dog Park Claremorris,9e92ba793742e67d8af9b254cc8dcaa0
Woof n Ready Pet Shop & Groomers,ChIJU-3H9MUJZ0gRIVG8h5zYfzc
Woofs Ireland,chijwxaossiwz0gr_zsjuvjdfqw
Woofs & Wags Boarding Kennels,ChIJSwChWhjyW0gRQzSa-uGWP38
Woofters Dog Grooming Dublin,chij0t23bozzz0grwa1zn31mhfk
Woofwalkscobh,ChIJfWhptr6DREgRgAzk0MtoXN0
Woof Woof Wagging,ChIJ97bte39tZ0gRGRBNRX334Tw
WOOFYS KENNELS/SNUGGLES CATTERY,ChIJE-w4GEJ6Z0gRoQr2cJTAEdY
Laurence Pierce (Wool Merchants),ChIJWaQtlFC-Z0gRUeHRDKyJY94
Woolf Coaching Academy,ChIJNScuHsELZ0gRNiigjWq5ZGM
Woolhouse Acupuncture,ChIJQQjccuQPZ0gRrL5lx99waOY
Wool in School,ChIJaxVXdL5rZ0gRrXCzr_a58rU
Woolly Alpaca Wonders,ChIJyzdPc7AjWUgR7cVZXC0c7sM
Woolly Castle,ChIJp6aIQTCTXUgRI4jOXwHOK7k
Woolmania Personalised Gifts,ChIJW5pVe08zXUgR7PUX90HSN2o
Woolow Ltd,ChIJ3Rfy1eAJXEgRhP-tgXpoMXc
woolshack.ie,ChIJdR3wnEIVZ0gR0EpR-yPu1Zk
The Wool Shed,ChIJEff8I4IOZ0gRa3Aap96eX9g
Wool Works,ChIJ00UZVCc6Z0gRgeD-5islK1k
Wooly Cow,ChIJDwW9kCrFQkgR0eaHgaH7Xtk
Wooly Farm,ChIJE0s8qUMUZ0gRHqz_NftB1OE
Kostas Wootis,ChIJYcrqi8ptW0gRiGa5CbryCz8
Woozza,ChIJfc2Ea_mWW0gRKu98fPoRY74
Wordbird,ChIJPyz-PsgLXkgRbMLvCv2DsXk
Wordfruit,ChIJI2Q4kEsLZ0gRaDYVnsS0VkI
Wordhoard Communications,ChIJ6Vxna8EORUgRYa2hJWLh7GM
Word International Ministries Ireland,ChIJx2iHpg8NZ0gRBFO2EivJ1Hk
Anita Alig Writing,7efbee8d2c8d9b048b244d6a2bc8ea44
wordofmouth.ie,ChIJHWmoEEJjXUgRHQwnuNN82OE
Word Perfect Translation Services Ltd,ChIJz6ECbSgMZ0gRy4V-XhJshtw
Word Perfect Translations Client Portal,ChIJgyA8U_qWW0gR6aDoReLXr4I
The MET Trainer,ChIJF1HCwhplW0gRP4t5KnMtSBU
Wordpress Web Designer,ChIJPX7YEBSRREgRnO3jOVA6I9M
Words of Sympathy - Memorial Prayer Cards,ChIJ1ezSgsgPZ0gRtunZAtyYhyE
WordsWorth Learning Limited,ChIJi-AgMeAIZ0gRGpRLG-5E-u0
Work2BWell,ChIJVflDjS-QREgRvZ_x2CDksoM
Work4U Ltd,ChIJBz2ufvwRZ0gRYiqBds1Q6j4
Workair,ChIJE0Ylr5IOZ0gRkKjwZWY_sx0
WorkandTravel,ChIJOR36VAEPZ0gRL0tNoFm6zvg
Workatreat Massage Therapy,ChIJL5rqVKGHREgRLcyOx76NvDI
Workaway Education,ChIJQX3Uk10ZZ0gRqpDRYZdvKgQ
Workplace Abbeyfeale,ChIJj7gMw6TVWkgRBUbocKe-CZ8
Post Studio,ChIJG7A564IOZ0gREjrR64Z2-mA
WorkCompass,ChIJYceAUwWQREgRyx_Hk-q6C3c
Workday - Dublin,ChIJ3f2BJSkMZ0gR8AIRCbtRBTw
The Workers' Party of Ireland,ChIJyX3ez_sNZ0gRx0plyhtus9U
Workers Rights Centre,ChIJnf2IeIUOZ0gRd5bmGiGm7qk
Work Experience Agency Ltd,ChIJjYxGS7YPZ0gRTZHx8g0uUU0
WorkflowFactory,ChIJlYFYcJMTQ0gRaGNRLDqPM2U
WorkFlow ICT Limited,ChIJmRpCAtsiZ0gRB3z6pIwiOIc
Workforce International,ChIJBV_pmCQFZ0gR5b9_DyTuHLI
Work Frontiers,ChIJ_ckSVr-xZ0gR7SATjtAW-GI
WorkFusion Dublin,ChIJ5dIlKZwPZ0gR2AL9U_GNXxo
Bawnboy Workhouse,ChIJ7RvfEiFpXkgR7SIf0k4kBg4
Dromore West Union Workhouse,ChIJ3ceBagbNXkgRqZeaG7VR3Z0
Workhouse Union,ChIJY6UCxRMsXUgRSrqaQSb2864
WorkHub - Virtual Office Dublin.,ChIJlb-GwfYPZ0gRrJF5nXMgrfQ
Workhuman,ChIJJVGLUcoMZ0gRdv6yD-DQb6U
Working Artist Studios,ChIJXdho4OqlRUgRA_g4c2Mwj-w
Working at Height Limited Ireland - UK - EU,ChIJAWr_6GJxW0gRdE4C4TdiJ3s
Working Health,ChIJpc5n1XNfW0gRuiK_CnT0Pzs
Workinglivingtravellinginireland.com,ChIJR8Lkgr2DW0gRaEoWisMl-Bk
WorkIQ Tallaght,ChIJLTFmfAB1Z0gR8RPfMc6xDNI
WorkJuggle,ChIJe53XRAwbZ0gRa0DGwXbut7k
workLAB,ChIJ16eH8GfEQkgRU2roA2cYQXc
Work Matters Ireland,ChIJi_I-BQEPZ0gRXQLLkb0kDp8
WorkNua,ChIJia9c-O8PZ0gRl01i1n2VcgA
Work Permit Consultants,ChIJ9Z8fSagPZ0gRQQwc2ZZwY4k
Work Permits Ireland,ChIJBVCWKpkPZ0gRqELxhzaohMo
Workplace Options - Ireland,ChIJc6vo3w8JZ0gRxC6XPxeuv30
Workplace Relations Commission,ChIJjYnedoLCXkgROpr-hOudC4o
Workplace Solutions,chijo6yxc1ejz0grkugqm7tzyq8
Fermoy Counselling Service,ChIJAY41pj9fQ0gRf1eQyTM96S0
Works / Architecture & Design,ChIJmcFMXpUOZ0gRDCscYNqt7Vo
Synergy Risk Management Ltd / Worksafe Ireland,ChIJ9eeS0lDmZ0gRzI4a3I22GKs
The Works Cafe,ChIJlzY5PD7pXkgRZJ6NlPOmlaM
Workshop Coffee House & Cafe,ChIJO8WY2YRbW0gROzRbT8o1mqI
Workshop Gym,ChIJRVOe_yQFXUgRpPleLuzb0iM
Worksmart Business Solutions,ChIJA0esWVN1Z0gRz3LQifYBjK0
Workspace Furniture,ChIJgcp0C7gNZ0gR-ahwbXVGUsg
Workspace Centre,ChIJWb3IuyY6Z0gRvDmOh-Gh3V0
Work Space Cooling,ChIJvY1xEUIyXUgRT6Sb8PknlQQ
WorkSpace Interiors,ChIJRTVsq5QMZ0gR1hM7FeIvJvA
Work Study Ireland,ChIJ5bhFpIEOZ0gRxjgpm6NrYME
Workthere Ireland,ChIJ2atgLZoOZ0gRXAaBbqgeKZY
The Worktop Workshop,ChIJ01WQmbFtZ0gRC2Xe0YrXQbY
Workvivo,ChIJGUd06fuFREgRWADn4cCOG2c
Workways Dublin,ChIJ15rttNQNZ0gR6IDu0POge2w
Workways Recruitment,ChIJs7btKtZiQ0gR2lU95ae_VKs
The Workwear Centre,ChIJ1QqML7TkXEgRal49pjGOBrw
The Workwear Department,ChIJU6_lCNJlXUgR_gTfPIclIos
WorkWearExperts,ChIJN9tUccAMZ0gRhouRZ7qn6qQ
Wirtex Workwear Fabrics,ChIJ1Xn-lQcJZ0gRCSROsrwaxW8
Safety Supplies,ChIJL66wclYLXkgRkovD7I7rGeU
parkHIIT Poppintree,ChIJXSVoQykNZ0gR_PuTOsh6aFs
Foe,ChIJR8ZVA5UOZ0gRc3AgEHj-Am4
Work With Pride,ChIJRVAw6qWRREgRifoBSwPRnrU
WorkYourWay,ChIJJdeEjaLtXEgRwvnxfcMDnwg
World BBQ Association,ChIJBaoA9JVdW0gRNn4vcwPtCS8
WORLD SERVICES,ChIJy99xJJ0OZ0gRH8i-Ili55FY
World Physio,ChIJD8GGB3EPZ0gRU5yqVmVxEQI
World Rugby,ChIJCcTRiZcOZ0gRK2OI32XaR6Q
World2Go,ChIJy3LefPEPZ0gR02OElv67PVA
WORLD BEST COURIER,ChIJk08FLn0OZ0gRDDwltM3gEgg
Mullaney Travel Limited,ChIJ5zBufjToXkgRqjEw-Hr7F7I
World Courier Dublin,ChIJLU-Ykz4OZ0gRBDJW8YjYsxM
World Energy Absorption Chiller Europe Limited,ChIJbcvTNiYQZ0gRxXeAs7C1Fg4
World-Link Print,ChIJq9Y-UI8OZ0gRMSnCfQySV5s
World Logistics Network,chijt00y0_vxz0grz2cbklr1xde
Make-up World,ChIJp79__5gTW0gRDmVd6AJdb98
World Of Bounce And Mini Farm,ChIJTfshGoXXQkgRj0Mp7nFTC5o
World Of Brows,ChIJA3nlYkgNZ0gRom0nRfRdV3A
World of Catering,ChIJDymPS1xlXUgR02D2d4lwQgk
World of Elegance,ChIJu5mKyLIHZ0gRFIgvRZ3vPEw
World Of Spices - Halal shop,ChIJH8aKlKMPZ0gRFXw_E3-UrG0
World of Tiles - Cork,ChIJLd5FWDSPREgRf4qo5zKONqU
World of Wellness,ChIJTXJcwVfVXEgR7pYEZ_NPYgI
World of Wonder,ChIJ3Qze_44xQ0gRmnfDA6AmQFI
World of Wonder,ChIJm5f1iCgTW0gRTkGm1-s1Y8k
World photography by Karen skelly,ChIJISENRDz_XkgRRKggjd8Imuk
World Removals,ChIJI0uYDIDLAaMRnvGadWnoj2k
World Taekwondo Association,ChIJZy1psT-RXEgRgj2_9I63Y_c
World Taekwondo Dublin,ChIJXwddVegiZ0gR6O7aDpTFszE
World Travel Centre,ChIJH9aDFpAOZ0gRIFr1s714kgM
World Travel Nation,ChIJdX2MVF8PZ0gRqzIKl3Wtp0Y
World Vision Ireland,ChIJlSbLxwMMZ0gRwrUkWYsN8uk
John Long World Wide Cabs Limited,ChIJY2gNxxJtQ0gRu6RDPIlmFVc
F1A,ChIJC81gXLcbZ0gR9HJIBPmnwzM
Worldwide Windowframes,ChIJc85L6bhFXUgRte1Pn9yC6JM
World Wide Wines,ChIJP91dccfGQkgRrpOoVT1H_kE
WorldWise Global Schools,ChIJZ8qyZjYMZ0gRb_m5IYvGg64
WornWell Vintage Clothing,ChIJuVjCRKkJZ0gRmTY1NEwDOo0
Worrell Harvesting,ChIJ4enGG2x0XUgRlx_WmqJhKyM
Worship and Word Gospel Center,ChIJrwpF1qiRREgRSkfwGZ-T4-A
Worth It Websites,ChIJFdjnSp9JZ0gRaUN5yCY6_bE
Wicklow Office Supplies,ChIJ6zGHKYW7Z0gRxL8xzdSkBTM
wotlog,ChIJew8XiPBDXUgRV6TzEjny7qQ
Woulfes Bookshop,ChIJQQ6KtwDRWkgR5KMCxeO32Fk
Wove,ChIJM3TuapwOZ0gR7Sd3Nh5A6U8
Woven,ChIJwY016_2_W0gRFLku2kK1ozY
Wow Weddings,ChIJI7AaIUPPYEgRQsJ6-2mzPfs
Durrow ACS Weather Station,ChIJsUziDrgXXUgRRfrHhu6TcKI
WOW Balloons,ChIJzT4F5NcUZ0gRUr_mxJALqtU
Wow Brown Tanning boutique and training centre,ChIJD2eaNrYOZ0gRw7TLk2oOmJc
WOWBURGER Swords,ChIJSeS-5LIRZ0gRHldtYUHj22o
Wow Cleaning Services,ChIJG2P_l1nHQkgRuhUh1DR3cfw
WOW Moment Creation Ltd,ChIJB_oDarETZ0gRjLh256TPWbU
WoW Price Shop,ChIJ-zKT4lSPREgRO-XaJyrN0IE
Way Out West Productions,ChIJ3Tgf8KIOZ0gRXlbcuoJlY70
WowThanks,ChIJkTZp9PMPZ0gRVfzxFxTYx-U
WowWee,ChIJURvJCNVsW0gRreRHPYSIuII
WordPress Training Ireland,ChIJNWDoWLIJZ0gRnjUMYquHsx4
The Showbiz Academy,ChIJwYPmn20ZZ0gR1SYFRRLI5wQ
Wolf Process Automation Limited,ChIJkZY30yeHXUgRYPcAmneN_8Y
WPC-Decking,ChIJ97JiDmwNXUgRXDefE3a3C4Q
WPC Galway – Walsh's Paving Centre,ChIJ5yoDjrSWW0gRd-WH6eFHDY0
WP4 Window Cleaning,ChIJSz3hz1dDN4wRveVlTKAZPa4
WP Cork,ChIJq4m3iwxtQ0gRRVvNojSI49k
WP Engine Ireland,ChIJKWcDtWVcW0gRHaMybVykFS8
WPF Procurement Dynamics Ltd,ChIJ0w2p6qkPaEgR5WcdbzU6Lao
Wicklow Primary Healthcare Centre,ChIJZ0WFoqWwZ0gRPgb0v_ql6OI
WPH Consultancy Services,ChIJ35j887kZZ0gRnLBIII4gNTA
W.Plunket,ChIJMXiA-nYPZ0gRKqycNTKZ1LA
Wordpress Maintenance - Insignis Web,ChIJLUUtYaA8W0gR-SyLu086GaM
WP O'Reilly & Associates,ChIJld5_gNYUZ0gRdfkqR6GCwlg
WPQ Info,ChIJ2V-Oy-ddW0gRxuDSwHj2J_k
Walter P. Toolan & Sons,ChIJNSjv115kXkgRoaX-lp2iCNo
WQMS,ChIJoTChLNiuXUgRFISrZlXEyhI
Rafter Wood Products Limited,ChIJXXAOKmC6XUgRqPuG4J-9c8c
Wrap-It Design - Dublin,ChIJZyaQg5UNZ0gRxbjgMsS1XKI
Shader Tech,ChIJHaU_DNMSW0gRJYD__qg9n0g
Wrap&Roll,ChIJ35tDvnKxQkgRwYgOzoAGRtg
Wrap Co Signs,ChIJn2HNINFpZ0gRVd6IEQp99j8
Wrap Direct,ChIJ7cNM18gMZ0gRgOl0yp-_yq4
WRAP Fund / Western Region Audiovisual Producers Fund,ChIJzTtyNMmXW0gReV8AHMi71F0
Wrapit – Arts & Crafts Studio,ChIJQ2Xy3ScMXUgRQT6jSIBjmgg
Wrap It Packaging,ChIJaa3lGAJ0Z0gR0K53y38rMKg
Wrapped.ie,ChIJ-axfA7d1Z0gR2LP_qNhBhp8
Wraptite Packaging Limited,ChIJLZF0dVANZ0gR1QYNEiF2Fk8
Work Research Centre,ChIJc4by1HIMZ0gRS4DMKIDelks
WRC Custom Kitchens,0x48593230f00ccd4f:0xf6f55df5ad24ec98
Ballou Limited,ChIJF-nDCihzZ0gRtpsKBtP2NL8
Western Region Drug & Alcohol Task Force,ChIJXXrWHcGWW0gRdoDFVHkrXtw
WreckDiving - IANTD Training Center,ChIJrzOTSAoLZ0gRISeg8BNlJhE
Sea angling on Rooster,ChIJbYX0gC6jRUgR8KLh5JK0K18
Wreckless Skate shop and Indoor Skatepark,ChIJ92o45k_mZ0gRXqPzdjoUUGU
Wrench.ie,ChIJP0Dg558PZ0gRoYIDflumJco
Wren Clinic | Physiotherapy and Occupational Therapy Specialists,ChIJ82wgEUoPZ0gRXTlh2k1Ehjk
Christopher Wren Clothing,ChIJOWvfUmULZ0gRhmdo3SlM0EU
Wren Data Limited,ChIJKc3VKMJeW0gR9jIWZijjirE
Wren Fireplaces Ltd.,ChIJsbPDcd5_XUgRRllI4rWJ-G4
Wren Urban Nest,ChIJ8XT4148PZ0gRUt3pWWcsW-A
Wren Innovations,ChIJfajbrlpKZ0gRKd-WlotF_oQ
Wrentech Ltd,ChIJ7VI0EiqEREgRfwmSvRY2vIA
Whiteriver Group,ChIJ0znh_As0Z0gR-OzT7QFO9Uc
Wriggle - Technology For Learning,ChIJEUrdRp8MZ0gR9qa0yA78BM4
Wriggletto,chij7f0nty70regrh8vu3wys8ci
Stryker Macroom,ChIJmaXnHrDlREgRXwZrZdKoVz8
Wright Concrete Products Ltd.,ChIJsxR5qbuzYEgRPmaMU3EOaww
Wright Choice Autos,ChIJNb1jwyETZ0gREivFafd4Vqw
Wright Insurance Brokers,ChIJJdPVTFNdXUgRGl1xl1l211c
Wright Cycle Centre,ChIJP7x5A6kNZ0gRrypJ7TTd8c0
Wright Motorcycles,ChIJRR2LRnWTX0gRTYSZw0xvadU
Wright Safety Services,ChIJl7sALD0AaEgRfkZcZpH31ko
Wrights Cafe Bar,ChIJ4xH12e8QZ0gRbD4BNEb6v_o
Wrights Of Howth,ChIJqa2QVrcRZ0gRBjc8461PrI0
Wrights of Howth,ChIJ_fFRsL0EZ0gRtdxcnMaobSw
Wrights of Marino,ChIJIVVjDFoOZ0gRcEHhOudTmXY
Dr Colm O Neill,ChIJi42sKACQREgRvcizPESUxjk
Wrightway Underwriting Ltd,ChIJaUld43cbaEgRE_RyONoH1M4
Wright Windows,ChIJl2yx9pOVXUgRZU5yjlIg0GI
Wrike Ireland,ChIJC16rmJ8OZ0gRqU9ZTLbOAUs
Wrinkle Free,ChIJR35kNUwDXkgRt7H_kWL7bdg
Wrinkle Free Me,ChIJl5OHKCEYQ0gRwrOEGGZtjsA
Wrinkle Smoothing Ireland,ChIJ73jnF0xbZ0gR30NeWQOSPQY
Wrist-Assured,ChIJI1a_hVKipQ4Ra6ofCU8Uibs
Write Away,ChIJC6PBvA-QREgR4fNqAiVBcVE
Writech Industrial Services Ltd,ChIJSan1XAzAXUgRfhGw19_W_jw
WriteinSite,ChIJ60SkaZtdWUgRN1cxjPCVjGE
Writeme,ChIJO3HibO4OZ0gR-QKuaNqk5Jc
Writers' Garage,ChIJ-W-_kQ8PZ0gRj6pEHaouE3Y
The Bookshop,ChIJbbVFz4AOZ0gRav4neJqPhJU
Listowel Writers' Week,ChIJQeEyWBq1WkgRc__2Eyk5m54
Writing.ie,ChIJDfnMoSenZ0gRKI5_5_xTXXA
Business Writing Services EU,ChIJn_QMDDEPaEgR2PY4AsCGzjI
Wri Wildlife Hospital,ChIJXUChES9DZ0gRakaLFnpb5V0
WrkWrk,ChIJcxoazHBqW0gR7XxZS0EwSzg
Windows and Rooflights Ltd (WRL),ChIJGWB2uEGRW0gRIiohVOL1z8Q
Wrong Fuel Assist,ChIJNdJflaC0YEgRVgZNpcUPFek
RS Ornate Steel,ChIJValnwR8FXUgRWGpPlPp4TZ8
Wrought Iron Supplies,ChIJ9U65mk92Z0gRua5dAAQ2a5k
Warren Reidy Engineering,ChIJ7Xx7xRVTRUgRMuK0Q5uIYtI
Waste Recovery Services - Skip Hire Cork,ChIJtw6WloOgREgRKyWFLX1s0mY
W.R Shaw Tractors,0x485d435c479637fb:0x8dc460a9e89f98ff
White Rabbit Technologies,ChIJjZvUEH9JXEgReArjfc9pKgw
WR Web Design,ChIJWQ-UofMFZ0gRWBnrhtjJ-Vo
WrxFlo,ChIJy90ggLBfW0gROKmNrWq695w
Wscs ltd,ChIJU7SQx1clWkgRUGrsZe0F8hY
WS Glazing Services,ChIJ45qg_1VZPEUR0dHf4EZD-ig
WSI Business Builders,ChIJCxnGNWY7Z0gR1FHeTz0TsJE
WSI Digital,ChIJt8jcNJgEZ0gRUeCrZUgat8s
WSI Internet Marketing,ChIJJYEsrSYQZ0gRAFkJkKcyKE0
WS Intercâmbio,ChIJxTBy4Oh4Z0gR3UIybaDGfUM
WSKF Ireland,ChIJP6hoe8Z0Z0gRYs9kLTcxsnk
WSKF SEDAI Karate-do | Skerries | Lusk | Balbriggan,ChIJ7UbZ9toZZ0gRLviTlh8taYk
WSKF Karate Academy Skerries,ChIJFTwxvMMZZ0gRIy8DqpeiskM
WsMedia,ChIJO-bUHIdtZ0gRXrCnxHUg-Ho
WSS Signs Dublin,ChIJV7WRZ7cMZ0gRyeogoDL-ksQ
Westmeath Support Service Against Domestic Abuse,ChIJ2aqPr2rBXUgRnBe7gjWOKWg
Youth Information Centre Waterford,ChIJPUL76RbEQkgRX3GmUBCWV7k
Waterford Suir Valley Railway,ChIJA2HvYkDbQkgRzpsS5OIIP1A
Westland Tax & Accountancy,ChIJMfCVMyYMZ0gRDY4B1pcwLp4
WTA DANCE & PERFORMING ARTS STUDIOS - WATSON TWIN,ChIJJaDDQQYLZ0gRwsFtgd2RwPI
wta Intercâmbio,ChIJBa-_oKgPZ0gRI9oN9tNIYo8
Waterford Teachers Centre,ChIJGSIIPr3GQkgREiNXtII5nvQ
World Trade Centre Dublin,ChIJDTtuNpQOZ0gRRbpvQ5tAsQw
WTCI WorkingTrials Club of Ireland,ChIJs075k0ALZ0gRfs5SWrAcn2Q
Waste Tyre Collection Service,ChIJtan4B8cXXUgRJN9qx03qiuA
Wind Turbine Engineering Ltd,ChIJL0q6xDuDXUgRKbg8dHhbrvc
Wtech Fire Group,ChIJcbwlPR8WiY0RyDxjDyDj0-I
WTEEC,ChIJfdRql5wOZ0gRaKLjxVL9wa8
WTF Burgers,ChIJBQjfDxBrZ0gRRZBln-7JidI
With Your Change. Com,ChIJD3Z0o0RDXEgRen3byvFPLBs
Water Technology Ltd. Cork .,ChIJPa7wOcOPREgRhIPKbf5cm3U
Wicklow Tyre Services,ChIJF1hHhsewZ0gRlmXGhSRCrGw
WTS Ireland,ChIJFTPVRJsMZ0gRjfNP4EurL_k
WTS Water Treatment & Renewable Energy Solutions,ChIJYcvFJUptW0gRGhetV1rJkOA
WTW (Willis Towers Watson),ChIJSUARWGFcW0gRg-GSl-tHs2s
Seamus Healy TD,ChIJ8TcLoyPXQkgRqvDVoD1A8-E
Wuff,ChIJM2AkKS4MZ0gRaT6M6JfCXxM
BEO Fitness & Coffee,ChIJgzWCSZv9T0gRNKVgs42tlqY
Wunderbook,ChIJK1SScLYNZ0gRwQQcBpM3SeI
Würth Ireland Ltd.,ChIJ20Uq5oddW0gR7hksO2SX7Z4
Wu-style Tai Chi classes,ChIJqVqsJlEOZ0gRvZreZpDTW7E
WuXi Dundalk,chijn-0tis7nyegrc4x0y-zjc5c
WuXi Vaccines Ireland Ltd.,ChIJKxMDDQnLYEgRUtcH71I7eSQ
Wondervalley Hygiene Supplies,ChIJDbnyfSqoXEgRgFDqyQw0OEE
WW Studio (Ennistymon),ChIJcWYd1rUFW0gRy2TNKLU8q6g
Allergy Action Kids,ChIJcSI1FpZ1Z0gRAeFL1bujgTk
The Athlone School Of Singing,ChIJp-XJmA9JXEgRafUcoBhifj4
Ultra Tint,ChIJS37KJjFLZ0gRDRa_9P52PGk
Harmonia Publishing Editors Office,ChIJ3f0x_zEJZ0gRujOFuYe07YM
My WW Meeting,chijpyiesejyz0grslmsvjvcmwc
North Cork driving school,ChIJDS_1Vpy5REgROPooZJB9DIU
Vestas Service Hub Thurles,ChIJk3k_r47fXEgRtyl7fRjEgCw
Letterkenny Small Animal Veterinary,ChIJSylz6mfrX0gRlv83L2xUnT8
W W Doherty & Sons Ltd.,ChIJwXnyTv4zRUgRSYHFsalMPxA
Feeney & Corcoran Solicitors LLP,ChIJNcC8H6IOZ0gRVBbCDTDsx40
Kilmacthomas Further Education and Training Centre (FET) WWETB,ChIJs3vmpODfQkgRmwY8ypB96_I
Waterford Wexford Training Services,ChIJ2TpW42vEQkgRcLoFHi5gXDQ
World Wide Foods,ChIJ85ySwBh0Z0gRWJ1qz75bFPw
Williamstown Women's Health Suite,ChIJwygJWQnHQkgR1m663WMErwE
Wild Water Kayak Club,ChIJcyV_DSMNZ0gRS3k1f4gs9kg
Whitewall Projects,ChIJAcYMhSVjQ0gRKWBOIoZQcgU
WWS Ireland,ChIJlTwJkDqbREgRR5yP48DaA1s
WWT Ireland Limited,ChIJXz8-yGxAW0gRcSki2abXmEo
Tarmon National School,ChIJodeSROsdXEgRGT7yaBJUfWY
Vhi 360 Health Centre,0x486710f8846ed6c5:0x3b05a8d8e4204f8a
The Dalkey Clinic,ChIJE4mJT0sGZ0gR5l7BGhBNVNM
Deloitte,ChIJDRBkiMUOZ0gR4Y2JKd96l-8
Galway Cycle Meeting Point,ChIJhYkQ5x1wZ0gRzpfFjjhFJt4
H&M,ChIJvRs6Z3c6XUgRyTPSa9GB3lQ
St. Columcille's Hospital,ChIJo6d6V_0HZ0gRO6dsyPQ5EXo
The Gourmet Offensive,ChIJ6Zm7AfCWW0gRre-3pEkRDKc
abc montessori preschool,ChIJy61V73UiZ0gRriiVaM2WDxw
Store-All Logistics BV4 Belview,ChIJQQzJGh7HQkgRwBrY2FyYPpg
Roisin Fouhy Private Occupational Therapist,ChIJ1R6ZW_BfW0gRRtpEcgd6w8Y
Find,ChIJXfqK-icMZ0gRH6jl6mq3wag
Hen and stag party (closed),ChIJyXvgYiiPXUgR-FiNwzUeK4M
Hybrid Garage Gym,chijr_szaujvz0gr-cd_ix7mzlq
Oakland Boarding Kennels,ChIJGd_tujQ7XUgRnf892Od3vGU
Wexford Christian Community Church,ChIJQ2jqHJccaEgRyG9x9KuLgPw
W.X. White Solicitors,ChIJefq0O8wNXUgRJshwijU2ZbA
The Wyatt Hotel,ChIJ-6RWHaRkWUgRswz0aWUNa1E
Wychbro Coppersmiths LTD,ChIJy3R4EnxUREgRZFFgyxHRyko
Wygram Nursing Home,ChIJf8UxMMQbaEgRphCYaGsvAGU
WYLD,ChIJL7bIfOALZ0gRPEFgJb0Z8PI
David Wylde Architects,ChIJ5dkLwjTrX0gRyzUehzTs5JA
Wyley McGrath Opticians,ChIJg44dvKODREgRYD-0dsgJHug
Wynne and Son Entertainment,ChIJ_fUZW4F9XkgRRtPKTSQ0ZcA
Padraig Wynne,ChIJm-NgmGQJZ0gRb1uPlCUkHsc
Wynners Promotional Products,ChIJMdUKICcGZ0gRO_oOai_6ZiA
Wysdom Ireland,ChIJl1Cy_KcPZ0gRkao-Rd5Cyqs
WYSE'S BMW BREAKERS,ChIJz1b3zzBJQ0gR7uxw19N7mIE
Wyse Property Management,ChIJD_SoBhcJZ0gRvp1WQA91Wu4
Wyse Residential Estate and Letting Agents,ChIJc-sjWMQPZ0gRCQ0EsXW9s-E
Wyse Solar Solutions,ChIJ6RbPd9wLZ0gR6yAlfW5Zxa0
Wyse Transport Ltd,ChIJQQEAgUATZ0gRSmXnuKLbkVU
Wytchwood B&B,ChIJC5Wm2mtXREgRu5n1p28DzHg
Waterford Youth Training and Education Centre (WYTEC),ChIJ4Q3c3WTEQkgR8-7SiEFCkKI
X-Bolt Orthopedics,ChIJaRULiuERZ0gRUJvXAFFqfUo
Dublin Bay Buoy,ChIJh48PwZ8FZ0gR3jy9a5aVmlw
X35,ChIJeRQthwwZQ0gRX6rppvyAdPQ
X91 Storage,ChIJZ6SKMBPBQkgRpUxmV1GbJjc
Xanadu Consultancy HQ,ChIJacsjWHCQREgRQjcIKXNXSsQ
Xandra Coaching,ChIJj9SGahkLZ0gRaduSpX8br18
Xava,ChIJb00oULYNZ0gRnXxwoSV1eS8
Xcel Business Solutions,ChIJjfwmAd0faEgRw3qxiX87TbY
X Carbonator,ChIJcf6S8K5dW0gRWfkLdB3SZeM
XCAV8 Ltd,ChIJJxhPhKQMZ0gRcnHa08d5s08
Xcelerate Marketing Services,ChIJmaCgsHztX0gRRlfH_NRxwOk
Xcelerit,ChIJhxPW4JAOZ0gRXAQ87YkMNZ0
Xcellent Cleaning,ChIJJ6Np4VibREgRh8o9wHQ5xUI
Xcellent PC,ChIJ5dzwZGsTZ0gRD21-cYRdBNM
XCell Fitness,ChIJDXteVru5Z0gRQLq4AD5C5Jw
XcelR8 Health and Fitness,ChIJL-G2wviaREgRMcQKFn1pQtU
Xcel Xecutive Cleaners Ltd,ChIJv2tnRGlcW0gRLZNW5cWcHV4
Xcentuate,ChIJcyJoGswPZ0gRuschWHekQrc
X Communications,ChIJm-o4qpsOZ0gRYkoyD8DJWIE
X Design LED tape,ChIJC_dorkYNZ0gRNZe7kW1-3mc
Xeinadin,ChIJ2SRyXqWPREgR6yjmWoXhoiE
Xeire Marketplace,ChIJu4B8TIhdW0gRQn0L860lV5g
XenCat Limited,ChIJQagvlq9tZ0gRBDcPwFfptxw
Xenergie Consulting Limited,ChIJTZCT0E6DW0gRW1PobyGch9Y
Xenon Building Technology Ltd.,ChIJ1RxykxVdXUgRsaSpOeQi8aI
Xeon,ChIJLyc2tKIOZ0gRxtETZ4Unn88
Xeretec Office Systems Ltd,ChIJsy69htARZ0gRsQp5uQr6eiQ
Quality Bookkeeping,ChIJSzxoihOFREgRrjrhXpVSp6M
Xerotech Battery Systems,ChIJ2XYvgByTW0gR9f2qA0WK31g
Xerox Europe Limited,ChIJ4dSiUmbMYEgRrLOzZR7IFSA
Xerox Europe Ltd.,ChIJyXvR6ZASZ0gRoe22kjFTGOA
Xetec,ChIJVfNk_W-oZ0gRLbQLbfOB78I
Xi'an Street Food,ChIJez-tGPuWW0gRgIS8cLzi_IM
Xian Street Food Dublin,ChIJcRZTRaMPZ0gReVX6xr51SQM
Xian Street Food Tuam,ChIJByxfKUvxW0gRRjD1eRh9NVw
Xical,ChIJo4rdFFEPZ0gRDpk0snF7bt8
Xico,ChIJJaxy1ZkOZ0gRtHrmH0jiAsE
AMD,ChIJX5_TC2N0Z0gROu-ZznsvMSU
Xintec Ltd | Telecom Fraud and Revenue Assurance Solutions,ChIJQ0vXhHw1RUgRczcr-4bYJpc
Xiotec Limited,ChIJn61v7pQiZ0gR5NsFyfVI2qY
Xi Visitors,ChIJIeg4LYb3XEgRuGjy6oLfZEs
XKBathrooms & Tiling,ChIJceMT0IgVRUgRjPAieezjHn4
XL Air,ChIJbZZtqbAMZ0gRpI55FvW72h0
XL Computers,ChIJjTb2uMCWW0gRImc-SbeEvYA
XL Re Europe,ChIJd2HQ6KEOZ0gRd98NhgcU4bU
Locksmith cork - Adm Security,ChIJuXpEId2PREgR1VVX1zDa8_0
Xlnt Signs,ChIJgQDQNU8jXEgRkrq705v0-Ww
XLR8 School Of Motoring,ChIJ6YTq-yTMYEgR3s-Xe0WH_R8
SPEED HAND WASH CAR AND VALET,chijqcao1irdxugrhmtxft-9dpi
XL The Parade,ChIJzatM8VMxXUgRT0WBuxOf9lo
XL Transport LTD,ChIJ6zqUfIJtZ0gRP7B01ySi7vw
Comeragh Veterinary,ChIJIwWOmFHfQkgRnWgYKxVydac
XLVets Skillnet,ChIJWdr-E2GmXEgRhAqNH_Z2Qio
X|media - Fashion media production,ChIJ9zAJeTivZ0gRva-P4nZM9YM
XMusic,ChIJOY_v8a8MZ0gRj_zCbcmW_j0
CBD Éire | CBD Oil Ireland,ChIJwzjwsdbHQkgR_OUrzSAJNig
Cruinniú,ChIJAzgrv_lNWUgRIY5P626htAQ
Óg Childcare,ChIJ4Xr3xX6W1UERe9D_Hs6GDqQ
Pádraig O'Connell Counselling Cork,ChIJ1ymsABGRREgRQsbX7Y6b1OE
Studio Sí,ChIJqb32H7gZZ0gRI3E6QeDRxG0
Troscán Gairdín,ChIJp7R8l9p5XUgR9Dd79zBCsTo
XO Beauty Cork,ChIJdXbgwdaFREgRaqj2DyCJyFM
XOCEAN,ChIJiWeMkbjXYEgRIDhsDtB1aAY
XOD Entertainment LTD (XOD DANCERS),ChIJIaymqq3nZ0gR78ZwOzVAJrw
Xograph Healthcare (Ireland) Ltd,ChIJf_R5naIOZ0gRl6zXWZLNItc
XO Tile,ChIJNQ0Z_h8MZ0gRNqPt5staRSY
XOToGo Restaurant,ChIJlf0i7ZcJZ0gRHF97BKs5Y4U
Xoxoday,chijecffed4pz0grj-slodyutwa
Xpect Same Day,ChIJQcl8SxANZ0gRGWLYlCIlIHM
DTS Licensing Limited - an XPERI Co.,ChIJFxGLvkVfW0gRIXPufePxg-0
Xperience1st,ChIJH76BEgYJZ0gRLNGP67-ZDIM
Xperimental,ChIJ9_Hf4UaTW0gRxoEL3_Q0PMk
TJ Carey Motor Services Ltd,ChIJLxf5VT8BW0gRo4nEpN2JdWk
Xpert Detailing - Valeting supplies,ChIJTbju_KENZ0gRKbp3khJXUR8
XpertDPO - GDPR Compliance & Data Security Consultants,ChIJi0qftZQOZ0gRRU8WhTWo7Yk
Xpert Dry Cleaners,ChIJ2XoOJqkOZ0gR_7LxJ--vAVs
Xpert Office Supplies Ltd,ChIJp3TFAIJ1Z0gRUPWjg5eM-F8
Xpert Professional UK Limited,ChIJx5nQ9bF_Z0gRnKoLeWb1zSg
Xpert Professional,ChIJn7fjK1B_Z0gRWO8xamlcqzo
Xpert Staff Solutions,ChIJL9EuNVGPXkgRUkvDE0snHA4
Xpert Taxis,ChIJieOgW6YMZ0gRgT5eRjVJvrU
X Pizza & Kebab,ChIJ4x1VcQAJZ0gRhZL6Y60yuyA
Fermoy Community Tourist Office,ChIJXWLzosNfQ0gR-FaUqnwNKWs
xPoint Diagnostics Ltd.,ChIJl4MP8L0OZ0gRRwn13URkIjc
XPORTGLOBAL,ChIJH1OGzY0OZ0gRWI0l_XGaxWE
XPOSED Media Ireland,ChIJ4xT92fuWW0gRCMaMsqG0MpE
Xpress Cleaning Solutions,chijyxqr1q9yz0gre6mftbrx5lq
Xpress bio clean,ChIJF_3tEGavZ0gR1ciAWA16b2M
Express Clean Car Valeting,ChIJZedavxmTREgRJJujPx6QOFM
Xpress Electrical,ChIJk0VSL7YPZ0gRMIsVD6fUz2Q
Dr. Thomas J. Hogan Jr,ChIJE6acLB3MYEgRXTAWoaFU6-s
DTP Associates Ltd,ChIJx14zdnMHZ0gRDlOxSkewgm4
xpro fitness,ChIJZcvY30mRW0gR_zUWDu8IBkM
Xraves,ChIJC3-dtF4NZ0gRUmxEH-OuAAI
Aylesbury Scientific,ChIJi8xTuccMZ0gR4Wj6fgl-kvQ
XS Direct Insurance Brokers Limited,ChIJg51BXZcOZ0gREKtrKCon4Ao
xspect,ChIJkQh7I9fGQkgR2mOhzhpd20c
X spice Chinese Takeaway,ChIJSZGz4iMGZ0gRpIrSuLGej7A
Xtendit.ie,ChIJ783SByBzZ0gRLOVFu-O0Aq8
XTONE - Flagship Store,ChIJx5ccIcbRXUgRe0nl33A9wDg
Xtra-vision Xpress,ChIJ3Qze_44xQ0gR9MYf6608qWA
XTRA ENERGY PRO LTD,ChIJ_bXpzXpZZ0gRnxl6HJXdFoE
Autotech Newcastle West,ChIJ5x3gcyMxW0gR014RRg-5w20
Xtra Security Systems,ChIJfVR-iZBIXEgRG1uSOmc5MHc
Leanort Limited,ChIJL1R8KgdbZ0gRFmYamrXHI8A
Unilin Insulation,ChIJr_QX1QZbZ0gRs-vkSOtXavw
Xtraweb,ChIJW43-TM9zW0gR5qvNDMBJBGw
Xtreme.ie,ChIJIyeqANWUZ0gRr1K0tVl62NQ
Xtreme Beauty,ChIJ8cyu-xk9XUgRBeDnie7o50s
Xtreme CSC Mallow,ChIJRcg4kP27REgRZeiRF8SbQ0I
Xtreme Plant Hire,ChIJU2R_ByMpRUgRUu9kutLQAdM
Xtremepush,ChIJsRbThbsOZ0gROAsFDWby4HI
Xtreme Signs & Graphics Ltd,ChIJQ51WwrUMZ0gRZd7wcLV8BFU
Xtrupak,ChIJf8ESDMN1XkgRu4nFHvdnHNg
Xunison Ltd,chijnzg1vgwqregran8yvjmjwy4
XVArena - XVAcademy Football Hub,ChIJ8bguDsWXW0gRseoFFmiFzEI
Xwerx,ChIJr3aVoDoMZ0gRS13Uq6iokyM
XXI ICE,ChIJzbMh8u7PYEgRATaJhKI_C0U
Xyea Limited,ChIJPd2AqheGW0gRxxArUlIhTrM
Xylem Water Solutions Ireland,ChIJ7yfF600LZ0gRkCpog9NLOMo
xyMaths,ChIJxVfAZyHrX0gRoCB_gbkPcfs
XYUandBEYOND,ChIJV4AbQzYHX0gRsiM7cYjf5_8
XYZ Engineering Ltd.,ChIJJzIjdOGXW0gR96fT-Mt0vpI
Yoldas Counselling & Psychotherapy - Erengul Yoldas,ChIJeVz2bNRJXEgRHM4N54vdgE0
Yaa Art,ChIJY2qlT_qRREgRZwKe_Mn2XGk
Yacht Agencies,ChIJdShYpcmwZ0gRel6Ph57--5A
Yachting.Rent - Catamaran & Boat Charter Dublin,ChIJd8LlPk8PZ0gRS5n_0OR8r14
Yachtsman Euromarine - Boat Insurance Ireland,ChIJSxbT9uN7Z0gR1khlBPfSaSw
Yahoo EMEA Limited,ChIJmTMgFkgMZ0gRlSpg9nUyZlk
Yaicos,ChIJY0xfgJwOZ0gRZpsNQQbkbpg
Yakuza Tattoo,ChIJYc7zH5zGQkgRDwrpFX_tBxA
Yama Sui Shin Kai Dojo Waterford,ChIJ8ZkjtWDEQkgRGD4dK9kDdOE
Yamamori South City,ChIJb5lJAZ0OZ0gRfEeZUhIwc24
Yamas Greek Restaurant,ChIJ3xBqngavZ0gR0vSJZHGgIoM
Salt Therapy at Yama Wellness Centre New Ross,ChIJqaJFyGaxQkgR98_f7wJ1fYE
Yamila Ape Photographer,ChIJvVb2l0aXW0gR68kvaW7kKS4
YANA LV 2017 LTD,ChIJcdjWopcwXUgRwutxz6j4hWI
Yangs Chinese restaurant,ChIJLQZdo4QPZ0gR183gbYlYPkk
Yangsheng Acupuncture & Herbs,ChIJCdlaulmRW0gRMDYTZC6q6t4
Yankee Candle Store,ChIJA-fx8B7EQkgRr96qY8Lg3m0
Yanmar,ChIJFa2hrQSQREgRpYBN25Yxfb4
O'Regan Plant Sales,ChIJRVL8n_WeREgR_AocbG-9mEI
Yanmar Compact Tractors,ChIJ73b1DOifREgRfMjI-Xql3IU
Yann Studios Photography Galway,ChIJKRIZMO-WW0gR8FanqSzbgwM
Youth Advocate Programmes Ireland Ltd,ChIJB90np80NZ0gRgyMZ-0jlwRs
Yapstone,ChIJRU_kvMM5Z0gR8cWGc1TZVz4
Yara Ireland,ChIJObQ9ou2DREgR5cJtU26fk_w
Yard Media Ltd,ChIJ69jrw6IOZ0gRT5NVMcN-Nhg
Michael Holohan Engineering,ChIJ0693mFHhXEgRZynezmV_ZVI
Yards & Crafts,ChIJQ0qb06gJZ0gRjm3ViKWRWS0
Yard Storage Dublin,ChIJV5KL-f5xZ0gRLSw3-WEEGzI
Alt Med TherapieS,ChIJa24M1sFbW0gR63HNVpCQSeI
Yarn Go Deas,ChIJ3RqATjo3WUgROWdlyL5xTUw
JBR Art Haus,ChIJoQUJo-ANXUgRYGjTvZexCUY
Yarrow Lane,ChIJAbl2DCdpXUgRXkv4eWkzsN4
YAS Accounts,ChIJv0dRs8tzZ0gRLt3jnALuEA8
Yash Models,ChIJUYKOLeKXW0gRyRy8-2wsmUg
Yaskawa Ireland,ChIJl8aEh0dFXEgRYNwCHkC9pAA
Yasmin Bakery & Catering,ChIJTRCZUUcLZ0gR3ySWK9Q-C1E
Yasmine Krid,ChIJYVYOahqQREgRXI4StyCuUUk
Miss Yasmin Ismail CONSULTANT PLASTIC SURGEON,ChIJFRKal5o5Z0gRXMIN92uDvOg
Yaundry - Dublin's Laundry App / Leeson Laundry,ChIJW8RwPaMOZ0gRc0d0yVWQNpE
Yawl Bay Seafood Limited,ChIJSVpCkKFtQ0gR9nf22gC24Ww
YAWUW,ChIJxV10dlmPREgRTMjB8Zz_Cf0
YAYA Dun Laoghaire,ChIJIbbhlzEHZ0gRxW1qwbuk6hs
Mangan's Clock Cork,ChIJ9ee3ik-RREgRZWpD4lLagic
Monkey Ninja Gym,ChIJT6pb4fULZ0gR_u8cfisQumE
Yazoo Hairdressing,ChIJBQ6tD-8QZ0gRAq7mAtQ_dT8
Yaz Yoga,ChIJpemiVL0JZ0gRs4VZzzHP4BY
YBF Photography,ChIJkV06yPdbW0gRgFNOH-MrETE
YBIG,ChIJL3nRy50NZ0gRToW4f1tXEbQ
YBY Beauty,ChIJRbP-sM4PZ0gRiMOIuXr5myE
Y Coffee,ChIJtbY3WjsNZ0gRlKmS9S-7tWQ
Young Christian Workers (YCW),ChIJM3Nx-oUOZ0gRdRZt473G6Ac
Yeah Burgr,ChIJbW1bX0tbZ0gRLlfUTMWzZ_c
She call meBladee,ChIJudUEf3cPZ0gRxOYCfrQZ1Fk
Yeates Natural Skincare,ChIJDWmeZEO8XUgRz9NI27efbfk
Yeats College,ChIJ10Uq7PuWW0gRgDQFYaJkVAk
Yeats Country Antiques,ChIJAxXoqyYMZ0gR4ruPhjOiEi0
Yeats Country Blinds,ChIJG6ff1YrDXkgRe1413-j0kVg
Yeats Country Hotel,0x485ee8340a5a0b2b:0xdb868b3ec4374c9
Yeat's Local,ChIJI6JbfjPnXkgRv8D5QXYpfSE
fine dining yeats sligo ireland,ChIJW3zkKJHpXkgR2lTV283P0eA
Yeats Society Sligo,ChIJyxK5FTToXkgRYR4XX8m0J9U
Davis' Restaurant & Yeats Tavern,ChIJD3MeNn7oXkgRYx9qAYAswTk
Thoor Ballylee Yeats Tower,ChIJVbtW4auCW0gRzRdv5PMHB8s
Yeats United FC,ChIJJ8785MHdXkgRS-OYXNVerHc
Yeats Vaid Solicitors,ChIJgUQZ4JINZ0gRFuyN0cLgNGA
Yeats Village,ChIJyWbiEE_oXkgR0M5YsHNSzbc
Yeelong Chinese Killeshandra,ChIJL6N56YdyXkgRf5V2wJU8sfY
Yeeros Glasnevin,ChIJB73ZWbAPZ0gR1mJ4NqOVZpU
Yeesshh (Dublin office),ChIJTWbLHJUOZ0gRaGeecBAI78Q
Yoruba Engineering Ltd. (YEL),ChIJ38eHvKGvZ0gRbBKDI8Nu6rM
Yelena Kosikh Art,ChIJBzlP0asLZ0gRDQEOTdl770I
Crystal Clear,0x4867062599e028af:0xb74ae44e5f9070
Karina Nails,ChIJx0w7reKPREgRJdEsSSw_oag
YellowBelly Beer,ChIJf2rFAEMbaEgRxNK3Bj65-To
Yellow Bird Bakery,ChIJNQJkCGv7X0gRZvuh-kyFLt4
Yellow Brick Road,ChIJTU1OZoMOZ0gR9OUv0UrqpDU
Yellow Cabin Photography,ChIJ9WljPh7DX0gRU7dP7cCn3DQ
Yellowcom,ChIJhdhG99cTZ0gRaQLuqE4CxGs
Yellow Door Productions,ChIJl2zLfks7WkgR6P2VVlJIZ-o
Yellow Door Music Studios,ChIJyat2SzUPZ0gRXOoR5Klt9ks
Yellow Dot Design,ChIJj8SI59BbZ0gRr2XZmyZW5Xw
Yellow for You Photography,ChIJY7bb_guQREgRXXO4wcCyVcY
Yellow Furze Nurseries Ltd.,ChIJAAAAAAAAAAARg1nBVgrDIWM
Yellow Furze National School,ChIJU5Mb5p1GZ0gRaP0Oba4_UFM
Yellow Harbour Ltd,ChIJgSlQDN6RREgRbpuXVrU3MLc
Yellow Key Play Therapy,ChIJwZ3iUtmRXEgRqMmd95Wk3Cw
Yellow Machine PR & Creative Agency,ChIJZZWXxpAOZ0gRDcuyC2BoBrc
Yellow Pepper,ChIJexVIC82UX0gRCplzst3Fx5w
Yellow rice,ChIJHe2PzjUNZ0gRYb6HXXQtAzc
Yellow Ruler Marketing,ChIJT_dkSORyZ0gRGCpcqkE3p5E
YellowScan,ChIJG41VbvjdZ0gRdU_vzLhQch8
YellowSchedule,ChIJx_arcXZdW0gRzHf6dkKkM7A
Regan & Company Chartered Accountants,ChIJMWntYCWyYEgRUkAEbyZQHOs
Yellow Walls Stables,ChIJ7-cVyVpbZ0gRc3IPbr_cAc4
Yelverton & Company Solicitors,ChIJJVgddmNcW0gRYKc1WPDlclI
Yen Chu Traditional Chinese Medical Clinic,ChIJVQcORFtKZ0gR1HLcmX0x5c8
Yenspeed,ChIJLfk7vefRWkgRENg3hFW9Lig
Yeomanstown Stud Stallions,ChIJ3UpyOZt_Z0gRfO3xXglaZcc
Yerba Mate Ireland - HBN,ChIJkWLUWFCQW0gRO9XmY0WBK_c
YES Agency Ltd,ChIJE5qnEzMPZ0gRUUs1Bqtlx_c
Yesca's Flowers,ChIJC7Y1GC7NWkgRul0F1yx82Pk
Yes chef catering,ChIJG3GcB1rHX0gRyU5-wxC0ZpY
Yes Counselling and Psychotherapy,ChIJb-uAEpNtZ0gRnz8xVKqnNzI
Yes Flowers,ChIJFYrx3vqWW0gR4pBCkT8YAEI
Yes Se Media,ChIJOxeJdCoPZ0gRP2NUTEFN70M
Yesterdays,ChIJL1koP5kwXUgRVWsyX3gNR7M
Yesterday's World,ChIJT8Hm5BwuQ0gRSxrE8n502fc
Yes We Can Printing,ChIJQ4rIHR3AXUgRmMev6m7t5l8
Yew Medical Centre,ChIJ6Rf9_ugiZ0gRkKtdcIWYSdA
Yew renovations,ChIJS__bqiYJZ0gRHO5NnuyNSMY
Yew Tree,ChIJg3hcy9ALZ0gRJ1Zu97OZ2Eo
M Design Auto Service,ChIJi1L-prAZZ0gRcFB34pAMqzU
Midlands Youth Hub | Youth for Christ Ireland,ChIJs7F7bQvBXUgRy6qpPLK-vzE
You're Gorgeous Hair,ChIJK1Hhbvo8Z0gRGIdSvGWSQ0A
yieldHUB,ChIJT0FZrV9dW0gRlxiAgNeuoh8
Young Irish Film Makers,ChIJ7d_UUJgwXUgRoHuxZpgtUJk
Yinstinct Yoga,ChIJQyni-6yvZ0gRFtD7TAgEEDA
Tralee,ChIJ4zXVwWg1RUgRO93sdGT2rqY
YK SIGNS LTD,ChIJpa3OMZE9XEgRuLUhHcZ-LR4
YMCA Youth Service Cobh,ChIJV0n_PZEccEERiDEeI_Hkqag
YMCA Childcare,ChIJWZTyBZ4OZ0gRelbYIoP1U5A
YMCA Hockey in Wesley College,ChIJq15h7HkJZ0gRlB2SumMU4MY
YMCA Hockey Club,ChIJKR88cHkJZ0gRCs_jYKB4KE4
Your New Lifestyle Mission,ChIJyW6OPt8JZ0gRcVpdAWnflwc
Yocks Scooter Shop,ChIJqYQMl_OVX0gRGKL98UCo-Fc
Yodpho Thai Massage,ChIJf2FOj62XW0gRJZM6HpUgeAw
Yo!Fit,ChIJwzXaqaWXW0gR2RiAFGK5OLw
Yoga for Balance,chij9-b7ndkvz0gr7xz0aqnwws8
Yoga Farm,chijkutlos3nyegr_9md_sotafe
Yoga with Neasa,ChIJ8fEJ6FAOZ0gRzu26VHG06vk
Sri Sri Yoga,ChIJ10FXdcx8Z0gRE1BMiLLiqlw
Yoga.ie,ChIJb61bQ9UOZ0gRG0ahfw2cly0
Yoga4all,ChIJi6ISatwQZ0gRwnh2rwWBOaY
Yoga and pilates with Vashti,ChIJ82Xop0ptQ0gRqGssyFMHJdc
Yoga Ayurveda Living,ChIJFWl978DEXEgRWspyqI7uI5o
Yoga Base,ChIJefg1pRYPZ0gRMbYCYScnID8
Yoga Blurb,ChIJr6TNds__XUgRE986WyikW0s
Yoga Bray,chij284sxgioz0gr1-i3rftsgak
Himalaya Yoga Valley Ballincollig,ChIJR7OIAw-SREgRPYdrOikr6kE
YOGA CROI Ballyowen Centre /Esker ETNS Esker Lane,ChIJF9ROLeNyZ0gR5g8viflqtsU
yoga darsana,ChIJZYEZYO6XW0gR16ofDWcdcFw
Yoga Dental,ChIJGWWzQ0UPZ0gRJGvQoMui3qk
Yoga Dublin - Rathmines,ChIJY3jnnR0MZ0gRdTjjQ0SMWZM
Yoga Dublin - Alithea,ChIJd4XtM3MOZ0gRSOUGqixDDSg
Yoga Edenderry,ChIJF0e44uSFXUgROi4Aox-Ctxo
Yoga Energy with Katie,ChIJX5HQyrAFZ0gRppS6IcwBkoU
Yoga Essence,ChIJF2pBjwdxZ0gRhv23lAJ5Cs8
YogaFit,ChIJTYMQHEF3Z0gRMe7AKrf0mhA
Massage and Holistic Therapies by Claudia,ChIJwa9--CMGZ0gRurDC8PYmgmo
Yoga For All,ChIJjUOs54-D42ARP413zGi2jFc
Yoga Gorey,ChIJy9E33UnnZ0gRj3U_NBsxX5M
Siobhan Shinnors Medical Herbalist,0x485c915b603f4439:0x8539ebe8b618de28
YogaHome,ChIJm0lObVDmZ0gR89_ElEpGyQo
Yoga Home Sligo,ChIJiZ8hnDXoXkgRFY7qhCcrUGs
breathing room yoga,ChIJI9BauBAMZ0gR2ZzVNoUPZTM
Yoga in Bandon,ChIJvWAPeN71REgR8KfwYOMxKRE
Yoga In Kerry,ChIJVyKYJelFRUgRxUBLd8ugIRA
Market Green Yoga & Meditation Centre,ChIJ2RppCQBjQ0gROaOfPqpX-GI
Yoga in Waterford,ChIJH3zvmiDEQkgRl7rWNB4m8ZM
Yoga Ireland,ChIJg_7g2K1xZ0gRU8fV-dbkQHQ
Yoga Killarney,ChIJz6W5oXc8RUgRNOhdqJaf090
yogakindly,ChIJFwVlEAT1X0gRFPcxhJIxXp4
Yoga,0x486709c5659e53b9:0x950b826df2cb2610
Yoga le Grá,ChIJhY-FVdyRREgR0ClrFdHv1s8
Yoga le Naoise,ChIJdSn8wvEhvasRqDdpOyCRrbc
The Yoga Loft,ChIJ93W2qamaREgR78-SDKE8VZU
Yoga Pilates Lusk,ChIJ6UXJWc4ZZ0gR613LvwA95c0
Baby Massage Carlow,ChIJI_WMa2pdXUgRv2CwH1aIt4U
Yoga Mara Dublin,ChIJQWGt--AJZ0gRENShrBxnhXI
Yoga Mart Store,chijc84mm7cbyegrb8cf_rvrq8o
Yoga Meditation,ChIJY_W4w1GvZ0gRhthOSvxncyo
YOGAMOVES,ChIJl2HvlyCDW0gRIqUW78cKZsU
YogaMums at Ananta Yoga Studio,ChIJM172N1a4Z0gR8UipsUVG7Cs
Yoganamara Yoga Studio,ChIJTY_qt6kYZ0gRGreJFdc05cM
Om Health and wellness,ChIJ9Rz8dI0IZ0gRlhLcd_JHhfw
Yogandha,ChIJs-u_piEGZ0gRsX2C5_qVfE0
Yoganess Ireland,ChIJX6Hlktj3XEgRkDNuMbTxXZw
Yoga Nest,ChIJmSvSDaevZ0gRR3pF44z66DQ
Yoga of Sound Studio,ChIJUbmmyWGhREgRuBm0UJ-H3F4
Closed,ChIJW8KrfClzZ0gR-lqxcdZF8tc
Yoga Parties,ChIJ9b7e8aipZ0gRBa5ZI4XVGnM
Yoga Republic,0x48449004b5362f8b:0x6eb1b55c52057b36
Yoga Ripples with Deirdre O'Toole,ChIJxQo38wKWW0gRZHRDv1sRW0c
Yoga Roots,ChIJ22UnSIGXW0gRqd7xPHnfKLg
Yoga Roots Newbridge Kildare,ChIJgXGpCyB_XUgRj0C8uTOl0mI
Yoga Sacred Space Studios,ChIJx0FXZsuwZ0gRnuoILRuIReQ
Yoga Sanctuary,ChIJKYXmHWEaZ0gRuAgLH0sEIVk
Ashtanga Yoga Shala Dublin,ChIJT0FJ9r4OZ0gRWNp9nNmUYtw
Yoga Society Ireland,ChIJ8SdS79UNXkgRNo8TD25SzsI
Yoga Therapy Ireland CLG,ChIJRVJ2MnYIZ0gRMauaEJlZP2o
Time For You Studio,ChIJZeSmTpfzT0gRLyTXuhNAeBE
TwoPalmsYoga,chijbz9ircwnz0grxclnkk1jgmm
YogaVeda Living,ChIJ5bS6KccIZ0gR8gpT4k1uW5w
Yoga Well Holistic Centre,ChIJKxCNyn5pZ0gRcl8WXn7tsHM
Inflow Yoga,ChIJe2dQn-dZREgR7fSgusMUCbE
Yoga with Amalia,ChIJsbAE3IoPZ0gRmYN18mTqaA4
Yoga with Angelika | Yoga Classes,chijl9r-4javz0gr_rr8jufgbsa
Yoga with Cat,ChIJQ_5NtuANZ0gRUhOv750vtqU
YOGA with Ciara,ChIJAYdE9LK9W0gR8l3xia2xgbY
Yogawithclare,ChIJO_J-lnF5XEgR6Cdnq3ep7n8
Yoga with Dearbhla,ChIJeSOHJC-yYEgRWmecopx480E
YogawithDuffs - Online Wellness Studio,ChIJt9Gg3UtlWUgRD5pIGic5lpk
Yoga with Elma,ChIJo_P1jTj_X0gRQOMak7EEhik
Yoga With Emma,ChIJqbusUxcMZ0gRYmv6W4bfgHU
Yoga with Evangeline Cavan,ChIJMVFZ0qgVXkgRkidrcYH3390
Yoga with Ginni,ChIJ_3ldaqLbQkgR47Q5cOFbGic
Yoga with Grá,ChIJo7h_ZP4vZ0gRotfNm_gfaA8
Yoga With Gráinne,ChIJlX6pAWshXUgRQcAEm2a8WFk
YOGA with JOAN,ChIJRexxQlVtZ0gRDQDJJAo75EI
Yoga with Manasi,ChIJN8usol-pZ0gR877wKvlzCiA
Yoga with Maura,ChIJJY0mXgrnZ0gRysbjUQLdDxg
Yoga Therapy & Education with Menchu,ChIJfxhPZ90PZ0gRjsdr_4ZrXyc
Yoga with Misha Mty,ChIJxYinkLKXW0gR8eZxo0vEIRw
Yoga with Orla,ChIJP5h5QtabREgRx0WwWfbwd4k
Yoga with Pamela Enright,ChIJC6pgaGxdW0gRc3FuUH5fpK0
yogaworksireland,ChIJDyH7D-OfYEgRASASYXQAeIc
St Joseph's Centre,0x48609f436e82c7cf:0x98ea8bccb786538a
Yoga Yard,ChIJSRgK8CEJZ0gRvjKRomUGq3c
Yoga Zone,ChIJq2x8F8mFREgRKRG139T7ASQ
Yogorino,ChIJ40ZRNgBfW0gRGxJs1NHIty4
YoGrá Yoga Studio,ChIJ2eVpGSdlZ0gRj47Fb1zqzhE
Yoi Izakaya,ChIJVVVRxL0OZ0gRhcaTCx1Onko
YOI Ramen,ChIJNYBJJGsPZ0gR8N5LVgnD_VQ
Yoke Productions,ChIJERmo2B4MZ0gR_KH1v8meLzs
Yokogawa Ireland,ChIJ0T1ahAN0Z0gRQXTJkfuWM4g
Yoko Wool Products Ltd,ChIJoTRTNHRzZ0gRF-jkbsUR4rs
Yokweb ADV,ChIJ4RIBApoRZ0gR3xMJu2mBbVY
Yola Sourdough Bakery & Coffee Shop,ChIJ05acSUcdaEgR3s9IJsgRo1Y
Yola Holistics,ChIJ4xAfAD0caEgR13phr6-ZC8M
Yolanda Aguiló Photography,ChIJmZQb7dgjZ0gRftA2GxrzO8w
Yolo Gastro Bar & Grill,ChIJE2AcStt4XUgR-4a5zy69kqU
Yoma,ChIJMcwIyqsPZ0gRQN8mfq1xqVs
YOMAC CARS LTD,ChIJg9wI8cINZ0gRzecfTqPokm8
Yomali,ChIJnXgRoQMPZ0gRIVne6xRL4dw
Yomari,ChIJ5f51X4qZXkgR4jFHjuRpfqo
YoMo - The 4 Minute Online Mortgage Application,ChIJMUqHPLrNYEgRgg8DTjxyo7s
Yondr Tech Ireland Limited,ChIJdx8-pTEPZ0gR499CHuWRWqg
Yooni,ChIJCxLn1LWRREgRlnyWyEudgV4
Cathal N Young O'Reilly & Company,ChIJH2duyoQOZ0gRobin_OkK08U
Yores Garage,ChIJd7Te_rz-XUgRvQ8PGRawd60
Yorktel Ireland,ChIJs_BMVjoMZ0gRVkdCMMkJ6oE
Yoroi Dojo Judo Club,ChIJm4nzh2pFZ0gRAY8z6Ldvvws
Yosolis Limited,chijy_-jizopz0grqs-fos4uqza
YOS Studio,ChIJmz1V1ZE0ZQERMnwujDGhwuU
YO! Kitchen,ChIJj_VpFgAJZ0gRPCRvvQ9MV4I
Youandme,ChIJP2xPDMUJZ0gRZShtN04Xy-8
You and Me Studio,ChIJXzdRZpjBW0gRcvUZRfsnJQ4
You and Your Dog,ChIJjy7ElMyoZ0gRtrOj6yHmEwQ
Youbid,ChIJyQqu2b0PZ0gRbFvWVS6qptc
youbloom,ChIJN83AwZoJZ0gRKXktnsM2ik0
You Can Do It Coaching,ChIJn9LC4FlyZ0gR0eeSh8bhQdU
YouCan Ireland,ChIJU43dEyAbZ0gR0pdeUhE0hdo
You Chill We Deliver Ltd,ChIJ2a7tgMITZ0gRl4MjCcV39aU
You Choose,ChIJ4S66mZ7GQkgRogTsf50Uras
You First Homecare,ChIJxR6atFUJZ0gRGsAtM67W1jE
Cork County Council,ChIJi9bOxBJtQ0gRrDFwTkRMcas
Eochaille Ara National School,ChIJV-eSdIWQXEgRIcSfYZT0qMM
Youghal Baptist Church,ChIJ9ZMiLKttQ0gR1mIPX_wQ8VM
Youghal Cancer Support,ChIJk-iRJW1tQ0gRAbpYCFFKbc4
St Mary's Parish Catholic Church,0x48436d0d76b1f46f:0x684da06ab364e38c
Youghal Chamber of Tourism & Development,ChIJT5dC6BJtQ0gRGYvmT9QIPFE
Youghal Credit Union Limited,ChIJPQa0ihJtQ0gRNXiPrMDbYkM
Cotter Dental Practice,ChIJfwIWH21tQ0gR0wEF4gEf5Po
Kay's Flowers Youghal and Co.Cork,ChIJzayzf1ZtQ0gRzRyI10fZTOc
Youghal GAA Club,ChIJXSuHPgttQ0gR1eJ3kkhdvRM
Youghal Glass,ChIJpcU6T1uRXEgRE33f9AtBEf8
Youghal Golf Club,ChIJ_W7J-HBtQ0gRYDw2T2pvGSA
Youghal Bike Hire,ChIJDywXx_1tQ0gR9U0FAt4fsL4
Orthopaedic Therapy & Sports Injury Clinic Youghal,ChIJpSiU3HRtQ0gR_RWWz7Fv1ao
Youghal International College,ChIJuxdVqW1tQ0gRBtCeKkLYg4I
Methodist Church,ChIJN8n1IG1tQ0gR3YO09zMIUPI
Youghal & District Nursing Home,ChIJ_7MyKQFuQ0gRFhJVldi8bEA
Green Park,0x48436d6c3073e11f:0xffa03c1b031b7922
Youghal Party Balloons,ChIJo7SYTydtQ0gRAz2hCxKnYnA
Youghal Pharmacy,ChIJl3Qp4Q1tQ0gRYrsYCW5gOj0
Youghal Pipe Band,ChIJbQ-1UgltQ0gR4abBii4qRGA
Youghal Rugby Club,ChIJT45Gi6JtQ0gRXvRoGCjMu4g
Youghal Tennis Club,ChIJ11-xpHBtQ0gRl92frW1f2P8
YouLend,ChIJv2TW1pkOZ0gR2PMu7sGbzKk
Youme,ChIJ185RqtnHQkgRfcSNEnY7gwQ
Young Again Hair Design,ChIJz2Su2TmNXEgRhBIoZucX9Nw
Young Artists Management,ChIJTwlBopwOZ0gRJsvYrXGlcP8
Young at Heart Douglas (Senior’s Organisation),ChIJBZbeaVuFREgRnJhyaL8cxoA
Young Electrical Limited,ChIJySO8lbYMZ0gR5EoUy74VDtM
Young European Strings School of Music,ChIJ_Zk9EngLZ0gRgasqMiFIdxE
Young Motors,ChIJofOs98DMQkgRfQdERkMkZmw
Young Munster RFC,ChIJ0YbOd4BbW0gRbHhpNe1kArI
Young Nails Ireland,ChIJM7fVH44SZ0gRdZeR6jrowBE
Young Nurseries Ltd,ChIJY8UJ1XCrREgRu2VVrf8zmL0
Young's Estate Agents,ChIJXw2ck6UOZ0gRYhjp-0qUpNs
Young's General Store,ChIJ6acXp_gNX0gR3VV8wQALplg
Young Windows Limited,ChIJU0if3WOzXUgRv-yZUeTysH4
YOUniversal Next Limited,ChIJxXRQU1ANZ0gRPGb75R5oA1A
younyours.com,ChIJFaAcn994Z0gRTJHf6PORDGE
Millmount Pharmacy,ChIJdwdeZCg6Z0gRzLONrOkwfAI
Your Inner Balance,ChIJ6cbaADalZ0gRzXiNXCjk674
Your Stop Shona Court,ChIJQ4Uc-ZXlX0gRp4kErHaZKsI
YourAbility,ChIJ0zr8N4kRZ0gRIAV3ttsMEkc
Baby Thank You Cards by Cedar Tree,ChIJYZ6_2a7aXUgRLbS9rA-TTBM
Your Bloom,ChIJJxNEblp1Z0gR5DxLprunhC4
Your Branded Graphics Limited,ChIJc-eTY2PdZ0gR4Z91srb8GfY
Yourbroker.ie,ChIJc2cUPIoQZ0gRRMqWn1RgoRQ
Yourbuilder,ChIJmbhklzQMZ0gRhhIllmQZxu0
YOUR CAR CODER,ChIJFRIYCAp1Z0gRQtKreq1vQWA
Your Celebrant Gillian,ChIJNT4QOqd7W0gRywt6CockIMQ
Your Chimney Sweep- Don Barrett,ChIJPRp07ZK7REgRH7y_L45Ur-o
yourchoice,ChIJcWFr7ylshiwRqWZahOzB15k
Your Clinic,ChIJwd1F8wcJZ0gRl1htftdlG14
coaching and consulting,ChIJ38JAJZoOZ0gRmtfmWUTKGVI
Your Coaching Space Ltd,ChIJOUCQnwlzZ0gRitTSYeFiDLo
yourcommonage.ie,ChIJF-AQl0GSW0gRD0Lz6heGkXo
Dermal Filler,ChIJ__-_li4NZ0gRp8q365rAk0A
Yourcovidprotection,ChIJgyNSdOQTZ0gRfxszJSHSukE
Your Dog Matters,ChIJH5TaEnKRREgRjdHfZTc8gD0
Yourells Hair Salon,ChIJMauLlu-WW0gR1kJBYNBvwEs
Your English Language School,ChIJyXnlny8MZ0gRG1t4eaIvbdo
Your Favourite Muse,ChIJj5N9LwMPZ0gRVanm7PNquMo
Niall G Lynch - Your Financial Planner,ChIJiSPEtQ9JXEgRvpAvpvjYx1Y
Your gift to you - Hypnotherapy & Holistic Transformation Coach,ChIJ528QFaNzZ0gRqxXD03h8NEY
Your Golden Sun Beauty Salon Roscommon,ChIJ9cbYWKs8XEgR5B-AA_N28O8
Your Green Fingers - Landscaping & Paving Athlone,chijv77fgilixegrce1wr_rti3e
Your Hair Company,ChIJySE9ODpDXUgRHzj2Ss-8yxQ
Your Handyman,ChIJs0gb6OYNZ0gRy3l35hKu19M
Your Happiness Quest,ChIJQ1WonYC9W0gR0AMXwCF2nVQ
A.W.A.T Adam Winters Athletic Therapy,ChIJofpka4I7Z0gRQqiyZXaBCT0
Your Home and Garden,ChIJ28_QKc8FXUgR_muTgYrtLz8
YourHomeFix,ChIJL_wrmO5hZ0gRSyEhshtl1PM
Your Home From Home,ChIJW0-sS90OZ0gRmJYFDhaSpMk
Your Image Matters,ChIJt7-oqboLZ0gRdURs3SfI_Jc
Your International Training Office,ChIJAUQPftW7REgRBBhMt8uHxYQ
IrishIndian Fashions,ChIJVcRnM53DQkgRNOEHLsvmNK0
Your Irish Tour,ChIJWxFhAEDSIWMRfly1stmRgos
Computer Repairs | Computer Help | Computer Problems,ChIJN58NlMuFXkgRhqNxVIqRrTk
Sligo Junction Hot Rods,ChIJ1dF___fBXkgRSIEvOTK_82g
Shreelawn Oil,ChIJPwH3k49cW0gR_uIuROk4QQE
Your Local Pharmacy,ChIJLR9QLeJ_XUgRoAUkk1soC_I
Your Mediator,ChIJ2R1EvlUNZ0gRqNe6EYG3PA8
Treasured Memories,ChIJ_dGrLcJ_XUgR8kMgpWM9kfE
Mairead Vaughan,0x4de57d4fb1560b29:0x13c39fa1301e4eb2
YourMoneyBack,ChIJjWSeYFlwXUgRGT7KiG93SJM
Your Money Kiosk ATM,ChIJsY5rJfoLZ0gRJ5xzI3XRKm8
YourMove,ChIJC9UlqmUJZ0gRoiDns4Yf5WM
Your Next Steps,ChIJaV8rFkdtZ0gR3YxapEPFbaM
YourParkingSpace - Dublin Airport Parking,ChIJExyZFwARZ0gRWaXjIu5f9Ok
Your PC Technology,ChIJjfEaCsBeW0gRzYBAv0baiVg
Ennis Pet Centre,ChIJv0B9Mi1tW0gRwryvOQt9LEg
Your Pharmacy,ChIJ-_-H7awnRUgR4mmzE6AYaVc
Yourphoneifix.ie,ChIJy2S5xbdyXEgR3Xrcyl8V-MQ
Yourphotoscanned,ChIJS-VcKAsMZ0gRHRZpEGc-u-M
Amelie Nyhan Postpartum Doula PCD(DONA),ChIJbWTb7FePREgRmHyfqXoyqTY
Your Practice Online,ChIJpxkEwbcOZ0gRK3PNMWS4udY
your private driver,ChIJzy6EROhhREgRCL-vMsl-Yh0
YourPro,ChIJ-waWRlANZ0gRNZKMTmh0Bi8
Your psychologist,ChIJ14HQ0mZDZ0gR3VpTzL0gQ84
Ard Products,ChIJ55c--KPOYEgRIPuXWC14REY
Your Short Film - Wedding Filmmakers,ChIJI4Bn6O8LZ0gR-vQsRTpcuJE
This Is Clive Photography,ChIJgwUfzYMLZ0gRoh7ER1vdrcs
Your Simple Digital,ChIJiZt2kRLDWkgR6RFph4Is4gE
Your Skin Expert Advanced Aesthetic Clinic,ChIJ39L75hGQREgR72vMB_a7EzQ
Your Skin Expert,chij1xgj4fmbregrfaf2c2rwsls
Your Social,ChIJW3wPPw5fXUgRYJbz7nGIx0U
Your Space Interiors Ltd,ChIJpbZRd4kLZ0gRiviHKsPzbjM
YourSpeech,ChIJidL_xaqVXkgROSZJbVych24
Yours Personally,0x48670620fc2f4f19:0xeb2e8d6c9beb7767
Wedding Celebrant - Your Spiritual Day,ChIJmXGjgG6U1kMRrjXT3V4JlgE
Yours Sincerely,ChIJrXRn9gI5W0gRmT_VTt1KVj4
Your Stop Fuels,ChIJDZTgFglbWUgRnrX5PNtfsq8
Your Style Your Story,ChIJAcPyDx1_Z0gROzHPmSmo9O4
Your Success Coach - Sales Training & Enablement,ChIJn4LHXjJdW0gR-MkcDjj_sxE
Your Sugar Fix,ChIJj2Yip-rlXEgR0vPHdW_b60E
YourTeam,ChIJu_ZjqOcbZ0gRws2kMWH23bo
yourtherapy.ie,ChIJDxzDPooTZ0gRcTWJzbTKgyk
Your Time in Ireland,ChIJXU3xxfiWW0gR3Bjv4J8qcqY
Quiet Moments Camping Site,ChIJSyjYHfr1X0gRomWr1QNeB9g
cabra barbers,ChIJuycim9ENZ0gRRD-0gCy0u4U
YourWay Ireland,ChIJ2dqxp2o6Z0gR737qe6vr81Q
Yourweb,ChIJ_VEdHPlnXUgRK-x_IlVuDWk
Butlers Wedding Chair Covers and Wedding Car Hire,ChIJe9ACQooXQ0gRwV9FOj3L0uQ
YourWeddingDJ.ie - Paul McGuinness,ChIJJ7v01LJXZ0gRL3ctv8JDxUk
Your wedding hairdresser,ChIJKeGIVJUUZ0gRX3cIP5lqW1E
Your Wedding Video,ChIJoxDtiE0FZ0gRff0AlJ-9wwA
Your Wellbeing Warrior,ChIJ-fVZ0zjpXkgR5gYn1atTgsc
Inner Wellness Now with Gosia,ChIJkVUih9TSMSMRd7aP4ktiVUM
Your World Healthcare Ireland,ChIJlYOwayAMZ0gRGH-X_qE5XGQ
Your Yoga Centre,ChIJu76AXiRbW0gRO8P4NUAJFBo
SparClean Solutions,ChIJ6_E8WYoNZ0gRjJ7HofnnD5o
Youth Agency,ChIJdb_a5frHW0gRNDyzAaQB6rE
National Youth Council of Ireland,ChIJExF9xZ8OZ0gRg5j2PqbhsDA
YOUtherapies,ChIJAcT_R5VtW0gRD7h_E2i0mxc
Youth Horizons Secondary School,ChIJS7HbCfJ0Z0gRr6lOQSbFopw
Youth New Ross,ChIJo_of0La2QkgRFAJ6XHzO7Bo
Youthreach Cappawhite,ChIJp6aBWPqxXEgRyQDPLg3PWNA
Youthreach,ChIJVbH6BIcOZ0gR4jjDC2lxYJc
Youthreach,ChIJ15J7SK7pXkgRl_8VxF1QAD8
Youth Theatre Ireland,ChIJNQDWFIcOZ0gRDsx9QJU5uME
Youth Work Ireland Galway,ChIJ1yEl59BpXEgRLIOH7Xgy34Q
Youth Work Ireland,ChIJ88lZoYEOZ0gRNxCBe-NgHZ4
Youth Work Ireland Meath,ChIJZS2N6kxbZ0gRuqZteR5snAo
The Acorn Project,ChIJf8Z5ZrOaXUgR2jdsQ_SyPzI
Youth Work Ireland Tipperary (Thurles),ChIJw0gux8HEXEgRl5nFvOUzJTk
Giddy-ups preschool,chij_cjdlxqlz0grz7joge-kjaa
Down Syndrome Ireland,ChIJz8cEYpUNZ0gRkfDFbOdhyMw
Bami Auto Garage Limerick,ChIJGTxUfgpdW0gR8uQMxEEBfRQ
yoUVALUE Windows & Doors Ltd,ChIJi6Gc6zqRXEgRPq-kwfcgbDk
Roebuck Hill House,ChIJX8YaDTwJZ0gRe1WR9XUXq-g
Yo Yo Asian Kitchen,ChIJEw6jVEGbREgRDRRqzTrDhpA
Young People at Risk,ChIJw15SwQ0PZ0gRm5ZBB10Fdnc
YPD Golf Ltd.,ChIJbYYuci0TZ0gRwlu8MLLDnfk
YRG Ireland Ltd,ChIJ05oR4KEMZ0gRmWqo06VgMQw
Lilly's Acupuncture Health Clinic,ChIJy90BDDcGZ0gRORtCtNKov_k
Cork College of FET The Glen Youthreach Centre,ChIJEUC2ip6aREgR_yUIsOZSZRk
Ysamin Ltd.,ChIJEXza07IHZ0gRVIo_mimQMTA
Yvonne Sweeney,ChIJa7Sr1k2QW0gRL4TISn73ujQ
Saint Laurent,ChIJJ8t87OgPZ0gRKCu7Kbuc00o
Youth Suicide Prevention Ireland,ChIJt09UYAg8RUgRKOvGV5ojBUo
YSS Cleaning & Security,ChIJzUpAHMKRW0gRjio8tCls7FI
Yellow Tag Video,ChIJYdFxPtd5Z0gRGAwQls1hAoc
Yuan Ming Yuan,ChIJtUH3dxCQREgRbedU2rw2gnI
Yuanzhi - Traditional Chinese Medicine,ChIJI2WrZCkPZ0gRY_mLlemJ7uM
YuBars,ChIJwdforKkVZ0gRmTdO29u2POU
Yubix Limited,ChIJJ5ajW6APZ0gRZFZuASRXWMc
Yugo Kavanagh Court Summer Hotel,ChIJk-7sbCMPZ0gRbe7MDB1NYY4
Yugo Kavanagh Court - Student Accommodation,ChIJo7D_1YcOZ0gR7LUyGoQPjGA
Yugo Driving School Dublin - Manual Lessons ONLY,ChIJC2lno5VtZ0gRFE31p4LzJCQ
Yui Thai Massage,0x48670e8ec8b31639:0xbaf97104c7200ac9
Yūki,ChIJewzKXe4PZ0gRGVGj1f1Ok9U
YUKO Toyota Car Club,ChIJ_ZuVU7gMZ0gRXclo8TgLuqk
Yukta Limited,ChIJn6-PZ6_EkCgRHJfyzwLPeok
Yulefest Kilkenny,ChIJqQ6wyQo6XUgRHuG9AUKxQL8
Yum Yums House of Coffee,ChIJ_4uLJpZ4Z0gRYGbLlYbe4SU
Yumi Clonskeagh,ChIJtbIBxkgJZ0gRaYhDhXI87i4
Yummie.eu,ChIJUTEWlioLZ0gRfwQlkKEuOrs
Yummies takeaway,ChIJCdNe-A7VQkgRpi_dKax8B40
Yummy Yummy Drogheda,ChIJPdeXaOw7Z0gRGgHRzph5Abw
Yummy Cafe Market,ChIJs545hHw1RUgR1_T9wfK9P1A
Yummy Waterford,ChIJv-WzBv3HQkgRPhNSMSaz6DA
Yummy Creames,ChIJq8CwJvBbZ0gRxJJ-wxgzsdc
Yummy Grub Limited,ChIJXdtQE0kdXkgRrYVlspVgbfM
Yummy House Chinese Takeaway Clara,ChIJg9XENo6xXUgR-x4rOD5P9Ns
Yummy Pet’s Food,ChIJNxmEOfgTZ0gRP89bdaFAOZc
Yummy Pizza,ChIJ13KqdVJtZ0gRou1MoxDaV1o
YummyRade,ChIJGQX-NX4PZ0gRjRughvrb3xQ
Yummy Takeaway,ChIJ_V1BJZQBaEgRIKYnFpjmnWQ
Yummy Wok,ChIJL5C09-6WW0gRwL9mpLfn3tM
Yummy Wok Asian Street Food,chij4wd8snznz0gr1zkgblurmoo
Yummy Yaki,ChIJoVXM_-N_XUgRM5Xv-HFG0HQ
Yummy Yummy Chinese,ChIJt12RlRhlZ0gRdDxRG1j8WYg
Yumo Meal Kits,ChIJD9pGUM4PZ0gRMTdnndGPl8g
YUM YUM PIZZA,ChIJZVzjSbOfXEgRRZVm6UR4Fcs
YunExpress Ireland Limited (Shipper only,0x486775555500ab8f:0x42e3c40d38ab2677
Yung Medical Aesthetics,ChIJl_8iovjHQkgRnDj5i7aK7UI
Yuno Energy,ChIJAw3JdLMJZ0gRicdOl6kdLSo
Build Your PC,ChIJbdKjyRizYEgRnS5tQmXni1c
Inch Hideaway,ChIJuwVpdhp-Q0gREAWfozaj9Ug
Yu's Chinese Coolaney,ChIJ5wV4cNjGXkgR92bPkji36Fc
Asia Thai Spa,ChIJr_nOtBCQREgRCvcqfxciIA4
Yuzu Catering,ChIJ5Ru9s8IEZ0gR2d5R5aADRbk
Yvolution,ChIJEdIO2J0OZ0gRuUbOkLH3Jys
Yvonne Cassidy,0x48670deec20c9a77:0x60355cd7e3676b7b
Yvonne Dowling House Of Beauty,ChIJD8E83D2JW0gRh456ZvaRj04
Yvonne Fagan Coaching,ChIJZ5MVZt6vZ0gRiYsk1CyGXqU
Yvonne Harrington Dress Designer,ChIJF8K770oGZ0gRirsoPZaEBqs
Yvonne Harvey NMT - Mount Merrion,ChIJ9720Bd3kOQkRM5PtAuPl_Uo
Yvonne Judge,ChIJAcPS65wOZ0gRhffPu4r2Y3k
Yvonne Keane Photography,ChIJ3WCs3GIFZ0gRnunOnEtbgjM
Yvonne Kelly Jewellery,ChIJ2ZJUOAVwZ0gRE-o2KjnKcgM
Yvonne Ross Jewellery,ChIJTUnEQJ4wXUgRbw-05pL_rho
Yvonne's Hairsalon,ChIJYXoAm5THQkgRRWcKISBj8pg
Yvonne Scully,ChIJNXmkayYGZ0gRQkG8AXvedh8
Yvonne Seymour Training,chijx0xf6eepyegr2cxrlo8cm14
Yvonne Vaughan Photography,ChIJfQM8yQeoW0gRYsLzpEmqA88
Yvonne Whitty Archaeology,ChIJEXW6QITtZ0gRTggl5ND4wgQ
YWCA Dublin,ChIJo_2eHJYPZ0gRdlQR7Gg8u6A
Youth Work Ireland Cork,ChIJJcMMTz6QREgR6bnheFDOEhg
Youth Work Ireland Laois,ChIJJyQazMsNXUgRIM2KMPqeG0w
Youth Work Ireland Monaghan,ChIJW48QxFS6YEgRyrCk9ybN0O8
Z10 Physiotherapy,ChIJu6cQEuoOZ0gRP9X6GS5H3wc
Zaatar,ChIJ9XEFuCgNZ0gRC4jSB5rlvkU
zabelle gifts,ChIJFTYPw4vhWkgRByfuY-8g1O0
ZABEX,ChIJv9oWmbkPZ0gRvgmnTfAK2fw
Zenith Adhesive Components,ChIJ8w4yG39JXEgRWCVrPFgKm1A
Zephyrus Aviation Capital,ChIJN1n9fGoPZ0gRM19zACIEXsE
Zac Coveney Magician,ChIJl36CAeORREgRbeHdjcCLxpQ
Zadig&Voltaire,ChIJqcVBH055XUgRCcVaPC5U3sc
Zadika Bridal,ChIJycOS6iWyYEgRxOz-I4H9Tk8
Zaeire Artisan Chocolates,ChIJmw1nQwmhQkgRdjfSe4HTzRw
Za Exec,ChIJzeYj9vRBW0gRJjVKmrd-rq4
Zafiro Tours,ChIJNfgQX3_NYEgRAMKiYH6r8mw
Zafraan 3 in 1 Carndonagh,chijgallibybyegrj6sfcuoqov4
Zafran Pakistan Indian restaurant and kebab house,ChIJ6wpYGtgNZ0gRxrcdQ31l7qM
ZAGG International,ChIJjYjQXyZAW0gROIZrwU2d8FQ
Zahra,ChIJb7Arsi2vZ0gRvayUC1Xgya4
Zah tt commercials ltd,ChIJof4nwptzZ0gRTujMe8sKJkY
Zaika Express,ChIJaSJWo69yZ0gREpNuBwxtWu4
Zaiqa Retail Cash & Carry limited,ChIJze4EW92PREgRcUmJ3KbY5j8
ZAIQA Restaurant & Eskimo Pizza,ChIJcYPc6YuXW0gRuM8PyoOCiFU
Zaira,ChIJb5AslBENZ0gRKeZjbzvhRyA
zaiTEC Logixs,ChIJ8ZbQxUxzZ0gRad4T_kdK0Sc
Zak French Clothing,ChIJccngG2NdW0gRAEdtcrrACxA
Zambrero Hatch Street,ChIJu7PiMqAOZ0gR2gntqivTlYg
Zam Zam Longford,ChIJPe6Unp_TXUgRQqx6QB5hpc4
Pak Sherazi Zam Zam,ChIJy3d9F9F9XkgRwnPHsvVVj9E
Zam Zam,ChIJ7cCTuDToXkgRk2MkGcwELH0
Zam Zam Dublin 1,ChIJs4hmVToPZ0gRDwb4f-OghJ0
Zana Zig Zag Alterations Templeogue,ChIJU1w3GZsLZ0gRMOr-07ESS2Q
Zanshin Karate-Do Midlands,ChIJP8Dj4Q2SXUgRn6i-40ekNh4
Zanzibar,ChIJGWEMJ63HQkgRrufdDBbmCrA
Zanzibar Films,ChIJMR2xZA0IZ0gRFSCmloQlIPQ
Zoom Adventure Play ltd,ChIJvQK_uBCvZ0gRVefZiIPonyw
Zappaz,ChIJb0646IUNZ0gRWwf9xhKCu4A
Jocarla Lopes Nails,ChIJiZl2aKEPZ0gR09yMSMdDCG0
Zara,ChIJz9Hi-PAQZ0gRLupMYT5IjEY
Zara's Planet,ChIJN4ZJG5N1Z0gRONaS6nLS6-4
Zarasyl,ChIJodtZMWhZZ0gRjXt3XvJQ1yE
Zaremba Cosmetic Boutique,chij8wgczzy9rugrbaebpbrm8tw
Zarf,ChIJ_6B0y8cJZ0gRWCNrKJ2SGOs
Zarion Ltd,0x48670e950703e89d:0x68f5193735594b40
ZARIOT,ChIJe4F4PQgPZ0gR4x6KUSEfCa8
Santrý Boxing Club,ChIJI25hZxcOZ0gRGKBQ6ori9HE
Zartis,ChIJ2Sab7wWQREgRa8ealezc2JA
Zati Holistic,ChIJrd_8qMvHQkgRUjkrJnxTPSs
Zatino Group,ChIJScynGx8PZ0gR6Ed8l7TgSdE
Z Auto,ChIJ9W2SWQ6SREgRx6HbaVcz9XA
Zavelife Healthcare Training,ChIJ7bOBjEwEG2ERWGE-WOrXrls
Zaytoon,ChIJwer_UJ0OZ0gRs39CbfXQa-Q
Zazen Academy of Technology,ChIJh8lkX70OZ0gR_apedqtUEYc
Zazsi Media Limited,ChIJu5sn_WCQREgRa3j9_MrmbQI
Zazzle Ireland,ChIJA9PaeQWQREgRzOhyk_MZu6o
Inspired Irish Designs,ChIJBYvuRX8OZ0gRKPjcEwCLKU0
zbiz international,ChIJP-N6-ZETW0gRqaTUWMB7LrY
ZCom Solutions,ChIJOQiS3QwRZ0gRjJ_8c6TAN4w
Z Design,ChIJEetOvAxTW0gRjE7BViZFRSk
ZE Architects,ChIJI1MZwBtzZ0gRJ5PIMV3iLFw
ZEAL Creative Agency,ChIJ_5ZKWZJMXEgR6TqYVfO94Fs
Zeba Hairdressing,ChIJTTV3_uFvZ0gRF-Y3MpNHlAQ
Zed Insurance,ChIJu0nAORttZ0gRRQ8bdFDhG1o
ZED Automation Automatic Doors Limited,ChIJLWWYoScQZ0gRMvmnZo3vu2Q
ZED design,ChIJb0KZV5GjZ0gRtqQ3gCkcmGg
Zeephone,ChIJG8tmrvo7Z0gR_VVgisWB7Tg
Funké - Afro Caribbean Restaurant,ChIJo_9wIgPpXkgRCba0tYRVDYw
Zee Barber,ChIJQwfHNCJ1Z0gRRarDxFd-vKU
ZEELANTIC TRANSPORT LTD,ChIJ45JXXvV8Z0gRUyVpFkU_ulk
Zee's Threading Bar | Eyebrow Tint | Lip | Sides | Chin | Full Face Threading - Dooradoyle - Shannon - Raheen - Adare - Annacotty - Askeaton - Limerick City,ChIJeYXm7k1dW0gRZ5RtCS14WK4
Zego,ChIJGwwhBDsPZ0gRSVCn_PFmuTY
Zehnacker,ChIJFWR0n4t5Z0gR8nCHUuX43GA
Carl Zeiss Vision Ireland Ltd,ChIJbXtmuJkcaEgRCbOkg-J-C3g
Zeit Solutions Limited,ChIJX_1K9SE1RUgRXwqc0jTYNuk
Zelado,ChIJdXJ9hwqXW0gRM2sbIsqlNnY
Zelca Massage Therapy,ChIJ67F3xIoAaEgR9uIC2pujX0g
Zellis Ireland Ltd,ChIJE9ShJpsPZ0gRKh5LRi262YA
Zellwood Office,ChIJ9wCVIwcRZ0gROOHkGXmqrxI
ZELOUF+BELL furniture makers,ChIJbyiwSEUMZ0gR2p3Vl5l_YmI
Zem Wholesale,ChIJ8bgIf7rPYEgR7i5KRtKZ6Ws
Zen Woman Reflexology,ChIJ8WNKfC7rXUgRUc2tymH0f4s
Zen3 Infosolutions,ChIJJ1d-xhMJZ0gRV4CZ6Y_PfcM
ZenaDrone Inc,ChIJVfELs6EPZ0gRWmYfxuSyiyg
ZEN architecture,ChIJl3TUBkGBREgR2YUSFwPWoOg
Zena's Brothers,ChIJD2CSzYiFXkgRmLpGizYB0jI
Zen Beauty - Mobile Beauty Therapist Dublin,ChIJcZqLX_YRZ0gRKjVqW5_jDC4
Zen Beauty & Hair Bar,ChIJUc19WUMbaEgRBOYz4vzV-0k
Zen Body & Sole,ChIJAZSMO-vnZ0gRt035n4m3JWU
Dublin Zen Center,ChIJ5XVtn5cOZ0gR-P3qHZM8I8I
Zenco Technical,chijp5i5gmsjz0grq4hbxlevf0a
Zendao Therapy,ChIJkaOPl9lEdY8RkAx6NYM_azU
ZenDen Studio Dublin,ChIJyY_Qgb0JZ0gRkoivwGFYgYc
Zendesk EMEA HQ,ChIJBWCZQaEOZ0gRWhyEhmNp7E8
Zendfast,ChIJu1dmw_gOZ0gRGjKginOswi8
Zendra Health,ChIJ3WQPNOsJZ0gRZFE7tY68eq4
Zenergy Yoga Studio,ChIJTyrWHVfMYEgRTGryeew_AGc
Zen Events,ChIJpaimXrUtXUgRG1op4SMN11Q
Zen dojo Galway,ChIJAQAAAPuWW0gRihJto7IPs-I
Zenith Automotive,ChIJCYAZbOFdXUgR-9CASZH88BY
Zenith Hairdressing - Galway City,ChIJKRL6mO-WW0gR2IMIpaVTwT4
zenith pr communications & training,ChIJo9kVQ64HZ0gRNOOrbIOcjRQ
Zenith Stainless Solutions,ChIJd3q0viebREgRwHRTfC8KaB8
Zenith Technologies,ChIJ14Qd85tzZ0gRlW-KTMlDRDE
Zenith Tools Ltd,chij23pufzslyugrejex5hl5kye
Zenith Training and Development,ChIJj6V58ZkOZ0gRF6ivU0wb288
zen massage,ChIJMdeptxgPZ0gRMIAbEiJHL5A
Zenn Beauty and Laser Clinic,ChIJiYaShM0NXUgRnLL_CglCG18
Zeno,ChIJNZ7GCaQJZ0gRoZWQYpMsznA
Zahara Cafe,chijsz1r0eapz0gr3nbdnuwbhei
Zenola Play & Creative Arts Therapy,ChIJ8U2WtlCxXUgRpA-5mBPJIUM
Zenotec Limited,ChIJdSSLQ0uRW0gRl_hhCDHd2us
Zenoz Ltd.,ChIJM-X8HEOFXkgRWs7T2gGsX_c
Zen Print,ChIJ3y2Q_lUTZ0gR-ghi9Yk1jAQ
Zenshin Massage Swords,ChIJGcN0EQgRZ0gRLwX5eAmDFeo
Zensor™ Device,ChIJm31z1lNJXEgRyXzTMvyZC8Q
Zen Therapy,ChIJmyT0KjAGZ0gRgtEtpx9bdBg
Zentry Forced-Entry Security Solutions,ChIJlbH_jagMZ0gRuycBdKix-Vk
ZenVita Wellness,ChIJ5wf8PyUGZ0gRduLNDJPb3gQ
Zenwellness for Work,ChIJ94TXLIpzZ0gRTM8tBgHfVgk
Zeon Healthcare LTD,ChIJm8MHZrbBXUgR9eoNCvmVB_s
Zephyr Lodge,ChIJ8YTFyz_9XkgRB9E3szjaNsA
ZEPHYR Medical Affairs Ltd.,ChIJ3_4qaq8PZ0gRrQVcj1D5exQ
Zero-G,ChIJARWyf4IOZ0gReAONF9GcDv8
Zero7 Gym,ChIJpyEC6S0NZ0gRfUh9wNHr5Ns
Zero Carbon,ChIJh9rw9ooLZ0gRBOIhG7f4Oxo
Zero Dry Time Northwest,ChIJrW4qaSKqikgR5_mA12VA9F4
Zero Gravity Float Cork,ChIJWayJjueRREgR2Ptj2W0dEl8
Zero Gravity Skatepark,0x485ee9b300dde1ff:0x27b8e88db8b40637
Zero Grazer,ChIJOenSNVXlXUgR8I3fXaFvSOI
Zero Latency Sandyford,0x486709e6755a067d:0x319631da42382ca8
ZeroMission,ChIJV40vDtsxQ0gRqc17NYvmd1w
ZERO ONE SALON,ChIJ0Z2XiJwOZ0gREoNAv1qiskw
Zero Pest Control,ChIJ0bQfQfKeXEgRQaYDhsb4fdQ
Zerophoid,ChIJm0t4xSVjWUgRh0NQgvutfjE
Zero Tax Property,ChIJf0okrgUNZ0gRNCwzUH_yfII
Zero Waste Market Place,ChIJdwaRaYEvQ0gRnht6LBgCFf4
Zero Zero Pizza Dun Laoghaire,ChIJbeGopCYGZ0gRrlEO2VzMfWg
Zerton Limited,ChIJM3p4MwEPZ0gRjX4D7xGvsxo
Zest Skin Clinic & Laser Hair Removal,ChIJExxbx-8QZ0gRxi8WA7xT_dU
Zest4Kidz,ChIJuVOhY-ALZ0gRsbmhJzGcO-U
Zest Branding Solutions,ChIJrVC6TaoTZ0gRhJvW1Ocnyx8
Coffee Corner Cafe,ChIJu8HbPFCbREgRzwNOZProU6U
Zest Catering Ltd,ChIJS4JteZUNZ0gRNADVC7qFifM
Zest,ChIJR8DZiGRcW0gRgXjk2ujSpHY
ZestLife Therapeutic Services,ChIJb6U5vrkLZ0gRIcRnCM-4ZIA
ZestLife College,ChIJL7bIfOALZ0gRLADqVYZphEg
Zest Pharmacy Kilmallock,ChIJ-SGi5dJTW0gRssAc_tUoTuI
Zesty Bites,ChIJDQXjRQB1Z0gRk551CNmSRzg
Zetagram (Infiniti),ChIJ_02BXeSxXkgRj501SUBqlno
Zeta Zones,ChIJ_Rhx_UKRREgRaBwK-QwPpzo
Zetes Ltd.,ChIJn_eUrMFeW0gRv_fi7Cb7m4U
Zetes Ireland,ChIJ74JPkK5yZ0gRrRor4vIH99s
Zetland Country House Hotel,ChIJ8xK0HgM8WkgR2XzoO41PhZo
Zetta Home Services,ChIJxYGUr621YEgRXFPj6HbBep0
Zettabytes,ChIJx20-c5QQZ0gR8XebFycAstg
Zettajobs,ChIJ06TUI3QRZ0gRs-SpY6SVyJ0
Zeus,ChIJ9-B--EvrX0gRZHn0NU82PE8
Zeus Packaging,ChIJ-cnoSQF0Z0gRRCBHla2UIFo
ZEUS Scooters,ChIJ0XwN6B5XXUgRd-fL1_ehqw4
Zevas Communications,ChIJbbxU06-aREgRhZri-S-L_KI
Zevo Health,ChIJbb5OtJEOZ0gR8l4u_8Cibo0
Zezze's,ChIJawrz0GD9XkgRTXrUBrzMK00
ZF Group,ChIJA5KnJwAPZ0gRc9gMyP82K9I
ZFA Group,ChIJbyJGcZgJZ0gRZQaMGxq9ItE
Zhino Designs,ChIJN6Enepd3Z0gRI-GzlIKHYp4
Zhivago Ltd,ChIJVVcr2_MNZ0gRRAB3Zcldd0I
ZhivagoGifts,ChIJ06vlReWWW0gRFFHDzb2ytVU
Zia Photography,ChIJISAaqmjNQkgRS0D2fpeMfFY
zianinternational,ChIJiS1MovINZ0gR6udUcbSrL58
ZIBÁ Coffee house,ChIJLRy6Al15Z0gRgmok1H8Rydc
Zick Learn,ChIJ881aP_gJZ0gRJSFjAFnOfWE
Zicos Pizza,chij4eopuqoqregr7s5i8wazani
Zidesign Creations Ltd. | Sign & Print Dublin,ChIJ-RQ_z4l1Z0gRlYjWNlaDWQA
Ziegler Logistics Limited,ChIJaVPffDIzXUgRe6ArRCnF3W0
ZIEHL-ABEGG Ireland Ltd.,ChIJhez-nloPZ0gR5i4D3PWcDsI
Green Box,ChIJ141g1G-pZ0gRb3PLGpAM2X4
Ziggy's Barber Shop,ChIJx1xKdht5XEgRx-HoaPcocAw
ZiggyTec,ChIJqR9JE38JZ0gRgkIgL_3Bx1M
Zig Zag Alterations,ChIJ_V19SERzZ0gRGrnfAKD2N8c
Zikomo,ChIJi3JVzwi-W0gRE0UDU_RxwM4
101 Barbershop and Beauty,ChIJq_aMcwAjZ0gRRRJqg_ounrw
Zilber's Way,ChIJywq2pqWRREgRtNWb9U0P1gY
Zilerate,ChIJvdnLDURzZ0gR_ZWTthN1Rr8
Zilic Developments Limited,ChIJicC61QFpZ0gRgjegfUJQ31s
Ziltron,ChIJxz-F6b0PZ0gRCeNCTDfuAmc
Zimmer Biomet,chij-y9pdjmsz0grogze6dmyezq
Zimnu,ChIJ2c0R7nyXW0gRoY92zbuoOQ4
Zinc Design Consultants,ChIJNcJnkwIMZ0gRdKD5-wreDiM
ZINC Hair & Beauty,ChIJe8dr2UQMZ0gRThE3iKUoqME
ZINCK Hair,ChIJ_SflUTwLZ0gRDIPeH8Tk2OE
Zing Technology,ChIJK3q5tIsOZ0gRM0x8eMx-T-I
Zinga Galvanising System,ChIJV-nT2MINZ0gRwFqGUWlBlYg
Zingly,ChIJX5ttypQPZ0gRSORjo_Z-Wfs
Zing True Health Clinic,ChIJ1T7tQux5XUgRkuzYPfCWkVk
Zingyzest Take Away Portarlington,ChIJpzzsMW91XUgRBBpOL4lj_Dw
Zink,ChIJG4jcteMMZ0gRbFfy1FshdoE
Zinkworks,ChIJD28ZBKJJXEgRDxaKBpp5V7A
ZinMobi,ChIJX_1K9SE1RUgR4hAQBbaXJ3Q
Zinnia - Waterford Campus,ChIJR8foKFPFQkgRKnlgQu2YIzs
Zinoko Limited,ChIJBTXidxDLYEgRPq4oDb1TqK4
Zinon IT Solutions,ChIJy6WnbXl_Z0gR1ZY0kELfOHE
Zintek - Your tech specialists.,ChIJO_dAOjwLZ0gRFps63bJW9ng
ZINZAN,ChIJeY6ibMwNZ0gRFkDdHbLCjmk
Zion Parish Church,0x48670bf75eec6c4b:0x7db6a58b8b25c581
Zion Parish Primary School,ChIJZ_aQxvYLZ0gRE7ELoSn7b-w
Theo Zioutos Audiovisual Systems Design,ChIJs1TDewB1Z0gRvzDJYB6O6zM
Zip & Stitch,ChIJ364kQUoLZ0gR7YHYZLaaQCM
Standard Brands (Trading) Ireland Limited,ChIJ_4RsHVwzZ0gRCOzgMt-1Et4
Zipit Forest Adventures,ChIJLcOfDISQXkgRQeUp9_c3SoQ
Zipit Lough Key Forest Park,chijo5kaoyvtw0gr02cv2plswcc
Zipp Mobility,ChIJj_c2HwoJZ0gRDYVpjQkH3vw
Zip Printing,ChIJAbLGQ68MZ0gRML7KvuGI6qY
The Zip Yard Swords - Expert Clothing Alterations & Dressmaker Service,ChIJxwrDBfAQZ0gRYr-K_Z68vOM
Zi Qi Chinese Restaurant (Nunki Tea House),ChIJu3lb4fUHZ0gR_dWpx6Ves1U
Zirona IT & Cybersecurity,ChIJC23Ui74PZ0gRbzv5OKKDcgI
ZIVA Health Consultancy,ChIJ60ULANycZ0gRBXHbfhGACnw
Ziya Skin Clinic,ea1cfbde4d74c1054ade010f591789d0
Zizzi - Dublin Suffolk Street,ChIJ-dm1ZJsOZ0gRRSmTpqtFkkE
ZKTeco Ireland Limited.,ChIJ8cdixB0RZ0gRGLgpksigyyY
Zlata's Cleaning Service & Chimney Sweep,ChIJ96kibBAxXUgRNFMSwHTlJpo
ZL Technologies,0x48670e97de6e39ef:0xe676634723098d4c
ZMI Accounting Limited,ChIJ66RM5QEJZ0gRwMxmVcBciI4
Change for Good,ChIJwYh8tI6RREgRK8OMCffOPZM
Znoogle Baby & Toys (Toymaster Cavan),ChIJL3rGay4PXkgRvM-FwJ7GQms
Zobi,ChIJ7eOemAx3XkgRQXci6BiPoH0
Love Sick Tattoo Studio,ChIJm3JwNAabREgREhqWFHGP2qY
Zoe Clark Make-up Artist,ChIJJ6c4_SAGZ0gRdLJp2JIpB3o
Zoe Community,ChIJ14ydEpAPZ0gRNOApjnNw4fE
Zoe Davis Registered Dietitian,ChIJGXOv8wt7WUgR3iraJJUUuis
Zoe Accommodation B&B,ChIJdeBWO2rfWkgRTqFSQBkqXAA
Facesculpt,ChIJQ-ONYQCvZ0gRHzZm4y65tsM
Zoe spa for kids,ChIJjaQ3FwAzQ0gRwAUioD9D-5Y
Zoetis Tallaght (Cross Vetpharm Group Ltd),ChIJjUlGxkILZ0gR65WXtegKRZ0
Zofo Creative,ChIJY8UTeGm7QkgRMfPepiDXHC0
ZOHA Architecture & Design,ChIJcXFIB6ypZ0gR4U6EpM37nvY
Zokia,ChIJez0YBKpCXUgRha15lkaI6h0
Zola Beauty,ChIJy_37EcQaZ0gRw6zifLORlnQ
Medilink,ChIJh9Hw06fqXUgRP2kVQcez9Cs
ZOMA,ChIJ_4jj4yvLYEgRZoNkgrxtKzg
Angelo's Take Away,ChIJi6FfiWEaZ0gRp-Lfrz5j8Q0
Zombie Barber Men's Grooming Place,ChIJl1wRkseFW0gRiQHc-kluDtY
ZoNa Dance Company,ChIJvRMG2DDrX0gRVJEyIiixII4
Zone Magazine,ChIJ76ECbE9zZ0gRSrBPUVWqF6k
Zone Brand,ChIJ4Tmen6IOZ0gRUFAkLal5etc
Zone Clothing,ChIJP3G00DbrX0gRLE_A0HRDEkE
zone digital,ChIJ9ZsD2pwOZ0gRFwtSfrb-Ijg
Zone Heating & Plumbing,chijdusuvukqz0grman45khhyhu
ZonerVision,ChIJjeMYFJdpZ0gRKpNPONXZyBo
Zone Cafe&Restaurant Killarney,ChIJG7pSBCI9RUgR6OaYc1rRklA
Zonzip Photography,ChIJB3of00cNZ0gRv95bbIb2GMY
Zoobox Ireland Limited,ChIJZQ_MfKQOZ0gRebgPOuJp0XI
ZOO Digital,ChIJo9V2ZJsOZ0gR8cqkepCEXDY
Zoo Fitness,ChIJvYMj_GhLZ0gRbQTYpNJ6Tuw
Zoology Fitness,ChIJsdwxr14PZ0gRXjLceZ_QGTQ
Zoom Courier Software,ChIJZToBrCgMZ0gRQdzEa-p8gww
Zoom party Live Hybrid Virtual Events,ChIJcabkF2UNZ0gRq9FgHRo3Emc
zoompod,ChIJF6hPFcoNZ0gRQscWXKC3t_4
Zoom Studios,ChIJf_nYfc0RZ0gRp_NEjOxfloU
Zoosh Group,chijtyl6hayjz0grzg7fhc_rsp0
Zoost Design,ChIJRzumgT4FZ0gR0VxcJbbRyH0
Zouq restaurant,ChIJx41Bsq9yZ0gR6NGJeCYl6ac
Zozimus Bar,ChIJCZx1-psOZ0gRAWciR987Vag
ZoZo's Studio,ChIJ3fnkU0nBXUgRA2OJwdT28Hg
zRepair Galway,ChIJ3epPEPmXW0gRjMgRNhqALlw
Zsazsa Design,ChIJb3_QPFRBW0gR6bDLBj0zMqg
Z Signs,ChIJGat34NaNZ0gRy2hi1pCo0tE
ZS Massage Galway,ChIJwX6wrOOXW0gRqJi-23idM2E
Zosim Safety Training Limited,ChIJf93Knt-cZ0gRux5T9zsoDEY
ZTech Equipment Ltd,ChIJP_oOKpYSZ0gR5t0KlKG811A
zteck,ChIJ7cXCo2h5Z0gRhd3KX5-lhik
Zt Pro Drilling Services,ChIJ48uF0FWqVWARc3_eUHRTuFQ
ZUCA BREW,ChIJu2aZPc7DQkgRuEXKH7xRcg0
Zuca Digital,ChIJ_WuXxF9OiUQRUJd4CKIn7y4
ZuCar Cork,ChIJwWyWqsubREgRVh0nnqJERh0
Zucchini's Restaurant Navan,ChIJe-XT5MhEZ0gR-YfZbcAtKTY
Zucconi Sushi Bar,ChIJb540Po8OZ0gRnpoFB2ksRhM
Zuchera Pizza Co.,ChIJp2BMDM5tQ0gReYD9Uh166C8
Zuko's Bakery,ChIJQe_TyKwSZ0gRcoYosabr9Ic
Zumba Dee Dee Newcastle,ChIJ_Zq4klR3Z0gRvubUvZA_6-A
Zumba Fantasy,ChIJC9MQ4W4JZ0gRKy4PNOs2Qww
Zumbini,ChIJ4URBLw5fZ0gRuLKq5vLd0nA
Zuni Restaurant & Boutique Hotel,ChIJP5JV9Z4wXUgRxezcuOWwFA4
Zura Laser & Skin Clinic,ChIJ96zEL6YPZ0gRBLSsi1VgP8I
Zutec Inc. ltd Ireland,ChIJkyd61oIIZ0gRCIKQT7hsnbI
Zu Stu Art,ChIJkXdZ5MTxW0gRsGxcnU2YGMs
Zweton ANNACOTTY/CASTLETROY Restaurant,ChIJlUTQ-89eW0gRspJaJ_A6z-8
ZWILLING Kildare Village,ChIJ_RNkttt4XUgRkILMvnam-_o
ZWLAUTOS,ChIJjaVDjDxzZ0gRaSUKEnKVkPg
CloverRotors,ChIJZ4mbc19vXUgRzzuv0FzT1zE
ZYLE Fenster Ireland,ChIJR_d_Rl3CQkgRQ3jXN3blzPo
Zyph | Marketing & Web Design,ChIJlZAqWt2zYEgRV4agwqpHtb0
Zyte (Formerly Scrapinghub),ChIJyRczrw-SREgRYcX9gaBHJy0
