name,place_id
Auto Allt I Västerås Ab,ChIJKdk4HmVhXkYRbtzESudEFRc
Atracco AB,ChIJ63vH7c1gXkYRNUMQuzjCek0
Stripa Bilservice AB,ChIJDdnr66tSXEYRsy4uX7lv5hk
"Ground Zero 4wd T/a Phoenix Land Rover, Land Rover verkstad Service",ChIJV3eRkO1AXkYRxhl4B1Og7yc
Bilkompaniet Fagersta Volvo,ChIJxZqNxD_CXUYRubMKG4IWOR4
Köpings Bildemontering AB,ChIJQ1nk-giDXkYR5iVxCBOV02A
Oggeracing / 021motor AB,ChIJIUmsI1l1XkYRgbwghGSHpIY
MECA Arboga,ChIJkQ3BsYYnXEYRMNkXgMhN26w
Meca Verkstadsdrift AB Köping,ChIJeYrSoyCCXkYR9SiaSf5i99k
Kallernäs Bil & Maskin,ChIJsw9xA6hOXEYRcQNsOLEScl0
Mekonomen Bilverkstad Fellingsbro / Motorbolaget i Fellingsbro AB,ChIJPW3nczAlXEYRfbNr5y0HisM
Krisats Bil - Autoexperten,ChIJ3bctJr4nXEYR5hFheXw1w-s
Dinitrol Center - Bil & Rostskydd i Hallstahammar AB,ChIJmRiNMw5-XkYRSPMbqGhr8No
Arthurssons Bil AB,ChIJkWbvp2cVXEYR9XUkj-NoF9o
Tobbes Motorservice,ChIJo3rqJV2CXkYREo2Qggv5Dpw
Te-hå Bil,ChIJtdrY_i9jXkYRZ-hQV7dQgWc
Wiman's bil & Däckcenter AB,ChIJgbrPuJRmXkYR7iVsB1S-6xc
Eriksson Bil & Mekaniska,ChIJsWVQd7sxXEYR4MQ0teyKpZE
Ditec Bilvårdcenter,ChIJRR-2riaCXkYR8p9V_5GPJoM
Bilvårdhuset i Västerås,ChIJk7zPfSRjXkYR2A7VWAH9Fzs
Hemlingby Rekond AB,ChIJp-15Nv7GYEYRsbVKXxc0oUQ
MrCAP Eskilstuna,ChIJB7IJj7XyXkYRvtGXEyw7EsE
HERO CarWash,ChIJBzvvZr_qAWsRA1ulAg4en4M
Kvdbil,ChIJ6Qkq_2wnXEYR1iC8ECOQw6U
Mellinger Bil AB,ChIJy3HCyttjXkYRZp4GVWEAn3M
Daytona Automobil,ChIJxxFMZG1hXkYRpKY6l5oPypg
SPM Motor,ChIJ4aP6ZzhlXkYRuS1DZcrJu98
Almir Bil,ChIJ8c--0d1jXkYRZNnhrrmOhbM
Atlantic Import AB,ChIJGffI9weBXkYRGRcUlDKfGTo
Carlbyte Systems AB,ChIJjdb-T-YSXkYRCHI1nrA4LHc
Predator Cars,ChIJ4T6eFDpfXkYR-ayIO1ddXFE
Salenholt Bilcenter,ChIJpWQ8sqVmXkYRu4B-80nhCoc
Mälardalen marin och fordon AB,ChIJxT-gxuVjXkYRw9wn-iiY-Vk
Munther Bil,ChIJz98ybMhmXkYR6Sz4KYViV98
Fordonsgruppen,ChIJ8Rm9uCNhXkYRHsvyIRukCUg
GoCar,ChIJJVPAakLzXkYRfptbZlSVERI
Nordiska Bilkompaniet,ChIJBZKSs9kSXkYRIYZV09RZW-Y
Västerås Fordon Ab,ChIJWYcoTMxgXkYRz5UiAULql50
Renault Lindesberg - Rejmes,ChIJWalAAjhPXEYRtXlzD_6n1zw
Riddermark Bil - Västerås,ChIJtUxDXS9jXkYR1Kj8IzWQIok
Bildepån i Morgongåva,ChIJL1kBf0I-XkYRWBTXVWqRtJc
Mazda Suzuki Xbus Ove Andersson Bil,ChIJg31hRsdmXkYRqJK5uTp7SkQ
Hedin Bil Västerås,ChIJ91BDHaxnXkYR__XlfRgAuZE
Tunavallens Bilservice,ChIJ6wGx8lMhQ0YRMajs4Um0eMA
Askling Bil AB Motala,ChIJBzWEqy7DW0YRNDtAqL7Mipk
Volkswagen Transportbilar Ludvika,ChIJAQAcPMieXUYRJXzg0NDHNVM
Megagroup,ChIJe9md98BjXkYRPtC7LKnsu-0
SEbilar AB - Bilhandlare Västerås,ChIJwbw7ojJhXkYReJvnfyeYKAQ
Kroniskt Frisk Kvantmedicin,ChIJBeW3dxhhXkYRvKfjnWGPlZw
TFT-Hälsan,ChIJcVIRjC9hXkYRk06cAMMYVkA
Thor Modéen Teatern,ChIJm2UvU4OFXkYR8Y1DTMBGIAo
Teaterbiografen Norberg,ChIJj7_AlNzoXUYRsgCu26IrGOo
Folkets Hus Bio - Heby,ChIJ80yna5QVXkYRIwl_9S6xpK4
Folkets Hus,ChIJR4eygP3pXUYRZZ897GRsx8g
Biograf Royal Svenska Bio,ChIJlQs04IqBXkYRA8-AVYgVa-Q
Bistro Gränden i Västerås,ChIJBZbOKzlhXkYRbo_9ltp6LyM
Interflora Fagersta,ChIJFVexPgTCXUYRmUucNifTZUU
"Åsby Floristen, Interflora",ChIJk4gYELF9XkYRbjbouJaTcAQ
Grönväxtriket Valla Handelsträdgård,ChIJXYzwDhtdX0YRZE52k9yPP1A
Lindesbergs Handelsträdgård AB & Garden Café,ChIJVVVVlatOXEYRUu7ILZ1sUaI
Åsby Hem & Trädgård,ChIJlSVStMV9XkYRZ7nWLJNCCpE
Plantmarknaden Trädgård & Café Lindesberg,ChIJuxChHWlJXEYRmU9ungWMT8E
Blomsterlandet Västerås Erikslund,ChIJ5YJWEJVjXkYR_TzM0B7jOEA
M Bilar Group Västerås,ChIJVVUVKcBmXkYR3lHjubfQpPY
Bokförar'n i Hallstahammar Aktiebolag,ChIJqWFYMsl9XkYRxG1jN_nHYX0
Azets Insight AB,ChIJeTPgNh1hXkYRCTFKTgw8uYM
Voitto Redovisningsbyrå,ChIJ_-XuxhZhXkYR77q2gWB6LdU
SMI Redovisning AB,ChIJiYeiloqBXkYRcQtHivxeWzU
Talenom Eskilstuna,ChIJEfVOcizzXkYRX9GP6Rdri94
Västerås Bokföringsbyrå AB,ChIJqc6TFu1hXkYRGxPLN8GzGPw
Venlock Redovisning och Bokföring,ChIJm13PdIRrXkYRu2ByWg_Ljio
NIBA Redovisningsbyrå AB,ChIJZ01_1JMVXkYRFzIJJ7VLHF0
AntuM Ekonomi AB,ChIJi9a--LNhXkYRH7uEy7Bz_dk
Clerk Sverige AB,ChIJAQCU9j1hXkYRw-Joq3JQubU
Vicapta AB,ChIJPVKEATxhXkYRLBnfrn2AI2Y
EY,ChIJAwqvuj9hXkYRwpoxrQ59Svw
Modern Ekonomi Sverige AB (Huvudkontor),ChIJVZWxoT5hXkYRrqyfCfDJQKY
MB Redovisning AB,ChIJ-UcRKBxPXkYRTiOADHcmqBs
Ludvig & Co,ChIJSZMfqkBhXkYRTTujmzrI4Ps
Novareko Redovisning AB,ChIJSWpNUSVhXkYR1TEabBUhtd0
JP Ekonomiservice,ChIJMTa_wd9gXkYR11zGd0JOIZI
JL Ekonomi AB,ChIJRRsmZiVhXkYRO6bhkbNhc-o
Akademibokhandeln,ChIJI9stwcBjXkYREp3z4PG1alw
Lisjö uimRanta,ChIJK_Y6dQHWXUYRBGZVgoZFGFI
Hagalunds Gård,ChIJoxVYLet1XkYRwsrzftfKqlU
Springsta Säteri AB,ChIJw_RVIcleXkYRXdjIbaq2YFA
Granhammar,ChIJJ-nYUoo6XkYRl2ZTepaEnso
Nibble Gårdsgris,ChIJDzFrEOlnXkYRNVdCmtDa2M0
Fullerö slott,ChIJi6mzxAphXkYR70S3I1EgpF0
Margau Wohlfart - Leijdström,ChIJUUTIdghvXkYRQyu8V9u0N2w
Skorkebo,ChIJu0rH6fITXkYRJExLjRcKQA8
Hasta Gård,ChIJf8j40lktf4sRSt0WiZaXKik
Rya Gårdsprodukter,ChIJPd6M1gRJXEYRnlYdmyzl49Y
"Kölsta hagar, glamping och närproducerat",ChIJlz4Nr9p_XkYRtWs0PyPTepU
Ekengård,ChIJI_4gPOYoXEYR55IslHnei2w
Aros Berg AB,ChIJDbfprIKHXkYRiHv2JtQjuls
Borrwiks AB,ChIJva6MlHAvXEYRna0z4BnKt84
BGE Energi & Vattenborrning AB,ChIJZ_9W1ikTXkYRydTPdt5Z5hE
Örtagården,ChIJjyqd6vVhXkYR8lByOciNoDU
Kasselgatan 9 A-D,ChIJEwsm2glhXkYRKDIy3cBtPFw
Ikano Bostad,ChIJvS_5UHthXkYRrMPHRWxJ7mk
Sparstugan,ChIJlwCAFCpnXkYRitgs5DOUC6s
Min kudde,ChIJ9UrO6fjpXUYR4ruTLIL6JiA
Silverhallen Bowling Sala,ChIJERCUgdgSXkYRLHR304WCRUY
Boxningsklubben Tiger (BK Tiger),ChIJHbNZSqxmXkYReZlnRjeUmBw
Telos Telemontage AB,ChIJn_vKVT0VXEYRJFiw-t1wPss
Ocab Västerås,ChIJq6qq-tdjXkYRYY8zn3zzHrM
K-TEK,ChIJ8bQLZrhmXkYRhwL3J79JiUA
PG Brand & Arbetsmiljö AB,ChIJF3Nr5qVfXkYRJH-limmHKIQ
Brandprojektering,ChIJRRzvC-BgXkYR3eoXXxHwIFw
Brandskyddsproffsen,ChIJk91qG4RhXkYR3ESwxo2Bd84
Brandskyddsföreningen Mitt Utbildning AB,ChIJU8bZPz9hXkYRitUzHb8HNxk
Presto Brandsäkerhet AB,ChIJIX1NKtpjXkYRJBqZWKh8WnI
Imperio Fog & Brandteknik,ChIJtWwlEhuXrEARWEy3N8Y5h74
Södra Dalarnas Räddningstjänstförbund Fagersta,ChIJAcEK203DXUYRmV30_ntqiBg
Minerals & Metals Recovering - Mireco AB,ChIJneBrs2zCXUYRrcw8vFcPaMY
Westerås Brand AB,ChIJ1Y7EDzxhXkYRzLm9ZkclLy4
Storvreta Brandstation,ChIJxxhCzxLSX0YR7Jts7cUvDHA
Mälardalens Brandräddning,ChIJYVh5iWV5XkYRmyGTAxe6DSQ
Mälardalens Brand & Räddningsförbund (Kolbäck),ChIJQeFy3HeHXkYRSDlCa3KTNAA
Västerås Profil- & Brodyr Dzign AB,ChIJkULo-r9mXkYR6EcqRmf9Mtg
BergVärmeBorrarn Stefan Svensson AB,ChIJrwBQ_kJ7XkYRJnFplS6n_Qs
Slottskällans Bryggeri,ChIJsT7md1bJX0YRmH5ktImGAGs
Hantverksbryggeriet,ChIJl41pxZZgXkYRAdvsKMUEplk
Alliaria Bryggeri,ChIJy4DEmTlhXkYRui-8G-wPpQU
Västerås Öl & Destillat,ChIJAQAAITxhXkYRQfw4jn9ow-k
John Scott's Kopparberg,ChIJz54OW-CpXUYRsDINd0zCaP4
Air Liquide Gas AB,ChIJ926mFGx5XkYRw1Ts1QRPuA0
Gasum Västerås biogas anläggning AB,ChIJ9wHCEiNnXkYRuNszGZh_gyw
Bröllopsbruket,ChIJEzkI7ZthXkYRPfWOllhBKbQ
Ruths,ChIJ_5gklzhhXkYRwVhzcIW3zlw
Dentelle AB,ChIJgRs2UsoVXEYRmQZnroQ1o50
Elite Stadshotellet Västerås,ChIJvSDmTj9hXkYRePW-SaMun1U
SBM- Snabba Bud i Mälardalen,ChIJj7U35tVnXkYRmkb8yCvCedg
Anders Bilbud AB,ChIJJzdATS1hXkYRgUDr9bTHXSk
Aros Bud i Västerås AB,ChIJrXnum8ZmXkYRP6m0gSUFkDQ
DHL Service Point (Ica Nära Vilstahallen),ChIJuU3I9qMnXEYRSWvzss8r3pA
Åkerlunds Busstrafik AB,ChIJa1gxym8rXEYRyL0aHaJlgMs
Svealandstrafiken AB,ChIJs1gnlCVhXkYROnWKsF3H-yI
Eckerölinjen HPL Köping,ChIJceEVLfWBXkYRTfGPYQcw4W0
Viby Buss AB,ChIJq5i49XUoXEYRkw1srskmiBQ
Axelssons Turisttrafik AB,ChIJh2hK9M9gXkYR_YtvYslaxUM
"VL Kundcenter Resecentrum, Centralstation",ChIJ8duyGihhXkYR5auPvaJ0ocU
Transdev Mälardalen AB,ChIJF0qPHX1hXkYRHykTBvdbJM8
Åskebro Gård Butik&Café,ChIJZYGNvUtjXkYRpu77YrdaKXc
Wåhlstedts AB (Bolist Östervåla),ChIJp2v8vekgXkYRJfPdXpCWqyA
Slottsboden Strömsholm,ChIJdVHbINOHXkYR3svM9bFbdjA
Travarbo Gårdsbutik & Vilt,ChIJl53FycQoXEYROUF7KyEFpNI
Kreativa Kristaller 5D,ChIJ2Q8US7OHXkYRF5z5TLfv8WI
Röda Korset,ChIJGViCo54nXEYRSmuzAx9hFsM
Företagshuset i Sala HB,ChIJAQdbIcUSXkYRAql9qJi90SU
Klockargårdens,ChIJ4wnBUN3oXUYRHIpDyldiD9Y
BraBilligt Arboga AB,ChIJOYKRRdUnXEYRzwQx_WH-z-8
Sommarbackens Ullbod AB,ChIJc6hzyfSBXkYRx8Qy49ud6t4
Arboga Häst Och Hund,ChIJAdcw5JonXEYRSSi19uPB6Fc
Butikshunden,ChIJhaGTcOtjXkYR8iPqVL4QSVA
Köping Häst & Foder AB,ChIJkagIPveBXkYRgzAzumuWGaE
skinnshoppen,ChIJ9clMKqN3XkYRsrvlEVyCkDk
RSMH Sala,ChIJyenen8USXkYRhOk9qxm2ypY
Svenska Räddningsprodukter AB,ChIJA5l0Z9oSXkYRgr-EL1fL-e0
Jadstore,ChIJb9_nKTlhXkYROpqpNnqtkEs
Fagersta Keramik,ChIJewtZzRXCXUYRBQM-9e69UUI
Waldens Motor,ChIJh6eaVKJ9XkYRNOFfPhehj4o
Samsung,ChIJ5RDaNzlhXkYRSW3QCADOM4E
Partyland Västerås City/Erikslund,ChIJJSe3KidhXkYRzDFC7ro7QPo
Entreprenadprodukter AB,ChIJk7OiMcxgXkYRGGCTqmwf2Ps
Yrkes Profilen i Hallstahammar AB,ChIJ37EiDKx9XkYRR3MJ8DAEq2g
Ö&P Yrkesbutiken,ChIJnfZSFFETXkYRsXgffjKr8ME
Ahlsell Workwear,ChIJ50StiLdmXkYRxQv_LoRsjM0
Exin Västerås,ChIJawXFmDphXkYRm5NUSiClPQE
Bänkab AB,ChIJAXexseJrXkYR9adVLMy9uNs
Jädersbruks eko herrgård butik & café,ChIJYd05RpEnXEYRvQt8cllnGp4
Cycle World Skultuna,ChIJz_TPR0VlXkYR3r6fSRoZR7k
Safy Sulor & Sulor AB - Ortopediska skoinlägg & skor,ChIJY80UFL59XkYRFq6ZGil-SgY
RF Maskin,ChIJyegwxQsnXEYRN-8RW_8QP70
MABE SkinnFasoner,ChIJuyMHcY93XkYRjpYOe3BuSkE
T Brantestig Svetsmaskinservice AB,ChIJcXfu19kSXkYRd4CRHtG3_0Y
WTW Weld Tech Welding AB,ChIJbZ33bzhhXkYRTPjtR3Ozsbo
AB Sundholm Welding,ChIJGWOrrPeBXkYRR7gBa781FCk
Gymspecialisten Outlet,ChIJ8aL4b0vlXUYRhYI6oD9RphU
Smartsledge,ChIJe-ETm5ayyyQRkPbEeBS79oU
Fitness Brands Shop,ChIJcQzNddbc2mERPRfALV8WpYI
Kenkou Selfcare AB,ChIJMWOmHUxmXkYRWiu4Zk7j-zs
Golden Athlete butik Västerås,ChIJC5SpJTlhXkYRT40qzvE9k_M
Norbergs VVS-service AB,ChIJK4tzas3oXUYRYsVUFCUni6I
Insane Mary Jane’s Country & Western Store,ChIJb5mQNIaHXkYRz0zAbVxVGB8
Oakstreem,ChIJJT3YRLcPsy4RIDItECORUkA
Dormy Västerås,ChIJ8cq1D5ljXkYRc7_NGSlX0Mg
NordicPro,ChIJI-a62ONnXkYR5TEnpOrVJVA
Volvo Truck Center Eskilstuna,ChIJQ7J7lBeNXkYR0Pgh1yOKlFM
MAISON PIN,ChIJ3_wO0s9hXkYRwO-pLqPP5Z8
Papas Tapas,ChIJ5xaEbLbyXkYRnmMG-9YyT-M
LAPAB Maskin AB,ChIJqVNPeqt9XkYRWfvfIVC0_nk
Skultuna,ChIJ21Fu_jVlXkYRTsmHTFOhmjM
Sharpman Sport AB,ChIJezsdzEPRW0YRy8_6Ow7vtq8
Storgårdens skafferi,ChIJ-bmsezApXEYRuvBN-C8pNBk
Perssons Magasin,ChIJL7ANTPutXUYRnceJZku_2yQ
Bäcktorps Gård,ChIJfRe9buivXUYRBkD26eEdAEQ
Discexpress,ChIJ_0SmfJ_DXUYRSTU1A8_vRCo
Würth - Västerås,ChIJFyF_QMhmXkYRsrEsgc7qbws
Browest Bygg & Inredning AB,ChIJV3CBI8SEXkYRDU---nJBJ54
Timmer Trä och Glas,ChIJKwsw43wLXkYRqKX_cgoGVPI
TBO-Haglinds AB,ChIJmzB-MaInXEYR-BhPUN5eQtM
Bygg & Installations AB i Arboga,ChIJu-qKPY8nXEYRuk7IKow21sM
Bo och Bygg Service AB,ChIJGw9VuwXCXUYRMBC0wFIogUM
Petterssons Plattsättning AB,ChIJMfahvg3CXUYR-Z_TlLfzHkY
Allmogeträ & Bygg i Köping AB,ChIJz2fhnTqDXkYR9lC616tANBA
Virgdona Bygg AB,ChIJY6Pcq_FLyqgRbClAMMEVjL8
JE Bygg AB,ChIJV3p5FWnCXUYRX6McGI1GkwM
SW Bygg AB,ChIJEWN8LXF7XkYRy2wx0IJUVMk
Mälardalens kakel & klinker AB,ChIJvy-SYkBnXkYRkLKaQi42BQ0
W Bygg i Västerås AB,ChIJjVMwYf9rnWIR__S4qUEIsp4
NFD BYGG AB,ChIJPURorNkVXEYREP_OmZxtqRo
Hyresmaskiner i Mälardalen AB,ChIJm6RNbqx9XkYRWv7tXvbAu-Y
Sjögrävning i Sverige Ab,ChIJc9lCgx6PXkYR0tzFPAR6fiU
KAK Byggen AB,ChIJ305U8ySCXkYROcDCK3CsWxg
Nybyggarn AB,ChIJA7kW2k5nXkYR59-7OIGK7sc
Svanå Allservice AB,ChIJz_m2Z0hlXkYR0ZcJydBJbG4
Skanska Asfalt & Betong AB,ChIJAQAAQMBmXkYR2FBYlYS227E
KeLo Bygg AB,ChIJh4StNawSXkYR_F8WNeln8gY
Sjödoffs Entreprenader AB,ChIJ9ecssiWCXkYRZFkZBP4UKcE
Ullvi Ängar Exploaterings kontor,ChIJf3WmVjCDXkYRftMmJIx8LeQ
Allan Eriksson Mark AB,ChIJ5QTeu70TXkYRFpgiwsB_yrA
J Anderbert Bygg AB,ChIJRwmF9qpOXEYRcI7DSC2cvTk
Lindesbergs Bygg AB,ChIJ-10B8apOXEYRVzarDuHCaHc
Dala Lås i Ludvika AB,ChIJmVhZm-meXUYRMi7zwoEdYtU
Karpenter i Bergslagen AB - Snickare i Nora,ChIJaV8ijL9VXEYRJo2pqLqrr74
Frövi Glas & ByggMontage AB,ChIJzep2O0o4XEYRSPWR52JLHhI
Byggsvängen AB,ChIJq6qq-tdjXkYRuK6EchFJvpk
Norrson Bygg AB,ChIJsWG8NmVeXkYRPucyE4bMdmY
BYGGRUPPEN AB VÄSTERÅS,ChIJhc8ZJxZhXkYRhMRPVo_8Dfo
Trähusarkitekten,ChIJ-y8Kv1ZBXkYR0K5YWwQNEjM
JHS Byggnads AB,ChIJjXgLkCthXkYRzRAfYosHoWo
Warpmans Bygg & Anpassning AB,ChIJm48esXhhXkYRM9KRKrU_ndo
Nymans Byggservice,ChIJq0mGFTlhXkYRZUrBvOwpRX8
Jocke Lilja Bygg & Fastigheter,ChIJd8JxNAiDX0YRjm5DgetA0zI
Carl Johnny bygg AB,ChIJ84QLGXs3XkYRBOV7of_Weis
Kraftlänk AB,ChIJ9RH5PwBhXkYRjlIPMKqqSgU
Nyströms Bygg & Redovisning AB,ChIJaZDRUcAMXkYRwgWGPHUN3gA
Mälarbygg i Västerås AB,ChIJkULo-r9mXkYRb9dwdOO-aac
Hus & Hemservice,ChIJV4XUOjkhZkwR3DLf9xaGkc4
Aros Golv & Platt AB,ChIJr5pFJ9BmXkYRJ7S2npL7HB8
Volvo Construction Equipment AB,ChIJTUUHL6uNXkYRnOIFaQ2FtSY
CK Bygg & Alltjänst AB,ChIJywuFXHLLqEsREFRk5sSQz68
Pershyttans Bygg & VVS AB,ChIJAzX9dj5FXEYRiquZKO5sjRs
Solid Tak & Bygg,ChIJC38-OTdhXkYRhmdkOG_07oA
Perssons Bygg Arboga AB,ChIJrXIqLJknXEYREdNUyg4WKBs
Bygglängan AB,ChIJgbqzdJdcXkYRE4KlGr4371Q
EQ Bygg Ab,ChIJlzsMFCdhXkYRiAu1vrKlnmY
Aros Moderna AB,ChIJ08TDoDxjXkYRRBRYSKalQuI
Ea Byggpartner Ab,ChIJ8ZC6DlRJXEYRWH82GfNGY2s
Ramirent Safe Access AB,ChIJqZPss-UTXkYRPf1ZzfqsbWE
Storvreta Byggföretag & Renovering i Uppsala,ChIJR-VPZvXNX0YRFRWHaoXXSOw
Wästbyggs platskontor,ChIJ5cNVM3R5XkYR5u304Mc0kzY
Bygga hus och modulmontage i Mälardalen AB,ChIJg0_c4RVjXkYRTqk2oYdUykk
WeGe Bygg AB,ChIJRUHkbClhXkYRTuvp-C18j6M
Aréens Entreprenad AB,ChIJAQAAQGthXkYRI5E6be6Q2FA
Aros Golvavjämning Ab,ChIJbQPpc6ZhXkYRX4lmTHeZzr0
Österling Bygg AB,ChIJg8GNQtDpXUYRcyCEYhZna9U
Nordiska Byggkoncept AB,ChIJ_eSAmjBhXkYR5Ly_9Gp9TH4
Hallbyggarna Sala AB,ChIJbyi5VucTXkYRalmjTIkiNV4
FÖ Bygg i Sala AB,ChIJo09QitkSXkYR7ATHlRaITIc
Mach Entreprenad AB,ChIJX1WkAcnQum0RoPOR8HB2p6c
Bable bygg ab,ChIJrcjIk_SFXkYR-hl3oJ4iSdc
Consto AB,ChIJgyAKsFFhXkYRckqydhPJHb8
KVM,ChIJUWCt1YwvXEYR72H-gOisEII
EBAB Byggservice,ChIJA8jX1qhOXEYRax-yy2d5Mdg
Madeira Bygg Sweden AB,ChIJJZaKV-6HXkYRJLYAq7Dw8U0
HMB Construction,ChIJRUplWsxgXkYR-8h1pNi4_kQ
Totalakustik i Sverige AB,ChIJ2RX9kgNnXkYRln8aCXPWtkU
Littersbo Lantbygg AB,ChIJVVVVVZUUXkYRhO6NWyIZLZg
Byggkompaniet i Västerås AB,ChIJfXNx5S9hXkYRpFgyrRDZMcg
Totalbyggen i Västerås AB,ChIJYWQauNdjXkYRjbwKdgUMk9A
Asplunds Bygg i Västerås AB,ChIJxbioRyhhXkYR9uB0dS8lxeA
Byggessen Entreprenad AB,ChIJv1ns6M1gXkYRKZN1geJc7cI
Olofssons Bygg & Renovering,ChIJXZYa9SphXkYR2_rcpubAvcA
Mälardalens Bygg & Inredning AB,ChIJC_fbtYVjXkYRoGtAQ3hU9S4
PN Huspartner AB,ChIJVVVlcbpgXkYRiCl9WKILvdU
Kopparbergsbyggservice Stefan Eriksson AB,ChIJCY90IFRdj0IRlCyoH2ZBtl0
J & K Lindgrens Alltjänst AB,ChIJQ46coH5iXkYRxMmWk85cY6I
Foundation Drilling Sweden AB,ChIJmehau7sVXkYRBTglYr0yTYA
SveDyk & Bygg AB,ChIJuTbNN3FhXkYRtHWCj8KKeRk
NBF Nordic Bygg & Förvaltning,ChIJbUWzBSvfkEQRGTMOFHix_Dg
Bygg & Fastighetsutveckling i Västerås AB,ChIJnVQ4txRfXkYRkZKx3_mx4o0
Extenter Hus & Bygg AB,ChIJywB0C499XkYRYh-5-XXq7jo
HB Markservice AB,ChIJA3wb5rdhXkYRqQKXGGgcacY
Bergslagens Markanläggningar AB,ChIJT1QvobxHXEYR3I2voy-7pTk
Strängbetong,ChIJLRBGuOnoXUYRpPyB_AA2F0c
Svanå Bygg AB Byggnadsvård och snickeri,ChIJTRlN0S9nXkYRAEkKsX_cbMc
Mats Morén Byggnads AB,ChIJ24kQo0RJXEYRaCa3ph4b2QQ
Skaff kök och bad ab,ChIJ-8X1LRNjXkYRPaqwfkw0tJY
MK5 AB,ChIJQQijLOt-20UR1xmZ6NJox5g
Byggservice Lindesberg,ChIJ7wdjG0DEjE4RD5WIo-49ThM
CREO infra,ChIJf4WZZtv6E0gRVPkRniqww5o
Emisko AB,ChIJJ1T4XbvdkC0RwmMWCkYDSlY
Sweacom,ChIJacFh1QzwayURT2B-hr-iXP0
Contec Byggprojektering i Västerås AB,ChIJTd6X3b9mXkYRTL8hXtGhG-4
APING AB,ChIJK1odRBNhXkYRxiGpYIUeItI
Termisk Analys,ChIJa75Ki9_mfU0R8-NlkeEV-Fk
Cebratic Consulting i Westerås AB,ChIJH1uSHslhXkYR-4vApyxVA9I
Atkins Sverige AB,ChIJ20qRBjxhXkYRP9eFVKoQJ58
MäTeC AB Västerås,ChIJ_c-yo2lhXkYR6krVehkTw6w
Heptagon Mät & Projektering AB,ChIJa79kQ-BFXkYRXKYuGJHQ-ug
Peritus Partners AB,ChIJcWE4Ca5mXkYRJPs3cc9BIrQ
Kihlstrand Byggteknik AB,ChIJpR5yPCtjXkYRyZ3dMiEG25M
BK Beräkningskonsulter AB,ChIJp1bnG-MUXEYRkhegm12xewA
Enström Byggkonsult i Lunger AB,ChIJx4SmE-IjXEYRHqVSoY_ALnY
Aros Mätteknik AB,ChIJtd1EKQ03Mq0RDhDBOUHRDYg
MCC Entreprenad AB,ChIJB2cSOq1DmCgRL11OwE6jSeg
Cramo Köping,ChIJ2VWBK_iBXkYR8FbE4ov6hlA
Renta Västerås,ChIJs2Si-HZnXkYRf5EuQYJBJQE
HEROK Västerås,ChIJ1eHKsLhmXkYRY6NnoPPg6-Y
Structor Örebro AB,ChIJneBrs2zCXUYRIKLAxiqA3gU
Eldesign Ingenjörsbyrå i Västerås AB,ChIJvQJ9dD9hXkYRjpfxZIEZWzI
Andersson & Sjöblom Technical Management AB,ChIJwwtWkO5jXkYRul28BixmzD0
BA byggkonsult AB,ChIJAbEAp0RhXkYRezjxYZkIPYk
Sweco,ChIJwSN9ZjxhXkYRjQbhVjfAWJI
Siemens,ChIJC-5B3WVnXkYR2YLBOHWGwRM
Dematek,ChIJC0fte9pmXkYR8THMt5PC9zY
Areco Direct Kolbäck,ChIJN_EIpYWHXkYRQlbmb-9HniA
Willman Bygg & Trä,ChIJm4QaONhjXkYRo62pprnItu0
Byggmax Västerås,ChIJbVKj679jXkYR122FTxkthPI
Beijer Byggmaterial,ChIJf3azqqmNXkYR-iipKjlG0Qg
Holm Trävaror AB,ChIJk9sXjb0SXkYRYP56QKdUnP0
Seco Tools,ChIJl8Ndu-7oXUYRMOF9hVRMSYI
Stillab - Yrkesbutik,ChIJpYLE7EVnXkYR01rIa5bZpqM
Östervåla Byggvaror,ChIJ6Stxf-ogXkYRpJKXav-uwYo
LO Golv,ChIJgeFlXtroXUYRYgVYCjL9AQE
Nytt badrum med SGBAB,ChIJq6qWSNoSXkYR3WtIMFpwpyw
Saint-Gobain Sweden,ChIJ9S-dfIknXEYRbypSCJws_0o
Trebex Ställningssystem AB,ChIJk9sXjb0SXkYRFHnKW4BkGpU
Libergs Sweden AB,ChIJSzCM_79mXkYRRRjDl88SqWI
Jmg Kakel & Klinker Ab,ChIJje1VTU1mXkYRbZEjPYHJ-2o
Återbygget,ChIJ7-sBsrZhXkYRz9NaYB6e6AQ
Vittinge Tegel,ChIJheZVrC85XkYRw37KaYhvuxg
Bolist Nora,ChIJa-VapV1FXEYRkhMGItxjtvQ
BAUHAUS Västerås,ChIJy0pN1MNjXkYRzXxPGvqBVDA
Harmonidörrar AB,ChIJ6Y-coH5iXkYRUJVWV_I0DIM
AB Karl Hedin Bygghandel,ChIJUQrTgah9XkYRjCgW_0j-LXw
K-Bygg Västerås,ChIJ-c7BVc9gXkYR6vJBOqTeYDw
Eskilstuna Brädgård,ChIJD71oOPjyXkYRl7CkAa1I0FY
XL-BYGG Sten & Son i Enköping,ChIJOwO6k9JRXkYRUj50SJjaJtU
K-Bygg,ChIJ69SY_dQ5XEYRQDNH4Pk9u1Y
K-Bygg,ChIJR5cHbN4_XEYRP9Rg413k8F8
XL-BYGG Smedjebacken,ChIJ8_rTrDiXXUYR9G2MgfFJj-A
Optimera Västerås,ChIJBz3anstgXkYRm0Hq5WBV6Do
K-Rauta,ChIJERsqxB6NXkYR8OhkBAZJn48
Stencompagniet,ChIJh6F18M1gXkYR7I9f78h8g3M
jem & fix lågprisbyggmarknad,ChIJhQzBFfmBXkYRjxofa9t_zrY
Gaveldekor,ChIJWRYdAPY_XkYRQtHcIr6t-Ec
Takmålning Västerås - Decatak AB,ChIJcfMuYNFhXkYRz_oBtmvoa8Q
Byggnadsvårdsbutiken,ChIJGSG-uq6JXkYRJjL5IGFo-eg
Stegbaronen.se,ChIJ0ZhuI8CdXkYR0TVnbS-1vjY
Lambertsson Sverige AB,ChIJK-miJdBmXkYRm-k3d1FVsH8
Båt-Sam AB,ChIJB6ICjSmPXkYRxlPjYDC3ktg
MMS AB - Mälardalens Maskinservice AB,ChIJT0-mEmFnXkYRjW9T8-sUuT8
BC Marine,ChIJ_ytq3bdmXkYRAcQWk7rUtGw
Västanfors Båtklubb,ChIJgegTlkXDXUYRHRyZmtyvkvc
HKBK,ChIJn6UFbCGGXkYRJWXhVGI_bGw
SS Svearna Klubbholme,ChIJsWm25L6LXkYR7JyDZbChUXo
Torshälla motorbåtsklubbs klubbholme,ChIJ_2EAg_WLXkYRGIocp7AI9Vg
SBK,ChIJd2UUWZ-HXkYRY6EKMPP-DRo
Borgåsunds Båtklubb,ChIJLeoCMbGHXkYRn4rLX5TxTZM
VFB Västerås Förenade Båtklubbar AB,ChIJE45PuK9mXkYRoueyF3UXNxA
Pir 28 i Västerås AB,ChIJVVVVVUX1XkYRfAwJmAf_xUQ
Waldemars Båtkapell & Design AB,ChIJ0UI16SJhXkYRmMF053kBWHA
Kungsörs Båtvarv AB,ChIJz8OIXumEXkYRCuV40tcyD6M
Bärgningsservice J.A. Malmquist AB (Assistancekåren Västra Mälardalen),ChIJg3MnQGSDXkYRkK8-XxJ79_8
Perras - Transport & Bärgning,ChIJedCryZRmXkYRBJutDn9nf7g
Assistancekåren Västeråsbärgarna AB - Bärgning & Vägassistans,ChIJQ2jZYKJjXkYRNXOaTq3WVEA
Ramströms Bilbärgning,ChIJz3cMZbQnXEYRreRAa9BI1pU
Norbergs camping,ChIJMTfgP9noXUYRJF717R_aMKQ
Kost - Sveaköket,ChIJ8U-EPyphXkYRMXTzWNDOBHU
Veggoköket,ChIJjXQFGSxhXkYRnbvo0_SkMD8
Svensk Cater AB,ChIJ-aPMdbdmXkYRUlyINAh7_7E
Heidelberg Materials Cement Sverige AB,ChIJn7O5e9VhXkYRxPr2aY2wE4I
Carlströms Kött & Chark AB,ChIJ19Wvw3BhXkYRH3-h9t5ykRM
Veteranbilsakuten.com,ChIJsdRzmHkrXEYRB-zlubDBPlM
PayControl Kassateknik,ChIJk2ZuXs1hXkYR9L1bOJnkk3A
Mälarchocolaterie HB,ChIJ13zMPDxhXkYRGr4JJ7B1R5E
NYSTRÖMS CARS - Citroën,ChIJAQDA8epmXkYR9cLHbcNdQPs
Kiwa,ChIJQTeqTc5gXkYRUVxCSdY0Q1s
Inspekt AlfaTest AB,ChIJ2Q7Bft6F4yMREIIvgrfglDw
ASL Städfirma Borlänge,ChIJM_PdOvYdOwwRBdIwfMOEyGw
Högfors Country Club,ChIJ_VAxtLvnXUYRVbhGDsxe0-Y
Lemon Garden Västerås,ChIJTRo0ynZhXkYRtxzpFmxsKZc
Stenströms Cykel AB,ChIJr-oH0bZ9XkYRP3qWwYVyZbk
"Lundhs Mtb Cykel Service, AB",ChIJhbVIHsSDXkYRW7GIdHWUAHg
Landiz Cykelservice,ChIJVVVhHQSCXkYR7m-RV5bGbaM
Cyklis – Cyklar och cykelverkstad Västerås,ChIJdXkcvXphXkYRypR1V2M7tk8
Sportson Erikslund Västerås,ChIJ9Xz7P31hXkYRdAh9hxl1wEc
"Elcykelpunkten Västerås, Erikslund",ChIJfSx1bOdjXkYRlDCiqMQlhss
Velospeed Bikecenter,ChIJ0fJlsCphXkYRQTZOSroP8mg
CykelSmeden Arboga,ChIJB3b4Hqy85CkRgiuoN4ED8lg
Sahlbergs Cykel & Sport,ChIJw2OHdUphXkYR6q3SpSyR020
Sjöhagens Elcykel Jour AB,ChIJo3Z3AephXkYRqIDWFzz38Lk
BILIA PERSONBILAR AB MÄLARDALEN SALA - Dacia,ChIJgXI4z9USXkYR-J6jG1aK5fo
Stallhagensbarn,ChIJY6G5U2thXkYRDs7UWZI68Ag
24 Sju Dingtuna,ChIJgWjwyCJjXkYRXTtcn8QDpx8
Magazin24,ChIJpX54uYuBXkYRvPLlMtN7MeE
Ohlson & Winnfors AB,ChIJg49mVv0UXEYRJ-1-3-3rwD4
"Cirkulation, VA-tidskriften",ChIJg49mVv0UXEYRV1ASoF4Gwis
Länsposten,ChIJn-BQ2sMUXEYREZOcx6IXsns
VERO MODA,ChIJuxa_3LhjXkYRtGcqOGEGBlU
Gina Tricot Västerås Erikslund,ChIJi1KxHbljXkYRLuxVd7RQ4Ds
BIK BOK,ChIJPYO98bhjXkYR5TLSEQvbKQs
Lindex,ChIJAWudScUSXkYRB6pzWX8uMwg
Carlings,ChIJf6yjG7ljXkYROeW75BKunp0
Cubus,ChIJ75fJ6LhjXkYR5tm9Y-C8XvU
Indiska Västerås,ChIJn48rKD9hXkYROFbjsmGXGMw
Annas Under - underkläder för henne och honom,ChIJiVVYRT9hXkYRUQgQ5_hQl64
Zizzi,ChIJY7YH5LhjXkYRsgvNz0BJUcU
Hunkemöller,ChIJ7yxG8rhjXkYRC41GXRMAkqg
Mälardalens Dansklubb,ChIJP-k4goOHXkYR34flLpMnVeM
Dansklubben Marionetterna,ChIJjbbotNFjXkYRDAwFFvkHuRQ
Medåkers Bygdegård,ChIJ6Z6jkrIoXEYRe0wlMT7vheg
Sala Folkets Park,ChIJ_3qlprASXkYRBv5rwujFNOM
"Dansbanan, Sundänge",ChIJkwdTvhgsXEYR2H_GdO1dl2o
Art of Dance Sweden,ChIJOxh-0CJhXkYRwauWBt-iosM
Västerås Danscenter,ChIJe5CZeCVhXkYRIk0L7BaPnrc
Liz Balettskola DANSBASEN,ChIJS82FAoVhXkYRrGP0Ctj7v7A
Hardcore Dance Complex,ChIJxXUr1RlnXkYRJUhhY8Hb1tc
Tango Buenos Aros,ChIJ9a7yTTNiXkYRAFv3erRPb9w
Funkykidz Dansskola Köping,ChIJi7r9s6GBXkYRpqq6ftz56D0
Köpingstriffarna,ChIJFSC4XyCCXkYRPZfYcaWA_00
DansLola,ChIJX4225YuBXkYRBy5aPDgefjA
Kents Data & Elektronik Fagersta,ChIJjeMLmWzCXUYR2TisK9lqT9s
Alina,ChIJHRK0mz9hXkYRpa5jchfxSuo
Yabie AB,ChIJZx4XLa5jXkYRCTlK2uXetbc
BEC Binary Electrocomputer i Örebro AB,ChIJk7CmDsQUXEYRWFcqu2ojmAI
TKS Data,ChIJnwX0aeAUXEYRVVR5t4dNafM
billigadatorer.se,ChIJ002k3bGyXUYR3EHi6ZFDhIA
Just Name IT AB,ChIJiRV4F_xhXkYRWEisMaVLZfc
Congere It-Konsult,ChIJa3ZX2D5hXkYRyFwUIQz2PUw
Mindflower AB,ChIJF_DvDjphXkYRitPlKn6SnhI
Projektiva AB,ChIJoYmnbI9hXkYRnxpZ1dpvWac
Nebu AB,ChIJW7jQYjphXkYRgFpqnsgFk_U
SF Konsult,ChIJcydm2YuBXkYRwAum1udBOLs
Anome AB,ChIJl280nARhXkYR1lkAU8osYCE
Sogeti Sverige AB,ChIJ1Y7EDzxhXkYRJsrJyCGYv8o
CAD Iqsystem AB,ChIJBzSnBwVkXkYRiIPBozSJs80
Cybercom Sweden AB,ChIJUVlfVPlhXkYRrlqcrQdBp64
Torgersen Konsultation AB,ChIJVYZfmd43XEYRvwwArSKWwGA
Aros Circle,ChIJHf9VSSVhXkYR-c7aJSphqx8
Atea Sverige AB,ChIJl6L7UjlhXkYRq1UCwcdWui0
Råbe & Kobberstad,ChIJE8B-UzlhXkYRrx31KQkxliE
Rejoin Telematics AB,ChIJ8egLliprXEYRhqltUc12R4M
Triop AB,ChIJa9N0vSxhXkYRa2nZ5K1J9BA
Tre G Direkt,ChIJD9QxrtpKk0MRM4y7LUc7J_4
Melkers Data & Telenät AB,ChIJVdpxovWTRKMRJ4FU2Png9BA
IT-Hantverkarna Västerås,ChIJSf2GjepmXkYRX0vjcF9cE7w
Dynamic Software In Sweden AB,ChIJcXTZms5gXkYR7D1GfK_F6jE
Kemero,ChIJSzHniW9fXkYRhNWFkl6lYUM
Fordonskontroll Sverige AB,ChIJAQAAQFBhXkYRAzos5uwTpUQ
Telexia AB,ChIJuyBqMetRXkYRn-slj6Dnbyk
Gibon Västerås,ChIJt3zYvrhmXkYRn2vQnWHJVcc
Office Sverige AB,ChIJpV8cAYJnXkYRsOt5Xbd_DFk
Breew IT,ChIJu3k6YEwVXEYR2zqHrta6tVk
Alpha Power AB,ChIJ4_rzyN5gXkYRTget6iRaqdk
LevDoc,ChIJAQCQjdljXkYRuNavfH7G-JA
Henric Lundgren Data i Nora,ChIJ2URr52dFXEYRUg3FDMd4kU4
Iver,ChIJxavfczphXkYRRINNjiyxZb4
InfoCare Service AB,ChIJJbM2k9BmXkYRCowxD74G1B0
Nordlo i Närke,ChIJjSIlDsQUXEYRmQfJfFZdFlw
JoWork AB,ChIJebR_ZLJmXkYR7iOYgQ54NdM
Nodia IT partner,ChIJQwCkM8lqXEYRoIWYD9Ww5YQ
Parma Italienska Delikatesser i Västerås AB,ChIJn8DTlz9hXkYRLyD2jGg2hE4
Sörgården Måla,ChIJcY2MHK6fXkYRT8UiX4Z8pg4
Gott Godare Godast,ChIJC-9b7cz4QwAR619lvvNs0sw
Tezzii Design,ChIJkSd7IHo3XkYRI85XzuJGB_M
Design By Mowitz,ChIJAQAAACdkXkYRT-Eu1Lhgk-o
Wennstrom Flow Control AB,ChIJ____v-CEXkYRDXLGZ_I66Zw
Nygrens Ljuskopia AB,ChIJ-eTDqWFhXkYRJDNC3d3xxqU
Västeråskopia AB,ChIJVVVVVUX1XkYRq8UCV9He-1Y
Graf & Bild Sverige AB,ChIJaZrXDDphXkYRbCZmBgM2gmY
Prolog KB,ChIJwbB5aNgSXkYROxmi9HGJ3Sk
Ytterhälla Transport AB,ChIJVVVVldZjXkYR6qrmmFlPDQk
Sector Alarm,ChIJe3IAdTphXkYRC7IHhhr0otQ
Hobbes,ChIJ8QPtUsV5XkYRc7saSwQXyEg
DjurRiket Köping,ChIJK1NcTvWBXkYR_Zvh3KDt2fw
"Arken Zoo, Vettris",ChIJFz1aWnljXkYRZNOxputnk6s
Arken Zoo,ChIJH2VF-8BjXkYR1uJ1a3buY1Y
ZOO.se Västerås,ChIJJxTfeTdhXkYR027dIUg08T4
Elisso AB/ Glanna,ChIJ7yH50OljXkYRJRcfNRwHXMA
Västmanlands tingsrätt,ChIJb95RDj1hXkYRKRikPvGx7P0
Pan Atlantic AB,ChIJSU-W3b9mXkYRmhUKRl6c4Ok
Dykning.net Köping,ChIJs28yH_SBXkYRrDwT1_Ao-C4
Gearwheel,ChIJAQBQPpFgXkYRvz_rHiAg3PU
Euromaster Hallstahammar - Hallsta Däck & Service AB,ChIJmyxbqNV9XkYRSf6TyHPVBLw
Västerås Däck AB,ChIJi5w8bshmXkYRpacETbhN4EM
Surahammars Däckservice AB,ChIJScJDetl7XkYRzkm8ft721vw
Morgongåva Vulk och Däckservice AB,ChIJSf0ECPk_XkYRq4h4mRy0ueo
Däckpartner / RDB Däck AB,ChIJ3ccG_0tiXkYR4uWNzCJNsrU
Bäckby Trädgårdsmaskiner & Vulk AB (First Stop Västerås),ChIJj7CbyNtjXkYRSGxtDbCWUKk
Däckskiftarna Västerås,ChIJRXW3TpVjXkYR45NETpy9rNU
Kungsörs däcktjänst,ChIJDX_kAm-FXkYRodFWbzYVPok
Svenska Gummihuset,ChIJVVWF8HGNXkYRB3YExHcCf10
Däckia Eskilstuna,ChIJG2YMrDyNXkYRyobZSuJ4YeE
Bythjul,ChIJKcUoGZtmXkYRWoII7_i5dqw
Arboga Däck & Gummiservice AB,ChIJCwcu9IMnXEYRUyA5t0sEeSM
Däckspecialisten I Köping,ChIJs3mkjqWBXkYR8AkjgK7H7C0
Larssons Däck & Bilservice,ChIJPxPfKDF9XkYR4IvJLZR2PEQ
H-Däck,ChIJoVRqDrFgXkYR0wvj2-VsMhw
Lota Däck,ChIJg3Cb3PJnXkYRzgqrLxdPV7o
Vianor,ChIJFS4gzc9gXkYRh3PDwhy0Q78
Däckcenter i Hallstahammar AB (First Stop Hallstahammar),ChIJ5110XQ_MX0YRq9TJWAG98-g
Kaski Dörrar AB,ChIJqWI36vVjXkYRkJGuf-sn7pw
Doowin Västerås,ChIJMZ_NSUBhXkYRyo1Cw1zqgik
Dörr & Fönsterlagret,ChIJq216DkZnXkYRirqiomudhSI
Arton:1,ChIJv09zPwcVXEYRp_SzM9BMsbo
Jhn Trading,ChIJ-6MpQ69uXkYRCIEx2znCQiE
VOFF AB,ChIJpUcuNO2OXkYRfXAt1ENiq_4
Tasstalaren,ChIJfwWTVc9hXkYRcFSxlOU6Q_8
Prepare Survival,ChIJ8bwWMVRjXkYRsObapdg1ghE
Shoplab Sweden AB,ChIJoRDu9W9hXkYRWg_SQymlTj8
Shika,ChIJW8zR6HVhXkYRIDM7-SqzMEo
Bee magnets,ChIJY9IDxg5hXkYRAN9IHfW0xcc
Goddie,ChIJm2wKXw8TXkYR_AynuTVs7k8
Svamperiet odla egen svamp hemma,ChIJmZvZj7RnXkYREodoKsG-FLE
Kops Koppel,ChIJaa2AMxrYDm4RD0IH9tPCAtI
Fritidshallen,ChIJzWliqWhhXkYR8ulBELvpaeQ
Kraftmark AB Lager,ChIJaZa2wchhXkYRRHfm-pRXmvo
Hygienshoppen.se,ChIJa80fzccUXEYRewVj6HaKyeE
Lagershoppa,ChIJ5xA9q6NcS4AR1ZPuOCkfS44
Molto Buono,ChIJVXBcEv_7Y6sROhlHYF1yGh4
Mana Energy,ChIJXfKU709roIUR5oX0rxTZUIk
CapitalPal,ChIJrwjaQLhljEsRkd2ZVbX5dxU
Gustafsons Möbler AB,ChIJPVpedZQT3yMRw2kSJWFTRc8
Yab Store,ChIJDclx5XWrpGURIq9t1e1LoGY
Krisboxen,ChIJMbXOwmcVXEYR133rcDLKei4
Smartzocks,ChIJz6KiXiM4BSARE05QMfGjavU
Sodaneco Sweden,ChIJ7bU6r06QFScRFXgtYw2T1qg
Wood Splitter,ChIJe3CwIWZnXkYRSKeeo1BKdEA
Shopping By Moose,ChIJMTqx9OqNTmERcMsu2EUC_ys
Åsängen Ekoby,ChIJB5AlnO83XEYRr1NH9QfHWfc
Munktorps kvarn,ChIJEV-X7RGBXkYRmeuXPP_Cgzw
Eva Björklund Företagskonsult AB,ChIJ02koEuofXkYR6gK90zl3ERA
Smartprovider,ChIJiWU8cK9nXkYRIHEi6B0LtIY
Västerås Revision,ChIJ1SnIgKJhXkYRBoQgAciArx4
Fyrklövern ekonomi och juridik AB,ChIJc1qa9EsTXkYRb6IrstDUJfg
VB Energi,ChIJHV2ubAHCXUYRkbjtfdRwDM4
Vattenfall Vattenkraft AB,ChIJq8DIXdtjXkYRHy0lgq50er8
Elnos Nordic Ab,ChIJTd5WiL9mXkYROA4JlwPsSwU
Vattenfall Eldistribution Ab,ChIJ81GsIC2CXkYRf11Wja2-IlQ
ATS Kraftservice AB,ChIJ9TevFltJXEYRCTMSd8kLQY0
Hitachi Energy Sweden AB,ChIJXVcX2DiXXUYRBv9sNjWNLy4
Elservice Willy Andersson AB,ChIJm_tRwCSCXkYR8woWkVPIj-k
Ulf Kjellins El AB,ChIJD73Td_fFXUYRSFZ25JDuCbQ
AB Surahammars Elektriska,ChIJl-aZDdd7XkYRTY1DB1Fs-LY
M Elteknik,ChIJo-LnGt7pXUYRu7rWVRQvzD0
El och Design Sverige AB,ChIJRdjxezlhXkYRxR01ZK8T8rQ
Jörgen Anderssons El i Kolbäck AB,ChIJS8bafpuHXkYRGKiMxVyQClQ
Mälardalens Elektriska AB Kungsör,ChIJayVm5MOEXkYRuUxH8AFMfXk
Västerås Elinstallation AB,ChIJMUvyL65mXkYRaILR4OSrRRk
SN Elteknik AB,ChIJbctIAouBXkYRpH_mNqqiYB0
Eltec,ChIJAQAAwPCBXkYRxq5rdKAPABA
Kungsörs Elektriska Rolf Eriksson,ChIJ701mLsKEXkYR2ONc0KMGEJs
Rikardséns EL-Service AB,ChIJy18915WIXkYRvIDaha31iVA
Kurento El AB,ChIJKz3kA9USXkYRb5hR_6LIX9A
Elbolaget C Andersson & Co AB,ChIJSYh4k9oSXkYRMaA9ghNWysc
GITAB - Västerås,ChIJxVwfZiVhXkYR1VwDWwWy0OE
Ahlin All-El AB,ChIJbXdHbM9nXkYRCDD_OA_rPtk
Helinstallation,ChIJXzB_4phmXkYR4vxRM6VXy24
Trel AB,ChIJF62wzrhmXkYRB_WJAh6ngAI
Västerås Eltjänst AB,ChIJ0UBa7qthXkYRo1FLotRIo9E
Mälarstadens Elservice AB,ChIJszKCwiFnXkYRMu7FzYBI7oQ
Västerås Elkompetens AB,ChIJSf2GjepmXkYR4jT2-Hnchfs
inelia AB,ChIJmz0ILz9hXkYRYcco8naciQ0
FRESAB,ChIJp-qt5w3ZXUYRf4CoZOFKP7E
Bravida,ChIJw8CPK85mXkYRjKAT2dCTDbg
ACDC Elektro - Arboga,ChIJUVTB8oknXEYRKTWv90iUYvQ
Ahléns EL,ChIJQdMEMxOcRgURb95LOcod5GA
Elektriker'N,ChIJkT6g2mFiXkYR7-zoOrjvJo0
Stigges Elinstallation AB,ChIJ_____4-GXkYRCTjl8KumtZM
Kjell & Company,ChIJB84v0jhhXkYRQ_s97hyfY4Q
NetOnNet,ChIJLaQV2M5gXkYR--5FRTUeTfE
Hifiklubben,ChIJC5SpJTlhXkYRr1HBpUM0qis
Batterilagret,ChIJffJv3i9hXkYRcjKhu6xaek0
R Lies Mobilradio AB,ChIJ44BassdmXkYRJoap8uy7puo
PC & HiFi Örebro AB,ChIJKxrSElcUXEYRfbQMM-RhoD4
Gunnar Karlsson TV & Data,ChIJkcinbZknXEYR2fZC8vy45Yc
Teknikmagasinet,ChIJaRCoD0SNXkYRvyV2j1eJYWk
Elgiganten Phonehouse Köping,ChIJDwyh-IqBXkYRp-AOZAMeqHk
POWER Västerås,ChIJnea47pBjXkYRGqa0db7R7Vc
Elektro Aros Elautomation AB,ChIJd_nKBnJhXkYR1vN6kLQmxhU
Audio & Video Center,ChIJr-jIcyhhXkYRQkmCrgNHNsA
Saab Support and Services,ChIJBV3gj26dXkYRDUtPdy8Ghbc
DELTA Development Technology AB,ChIJsSBEgdtmXkYRImi2hmiMJgs
Motion Control i Västerås AB,ChIJ1xtw7y9hXkYRjO1ouGzqNi0
Optoga AB,ChIJLx6M_Y8nXEYRgjJRzsA-Z7M
Innoware Development AB,ChIJqY-n98wSXkYRT9YBlcrzgaw
GPV Sweden AB,ChIJYQm5oNxmXkYRWG05KvHExCA
ScanLoad AB,ChIJ6ZQdtv9rXkYRyp_E2mXAtVI
Elektronik Mekanik AB,ChIJCX23YcVgXkYRwPDK5B26_Hs
Dublico Consulting AB,ChIJWWpx9L6BXkYRGrH_VLaFWA8
K3 Elprojektering,ChIJQzjYWqRhXkYRkYJrdSO3ipE
Allpower Sweden AB,ChIJZyE4c51hXkYROIC0NS7CW0s
"ELAB, El-laget i Västerås AB",ChIJqcy8vshgXkYRtXHmFzKWEDE
Destin AB,ChIJ2WQIFz9hXkYRj7G-mDHOyFk
CDE,ChIJJxD4pxlnXkYRCOfF_o2wT-E
Volth Eldesign AB,ChIJHZ1NEb2DXkYRQukfgzu48-4
Schindler Hiss AB,ChIJvz5OgrdmXkYROr3YLIc3ejw
Nybergs El & Fastighetsskötsel,ChIJVTgSH7xmXkYRdmR-0_qBzI0
Hallsta Installationsbyrå AB,ChIJQdw6sK19XkYRb6o1p6jp6dQ
Västerfärnebo Elektriska AB,ChIJj1_DTbUKXkYRnkOeZPhAO2U
Tuna el & Automation AB,ChIJBT7C1Nt9XkYRiDzkFIkF_-M
PMC El AB,ChIJZ7mRYs9mXkYRQ7oXCyd6CIU
ELis installation,ChIJ712m6GthXkYR7RerBzWNzH4
Granitor Electro,ChIJ_dn8_s5gXkYRRyy-VCI-TiQ
Merkraft AB,ChIJq6oNMClhXkYRdDE_PNdaLro
Westinghouse Electric Sweden AB,ChIJr19dBN1nXkYR3xcRsHyGmIY
Internationella Engelska Skolan Västerås,ChIJdbUma-tjXkYRYiPb1YITv54
Skultuna Plåtverkstad AB,ChIJqfHdcExyXkYRrBiZyxHfqBc
Renovator Innovation AB,ChIJYTxlQhu9X0YRxxXc5Ss7jrg
SLAB,ChIJbQ831659XkYRq-8Qav3ND8c
Mark & Bygg i Kungsör AB,ChIJxZ4bVL-EXkYR8m9COmLfrSM
Betongteamet Riv & Håltagning i Bergslagen AB,ChIJAQAAAPDmXUYRzMcqxwPJBo8
Expowall,ChIJ0adu7MgSXkYRWuMY9jJU88g
Fagersta Industrirör AB,ChIJkUO9If_pXUYREWu25hxlCYE
Monteringsställningar AB,ChIJLUfwiukSXkYRX-Eqk3Dw5FI
N&S Group AB,ChIJAQAAAPnFXUYRbCzR6J3KcPQ
D & E Plattsättning & Betongarbeten AB,ChIJM3j7P31hXkYRWkvajkdEMcU
Nylander's Bygg och Anläggning,ChIJB5C0Px1vXkYRPJSUZ05ucHo
Creative Networks,ChIJ92w3lE1nXkYRTbkb1v15UKQ
Tunby Kyl AB,ChIJp8qe2XBhXkYRjwRZRmskdfY
Environment Construction Group Västerås,ChIJ18lymoyKXkYRp6GmTWgIR-U
JVGP Bygg AB,ChIJ8xmLkOqHXkYRQpHvqrUuHrk
Sala Svets- & Mekaniska Verkstad AB,ChIJ55GOBNYSXkYRC9-X5qRmjpw
Sala Härdarna AB,ChIJ4bSU7coSXkYR6_zw4AGn0eg
EKA Assistans & Utbildning AB,ChIJ1ZEHEcMSXkYRyp3IqinNsyY
Andersson i Köping AB,ChIJix0xKDOBXkYRreraB75jZDM
Ett professionellt byggföretag,ChIJXRNhD_KBXkYRVgq2CU5jR28
Bygg-Ark i Köping AB,ChIJd_hZevSBXkYRyQ1mNYftUDE
Poppos AB,ChIJMbtPhdgSXkYRqx7aFLZXUR0
Kjell Anderson Contracting,ChIJgzG5Qr9mXkYRZfd5NzUqHoA
Hoa Tillbygg,ChIJPahGBf9LXEYRZeuSToVfeFQ
Sala Ytbehandling AB,ChIJsaWT6-kSXkYRiS558azidSY
Markresurserna i Sala AB,ChIJb8e1B9ASXkYRmHAG0Ym7vkg
One Nordic AB,ChIJG87kZTxhXkYRki-7PcVNX2s
millwardbygg se,ChIJwZJxJThhXkYR41d_mg3rhOo
AAK Safety,ChIJSXdWzJEVXkYRrWfqkmsSpYU
Sala Bly Ab,ChIJSZrhqNcSXkYRYokZpTrF18M
Omexom/Eitech Engineering/Infratek,ChIJL2kD9pNnXkYRq9iZcztDpG0
Jonssons Entreprenad & Verkstad AB,ChIJCys-gs8TXkYRhsyYb0kHDNk
Geidemarks Byggentreprenad AB,ChIJu8QxTNhjXkYRZRzeBejfurc
Design och Konsult AB,ChIJ__87ucxgXkYRcou482z7tpk
BODÉN mark & anläggning i Mälardalen AB,ChIJW0RJMOtmXkYRhqr37QxMKnA
Utsättning & Entreprenad AB,ChIJq6qqejtQXkYRhUIASzFPIvo
Björkbacka Entreprenad AB,ChIJA32UBPLmXUYRC8UcDApCVC0
Svensk Vassklippning AB,ChIJg2Zvwc4SXkYRjVY4kGFd-G0
Köpsells Murnings AB,ChIJ41M0lG9hXkYRm17M27fwmm0
Arboga Solcellsfirma - Installera Solpaneler,ChIJlz98d5snXEYRd3W4c6qXcfk
Schaktgruppen i Mälardalen,ChIJc20BeSaCXkYRuEVGOo0W5JU
Bramac AB,ChIJd8TQe-OoXUYRDREvhVqoIig
Åneviks Maskintjänst,ChIJa-sZNS4qXEYRCww9Yd5A5-M
Escape Room Västerås - Quezzle,ChIJsVX-IT9hXkYRd6j1fn7aELE
Prison Island Västerås,ChIJI5lTYTFhXkYRo_r_iOuVovA
Gamla Logen,ChIJjUOtfQCXXUYR4mPlomqTS6w
Ransta Nästa bygdegårdsförening,ChIJi4seqP9rXkYRLz1hszM8qjE
EAT matstudio,ChIJkRztLXFhXkYR7l_YlfTC-_w
Piccolo Västerås,ChIJhxUCkFRhXkYRQmeSeitoiUE
Escape House Västerås AB,ChIJtY2I6A1hXkYRyTnh7tf7k_s
PRO Samlingslokal,ChIJ7RSv75jjXUYR-7A0FWWQRK8
Gubbo Folkets Hus,ChIJAQCEfsybXUYRNGB4J1O_Hkg
The Steam Hotel,ChIJf3hB3iNhXkYRG19fAhinKWI
Stora Hallen,ChIJVWMnqdOUYEYRxjqPrTjw5bg
Orresta Golf & Konferens,ChIJf3jqD6JcXkYRlkjF2PjZ71c
Torps Säteri AB,ChIJ7UYN8C7RXkYR8_oXG8Uunak
Scen och nöjesproduktion AB,ChIJm9PjqMITXkYRIEwkpNjErRY
Taste N More,ChIJJeNNMz9hXkYR0FZPPt9dw30
Kommunal Västmanland,ChIJnZNvURHCXUYRZmUZrftf4sQ
IF Metall,ChIJQU7I9f_BXUYReRTwjI1bLt4
Vårdförbundet avdelning Västmanland,ChIJVVVVVUX1XkYRwic82wx8ibY
Handels avdelning 18,ChIJ9d7GfjthXkYRzO6U5L0AHhE
Unionen Mälardalen,ChIJn48rKD9hXkYRkfXr6_Vk1wo
Byggnads Mälardalen,ChIJS4Y9Mi9hXkYR5C1oNxgBsCU
Abo,ChIJr5pLUrQnXEYRGuobn3t5J7w
Hemsö Fastighets AB,ChIJm5_gryBhXkYRzllmw34JIJ0
Masmästaren Fastigheter AB,ChIJaSVjoUNhXkYR_NwGhwNGUeY
Peab Bostad AB,ChIJMZR3LM5mXkYR5wUFnphE8bo
Behrn Fastigheter AB,ChIJIx_D8B0VXEYRBqLaMcUOqb4
Areal,ChIJ2TBuDNAUXEYRwrsmja2_tAo
HSB MälarDalarna,ChIJGViCo54nXEYRgwzIq1jXldU
HJ Hydraulik Förvaltning AB,ChIJAVvH4Q3CXUYRFVzI10y8_J8
Roy Fastigheter i Sala kb,ChIJSYh4k9oSXkYRVrLS2z8tCKo
Lennart Holmstedt Fastighetsförvaltning AB,ChIJdTGTEC1hXkYR12JfymVoO84
Riksbyggen,ChIJdQFaTQ0TXkYRs9CZ6bRqB9k
Garab i Västerås AB,ChIJOResejdhXkYRuo3SG2YjCaw
Klövern Västerås,ChIJw60M4j5hXkYRs2diaKtT1b0
Wilson Fastigheter AB,ChIJ1QCCo9ljXkYRob-ddzMzrfU
Fastighetssnabben AB,ChIJm_gKogVjXkYR8rgH92ukWwk
Warpmans AB,ChIJi_t3TN5jXkYRc-fyNEJuIb8
Egeryds Fastighetsförvaltning AB,ChIJjfyNBkhhXkYRnEYLgxb64qA
MPA Fastigheter AB,ChIJvz9f_vhnXkYR7y71eAPQmXI
Martin Sollander AB,ChIJA7f6CudgXkYR6_6CXFYW31I
Johan & Magnus Fastigheter AB,ChIJcXTZms5gXkYR9fdlSX1pDFg
Ludvigssons Fastigheter AB,ChIJLyHKl0hhXkYRwYHYXTXQhqU
Hemvist Förvaltning,ChIJj28IasNhXkYRM6o-e3BeHiE
ICA Fastigheter,ChIJR17ZfzxhXkYRL9pC9GZIs6c
Sofienäs,ChIJiybFrhRhXkYRztvxVgV7Wu8
AB Svensk Bygg & Förvaltning,ChIJu4KxVjhhXkYREtoqiXe6VME
Rikshem Västerås,ChIJ8Xygiz1hXkYRsgo8V3Zu-ek
Fastbro,ChIJMwziNHFhXkYRTYRMaIEdN1k
Västmanlands Fastighetsskötsel,ChIJzQ4fBeJjXkYRkKY_ztnzS1E
Kronporten,ChIJrdQvJORhXkYRKKju5kV-TNE
PRAXTER MÄLARTORGET AB,ChIJkxMcRYGDXkYRSkoAxJiRD1Y
Mäklarringen Kvicksund,ChIJkRH_gRuJXkYR0xCHAVdUd50
Länsförsäkringar Fastighetsförmedling Surahammar-Hallstahammar,ChIJ26m6e09hXkYRr6bvpKjffA4
Surahammarshus AB,ChIJxTFHfH95XkYRhqh2byWR-HQ
Bjurfors,ChIJ2WQIFz9hXkYRy53AfolUapc
HusmanHagberg,ChIJYbLQrSJGXkYRwHfIdSnIF50
Notar Mäklare Västerås,ChIJsXTJDjthXkYRQ1OQwxKetxA
Westhem Fastighetsmäklare,ChIJQ0llpGBhXkYRbSUkKrWVB3E
SkandiaMäklarna Västerås,ChIJH7wK1j5hXkYRUHEUxwk3mDs
Kyrkbåten,ChIJVVU5C_BjXkYRfqRaR58Oxic
Croisette Real Estate Partner,ChIJQQ70i69hXkYRpGbNm0HzXYs
Proveloper Ab,ChIJ_yTTIBZhXkYRgt-tbc4BPUk
Samuel Karlsson KB,ChIJfY9PExlJXEYRQ6yeW-JWq8Y
Lars Östling Fastighetsutveckling AB,ChIJAQAAQFBhXkYRUgzm_FzOB2k
Febo Fastigheter Ab,ChIJyVV0GjRhXkYRYpIFc3i5cNk
Riksmäklaren,ChIJc9xdNWM3XkYRd5k5PNu-3os
Genova Property Group,ChIJ1c85FPTLX0YRBzUm2s3jgZo
AB Lokalhusman i Örebro,ChIJr7PPaNsiXEYR6pKqxf2xIrM
Södermalmstornet Ab,ChIJVVWV3UcVXEYR6RQcJFNp0oM
Maria Rickert Fastighetsmäklare,ChIJH6T4C_FmXkYRLXTXrVXQYjY
FF Fastighetsservice AB,ChIJq6qq-tdjXkYRtIbcBaBoe8Y
Fastighetsbyrån Fagersta,ChIJd3M5ywbCXUYRhfOSYc0agJM
Mäklarhuset Västerås,ChIJe8Pj6z5hXkYRYePp6ggctps
Bostada Örebro,ChIJj02QzEYVXEYRFfBTkeP5oac
Svensk Fastighetsförmedling Hallstahammar,ChIJd6_vErF9XkYRBnhWvhwYBBM
Skogs & Villamäklaren,ChIJL9-HDYFLXEYR7yz74I3Ng30
Thailandhuset Svenska AB,ChIJEW34OuYlEYoR6rrprdgXJU4
Installationsservice AB,ChIJl9sMylxhXkYRjNcwmF2vYsc
Bonava,ChIJCRTaurdmXkYRgYvnIpCEChg
Trea Hus Villor AB,ChIJ_ee2M4U5dIERb1m3clqM7XU
Eyra Gruppen & Eyra Bostad,ChIJx2f9-fQVXEYRyTbSP8pEo8w
Stjärnhusen Ab,ChIJVVWpd-MUXEYRS9mDWIBAvMM
InnoBo,ChIJkX5b-uMUXEYR8dMFRo9wirk
Länsgården,ChIJHbDQphwVXEYR43ngcdfpkSc
Kanalhusen,ChIJJ1mJxjaYriYR5HXSvkd-2mk
Ingbofestivalen,ChIJ2Q8HlekbXkYRiYsvk9xNTpU
Västerås Street food,ChIJBToZFt1hXkYRXVruwOqihN4
Berga Folkets Hus,ChIJvbqUd8J9XkYRv7Krf1c6Ggk
Forsby Gård & Skog AB,ChIJAcKakYFlXkYRgu5tqknobHY
Hahrska Palazet,ChIJF0OK5zthXkYRX9bM4crn250
Intiman,ChIJc8gddT1hXkYRI9kQ1cWnrvA
Box Film Studios,ChIJeYpPwURlXkYRJQl0OskHs_A
ProLounge Västerås AB,ChIJO7qCJT9hXkYRB0h63ZQegwg
FilmHallSweden,ChIJX6GjmbTveyQRT1jbM2N4kt8
Stolt Media,ChIJTfh9nYsaLiIR8OhguUvn5NE
Söderberg & Partners,ChIJN1o5__NhXkYRCg7x9Uu8NaM
Landshypotek Bank AB,ChIJD2EQbb8VXEYRIS-o7qF1MAQ
Sturefiskarna,ChIJyW6nFZAnXEYR89Y8Y7OhHOw
Wellness & Fitness by V-Crew,ChIJJ4-6TwphXkYRtePmosN4ck8
Sporthuset Surahammar,ChIJlR6yX0p7XkYRWk9SVoT13YE
EMS Revolution Sverige,ChIJqxTZ_51hXkYRvS022__YSNE
Blomstergrossisten i Västerås AB,ChIJE42Iw7hmXkYRJVUdCW5K1jA
Hässlö Flygförening,ChIJFZX0RJdgXkYRwSAJyeluCAY
Craftstoff,ChIJAYENDlqFXkYRYnfwvh4onN0
Airways Flygutbildning,ChIJLRU7T5dgXkYRb1LxtnOB37o
Stoflight Academy,ChIJk_qWszZhXkYRt-PgI14uuKo
Pilotkompaniet Scandinavia AB,ChIJjYr27lphXkYR-2xh1n_IUlY
Trans Skandic Förvaltning AB,ChIJJZNZZp2HXkYRrrfBcuk8_gA
M&H flytt AB,ChIJdVOETT8nXEYR-TCFvZEdgEU
Talkoo Arboga,ChIJLbt8QyuNXkYRuiAoc8eNQ3w
Flyttfirma Sala & Heby,ChIJa40Y_zwSXkYRjlbDvbhBrAY
Kvalitetsflytt,ChIJW5SFhdljXkYRPQNZ0AmfN8g
Flytt & Stad Tarzan's,ChIJW-wRK_ZhXkYRUPklRFJa8ac
Trygg Moving Flytt & Städ AB - Flyttfirma Köping,ChIJJzRv0HqDXkYR8oa5dhphH-E
Bröderna YB Flytt & Städ AB,ChIJUX-hy0yBXkYR9B6FPzD9X_E
Firo Städ & Flytt (Cleaning& Moving),ChIJPTEnYDKBXkYRfRf-vct8acg
Mälarflytt & Allservice AB,ChIJy-gmkMZ9XkYRwmxVYOoQs3M
Flytt & Städfix Mälardalen AB,ChIJjTzAilqBXkYR0eHfTEuKt3Q
Svenska Foder Köping,ChIJk0UOoiCCXkYRHZWvIobVNL4
Kulturreservatets folkhögskola,ChIJHyUzyhjJXUYR4nxzswVTRG0
Defix digital & webbyrå,ChIJP94liW0nXEYRCAS7ogeUv1Y
Skultuna of Sweden,ChIJHUnqENpRXkYRkzJhx11X7OA
Banana design solutions AB,ChIJp4YTJyZhXkYRXr_ozV01ikE
Swedish.Design.Art,ChIJ9eHImNjQ4KQRK0mo-pvpRng
Små Stories,ChIJu2i15z8aMAgRSemgcpFSMcI
Kvicksunds SK,ChIJE5avWtmOXkYR2OMx-sU5pms
Hallstahammars SK,ChIJt4Y-6wR9XkYRk_L0Qw3dmmo
Östervåla IF,ChIJ3WJYqt4gXkYR4RP5uBMqfwY
Kolsva IF,ChIJJ6wlIfotXEYRm59uOMXq4Dg
Kungsör BK,ChIJcTWsdtqFXkYRKyKIUt5CFEI
Västerås BK30 Fotboll,ChIJiwynnzFhXkYRmTfGXbV-R2I
Västerås IK Fotboll,ChIJZaXiHz9hXkYRnXNIOzmN75M
VSK Fotboll,ChIJYSbiQ1JhXkYRSQOvqb2B3b8
Kolbäcks IP,ChIJ6ct6lY6HXkYRwu0SzDNYRO8
Riddarvallen,ChIJ1d6HDs7JXUYRO7gEeVs1r-U
Marmorvallen,ChIJj1EV8g8lXkYRhJ3hsZiBecM
Kameraservice Kungsör AB,ChIJi_Ekh-mEXkYR3fjiXnO3Czk
Fotograf Hans Holm,ChIJhcE4sNtgXkYRlJ_5eVWTKDY
Bilberg & Co I Västerås Ab,ChIJ__9oW9JgXkYRJirJwwawFr0
Fotograf Per Groth AB,ChIJwd34tRZkXkYRV2B7bLLKkP8
Helen & Roger,ChIJvYVyWlphXkYRQSc8_848pcg
Studio Vera,ChIJ43xP1RoVXEYRlyjb-gDZapQ
Fotverkstan Kvicksund,ChIJOxgiCoGPXkYR6nN3CLLlFj8
Fothälsan i Sala,ChIJbY8G3-ATXkYRCqLfCqL_-fs
Sura Fötter Medicinsk Fotvård Surahammar,ChIJ9SYkdxF5XkYRzwyseP5EDN8
Nasim clinic - Fotvård Västerås,ChIJiT7CaeFhXkYR-cIGbqQ93M0
Springflickans fotvård,ChIJGxuxyfqBXkYRoqIzApHGhYE
Blåsbo Fotvård,ChIJ0fnc1kVhXkYRtT_q4qcTF4M
Hand & Fotvårdskliniken,ChIJqbNls85mXkYRpTzY_5ToZFw
UPS Access Point,ChIJLQxAgyx9XkYRdCMQhRJp-c4
eMag AB,ChIJsyMGA6x9XkYRNO_Oik_PizQ
Åkeri AB Bengt Södersten,ChIJz_MS8_OBXkYRiTHRUniqTBM
Ingmars Transport AB,ChIJa4qHcsRmXkYRNIp3DdCF8A0
Mälardalens Kylfrakt AB,ChIJvxBpcs5gXkYRhfy3hQ-PVUg
Aros Fjärrgods AB,ChIJ-4T1iMhgXkYRNM84cy1x1bA
Fraktkonsulten Logistics Västerås AB,ChIJTd6X3b9mXkYRz_vGVEBOb-4
Modus Operations Ab,ChIJg0zz1TVhXkYRV8TK-9cW0bc
Lone Star Shipping AB,ChIJ9XzwEI_2XUYRaZlibN73FN4
BudXpress,ChIJawXFmDphXkYRB_MU3iXW5DU
Instabox,ChIJ04L7lHsnXEYRP4hzt26OYRs
Kraftdragarna AB,ChIJz4ARLHhhXkYRHFDYx8F8XVU
Naturkompaniet,ChIJmzG1HKRjXkYRE1Eq8SU_lbc
Outdoorexperten,ChIJWzKjIclgXkYRNtTAFUiivF0
Cricket online store sweden,ChIJAyrTKrSTfEgRSfQx864-oJE
Skulpturparken Ängelsberg,ChIJm5Of1p3dXUYRH0LDkcvtEnw
Saras Salong,ChIJo5_eyKEsXEYRd9__Mx0-wHs
Slingan Vid Torget,ChIJ1b80FouBXkYRblkR-i3oGE0
Salong Lillstrumpa,ChIJJ4LQIMUSXkYRAYX5zGsGQHI
Frittes Klipp,ChIJs9is-M8SXkYRhZLdxBsI9h0
Hair by Em / Eö Salong AB,ChIJlUxM0D5hXkYRnam5LWQEKJ4
Salong Trend i Västerås AB,ChIJd6i5rd9jXkYR72G71Z8HRO4
Salong Balsam,ChIJMYaahVZhXkYRCBoeCme7y5I
Aqva,ChIJSR2iDT9hXkYRiRwXDNmJeRU
KLOAK,ChIJgSqobj9hXkYRrnAaWWjxWgY
Hair Center Västerås,ChIJPT7f_uthXkYRKXBeQonZu5M
Portvakten,ChIJ5SstlWphXkYRvI17lb0ySR4
"Naturalis, Aveda Frisör",ChIJ58wQAkhhXkYRvxKlwVGBsCA
Looks & Books,ChIJyVqhz5thXkYR9XgNGF3XUQY
Salong Exclusive,ChIJq6qqw_xjXkYRvM8X3ncZo4Y
Hårboden,ChIJFQdP7iWGXkYRWoHmQ9XiH7c
Hårpunkten i Västerås,ChIJg_oRwD5hXkYRY2wtf-tERsM
Salong Struktur,ChIJLUCPSMUSXkYRzcfSt_3Zbg0
Salong Klippstudion i City (britt),ChIJafMfn06XXUYRfoS0w1_hfRE
Pompadour Lounge,ChIJNwAllzhhXkYR5JJWApJOWiI
Carl M Lundh salong/Aderans Haircenter,ChIJs7N6IidhXkYROD3H-i4Y8mQ
Salong J,ChIJp2__q2InXEYRxPDfMO45O8U
Hår & Beauty,ChIJX78zU0dhXkYRLYHPfx4U2VQ
Sax och Kam,ChIJ2ZkC99RgXkYRRpRAW4IL3tY
HåriForm i Kolbäck,ChIJBVjeIIOHXkYRgDlSRsLyCJo
Johans,ChIJz5JaL62BXkYRqyVycTdLucI
Frissan,ChIJbctIAouBXkYRsBR-nLiwNX0
Salong Stadskronan,ChIJV8eHyYuBXkYRkm0AWQq6yiY
Nikita Hair Sala Galleria Sala Torg,ChIJ21N4asUSXkYRVd1yp7J2lMA
Salong Fixit,ChIJF5weD78fXkYR5JRcwxWZyJk
Lilla Salongen,ChIJuczAOTdhXkYRfwyvAhJTnMg
Salong Johnas,ChIJ8-SWQz9hXkYRap5_ECECTyM
Salong Stora Gatan,ChIJmTFQTCRhXkYRKrwtoBOuaDM
Salong Linnéa i Västerås AB,ChIJN71yhEdhXkYRA6UyDvcow1I
Style,ChIJL14w4jlhXkYRxv3BDaQXdKM
Salong Hårväxt,ChIJYb4HE0BhXkYR1WNN8mJ4kbI
Maroc sax,ChIJpxsWJc9hXkYRyNgUiei35Hc
Salong Soledair,ChIJtV71sfFhXkYRZ9i0kxLBQFA
Adam Frisör,ChIJ_ZRrwFthXkYRaoKrE0UHcrg
Självfallet - Frisör Västerås,ChIJq8_zNJVtWkYRs67elC2RbMU
Le Dive,ChIJkaYztj5hXkYRS5JSbD5hZmU
Studio Oliv,ChIJi_3x8xBhXkYRmeVRBymr4ic
egoista,ChIJafj46h9hXkYROL_sw3r3l3c
Salong Complete,ChIJRSH8e-BgXkYReD-XJ2L8sOA
Salong Violett - Frisör Västerås,ChIJbyXCjz9hXkYRFiGNAwZQg4U
WAU Fagersta,ChIJ-TOLqTvDXUYRop_aUIZFUsY
Salong Vasastaden,ChIJbXWDlWphXkYRjCcghG6iCeM
Salong Amir,ChIJ5REaiTdhXkYRAdBx6w9rEfI
Beauty By,ChIJLXjnyEFhXkYRNR69K_OJXFQ
By.Wallin Frisör Hallstahammar,ChIJGTWBeId9XkYR6BU4g-4BeE8
Hair på Nygatan,ChIJ3We9nx0nXEYRosJ7fQNBC08
Hallstahammar Hårateljé,ChIJZetebvF9XkYRu_568QpiKfQ
Linlugg,ChIJwUaz4i0TXkYRyF92elEI9Hg
Västerås Paintballförening,ChIJ46FA9BVkXkYRErAwkAvmGL4
Fruktmolnet/Västeråsgurkan,ChIJe59Fn7BgXkYROBn49iDqnbM
"Bergs Äppelgård, Köpings Musteri AB, Hallstahammar",ChIJG-rToP19XkYRuRP9Zdg5uSc
HÄLSAN i Köping,ChIJy3XtTTKBXkYRvPVjUCtevEM
Skultuna Fysioterapi,ChIJVVVFHEllXkYRmggFWopKTR8
arbogafysio,ChIJ3UFpnwgnXEYRdmVTSh371wg
Vigör Rehab,ChIJFU0ZWIUnXEYRDDtICoyhYHM
Tinafysio,ChIJ235WfMnPXUYRZgAHreNtfbM
Human Movement Fysioterapi,ChIJmYhb2j9hXkYRWbsrVrVeQxo
Idrottskliniken Västerås,ChIJXwVt7U1nXkYR_WjyhpNK6xo
MyPhysio AB,ChIJR0d7rQlhXkYRKG7ZYv36cmI
Sigurdkliniken,ChIJRXtwWtRhXkYRIqOZMNXNX-U
Rocklundakliniken,ChIJo2opNXphXkYRUt_n3YIrhCY
FYSIOKLINIKEN,ChIJLyHKl0hhXkYR5_eVDmepQFc
Nordic Equicare,ChIJfTvFP1Ua_a0RxpkWU5dLcyU
Sjukgymnasterna På Odensvi AB,ChIJG9e_0ypnXkYR2qzJlP12UuE
RBM Physio,ChIJFakUm7FhXkYR0EtfU4gBGWY
Kriminalvårdsanstalten Hällby,ChIJ_____8-OXkYR60Wmr--Tt24
Connectbus sandarna/västerås,ChIJkZQDJE6DbmoRZJPVNpzJ8DI
Essem Färg AB,ChIJW2fGes59XkYRwtXiT1toV4k
Måleribolaget Köping,ChIJmwvRXYqBXkYRT-Tpu2nS_4U
Happy Homes Sala,ChIJGY0D7ScTXkYRfUpiAWdYbCo
Färgriket AB,ChIJVVVVVaUoXEYRU-gqcSLjj3M
epok Byggnadsvård Heby,ChIJuxj42zwVXkYREJXOQMZg97s
Rulles Färg AB,ChIJK04nt9oSXkYR9zxY1utVGq8
Lackzon AB,ChIJSUmnSXsnXkYRjQaNCUIRZO8
Nybergs Måleri & Färg AB,ChIJl7w_x0LpXUYRyxgAtuL-mHU
Teknos AB,ChIJhyX_uBVIXEYRgOkCs2cUMN4
Färgdroppin,ChIJoTyXCveBXkYRMTcpV_VkUsE
Happy Homes He:s Färg,ChIJY1pwKFQUXEYRtyvRF67T9wo
Mal Proff Västerås,ChIJlybLI8BhXkYRpaiJuhHHvBg
Färg1:an,ChIJVVUVTieCXkYRZe4vCfHpmPU
Colorama,ChIJfeHreDwTXkYRuUjPGoifNEE
MPA Måleriproduktion Coating AB,ChIJmcdnO8VmXkYRPUmwVjuFjew
Flügger färg,ChIJ-4mVvDKNXkYRUylTTWoPB-s
Caparol Färg Västerås,ChIJ60Dt1i9hXkYRQMOa1q2-GOY
Mattsson Metal,ChIJeTTHO4KFXkYRDgrJYEsUse4
Morups Fönster,ChIJY24ny3ZhXkYRdBzNkRBnOIU
Mockfjärds Fönster,ChIJE-bTkL9mXkYRQ6hhwFOqUiE
Pedersens Fönsterputs AB,ChIJ7weWrj5hXkYRdDbDh2s7zho
Vannerberg Fönster AB,ChIJGxgphDljXkYRJuGVzUNDc20
AB Fina Fönster & Spröjs I Västerfärnebo,ChIJy79EYDF1XkYR6N_svpYeK5o
Norbergs glasmästeri,ChIJkZNJ-9zoXUYRh8GNrs1fzSE
Ryds Glas AB,ChIJ-wNIUCeCXkYRrAk5vsviwPI
JW Solfilm & Reklam AB,ChIJSQvSvgFhXkYR05g_z_unS_o
AP Wraps Västerås,ChIJx0SGr41jXkYRD5aoGv6fNMM
Västmanlands Ridsportsförbund,ChIJdRiMqcmHXkYRYFdSeMCSkPo
L Widén AB,ChIJX3Hq1XIKXkYRASwON6BGgjE
"Hallstahammars Modellflygklubb, Hallon Raceway",ChIJTS5rSRB9XkYRS4476U-uhho
Köpings BTK,ChIJAQBURgSCXkYR2vBrkaX2Moo
Västmanlands Socialdemokratiska Ungdomsdistrikt,ChIJR17ZfzxhXkYRJAgB5zOIWPI
Funktionsrätt Västmanland,ChIJY-rZcetjXkYRGc99PA71y3E
Skultuna IS Fotboll,ChIJHc4DJ0llXkYR0KWMOH13KZo
Destination Strömsholm,ChIJ27TXWzKGXkYRn49_jdwOZgY
FMK Arboga,ChIJW9iD6IAnXEYRDquVw_8VGlI
Föreningen Arboga Medeltid,ChIJibtbueknXEYRtNNA0DmBA1w
Meken Fastigheter AB,ChIJFZzEAKiMT0YR6u-0VEwzPYw
Åsby Gård,ChIJc9I0_widXkYRrk4LfX7OD3E
Fagersta Idrottshistoriska Förening,ChIJydB0R4LpXUYRlZFOscf8PHE
Västmannagården,ChIJby1i5nLdXUYRg_CwICOtvv0
DIN Förening,ChIJ4eqK_G9vU2wRDBKvvjyyHFw
Åkerbo Häradsallmänning c/o Ekonomitjänster Gattinger & Magnusson AB,ChIJVVVVVQUqXEYRE0gS08Mz-B8
hyresgästföreningen,ChIJS5eaAk2BXkYR5NxVngnus0Y
Köpings Brukshundklubb,ChIJy5RuvuIpXEYR0Gvh2juyjdA
Västmanland Turism,ChIJ8YEL1SthXkYR15C_Ypxp2Ic
Mij Transport AB,ChIJrzf9IrB9XkYRWNQZlpPIQpE
Odd Fellow Rebeckaloge 92,ChIJXxlM5QuBXkYRN-OynJjEhDY
Amd Anhöriga Mot Droger,ChIJmSE3sTthXkYRD-A3-LsNdoM
Nätverket för Byggnadsvård i Västmanland,ChIJadA8O5F3XkYR_xpmiWjHHgI
Att Trygga Sexuellt Utnyttjade: Atsu,ChIJS5Ar2_xjXkYRICpcWJcB7eA
Gideonsbergs IF Fotboll,ChIJC_xS82JhXkYRCI_aJQZ0D-I
Birth Rights Sweden,ChIJVVVV5bX1T0YRCFOJfWTG8ts
Västerås Friidrottsklubb,ChIJjfaxuSRhXkYRU8W98XKayxU
UNIÃO DOS VEREADORES E CAMARAS DO CEARÁ,ChIJ2-VIGcUSXkYRjeaPfvoSpzI
Surahammars Herrgård,ChIJHUz2e3F5XkYRqACSnYNCfH8
Västerås Schackklubb,ChIJda-ivz9hXkYRx5csqMpoBOs
Nätverk28,ChIJr2QYU7JhXkYR4rCw-1Z9ggA
SAFI,ChIJRc8dgSVhXkYRuGnEHg2o-SQ
Västerås Allmänna Schackklubb,ChIJHbEM3WBnXkYRlLGbYy5IXgU
Svenskt Näringsliv Service AB,ChIJ6QbbsT5hXkYRUbXXVEgH-pc
"Mälarstadens konståkning, Västerås",ChIJW02V7UZhXkYRGpnhHMpOAqM
Västerås sjöscoutkår,ChIJP8FcKRhhXkYRl2lpePGhZTA
Vs-Hus,ChIJSyts6UBhXkYRLVfFMkwS3yw
Fastighetsägarna MittNord AB,ChIJDeeav0FhXkYR5QZr-thsBnE
Röda Korset,ChIJbRqkh7bkXUYR55KvI1Oqxc8
KFUM Heby,ChIJPYijzGE_XkYRyIRGLG02GL8
SAS Flygklubb,ChIJK5B9Q5dgXkYRa-RZ5uyU8ks
Aros Motorveteraner,ChIJyZ1orZxhXkYR_axsAU7aNHo
KFUM Freden,ChIJ6Wp7WiaGXkYRotwfT6aTVyo
Svenska Bordtennisförbundet,ChIJxeQPaj-dX0YRuI69YwyUMXw
Svartådalens Besökscenter,ChIJ-ZlQpjV1XkYRLwcdAlgA4kw
Badelunda Hembygdsförening,ChIJURV9O7pnXkYRyEeWngRXPh0
Knäppmora AIK,ChIJLyc1pOdNVmQR2JmpZ5GxvdM
Engelbrektsloppet,ChIJn-wCc93oXUYRo7PUQjtbpcY
NDT Training Center,ChIJkwd_medgXkYRHVFncl7IVT4
Företagsvolontärerna,ChIJKVLBkTJhXkYRBpFsNdz9TuQ
Västerås Comedy Club,ChIJM1NVTgNhXkYR_05v_Bwfc1s
Univentum AB,ChIJZ7MIwEkUXEYRRv9TUZ0nTQk
AV-Projektering AB,ChIJZ7MIwEkUXEYRMuO8NnOOR1s
JDZ Promotions AB,ChIJDTKxP35jXkYRWyiOl2WmbBA
Bra-aw,ChIJp3lT_zhhXkYRX273lUADVeI
FOMA Consulting AB,ChIJ5WwI7sx9XkYRNJHVAJVhwjA
Västerås Industri AB,ChIJn2k_zBlhXkYRwNb4yx703fM
SVETS & SMIDE [Aros Mulit Process Welding],ChIJRTAe0ulhXkYRuu1WsyrfPT4
Tunby Kontorshotell,ChIJ__9P_a1mXkYRPz9Te0Iv8hY
CaSTELLUM,ChIJ13XsXzphXkYRey4Kf-YZTvg
Benteler Aluminium Systems Sweden AB,ChIJ-6MpQ69uXkYRgtKXq8qlYKI
Kanalhuset,ChIJrXabM8l9XkYR1HzqpdATv1g
Falck (fd Previa),ChIJXyWerSyDXkYRG2nJCARFvtM
TACTIC Företagsförmedling Mälardalen - Gotland,ChIJHVa_ogtnXkYR_bXkAsyOYn4
Kungsörs företagspark,ChIJVWeF36WFXkYR107XHgBtzkI
MG Park Eskilstuna,ChIJabfAa7WNXkYRbra9tJlZQxE
Alvar Management AB,ChIJM2EpvVDPXUYRq-THTjSve1k
Aspia,ChIJQ2RtBJknXEYRBgqXIPyGSyM
Promittere Redovisning AB,ChIJ8RwYz8ASXkYRb5_dWu8mXAw
Payroll Sweden AB,ChIJLQJPoVujgmoRxLP_sV_qi_Y
Malte Månson Verkstäder AB,ChIJ43Brt8FmXkYRxJD62TUz0DM
ABAX Sverige,ChIJnbyTmTBhXkYRM-Z3NkFvt34
"Enerco Industrirengöring, Västerås",ChIJDdh1SGlhXkYRn4Efk1YNdZY
Bröderna Jakobssons Smide AB,ChIJnyuIvF4rXEYRmQpscAFzxIs
ISS Facility Services AB,ChIJY8dLFTnDXUYR0T0l5dSnCzo
Caverion,ChIJ3ejqEbZ9XkYRRcTLkfj3_R8
AJONI,ChIJAeEVP_n3q0gRRyDUs6oodsk
Idrottsförlaget I Västerås Ab,ChIJ-VVOhdljXkYRLBPUfQa4hNw
Obygden,ChIJvbgU1Fs3XEYRIHCgL9pTWEE
FNR,ChIJ84HMzg1AXEYRzpS1rb4qE1w
Solör Bioenergi Utility Solutions AB,ChIJhx2SaEfFXUYRR6G8uUwqazg
Solcellsdelar.se Västerås,ChIJ-V1dSjVhXkYR31VyYlU-UBE
Nefab Packaging Sweden AB,ChIJda9zVk5lXkYR1xG1DoDnH78
Foldy Pac Nordic AB,ChIJv058fE5lXkYRdN4tyegWZC4
Equmeniakyrkan Östervåla,ChIJJe8WoukgXkYR2lQgmnvnrRU
Föräldrakooperativet Solkatten i Arboga,ChIJocoCcJonXEYRfJWL2VLod-Y
Norrby,ChIJE_fPoQ7CXUYRXO_Pzl6psas
Eskilstuna Friluftsförskola Tumbo,ChIJ7y6NofePXkYRFBrrj2ATp9U
Dibber Bråstaborg förskola,ChIJpfRD3gLMX0YR1UhTw2PW0-Y
Föräldrakooperativet Abrakadabra,ChIJxWUEMs8SXkYRbVNBd5807f0
Liljans familjedaghem,ChIJBZkEf6hlXkYR1CZL6jNmKJA
Förskola Fjärdhundra,ChIJJe5VhVFBXkYR4dKmWVZ5vMU
Förskolan Hjärtpunkten Skiljebo,ChIJm4Ms5NRgXkYRNriqJNGWN5U
Förskolan Gläntan,ChIJqXWgczMlXEYRx8ElRy2yIfk
Djäknebergets Föräldrakooperativ,ChIJh1s9gkNhXkYRcnq1hjmAGRg
I Ur & Skur Förskolan Boken AB,ChIJcz2XP9RmXkYRL4dLJtCn01E
"Lilla vi, Ansgars gränd",ChIJUbl6OftjXkYRdL8bFFSCFxI
Solgårdens Montessoriförskola,ChIJL8JaEFhhXkYRjikn2m8Z3io
Förskolan Pärlan,ChIJjeOPOkthXkYRD7O1VmHuW5E
Iqra förskola,ChIJS5Ar2_xjXkYRoGsKFA01aLU
Ekokul på hjul,ChIJq6p7f6FmXkYRRI0xmb07G-o
Förskolan Lek & Lär I Sala Kommun Ek. Fö,ChIJrTzYnIo-XkYRFcqSCKpVE68
Bergakottens Förskola,ChIJ9aE1lo1dXkYRX2gH897hIyE
Förskolan Tallåsen,ChIJa0EdMywHXkYR7tOfhBTfAIE
Förskolan Tuulas Troll AB,ChIJi0OJWGZhXkYRB0nK0Ot5FbA
Idrottsförskolan Piggelin,ChIJOXWCLuhgXkYRewd_gqW4Yck
Förskolan Tusenfotingen,ChIJ8zi5729hXkYRWN6Tajlyqz4
Apalby förskola,ChIJCWDgSKxmXkYR-nM4o1MJc8o
Förskolan Gunghästen,ChIJBX8uVf1jXkYRYHH8C99MfTQ
Skrindans Förskola,ChIJ-ejBL_ssXkYRK13Cm0qTfOI
Förskolan Zodiaken,ChIJxeltGkxmXkYRxBCwCOCcW8E
Klockarbols förskola,ChIJo-4vB8cyXkYRO4DdMDETHLI
British Mini förskola Borsökna,ChIJ7_95wSqTXkYRk2dgNXpScG4
Busbolaget,ChIJW3qXcFyIXkYRFEUbfmHDDto
Förskolan Skattkistan,ChIJo-yBEShhXkYRxqmfeAVV1lA
MB Förskolan i Västerås AB Tummelisa,ChIJ16GmXCdhXkYRazk4FnY8ZZA
Äventyria familjedaghem,ChIJnYBaKYxfXkYRM84-DrttTV4
AB Kolibri,ChIJmRAzsjZhXkYRd7CccCqPKvQ
Förskolan Emilia Öst,ChIJAewSut1gXkYRyYQPPyJ0bb0
Förskolan Russet,ChIJW4nhgaFmXkYRDl9Om5BgAlU
Norlandia Förskolor Inspiratören,ChIJl8OVOWBhXkYRNjK4kkcjr0Q
Förskolan Saltkråkan,ChIJC9hNHK9mXkYRkQOu6Fvmd9s
Förskolan Hagatrollet,ChIJjwN2u9NmXkYRContrddDLkY
Josephins Lär & Lekhus - Familjedaghem Västerås,ChIJbZiwYLZjXkYRfidzQ7ogfbQ
JENSEN Förskola Tillberga,ChIJhS83-NhnXkYRQygyx5rD0uk
Folksam Västerås,ChIJKWIO4z5hXkYRhnN9NXcI0co
Skandia,ChIJ_____-IUXEYR3sD4ImRW_sA
Visenta Insurance,ChIJ_8nbukudX0YRDp6ZIFa1LxU
Virab VVS Produktion AB,ChIJtf2U0NljXkYRsRswCB4x-Mg
Dalviks Kvarn Butik Löa,ChIJ4aWJUAGuXUYRnOqYXywzS-E
Josephsons Kakelugnsmakeri,ChIJkwm6NstjXkYRZlH0KEjN3y8
Fautras Hästtransporter,ChIJVVVVVayNXkYRhCEI8vMurE0
ALFAB Service AB,ChIJj4gxnLFgXkYR2xmS10yqGIY
Torstensons Hästtransportcenter AB,ChIJcTfAwhRdXkYRicYDIBoVS4s
Kontorsmöbelhuset i Västmanland AB,ChIJCz_38VGBXkYRPrtZEeD-W-U
Input interiör,ChIJV46YeDBhXkYRi2B-oHEqtog
Kinnarps,ChIJZVkWViRhXkYRlTj2Va9uqR0
Creoform Kök,ChIJ7TFqHJhmXkYR-NZDOFVZTvk
Kvik Västerås,ChIJC3N3eSpjXkYRzrbbLCei5Hg
Puustelli Kök Västerås,ChIJj5y_nz1hXkYR29evHASRaKU
Mälardalens Trälackering AB,ChIJ24b4ys9gXkYRTfL1PE8-N9o
AU Mälardalen AB Pocitron.se,ChIJ-SVv06R9XkYRQEVdcw4mMN4
Kvistberga Group AB,ChIJxcQSc493XkYRE7psl_n13E0
Första hjälpencentrum i Sverige AB,ChIJK7V3BJ9mXkYRIsU8epdCNdo
Handtec AB,ChIJl4mJmyJhXkYRKA5VFhfftIc
OLSSON MEDICAL AB,ChIJo9D6arldZwsRn419n93ZGno
Sala Förrådshotell,ChIJt7WUPMUSXkYRu5kL-msmXuI
Kraftmark RMG,ChIJfwePbM9mXkYRgoG-oLPk1yg
Förvaringsboxar Eskilstuna Centralstation,ChIJD-i-O7TyXkYRrjjv_vKKJO8
Eget Förråd Bråtebäcken,ChIJpbBEOWexXEYRaGoW8UVNBiE
WTS Västerås Truckservice AB,ChIJr5pFJ9BmXkYRlUZKMYJL6LQ
Garageportexperten,ChIJhyNlD85gXkYR19oUC4Jhb0c
Arboga Gardinaffär,ChIJC7F9bpknXEYRoe049zlQn_o
Citrinen HB,ChIJN0YxfdUJXkYRhFeVYHBJRvk
Garner Å Sånt,ChIJtaY3q74TXkYRi5SWRJIV_-g
Tärnsjö Garveri AB,ChIJxc6iU8IeXkYRi-AM5yVLY_o
Linde försäljningsställe gas,ChIJg2iTkFsnXEYRnQYCNPDWMp0
The Bishops Arms - Västerås,ChIJxeZcST9hXkYRN1LwwVqxi4c
Arboga Koloniträdgård,ChIJiek2Dc8nXEYRh6fSAw_8NmM
Assemblin,ChIJ45P7ixXCXUYRb3zhdw_uUPo
Assemblin,ChIJZSq3LPaBXkYRt15wlEHqZNA
VårgårdaHus - Thomas Singelman,ChIJJ-RSPYZhXkYRU-58-tnAsxw
Carlssons Glasmästeri i Sala AB,ChIJA5l0Z9oSXkYRbsY9Pp3d4PY
Tom Smith Studio,ChIJ5yUi7PEgXEYRVXbHx6ovJqo
AB Beckers Glas,ChIJN79lcZ4nXEYRwkV_vt05w8k
Collstam Innovation AB,ChIJFU0ZWIUnXEYRCN8PC8mMeKQ
Björkmans Glasmästeri Hallstahammar AB,ChIJ_____wh9XkYRwI1bFmHxK4Y
Enköpings Glastjänst HB,ChIJ1wOu8CtQXkYRom1m3p9BXqM
Glasman i Sverige,ChIJKXc-3_c_XkYRnPok2rhr5QY
Mälardalens Glas & Montage,ChIJ24b4ys9gXkYRrGFx0rn06nI
Jockes Glasmästeri,ChIJG379FIWHXkYRlS2UHOvGcxU
Götlunda Glass,ChIJ3d7xnPojXEYRbfVpRGf4OyY
Kandyz (Delicato Outlet),ChIJHe0cqdEnXEYRj9ru8uRWBQw
Hemmakväll,ChIJ82097T5hXkYRtv642KIhXao
Karamellfarbrorn,ChIJ8cDW2klhXkYRpRxH7S1K9g8
Go Banana,ChIJa2ECcGBjXkYRIXdConkBrBo
Kvicksund Golf,ChIJNyQKZL6OXkYRDpKjFNnkW4Q
Edenhof Golf,ChIJpz_PyRkzXkYRHRys8pDRLtY
Arboga Golfklubb,ChIJIwGBScMmXEYRWhTRb8lkDM8
Strömsholms Golfklubb,ChIJa21G8L2HXkYRYe7xXQIBCYE
Ängsö Golfklubb,ChIJexuQIXpZXkYRyZmCqqlOxFc
Västerås Golfklubb,ChIJ_X1_w_1jXkYRc2yURcpuC4Q
Fullerö Golfklubb,ChIJGzkcwZRhXkYRL0piuvwIwak
Fagersta Golfklubb,ChIJ622pwoPBXUYRMavsAJnt7L4
Surahammars Golfklubb,ChIJ1c6iCH95XkYRG-S1SpRfdis
Köpings Golfklubb,ChIJ2dWuumUqXEYRulg2Sbh8lhw
Skerike Golfklubb,ChIJuToXfHJkXkYR2WnEtGpuYKU
Golv och betong i Sverige AB,ChIJHwXPD1drXEYRb6oZQTcb4DI
Golvcenter Interiör i Örebro AB,ChIJk7CmDsQUXEYRMbJxahY29qY
KIGAB Kumla Industrigolv & Byggservice AB,ChIJVVVVxdwUXEYRQxJypBd2LLM
BBM,ChIJP4p0N2l-Z0YRS2wzN57ihIA
Ytteknik i Örebro AB,ChIJhTrsO5o9XEYRyWmW2qkXNII
Golvexperten i Örebro AB,ChIJVVVV-d4UXEYRL2AOok_sSNE
Vretstorps Golvservice,ChIJW56peSoNXEYRkgTz6N2YmEg
Färgstation Nordsjö Idé & Design,ChIJC8DcEPyoXUYRBvFj4yIXajE
Måleributiken i Örebro AB,ChIJ0zUOi8YUXEYRT3sZaUUAHFo
Golvpoolen - Västerås,ChIJ__-_lcBjXkYRSyYI3cZyVC4
Slipkungen Mälardalens Golvteam AB,ChIJ7VWoCYyAXkYRjpCed9q4Txw
Mälardalen Slip och Golvservice AB,ChIJE6BNGS9hXkYRsHPhS9CarWs
Kammerer Design,ChIJGUqAk2VhXkYRHetHLHTl6aE
Henry Kvist Grafiska,ChIJQx08vc8eXkYR6O7sclKykUU
Märklig Design Studio,ChIJF3GwmUwpiQkR8K0YCnZ8-V4
Aros Granit,ChIJuYwpm3BhXkYR7x3pa7DAlaQ
Restaurang Athena,ChIJv9lNRpknXEYRdb3_Pyu9YI4
Grekiska Grill & Bar,ChIJ1_KMNzlhXkYRi6-9d-qGL8c
Marin Kolgrill Hallstahammar,ChIJ_d3zwTl9XkYRU0bpygk1aF8
Konstlist i Heby AB,ChIJyfYh1ZMVXkYRA3Cgd1SjzuE
Surahammars Oljeprodukter AB,ChIJrf1Ustd7XkYR0ussJI7X2-E
Scanglas AB,ChIJQ_CkM0rIXUYRuatDD4aAjNI
Mälardalens Frukt & Grönt i Västerås AB,ChIJ88USjzBhXkYR-OTMIeu5Qbg
Grönsakshallen Ingvar Johansson AB,ChIJE0KUEcFjXkYRqoatVMTmfdE
Menigo Foodservice AB,ChIJ_5MZfW1hXkYRN-_IlpPfEzc
Bevego Västerås,ChIJm4QaONhjXkYRprVI18cdpGk
Hemsidan-Design Trade AB,ChIJVVVVVYXCXUYRZHNArmrthts
Dagab Inköp & Logistik AB,ChIJGx5LpssUXEYRjDYtxTISorQ
Dellbacks äkta matglädje AB,ChIJBZrye8VhXkYRmzmQhmfxdnc
Gocciani Västerås,ChIJ8Q1JGzdhXkYRZD8vyOJRV70
Provideu AB,ChIJVVVVVUX1XkYR8YTGK1DgHv8
Rexel,ChIJVVVVVUX1XkYRjOsiX4GOue0
"Tejpgross, Svenska tejp- & sportgrossisten AB",ChIJtzQe9zBhXkYRDPVhJhyXgXA
Floorworld,ChIJyUSprCCCXkYR5PfACEMhDIQ
Lundagrossisten Västerås,ChIJiTw2_S9hXkYRhofOnL1Ya28
Dahl Västerås,ChIJh6YKiDBhXkYRw5qL1GoeOKk
Cards and more Sverige AB,ChIJjSIlDsQUXEYR52suZED65i8
BioHealth Nordic AB,ChIJSSyvlhoVXEYRCXsQ4xlDs_A
Elektroskandia Sverige AB,ChIJ8xUeCLdmXkYRcunT2Yqfks4
AlfaBryggan AB,ChIJB4dOJeqEXkYRTFwPG3iaWQ0
Brookhaven Instruments,ChIJ03T1jhCi7EMRnxYAlxnPUp8
Feetcare.se - Firma Anders Eriksson,ChIJV38LUJwTXkYRFk8VQTB9f38
Livv AB,ChIJmU6e7rCbX0YRX7IPpTrdm2s
Hygienteknik Sverige AB,ChIJy3HCyttjXkYRdPHJnXPG1vE
Medåkers Friskola,ChIJFVhTeuMpXEYRfJBOhsrC1AY
Lindgårdsskolan,ChIJB7vrVxHCXUYRTnR6HQMgreY
Entréskolan Västerås,ChIJxXp3k_xjXkYRDPLcVbb1fJg
Västerås Montessoriskola AB,ChIJDVO3-EBhXkYRCU8K6M9M8NA
Grundskolan Äventyret,ChIJ8QY0AdJmXkYRdZfJFGKM7tA
Noblaskolan Hagaberg,ChIJq8leduxjXkYRI5QfIGNQfD0
JENSEN grundskola Västerås,ChIJm4Mq3UdhXkYRCMHEqcrdWg0
Nytida Familia,ChIJywiHSAQTXkYROMs4tPOMwJY
Vardaga Granen,ChIJ3Xk63XthXkYRSM8O3fKryOU
NCC Ballast Norberg,ChIJLXGMJDTvXUYR37kt68I_jkg
"Svevia krossanläggning Kolsva, Köping",ChIJdeXK9KwtXEYRQRq7SzY4sFs
Mimerlaven,ChIJP2x398PoXUYR2PB6Kp_a40c
Robotic Lawn Care Sweden AB,ChIJ76nKqmzCXUYRE7bmYrn1DX0
El-man Skog & Trädgård,ChIJdd5eGs5gXkYRlMlyAIq3oqY
Täckdikningstjänst Johansson & Söner AB,ChIJrXIqLJknXEYRdFlpnmW4Zkw
Östervåla Gräv & Miljöteknik AB,ChIJAdmD00IgXkYRLjBF3quVL5k
Rå Riv Entreprenad AB,ChIJq4XZ-WrDXUYRaognFklcdR4
H Mark & Entreprenad AB,ChIJl_MuampjXkYRzNAjzxyvEtc
Roland Gustavsson Grävmaskiner AB,ChIJwSADK_iBXkYRVAkJDlJ2taQ
BTJ Entreprenad AB,ChIJt73nbhljXkYR5Y97FTbvMiU
Mson Entreprenad AB,ChIJO5q6nCCTtUARuzxbR5Cnvg8
Hydraulgrävningar Lennart Karlsson I Västerås AB,ChIJI5fdDi1hXkYRxhgamSSPeig
Karlsro Mark AB,ChIJ030jg1eIXkYR-gB8NE3jZWY
Dua Entreprenad,ChIJpcNW-VCpXUYRT__3mzmlJHE
Markservice i Hallsberg AB,ChIJJZ-7PWAMXEYRmHHpyWitp4U
N E Widerström Schakt AB,ChIJd-EhMOtmXkYRBfvlZt7yyd0
Smycka,ChIJiSc_cwHCXUYR8XAvbM5AZJ0
Västerås Guld,ChIJu80v0jhhXkYRnYU0dj-6N1w
Skräddartorpet (SK TRIM Virsbo) - Friskvårdscentrum,ChIJ3XyowKHfXUYROTx_bYqbD7s
First Class Gym Fagersta,ChIJmWzBTBLCXUYRSrcG8nzJtCo
Parken Fitness Fagersta,ChIJR4eygP3pXUYRtdedqotNb-I
Surahammars Hälsobolag AB,ChIJq6rquXp5XkYRDoMAjhja8Vs
Active Morgongåva,ChIJ59HhNWA-XkYRHccma2HLMrY
Östervåla Strongfit,ChIJf3H3uPkhXkYRo1mpTblUKTo
Friskis&Svettis Klockartorpet,ChIJ0XbgMsphXkYRfSSwQVSRObE
Skinnsbergs Atletklubb,ChIJKWhwcmjPXUYRSKI5KjfEiqk
Pump Gym I Mälardalen Ab,ChIJQdg_IqAsXEYRmnT7yg7RBvs
Gym 1337 Health & Fitness AB,ChIJ90e6-NuOXkYRAQlQ11qd5YI
Speed & Cryocenter Västerås,ChIJKXY_wZlnXkYRq1glaRPdFvM
Nordic Wellness Västerås Öster Mälarstrand,ChIJKx1dElphXkYRgXufcJge410
Gym1 i Fjärdhundra,ChIJbQL9gH5BXkYRYxrBVuRNcQo
Cf Arboga Ab,ChIJu6drXqMnXEYR5ZIMIkuF7AI
Crossfit Mälardalen,ChIJi5gMtI-HXkYRg5CacSWzVYw
Bergslagen Sport Center,ChIJqYo-5eaBXkYRLR4_0kpR6ro
Norbergs kraftsportsförening,ChIJAYQ0wt3oXUYRogyPo8dZkAk
Norbergs utegym,ChIJ27sOrM3uXUYRsIZ8NNsi7mo
CrossFit Walleye,ChIJGz2RcM5gXkYRAkaH9fHMGgU
City Gym Arboga,ChIJ8-PrzZgnXEYRbWRL_LCYSac
Active Gym Fitness Sweden Ab,ChIJpT3fssMSXkYRrR-vQEXePZY
Md Gym 2.0,ChIJO4y168x9XkYRscc-p6owsDE
Gym 34,ChIJ8QG2NG1rXkYRmeyorT6HZ-Y
Hedströms Wellness,ChIJiTdKd0BzXkYRhtkjRsZkzLY
Factor Gym i Västerås AB,ChIJwclC7DhhXkYR53TLLRjLd3k
More Than Training,ChIJvaejefdhXkYR60eHO-eZDPI
Beyond the wall cycling studio,ChIJM9mcr2xhXkYRt7DWI40DdJc
Hawkridge-kondition och styrka,ChIJoWzJw7xnXkYRSU9jgVxbMP4
"East Gym Östermälarstrand, fd puls&Träning",ChIJP9zACOBgXkYRT0GmuY22VlA
Industrin Gym & Friskvård,ChIJBzJ2AuJnXkYRTvn9AL7OyTI
Micom Fitness Partner,ChIJ0zsQ7ANhXkYRUYnPUBuCOwE
gym80 Sweden AB,ChIJkc5bJThhXkYR1r04EJzBdyY
Västerås Ju-Jutsuklubb,ChIJu7-JMc5gXkYRIjaM5O5l8h0
J.Malmqvist | Lic. Personlig träning,ChIJj9ja65BgXkYRLrQccC1jsjY
Wan Kam Leung Practical Wing Chun,ChIJN6k2EsVhXkYRp07XYwnXe18
Colluseum Club,ChIJv_nKxTuKXEYRUgGt_3Cr1zg
Gävle Kraftsportklubb,ChIJdW1xMe7GYEYROL5Uhi-4N3M
Silverstadens Kampsportcenter,ChIJPZ2tg88SXkYRH3DKSnTGQTk
Actic Hallstahammar - Sporthallen,ChIJIRhr38h9XkYRDkKl0k5iKSY
Boost Sweden,ChIJj4gxnLFgXkYR0v2FD2MDHs8
Fitness24Seven,ChIJ93oTUwHCXUYR4yB1DL_kda8
Itrim Västerås,ChIJAQAAkD5hXkYRl_pzD-hLY5M
Saheq Wellness Center,ChIJNYvt9el9XkYRC_BT5tOUN1g
Member 24 Västerås City,ChIJAQAAkD5hXkYRtF6JAPXsu6c
Sport Performance Center Västerås,ChIJLW9LTmphXkYR5ULzndHlYkY
STC Arboga Glasbruksgatan,ChIJjy7Z948nXEYRcdex2zp5Djk
Designgymnasiet Västerås,ChIJ65Sfv7VhXkYR2f68QalDiP8
NTI Gymnasiet Västerås,ChIJPxw6cjxhXkYRAUB9PK-PK78
Västerås Citygymnasium,ChIJOS_fC9BKk0MRXIsCXfzK7E4
Hitachigymnasiet i Västerås,ChIJ9-29MtpmXkYRDWjINvwpGVg
Mälardalens Ridgymnasium,ChIJP2XS7pRgXkYRZSg18qjDztI
Klara Teoretiska Gymnasium Västerås,ChIJje68jj1hXkYR5v4AEvFcFVc
Praktiska Gymnasiet Västerås,ChIJQQo6UCRhXkYRW1hbeLOO-N4
Västerås Gymnastikförening,ChIJk47r6q1mXkYRqyeQp0cvUpM
Sala Gymnastikförening,ChIJNQOzJ8ISXkYR_AotATpE3o0
Valstabacken,ChIJmwg4XeIJXkYRhA8tUhpB-Xs
FNC Flex Närings Center AB,ChIJXWWWGBhPXEYRixadKMSbBHs
Jula,ChIJT2epLMFjXkYRw7FSfG-pvGY
Lenas torgcafé & mat,ChIJvbgi0NeFXkYRxtrKwEjvms0
Bastard Burgers,ChIJ-yidU91hXkYRsKkyrNQbZjo
McDonald's Köping,ChIJG_a61vuBXkYRa15wZsdjhQs
Max Burgers,ChIJF6Pw8iVhXkYRF5kCYFBKDac
Brödernas,ChIJDzm87-xhXkYRb-QhLqaPm3Q
Hamburgeriet,ChIJgfl9wwNhXkYRwhbmCY1ijVM
Hamburgerbruket Örebro,ChIJr84iqREVXEYRV3zVAOt-Zts
Sibylla,ChIJS9W1VRLCXUYRJWShPBnehn0
Handelskammaren Mälardalen,ChIJKy4JgzBhXkYRbJ85XM3h7tw
Cityväskan Västerås,ChIJH7wK1j5hXkYR69F-xMP6jro
Hannas Träbildhuggeri,ChIJmfS_IoeHXkYR4A8fcVA5sUY
Ordenssällsk W-Sex Västeråsloge,ChIJvQJ9dD9hXkYRE-2MKYy_O2k
Kolsva Sadelmakeri & Tapetserarverkstad,ChIJzQmjwZ4sXEYR1tHmtRHGlig
Skultuna Bruk,ChIJ21Fu_jVlXkYR-oV0kcmTuGE
Varuhus1 Fagersta,ChIJQVS6gRHCXUYRHDW4qxFkiow
Enerlite,ChIJq6p-IpknXEYR9BXwtGKvjoQ
Trendmöbler Scandinavia,ChIJsy-I-oN3XkYRrMLEG12ky0w
Madame Slitage AB,ChIJDyUWb19lXkYR5QQmtU2nuz8
Returbolaget,ChIJ1RHcLbdnXkYRD0q8Kfm400Q
Lasses loge i Nordankil,ChIJP-qgCuYPXkYRE8KElpt4r18
Newport,ChIJAS2Trz5hXkYRoMpF00DNqDk
Kök & design i Köping AB,ChIJWzc1CvmBXkYR89k8or0cquk
Elkedjan,ChIJ13w7cAHCXUYR1RQlueRz3N4
Hemtex,ChIJ7weWrj5hXkYRbWRUInkZAHo
Drömrum Sweden AB,ChIJeaKxaIF3XkYRNlvzO2-3wdk
Skinnhantverkarna,ChIJuyMHcY93XkYRhxp3KPntI5M
Vävknuten i Eskilstuna AB,ChIJaQOdNLbyXkYRcef6Ok5vN2k
Garn och väv mix i byn,ChIJp0x6_XQvXEYR3_hOR8CrGw0
Toms Corner,ChIJ6Ud4lV1hXkYRwWMupF44CWc
Lagerhaus,ChIJr3-MKatjXkYRj4GRhHHMFZw
Hantverksgruppen Sörmland,ChIJAQAh0EuNXkYR0HggxDthEf0
Annika Carells Keramik,ChIJyZQtk0BhXkYRgBX_URJfhrk
MIDAL,ChIJWyxMXeRhXkYRfVPvLtOdaz4
Clas Ohlson,ChIJT5PGPbljXkYR3S53U8-fQyA
Graphia,ChIJnyHfpMfmyEcRLmzNsYXw9Gk
Alsindibad,ChIJEYLLBIuBXkYR3HMvJ_xxSLk
dekortorget,ChIJw6Ca7_fePmcRwMzEMNEHGBc
Cotton & Wood,ChIJLyhKpSXEDYwR4tx3rjq7-7M
Cervera,ChIJETmeW2ZhXkYRsaxBBH_82bY
Inova Assistans AB,ChIJAQAAQM8SXkYRCyXzjsTsXL4
Continuum Hemtjänst och hemsjukvård Västerås,ChIJzSZf-5VhXkYRwRIvCovhum0
Team Olivia,ChIJA_2tM8l9XkYRF9oCY4nAzWc
Allas vård och omsorg i Mälardalen AB,ChIJcx28fS5QXkYRjrv4jVD41e8
lycka omsorg,ChIJCSkT_5DQtSoRFgQzwOgzZZw
Urban Och Tottes Barbershop,ChIJG17w9DNQXkYRKYVC6ljZ-u8
Linde Moderna,ChIJ-8EktbRJXEYRIimKCct31JI
Studio Glans,ChIJAeKPvl1hXkYRW0yqOp51nI8
Volt Erikslund,ChIJ7yxG8rhjXkYRGzioR8n5VcE
Wagner,ChIJjarUGLljXkYRvUCFzrd5xWQ
JACK & JONES,ChIJRWPUzThhXkYRnBebUnP4tJQ
Dressmann Hälla Köpcentrum,ChIJLwEoLbZgXkYRJdx_MXvc7HA
Brothers Västerås Erikslund,ChIJi1KxHbljXkYRPtE1DwJ30zA
Kennedies Erikslund,ChIJM4YVHbljXkYR522CNF2qkUw
"KONE AB, Västerås",ChIJ8c8PeSVhXkYRx4pMu5LjspA
"Nordisk Hiss AB, Västerås",ChIJyZrAgd1hXkYRUZchy3HDOfY
Kägleholms slottsruin,ChIJvyI0sZQ9XEYRKOexPKK4k_0
Minnessten Spanska sjukan,ChIJtS1Fgy5hXkYRjlrO3a7EbDs
Harakers Kvarn,ChIJm9CH8thvXkYRw5Yb4nbTXzw
Runestone U917,ChIJyZKWHSEzXkYRULf5heaLfmI
Strömsholms kanal AB,ChIJG_-myi2GXkYRidcOkQvLyhs
Bruksmuseet i Fagersta & Bruksmusei Vänner,ChIJoSsVmQHCXUYR-OErkLEWBkw
Engelsbergs Bruk,ChIJVc8v7Z3dXUYRPQBrbGxAYiI
Wadköping,ChIJr9ahIv4UXEYR9b50M99yLXk
Skinnskattebergs Hembygdsförening,ChIJSdHPgVPPXUYRant6DYV7_eE
Varsam AB,ChIJ6ZeOnj9hXkYRqb-7-g28R7o
Panduro,ChIJRWPUzThhXkYRtAVDlbb2EnM
Timmelsta honung,ChIJOZiUFxWJXkYRbeSjerAyCaw
Ciccis biprodukter,ChIJUYCQscktXEYRjFjfgSFuvYI
Enebopark AB Medåkers Bin,ChIJM387CzkvXEYRyN-5NFkkBOo
Hällby Honung,ChIJRYOfAg9xAIIRXOBTugKnvAU
Kolbäcks Gästgivaregård,ChIJD18iioSHXkYRAe5kEzdVuaE
Skultuna Brukshotell AB,ChIJYfwljUllXkYRkjmyk3_pk0A
Comfort Hotel Västerås,ChIJH0kqoT1hXkYRhwubSnm8Qd0
Hässlö Hotell,ChIJ4Zk2tZZgXkYRQDqfwVgOJ6c
Comfort Hotel Västerås,ChIJSYOSTz9hXkYRNLK2hjoXXsg
Scandic Västerås,ChIJKQpZhyVhXkYRdEH7cH43dWY
Katrinelunds Bed & Breakfast,ChIJR3Wl_DdhXkYRQSML2b31Y_8
Tinget Sala,ChIJfym_jc8SXkYRNpLMPVsOPe4
Hotell Station AB,ChIJJzenPTTFXUYR0tl5q3ujPVk
Bergsgården Hotell o Konferens,ChIJ-Z0k4ahSXEYRi1DskvmpmXQ
"Radisson Blu Hotel, Uppsala",ChIJY-bcAvfLX0YRp53v_Z0yH6s
Best Western Fagersta Brukshotell,ChIJAcKX-f_pXUYR474S1ohu_xQ
Quality Living i Västerås AB,ChIJk-aJtQphXkYR8ujoBvAOscc
Hotell Silverborgen,ChIJ4RtxOl4TXkYREyfpRB8IK6U
Hållvisen - Rum och frukost i Vittinge,ChIJ7X2CKS85XkYRC5-FO5k7knU
Nadden Hotell & Konferens,ChIJo7vu9ZR3XkYRYn0LEUx-_lw
Lindesbergs Stadshotell & Konferens,ChIJR8PjyURJXEYRmeK-swhgwA8
Vandrarhem Uppsala Centralstation,ChIJv2uvkfnLX0YRWX9l0q8AlPg
Lifetime Clinic,ChIJBeNFIDhhXkYREwUqOAqs8nQ
Theas Hudvård,ChIJoXVgvhxhXkYRPp3suRXvf9k
Hilda's Hudvård AB,ChIJxRZIMBZhXkYRivI79EuwDBw
Athena Hudvårdsklinik,ChIJuUm9aihhXkYRdloJBmhtdF0
"Västermalms Privatklinik & Dr. Esterblom Aesthetic Medicine, DREAM",ChIJAQBw1DhhXkYRGJc82rEH8Kc
Min Gård's Hundpensionat,ChIJP-k4goOHXkYR3B5v_zOkjjs
Happy Dogs Hunddagis,ChIJ9Xlahs9gXkYRaqL87GAfnzw
Vickans Hundcenter,ChIJCyZAVNZxXkYRFSAK7L3Tabw
Önsta Hunddagis,ChIJPeSbv6dmXkYRG01SETJLwYI
Arboga Hundpensionat,ChIJw58VsaElXEYRRhWhmeALhTw
HundHjärta,ChIJl9eMC3phXkYRVxSVbjlFU0c
Löfs Vardagslyx,ChIJtzNCpw4NXEYRq5wOcJTfFMU
Cattis Hundtrim,ChIJed6fK_eBXkYR6fXiivtQIAU
Hallstahammar Brukshundklubb,ChIJs_csaf98XkYRR8ekI_dL8Zc
Arboga Brukshundklubb,ChIJfWOnWWAnXEYReTTP84pc9W0
Hundkontakten,ChIJrUIUsScTXkYRSnGnIVNMtgI
Hundkurser,ChIJ23sB_-5bXkYRR74kWFwvQdk
Ek:ens Hundtrim,ChIJyTaleNonXEYRliXG4jc9sMI
Rosenlund Hundtrim,ChIJP6kMsFchXkYRcD4SZ0O7jrY
Hundfrisör - Rara tassar,ChIJo-uNH9ElXEYRUAhs1xxwIq0
Trimmis Enköping,ChIJcwuUPChQXkYRdISj2-pqg8k
Majas Lilla Hundtrim,ChIJF2uloxETXkYRuYnxY5Phq0U
Malins Hund Hälsa och Malins Hundsalong,ChIJK8qGHvyHXkYRNOIbs89XsIY
Lisas hundhjälp Hundpensionat,ChIJV_215205XEYRNFn2SWbDZRI
Älvsbyhus AB,ChIJL9TffMR2XkYRY1_W54ae-xA
Trivselhus,ChIJ4Sy7jj9hXkYRjbeBLgpigoQ
SmålandsVillan - Hustillverkare Västerås,ChIJB1wEmT9hXkYRrsvz0y2zC24
Eksjöhus - Bygga hus Västerås,ChIJ_6Z6QIhhXkYRx-DwflfzhsQ
Anebyhusgruppen AB,ChIJbWMpTDlhXkYR5ih00Rbl8QA
Borohus Västerås,ChIJK1nZaB9hXkYROLVvgp1bHkM
Småhus,ChIJVVUoZKZmXkYRvxTuJIBF5t8
Bra Hus (husfabrik),ChIJU-CsQ4l-Z0YRe1uPwFIcT7w
Götenehus,ChIJWbfsU_hnXkYRdnR7DCGJMZc
Myresjöhus - Bygga hus Västerås,ChIJi_-HpzthXkYRdsBiltwuQys
Intressanta Hus - Bygga hus Västerås,ChIJj8ySSDlhXkYR2BQhqRCtH3M
Aroseken,ChIJRUutWD9hXkYRLTOwmF3ZUts
M & M Caravane AB,ChIJR66l-8tgXkYRQv3LIeTN-J0
Salboheds Bygg och Anläggning AB,ChIJg2uC8uxmXkYRlTdJ565vw-E
Stutab,ChIJx7TXWzKGXkYRUUUuZSGQFiw
Västra Mälardalens Kommunalförbund,ChIJl0U24viBXkYRMrvJ7xjpt0c
Job&Talent Västerås (Jobzone),ChIJSRZq0wBhXkYR2y8i7hcxbEY
Norra Västmanlands Kommunalteknikförbund,ChIJr39-IADqXUYRN_Z5Yv5yQVQ
Satcom AB,ChIJV1ANp_eBXkYRME5nS0MHgXk
Riddarfoto,ChIJG6_epUnIXUYRb0CYFc38PPM
Rewot Entreprenad AB,ChIJCbSHaZknXEYRHKSstPDY0Sg
eklundh.com,ChIJaxYPh9ljXkYRGKtKemrOMt8
Units Auktioner,ChIJCVBx88tDXkYR1sgLkYOmnwI
Horsewagen Sweden AB,ChIJVdRWQUfDXUYRrRrrsLWNmmA
Bellestore,ChIJR8wVJtNhXkYRPi5F1QX_6Qg
Terra-plast,ChIJzfggoqRsXkYRz_XXmOUMkxo
Kids Brand Store,ChIJd-bilHBjXkYRD26ECiIAZog
Bills Reklam AB,ChIJb2H4OJ8sXEYRQlezI8R2fe4
Transtronic AB,ChIJgw05EvaBXkYRDxjt6aBR7ZQ
Powder trans ab,ChIJcaY_TS-CXkYRDxqFiUgCJXA
Teroc AB,ChIJ7aVdCpkqXEYR-fRzBz3HjXo
Maf Sweden,ChIJVVVVJT5hXkYRba1mQ4Nabqc
PROSE AB,ChIJvcs39j1hXkYRVyj8pPNsjjU
Fujitsu Sweden AB,ChIJF_DvDjphXkYRBwYocKKFMf4
H2M,ChIJ7Sg_MzdhXkYRy96FHiV22Is
Virtual Manufacturing Sweden AB,ChIJH16pZPCBXkYRoMwTMD421Z8
DEKRA Industrial,ChIJPzwd0RXCXUYRYQd7AxgQQy0
Ekonomibasen i Västerås AB,ChIJTZ32mjhhXkYRER2FN_mVBmQ
Håbeco Protection AB,ChIJf88vDG1hXkYRo_WFhKOktQI
Kjell A Östnes AB,ChIJi6ijYV1jXkYRiHKh9bgbX4w
Distrilog,ChIJy-Jad1lhXkYRWbDapvgOfjw
Advokat Smolander AB,ChIJzTXGtiJhXkYRDNYb4ufbAHE
Studsvik Scandpower AB,ChIJaYMphxxhXkYRHvqb1qQaUhM
Mälar Trading AB,ChIJ5aJJeYVhXkYR8c8hzgrBwqI
HiQ Mälardalen AB,ChIJ3ZKbCzphXkYRr60aIIOF5uw
Intertek,ChIJVc-zmCthXkYRaS28sXGAHwY
Archus i Västerås,ChIJ20qRBjxhXkYRAWl2ChzyGkY
Nirsberg,ChIJE8B-UzlhXkYR4dbmIUT3GaQ
Tillberga GrannskapsService ek för,ChIJQwUPSUxmXkYRuvgJZBit68M
Snickarna AB,ChIJG2og3dljXkYRuAlUMRws1fI
Projectconsult Mälardalen Ab,ChIJ__-vkm1hXkYRnAEBGCk7YF8
Kytölä Instrument AB,ChIJAcu_Ac9gXkYRkMcNXo__do4
MaskinMäklarn,ChIJOdJHBzVhXkYRa2VMDbDiueM
Svensk Sågverksteknik AB,ChIJYe13tvSBXkYRoRBb2AzXsMc
Hallsta Symaskiner,ChIJD6TWL3F9XkYRh9Kvx9zU1Vw
Hasta Bygg Produkter AB,ChIJw8p67fwhXEYRhZSizuWGyes
Vibys Islandshästar,ChIJuw2OCwsoXEYR-nGbHlmS8MA
Beautytown Cruisers,ChIJz0bdfP3pXUYR6ADzU20B0Y0
JLs Bil och Husvagnsservice,ChIJUYm8lAl9XkYRaFjJftBOL4s
Edvin Anderssons Rör AB,ChIJ1dgwvzl9XkYRIk7YgJ_216s
Guttsta Källa AB,ChIJl8vDUHMrXEYRX7d547cJ77M
Calderys,ChIJGV0VkPUpXEYRaDR9rmJcK84
Sokigo AB,ChIJD3MEMouBXkYRJfAPBBBSZqQ
Spinnin Wheel AB,ChIJz_MS8_OBXkYRMiX3FQJCWTo
Bjurenwall Laurea AB,ChIJbxGyFI-HXkYRbWNZhrqCBFc
Aros Sport Media AB,ChIJrQ-Mmk5hXkYRmF5aImjqiY8
Pliktgolf Sweden AB,ChIJoX46nnmBXkYRiXXyCxmD0W0
Lugnet,ChIJASo_oX_HXUYRVChRnBL2IXY
Mipro Projekt AB,ChIJ6zL2CewKXkYRahbiDR-HrPA
Västerås Betongpumpar AB,ChIJQ2yYg8ZmXkYRnIud4kcElqs
Cassandra Oil Technology AB,ChIJh7vEWXFhXkYRZ72BEosU9rM
RAMS Tech AB,ChIJGyDCADxhXkYRdwOdkAtWtYY
Z2Tech AB,ChIJQcsNBT9hXkYRDqs37BS_1k4
Volvo Group,ChIJlScLO2GDXkYRpfGdaw4jCbQ
Saab AB,ChIJxzgEpG-dXkYRUQv9QHN38M0
Nexer Group,ChIJNytO2JdhXkYRS6q2g0_DbjU
Hallstahem,ChIJj3hIbbF9XkYRdTkkm3XBG0o
Liebherr-Sverige AB,ChIJWWJ5qLFgXkYRLZr2gz6MW50
Linde Energi,ChIJPbaaP2hJXEYRERzLPHuSBVE
Mälarhydraulik,ChIJP6y-zyaCXkYRRt0Jnat23O8
Bostjärnan Förvaltnings AB,ChIJC9pcGDlhXkYR5xmiC1aQ98A
Kvarteret Hulte Bostads AB Mimer,ChIJURflvjlhXkYR1pH0_MWR3M8
Timber Tall Building,ChIJC2GyOIBhXkYRUXxHbncESsc
True laser,ChIJRaYb5mF7XkYRLM4ldnawdIQ
"Laser & Estetik - Vistabell, Filler, Läppförstoring & Laser hårborttagning",ChIJw60M4j5hXkYR6k8dH-gUOB8
Lyko Erikslund,ChIJfzI3w7hjXkYR6-dEm658Sok
KaZe Life,ChIJe2LNJlNhXkYRc9jdJJuqxKo
Hälsannbyme,ChIJBf4-WiplXkYRN_AaX9aZhRs
TCM-terapeuten,ChIJGUVkZJonXEYRRGSQu2VTPJs
tuvali,ChIJUajhoqRlXkYR9cRl-GR6S5M
Life Arboga,ChIJkcinbZknXEYRqMgJTA1buQ4
Harmonikällar'n,ChIJ2beDo-yFXkYR0SN1CV33xpU
Naturapi,ChIJR6yBq6LBXUYRPJxSrMjC8TA
Holistic Life Västerås,ChIJ96XQyLxnXkYRhFIJpbxnB8I
NapraSpa Anna,ChIJBQYThD1hXkYRVKYFtyTnC4g
Skandinaviska Ayurveda-Akademin HB,ChIJgwWmmTqdX0YRl4yDGMW1dMI
Viljan Asperger Centrum AB,ChIJAfZxH4B3XkYRF0Y_ZnUTnNg
Vita Tranan,ChIJbaI-t3Z9XkYRQ1szGMftTQ0
Caprino AB,ChIJSyFPW4phXkYRpE012yktYu0
Equicoach Sweden AB,ChIJVz8m3Md_XkYRjkDih1fNYUI
Ulrika Gabriel - Healthy Human Resources,ChIJc3iC8qhhXkYRCJjUo-4dVxM
Xtravaganza,ChIJzQT7mDthXkYR5hTrS0xGOiE
Kick Your Mind,ChIJBZLq3zhhXkYRIa6r3I5304Y
Bodytalker,ChIJiVUxri19XkYRqCWzqPwVBWY
Matsvision AB,ChIJWac5FAJkXkYR0z1So_L8sNs
Annica Hallström Coaching,ChIJa8-hwWqhqQERGwTyLla0M1M
Cidrona Konsult - LifeWave X39,ChIJ-4b4IqiJXEYRiW6cPhIPNZQ
Wellinger AB,ChIJ19wGF5thXkYRGe3zdxZJKrU
waugecoaching,ChIJ95Tro21hXkYRaif7zIO3ZVs
Munkens Hälsa AB,ChIJ9RS-ZVZ7XkYRSwpfBX-rexk
Hälsokraft,ChIJ68GsttoSXkYRz9Nh5ucne_U
Hälsokosten,ChIJQQ8W5z5hXkYRLvsyBND__ac
Västerås Sorg & Stödcenter,ChIJZ0lq5FdhXkYRY7ogU70S2XM
I.M Health,ChIJK1VHGO9hXkYRDguc0NPTG7Q
InLively,ChIJ3x8foxpfXkYRueFg_GPoGGs
ErgonomiCenter i Västerås,ChIJZ2MIJrBnXkYRA09bZ5dr3Gk
EMJ HÄSTSPORT,ChIJqSUQCoEVXkYRizsyoSMTMmA
Hippofeeder,ChIJLwEWAPcnXEYR3JygGJH8NE4
Glada Hästen i Spiltan,ChIJIXA-q89gXkYRb3NCVEg5iis
EquiKraft AB,ChIJfWhZ5EzTXUYRFxdyysSHdd4
EquiOptimal,ChIJNeo8N33dXUYRcPNuvl2ZYts
Equus Pro I Sala AB,ChIJsdh6ciJrXkYRk9k3I8KxN5o
W-House Equestrian,ChIJ0z8aV8DoXUYRwkto6mn33J4
SWUS,ChIJA-j7iMZlXkYRFvmQnplWWdA
Holmbo Hästgård,ChIJOYi99_BrXkYROvPpYshB5R8
Affärshögskolan,ChIJwyepzwNhXkYRnqAGCtXFud0
Fellingsbro folkhögskola,ChIJ47LEkbsnXEYRC_CcR4TOASI
Västerås Idrottsgymnasium AB,ChIJZaXiHz9hXkYRotLPBAmU808
Kunskapsgymnasiet Västerås,ChIJpY_-fTxhXkYR9guMzCz-H6U
Grillska gymnasiet,ChIJAQAAkD5hXkYRhoMaAvN61c4
Realgymnasiet Västerås,ChIJfRzTfTxhXkYRP2rkpZDY8rA
VBU Smedenskolan,ChIJJaiK9U6XXUYResRV7FbyxtM
Duveholmsgymnasiet,ChIJdWLiLr-3XkYRJ_C6GX6C_T8
ClimbWorks Yrkesklättrare,ChIJjw2sLFXtCEcRXj1ugmho07M
Rotary Distrikt 2340,ChIJ52_6K72BXkYR9j_skVZ_v8k
Kolbäcks Hembygdsförening,ChIJSzQO7syHXkYRwi67Kpod4_8
Västerfärnebo hembygdsförening,ChIJLbbDNbx1XkYRK53qg7LtjMY
Shadowplayers Spelförening,ChIJY6SdgrN9XkYRIA6Ut8ShNWQ
Skultunas Scoutkår,ChIJdSHVN0plXkYR5VZ4W3QuHAA
Västmanlands Ornitologiska Förening,ChIJh3m-lNBgXkYRS_UfgaE6wGM
Västerås IBS Ungdom,ChIJ_5MZfW1hXkYR5kNS0oTi8h8
Sala-Heby Fotboll Ideella Förening,ChIJ52MqULsTXkYRbzIPliupmXY
Västmanlands Hembygdsförbund och Fornminnesförening,ChIJO8pKXTxhXkYR9S-dcNvezoQ
Valsta Banan (Busta Banan),ChIJq_6SZeQrXEYRD7yKnW1lxDk
Studieförbundet Bilda,ChIJOeLt7sJjXkYRzdD8-DSfJYA
Vittinge hembygdsförening och hembygdsgård,ChIJJ1GpckQ_XkYRau59XA8S5kU
Tillberga Bandy Västerås,ChIJZaXiHz9hXkYR9K8KoahgcUo
Västerås Brukshundklubb,ChIJWyJXe75gXkYRSf5haJfOXE4
NoviOcean,ChIJE8B-UzlhXkYRS4KBgUiCbOg
S:t Örjans Scoutkår,ChIJe3uIAHRjXkYR1AQVGVHB8g4
Västerås Wargaming,ChIJA44FbkBhXkYR1SNqh39tpvI
Hökåsens Scoutkår,ChIJd1Y-RuVmXkYRuuXJlWV4ShU
Vandrarringen,ChIJAQDMYRBkXkYRrGM81VDadIM
Västerås Motorklubb,ChIJ7QDeSzphXkYRrTVxvv_6uKQ
RF-SISU Västmanland,ChIJXa8ljNdjXkYRvuA8VGmPIu0
NSPH i Västmanland med Hjärnkoll Västmanland,ChIJucuVkQphXkYRn7Ahjw_NkCA
CirEko,ChIJr-tsNzdhXkYRdlwGDaas6Mc
Fritidsbanken Sala,ChIJE8421MQSXkYRaYDgmdjNyU0
Sjöräddningssällskapet RS Västerås,ChIJCxYD5d5hXkYR06edFE1Ofuc
Sala Rygg- & Idrottsskadeklinik,ChIJaVkNX2sTXkYRuGcDQFdaEzU
Muskelcentrum,ChIJQU4fSS1hXkYREx_QqF1rM3I
Stjärnkliniken Västerås,ChIJm7KAvgNhXkYRUBv75Ff3K40
Lindmark's Larmteknik,ChIJ6e6I7LdmXkYR2taa3OzsjEo
RA Säkerhet AB,ChIJVVVVFbBmXkYR4108hKJPpzU
Laxmi Indisk Restaurang,ChIJJemFNTlhXkYR-3KihhYVfUo
Flavours kitchen,ChIJwRL6NoxhXkYR5iolUOPRqlI
Nojon Moni,ChIJb9_nKTlhXkYR_kZXQ-IZKNA
"Thailammai Indian Food , Delivery and Take Away services , Kungsfågelgatan 7, Västerås 72469",ChIJgWmkv11jXkYRWYoKeLp_ptE
Styreg AB,ChIJZUbh2IFPXkYRGwLlFxLtX5s
Edsborg Sverige AB,ChIJt73K-JknXEYRekUPWKlJYt0
Kadesjös Ingenjörsbyrå Aktiebolag,ChIJlek7TkdhXkYR-V-HOgcwaxg
WSP,ChIJK6Dhjz1hXkYRy3UOjL09cB0
Addiva AB,ChIJ20qRBjxhXkYRDTJhj8B2xu0
Koteko AB,ChIJF62wzrhmXkYRslxir74TXx8
Q-Tagg R&D AB,ChIJByZ8gzphXkYRpy9oFl7iSjs
FVB Sverige AB,ChIJyZ9f6bdmXkYRKFZHnizfvlw
ENT Energiteknik AB,ChIJbWMpTDlhXkYRw0N4_y3gBYU
ETAB Industriautomation AB,ChIJA3w7RiVnXkYRBVfXd7iHU0w
AFRY,ChIJx4BqWCdhXkYRy0pF1P3xeAg
Intec Mitt AB,ChIJh4oUDPphXkYRJuqp-0Fxv2Q
Ramboll Sverige,ChIJwbdNYhVhXkYRSqo5kIb77DQ
GISA Consulting AB,ChIJe6e9mHsEXkYRaRdX5-71Af0
Deocon AB,ChIJVVVVVQheXkYRZ8tZ6H68j4A
Bristol Babcock AB,ChIJze_A5dljXkYRvak-Y_EVDJE
Metria AB,ChIJc14Y6oqBXkYR0NHhBAUKEEQ
Nitro Consult Örebro,ChIJAQCwpsYUXEYRiDIRsCLOkiY
Semcon,ChIJOResejdhXkYRfcrRjeVG4xs
MH Produktionsteknik AB,ChIJ08xyaD9rXEYRY99R8yGwO8I
TÜV NORD,ChIJTd6X3b9mXkYR1TqJdrgEwa8
Etteplan,ChIJPQ-Mmk5hXkYRWuZet0zaTnU
4Sight,ChIJn5nTF6dcZyYRStjZNVGs2DA
Kronofogdemyndigheten,ChIJIQtid7byXkYRVJ6LuAo9D9Q
Järlåsa bygdegård,ChIJnQklqUo3XkYRsygjsPY9Scg
Homegrowing,ChIJg-fVv7JjXkYRTWsVI0dKSzw
Ambius AB,ChIJJ1BPN3xhXkYRPeVc88q_psE
Kök & Form Mälardalen AB,ChIJZfhDtllnXkYRzOFlZPFfscQ
Nudå Design AB,ChIJQyuSgJ5hXkYRBWl0_0sUOhE
Dora + Kokong,ChIJYQW227xhXkYRpAvxM6llXI8
FärgoForm designstudio,ChIJvdOVoWFhXkYRq8Tl9ZAKDH8
Voltiva AB,ChIJsykeZY9bDGcR1Eop94KHNOE
Columella,ChIJgScBnbWFXkYRKwGNk8ZKREM
Pingdom,ChIJ20qRBjxhXkYRo9EVspmVgMg
IT-SMART - IT konsult Västerås,ChIJBSOVqZFnXkYR0yGhR6RcvPI
Migrationsverket – Servicecenter,ChIJ1Y7EDzxhXkYRcM92XnFG0mY
Almi,ChIJ_asvJIhhXkYRetYRfyLesoc
Make Money Bitcoin's,ChIJGbzFER7lXUYRHWwifkaCBUs
Kungsörs IK,ChIJl0HcDsGEXkYRdlUR6SS6R1w
Köping HC,ChIJ54070B-CXkYRj7LfsIRk3jo
Västerås Ishockeyklubb,ChIJsdHl701hXkYR3rxEmtE9Dwg
Isoleringslandslaget AB,ChIJP0s-G2XHYEYR7JG3pxC6pn8
Bilfinger Engineering & Maintenance Nordics AB,ChIJqT5PTXRPWUYRGn1-QIqVHlo
IL MONDO,ChIJ07P3zqVhXkYRdDQhL0xGoCA
Limone Ristorante Italiano,ChIJ26m88DthXkYRcKyRB3w_XuI
Consensis AB,ChIJ1Y7EDzxhXkYRjZN_rR-X9F0
Norrby Jakt & Sportskytteklubb,ChIJUeHKp6gVXkYR84SvBJtAkSo
ZAO Street Kitchen,ChIJD1qaDuMUXEYRjK9rDGHQE9s
"Jehovas vittnen, Rikets sal",ChIJ0X785f_BXUYR97HbjZjWttk
Kanviva,ChIJM5K62mxjXkYR42ZLL8FCHH4
Granter AB,ChIJx6HASHNhXkYRvxbb72e1grg
Lungers Musteri,ChIJp4TnmwQjXEYRWBUQM9xOopU
Åstundens Julgranar,ChIJwbUOxHrhXUYRTSs3KxPQHqc
Familjens Jurist,ChIJjSNlGxvFXUYRXYfOwIqrP00
Lexina Sweden AB,ChIJuUd2WbBhXkYR1y-TvJV6bkA
Mälaradvokaterna AB,ChIJiXJmDz9hXkYR1tTexGG-opE
Blue Book Mediation,ChIJSxEHuKdnXkYRTERfOBer7Ls
SCG Nordic AB,ChIJf_43fSNhXkYR6KUvUhOWmdQ
Guldfynd,ChIJ8wbiAzRQXkYRlbrhc45hM3c
Wissings Guld i Västerås AB,ChIJ2WQIFz9hXkYRooKjfj1q1Ws
TOOLS,ChIJv2wQek0nXEYR7nz4bmAV7gc
Maskin och Verktyg AB - Västerås,ChIJWzKjIclgXkYRFE8HWI_q_mU
Solar Sverige AB,ChIJPTPYAMFmXkYRCriJXDIcyi0
Järnia Surahammar,ChIJqWZOuHp5XkYRqVER7tF12oI
Tm Industriservice,ChIJcXfu19kSXkYRCcifcB4egdI
JH Spårservice AB,ChIJMzBgead9XkYRemuBsrdjEGM
Infranord AB,ChIJnbbm4hLCXUYR3-v5J6wUZEk
KUJ Järnvägsmuseum,ChIJLdIVByeCXkYRhOFxQ0441E8
Skantzen Kanal Kafé,ChIJ0wPdxdd9XkYRUjSS14ynvyg
Älvåsa Fritidsgård,ChIJF1KHq4UbXkYRlr7ZFqRJ3e8
Skattmansöbackens skiduthyrning och kafeteria,ChIJLb1tzXdHXkYRhiM5m32Wa7A
Ramsjö gård i Morgongåva AB,ChIJA1JlMuA_XkYRFrZHXv0tBoM
Mercato Sala,ChIJs0mEbMUSXkYRPR7HJoYMMwY
Ikea Cafe,ChIJK9PdhrhjXkYRZ5RsTk1q59Y
Aros Spel & Café,ChIJIXQzCD9hXkYRHteTstCZ0y4
Genbergs Sommarcafé,ChIJ0dIlhkTZXUYRz6EjXst-6v0
Vinterfiket,ChIJ6XynlNjNX0YRxQewNy8W8c4
Wilmas,ChIJZ3raxkrLX0YR1zvRsCU-C1o
Marielunds Jernvägscafé,ChIJGWgVFpnFX0YRPPJgj3gb02s
"Mäster Jacobs, Notuddskajen",ChIJkUESENlhXkYRG0Q_KaW9KUs
Maria Therese - Ett litet bageri,ChIJwQ4tZ1lhXkYRwWji8BwvlNg
Café Björnen,ChIJBTKJfoxgXkYRn8UTNJZRyzM
Gäddeholms Café,ChIJp9Zyk8dfXkYRCAxy3utIXOc
Fiskarfrun's Café Ängsö,ChIJ8ZLpU2tYXkYRJrUveCs0rwc
Güntherska Hovkonditori & Schweizeri,ChIJRwrRSvfLX0YR-VDcVa60PCs
Triller,ChIJEz-D8quvX0YRxrVw-_XRtXc
Farmor Elsas Rum & Frukost,ChIJEy8syCNBXkYRUDDaeosivF0
OKQ8,ChIJ3wZekv_BXUYR0V1bVb6jfZU
Espresso House Västerås Station,ChIJ5Sqe1kdhXkYR06GGxVHtark
Kaffebaren Ångström,ChIJMT5OAeDLX0YRBu5gOKckwEQ
PLOQ,ChIJJQLGgadhXkYRzE3VBY6PMU8
Waynes Coffee,ChIJV53kBK8TXkYRp9quaKxXNjA
Skull Café,ChIJCbZxBWRnXkYRZ_CV3MRBgKY
Cafe Mosaic Västerås,ChIJiVFvrsVhXkYRXMv0Y70gGt8
Hälla Kafferosteri,ChIJL3wRxm9hXkYR0AyZJAY0BkM
Koppen AB,ChIJIX1NKtpjXkYRBFTtNjmGvaI
Beans in Cup Västerås,ChIJq6qq-tdjXkYRIhA_Dm33F58
Björklunds Kafferosteri,ChIJO_S8zXZhXkYRHaMrk56mCGI
Interkakel AB,ChIJYzjgkn8VXEYRR01C3V1iwRo
Kakeldax - Örebro,ChIJ0zUOi8YUXEYRaXmaQo6XbPw
KakelDesign - Västerås,ChIJQ-IN4-ZnXkYRPju72MzUnfk
Scandi Kakel AB,ChIJjfYahaejUUYRPVlAACZLh74
Kakel & Klinker AB,ChIJVVVVhf4UXEYRPcojePqi3XM
Kaminhuset Västmanland AB,ChIJ_____5ZgXkYRSrsBZ3OYZa8
Eldabutiken Köping Wallins Bygg,ChIJ9xKlJyeCXkYRQHrnoVWPdlM
K A K BrasVärme Butiken,ChIJVUbjrcGCXkYR23sqROobvnQ
Skorstenstätaren & Kaminbutiken i Västerås AB,ChIJMYIxk7hmXkYRDfa6k9g-mYA
Kakelugnsmagasinet i Fagersta AB,ChIJVVVVVfjBXUYRn51qLgO6UlY
Seiryoku Zenyo Judo,ChIJ5Ynm9AQTXkYRy2k26D_FQak
021 Grappling - BJJ-klubb,ChIJRbjQD1JnXkYR8VK88tNYTEU
Bujinkan Ibaragi Dojo Västerås,ChIJxW1ufG1hXkYR1aMoBn3TDOQ
Hilti BJJ Västerås,ChIJHSRKS8xgXkYReh0dnUFdzc4
Ju-jutsu Kai Västerås,ChIJ_5MZfW1hXkYRiC-_Yn4kFEU
Bujinkan Kawashimo Dojo Västerås,ChIJ5bqeSQlnXkYRkuNgv0ewKiA
Västerås Ki-Aikido klubb,ChIJ2cGOMc5gXkYRz8bCSTxmf4w
Grettels Ateljé,ChIJ-QFWXiJhXkYRiOyj03qw_6w
Västerås Karate Center,ChIJ6fBiYs5gXkYR0a-_BFbA65g
Shogun Shitoryu-Shukokai Karateklubb,ChIJKTgwOzxhXkYR5t_G2VID5pw
Västerås Shukokai Karateklubb,ChIJjfQOD2JhXkYR9GBdNewFrYk
Enter Västmanland,ChIJo-NLezphXkYRMDhzMJzMzcY
"Vår Frus katolska kyrka, Västerås",ChIJv3zlWUBhXkYRtUATNX9pFgI
Chemity AB,ChIJTexxGQ3k5yoRUPkTs9_MuxI
Pennemos Kemtvätt,ChIJ33AoeGphXkYRi0WrIrmQA20
Vert kemtvätt & Skrädderi,ChIJvddqLyVvWUYRIe2pKghvfdQ
Lerapan,ChIJM2NfYEptXkYRnReyvBKqLTs
Grethe Färnlöf,ChIJ___T44mBXkYR4w_9jBB0-pE
Dragon Palace,ChIJ0zN4UwHCXUYRVirh9ESeVRc
Lennart Peterssons Kiropraktik,ChIJMdupwHNhXkYRHw6co1c2uZw
KiropraktorKompaniet Hallstahammar,ChIJ16Kii1V9XkYR5iigSjQSoXM
Jämsäs Kiropraktik AB,ChIJAQAAALF9XkYRfA8ZTYg0b5M
Fys Optima AB,ChIJbWMpTDlhXkYRsMe8W6hdY3k
Kiropraktor & Rehabcoach Robert Åhgren,ChIJ7U3h0Q9hXkYRARFaYelSkhA
Kiropraktor i Herrljunga - Affero Hälsa & Rehab AB,ChIJow9FSZQVXkYRHhCXXnuXybU
Matton Jernberg Kiropraktorkedjan: Västerås,ChIJEQG5DMFjXkYRjDqR9rpKfyg
Leg. Kiropraktor Margot Gustafsson,ChIJC2Dti7XyXkYR4k6f0P5uG8Y
Kirurghuset i Västerås,ChIJw4zCEJxhXkYRIBj0lbQK3JY
Klinikn Fagersta,ChIJvcce6HzDXUYRj87KL5yhNWg
Nymans Ur 1851- Auktoriserade Tudor Återförsäljare,ChIJR3g7xz5hXkYR2pWnUrGHDpI
Ambassador Watches,ChIJM0zGjJphXkYRZQPpgcUkfSE
The Maastricht Group,ChIJOxN-yD5hXkYRpV9S02Q7IkY
Ur & Penn,ChIJaRCoD0SNXkYRQfzAs3d4pvQ
Hafab Miljösanering AB,ChIJBY6_CeiEXkYRz58GKrvQMnM
Heby AIF,ChIJI65Hw78VXkYRJt9FMniW5DA
Västmanlands Innebandyförbund,ChIJS5Ar2_xjXkYRXEmB_T82liQ
Hallstahammars Orienteringsklubb,ChIJAQCUGE58XkYRvHiBaZ2zT08
Surahammars IF,ChIJu3BbGmR5XkYRhSYJxALjd5w
Surahammars Brukshundklubb,ChIJyWUy9ZB7XkYR7tPV0HUBVTE
VästeråsIrsta HF,ChIJZaXiHz9hXkYRrrmAxDVOxGQ
Sala HF,ChIJPZ2tg88SXkYRQBchFF8rtgg
Norrstrands IF,ChIJM811E0dhXkYRkcjfXO40ji8
Västerås SK Bandyklubb,ChIJZaXiHz9hXkYRgPj5JG0GWxw
Aktiva Seniorer I Västerås,ChIJGynSgkhhXkYR6ep0rGYH6z4
Järlåsa IF klubblokal,ChIJCxHhP103XkYRJ1eFAGdEuCE
Fagersta Kennelklubb,ChIJNz1W-wrqXUYRPN1GMgFFC-0
Garphyttan,ChIJ361bg6F7XkYRQ5seU1NmNbs
Lager 157 Västerås,ChIJZTb_Vr9jXkYR9PJgfPsCwfs
Stilmark Men & Woman,ChIJPQlT67Z9XkYRvG_Q2uk-QH8
Pops,ChIJSZ-tCoQnXEYR1X5d-ePWHEc
KappAhl,ChIJs0mEbMUSXkYRWtE1BRCPzO4
Nya Thulins,ChIJV0UgBj9hXkYRe4OQcw1g8h0
Miss Me,ChIJx4YErz5hXkYRpsk0ISMjBZs
Outdooroutlet.se,ChIJbwFyi_d7XkYRHIyNDcPj0gk
Flashy Flame,ChIJd63ZhrNjXkYRzlO2pHxc6Kg
Handelsboden Skinn- och MC-kläder Västerås,ChIJ_61sIclgXkYRpPhxmteIU9Y
Stadium Outlet Eskilstuna,ChIJS2E_em2NXkYR3hkhyaKknPI
Cassels,ChIJn3oaOj9hXkYRYo709BuyU28
Eb:s Country Design,ChIJY3calzNhXkYRs2iQjnocJMo
Indoor Sports&Print,ChIJWfKYfP_BXUYRS0i6giig8XU
MissCan'tBeWrong,ChIJ-Z0h1zthXkYRcbWIW-W6NTc
Lilla kammar´n,ChIJdV7IG4uBXkYROTZmDQpltr0
Boomerang,ChIJFyEIMz9hXkYRqf71MQlMI6c
Pagelle,ChIJsXy_98xhXkYRPB_ABysbyok
Urda Hantverk,ChIJQ1ygRv45XEYRMyDZe-seEzM
H&M,ChIJ3-Zl3D5hXkYRZ9ZcP9Ki4yQ
Noble Art AB Företagsprofilering,ChIJEVMGwDZhXkYRTRLACkh-X-Q
MQ,ChIJdwynjrhjXkYR40pJ9UFdRBE
Skinnbolaget Skinngubben AB,ChIJW0MQynZhXkYR7sgIKn2zgiU
Ronström,ChIJLZEjPj9hXkYRIEPjlzq-4gg
Levi's® Vasteras,ChIJR2PUzThhXkYR1qdd5UTft3E
titish,ChIJXTpyQ-MLzikRKzTS1kk4yOQ
Merchsweden,ChIJZ1vLLWxhXkYRju4CCLW7xss
Stadium Västerås City,ChIJNyPYVzlhXkYRkv-4ghY-ltI
as-peak,ChIJ64DT6xLpXUYRh_DwX8QBzZw
Klättercentret Västerås,ChIJgawN5cBnXkYRuPStwZQDmyc
Art by Fundin,ChIJwT5U5XaFXkYRgN3MzW5KMTM
Birkaknivar,ChIJO9mQkdR3X0YRPfapQ_3IbQQ
Vassterås Eggservice,ChIJ0dPCaIRhXkYRoOkp76X0nQA
Photography by Robin Lave Ohlausson,ChIJhRK-3MNhXkYR_pvB2pM9F1c
Nordic Cooling Solutions,ChIJ3XbWG9eDXkYRZQCG0rXedKg
Skinnskattebergs kommun,ChIJldmj1lXPXUYRcmgRJIjR21g
Köpings Turistinformation,ChIJDydVOIuBXkYRUIbzwSP3bXI
Sjömans Konditori i Köping,ChIJf7TtHouBXkYRUK0J5m7Zhiw
Konditori Amarant Väst,ChIJl884JDWNXkYR-waW6KYnpUs
Kafé Ritz,ChIJ07mRLqAsXEYRUSCdh-x95do
Malvia Livsmedelsprodukter AB,ChIJd5dw32cVXEYRc-9fkyFK19A
Botanicum AB,ChIJuwMb4EkUXEYRlRX6WhQrIFc
Västerås Convention Bureau,ChIJGaI9IjxhXkYRHIqEUcUhXcQ
Lindgården Konferens,ChIJWZ5vURHCXUYRCT7zom-HcHw
ACC Meetings & Events,ChIJVZWxoT5hXkYRLGVvjLwZkiM
Stabby Prästgård,ChIJ62cUVI_LX0YRM6ga10t29FA
Sörgården,ChIJAT9w_GGAXkYRhDLg3eph9Mo
Västerås Kongress,ChIJk0zU91RhXkYRdezW99SiJW4
Sigurdsgatan 25,ChIJF5dunQphXkYRVKrQwPt0q3g
Willboda gård,ChIJOXQF-9Y1XEYReVuDux2kUMQ
Humlehagen,ChIJkVPEe7g9XEYRvVkD2COaYKI
LoArt,ChIJ_ZP4RtuLXkYR1PAXU34xzeo
big day,ChIJPyk4uBIXXkYRSTjdf3-PKCI
Konsthall Ur & Skur,ChIJrWBwqZFjXkYR8X3XpSiDXP0
Galleri Ängelsbergs Brukshandel,ChIJjxPYEJ_dXUYRUB5zKHntu5I
Virsbo Konsthall,ChIJtcea9ETZXUYRcXxImjR45t8
Galleri Norberg,ChIJe3U27d3oXUYRXyyBv0i6c9c
Hallgrens El & Maskinservice AB,ChIJbX9XnT7CXUYRU7YcdqExPgU
Anilin Art,ChIJV6OayiOLXkYR2EQ9uozwcIs
Ekströms Konst-& Inramningsaffär AB,ChIJLZEjPj9hXkYRW2bR1ocY3dE
Västerås Konsthall,ChIJ57lFGj9hXkYRYL2Ob1dqLoU
SoHo Art Shop,ChIJxQiosT5hXkYRxc5v0USg4Ro
Västerås Konstmuseum,ChIJ_darEjxhXkYReQEmyZ8mCns
Eskilstuna konstmuseum,ChIJkUVklsvyXkYRy-8TwpRputc
Aguélimuseet,ChIJYT1ss8QSXkYRJi9jsYGOAVo
Sund Abstract Art,ChIJI2BSpkNjXkYRW066j4KCMKw
"Ateljé, Karolina Lohiniva",ChIJn0skNzXcQEgR19Uomw7clo0
Marie Långhans,ChIJU8bZPz9hXkYRxcMIDAyP0cA
Frank Forsman Art,ChIJzylwA_pnXkYRgvCKzWmi8Cg
Atelje Gunilla Ferm,ChIJjcm2O35hXkYRPCdEMZfjafw
Ateljé Ekbacken,ChIJSyrJNslhXkYRrWcP9yW-z7E
Avlidna Salakonstnärers Sällskap,ChIJx4xFUbsTXkYRAKRBGGEapwI
Vester Art AB,ChIJja2DD2JhXkYRudhy8aFSP10
Rensch Keramik,ChIJqYv6TDR1XkYRBKydA4cAwAk
JM Renée,ChIJf8igZgNvXkYRUCjiAKvgzGA
Konstipåsk 2024,ChIJm2jsdXSVXUYR35U555R9k-I
Färgpaletten,ChIJS71rfplhXkYRpJD_MmJg4bg
Art Wrk Factory,ChIJzbRRFM1hXkYRYwYGlI_9bbU
CONVEL AB,ChIJTZxXnBx9XkYRf-CwXH_ap2M
Consid,ChIJQbrk7sJhXkYRHU2Agx1hLIk
WiseGate Consulting AB,ChIJ13BjVMthXkYRRXgQHWnP_vs
Djörg AB,ChIJm-KDZNJgXkYREcGQ3AWwlQw
Provisum,ChIJgQXRYjphXkYR7uDmXEi6Nuc
"Reqiro AB | Projektledning, Projektplanering, Controlling & Supply Chain Management (SCM) Västerås",ChIJhXVO3zhhXkYRRLsTaIcvwBk
Tracon AB,ChIJH0kqoT1hXkYRJI4bN3GScTI
IKB Inneklimatbyrån AB,ChIJXTXOdD1hXkYRuNVUDAgsRkE
NORTHCON AB,ChIJe0cV-11hXkYR8TGLFzMDUMM
Axalon Tech AB,ChIJgQXRYjphXkYRFrLLOU4OTZY
E-VA Virtual Assistans,ChIJfQXUNxVjXkYRn1jwDuD7ZFo
Hitest AB,ChIJ20qRBjxhXkYRVMweYHRPeBU
Level 21 Management AB,ChIJO9llBz9hXkYRkpEgSYEhkuU
Nivico AB,ChIJE8B-UzlhXkYR6maC_BOgxqs
Svensk Tillgänglighet,ChIJ1aOayRPCXUYRNgo9H3nUMfM
Klintberg B2B Partner AB,ChIJSyXG1tR9XkYRvhx2vs3zcYI
SysPartner Consulting AB,ChIJRx62XVthXkYRSjQrrnHFzkQ
Realtest AB,ChIJ8c8PeSVhXkYRTQ0gwCLncgQ
Reluga AB,ChIJAQAAUHt5XkYRryxb8_izE3s
Sigma Industry Innovation AB,ChIJ8Xygiz1hXkYRgZ9yTzpJYgU
Twindej Experience AB,ChIJvcs39j1hXkYR9GJBeI2Sr9M
Omikai Systems AB,ChIJMw2zVS5hXkYRo641-vqeqOM
Gema VVS Teknik AB,ChIJizYeWCVhXkYRXh1rZ4cpz2w
Affärs- & idébyrån,ChIJr-tsNzdhXkYRmdQNfMaAoCs
Syntolkeriet,ChIJx1lDMEcnXEYRzRAAK2SENqE
Projektengagemang,ChIJp1Tg_YqBXkYRiFcTe6lrbBs
Aktin Stockholm AB,ChIJ7QFF4XmBXkYROuwAzYELWjA
Frontit Västerås AB,ChIJ09jFTT5hXkYR5yLUCqzn5Qk
NEKTAB Västerås,ChIJuY0rGrpnXkYRw7tLkRcQFqE
Knightec AB,ChIJgQXRYjphXkYRJLhUGDSLOt0
Hypernode AB,ChIJRT-b8D5hXkYRHUd2eJAtmmk
Pareco AB,ChIJZ0esoDhnXkYRQHyoruNvm14
ProjPartner Västerås,ChIJhSp081RhXkYR-Byxo7ybM2c
Konsultmatchning Sverige AB,ChIJfSBZcOlhXkYRELQgTrsfUFI
Mindmatch AB,ChIJHX4dpTdhXkYRaVTeKIDtodM
Adeprimo AB,ChIJT_jXCD9hXkYRHqlZxpP9olQ
kopparlundensredovisning.se,ChIJhzFtZDphXkYRVNI5zUPXfmk
Swepoint Management AB,ChIJTZ32mjhhXkYRO3rYtDWZVhM
Trim Tab AB Västerås,ChIJHfOlBnxhXkYRkoD6PKunpac
ReKonik AB,ChIJLWKpI_5hXkYRayPcFeRobDQ
Väg- & VA-ingenjörerna i Sverige AB,ChIJn48rKD9hXkYRQJFU0G4Kx2o
Hackyard Internet AB,ChIJw4jEDzxhXkYRVEI3UwfUg78
StructiCon,ChIJAQBkv0BhXkYR1rCjP5CDF9I
Alfaet Redovisning Ab,ChIJq85v4T5hXkYRDqVF3rX0qTM
industrygate,ChIJ9bcyIsqHXkYRow4nLiBBuzk
BN Energikonsult AB,ChIJDWBTO7UKXkYRkPpYqimGDb0
"Jedevin Musik & Event AB, Jedevin Sustainable Consulting",ChIJwciWiThlXkYRAew5WA2dN-w
Alice Engineering Ab,ChIJ-y8TyDb7XUYR4rom95dAW2M
Konsultgruppen i Bergslagen AB,ChIJo-NLezphXkYRTNs68M0vzEs
Consitu AB,ChIJVWVx5S9hXkYRNHCI3cMJaSw
Ena Miljökonsult Ab,ChIJNxrzyJRmXkYR4lx4npCiZE4
PcElit Sweden AB,ChIJV8GygiEXXkYRqSJ8F3kxcyk
Inkon Sverige AB,ChIJlUWc1osTXkYRZJ5hH7q2vds
Granska i Stockholm AB,ChIJoV4y5nVDXkYRvjgEE7CEYEA
Kaizentech Development AB,ChIJl4L337ItXEYRLYJvtktzc_k
Dunkers IT AB,ChIJ__8z64uBXkYRUzKtV2aTwVY
Everlight Studio AB,ChIJI_yjGY0TXkYRK5yhysVpFQU
Rindi Projektkonsult AB,ChIJVVVVVUX1XkYRttIhXAuGh_0
Advania Sverige AB,ChIJpy7CnEZhXkYROgjQtBr1P1o
Hjärnfrö,ChIJF1WwxooQNWkRyXFFAwyLXNE
Rusta och Matcha Karriärkonsulten,ChIJ-d7HPdFhXkYR-7mypWDKFC8
Jimmy Åhfeldt - Webbkonsult,ChIJTWMsqD5hXkYRShc513Gfg1E
Cygate AB,ChIJCRTaurdmXkYRiGiTLZ0i8CU
Självledarskap,ChIJCxUw5M9hXkYR_ivt0kNkmIg
Hifab AB,ChIJ20qRBjxhXkYRkXauXAFl9Y8
Experis Västerås,ChIJA3ENUzlhXkYRHTCcD2cjfAs
Meritmind AB Västerås,ChIJUdGufTphXkYRseh6Hshwfg8
Ransta Livskraft,ChIJK72lVmzy1q4RZuzVqF9S7m0
Zimmerman Sälj & Konsult AB,ChIJVVVVVYWAXkYRozIhbbkuaLk
IDNHAB,ChIJQ5REDR8lZ0gRNKpwhvALKM0
Expediam HR Consulting & Coaching AB,ChIJFRhVuQ2LXkYRf50IvPGF3yU
Framtidskraften AB,ChIJ-10NS4vD74kRN7Zpw9qJe6Y
Beels,ChIJEead-HZhXkYRjnx0QtsYcl4
Nimo AI - Artificial Intelligence Studio,ChIJ_03IueHmQKwRpkjl7zQMtFo
Jinghedes Lagerbesiktningar AB,ChIJvexXPH_jO0IRW2hlcYHRaDI
Auri Studio,ChIJZ-ohQHJ0TEAREo06-BUXysQ
iConsultNordic,ChIJN1Z64W9hXkYRHHtkIpF3BOI
byBrick Interface,ChIJSZMfqkBhXkYRaLQNlzbv3kg
Magdalenas företagshotell,ChIJw94mV9fLX0YRbGrD1TL5kPk
FirstOffice Kontorshotell Livia,ChIJWX8iOBZhXkYRbJ1lWlCr_Ok
Tidningshuset Fastighet AB,ChIJnfcipShhXkYRB7MLVMdB1cU
B26 - Coworking & meetings,ChIJneE2ne1hXkYRZYqByrDGtlo
Office Depot,ChIJVWVx5S9hXkYRBXgC9a5zI_o
AllOffice Västerås,ChIJx7BsA3pnXkYRv4uJFaBz7hY
Demaflex,ChIJ9ysaeaBmXkYRFranzOUGvLk
Tanis Professional,ChIJv5Nl7D59XkYRqENFsckP6Ng
Grindberga Kraftverk,ChIJ15hzwqYnXEYRbySKhT8lrRo
Linxon Sweden AB,ChIJpWGN8a1hXkYRtE5c10_WfBo
Konecranes AB,ChIJ3VoE53BhXkYReGi5oOz-WCM
Dalakranar AB,ChIJTda5n_DlXUYR7d-nkTE_y2U
Aros Traversservice AB,ChIJW0mFSIVnXkYRPTRR29r0X5s
Johannebergs kapell,ChIJW8rxadaTXkYRCKgIvLRd9YU
The Church of Jesus Christ of Latter-day Saints,ChIJhSjr34VhXkYRjlx1Vo92ubw
Änga Gård,ChIJo2xhUc8SXkYRuIYzzTPj1II
Kulturhuset Korpen,ChIJ4b5_A1fPXUYRSHYCRPgXACQ
Kulturhuset Hallstahammar,ChIJIUb7ELF9XkYRQ6BwMbp5LQs
Tidskriften Periferi,ChIJ29ZzgFXJXUYRfgYuUhFFVqA
Klingmill AB,ChIJvWkoTBOHXkYRk1pwR_ykVtU
Ramnäs kyrka,ChIJ3xgUw9Z5XkYR0MmJsD4GltU
Pingstkyrkan,ChIJ64w-GATCXUYRRi4InvI2ilU
"Frälsningsarmén, Café William",ChIJWSiF1sQSXkYR6IigSuWZ_Hk
Örtagårdskyrkan,ChIJ_74a0JgnXEYRshrpIkDEEx8
Ängebykyrkan,ChIJ5YOYL8klXEYRjJ5ckEEPSJc
Centrumkyrkan I Heby,ChIJzTTh4YsVXkYRuT_9RWUttUA
Pingstkyrkan Norberg,ChIJQyY8rdvoXUYRfw4DPIfNqdo
Elimkyrkan,ChIJwWsXt0l1XkYR2JTXT2pgfeI
Vallbykyrkan,ChIJ1UiO9-JjXkYRNXtNdK-crzk
"Citykyrkan, Västerås",ChIJBfrx8DdhXkYRGA__Cm2sw5o
Korskyrkan Västerås,ChIJjeOPOkthXkYRrULuOY0bMuQ
Allianskyrkan,ChIJB6nHIvlhXkYRvUHu7-NMKww
Sala Tavelverkstad,ChIJ76scidoSXkYR1LP4qhO-BwE
SOS Church Västerås,ChIJzY-hnENhXkYR3dDcxGrIvg4
Jesu Kristi Kyrka av Sista Dagars Heliga - Västerås,ChIJOyBHeWBhXkYRWZQz4-TCKOw
Pannkakskyrkan Västerås,ChIJG1akLjxhXkYRoEKgQCeE28w
Risbrokyrkan,ChIJxaGfIAnCXUYRtkqIawNgOsM
Salemförsamlingen,ChIJKWsK77XyXkYRPn4NU1IS9CU
Harbo Missionskyrka,ChIJBWReVQAlXkYRY_5E8fUUcfM
Lifecenter Church Västerås,ChIJm-qaEdJgXkYRETHrWe_02PQ
Kvänum Västerås,ChIJoap-gzphXkYRrbRa47NMJls
Kökskungen,ChIJoZaSwjxhXkYRxpseXwXLCvk
Dahlström Kök & Design AB,ChIJNZFnSq99XkYR5lOXNfyW3bw
Modexa AB,ChIJteOa77hmXkYRieZu4-dVGBQ
Peltoniemi Kök & Badrum Västerås,ChIJRUQmO81hXkYRk_G4k--yLD0
Ballingslöv Återförsäljare,ChIJ7XorfsdmXkYR03ro5iILguU
City Gallerian,ChIJAXHPl7bkXUYR43Kkdb-aa0M
Erikslunds handelsområde,ChIJuS98zcFjXkYRhteuHZST-Pg
Sodexo AB,ChIJnS6kVc5gXkYR1wAPFe7ZH4s
S:t Per Gallerian,ChIJNYwrHffLX0YRqS5dcyqnUGQ
NKT Technology consulting AB,ChIJ37gnEBhhXkYR1Iuu3dfGBaw
Element Metech AB,ChIJxzgEpG-dXkYR2RTKqm4S2lw
VIRTA Charging Station,ChIJHylzrNmOXkYRkh8PXuhRrac
Recharge Charging Station,ChIJS_A3S9AnXEYRRz27PCGypVk
E.ON Drive Laddningsstation,ChIJw3GejQ0nXEYRc5eHy71xKgI
Tesla Supercharger,ChIJw58VsNEnXEYROepGLXZYVaU
Vattenfall Charging Station,ChIJK-zO7BXCXUYRQUKYtbWk_r0
Vattenfall Charging Station,ChIJWxcFpP_BXUYRWhK5fZR34nQ
Mer Charging Station,ChIJV-lAcTAlXEYRZLNAXdMNCw0
Efacec Charging Station,ChIJmQbwOrNjXkYRiBdXf8l9h2w
Monta Charging Station,ChIJU2e6BaNvXkYRFR6Xk_OGk5k
be.ENERGISED Charging Station,ChIJ8VrG2lrVXUYRyCOCdBXocVs
Allego Laddningsstation,ChIJaU_HOpVjXkYRom2knV7SoYI
Charge And Drive Charging Station,ChIJncepSYuBXkYR1ZeMr8DVpRs
Efacec Charging Station,ChIJ__GOxIuBXkYRSqdEWgR2ZH0
Volvo Köping Charging Station,ChIJCX01pSKCXkYRNhNOwjc_hsQ
Smedjebackens Kommun Charging Station,ChIJ4QqFCjWXXUYRZ5wuX_fTrIM
Framtida Bil - KIA Köping Charging Station,ChIJKXY-b_mBXkYR-DmuHr4csUA
Mer Laddningsstation,ChIJSwSWRgQnXEYRQrmbwyu_F_g
Eviny Charging Station,ChIJqXYCyupjXkYRvQyf28900ZI
Park & Charge Charging Station,ChIJlZCbCzphXkYR73T6noy3uZE
Park-Charge AB Charging Station,ChIJxyWdRjBhXkYREnDCR5Vv2aY
Mer Laddningsstation,ChIJkWDblChhXkYR-of54Frm2qc
be.ENERGISED Charging Station,ChIJRbqRd0lhXkYR8IneNmWXJYE
Efacec Charging Station,ChIJ0XwbGa1mXkYRxIs11ual9lc
Selga Västerås Charging Station,ChIJEVSyTs9gXkYR4wC9hl2CsV4
Lilly´s Lager Storvreta,ChIJ315Yw_rTX0YRKIpdB9e5WtM
Swetex Produkter AB,ChIJN7x8wwl9XkYR3UIvHLfHOpo
Ponsse AB Logistics Center,ChIJMUwTVMdjXkYRx9MDfgOgqzs
SUMOBOX AB,ChIJO1DH9j1hXkYRM94rP6yuiHg
Catch With Care Ab,ChIJF96NuY4nXEYR6ziCLurGL6o
KP Energy Lager,ChIJveRcat5jXkYRxinXsvYV2o4
Jacking AB,ChIJFSCSVLmEXkYRXhgTpRCNXZ0
Geoserve AB,ChIJW4C6zgZfXkYRZljlTvi4qPM
Badassparts,ChIJwYzwyZsUXkYRcXnAgdl99nU
Oscarstore,ChIJ19D9CxctCacRJB2IXkdas2E
Svenska Retursystem AB,ChIJSXQFQ89mXkYRPEY62mSyl6s
Skultuna Flexible AB,ChIJiVs7D0NlXkYRaXzW1SKTqnA
Gian-Carlo Grimaldi,ChIJq6p6xDthXkYRSPjme9EIrhI
Ljusexperten Västerås AB,ChIJWVpVPpVjXkYREQmxlHhO_3A
Agro Västmanland,ChIJrccdOMuMAQgRNzr0rmC_bsc
Brunnby Gård,ChIJ9fhKp6pgXkYRm63xcywu0eg
Brunnby Lantbrukardagar,ChIJ5ZUmoKpgXkYRzlleU2RLbMk
Åsby Lantbruksförvaltning AB,ChIJTz-PK8R9XkYRCJz5S0wvM1A
Tomasbo lantbruk AB,ChIJ9fDqtg11XkYR510L2bf0GQA
Västerås Maskinstation AB,ChIJoZWQ1iRnXkYRd2Xsfrcx1vU
Lundby Gård Kolsva Drift AB,ChIJsZsZcuwrXEYR927L6S_mXqI
Svånö Gård,ChIJI-8o_eGIXkYRTzQcPR0SnnI
Gillberga Lantbruk AB,ChIJkS65RW5iXkYRxr-LDh7gpGk
Esplunda Grisen AB,ChIJ6T-HBE9oXkYRl_Ce8ynDVT8
Hovkraft & Care AB,ChIJ6dmub8p9XkYRNedCzPLxFsM
Strömsvik Lantbruk,ChIJ52WmyTqGXkYRiPL6Fl_3IKE
Gårdhammar,ChIJOQhr74SfXkYRHgOOHwCHooQ
Jassemk AB,ChIJ____v5SBXkYRBBvJdgsmPdY
Lantmäteriet,ChIJzyuIFUhhXkYRe9zzwjD4Hu8
Laser Cut Sverige AB,ChIJbQ831659XkYRUSEqiN7jANs
Sala Laser Ab,ChIJq7B4JFdtXkYRj62eNMfTsDQ
Scania Sverige AB / Sala,ChIJH7RxaiYTXkYRfgQafXSPoQs
Wist Last & Buss AB,ChIJWwrl_8BmXkYRSFmlQZpK2ic
Leo's Lekland,ChIJ4X-218dgXkYRK1w3Dbb9kVk
Lekplats,ChIJPTEBrC1nXkYRStaaadQGEkk
Friluftsfrämjandet,ChIJl7b4DRHTX0YRhS-JhNRoFOg
Bergmansparken,ChIJJ68qMpsnXEYRbJ74FXElCH4
Leklust Västerås,ChIJ8-Uh1z5hXkYRrGFpA9dzm9g
Lekia Babya Köping,ChIJgQTgu4uBXkYR9jNxBDXL6EE
"TOYS""R""US",ChIJLwEoLbZgXkYRtHzR_DnC6p0
BR,ChIJJcsMkP6yXEYRb5nxt278w50
Fordonsdelen.se,ChIJC-uXt9ZfXkYR0mozBP0od1o
KAK PALL AB,ChIJgYMMm7qDXkYRRkoHdg_dRxM
Lindab,ChIJ24b4ys9gXkYRVYqlDJQvQWA
Cebec AB,ChIJOResejdhXkYRGIOH84zKNNA
Swerock AB,ChIJt1KQ2Z59XkYRtl7N_V8VlAk
Akustik Design,ChIJ0Wj2nNdjXkYRxmWLItHTpKM
Momentum Industrial AB,ChIJm4AdHTzCXUYRplYpWGloCLQ
Fellingsbro Mekaniska,ChIJ47LEkbsnXEYRYO_imexAZuo
Remasawco AB,ChIJVVVVVUX1XkYRH5Y6rNJ3Rx0
CalorMet,ChIJT--sYsVgXkYRri0i2cAPEqo
SharkHead Nordic AB,ChIJVdna_KjhXUYRGMzpM5nB_lQ
Kullagerservice i Västerås AB,ChIJf88vDG1hXkYRHxpNN0NZL8Q
Provictum AB,ChIJS5V8n6ZhXkYRMp8BCPXjcwc
Avans Maskintillbehör AB,ChIJ0ZkIt0xhXkYR2ZzfszW7pXk
Vikon Vibrationskonsult AB,ChIJlwpj8ZBgXkYRXDAWUzPhJ9I
GE Power Sweden AB,ChIJAdN89DpqXkYRKnL11lWnUpE
OpiFlex Automation AB,ChIJUU0rkTphXkYR6_DRDDwGZh0
Sörfjord Assistans AB,ChIJbyN8ANRDXkYR19DWDoXSerQ
Flowcip AB,ChIJ_ww9pSCGXkYRA8T2_0MWjl8
Metso Outotec,ChIJVVVVVeoSXkYRdRlmTzPJrxY
Stegia,ChIJ-c2EiOdgXkYR_gmVYoNdbbA
Westermo Network Technologies,ChIJS5Ar2_xjXkYRIBInBQfarR4
LEAX Mekaniska,ChIJ1eBlIqiDXkYR0vp70l9ArfY
Incoil Induktion AB,ChIJ09EDDMtgXkYRMuVS7buD6oY
Canon Business Center Västerås,ChIJza8ZLdZjXkYRnPZKQDIQx5k
OCAY Västerås,ChIJMYIxk7hmXkYR4s2BCib-P7k
Sharp Business Systems Sverige AB,ChIJ9dPy4y9hXkYRPeBD8WJaar8
Ricoh Sverige AB,ChIJrSRqLhaNXkYRqHxXV7v-4tY
TeleBolaget,ChIJ398WTd1nXkYR8oIwUr3UKIs
Cloudgruppen Västerås,ChIJVVOAImdhXkYR3uf27tAyZnA
Ringup Elisia,ChIJGejDji9hXkYRfRPr5z-1xNU
Benders Sverige AB,ChIJsdLVTFYnXEYRHy9PrNEl_Q4
Uplink Fiberteknik AB,ChIJ67deljnDXUYRR00BeDghdzc
Industrihydraulik Sweden AB,ChIJS6uWtM5gXkYRGQ-huppm8Wg
Pallinvest i Örebro AB,ChIJpbIx4sMUXEYRb_8kPFMcDIc
Reison Medical,ChIJ2YFFc9h9XkYRiQCVHJQSKt8
Innovia AB,ChIJXygtTCSCXkYR8bDgWNlXgY8
Sibelco Nordic AB,ChIJhXj4D3RhXkYRLdNqMlBACA8
Mälby Grus AB,ChIJpXcfhd_hXUYR56VL5ICjdRA
Scando Stegar AB,ChIJxcQSc493XkYR6MuOyabH-vc
SOS Alarm Västerås,ChIJlVdCu1lhXkYRCFttnZRZ_sM
Prodoor Säkerhetsdörrar Sverige AB,ChIJwdM8j-1hXkYRr3gkyCJlm-8
CERTEGO Huvudkontor,ChIJHbINMiRhXkYRYJckdHQrEkM
Jourlås Sverige AB,ChIJW1f77dljXkYR6rSa3zFtC0w
Swedvault AB,ChIJCeWOJ0J-CUwREgBiA5wCACs
Östgöta Grus & Berg AB,ChIJf9xq_DCdXkYRuN0-eqFEU8Y
Selecta AB,ChIJTd6X3b9mXkYRIWVPHHqo0wI
Paylando,ChIJQf1gYD1hXkYRQWYxUa_MCJU
"JMS Vattenrening, Västerås",ChIJERmejtdjXkYR2ImiTi2K1U4
Mälardalens Kyl & Ventilation AB,ChIJPTPYAMFmXkYRRuzm9KaqFdE
Handelsbanken Liv,ChIJZ4o6V-cUXEYRV9wo0eVxXos
Aroslunds Livs,ChIJRXQEnCphXkYRIbMWVvFueiw
Maxi ICA Stormarknad Köping,ChIJ3fZQvvqBXkYR9aX259_kfmE
Willys Surahammar,ChIJy5-i7Nl7XkYRjcHdtzO7Vb0
Gårdsbutiken i Smedby,ChIJgSc3Z_IvXEYRLG_-_UCeVNU
Stora Hällsta,ChIJ-ZNFb0ZtXkYRNTQvt3eM78g
Vigelshus gårdsbutik,ChIJS2hPM2FrXkYRvZegPpRR-1I
New China Trading,ChIJt2Vj96JjXkYRTlXEI2bhoaU
Polska Stugan,ChIJocWobm9hXkYRDTyMNKS8UlY
Tjorren,ChIJwXc3WN4NXkYRHEAOmuPFPQo
Wiborgs Gårdsbutik,ChIJ5xVCx1ctXEYROj4-ZRNo3ag
Lycktäppan,ChIJMUccfC87XEYRqZFNi1qn34c
Lidl,ChIJCRaO8rwnXEYRVjq8MOdo6vc
X:-tra,ChIJ3zwL69t7XkYRrwVb-ln0raI
Tempo Fjärdhundra,ChIJxbOhblFBXkYRbRKGAEfLJgo
Polfärskt,ChIJC10fn85gXkYR31XGSVJrly8
3D Visuals i Västerås AB,ChIJ_bPQDUqLXkYR-dJe8_Mo-q0
Westridge Design & Production,ChIJb9_nKTlhXkYRyD9Tgbq_3pM
Badelunda Bed and breakfast,ChIJz5hBal9nXkYRezeY_pS_oy4
Bångbro Herrgård AB,ChIJhSofuyupXUYRE_90ohRN5kg
Lärsätersgården,ChIJNcWQW-rUXUYRKOMmr9Rkq2I
Foria Västerås AB,ChIJ8xUeCLdmXkYR28DEPIs1n3E
Packing AB,ChIJZbdVPOCEXkYR-mMwaPLFRLc
m4 gruppen AB,ChIJy_M18jnCXUYRgbvsXId8js4
DSV Road AB,ChIJfa-E6B5hXkYRe_XYq4vWhD0
Frigoscandia Västerås,ChIJv7m4CFRhXkYRXfR6tWrPcZA
Uniccon AB,ChIJISO9I-99XkYRICe54EVdnUg
Jetpak Västerås,ChIJIVgr7btgXkYRcRotBjrh26s
Erico Global - Västerås,ChIJ5xSvRwhNk0sRvhrzGopzrNs
Jetpak Västerås,ChIJIVgr7btgXkYRiRELduUTjDk
Cowin Svenska AB,ChIJq70DWXdhXkYRrl3TK1u2q44
Logopedbyrån Hill AB,ChIJAUV4BEdhXkYRnoxEx30IlBg
Capio Vårdcentral Västerås City,ChIJr0zcTDlhXkYRG2fwGj5_Hqo
Statens servicecenter,ChIJdUZg_-JhXkYR1H3lf1yEIGQ
Ebba Brahes lusthus,ChIJ6z5trSbFXUYRGcAmDl6KlIM
Bil- och Teknikhistoriska Samlingarna,ChIJRVKblImBXkYR_lQo4p1K5qE
Bruksmuseum,ChIJkWcpp6oDXEYRtUP928qEy6M
Mälartorgetsloppis,ChIJF1_1tNiDXkYRfR69kPzcbaE
Kaeser Kompressorer AB,ChIJpQRazASHXkYRPW6WL5CKYAY
Kylconstruktioner i Västmanland AB,ChIJo6qXmtljXkYRhQPm9WHn2-4
Edekyl & Värme AB,ChIJ4dsc_85gXkYRAwSSvd-DqTE
Restaurang Mälarhöjden - Lunchrestaurang Västerås,ChIJU-HwusBmXkYRH_k26d5cC5M
ArenaKöket,ChIJCXAk6_nNX0YRFO0ust4UqUY
Heat Kopparlunden,ChIJQfTcaqxhXkYRnVDuk9doyZo
Mickes Husman,ChIJqzoha-tjXkYRAfxCX5SyKuo
Ollesdotter L.I.F.E KLINIK VÄSTERÅS,ChIJlezuYBYTXkYRTLzC48jAI4g
"Lymfknuten, MOKI SUPPORT AB",ChIJZ2Hz9DBhXkYRe_ye7pQbtrQ
Fagersta Låsservice,ChIJA4o6qgHCXUYRIhr5P7K4xrM
Smelås AB (Lykil),ChIJtaWNz67yXkYRZLJA4nmUnNs
Västerås Låsservice,ChIJhVywJUhhXkYRYliNycC49wQ
Låscenter i Västerås AB,ChIJN7_j5i9hXkYRGJ3B-yoMWog
Låstjänst Köping AB,ChIJZSq3LPaBXkYRsNlpceRsDjg
Lundkvist Lås & Nycklar,ChIJddaUJzlhXkYRgIjBfGEHWOY
Aroslås Låssmed,ChIJ7Ye06X1hXkYRlypERWdqpzo
Lås & Säkerhetsspecialisten i Sverige AB,ChIJbRA1QFtJXEYRlD3xlXR3BUU
Avorum Förvaltning Ab,ChIJF_7YDjphXkYRRDPVprQzt90
Senäte,ChIJeewJx_SBXkYR4pbUdV6v4VE
Uppsalahem AB,ChIJ_9fLM6jOX0YRFHR6oF2B9yo
Willhem Västerås,ChIJAfOAO2VhXkYRibbU7qStksw
Finnåkers Kursgård,ChIJgQqEINUzXEYRvkYzrkrc77o
Kloten Lägret AB,ChIJR203w1pJXEYRB5PEJXhSUmw
Labbpoolen AB - Hälsokontroller och undersökningar,ChIJN-_s_b3wBAIRpfiIGKccgPs
VaccinDirekt,ChIJnewHtP9hXkYRxUDkGvDe41I
Ansgarskolorna,ChIJT1x5ag7SX0YRmmdbHhmgXkQ
Ljungs Skoterutbildning AB,ChIJnVyplF8rXEYRKWLmYfDUH-c
Carin's Japanese Tea Shop,ChIJzWC388FgXkYRgImgO_jKX8E
Servistore Kopparlunden,ChIJPez0-F5hXkYRkyFZwV4iaZY
Green Storage,ChIJ18-cfU1hXkYRgt_d5bdAgcM
Västerås Expressbyrå AB,ChIJ3c2BoyRhXkYRh0J9ODnXt8I
Prinsens Lager Västerås,ChIJ_wBakmFiXkYRPoTXP099Tb0
Storemore Örebro,ChIJxekdb22KXEYRNywZqpZrtvk
Montrab Västerås,ChIJNTBorupmXkYRszhKno6462U
BBYE - Makeup & Hair,ChIJObVqTqF5MoYR9uNZsjqK8s8
Centerline Leemhuis Marinkonsult AB,ChIJGZS9h3Z9XkYRBxVyaWYHzyo
Trainstation Skultuna,ChIJkel4jbxlXkYRicL1GY63goc
Skinnskatteberg Solskydd,ChIJNXeRFVzPXUYRiNX0PlNtUnU
Uppsol Västerås AB,ChIJVSVl-gFhXkYRt2FHF9GiTls
Solskydd AB,ChIJ-7RIj0m3dw8RhXh1X3itvPs
Info i Köping AB,ChIJY1OrwImBXkYR8apLYjkBweg
Hedmans Reklamproduktion,ChIJA81hiF4VXEYRhKbch78shmU
Söderman Reklam AB,ChIJG9Chj79mXkYR4wEjJscpPNk
LAPS AB,ChIJRVm0tcqlU0YRH2Ex_dw8dl4
Svenska Redskapsfabriken,ChIJQSr_EpBBXEYRYUxdoD4hfR8
Mast och tornunderhåll Sverige AB,ChIJp_dPMByDXkYR_fKkcWALWnA
Tobbo gård,ChIJR3au01onXkYRwyRT5mR8T7A
Pon Equipment AB,ChIJq0kms2ioYEYRBGtkSHHmqa4
Swecon Anläggningsmaskiner AB,ChIJ3c2BoyRhXkYRy-2lwAFwkDM
Multiloader Mälardalen,ChIJhbq9gShnXkYRUJC5IA6p6Mc
Linde Material Handling Örebro,ChIJPwf0L0kUXEYRPFsFxLthy0w
Hako Ground & Garden AB,ChIJOQHPvtljXkYRWg3gJ2WeA8A
SCD Maskin AB,ChIJaSlo0UBtXkYRvRvwJsSpBu4
Ramirent AB Köping,ChIJAfzK6PeBXkYRv1Lpo7_ScXA
Stamo Agitation Solutions,ChIJ20kJaDBhXkYRZ9RJDndj0JY
T Smart AB,ChIJqffqNWLpXUYRok66VMIKcMk
H. Engströms Industri AB,ChIJD0sXE6x9XkYRyPIy7mz0iJc
Recotech AB,ChIJyTgEpG-dXkYRsCZbqDSbKfU
Förarmiljö i Sverige AB | Förarstolar,ChIJvbUgzW8rXEYRSXNwz_APW2k
Elektroautomatik i Sverige AB,ChIJ0emny7-EXkYRISnyP9ABsa8
Scandinavian Pile Driving SPD AB,ChIJyRQyd9gSXkYR9bSCXBvtafg
Dynatec AB,ChIJH3KwhUudX0YRIH6FSk2gPS8
Palfinger,ChIJScslmcZmXkYRYJL_HaRNscA
Ekobot AB,ChIJU3QSCV13X0YRacyPtWzB08E
Aros Mobilkranar AB,ChIJuTbNN3FhXkYRdY0KUregH9k
INDTEC SWEDEN,ChIJ8_TwzMrDXUYRRpXX_bWr7SU
Rytterne Mekan,ChIJ_____3ZhXkYRBFxPpxRbGjw
Trekan AB,ChIJsfgCmpYZXkYR4OW1X7tCTjo
On-Maskin AB,ChIJz_MS8_OBXkYRjaM68CC1sV0
TecMek,ChIJoSeHTw-RTgsRd3hAK5-wuq8
Peab Asfalt AB,ChIJayMGvBd9XkYRx97k7qgCTJc
LT Last & Grävmaskiner AB,ChIJTWy7Dr4nXEYRiCOUHoPGncw
Skultuna Maskinservice AB,ChIJV_P_FlVjXkYRm6Kvldev6AM
"Peab Asfalt AB, Verkstad Kolsva",ChIJP6an318rXEYRaaV4tkGYESc
Polité Produktion AB,ChIJT9D-htl7XkYR_OpYCwliTos
IT Instrument Teknik AB,ChIJV10VSW1hXkYRim_ww6y5p8A
Hedlunds Smidesverkstad AB,ChIJ75kA_ULZXUYR2fmbiYxZiaQ
Västmanlands Industriautomation,ChIJ9V-2Dsx9XkYR2W67v6ys6u0
Kvicksunds Friskvårdsmassage,ChIJoyF8DqiPXkYRbRa8B4pLCIg
Pom's Salong,ChIJkayBuNthXkYRgrzxn5WFRag
Massage & Rehab I Örebro,ChIJZ_H9o1YUXEYRGZEGGreavYs
Din Lymfhälsa,ChIJ-S3QX1pJXEYRgxniNXXW8JQ
Medical Massage Clinic,ChIJrdvI1iUVXEYRap5Y_ZlgISs
Team Massageterapeuterna - Massage Västerås,ChIJJQRK3ddgXkYRw6toyxEyUBU
Lifecare Eskilstuna,ChIJyyae9BfzXkYRbKLIQFsuNs4
Yanatomi helhetshälsa,ChIJm2rfG8VhXkYRKfwPbikugBc
Hemkörtochklart.se,ChIJN0qIYMpmXkYR6TRKsXKUy0c
HFG Sverige AB,ChIJyUWf5ytiXkYRFxdA7pwpwG8
Örebro Langett,ChIJiwtkMj0VXEYRRnOb6vhu0Tk
Mattans Heltäckning & Skräddarsytt,ChIJEbJaNOMtIAERSKfZohNT0aU
Ångtvättbilen Västerås,ChIJl3gJuIxhXkYRRegyGMOrV_I
Visit Västmanland,ChIJ3xijVFBhXkYRX8oHYgggHtw
AiM Produktion AB,ChIJ6Y065sFgXkYRQKinrTuLrYU
Butiksdisplay Sverige AB,ChIJj6p2EeDzXkYRI398HvkiEl0
Social media manager Eva Paradis,ChIJq6HPyRlhXkYRSAlqPQLVBHU
Klingvisuals,ChIJyW9IMex0XEYR89AulftcbDw
Håkan Öqvist Form,ChIJD4RDR6dEXkYR5cZNS4nMA9c
Bikoton,ChIJiR1TEyphXkYRB6WLLZ9ARh0
Heby vårdcentral,ChIJPTi6e5MVXkYR_MNS_DuHwCY
Aktivitetshälsan Diana Nääf AB,ChIJbZGZ5IqBXkYRWTp-l4vGhhA
Medoptik - Kungsörs Vårdcentral,ChIJ3aM-lcaEXkYRsPXYleagIyA
Doktor24 Vård & Vaccin,ChIJm7qOzewTXkYR2RPNlH7r1v4
STAF,ChIJ__8DCz9hXkYRjplGlxCCv7Q
Vaccinova hos Apotek Hjärtat Arboga,ChIJiRC-PpInXEYRDjkCVrctous
Psykoterapi Utveckling Handledning,ChIJq6p6KNpjXkYRzP-xSRe9wZU
Min Doktor Vaccin Hälla,ChIJ-9yGHZhhXkYR1-4guLTzOso
A-fötter,ChIJKanlfA8VXkYRJ77IIgpBvr8
Transcendental Meditation Köping,ChIJDR4cxHqBXkYRIcwmcij6yrU
Karmaklubben,ChIJlR1-l69hXkYRZujN34_zI8U
Mech-designcenter.com,ChIJV0T22RxhXkYRRBV8HoJ1T6s
JDM Racing,ChIJC0DhlE5jXkYRCeIGGaSgPy8
Emaus Mekaniska AB,ChIJuXJCZTFhXkYR3rwS8aJZTBA
RSE Mekaniska AB,ChIJkW2wTZUSXkYRYDzT2rHbDuc
Bengt Skärås Svets & Mekaniska AB,ChIJx-23D8RmXkYRVgprDSqBzyU
Ragnar Sandberg & Söner Mekaniska Verkstads AB,ChIJH4eHbTzCXUYRkePVBnNNjkA
Conrit AB,ChIJUe5oBcRmXkYR9pEuXkye6Bw
Veho Bil,ChIJTZgD79BmXkYR9bmVZF6ItaI
Veho Trucks,ChIJRdzsmkltXEYRKL4N-gZqnhs
Bodycote,ChIJKZx-tW15XkYRo7fBg7QKMOE
Ahlezon Produktion AB,ChIJu8kSRc8mXkYRGQgqtbf7NWs
Curtiss-Wright Surface Technologies AB,ChIJK2dOq9idXkYR5YdoyMGOCGA
MTC Powder Solutions AB,ChIJPY8EtHF5XkYR9V2P2Eh5ikM
PL Plåtlister AB,ChIJ_VvO0vVhXkYRdF9C6HFqC2s
Stena Stål AB,ChIJMacS5HZhXkYRxy7v49lZ7CY
Imero Stål & Metall AB,ChIJvxYHns9gXkYRWg-JHUvl-ZU
SSAB Virsbo,ChIJo1aIVTLZXUYRJEXlvu627gg
SGV Forging AB,ChIJYXlchIZlXkYRZe0S2LxOPw0
Forge X,ChIJ_egkSd3ZXUYRUAnuM8zt1gk
AB Sedenborgs Metallgjuteri,ChIJFyAVgC6PXkYR127UUp3gg10
Gösta Gustafssons Mekaniska Verkstad AB / GMV,ChIJdUu89GGdXkYRajuhC_10HYw
Skultuna Metallsvets AB,ChIJlbbNa1dlXkYR0IcUIgMT8sc
Lockmora smide,ChIJp-U1rIaFXkYRj-ZUL87qcMU
Zocalo,ChIJnYSk7_nLX0YRrlYyIIFofnU
WESCON MILJÖKONSULT AB,ChIJjyKsmUBhXkYRu3PXQnzPd30
Marklund Solutions AB,ChIJ4Z3noiBhXkYRwUonosJlGfo
Ackrediterad Miljöprovning i Västerås AB,ChIJ_____5ZgXkYRrnx-z2IyAA8
Miljöanalys Scandinavia AB,ChIJkz911ZllZ0YR5CxnosVpqKY
Miljö- & Avfallsbyrån i Mälardalen AB,ChIJ20qRBjxhXkYRMMf7S9JvmYc
Elgiganten Phonehouse,ChIJs0mEbMUSXkYRmMzGXKlFdY8
Tele2,ChIJfzI3w7hjXkYRHwqbRnxR2RA
Västerås City Express Mobilservice Ab,ChIJiUOGTDlhXkYRpPTNsHuaDhw
Euronics Marieberg Galleria,ChIJp_UYFIsTXEYRuKreR6wC4mQ
Fix My Phone Örebro - Laga iPhone Köp & Sälj mobiltelefon - iPhone reparation,ChIJaZ5yxrQTXEYRFPnc-2uuv_Q
mStore,ChIJy3OiS4ZzfEYRmneaK8G5HM4
HappyPhone,ChIJiYJPVKVhXkYR4Mgm7NLyhN4
HangApp AB,ChIJz8OIXumEXkYRY9TaHFjdcf0
techgrupp.se,ChIJETnuys3Ky44RONr2vPrGGzY
Adapteo AB,ChIJz8aLUMdmXkYRj7E-oPVZKxA
Västerås Moskén,ChIJGbA2gmphXkYRf9FzCSX_ibE
IzKaMaGe Hotel,ChIJVw7wKZRgXkYRcoIyind14GQ
Mälardalens Mc-Service AB,ChIJ4a5GVEDzXkYRUy9S6JoBk4s
Italia Bike Center / DUCATI ARBOGA,ChIJtYGaCZonXEYRkRSR6O0cqSc
Ducati,ChIJgYx2lponXEYRIziWD4tfrY4
Karlströms Motor AB,ChIJWVM7CdgSXkYRX9YOfSfJ5oo
Rydergren Racing,ChIJcer5y2E-XkYR4oldLgVYUi0
Yamaha Center Västerås,ChIJTbxCysBhXkYRsjpWPCY8UCA
Kumlin Suspension,ChIJy7-r321tXkYRH9UBRK0WxhA
Bike & Repair Västerås AB,ChIJn-kV1s5mXkYRS_ZPV6pyir4
Sellholm Tuning AB,ChIJB4TcMAsqXEYRj8TFS6ElnvQ
Brantech Racing,ChIJR51SsUBnXkYRPZp_rxtWpgE
FunGarage.se - MOTOR | HOBBY | OUTDOOR,ChIJs9wDU8ZmXkYRZ0UdAg84WKQ
Sundbergs Kakelugnsmakeri AB,ChIJp6rGaTZhXkYR0PhlzgEo_8o
Arboga Robotmuseum,ChIJvbnHWYUnXEYRaxCaowPHuwk
Heby Tegelbruksmuseum,ChIJKe6RL6UVXkYRBHqMn8ribwQ
Wadmansstugan,ChIJ0z51JgI3XEYRlRtk9cGFXiY
Brunnsmuseet Sätra Brunn,ChIJUaaPB0ZyXkYR3hlPvMw1FeY
Tombo Isgruva,ChIJ7SH8VwG9XUYRr4dVvr3tD4w
Västerviks Museum,ChIJU82fpEJCWEYRX5X6V1Fy0e0
"Kanalmuseet Skantzen, Svedvi Berg Hembygdsförening",ChIJW7iVycd9XkYR5srPNJqqg3k
Oljeön,ChIJ06zqRaDdXUYRqf1wbpS-cS0
Karlsgatan 2,ChIJO8pKXTxhXkYRzaJ9fLYRdck
Miniature Kingdom,ChIJrU4hFuqEXkYRrcmjGjebSqc
Västerås Flygmuseum,ChIJGTcFxpdgXkYRXa9m420qTco
Arboga Museum,ChIJ98d2KJknXEYRfyMa06xDWzM
Verkstaden Jädersholme,ChIJw1ZYuE8mXEYR1mNwDh8aOtY
Myrbergsverkstad,ChIJpcX9ROHoXUYRxSqLs2Ck0gU
Före detta Veteranbåtsmuseet (Stängt),ChIJGQRb_CNhXkYR_I2rzVp6kVM
Carolina Rediviva,ChIJVWh_pvHLX0YR2qP4Xm67cTc
Kitselis Guitars,ChIJ-4syNGXdXUYRvqLAyDMb0FU
Fuseless,ChIJLQn8Lh0QBoERLwxACLrAnL8
RANK (Riksförbundet arrangörer nutida konstmusik),ChIJXSTC9T5LfqgR5VPMXOs1gWU
Kulturskolan Garnalia,ChIJFaDr2FFJXEYRgptjGH-yHvY
Björklunds Måleri,ChIJvyXNZgnCXUYRS2xJZoJLV9Y
Mälardalens Målericentral,ChIJKWLdEp5nXkYR_-Q7h_9g0ZI
Bröderna Thunströms Måleri AB,ChIJo_VxTAHCXUYRO1-xMOJnJ40
Kolbäcks Måleriservice AB,ChIJqWFYMsl9XkYRUFrovn_uGVI
Silverstadens Måleri AB,ChIJx2pGhdcSXkYR9APh_QeF1M0
Västerås Målarna i Västmanland,ChIJq6pa3q1mXkYRCfs_rKc486g
Målerifirman Olle Persson,ChIJ693FVJKBXkYRxuKy3V8YFtI
Rollerboys Öst AB,ChIJZbmRYs9mXkYR9pLlsfy0Y6I
Västerås Målerispectrum AB,ChIJawXFmDphXkYR55lvc1qjRbU
Färnebo Måleri AB,ChIJI4ypwnioYEYRlIiAhE481a0
Hökåsens Måleri,ChIJjbiL1PZmXkYRVjRnWpuebkc
Medins Måleri i Västerås AB,ChIJ_85KVythXkYRO2zQqrgefIk
Prästgårdens Måleri,ChIJg099J2LPXUYRaoljPWdNq-4
Västmanlands Måleri,ChIJ5dxLKPn0KwcRKzZzEPnIIks
Svea Fasad & Måleri,ChIJAQAAAExmXkYR162Z-xayo9w
City Måleri i Västerås AB,ChIJM3gYutdgXkYRBuOoTCFX_SA
Måleriet i Mälardalen,ChIJx20MV5FjXkYRk5aUjJjrM_Q
Prima Måleri Västerås,ChIJJdDacp5jXkYR4oBGdhrdtPU
Flx Måleri AB,ChIJaUsZaKoTXkYRstKonvPqkjs
Roax Partner Ab,ChIJyzoFUGphXkYR2rUZKdL2fMk
MälarMåleri,ChIJVVVpZy5hXkYROaawuKj0vuo
Walkers Fastighetsvård,ChIJN1ACnbeBXkYRKgGtF_nmIgU
Aros Måleri,ChIJNwY_YBphXkYR_qzrvMiDCn4
Henrik Lång Måleri,ChIJi-XzSUJhXkYRKugRNpwpoGU
Sandå Sverige AB,ChIJ42D8yScTXkYRi08trZEfKC8
Linus Englund måleri ab,ChIJbw8ZmoUnXEYROi7_VIkJwNY
PINTAB Sweden AB,ChIJIXwBJ9dgXkYRvwtuapunNqc
Lolo Home - Unika Möbler,ChIJMSjMpcxmXkYRU2VTENSyYcU
Raggarsoffan,ChIJ___D-3hhXkYRHB1PrGyw3Ew
Lilla Möblemanget AB,ChIJFUI0c85gXkYR7r9-Eh_HP4k
Retuna Design,ChIJq6qq2RGNXkYRa_Nkb8IxuGk
Hammarby Bruk Nora AB,ChIJmyUaf8NBXEYRb3eYGWSgWaI
Israelssons Möbler AB,ChIJG4Dz5kFFXEYROMWuJACD_ac
Søstrene Grene,ChIJ5YEK7NRjXkYRFQZUkH153mk
Mio Västerås,ChIJs4p6LcBjXkYR4Fssx4jS6GA
Hey Interiör AB,ChIJC7tytnxjXkYRUY2AhCSsW9E
Svenska Hem Västerås,ChIJZeaSvTJiXkYRC11Cjw1fpVw
IKEA Västerås,ChIJZaXiHz9hXkYRFyp02BFvsNE
"JYSK Erikslund, Västerås",ChIJa13mehVjXkYRJ7cLc_jMwH8
TL Trading Thomas Larsen AB,ChIJFfes0aWfX0YR19dfjs577K8
Convert Möbeldesign,ChIJA094_9GFXkYRiwQxAAmPmLw
Sofflocket (Tapetserare),ChIJB5i3QhRnXkYRg-A7Mx8G9Zg
Möbellogen AB,ChIJ_d1ZDg5eXkYRde-re8kh5zg
ColorGlo,ChIJv4JihaLpXUYR5q6vHYlSSVw
HDB Snickeri AB,ChIJmwKrF699XkYRlc5ObKTtVNk
ELT byggkonsult AB,ChIJq6rqzHZhXkYRTJlD1oYOIAI
Ekerby Snickeritjänst AB,ChIJA90Ez-1jXkYRDWpUH1nTRSQ
Fijoma,ChIJfbeDyNFtXkYRJywB1xpN1SM
Arboga Folkets Park,ChIJlfwr1AonXEYRQ0cPfXw-Wik
Rockland,ChIJH_PQX65tXkYRKMKV4XaZKFo
Strömsholms kungsladugård,ChIJDSdDgTaGXkYR5FTi8x1uBPo
Herrfallet,ChIJccEfcxmfXkYRpycrWgyK1W0
Sörkvarnsforsen,ChIJ-wWwF8h9XkYRiURhJGtGO1I
Filliquist,ChIJKbleEFyGXkYRVm2UQAvSaJQ
Mörkrets backe,ChIJdyuJteCDXkYRvYMuO9nSCYk
Good News Magazine,ChIJXVUsA_JhXkYRM5FyajGg6gc
Direkten Kolbäck,ChIJJevvqWeHXkYRlluOfw8ft5s
Handlar'n,ChIJXcoPFHs3XkYRsAoJ4hGBLc0
Toilet,ChIJtXNxB5RhXkYRpYBOG-3UDMM
VME,ChIJBTxw_fiBXkYR2BZHYagDzGs
Järlåsa fritidsgård,ChIJvdvV0wzLX0YRvnwxjCiNev8
Fjärdhundra Brandstation,ChIJaSJKbtVBXkYRw1FSVAQQpdI
Invest Västerås,ChIJJfCzXz5hXkYRMTkniSryNUs
Journal- och arkivservice,ChIJ184CFaKNXkYRb9uTSAoJAKM
Frösunda LSS AB HVB-Verksamhet Jälla,ChIJCw7T4vqZXUYRWZk4UbkKPLc
Nyström's Cars - Västerås Opel,ChIJAQDA8epmXkYRRqoxaLbSXy4
KlarSynt,ChIJ4VcxPxPCXUYRjtvJPp19_fM
Syncentrum i Fagersta,ChIJQUBJtFbDXUYRjygIVY5dbsY
Optiker Smarteyes Västerås,ChIJH7wK1j5hXkYRBVs_8Cld1eY
Glasögonhuset Linus Älgå AB,ChIJYbgXeOMUXEYRNQSS_xJArwY
Direkt Optik,ChIJran3GD9hXkYRjw7RH_pyobw
Specsavers Optik Köping,ChIJP2yHwIuBXkYRPuYJWPuD5UE
Synsam Arboga,ChIJd3DYapknXEYRel7Hjcy7Bog
DBI Vård & Hälsa Västerås Ortopedi,ChIJbWMpTDlhXkYRkGYl4KwFXZA
Aktiv Ortopedteknik Västerås,ChIJAdN89DpqXkYRLDuj-FV4fdg
Iittala Rörstrand Fiskars Outlet,ChIJ21Fu_jVlXkYRjgZpSWQZlC8
Arboga padel,ChIJ2yOFR3AnXEYR6Oq5HmjLxzs
Casa De Padel,ChIJJdGSV8oVXEYR8peYxPWAUw0
Västra Mälardalen Padel,ChIJGbkybzwnXEYR_fOAG7LMIa4
Every Padel Hälla,ChIJ6fNx4cdgXkYR9IPmSOCV9as
Västerås Paintballpark,ChIJm5zz6uNmXkYRbFmomDYTeyY
Camp Emma Paintball Arena Västerås,ChIJTQTUtcMqXEYRc5oVYY9I5yY
Pantbanken Sverige Västerås,ChIJTSTSmD9hXkYRYzrzc18IV5c
Sefina Pantbank,ChIJ1T84-j5hXkYRdwIoxwQJLgc
Blackline AB,ChIJyfocRF9FXkYRmCbhRyX7v5c
Norbergs lokala kennelklubb,ChIJgVdv2yTpXUYRg8mI1ZywJrc
Folkets Park Skinnskatteberg,ChIJ0V1I7_DFXUYRUkiQgPQvAxg
Universitetsparken,ChIJ_9kMWPHLX0YRiZR4Ln9tGYE
Lekplats i Anna Petrus Park,ChIJJz6nCFjJX0YRW43GELvSAgw
Parkering Metallverksgatan - Västerås | APCOA,ChIJySqanzphXkYRaqiSBGAUUBE
Aimo Park | Hammarbacksvägen,ChIJFz-vcc9hXkYRuttAwfNdRto
Ställplatser Tumbo Husvagnar,ChIJneiDKl6NXkYRnhVrNcm7EOY
Ljus & Nöje Örebro AB,ChIJWf4l5kYVXEYRQkYSmrnRXrE
Bjerkéns Patentbyrå,ChIJi_KkfTphXkYRmQ0FX0dzVrk
Ria Money Transfer Agent,ChIJGxqcMn6BXkYRJffns0enZKY
Pensionskontroll.se i Sverige AB,ChIJ20qRBjxhXkYR-hHn-vmvJSQ
Mälardalens Fond & Försäkring AB,ChIJg00LkL5hXkYRC5uaLfOpuOk
Studio Elwah,ChIJ95-64eRkX0YRFwZqWnIupqQ
Reyhan Kolgrill,ChIJ7a30hW5hXkYRb0_voJOVIoc
Eminent Consulting AB,ChIJr762ET9hXkYRB36_9JI8rkY
SeniorProffsen AB,ChIJI9d8ZDphXkYRvs-4FNzPCPE
Vägen Utvecklingskonsulter AB,ChIJIXUfKdVgXkYRX-bWinMDKBk
Extramamman Och Ugglans Hemhjälp,ChIJt-XegpEVXkYRnTqP437BaMM
Happy Training by MKA,ChIJZ7eXaiFhXkYRvDjD5bLPCUM
Insight Sport,ChIJfytu1u5hXkYR4BwcnNW8ZdE
Lifenow,ChIJFQBvEh7VXUYRvc5qRIx3Jmg
Viljestyrka,ChIJRQWTYpxhXkYRBYjf3V-ShTM
Fysioelit,ChIJ06sT3bthXkYRcRNA99RaWew
WORKINOUT by Ida AB,ChIJtXBeXBFhXkYRAV-opaxViaw
Grundstyrka,ChIJj41oyDgKXkYRG077nIakX-o
BBrosFit AB,ChIJyzXGtiJhXkYR9d3fw8AUIVE
J.Malmqvist Training specialists AB,ChIJlUvi2DdlXkYR-0enV3dCh1g
Activetreatment,ChIJCViByU9LXEYRKbdGDUHaPGA
Pianotjenst i Sala,ChIJh3w4Fx3w9QMRWPq9Ssl9l5A
Pingstförsamlingen i Arboga,ChIJH7g2gpsnXEYRjLJLE9CDtss
Pingstförsamlingen,ChIJ6XXK2MOEXkYRxPCt02F4upU
Pingstförsamlingen,ChIJM3SAy4qBXkYRAKLlBj5TIyI
Pingst Sala,ChIJJS7YecUSXkYRoN5OHrpWLO0
Pingstförsamlingen Eskilstuna,ChIJF_JsgrbyXkYRl_5MJXTQKwk
Pingstkyrkan Västerås,ChIJ1UEgXGphXkYRYbjiXKgUir0
American Burger and Pizza,ChIJr2dpYPNhXkYRWMl3KYp1B10
U.S. Pizza,ChIJgbpj7f_BXUYR4sddEDMFIEQ
MONA LISA,ChIJO8jhIDElXEYRzJ1m-B1KZP4
Milano Pizzeria,ChIJV7-64K99XkYREh7bhMxQTQA
Hemdals Restaurang & Pizzeria AB,ChIJO5yE5yhhXkYRDsas8uBpnJM
Pizzeria Verona,ChIJ4wwcoIuBXkYRh7siDc1pMIo
Fallo Italian PizzaClub,ChIJt31Z1ZCBXkYRiN1fKYTTilg
Buddy's,ChIJD_LBkdroXUYRBNOdweC5o7s
Papillon pizzeria,ChIJyWiN38hhXkYR9PiIqh10Bn4
Uddenskrog,ChIJb1PJwSJhXkYRm7EEjmt51kQ
Pizzeria Näckrosen,ChIJSwz33pdmXkYRZRb4-7WkXh4
Rondellens Pizzeria,ChIJwxbh3NJmXkYRQbwe2dHKu_U
Sannegårdens Pizzeria,ChIJOQjR5N1hXkYRILWGcuqH7dg
Pizzeria kungen,ChIJBULGLtBJXEYRpWKv4lPNpFs
Kebab House,ChIJgVPL_LH2XUYRL77qcM5ZXNg
Trappan 2 - Pizza - Kebab - Grill -Sallad (Råbyvägen),ChIJR3JTj5DNX0YRaf97zkxhSrg
Pizza Hut,ChIJ5Y6BVLZgXkYR46EauwQp2ho
Restaurang Taormina,ChIJs7N6IidhXkYRZ_jmdLhw_38
The Palm,ChIJc8uMbetjXkYR58ucRpb9zRA
Pizzeria & Restaurang San Remo,ChIJV25m0-JjXkYR3Uc3_UgLRoQ
Bistro Lilla Stallet,ChIJDwnK5pZnXkYRQlJJ9sC8biM
Kronans Pizzeria i Köping,ChIJVVVVFfKBXkYRAChRsA3GEz4
Farina Pizza Rosendal,ChIJ8X0-SLHLX0YRWaJ3trGAp90
Aros Pizzeria,ChIJd4cd2k5hXkYR02HrWesQhMY
Pizzabakeren,ChIJH7lZAcFjXkYRjK7wCxgZDew
Lilla Trädgården i Nora,ChIJDfpF1PBPXEYRLmcERa26NxM
Art Clinic,ChIJsQ9hfdVhXkYRteqmUdFHxSc
Diamond Plastikkirurgi,ChIJH4IwpdcVXEYRNWIyyTGHp2w
Reformedica - Plastikkirurg,ChIJh8FCBx0VXEYRQMVT_RsDEJo
Lindströms Plåtslageri i Kolbäck AB LPAB,ChIJP-k4goOHXkYRDEA82Z-TtYE
VP Arboga Teknik AB,ChIJYww2q5wnXEYRS9AOCi3URdw
Sahlins Plåt AB,ChIJ9ZlCcI8nXEYRzpjEuSGJspE
Perlefelts Plåtslageri AB,ChIJ5XrcmT3CXUYRfS5bqWQQb4k
Smevolds Verkstads AB,ChIJS1qyj09lXkYRGRrXNC9tmRk
Bergsing Plåt & Montage Ab,ChIJiS9bLGGdXkYR24aP8QpqT4w
WL Plåtslageri AB,ChIJE-zhTc8SXkYR_cJq-TxlHq0
Andersson & Julle Plåt Eftr AB,ChIJ4eukDYSBXkYReAKJa5e638o
HS Plåt I Köping AB,ChIJFSb2KiuCXkYRuSRJnL3USSA
LE Plåt,ChIJVVV56HlhXkYRKkCNwXXaLWg
Västerås Byggplåt AB,ChIJkULo-r9mXkYRk4NbfT5-pmc
AB Grällsta Plåt & Smide,ChIJyWn2JIVtXkYRM_sDjJmEt7w
Bäckby Byggplåt AB,ChIJuThBXk9hXkYR1jEYkxudkSk
SG Bleck & Plåt AB,ChIJWWA9c85gXkYRT5FQIMU0zSo
HNP Steel Service Center AB,ChIJhyuH3c9hXkYRjt0OCdI4Slc
Jägervalls Bleck & Plåt,ChIJ7etrhGVhXkYRjV05Ct74qpw
Ytsab,ChIJs-_fOo8nXEYRhN6mY_HKpwM
Socialdemokraterna Arboga,ChIJJzugO5wnXEYRs8oZOcpql7I
Miljöpartiet Hallstahammar,ChIJjyxhcbF9XkYR1zNz_LScapQ
Socialdemokraterna Västerås,ChIJF-XuhkZhXkYRXywNe07mNOs
Socialdemokraterna I Sala,ChIJryL2_MQSXkYRhMxWloBhijE
Moderaterna Västmanland,ChIJHdVDNMPpXUYRI2nYvlVd_eQ
Liberalerna Västmanlands Län,ChIJ76hOvD9hXkYReEoXK08Ga80
Kristdemokraterna i Västmanlands Län,ChIJ57XerT9hXkYRyKFx3H4BouA
Vänsterpartiet Västmanland,ChIJm1lOOtJhXkYRVv0dQdPpmBs
Liberalerna Västerås,ChIJ0QgOvT9hXkYRBDUsHwDLhhE
Folkpool Örebro - Pool & Spabad,ChIJb9GKxMcUXEYRuZLbZSilcjM
Bergslagens Sparbank AB,ChIJ47LEkbsnXEYR9XMDSN2Lv8U
CityMail Sweden AB,ChIJtw_umimCXkYRVjVo-Xq9Z4M
BRING/Myway Natti,ChIJl97EytITXkYRRa9bPabzU80
PostNord postombud,ChIJz5chEFOHXkYRsjmNpzisE_M
Posten Företagscenter,ChIJAfJIgJknXEYRlqtaPsYvbNM
Smaklig Spis i Västerås AB,ChIJAQAAkD5hXkYRig0FtIfwNzw
Flying Tiger Västerås Erikslund Shopping Center,ChIJfzI3w7hjXkYR6lOHHCYAcT0
Moodig AB,ChIJPSIWXcdhXkYRynnNKfrIf4I
Fryxellska skolan,ChIJA4s-GEBhXkYRgnWJjk2XBfU
Skälbyskolan,ChIJv8h9Z8pjXkYRPZo_sZWxfkI
Förskolan Västanvinden,ChIJuW3e68ljXkYRARuTWwK6BLE
CADShop Sweden AB,ChIJPS9PXhsTA0sRk3xDt2pmjRM
StakeProSoft,ChIJqdjEc_ok52oRgTCeaWmp-Ek
Dooer,ChIJcefKqFudX0YR1P1SlHXRQc4
Global Sec Tecnologia & Informacao,ChIJ2-VIGcUSXkYR2XRxCZqmghc
Vitec Fastighetssystem AB,ChIJZWXdTDlhXkYRLi9FSiWMFAo
Devisum Affärssystem AB,ChIJsUxOkC9hXkYR2NkyQmhQs6I
Ericsson,ChIJb63twM1gXkYRM56l92K-LHo
Å-DATA,ChIJLWVQbD9hXkYRiNOuFdyTWPk
Madison Event,ChIJVVV5f-EUXEYRUIh1mqviPso
PROCAD Systems AB,ChIJ0wA7oj1nXkYR7jg_F88MJRQ
ELPROCAD,ChIJr3num8ZmXkYRSPGj3TvaDDM
Sigma Technology,ChIJcdqrOe1hXkYR3HcuauwkYTo
Infoflex Data AB,ChIJVVVVVbJqXEYR0YBkH87EYwQ
Trimble Solutions Sweden AB,ChIJO64Jjj1hXkYR_KvmIbRn6aU
Percepio AB,ChIJo_EMxGphXkYRzFycwRplBes
12g Flight Systems Sweden Ab,ChIJn5tzVA5eXkYRUhfP9pqo3BI
Beguine AB,ChIJjei6fDphXkYRm031QLfiU7Q
Easyklikk,ChIJexn7HpBRXkYRJqmm7jfyKJA
SKIOS Engineering AB,ChIJgaQAc5JhXkYR75oYE-pvtDc
WonderBox Technology,ChIJiVMVTG8ze4IRV8xUITvrew4
Psykolog Pierre Mood AB,ChIJ3Q1Y-aNhXkYRTFSiL9MWRiU
Levara,ChIJAQBkv0BhXkYRpwIWJDCZMak
Leg. psykolog David Asmundsson,ChIJqxDqEIRhXkYRBXvrRvRKSjI
Johanna Karlsson Psykolog AB,ChIJ25Jwm0hhXkYRIEZ5mzzjwoQ
Leg psykolog Maria Söderlund Alm,ChIJ1cWuXF6dX0YRzL3cB2oVGco
Starlight Psykologi AB,ChIJh4rzaCZhXkYRs3Myag07dKk
RC Samtalsforum KBT,ChIJVU-Dw95gXkYRAX3f6cEJTwY
Sund Och Stenberg Psykologpraktik Ab,ChIJv4M4fcRgXkYRIl2oSwlXDMI
Anceli Valentin Leg Psykolog,ChIJRUtc6IRhXkYRLfM1dR6pfec
Maria Björkryd Psykoterapimottagning,ChIJOQLsw_phXkYRAO8ajrKjZ0Y
Göran's KBT-Byrå AB,ChIJk5jYxDhhXkYRPTKBvTWpCVI
Psykologerna Borg & Norin AB,ChIJy-cRyiVhXkYRL823UlbOkD4
Psykoterapi by heart,ChIJ_U7ivv5hXkYRMLuXIF33rn4
2consult i Västerås AB,ChIJF2j6DT9hXkYRlCAckg3K-s4
"Thomas Fahlquist Psykoterapi, leg psykoterapeut, samtalsmottagning i Västerås",ChIJL3ATcddhXkYRwKsN48bd8q8
Anklev,ChIJlTawQj9hXkYRmw54evX2lb8
Östs samtalsterapi & personlig utveckling,ChIJ5SWSMcRgXkYRQ5ai_6Td5lc
Västra Mälardalen KBT mottagning,ChIJWclK4M0nXEYRmTSYNsNxLs8
Kognitiv Samtalspartner Gunilla Dannapfel AB,ChIJO2j6DT9hXkYRkGQ7C705Pro
Ditt Samtal KBT,ChIJYezkBy97XkYRUWJfAiKaLkI
Hélène Stolt Psykoterapi & Chefscoaching,ChIJgazubkthXkYRHvAM0s8g-WA
KBT i vardagen Company AB. KBT - inriktad samtalsterapi för ungdomar och unga vuxna (upp till 35 år). Västerås,ChIJGbry-cthXkYRBsfpgMjIFLI
Nätverkskompaniet Samtalsmottagningen,ChIJOwAZ4JlhXkYRdnwsWhx3zM0
Karina Svedberg-Psykoterapi och Handledning AB,ChIJS6tSPBBhXkYRZZoybvtwKHU
Peter Karlström KBT,ChIJNSeStzlhXkYR9mw0V04erJo
Baldersro Psykoterapi,ChIJJ2NzFRCBXkYRb4KliKYMsg8
Olander KBT,ChIJr4hLgPiDXkYRY4HFyMTb1ZA
EA Gruppen,ChIJ82HaTMBjXkYRP3NVf4Cy51Y
Processpumpar Norden AB,ChIJMS74i1ZrXEYRVh4qhDqJLww
Hälla Gokart,ChIJt0uWrrZgXkYRxAO-STEAUak
Tetsu Örebro,ChIJj67AbrEVXEYRhHI8e8ayGow
STOP128,ChIJf7prQCVjXkYRdKL0f7q9FC8
Svensk Cancer Rehabilitering AB,ChIJZeHjBVxhXkYR4p9hoqVpN7I
Serendipity Healing,ChIJ_6DRCY9nXkYRtC3jKlDlChA
Box of,ChIJo1-L2e1hXkYRN86SNvdVKGs
SDR Svensk Direktreklam,ChIJlz93hNdjXkYRXZcSrdUvVn8
Assist Media (AM Scandinavian Media AB),ChIJexGDqMFmXkYRRQEZWi8rMIc
Xerman Screen & Dekor AB,ChIJo6qXmtljXkYRQSvl31MAKgA
Hamre Dekor & Design,ChIJ0d5eeOBhXkYR1P5sL2qqunk
Groveflow,ChIJ1YMwxQFhXkYR_qHsUDQLvOk
AbSe media AB,ChIJRcTacjphXkYRvQZt-wWSCyU
Bifab Begagnade Inredningar Fellingsbro AB,ChIJ47LEkbsnXEYR3-4zg6IjDrU
väl valda ord AB,ChIJhftAg0FhXkYRQFXSAbFYpdo
Kraftwerk,ChIJeyELQD9hXkYRd4nrptMAQmI
Intryck Kommunikation AB,ChIJgd5Vtz5hXkYRDJ4JN3q1hLw
CoffeeCow AB,ChIJlS-DZqqCX0YR5Pw5Z3U_wDg
Zebra Reklam Randiga Häzten AB,ChIJww9_nzthXkYRYVyrapofxwc
Fluid Reklambyrå,ChIJxQXO2-DzXkYRwFYnFsoWpkc
elindstrom,ChIJKSsJyTxhXkYRiIW-HDsl0BQ
Creative Department,ChIJIfsO0os_x6wRKjpeUwlpdSM
Azzcon Group AB,ChIJ3X-dgtdjXkYRqkR50jXuzq8
Lisa & Erik,ChIJ4a7CskdhXkYRdAz7mUeOpV0
Ellary,ChIJw6_l4d_YgiIRKDpulEYDI-c
Telar,ChIJ_Wq-WvlwLYURRf5J34zgPhg
Extō Collective,ChIJK1vuy1sTs40RmAGd2pyCjCI
Comminova,ChIJ_fT5ghG-QAoRbkR2z5gUwNA
Do Brand,ChIJGejDji9hXkYRxBLmylNNFBw
Su Casa Costa Blanca AB,ChIJLZFoukRRGGgRH0WBNOIXy7w
Vium företagen,ChIJ1VLw14hJXEYR8v5_dKCZoCY
Mälardalen Skylt & Dekor,ChIJBzst5qhnXkYRtaE3NWSlCwU
Skyltstället i Sverige AB örebro,ChIJFTJdaxQVXEYRlN_kxS8mBHo
Ropus Nordic AB,ChIJVVVVJT5hXkYRMYOv1gPOvhY
Talent Bureau Sweden AB,ChIJ0Qm_aWFhXkYRhrl7dY73xkI
iKon Rekrytering,ChIJ26AYv49VlgcR2SeHrt3Nf_Y
Randstad Västerås - Rekryteringsföretag,ChIJO_a9Dj9hXkYRAsDGKQy6SJI
Skills Rekrytering,ChIJcx8rFj5hXkYRJcH9j3FzU_E
Galaxen Bygg AB,ChIJDeeav0FhXkYRZmraPs-j6B4
SGreen Sweden AB,ChIJn5S7JYxhXkYRHfMPcI23dd0
Virsbo reningsverk,ChIJT9HY80HZXUYRVi6LjEu8fW8
Nexus by Sweden,ChIJ0Xl4wzi-PCwRMWDXv8dillQ
Svensk Vitvaruteknik,ChIJg_Mae8QUXEYRIZiIcvCX9x4
Motorteknik I Surahammar AB,ChIJo6UyVnB5XkYRLnnuCxg_vNM
Outdoor Vagabond,ChIJv4ubFXZtXkYRJxlNXb62rlo
Lemon Pie AB,ChIJKehUiqSHXkYRGtm-HVJUhZc
Ticket Resebyrå,ChIJbZGZ5IqBXkYR7z-l-HvVWTU
Everyday Travel,ChIJTSTSmD9hXkYRfVB_oGNqZzI
Ramnäs Busstrafik & ReseTjänst AB,ChIJeaKxaIF3XkYRpSStM5Y4T1k
Wonderland Travel Ab,ChIJTZYMuVpnXkYRQK5RRVfZktI
Resia Företag - din affärsresebyrå i Västerås,ChIJq6n3GD9hXkYRclYXNaTSDic
Sahas AB,ChIJw8v8w6ZhXkYR8eVB2WzQDT4
Italy Tours AB,ChIJqcL6nlBhXkYRPn6X8pUC5SM
Travel Zmart,ChIJ5ZBXcplRXkYR_frr4Rjxt0Y
PR Resor i Lindesberg AB ( Polar Resor ),ChIJveTeB1tJXEYRhiQXg8oKKb0
Visit Horn Africa,ChIJR4zB_xlhXkYRuMzDIKzbm40
Vinylcaféet,ChIJO6KLKCeGXkYRA8pMisE29e4
Krog & Co Köping,ChIJcfzG12mBXkYR1fKxZMc9clM
Bistro Box Västerås,ChIJr5QuZSFjXkYRoihXPgZg3jA
Matstugan - Lunch Västerås,ChIJuTbNN3FhXkYRH1ZPkNmUKZU
Leone Deli,ChIJgzrTcKJ9XkYRD2PakLlpkzc
Food & Co,ChIJqeLBMtpmXkYRm41wZV9xXYM
Nya Serveringen,ChIJLfyjPZ_dXUYR557XVMHHa1I
Maijas,ChIJ3SiEDukgXkYRkSGdhbAoqHs
Arboga Pizzeria,ChIJ0494M5wnXEYRw7pPQoPD9So
Jarlis,ChIJfXUxYXs3XkYR92DYB2J_PS4
Kolbäcksgrillen,ChIJdQFA1AWHXkYR8_jTmfZk61o
Kvicksunds restaurang,ChIJm2q61cqIXkYR15bUR0wyfqQ
Restaurang & Café Papa Jun,ChIJkeQ64tuOXkYRYsM-dmoBAZw
Pizzeria Latifa,ChIJUbv-64uBXkYRnT-zSngSFIw
My Kök O Bar,ChIJAVYzRGc-XkYR16obVA46s1w
Heby Wärdshus AB,ChIJbxGGIY4VXkYRFTyqz8O6rUI
Gula Hästen AB,ChIJD0zA7zKGXkYRofzsICbP8JM
Chicago the American Luxury Pizza,ChIJgbJYjeJhXkYRemTjsgKu8Cg
Viksäng Pizzeria,ChIJ875R0t5gXkYR8T-rifL8PEM
Di Spagna,ChIJJSOzxzhhXkYRKZ8QV2G8Jqs
Blue Flame Indisk Restaurang,ChIJFUJ6PWEnXEYRN9RCQX2gb3k
Waffle Deli,ChIJX-uEPnsnXEYRLHLY9s8YSdc
Våffelbruket Fagersta,ChIJx0DA7-3DXUYR_MceB6JhoWw
Bar Mangia Mi,ChIJf-pUhUdhXkYRQXYL-WVIN6w
Paesano Italiano,ChIJ7QYUusnPX0YRX9s_KL_IPWo
Restaurang Ågården,ChIJrfB6M5knXEYRhYDh0xnT4yY
Vallonen Café Bistro Restaurang,ChIJFzfXVJ_DXUYR61LPaSyo2eA
Restaurang Hyttbäcken,ChIJw3hUEj3CXUYRZdQptGXGeGA
ZIGZAG BURGER,ChIJCZeAaymBXkYR5l_81dHc6w0
"Mat & Prat, Norrmanska Gården",ChIJk8s6rdoSXkYRklmQZ6Oxoms
Ruby's Kitchen Sala,ChIJ8VjSH_MTXkYRcOJXluLXue4
Kajens Café,ChIJPfsJyxdhXkYRdXYlHCnudIU
2 Rum & Kök,ChIJOTZQ8jthXkYRADzkNR5pMbQ
Global Living,ChIJFwr1LD9hXkYRBWIqthacOmY
Bistro Lövudden,ChIJR53SlkFhXkYRPQ5VaoWn-6Y
Djäknebergets Restaurang,ChIJKQxxEkdhXkYRxub9scJ29I8
Valsaren Kök,ChIJc0_jOe1hXkYRU0vvgo3r7VI
Hermanas - Mexikansk restaurang västerås (Tacos),ChIJhfO8JTlhXkYRt3OHyjZjWd4
Hässlö Werdshus,ChIJ7X0iXJBgXkYRyZF4Nz0oeWo
Stadshusrestaurangen,ChIJFWzZZz5hXkYRLLNRI5iUCIM
Restaurang Varda,ChIJwVpL1z5hXkYRAGTbc3nvcTc
Sensi,ChIJ38CCsl1hXkYRd5wehPutXiQ
AGRILL,ChIJ7ad1uBdhXkYRXBz1bGhd89c
Mälarkrogen,ChIJ_euNiBZhXkYRTbouHQ30n50
Malmens Restaurang,ChIJ60Dt1i9hXkYRI5N3pyA8Wwo
Surahammars Golfrestaurang,ChIJETZUBoV5XkYRB7tHE516VUQ
Hallstakrog,ChIJj_mcyHV9XkYRbztPnJhdXYY
Arams Burger,ChIJ-wx5aUphXkYRPxY7K0gShow
Phood District,ChIJAcm4T4ZjXkYRW76U0vuvCZ0
Stigen Västerås,ChIJkzu4fl1hXkYRjvnlsuWaWGs
Blackstone Steakhouse Västerås,ChIJjTolCKlhXkYRN3D99hy2lNk
La Siesta Kolgrill Västerås,ChIJgQwt7NljXkYRNoGLD9xBfac
Greken Souvlaki & Bar,ChIJAQAAQIiBXkYRY5Mcvhn4Jh4
Borgåsunds Hamn & Krog,ChIJr2LCB3GHXkYRn0wGrxrBIk0
Cheers Restaurang,ChIJZ_vMXtVhXkYRf8u5DcfwBp4
Brasserie Stadsparken,ChIJH-i6Az9hXkYRPcSebh9-1sE
Ankarudden,ChIJ05S_vSJhXkYRmEAoGYejoC4
Ruths Ölhus Västerås,ChIJ63ARhjdhXkYR5wMKXTKNXpY
Magpie Restaurant,ChIJLTZaXcxhXkYRTexVMT4vQVE
Frank,ChIJeyELQD9hXkYRJvKUNdPCc3g
Klang Market,ChIJH1hUGb1hXkYR-ja8ynHGQYE
Eneroth&Lager,ChIJxRaTQZaHXkYRK75cifzmAc8
Sushi Fu,ChIJZ7QgSLXLX0YRlyxsDzsKs-I
Hörnet Västerås,ChIJ8bxXGwZhXkYRKefDqmwcdbk
Marcus Hallgren,ChIJdV7IG4uBXkYR71cW-hfbrYs
Ekmans Mat & Event,ChIJLxeoOTuNXkYR8jv4vOFOmys
The Nutmeg House,ChIJJ_TxkR5hXkYR77_EYgN3mG4
Matverket K43,ChIJYQvyZAXzXkYRqHec2GeaWh8
Ya Poh,ChIJbaSFMLM3UEYR9Pb52TnFLkA
Kebabfabriken Västerås Erikslund,ChIJKTGOsndjXkYRLTVVweu8cXM
Glada Gåsen Restaurang i Västerås KB,ChIJTa7jbEhhXkYR7TwRWMt12fo
Ta Inn Hotell Och Restaurang I Västerås Ab,ChIJq6p6VCVhXkYR_XXqoSRxzaI
Adam & Oliver,ChIJZfJMyhphXkYRozfdlcVLoZ8
Nya Hattfabriken,ChIJddM0bD9hXkYRQrme968jiJY
Smedjan Kök & Bar i Västerås,ChIJ3SOPjrRhXkYReTG_hZCkJOA
Mr. Mango Sigurdsgatan,ChIJCXALpARhXkYR35Su976m8pQ
Casa Del Fuego Västerås,ChIJA4u5cPVhXkYRies8cyJ7qEE
Fisk i Hallen,ChIJt3IxWuQUXEYRlll1-ckFtPg
Sjömagasinet,ChIJG7NI1ACDXkYRiBfLNddh6SU
Kalle's Pizzeria i Storå,ChIJi_ScPrKyXUYRO5XxSvZvwpw
Grillköket Lindesberg,ChIJgXHXPVVJXEYRRry8AWmnccE
Elma Steakhouse,ChIJ63MZKxthXkYRctzZxjflY3o
Thor Modéens Gästgifveri,ChIJQ_ubW-qEXkYRAnCx6F3m7mw
Elladi,ChIJ5wh0Bv1hXkYRFY7oBg65yNM
Cafe & Appelgren,ChIJM6gFyQZ3X0YRTdPDl4UYbvI
Riff Musik Bar,ChIJ04j11M5JXEYRD7n3oJ3IhKE
Adana Grill & meze,ChIJhb2GC_RRXkYRVSEQOTKzmp4
Sallad & Sånt i Västerås AB,ChIJM0_TI3pnXkYRRSD4gD5jxq4
Stadsträdgårdens Café & Restaurang,ChIJZYWwoP0UXEYR06uk2gINm-o
Nya Källar'n AB,ChIJXT2kIJknXEYRNG7upamlM90
NOM,ChIJQcsNBT9hXkYRISf3gV0DBss
Bierkeller,ChIJi5NQmj9hXkYRNLWZhyt0yxY
Vinoteket Västerås,ChIJfSZf_DthXkYR8GQ88ED_6tA
bar LOKAL,ChIJI6WW9qlhXkYRFboI_60bqOw
Mocca deli Västerås,ChIJjxKprGphXkYRGWjoDdV9CHE
Magasinet Västerås,ChIJMRvCxvphXkYR2eFrUbcH-DQ
Baggå Skola Café,ChIJI6FlOZDHXUYR7ZMh-tve42o
Kajplats 9,ChIJfz3hMRZhXkYRvv2dtKNKTX4
Marcel P. AB,ChIJRUOz4d9hXkYRWjyW_-KJ1Ho
Saluhallen Slakteriet,ChIJjzlll3BhXkYR1MCDKBiSPOY
Restaurang Falkenbergska Kvarnen,ChIJKRSSj0ZhXkYRes9I0L7Hjt8
Rasta Arboga,ChIJQwZeiWSdXkYRYR9QHULDedI
Salladsmagasinet Erikslund,ChIJb2C6rbJjXkYR7m2Mo9aVRgM
Pancake Factory,ChIJY9YnorBhXkYR1-mkW6Iy-oM
Café Två Skator - Restaurang Arboga,ChIJtU3Od5knXEYRmovAGTFZeSE
Brukshotellet Skinnsberg,ChIJ36vpm_jFXUYRSADXTxzPFW4
Restaurang Maistro Hallstahammar,ChIJ5QP_KrF9XkYRGjO3SMZ--zM
Örebro Saluhall,ChIJG5XWDeMUXEYR0V1HmVLdde8
Systrarna På Gaggeska Gården,ChIJB-Cy51lhXkYRzgAuS1_gafQ
Dinners Arboga AB,ChIJ8_hQJ9EnXEYRnsKeSfYV6Zg
Skeppshandelns Stenugnsbageri,ChIJ_SajYCeCXkYReaxmWwAdAeY
Kebabhuset i Lindesberg,ChIJR1PHXlpJXEYRWaepterIhMc
Högsjö Wärdshus,ChIJIf4zGCokXEYRXanvPt_kWto
Restaurang Pråmen,ChIJcz5WTBZhXkYRvYmuBSnryeQ
Westerqwarn,ChIJL9T4nr-HXkYRm03EMLihC1I
Arpa Pizzeria,ChIJsYfoT0phXkYR7V6Xmt6kAPw
Lilla Vega,ChIJl-AC6NFgXkYR7-2E7kH-8gI
Pims Hot&spicy AB,ChIJrbBsE5knXEYRzrwEWfU3Zgs
Köksgrossen - storköksutrustning och restaurangutrustning,ChIJo0069WCDX0YRUHniySIm8KM
NHT Trading / ALLRES,ChIJwZExc0xjXkYRqcXqphjnWXo
Multeral AB,ChIJi2Px02gVXEYR38r2H_iLRiA
EK-Service AB,ChIJJWV5HeljXkYRXTucFh0FYvg
Snabbgross Club – Västerås,ChIJZ7mRYs9mXkYRgejPjmtedL8
Ekonomitjänster Gattinger & Magnusson AB,ChIJ6YLSJoyBXkYRPlxvgH65QbE
Ådemark Ekonomi AB,ChIJAQAAACdkXkYRhNjqLTn66fM
BBR Ekonomi AB,ChIJKW-aBTphXkYRNazKtofCGR8
Aros Revision,ChIJn9ztA8FjXkYREkeM1jYg9jc
Klein Redovisning,ChIJzQmjwZ4sXEYRDx1-2pcRO3s
Wilson Redovisningsbyrå AB,ChIJ1QCCo9ljXkYROvfPfomeYGU
E Wallin & Co Redovisning AB,ChIJ07JiKM5gXkYRmQKZ7-zqHfE
Revisi revision & rådgivning AB,ChIJE0nLrD5hXkYRprys1XYdcLc
Prokab Ekonomikonsulter AB,ChIJI2j6DT9hXkYRxqNcGr518Mk
XAccount Redovisning & Förvaltning,ChIJ75L7H21hXkYRB1rPgHQqaTo
KPMG Västerås,ChIJbWMpTDlhXkYRWTL57AkxVlI
Crowe Västerås AB,ChIJTZ32mjhhXkYR1ogHOTkWE4M
Grytan Assistans & Konsult AB,ChIJWY3-l3pnXkYRd24bPpqSMXg
Salaortens Ryttarförening,ChIJXZ9iGSETXkYRbYieqkNm1TQ
Heby Ryttarförening,ChIJ2Wvv4e0VXkYR-dc5wEetBIY
Bysala Ridklubb,ChIJ71SXpvLRXUYRzZuxcEwfXJ0
Östervåla Ryttarklubb,ChIJoSe1hcggXkYRJjbzvGSdVhk
Stall Fågeltäppan,ChIJNYZh0MfpXUYR4MzRX2c8xJA
Lösa Tyglar,ChIJVVVVVUXGXUYRGVTRK_hakYA
"Knytpunkten, Ridskolan Strömsholm RS AB",ChIJx7TXWzKGXkYRqawKdj_SKeo
Baståsens ridklubb,ChIJu44UnOl4XkYR8TJbWDcdX-Q
Surahammars Ryttarförening,ChIJVU81u3d5XkYRA89-CQV85RU
Fagersta Ryttarklubb,ChIJt911m_zBXUYRayt83KMGanE
Hallsta Ridklubb,ChIJfUcXqQl9XkYRow4FZTSs5wU
Hamre Ridskola,ChIJoxZK6ZRgXkYRlGkPNjJFyrw
Myrby Ponnyridskola AB,ChIJZaXiHz9hXkYRnA_g9JL5Hrk
Kungsörs Ridklubb,ChIJl0HcDsGEXkYRBXM6IbQoNSc
Grällsta Ridcenter,ChIJg2fBypdtXkYRV0Nh_yKTrx0
Wirsbo Ridcenter,ChIJFaIp5E_ZXUYReYx6lHIfeu4
Västerås Ryttarsällskap,ChIJG_-puydhXkYRfRDP4KX8a4U
Upplanda Bygg,ChIJhciAz8IhXkYRTCQSkUeiK_M
Safe Demolition AB,ChIJF-wpkUclXEYRV7dlgYuZAqg
Tankdemontering i Lindesberg,ChIJAQAAAGRMXEYRmIYlDcMiMS0
Heliga Guds moderns av Kazan rysk-ortodoxa kyrka,ChIJmYLslLNhXkYR0srif95w8vo
v5yg,ChIJA9msaFAVXEYRZb5Oyem-iMA
Matpoolen Food Ingredients AB,ChIJd5dw32cVXEYR0jLX3w8SWSg
Saferoad RRS Sverige AB,ChIJVWh1lLonXEYRCVLFHkfZXAQ
Unilabs Hälla röntgen,ChIJxUC4L8hgXkYRx4GCFhnJV_o
Colly Flowtech AB,ChIJQTIU76OHXkYRD7l_7GD3wUs
Repay AB,ChIJv4_kGSeCXkYRH8eD7H7Adm4
Heléns Rör AB,ChIJN81rvH1hXkYRqwdl_QZ6gxo
Lollos Sadelmakeri och Läderhantverk,ChIJPYsMi58ZXkYRaTC6cNtvtt8
Strömsholms Sadelmakeri,ChIJ_____9iNXkYRTjamDOyxK2k
Jennys sadelmakeri,ChIJjZNLFCx1XkYR7NxvUEoG3aA
Fresh Food,ChIJtar1Q1phXkYRMirLTIhlyXs
Em Sanering AB,ChIJjXTsbiVhXkYRBkEtTAEIbM0
Recover Hallstahammar,ChIJOW2s9XV9XkYRARxKuKbBhN0
Testab Fog & Sanering AB,ChIJV3nXZM1mXkYR0FC9x6S7S7k
Lasses Kvarter,ChIJhaafi5FnXkYRe-tQLXyHMeQ
Folkparken vid Mälaren,ChIJJapntTFhXkYRCz8I-F5jTC0
Awake Project,ChIJBX4XazlhXkYR26pDaBwd7EI
Martin Nordström Maskin AB,ChIJm9us4cl7XkYRw0Dk0jlP4o0
Källsta Schakt,ChIJs0N1-IqBXkYRP67jhVVzqOA
Tallvillage Entreprenad AB,ChIJl3FgEkxDRCURZNdnfJnYq0Q
St. Olof Scoutkår,ChIJz7KB_bFmXkYR6RDbg7nl92c
Scrap-Perra AB,ChIJ2-VIGcUSXkYRJmnN6F3ao6s
Myrorna - Second hand Västerås,ChIJ63bBnz9hXkYRMMUVStnZ23E
Läkarmissionen Second Hand Västerås,ChIJkdI6X1lnXkYRcBJ6b2HyZ6M
Gammalt och nytt Köping,ChIJX9qUocuBXkYRWF-zci1PjdY
Brödet & Fiskarna Secondhand Västerås,ChIJeeaPw81gXkYRSSDRHKx46bo
Lyktan,ChIJAQlHzZ4nXEYRGpSZcFoQBhM
Bergslagen secondhand city,ChIJYzWuyVQVXEYRFLDmHTmCAtY
Ge För Livet Second Hand Örebro,ChIJt538rrcUXEYRxKIqmN3HxzM
RE-SELL,ChIJq922UEgTXEYRvMyrD42OZD0
Reform Örebro,ChIJ9-Be0c1qXEYRjFICSlBbibs
Erikshjälpen Second Hand,ChIJ3c0tcABPXEYRL9nrEwidd3U
2nd Hand 4 You,ChIJafNa6UIVXEYRZ1MbTnwaIOo
PMU Second Hand,ChIJd83BWSeCXkYRCJhAlS9dKpc
Västerås Segelservice AB,ChIJ57-HQiNhXkYRsMES4kcfiMg
Lg Lyft & Elteknik Ab,ChIJFUI0c85gXkYRxKGHfw169lg
Lögarängsbadet,ChIJ-UFZOhNhXkYRijYrI8OJ6DA
Sala Simsällskap,ChIJRytw2LkSXkYRbWqTaEyspkw
Två Små Fötter,ChIJIYKoKJknXEYRhBbbwzw3n8Q
Glennes Fysioterapiklinik,ChIJJxgRUWlhXkYRBPFc15QQDBI
Pp Fysioterapi,ChIJI0c-2UVhXkYREX92pYjb_K8
City Sjukgymnastik Västerås AB,ChIJQfzdJMRnXkYRouZOA_A_F20
Holten Institute,ChIJVVVFHEllXkYR8Awh4Tw9qG0
"Sjukgymnast, Freja vårdcentral",ChIJpeOhz1YlXEYREvMHvgEyscE
Hälsorehab,ChIJT92eZCJhXkYR2nIb8C_YZyo
Levád Fysioterapi,ChIJI2lA981gXkYRkh-oldC4OU0
3P Fysioterapi,ChIJFYTS9DlnXkYR_5YhY_DW53g
Östervåla vårdcentral,ChIJObj-8ekgXkYRMtybhpz391w
"Centrum för klinisk forskning, Region Västmanland/Uppsala universitet",ChIJx0r2_wdhXkYR4IhnAcbcrF4
Ambulansen Västerås,ChIJJa_yatZgXkYRdS05O765EWU
Västerås Adventkyrka,ChIJC5SpJTlhXkYRp7xe7bbI-JY
Brandts Gårdsbutik,ChIJ4UGV0k71XUYRoG90msBBCJ8
Värpeby Bär,ChIJNYSB0JiHXkYRHaOSrTa3lRI
Nomor Västerås,ChIJmQDOi6djXkYRmJL7o_h44hY
Bröderna Berner AB,ChIJVVVVVdRPXkYRpJJi67W5JIU
Anticimex Västerås,ChIJQ28N77dmXkYR_oYYEmw3Q58
Räkbåten M/S Lagerbjelke,ChIJy9foMv0UXEYRAuIJ20EzvyM
Skiljebo Bygg Ab,ChIJLU70fNRgXkYRPfEEGbWh_H0
Skatteverket Fagersta,ChIJAYXmGQfCXUYRUgrLZx6cyw0
sporrongs,ChIJKwq5_uogXkYRYWCLibc045s
Teknikbacken,ChIJ-yNy74MnXEYRCjOhJUGHnFY
Vedbobacken,ChIJeyEJxvFjXkYRrU4b1wrkvoY
Vinyl Records Sweden,ChIJCyyoS-2BXkYRlsBPS-3vEIU
Hallstahammar jaktskytteklubb,ChIJO3Q6oJ1-XkYRnBZNOL1JTxE
Västerås Pistolskyttar,ChIJ5STXFZtjXkYR2fRoJmlGYGo
Wallins Skor,ChIJ1xrqJMUSXkYRG9YcGS25Buw
Tinas Skor & Sånt,ChIJudk3iXp5XkYRe8-l-RMC4m8
Ryns BigInn Köping,ChIJ3fZQvvqBXkYR9kf1pLl-29c
Eurosko,ChIJs0mEbMUSXkYRlQLUPud0t8c
Deichmann,ChIJyxskkrhjXkYRYDg3wwXdQhk
DinSko,ChIJt2Rs8LhjXkYRKebu9PBN47c
Ecco,ChIJiev78rhjXkYRc3I9-ziFVa8
Skoaugust,ChIJbQO-8zNQXkYRZaOq6krRs7k
"DinSko, Nilson Shoes & ECCO",ChIJR3g7xz5hXkYRQqKsFOGMGQM
Skopunkten,ChIJzzc9WkGNXkYRUbZr2hoyUQo
Shoes & Bags Sweden AB,ChIJt0H_eEQGV0YRGyGs9m745a0
Bianco Footwear,ChIJm5nb3j5hXkYR6TzlEqtr_qs
Skohus Västerås,ChIJE53SwT5hXkYRnaWrLsbfil0
Scorett Västerås City Igor,ChIJRWPUzThhXkYRS2ZHyF0GgKE
Solelyofsweden,ChIJoW_rYcC4mqkRicL-QA3sPbs
Skoda at Fagersta Motorforum,ChIJVVXlOhLCXUYRWSeBSbDw3pA
Skoda at Din Bil Avesta,ChIJAQDQLq_kXUYRqXNdwDTm0u8
Västerås Stift Skog Ab,ChIJVVXl7cx9XkYReFRfwlQwH6I
Sveaskog,ChIJZ1nQhPjFXUYRVGsGiC8VL6Q
Törnholding AB,ChIJKT1i_N2DXkYRtz-NffgZHSY
Skogsägarna Mellanskog,ChIJza4-J9oSXkYRfheu7dur7AU
Skogssällskapets Förvaltning AB,ChIJwbdNYhVhXkYR7ApC7-y7MdI
Barrsäter Skogs AB,ChIJtwGnVF3PXUYRNL8-KBHLUhs
Tärnsjö Skola,ChIJw-_aSQsfXkYRGf_e9O_F7DQ
Radix Competens,ChIJ8zm-IALCXUYRFkmNnCORw9s
Hagvidson Ekot AB - Hallstahammar,ChIJHZ3dPKl9XkYRwIuWoEFc0X0
Järlåsa skola,ChIJzyRCOmU3XkYRQ3zwlGVHRfw
Folkhögskolan på Bäckby,ChIJ66KTB7pjXkYR6wU9pyq-w4s
Ulla Berentsen,ChIJsw-99_KBXkYRlU0TifKT3sk
Toivainen Utveckling AB,ChIJxbP3-E9qXkYRitaqybG4HCc
Förskolan Lärkan,ChIJJWjIe4R3XkYRMRVngZ0Fp9I
Viljan Friskola,ChIJ7zgefdZ5XkYREjOeL5OVkQM
Föräldrakooperativet Regnbågen,ChIJJS7YecUSXkYRiTFoVWErLa8
Sadelmakeriskolan,ChIJ1ZFC_M8eXkYR_wuZgXVSwmE
Thoren Business School,ChIJFwr1LD9hXkYRThzSNrUCQuU
Hangaren,ChIJ55gpLJdgXkYRmi_RPfr-asE
Huddunge Byskola ek för,ChIJu-wIjKwiXkYRi6anbjUEDDQ
Johannisbergs Flygplats,ChIJD74mSuphXkYRFcEvEH8WUJE
Mälardalen International School,ChIJac8az2dnXkYRl_M6OmFzCFg
Kunskapsskolan i Västerås,ChIJC6-OzG9hXkYR55Sa-f7WdcY
Magelungen Utveckling AB Dagverksamhet & Skola,ChIJ-6q5p05hXkYRF3FMJhxwLX0
SD Focus AB,ChIJ70Vu4T5hXkYRpsO0jWPlLaQ
ASTAR,ChIJ_28i7UhhXkYRchg0usRw_jE
Akadeva,ChIJob1Psz5hXkYRCAP9ewR-0vE
ABF Lära & Jobb,ChIJVVVlQCVhXkYRPrs_MZQQVE0
Västerås Waldorfskola,ChIJ2xL8fudgXkYRPkqtbT46WFo
Here4u,ChIJAQBw1DhhXkYRJyR9prBmJ50
Iqraskolan Västerås,ChIJmfbF8N5jXkYRvO6a05wJEqI
Kopparlundsgymnasiet,ChIJw-7iZzphXkYRsg7SF-iszIY
Centuriaskolan,ChIJa22FjeJjXkYRi9itJRvpJOA
Arboga Skofix,ChIJ76igfl0nXEYRYHcs5rEIe0M
Västerås Bildemontering & Service AB,ChIJpVjmtZVmXkYRiMSRmx3yhyM
MK:s Järn & Metall,ChIJQVt6oYknXEYRWheRZm7Vc0Q
Rickardsson Parts Ab,ChIJswfa_mGdXkYRUQaajWZazcY
Hallsta Skrädderi & Skoservice AB,ChIJObVOovV9XkYR7O411AEawzc
Arboga Skrädderi,ChIJywy49YMnXEYR6a42_qdEJCI
Viksängs Sko & Nyckelservice,ChIJyaaLXWBhXkYRNHdlJZYcBys
Kungsörs Skyltprodukter AB,ChIJkYWB8OaEXkYRsNwlWT1xkXE
Skylt & Neon Östman AB,ChIJ_____3ZhXkYRjhJmhiodiVI
Skylt mast,ChIJ88VurHZhXkYRwBLTsPdgOQ0
Signteam Partner AB,ChIJDdtllzthXkYRZMvG1mydGSM
SignDelight,ChIJq3XoBghhXkYR2R1tTlAAD3o
Ömsa Hyrfordon AB,ChIJxWU40acVXEYR1EJNUOPWNoU
Mimass AB,ChIJ____P6WbX0YRhxNotl8X690
Stylistshopen.se,ChIJT94233NhXkYRMuubq_DUW_g
Beauty House Västerås,ChIJD4SEJjlhXkYRYQdh7UXTAVc
Stay Beauty,ChIJ4_3UYTphXkYRy7HB_GIoHS4
Fillersbyme,ChIJAQCrfs1gXkYRvuMushvssO4
Mälarsalongen,ChIJvar4wjxhXkYRWeNknfgk9Fk
The Clinic AB,ChIJtdin0T9hXkYR08DrtuBljNw
Stylisten AB Västerås,ChIJ_ec2K85gXkYRbrYlYk9COi4
Miss Pink Beauty Bar,ChIJPUyNslETXkYR6n174Oi8QY0
Citystylisterna,ChIJS0rqmkdhXkYRuYUlaZEfREg
dolce vita,ChIJk9tVtz5hXkYRjgtO_FyfLrM
Face & Soul,ChIJ5Y74b0BhXkYRYVH0wnm9kDk
Skin Shape Klinik,ChIJww01vQhhXkYRh_d-tkLgBDU
Ideal Clinic,ChIJXQBR2KhhXkYRH48OH4esbC4
Kangas Hudvård,ChIJrwHBphJhXkYRx3gJDJZDuLU
SHAPE BY SHAGGA,ChIJWaocXLJhXkYRQHGBFBOXnzo
Studio Rämet,ChIJ01_4hstmXkYRR_ZF6gCb01E
Art Of Beauty Västerås,ChIJ_wYXGMtmXkYRKoQDoY4y-PA
Studio Ego,ChIJn_r8hDhhXkYRSHZsjnF1d50
Lux Treatments,ChIJ2SOpbSVhXkYRGvh05nbNVFg
Charlottes Hudvård,ChIJUcot-mlhXkYRYxgpFHJUJP0
Skönhet by Lina,ChIJ91E11DhhXkYR_zR_aZoKA50
FeelWell Västerås,ChIJg5w-gwhhXkYRqU0rD1NKX18
Kaxel6 AB,ChIJ4e0MxnthXkYRZMnEtL2NN9M
Syster.C,ChIJlcusAu5hXkYReb-MjssMajo
Hud och Fransar,ChIJLUXPc99hXkYRKql-mqEhBXA
VACKER,ChIJXyzP-PgTXkYRB8U6uB5h3SE
Sweet Life Pole & Wellness,ChIJVVXF7dljXkYRFwtZPfANKNo
Flair,ChIJUwfsbKd9XkYRycsNQZjHtAI
Salong Ikon,ChIJWQOHycVhXkYR8GbqkL8UIIQ
Beyond Clinic,ChIJN0QgbYxhXkYRBmqKlm58uZk
Fokus Klinik,ChIJGSXwabsVXEYRkLf--N5DE2U
Veronicas Hudvård & Laserklinik AB,ChIJne2GYFpJXEYRXGilrm5V4iQ
Nordic Stars Of Beauty,ChIJT94233NhXkYRVU2aotT-WYw
Faringe Kött & Slakt AB,ChIJKyVp_awiXkYRBRZq0_ak1LQ
Sörby Slakteri,ChIJJcEefcY_XkYRDQVIYEOmiK8
Hydroscand AB,ChIJaxWPCGKdXkYR7s7jcugUB70
Klingspor AB,ChIJQ6-U3P15XkYR0zSe6MvnMeM
Tidö slott,ChIJV2hAzEiKXkYR-jPjeT07yFk
Strömsholms Slott,ChIJ4Qc54zi-XkYR0dTefGD2v1I
Rentr Hyrsläp,ChIJGcR_qvMVXkYR_NfJc2Nl5Rk
Freetrailer släputhyrning SENG Västerås,ChIJa7fMd1pjXkYRLW3j8zF5zi0
A G Plåt & Stål Design AB,ChIJlX_0e8xgXkYRt-LlTkt5Ko8
Shop-in-Shop Rituals,ChIJOS03w7hjXkYR381yXeY0hIM
Pinkroom,ChIJ4_IRCeMUXEYRdhS4NncOnJc
MAC Cosmetics,ChIJo638UPfLX0YRmVfYmcsqJ5k
Normal,ChIJGWjSosIVXEYRUTpBmlmXeqw
Fivestarsweden,ChIJHx7YyZhhXkYRQIxhrmRQKpI
The Body Shop Västeras Erikslund,ChIJfy03w7hjXkYRlgSVVfG0yQA
KICKS,ChIJ3fZQvvqBXkYRhDYwxO6eqLo
Albrekts Guld Västerås,ChIJZaXiHz9hXkYR7io9mSNZScg
Safira,ChIJGSmObwuBXkYRh_7p5SYRE7Y
Embrace Design AB,ChIJk1-TReIUXEYRbPJr5dG_VRk
Glitter,ChIJaRCoD0SNXkYRP2xFajRMxJA
Hallbergs Guld,ChIJZaXiHz9hXkYRouInotYLp4Q
Rock & Stone,ChIJCTN3qeUnX0YRq43DEhLZHeY
ZilverZmen - Silversmide,ChIJCXOCgXQVXEYRm0yoxYb-QT8
Arboga Båtklubb,ChIJEdWd7GadXkYRNiFaw0YlTsg
Gästhamn,ChIJDVT5goMnXEYRMVywIez3yFU
Kungsörs Gästhamn Kajutan,ChIJg-W7a2OFXkYRK-1ysyFn_eE
Västerås gästhamn och husbilsparkering,ChIJ6dpehxZhXkYRaKU9Ur7_BWI
SUBWAY Västerås,ChIJWVYSrz5hXkYRNGuVAedH2fU
Lustigkullagrillen,ChIJ7YtyHM59XkYRqRLKrsGVi3Y
Morgonmackan,ChIJk7FJ5mBnXkYRVTYmu-PYaAQ
55 Döner kebab,ChIJWYExb7thXkYRdlWos3KKMN0
KFC,ChIJcdt9T5VjXkYRXZoL2G7rXMY
Activa Veteraner AB,ChIJP4VQSlxjXkYRlPt6vwMfofM
Småfixaren/Sälj och Konsult i Sala AB,ChIJN4XE0YRzXkYRWUR4TBsqzbY
Norbergs Snickeri AB,ChIJCcU4nM_oXUYR9lSRJpk8L3Q
Norbergs Inrednings & Dörr Snickeri AB,ChIJZdOPnu7oXUYRTv4UiKnZJiM
Västerås Möbelhantverk AB,ChIJkZaJIbV8XkYRgnGtk_FLtro
Kavat Snickeri,ChIJNend-ipuXEYRLL-PYZMBfCY
Lignotec,ChIJC0RDwfRAXEYRBGHxXh27u6w
HSK Byggnads - Bygg & Snickeri i Västerås,ChIJ0c0HMlZjXkYRpj3QEHZsg3Q
Våla Specialsnickeri,ChIJZV6smeggXkYRUZTyKbmGkes
Mälardalens Finsnickeri AB,ChIJZeaSvTJiXkYR2jddSgprROA
Norrbo Bygg & Montage AB,ChIJyZhHn9clXkYRmC-gW7RGTRw
Supersnickaren Sverige AB,ChIJ-Rkpm9ASXkYR74o83lAVc5s
Höjdsnickarna Västerås AB,ChIJCVqq4Bm380URiCz4fUHilL8
Rilancio AB,ChIJG344AskSXkYRDY4LQakTGQ4
Humana Personlig Assistans,ChIJgQXRYjphXkYRI1LSaS2KkIo
Life Assistans Nordic AB,ChIJE-Wuig9hXkYRJzJnWbVkudM
Novasis Personlig Assistans,ChIJS5Ar2_xjXkYRqarUI7jXlKU
Västerås Stadsmission,ChIJWRWpKDlhXkYRmGr8VVNCVjE
Misa Västerås,ChIJFapRR_zLX0YR4ONAdGt_Qss
Hjälpmedelscentrum,ChIJ2eJau7BgXkYRj8uag_zOBzw
Preventia assistans AB,ChIJVVXl7cx9XkYRbsWPzLKvjtg
Välfärd Gävle,ChIJ6asWMGjGYEYR9dYcoNiUnqk
Hedemora kommun,ChIJmzbe3bH2XUYRZY34q-4TPAw
Stiftelsen Bergslagsgårdar Konsulentstödd Familjehemsvård,ChIJ3c2BoyRhXkYRY9xfOQaZ6AU
Stordala Vård & Omsorg Ab,ChIJrWBhNArMX0YR2E3Nt4zRKns
Accresco Assistans AB,ChIJCXOTfz1hXkYR1n5Ram-QROk
DVT Assistans AB,ChIJIRPHmjmNXkYReNOZt9vO5LE
Integrationslyftet,ChIJr-tsNzdhXkYRUWJTv17WERk
Azalea Care AB Personlig Assistans,ChIJRciSR0thXkYRUsCWVTwewkw
Visit Västerås,ChIJ13zMPDxhXkYRoGIXDMo9cAw
ALFEMA Care Personlig Assistans,ChIJefMFjNZmXkYRKla_7jnHWKA
Individ- och familjeförvaltningen Västerås stad,ChIJ6xzdhD9hXkYRRMv7R4_-LQQ
Personstöd Mälardalen AB,ChIJpy7CnEZhXkYRpZDl81Smt0I
Försäkringskassan Fagersta Servicekontor,ChIJlRpwFwfCXUYRVpk7vp2TWN8
Uppsala Kommun socialpsykiatri 3,ChIJf2RaE7LOX0YRRioyohDY7rE
Solpunkten i Köping AB,ChIJa-hhd_KBXkYROoe2EFakfHI
"TanExpress Västerås ""Erikslund""",ChIJKXBpvhRjXkYR4sLEn4BCzOw
Glowing Sun Bäckby,ChIJo_Hp2EphXkYRyd5CHNZ1lYM
MoreSun,ChIJv-Rmk9oSXkYRtJFteE-J6ck
SolkraftDirekt Montage Sverige Ab,ChIJ0zYMdL4FXkYRB6-ChptoC5g
Solartech Install i Stockholm AB,ChIJkTrNUAMTXkYRf53hO4SAuog
Ren Solenergi Västmanland/Dalarna AB,ChIJrxVoiEJnXkYRZJP6clBMHlI
Energimontering & Entreprenad Sverige AB,ChIJ2TYHNQjvoaoRSjT7-5qI-r0
Apex Energi,ChIJndmC68wcMikRNRVe2SmjGIA
Green Energy Group,ChIJX8u0VCQVXEYRqeJbYBvfvQk
Sunglobal.nu,ChIJq9iOcogXD68RsTIJynwkdCI
Sunstreet Energy AB,ChIJsXoK_-YACScRUw3l2H35DDE
Dala Vatten & Avfall AB,ChIJg2m1V6mGZ0YRQxwUuB_XJlY
Sotning Sala Kommun,ChIJj_wxsNkSXkYRDIvnXRKXLsE
Trygghandel Sverige AB,ChIJQ4-FCUgVXEYRpwxEnDm_bho
Nova Psykiatri Västerås,ChIJ1wju_nFhXkYRYWKsw5DXxPw
ATG Butik,ChIJJTgjTR2CXkYRNVeJQqR-b14
Svenska spel ombud,ChIJhb1YBs6FXkYRqXhGBcEEZe4
Stadsmysterium®,ChIJIXiJFNUCHmURlkYz04zUzYw
Samrummet,ChIJI4hsewJhXkYRKiDm1SDnKIY
Netlines Sweden,ChIJUUho_HOEJIQRNCGpJjLYUrY
N10 Sport,ChIJNycPXeJ5XkYR_btB-hdkRg0
Wielsportservice AB,ChIJIx_D8B0VXEYRyKWjKmRPgzw
Discmagneten,ChIJ1wGgua59XkYRP_0WjqLwaqk
Casall,ChIJn3LDwT5hXkYRJY4W_9eZdrI
Stockholms Golf & Turf AB,ChIJZaXiHz9hXkYRAXKK0E_2HaM
Sporthyra Västerås,ChIJSUq2rD5hXkYRblIr4likjz0
olanderswim.se,ChIJf2E9Ed1gXkYRhbpwkyB1_u0
Budget Golf I Västerås Ab,ChIJvTYoJD9hXkYR2azXNQx2lA8
XXL,ChIJAQAAwL9jXkYR-AnTY-0dxg8
Letro Sport AB,ChIJU63Sbtd7XkYRVk4gXgWfcEI
GAN HOCKEY,ChIJs9XaWt9hXkYRYBnb5vFhYNg
Intersport Köping,ChIJ3fZQvvqBXkYRfWOsE2wfIjE
Team Sportia,ChIJic5lIEGNXkYRPEyXncDyY3E
Pitcher's,ChIJw4oQJT9hXkYRPU606nDh9Ww
Malmabanan Folkrace,ChIJ5RpvCORmXkYRHCK2wCWGfOE
1080Motion,ChIJFUPBcDidX0YR376muT8Tv5A
Vållens Fotbollsgolf,ChIJs-VLSCRzXkYRHbqgvBIL_tM
Silvköparens Vattenskidklubb,ChIJubKO8AANXkYRO8asan5Zl6Y
Västerås Indoor Golf,ChIJaWZZ10ljXkYRu7yW6Hi6oRY
Willys Sportfiske AB,ChIJLVxUuDxhXkYRw25kMjVVgu0
Systemairhallen,ChIJXQntgiTPXUYR0d0kvhb7BJg
Bellevuestadion i Västerås AB,ChIJk47r6q1mXkYRD1mzm1MK--g
Heby Skytteförening,ChIJ98o89BUVXkYR32tOQqTKFWk
Köping Padel,ChIJeWdnQf-BXkYRcLD47oxVhmc
Dynamix Köping,ChIJbwRTUXmBXkYRdc0Edh6Q74Y
Norbergs Skidklubb,ChIJ620GchDpXUYRYG95WcUsbO8
Sala Brukshundklubb,ChIJ1bGaiFVtXkYRa9UAW1KRn7Y
Kayakomat Notuddsparken,ChIJt38mWjdhXkYRKp2bmHfURTQ
Hallonbackens discgolfbana,ChIJD6SiWDtlXkYR5O5ZYEJUWvc
xshapes,ChIJf_Ljpw9hXkYRGFwJ3oWOJGI
Sportringen Outlet Västerås,ChIJZW2fVBxjXkYRGz9-pl9yKGs
Take Position,ChIJ3ZfWLzKHXkYRhaac2s3WEic
ECC,ChIJ4zBqqEBhXkYRklPCoYaUK_w
Norbergs kommunhus,ChIJ4Wx0ft3oXUYRxYMOgnzRUlk
Västerbo Stuteri AB,ChIJ-aY2X1IWXkYR6SuAa07gfvA
Haaga Häst AB,ChIJod0a6KlkXkYRVkSpx-Yvqs8
Polisen Hallstahammar,ChIJ67BHM6t9XkYRzXss0AOt8ME
Myndigheten för yrkeshögskolan,ChIJG87kZTxhXkYRlo8Yz5yXmmI
Ekelund & Zetterman stenhuggeri,ChIJI4q_T_aBXkYRYpbJqlq3Oa8
Montrenad AB,ChIJGQWfZONnXkYRdhfJ6zLKb50
Eriksson & Svärd AB,ChIJ5Q4oN70VXEYRw4Mr1N2LTZU
Gårdsexperterna,ChIJT7nsG84MoQARyRBFBtTUEX8
Svalander Audio AB,ChIJLfAYJrhmXkYRvrDnHWzGCqI
Stora Coop Stenby Västerås,ChIJgzaoLc9mXkYRzAypk4Jv4w4
Skafferiet Västerås,ChIJj0xDxthhXkYR70NJlP2llS0
City Gross Västerås,ChIJI9stwcBjXkYRuR0Mu0fboCw
Hemköp Kolbäck,ChIJHYPfu_GHXkYRVR5WuGyZidY
Ultuna Studentkår (ULS),ChIJDXrJwXXJX0YRGuFbc9Fx76w
ABF Västra Västmanland,ChIJpcQI3bN9XkYRqNWFwyuqlfU
NBV Mitt,ChIJw60M4j5hXkYRuRVg4xGP65o
Studieförbundet Vuxenskolan Västerås,ChIJ__9LsjhhXkYR3V-09JGDB_I
Sensus studieförbund - Västerås,ChIJFSNPT0dhXkYR01cD-5wOH_c
Studiefrämjandet,ChIJ3fs7JZwnXEYR2LeWqwYhIFE
Folkuniversitetet Västerås,ChIJHRK0mz9hXkYR16Mqg1kSiv4
Kloten Nature Resort,ChIJlSrjVpK6XUYRsHBWp_pkBrg
Tveta Strand,ChIJu419vuYoXEYRTzntekwF8Ms
Tega Gård Stugor & Fiske,ChIJ5Qu_Ysg9XkYRkudw_3VTNuo
Gocksta Stuteri,ChIJVysu4bFjXkYRQx2aLP3wZ6k
Kvalitetsstål AB,ChIJVVVVVXadXkYRekd-WBr3Tew
Ovako Hallstahammar AB,ChIJUe8Tdsl9XkYRWXAfLttaIxQ
Kohlswa Bruk AB,ChIJRVcZs_ItXEYRK2Qh_5poxOU
Tibnor AB,ChIJdWSHO9eDXkYRG6SyLYd07eU
PSV svets & smide (Proffs Service i Västerås AB),ChIJ_____3ZhXkYRklOsg0vtXfM
Städtec i Köping AB,ChIJg-FtKGOBXkYRNzIYrVH3ojk
HJT Städ,ChIJ49GN2U1hXkYRVBp3UTp0mPs
Scheele Service AB,ChIJU2dtT_GBXkYRfNIkNlUEwDo
Västmanlands Städ & Trädgårds Service,ChIJl_G-7dpjXkYRm9AoiYt5X5c
Mälardalens Städ Teknik,ChIJ_0ES9fKBXkYRsp20kQCbu28
Master Städ A&M AB,ChIJZxnOLaNhXkYR7IPQhffODdw
Städkraften Västerås AB,ChIJ2WYq-wJdmKcRVtEnIlxOFfM
Strålande städning i Sverige AB,ChIJUyPgmZB3X0YRrDyVILlxM0M
Emsab Specialservice AB,ChIJizYeWCVhXkYRz4zCFcq3yQM
IHMB STÄD,ChIJe2acx42FXkYRj4nGiD3S0Wo
Proffas - Städfirma Västerås,ChIJLYXFMqZjXkYRa8FjCQZo0Fg
Villa och fastighetsservice i Västmanland AB,ChIJRyRRf9Z9XkYRrIoAshCy9N0
Renvallen.se,ChIJcX8AhiLsqg8RVI2Ams7JVTg
KAK Städ,ChIJu-y8SD5YZkIRZ7Itu5zzRI0
Carolines städservice,ChIJCwcutCWm8UcRoq8jG4m7Xfc
Excellent Städservice I Mälardalen AB,ChIJTyTJTgmLfacRAQQpQVrbWgs
Samhall AB,ChIJjQQUWDnCXUYRn-E8OgeCybc
Klara Städ Fagersta,ChIJBR8ZiD3DXUYR98u2dTHocas
"HomeMaid Västerås - Hemstäd, flyttstäd & fönsterputs",ChIJPQ-Mmk5hXkYRMT4V1tpfLkU
Spsv Specialstäd Västmanland AB,ChIJb2nW1fVjXkYR-FDXMTUy85M
Din Miljö i Mälardalen AB,ChIJdWeKmsQSXkYRbk0Q0TSM-oQ
Flyttstädning Västerås - Flyttstädgruppen i Sverige AB,ChIJ-XiFx-pp2IsRzyEN-vTOqTQ
Städosan AB,ChIJE47WsMBmXkYRo7EE7WW_Dyw
Svenska Städkompagniet AB,ChIJPyoR6yJhXkYR-JLqshHmt90
Buskhaga Städ Västerås,ChIJHXaKhE5jXkYRtSyl38GZChk
Asteri Facility Solutions,ChIJrwOjeXJhXkYRE29UIgJ2uQ4
Västerås Städ & Styling AB,ChIJWXfHvmlhXkYRn3jueT4omEY
Botrivsel AB,ChIJkS-6xGhhXkYRW5OzLyoc7QE
Aspen Partner AB,ChIJ5cBFPcYUXEYRty8Ge7vnbKg
Nollnitton Flytt & Service AB,ChIJQd8HdGwNXEYRYTRN7DlSqkY
Hemfrid,ChIJ720ny3ZhXkYRpyzk3dwjrYg
Solano Städservice AB,ChIJ9ZnK2uFgnQQRfhv_CbscI_s
Sura Städservice,ChIJ_wITTLmK-U4RWqTx-QXYtLI
Svenska Hem och Städ AB,ChIJp46eHKBhXkYRi3GLPeTQu3s
Västerås Ställverksbyggare,ChIJ7YQnr2phXkYR6Dp_viqWTSQ
SAAND Service & Omsorg AB i Köping,ChIJafMSX6GBXkYRzxWP0A5L4l8
Funkisgruppen AB,ChIJ9dAUkTJhXkYR7qb1MMoeyxQ
Vivida Assistans AB Västerås,ChIJmTf4MZJhXkYRiX_WlIbxGq0
2U Assistans AB,ChIJ8RSiOu4UXEYRIBbraLTXPbE
Olivia Personlig Assistans | Västerås,ChIJ-wMcw5thXkYRIJLl-oxHUzE
Subaru at Belins Bil AB,ChIJAQDA_bPkXUYRGGc0tZZ702U
Glass & Berså Arboga,ChIJlbDnQ16dXkYRpHNd3qTz7gk
Wasabees sushi,ChIJ4xCSougVXEYR6MpODWzTXsE
Matsu Sushi,ChIJp6UeQNTzXkYRZilZNHyC9bk
Natsu Sushi,ChIJDzKs-o_PX0YRSeCypyDSIDI
Sushi Yama,ChIJqxpQyD5hXkYRSsikiRoSxNY
Sushi NaTu,ChIJo3FM5h8VXEYRJ8zC7YGxMn0
Weldor,ChIJA9zE_SWCXkYRInw1-sGGEsg
Nordins svets,ChIJxRV1hj7CXUYRZ54MjcVtSCs
JOMÅ Svets I Hallstahammar AB,ChIJQ3DF0wl9XkYRYuUtINQvSL4
Skoogs Maskin & Svets AB,ChIJiZNAQYknXEYR4pkcwxXY9mU
Västerås Svets & Maskinbearbetning AB,ChIJmV5iBhtcXkYRKT3a4U70WIs
P.Ö's Plåt & Svets AB,ChIJrwvXOtR5XkYRcoJ8rCY6Evs
A. Kihlander Engineering,ChIJq6qWv7JmXkYRIXW72FJPuNI
Mälarsmide,ChIJF6VinL9mXkYRJyrhbZA6pUM
M-Svets,ChIJ-fV_T2WPtUYRNUQiZb7Rc-4
Hemdals Bygg AB,ChIJFyl9HWhhXkYRJ4SIc_ZsqHw
Svenska Elektrod i Köping,ChIJ8VcCeYKDXkYRNMd6lp0cOds
"Air Liquide återförsäljare - RF Maskin - Svetsgas, Skyddsgas, Gasflaskor",ChIJe1GJVe8nXEYRaBIa2jzJBqE
Kreativa Ting,ChIJUbaFEgpjXkYRcKPGScIFDZU
Setra Trävaror AB Heby Sågverk,ChIJLzNjh5UVXkYReQLiJuqh5pE
Karl Segerström AB,ChIJWY06qVfCXUYRLVIToMKwQ_Q
Ljungträ AB,ChIJheuy2NKGXkYRDAJwII4YDvk
FMV - Försvarets Materielverk,ChIJp_T_XF2dXkYRbKTdWplL9rw
Hästens HQ & Factory,ChIJi8_OdSaCXkYRjR3PtC-TPBQ
KungSängen Västerås,ChIJadYst8FjXkYRfAs3A_GjZt0
Ecolife Beds,ChIJn6EZoDqDXkYRiadLOHeLUd4
SENG Västerås,ChIJv3QiSUljXkYRt5CXl-BkwvU
Taco Bar,ChIJRbJXsD5hXkYRfpmEb1rb7SU
Arboga Takläggning,ChIJAT1xzZonXEYROQhPD0chBcM
Rena Tak och Fasader Mälardalen AB,ChIJ7zMZwk02ZCARTHCRL5PWgXA
WM Tak & Fasad AB,ChIJtzQe9zBhXkYR8EK1Xqvy_7g
Västerås Takentreprenad AB,ChIJn-sxYLthXkYRvmSVMyVQ5Og
Bepe Plåtslageri,ChIJr9mjzgLMX0YRVEiasGS4an4
Sörmland Takläggning i Eskilstuna,ChIJVVUFJTuNXkYRNW6E-wIgFno
Nordic Takvård,ChIJB0sUEiVrXEYRAsbmPUaszvU
Villa Takrenovering,ChIJ8eJR-a8TXEYRcH4QHIRJfgE
Flen Takläggning,ChIJ5xPaWlvDXkYRtxJ8MqtgA98
Linde Byggnadsplåt AB,ChIJty__4KhOXEYRQ6Ln7fwdg34
Arnes Plåtslageri,ChIJS7DChFUUXEYRhcT_MzOoAbI
Värmemattor,ChIJJX3d5JTLX0YRd_rRxQdwdyg
Nordiska Byggträ AB,ChIJbbEsGEYqXEYRQYRn9SRhm-4
Västeråstandläkarna,ChIJn359xz5hXkYRJAEOBgcIoCQ
Oris Dental Arboga,ChIJx_oyYKEnXEYR67N8csmS7eI
Praktikertjänst AB Tandläkarmottagning,ChIJlRpwFwfCXUYRFyfwo--FMLU
Oral Care Köping,ChIJXT5yuYuBXkYRo2AsrtCqcZw
Tandläkare Ruaa Al-Ghabban,ChIJx7tccEVjXkYRyCQxMsZEW6o
DR SMILE Västerås,ChIJCanO3B7pqIUR5Ixf5n0v3R4
Smile Tandvård Västerås,ChIJB1wEmT9hXkYRZLNpIeDbVuM
Tandläkare Norenius,ChIJacEYLj9hXkYR5UZUHX7sj98
Aqua Dental - Tandläkare Västerås Kvarteret Igor,ChIJ4y5vvlGdX0YRYYl08PAbJrM
Dental Zone AB,ChIJETojuQhhXkYR3xLNbp34VWk
Tandläkarna Söderman & Björnström,ChIJqYmKeRFhXkYR4Lxy1QM-6sw
Västerås Tandhälsa/ Tandläkare Omar Aljoudi,ChIJacEYLj9hXkYR9QQvUcBk_rQ
NAWÅ Dent,ChIJ20ESeEBhXkYRgzZLnmHAdK0
Västerås Tandklinik AB,ChIJH7wK1j5hXkYRCWlX03dZraU
Bäckby Tandläkarcenter,ChIJtW3MTX1jXkYRv0fVSpnWnAE
Djäknebergets specialisttandvård,ChIJ12c_dQhhXkYRJ3HKQQap0DY
Stadsparkens tandklinik - Tandläkare Västerås,ChIJVVVVJT5hXkYRW5xcRzX6b-I
Tandläkare Susan Wikström,ChIJu8K2oT9hXkYR5s92K_5rQsg
Taga Tandvård,ChIJKQCcCFJhXkYRIBr3_gz6PK4
City Tandvård,ChIJo1A6vz5hXkYRVJqUFFV0wFw
Folktandvården Specialisttandvården,ChIJqwhx7b3yXkYRWZ08i9_0888
Praktikertjänst AB Tandläkare Mikael Jansson,ChIJZVR91ThhXkYRR_kMUDcqfhU
Västerås Käkkirurgiska Centrum,ChIJKWIO4z5hXkYR4O_M86b1TC4
Gamla Stans Tandklinik,ChIJmbO9-glhXkYRci0ntksJ-58
Pinchos,ChIJrz1AQz9hXkYRKlY5jKAC0g0
Tillman Tattoo,ChIJ72GOmexjXkYRC9dSUGJpDo4
Sai Tattoo,ChIJiwMsRKEnXEYRuLsMJOM723I
Iron Bay Tattoo,ChIJSdEdsyuBXkYRVX7UMYCeNLA
Västerås laserklinik,ChIJv8mNFp5jXkYRXhMqBfxYBNs
HEAT laser,ChIJ06w--jBhXkYR6XId8tOrL04
Taxi Skinnsberg,ChIJxQ701vHFXUYROBA6F-HxIW8
Taxi Norra Västerås,ChIJK6d6P9KlTqsRRXs7IjkWdCg
Arboga Taxi AB,ChIJq6qqqp0nXEYRJ-7SpJ_Fn-A
Västerås Snabb Taxi,ChIJZ-dQx2hjXkYRhV2zVM3rdDo
Västerås Din Taxi,ChIJrXRwyZRhXkYRZwgSlZ8u8xM
Taxi Västerås AB,ChIJ4zoARXlnXkYRdVuuDXxf3Fg
Taxi 4 you Västerås,ChIJXd2D6iMZAEUREtgoWWBuOrY
Arbogarevyn,ChIJgRMt9u0nXEYRQ2dcGsMGFKM
Hammarteatern,ChIJOww4k7Z9XkYRZSp-x30MVCY
Västmanlands Teater,ChIJ5cjeUj5hXkYRwu2EUjM4Tng
ESTeR,ChIJ2VqZ4XLzXkYRNfZoyJ7TlxU
Teater Aros,ChIJLZyK-w_MX0YRweWR3FwGttI
Hagateatern i Köping,ChIJC-YcJ4yBXkYR10cBZ2w0DLE
Amatörteaterns Riksförbund,ChIJieYwqj9hXkYRGsYLLBdlfJo
Sala Amatörteaterförening Cameleonterna,ChIJYT1ss8QSXkYRBMqz-qXGPD4
Northgrounds AB,ChIJtb0GiEsvkkMR0U49Sos5s9A
Karmansbo Bruksmiljö / Smedja,ChIJSb3qBYzTXUYRHRLx0YOvDZc
Alpha Partner AB,ChIJsbqBxucUXEYRinK30XvlJKA
Eltel Networks Infranet AB,ChIJlWpoLbhmXkYRr51Ogzh0F04
Telenor,ChIJw6oDHzvIYEYR-CF8hZPr1so
Antenn & Parabolservice Fagersta,ChIJrfS54OHpXUYR_pA8mpX7kgE
Kungsbyn,ChIJPbWrJKpeXkYRNSluZRQw-Ow
Västerås Tennisklubb,ChIJqzw-wLJmXkYRQl-ueosU138
Brages Tryckcenter AB,ChIJp8qe2XBhXkYRClACyoBe-YY
Thai House i Arboga,ChIJ5xcMsOqCXkYRNj3Da4OHJ1g
Köket Två Smaker,ChIJ26Xao6iBXkYR_pHjbxLg00c
Manora Massage,ChIJ1UautMiBXkYRJOH1txpl5jI
Yuphin,ChIJdV9YvTthXkYR9dn_Y6EjRdk
Zee massage,ChIJDx8MNixhXkYRLysTXNehqrI
Nina Relax,ChIJg07QbAdhXkYRLQwf8qovHvI
Wanna Massage,ChIJCfW-gdxhXkYRHlwTZP0oA_8
Prima Thaimassage & Spa,ChIJeZrWdw2FYEYRh_Di4e0xa2o
Pilaiwan Thaimassage,ChIJB3fWiqNhXkYRMen6TsUeA-8
Sjöhagens Thaimassage & Hälsa,ChIJx_U9taxhXkYRwpiCdiqgLsc
Tidskriften Jakt & Jägare,ChIJyzFGBj9hXkYR06jMCJMx2Sc
Ramnäs Bruk AB,ChIJxcQSc493XkYR2sUTaHkff9I
Surahammars Bruks,ChIJOQyZdW55XkYRZsqTvAi_fzA
Kungsörs Mekaniska Verkstad AB,ChIJCRTRxeCEXkYR2exrXiSs9MI
USNR AB,ChIJ_cOdjzphXkYRxHp3LjlIEkM
Systemair AB,ChIJo0yRg-_FXUYR4LaKGHOlXxA
Systemair Ab,ChIJT-iUQv_FXUYRCbQqyBndQ04
Arboga Hårdkrom AB,ChIJd0is668nXEYRg91-FFx7Tro
Stage Smarts AB,ChIJj2Lt4Y4nXEYRB3583SmYer0
Arboga Specialmaskiner AB,ChIJ0dmDLqsoXEYRK_5i3qmPNS8
Memo AB,ChIJVVVVFfmBXkYR-V1ixHauAMk
Nippon Gases Sverige AB,ChIJ7-I73C6CXkYRxRLYzo-k4bA
AfG Engineering AB,ChIJJ1YdHznCXUYR4mLxgFYpeOs
Fagersta Stainless AB,ChIJFzvo-wHCXUYRgytn9IdLHzU
Contrano AB,ChIJx09AKzzCXUYRqd9QiA-2JjM
Fårbo Mekaniska AB,ChIJXamquT3CXUYRtlNdyxA6K2g
Fellingsbro Kartong AB,ChIJtd9Xm387XEYRe7eKjy55y5M
Beijer Industri AB,ChIJq6qqqlV8XkYR6nsYn_6JUCE
TPC Components AB,ChIJCVYVHqd9XkYR7EDYkBmj6U4
Nordkalk,ChIJRR-2riaCXkYRdCkvsrfAVMk
SIB Products,ChIJoeRRSg9eXkYRuQzbkUTDZjE
LiSjö Produktion AB,ChIJE_ENFtd7XkYRKdqJRGG1C9Q
Mikroverktyg Valskog,ChIJS_iTKsCCXkYRZt18enMJ0E8
Karlskoga CNC Quality AB,ChIJlbE--MyLXEYRp0WQC1yK0Xw
Digital Mechanics,ChIJ4WNcDNBKk0MRByaTX07eftQ
Dorbien Beds,ChIJv82LUcuFXkYRkEdopR4I2tM
Stendals El AB / StepLock,ChIJS2F9krpgXkYRQx8Z4wXCwRA
Orresta Dörr AB,ChIJe0T_wrZcXkYR5kOH4vnuQ4A
AQ Plast AB,ChIJDd-kl-dgXkYRvydpa_vkL4c
Infitech Sweden AB,ChIJtbncma8pXEYRsk3NHZbxNjU
Easy-Mover-Rejmyre Maskin AB,ChIJ7599LIKtXkYROBNhsA02yoo
Ruukki,ChIJR6UJcDPZXUYRekelP68TMig
Scandinavian Real Heart AB,ChIJE8B-UzlhXkYR4aMDIg4bQLE
Dialogkraft AB,ChIJW_FnuLXnXUYRAoo4Q7_IvIg
Northvolt Labs AB,ChIJHylE_jtnXkYRarb6sYJSAo0
Svenska Magnet Fabriken AB,ChIJsyMGA6x9XkYR88Pd6Z-4Z2Y
Intra Mölntorp AB,ChIJ946uHOuHXkYR0NyG4GanpC8
Hero Teknik AB,ChIJc9el1uuEXkYRNu8KAw67w1s
Mintec Paper AB,ChIJrzYFuPeBXkYRgVq8xj__Xus
Yara AB - Loading B Gate,ChIJU3AjNFeDXkYRo8FIXH3r2rY
Omya AB,ChIJYY8gL-kSXkYR5BEwVkF9yHw
Quintus Technologies,ChIJJbM2k9BmXkYRumsmyL1Ptpo
KSAB Utemiljö AB,ChIJk8KierBgXkYRwc0zN1Ij-jU
Containerhandel Svenska AB,ChIJ_____759XkYR_ztTtes8asY
Data Respons AB,ChIJOfJHdDphXkYRD9YKMrXQmQU
Fagersta Smide,ChIJ_____zvCXUYRgqdVak0570A
Anders Ehrlemark,ChIJ7_KqzMQSXkYRLWIs4E5jzQA
FläktGroup Sweden AB,ChIJEbhqi7VhXkYRJBSKVX7YHGE
"Georg Fischer AB, Region Mellan-Väst",ChIJ1R5zWJ7pXUYR1pckIxrSuqY
Woodsafe Timber Protection AB,ChIJ7V9XR3BoXkYRq4GtMBuI6Jc
Epiroc Drilling Tools AB,ChIJC-wgcD3CXUYR6upSZL3j8Ho
Sala Skåp AB,ChIJVVVVVeoSXkYRqsuhfnOXWUg
Rapid-3DLab,ChIJA3bEZLBjXkYRChMIH7iUqB8
Avans Group,ChIJQ8LnMddhXkYR5VrnAtIGDXc
Grantek AB,ChIJC3ZOZBLCXUYR3eey01ThzQA
Faggan industries,ChIJfzBHJ-8gSGARKWdOfALo3ks
Swedish Welcome,ChIJ5ejFZnDzT0YRinc1m0XLohc
Stefan Nilsson Consulting AB,ChIJqxpFC3a9PyARLNUxq6eRyN8
Hygenservice,ChIJJ5eePqZ9XkYRiUNLBselTNk
Pressbyrån,ChIJn48rKD9hXkYRtAWJcvOg8Zo
Norbergs tips & tobak,ChIJYwVjiefoXUYRvLhB3T4-wMw
Västerås Norra,ChIJtb3LdehmXkYRMI9nhja4umw
Körkortexpress,ChIJd6_vErF9XkYRYJkTp_ihBGc
Krylbo Trafikskola,ChIJe7G0wnbDXUYRxmSbl6MLpC8
Nya trafikskolan Fagersta,ChIJ3ZYWHmjDXUYRESMtZX1n_YE
Axelssons Trafikskola,ChIJzScDNIqBXkYRyRod96SP4j0
Sandheds trafikskola,ChIJK1NcTvWBXkYRe7SNklupQtM
Lina's Trafikskola,ChIJp22_kswSXkYRAu0etEBKTyI
Köpings Nya Trafikskola,ChIJQT1GpfSBXkYR-aQthpDV8AE
Din trafikskola i Västerås,ChIJa5dyyGZhXkYRjumWqzfSfCY
Swedish Active Driving AB,ChIJ0b6ZXIVhXkYRgcHoqUTj2LQ
My Driving Academy,ChIJ47BKYzdhXkYRu-x-Z1EhGgA
Mälarstadens Trafikskola,ChIJo-NLezphXkYRPYWmB1ppDO8
City Trafikskola,ChIJtyM8tzhhXkYRsGHzjeh-pGI
Västerås Bil & MC Skola,ChIJH4mkkDhhXkYRw_igXzYCTkk
Gruvegårds Trafikskola,ChIJf-pUhUdhXkYR2upV98lGANY
Trafiko Handledarutbildning Västerås,ChIJOWZ8g5VhXkYRwNE2nP-VcDE
Aros Trafikskola,ChIJddpcGDlhXkYRBYu3ELPNHG8
Holmen Trafikskola,ChIJ4ZzMu_RhXkYRolH6MSQX2ds
Smedjebackens Nya Trafikskola,ChIJlWmBC0-XXUYRn9-Y9d6EQJk
Salabanan,ChIJzaVfUHJyXkYRzym9MRsjwsQ
MTYutbildning AB (Skultuna Trafikskola),ChIJh3qeAo1vXkYR8e9MJIgLRiU
Hässlö Trafikskola,ChIJs7wugb1gXkYR2LJkrtFMpbw
Runhällens Maskin AB,ChIJD4o4PdgSXkYRmUsH9XyTk08
Kollektivtrafikförvaltningen i Västmanland,ChIJaXqu8iVhXkYRIJB6a38NQN0
Hallstahammars budbil och transport AB,ChIJVajWA-x9XkYR0HEti_7py5E
Johan Larsson Åkeri AB,ChIJz71NauCEXkYRZtp-aCUc7sI
Västmanlands Kran & Transport,ChIJJdqAlfR9XkYR87731rqydWA
Västerås Distribution AB,ChIJ-4T1iMhgXkYRLTJZTQFE1QM
Keolis Östervåla,ChIJA67tt_8hXkYR3mOf-ThzBKs
MLT,ChIJF1Ei6CkTXkYRTLYLOS_Wb2Q
Asia Post AB - Västerås,ChIJuw2sd4FjXkYRvyPRu_3sU1A
Schenker-Btl,ChIJuTcI3Z23XkYR6OaJZKgonc0
Sandahls Logistik,ChIJ50v-PFdjXkYRb_VPSQN5eHI
Tepes Anläggningar AB,ChIJgbrPuJRmXkYRcKhHp2B9Tfw
Arboga Miljötransport AB,ChIJZ0gGAL8nXEYRMJ_1zslBUWk
K Mark Transportservice AB,ChIJx2_9eRF9XkYR740hHWoxf_Y
IB Transport Mälardalen AB,ChIJ_dn8_s5gXkYRyrkB2OO0W6c
Maskin & Tunghantering i Norden AB,ChIJ48-aHbZhXkYRa8ctSJSilpQ
Morskoga Transport AB,ChIJVVVVVWhJXEYRfYi3ENCxgOg
TT-logistik,ChIJO-KYUprxXkYREklm8bue3_U
24Flyttfirma,ChIJZRi4D20nXEYReqlrK77wZX4
KBC i Västerås AB,ChIJI-gRX3FeXkYRDjhfIWL5TlI
C4 transport,ChIJfxAq51gT7UURcmsAVMQfTGY
Formtrappan AB,ChIJESIvP-GIXkYRuEkDJCsHwfQ
Final Touch Trapprenovering AB,ChIJr9bOIh620Q0RmzT6qYSxv2M
AB T Opto,ChIJlz93hNdjXkYR4mwirFoWTvY
New Print i Mälardalen AB,ChIJ-VVOhdljXkYRPdkwNlZFlEY
Strand s Grafiska i Norden AB,ChIJCfcSaRLCXUYRaafAO8QmwS0
Fridholm & Partners AB,ChIJCfUYaz9hXkYRDXz8fe4Sf5g
POD Västerås Print on demand AB,ChIJ_5HG6ClhXkYRdm9qtl5JPCc
Aluscreen Produktion AB,ChIJTa7ZnD1hXkYR75JKkb-TvvY
Printoz,ChIJe9OJSpkVXEYRpyajB9eOB_M
Print Image Textiltryck Västerås,ChIJW1f77dljXkYRgRswjbRuxKw
BildmakarnaMedia / Bildmakarna Fotograf Rolf Karlsson AB,ChIJYfcbKFtJXEYRrcXYQzXXNkc
Arkitektkopia Västerås,ChIJ7yA2h8xgXkYRun4_2dVwRhw
Prima Tryck,ChIJ-8qX0ah9XkYRLdIOXGPjkAc
STUART Reklambyrå & Print,ChIJew5o2cbkXUYROi9bnbHVtGA
Mugglagret.se,ChIJm7voyvmX9AUR_EjBRmdnk7k
Blomsterbackens Allehanda,ChIJJQ6kN78nXEYRuQ1aM40TgOs
Arboga Trädgårdsförening,ChIJASJx5umDXkYR330fA6_t7yU
LN Park AB,ChIJ2y0ghR0bXEYRWU8s_YI6nkg
Västerås Trädgårdsservice,ChIJMYT3cBtfXkYRLxJuqA80jjA
Dennis T&P AB,ChIJAQDUESlnXkYRjqp3KsCHegI
Sarah Birgitta Trädgårdsdesign,ChIJHUKFnIcTXEYR6Vx4Sh5AuwI
Plantagen,ChIJ66VbrHVhXkYRrHAISM6oDhk
Solhems Handelsträdgård i Fellingsbro AB,ChIJr6m42TUlXEYRf5Hv0K-mDhM
Stora Enso Plantor AB,ChIJK206m_6nYEYRUGueuuaNbJY
Prästgårdens Trädgård,ChIJI79ReYh9XkYR-kEW0kszego
Aros Handelshus AB,ChIJiT-p92luXkYRgsb82ulmdwU
Green View Studios,ChIJz6oJaqRhXkYRBIUV7VMOUxE
TSW Trädgård,ChIJGzhRkL8pXEYRBzfqo7gzzQo
JNK Trädgård,ChIJN_SaSs5hXkYROe3GXKdR1ME
Botanikfabriken AB,ChIJvWDwD8A9XEYRUFJopXGJOSw
Tio Fingrar Gröna,ChIJD0oMC2FnXkYRxhigurT5X1U
Norells Trädgårdscenter Hökåsen,ChIJyacb0fBmXkYR73zq1ZQwGck
Fräsgubben,ChIJsW8f8NlhXkYRuoTGNUxswmw
T&M Trädgårdsservice AB,ChIJVVVVVeV-XkYRRqSjGur6WhY
Trädgårdsservice Strang AB - Arborist Västerås,ChIJIcAubUdhXkYRklJdprZnN88
Trädifall Trädfällning i Västerås AB,ChIJ5cOVOEldXkYRAU36LZkoFqA
BO RENT & FINT,ChIJAQDsI0hhXkYRzyKABA2r8QE
Upplands Gräs,ChIJe8zXbjkZXkYRivNN69Ylbww
Träklövern AB,ChIJ83mCyk2twa4Rh7mSILfFXYE
HJT Service AB,ChIJRUplWsxgXkYRdShPkHrtZmA
Kilsta Trädgård & Uteplatsvård,ChIJ9d4KMCJZXkYR5OKmaVzemsA
"Dahlgren Allround AB (Trädfällning, Stubbfräsning)",ChIJAQAAAK1mXkYRxqrSpm_lCpg
Västerås Fight Club,ChIJ6WGVTCxhXkYRiIGRHJdqBTo
Den Ätbara Trädgården - Ransta Samodling,ChIJSfn_-F5rXkYRONNBRQ99494
Lilla Istanbul,ChIJ6RRn1qgSXkYRBE7_UBsRqRE
Faunapassagen Svartån,ChIJfcj2zn1hXkYRqNDqFUDYXQA
Staty Polhemshjulet,ChIJd627GaLpXUYRIqRnylMhgxA
Tropiska växthuset,ChIJVeaTXu7LX0YRcb1GeOcVuv8
Arboga turistinformation,ChIJF4u3pJknXEYRCP6CraPrjJ8
Visit Västra Mälardalen,ChIJo5wbRLUnXEYRQdZIcm10F_4
Sala Turistinformation,ChIJNTA5FsUSXkYR83pBRTkQ_oc
Upplev Skinnskatteberg,ChIJtVPcTd7PXUYRQuULgtjI-ws
Deila och Dåtiden - guidade turer i Västerås,ChIJr2a4sK5vXkYR9nXun94WyvE
Föreningen Öppna Kanalen Västerås,ChIJw-7iZzphXkYRFVVGV5kM4DM
Kapelltvätt,ChIJAQCc6yJhXkYRQ2OHT7OteU4
TvättNet AB,ChIJ_YIP8q5nXkYRrMXGyP6SKV8
Selfmade® Västerås,ChIJ25RUAfBjXkYRhankj21XtT4
Hyrtältet AB,ChIJrWzZLHRQXkYRDtJ4jHArU84
JLM Eldfast AB,ChIJtQ-oQrBhXkYR-rDJ60iyHcQ
Musikevent Hoxell,ChIJOYx5YpOBXkYRhzws8RMgprQ
DjAle | Rhythm Meets Temptation |,ChIJqx-tFoPWdkQRNAyBQq8YR7o
MacThonyz Orkester,ChIJJ3rDrPAtXEYRZ77pzdtCPSk
Lemon and Lime Partybandet,ChIJ-__ZyNuLRU8RS_PyR1lGn7I
Ungdomslokalen,ChIJnVfQFt4TXkYRH7x5kbueSYw
Novahuset Örebro Universitet,ChIJ4XcxcVsUXEYRzbLoTmlYgbU
Karlstads universitet,ChIJ4_ay_i2xXEYRHr9UUkf-Ok0
Skogsmästarskolan,ChIJTQ0TlI3SXUYR_XLs8FRJjwM
Stjärnurmakarna Västerås,ChIJFxTPIz9hXkYRoPatj35Q3T4
Shoomedia,ChIJcR2PLTJnXkYRIAZFlpVFXaE
Kunskapscompaniet,ChIJ83rrLbF9XkYRasXe6AGv_pM
Vetabolaget,ChIJxZWHQcl9XkYR5kyNx5OZuwQ
Jonas Vildmark Bushcraftcenter,ChIJQ_CkM0rIXUYRQuem6XDPVX8
Försvarsutbildarna Västmanland,ChIJe1ejK5ZgXkYRz73NO0nzOY0
Lindblom Academy - Inner Spirit Light,ChIJ1S7FMs5gXkYR2hFx_TcaWGY
Själens Harmoni AB,ChIJZW8X74yBXkYR3_ZC45KyQ_w
Yrkesförarcentrum i Mälardalen,ChIJW0MQynZhXkYRj90sq7U0Cwg
Skills Company Sweden AB,ChIJOVHaU1thXkYR5SIc_qncHu8
Kullgren Utbildning,ChIJ3Qf80jlhXkYRyvYOcoNamNM
Expectrum,ChIJA3ENUzlhXkYRX4qfllcty5k
Sjösportskolan Västerås,ChIJf51gMMRhXkYRjtFddZsPO1Q
ABB University Training Center,ChIJQXgHftlmXkYRVW0dYeRNwvk
TCM Akupunktur och utbildning AB,ChIJlSX66MxmXkYRO1Svw3K9vLk
Sociala Tjänstehundar i Sverige AB / Svenska Terapihundskolan,ChIJOavUUdiGXkYRzvfu0gJyCws
Truckutbildarna Västerås,ChIJEepoaAhjXkYRUqdOuur-Hzs
Hermods,ChIJ7y6m3h9xX0YRrSh0uZCYA5A
Aros Odd Fellowgård AB,ChIJHRK0mz9hXkYRycad1rZGl48
MGB Truckutbildning Västerås,ChIJAWG6mq87WUYRQSLXwL5vbNc
Mattecentrum Västerås,ChIJgRPZs45hXkYRLUpN6iH0GpI
Vallby institutet,ChIJ9Q_86fxjXkYR4-po9Nh4xeQ
miq kvalitetsutbildningar,ChIJBcmasZMFvCsRHhPl3uZkj-Q
SweLearn,ChIJZWU23cSP36oRA_SV65Vg950
Vidma,ChIJi9pC_nJnXkYRNKp-AaSLo8o
Nurse coach sweden,ChIJ1wrsldhgXkYRRcz1UEjjKTw
Truckbröderna Truckkort Västerås,ChIJEZn-4nxnXkYR0Wf37s_gFX8
Executive People i Sverige AB,ChIJ_____3ZhXkYR7OLPK95_Azo
Lindborg Education,ChIJsxvo10VhXkYRWn-WVkg6N5k
Kägleholm konst & textil,ChIJJ2Xb4XY7XEYRE4wy8bprE-Y
HRTWRK AB,ChIJoXxuDLAVXEYRNnHW9Jar02E
"Lumon Mälardalen - Inglasad balkong, Inglasad altan och Plisségardiner",ChIJtw7JwSphXkYRT6W3WZucChc
Aros Uterum,ChIJkYZpOCJjXkYRnkfG-QTsmGI
Västerås Estrad & Festljud,ChIJi2dgiedgXkYROjFjU_QCfDc
OG Solutions Ljud-Ljus-Bild AB,ChIJ0xLHF4rGYEYRol6eVJzrLmY
Stjärnbergs Kontorsteam AB,ChIJjVcnFOAUXEYRHZ1bTe01KaE
Järnvägsnära Fastigheter i Västerås AB,ChIJg2cH7ZRhXkYRJo6uRpEPHQU
Talli Västerås,ChIJg9xsiKZjXkYR1RXYOg90kys
Sit Down AB,ChIJN_EIpYWHXkYRydgR55akpfA
Aros Hyresmaskiner,ChIJU5P9ndlRXkYRrx3PuFUojDg
Krw pro AB,ChIJ5wCKMj5hXkYRoyzecbKcCo8
hyr4an,ChIJneUYm2NjXkYRAm6A38Y-lDw
Aros Lift AB,ChIJ5TsmxrJhXkYRD_LvIrZMIdg
Expandia Moduler AB,ChIJ_____5ZgXkYRbPG_gJjfgK4
Hovsta hyrteknik HB,ChIJR2ZWg4s_XEYRYPY6kYpCMhI
Amora Gruppen,ChIJy3HCyttjXkYRwVHSXT3AfXY
Mixwell AB,ChIJEYhxnCpiXkYRp-v36ezlHdA
VEKAB Storköksteknik AB,ChIJbWsqNnxhXkYRag5cPubkLR8
Fasciaklinikerna Västerås,ChIJj-qBO5NjXkYRipfKNeJRe2A
Kroppskontroll Västerås - Naprapati & Rehab,ChIJfR-nu9hgXkYRem6I1yvJ1JM
Rygghälsan i Köping Naprapat Jenny Georgsson AB,ChIJhx1lNYuBXkYRwoEtVxnaPPU
Rygg & Idrottsskademottagningen i Västerås AB,ChIJE1CcTjlhXkYRxm88qG3_8Sk
Friskvårdspoolen,ChIJh5NQRZknXEYRmEJBILfp-ek
Sala Naprapatklinik,ChIJDelxstoSXkYRzQ9Wt5rMzTc
Naprapathälsan,ChIJJ5scwYmBXkYRH13dKpnXmoA
Avens by Lapland,ChIJJ8bfWi5hXkYRqcVcJmERMEA
Västerås Naprapatiska Klinik AB,ChIJz7n9mD9hXkYR4h8KGKMywC0
Joylife Västerås,ChIJRzj3HdRhXkYReQNCiF2JLdA
Securitas,ChIJxzgEpG-dXkYRhXK2tspio28
Rätt Städ,ChIJE_aDkwnSX0YRrw9oafG2Q8A
Beity,ChIJCUBt8st9XkYRg01f5M9J4Do
Change Money | ChangeGroup,ChIJn7klzTFhXkYRfOLvgfsdI60
FOREX,ChIJGW1LIT9hXkYRCTog-7pmalY
Sofielund Vandrarhem & Camping (Sala),ChIJC5j5jbYSXkYRcGWDQ1j7V1c
Flikens Vandrarhem,ChIJ4zCeU6LvXUYRP8Z7E7XQUME
Sängen på Ängen,ChIJ5T-P4TaGXkYReaR_gMSW9po
Gruvbyn,ChIJZbCygiPpXUYRBOfTzyz86uI
Strömsholms Vandrarhem,ChIJKwGCo9ljXkYRTnmKQudDaMQ
ÖoB,ChIJFyF_QMhmXkYRBvd5qE0ZCBA
EKO:- Västerås,ChIJR-5NU79jXkYR7s1_2AqOiDk
Rusta,ChIJ_xL6psBjXkYR2fZ2DfDWwiM
Åhléns,ChIJA8Ohwz5hXkYRGeSALOXxLmI
Biltema Västerås,ChIJvavJO8FjXkYRQ09oQWiUsg4
Åhléns Outlet,ChIJkZxu1MZjXkYR6pSvkiRZ2vg
Rubs Nätvaruhus,ChIJ1Qr442BBQGwRKmzGjeIwmik
Uppsala Saneringsfirma & Dödsbo Mälardalen,ChIJlUxyXfjLX0YRujUh-iJxG0s
Skadeteknik Sverige AB,ChIJAQAAAE1rXEYRQTG_6sRK9sQ
Polygon Sverige AB,ChIJX1YfzQnCXUYRZDX0qisAQ-4
Kolsva Vattenskärning AB,ChIJO7T2_mMrXEYR_gfLh913YTI
Vattenverk Östansbo,ChIJY2fZPyafXUYRNBmwvI7p3aY
Surahammars Kommunalteknik AB,ChIJ1fH_uH95XkYRq69l-llS-kw
Onlydry Vedfabrik,ChIJkZRTcOp9XkYRH4aAvdoo8Zc
Kvistatorp brasved,ChIJw2CczGk8XEYR25-8SI5vYxo
Dackebo Ventilationsteknik i Arboga AB,ChIJwyNXPCMnXEYRbgsOUqknNbM
Eskilstuna Ventilationsrensning AB,ChIJ9VR1_VLtXkYRSfVpOju6gWY
Ebes Ventilation i Västerås AB,ChIJzf60jm1hXkYRwc3pRIz3tDQ
Kamivent AB,ChIJq8B2m1thXkYRzRKYUbaV5XA
Ahlsell,ChIJZSq3LPaBXkYRoL8txCw3Sl0
Swedol,ChIJx9cBHbWBXkYR8PY4V8k_kAM
Grenfeldts Verktygsservice AB,ChIJQWm4dIWHXkYRTOhwKiquQWY
Form & Tools i Lindesberg AB,ChIJX-U82adOXEYRPVizytUQQJY
Hilti-butik Västerås,ChIJFyF_QMhmXkYRmzgymUrCR9M
Råbe Tooling AB,ChIJq6qqu0RlXkYR591B-fmMJf8
AtlasCopco Epiroc Veteransklubb,ChIJt7_nPsMs5ggRbmUlTCzl7Hc
AniCura Arboga Djurklinik,ChIJN2SNYWSdXkYR51E0OjIuD1g
Distriktsveterinärerna Fjärdhundra,ChIJW2zl0fhDXkYRVXWdbJztfDc
Veterinär Annina AB,ChIJDUltVSdNWEYRZmVnFa_w8B4
Evidensia Häst AB,ChIJdRiMqcmHXkYRhOXArZkiaps
ReDog Veterinärklinik och Hundrehabilitering,ChIJ07JiKM5gXkYRwh0njWVi5oM
Veterinär Helena Therus,ChIJG-v7rVBJXEYR1r9OH1hE6JQ
SiteSing Interactive AB,ChIJKS9_Uj5hXkYRLb0vwK0suB8
Ett Mysterium Till,ChIJr6Efz7kTXkYRkyU6ry-kycI
Mountain Media,ChIJvbnHWYUnXEYRQOIs2zgtu9w
Wulff Media,ChIJz9qyMnRhXkYRU_WMRXvG0zs
Ostrogonac Productions AB,ChIJv5kfvWFhXkYRjc0UEc6sNwA
Easything Media,ChIJcVIRjC9hXkYRHimPiZjat7w
Windeed AB,ChIJvVi4RqxhXkYR_iS5Ww-Mx_I
Vinyltajm,ChIJ40Pd-sQSXkYRJ8rLiBy6bV8
Elon Centralservice,ChIJl1VxHZ0nXEYRGnTbMusVP2c
JKE SALA | ELECTROLUX HOME,ChIJRfJ0inATXkYRJFYeBxTlPYc
Electrolux Home Sala,ChIJv-Rmk9oSXkYRSku4AeQ5Ai8
Mellansvenska Kyl och Vitvaruservice AB,ChIJ6f8JT8RjXkYRLyGK2VZCWZQ
Din Bil / Volkswagen Avesta,ChIJOV1N1ajkXUYRgLyqywBWiL0
Yandara Yoga Teacher Training - Sweden,ChIJX5su9FvPXUYRkiU8extDtEk
HLR för alla,ChIJG1mTm2AnXEYRyLBtk_Kxdl0
ABF,ChIJm-LzQgHCXUYRMtVzPT9JBFU
Arena Utbildning Fagersta,ChIJFWMhbdLDXUYR7g8WXtAYKtY
Eductus,ChIJYcVunImBXkYRdcS-m87M95o
Auxentum Organisationsutveckling,ChIJG3LC0BlhXkYRFT5JfR0_8gw
Agila Institutet VUX - Västerås,ChIJ06h4lPxjXkYRfp7MMYv3p84
"Medlearn Västerås - Utbildning Hälsa, Vård & Omsorg",ChIJAQDEoD9hXkYRDLJN5u32ld8
"Iris Hadar Västerås - Utbildning, Omställning, Bemanning & Lediga Jobb",ChIJ8c8PeSVhXkYRvOEln91-9hA
Floristutbildarna AB,ChIJIX1NKtpjXkYR5Rl4jFQy5kI
KompetensUtvecklingsInstitutet - KUI Komvux Eskilstuna,ChIJJ7SyY2TzXkYRjLQ4l-HIloQ
Arboga Kungsör Plåt o Vent AB,ChIJoRvLdr4nXEYRQbsNI2-_bzQ
Värma Västmanland,ChIJP240358TXkYRAICZ3ewy1oE
Kvicksund Rörmokare & VVS i Eskilstuna,ChIJteWPRtuOXkYRccfVivzuOng
Bad & Värme K & E Rör,ChIJTzc1CvmBXkYRTVusoIE_nHo
Gräsbo Rör AB,ChIJ-5BxweogXkYRbhecsPfBLNw
Bilfinger Industrial Services Sweden AB,ChIJAQAAQMBmXkYR1hRpygalkkk
Sandbäckens Rör i Västerås AB,ChIJBecuqmJhXkYRMDCW5a_F7Wo
VentPartner,ChIJYf_R4ddjXkYR-8uSjZszSMk
MB Alltjänst,ChIJS-wFvpkYJQcRK18rL1WbsHc
Västerås Vent & Plåt AB,ChIJZdHAsMdmXkYRrSsb5Qf-yYo
Törnlinds VVS AB,ChIJBzIUEekSXkYRihzAe7XZWFQ
C B Elteknik AB,ChIJmc5FNSRhXkYRoK7KUOShXGc
Hedins VVS,ChIJtZgLDThhXkYRuXFHqcN5kLc
Rörfirma Sven Pettersson AB,ChIJ28MD-z3CXUYRya52z0R7cwk
Vatten & Värme i Norberg,ChIJK-grFdLoXUYRLr8FXnz5GmU
Projekt Kalkylering VVS Dan Holmkvist AB,ChIJFXP4o2EVXEYRMbJr7AQsjqs
PMT VVS & Rörservice AB,ChIJ78sGDb1hXkYRgjkeq54-jn8
Aberga VVS & Svets,ChIJTYTZzQIK5aYRtlFCOIy-S9Q
Västerås Relining,ChIJRYEa_L2o9q4R1AD_BxtK8LQ
VVS-Huset Grönbergs Rör AB,ChIJR9WyepAnXEYRM84KnJJXOkA
Teknisk Fastighetsservice AB,ChIJAQBADvnGYEYRbAJGO0SxDu0
Op Rörteknik & Anläggnings AB,ChIJX5Jh-U5mXkYRFnHQ4_FC2nQ
Radiator VVS Sala,ChIJt8S-hVgTXkYRuQKKBvute0M
Tholfs Rör,ChIJ99hTxpgSXEYRR_aiCbNbAII
Ohlsander's Rör,ChIJAT1xzZonXEYRmRbAhodsVUU
Västerås VVS & Rörmokeri i Västmanland,ChIJ-V9eY0phXkYRR8jIpfcZktk
Jmg Vvs I Västerås Ab,ChIJQ9I0ibJnXkYRIxuuDsCmSwQ
VS-Montage I Västerås AB,ChIJvQaWQvZmXkYRV6JK5ih7M4s
Landenbergs Rör,ChIJ6-N0EyxhXkYR_309-KuTp-8
Ingvars VVS & Rörmontage AB,ChIJE-bTkL9mXkYRMEKhw1KKxbM
VVS-Rör Byggteknik VRT AB,ChIJD0jwntljXkYRrYLE03DbvRQ
Västerås Rörtjänst AB,ChIJrxslfOpmXkYROdewwAyX2os
Mälardalens Försäljning & Rör AB,ChIJuQegGMBmXkYRhLK8A-xykGo
AB Aros Rör & Svets,ChIJi1hMzM1gXkYRnaaFTd-D2zI
Sprinklerbolaget Stockholm AB,ChIJq6qq-tdjXkYRMxSKQ6ta1gc
Bergslagens Vvs Ab,ChIJVVWV66pOXEYRBxWSq7dAGcs
Prosper VVS AB,ChIJ817VMHxMXEYRwWA-4XNFoVE
Waterman,ChIJ2bsFJtpPXEYRNPOkeYKb67A
Reagerat AB,ChIJ3WkKwrwTXEYR7ZLKbNZSbmY
P. Lindbergs Rör AB,ChIJHxbsEMCHXkYRhl3yWEIVYn8
Kolsva Rör AB,ChIJE1fCJmQrXEYROw8I_TFUhtY
SP VVS AB,ChIJxQQpFchz4yQRCsyezFwXHX4
Rör & VVS Västerås AB,ChIJf7dpcpVmXkYRSMLYFkGKTcA
Surahammars Vårdcentral,ChIJC-E1vcF5XkYRaEVxxKLiNY8
Fagersta Vårdcentral Svenska Kyrkan,ChIJw3AJFD_DXUYRsdyKfcgTB14
Servicehälsans Familjeläkare i Västerås AB,ChIJ-aHrUjdhXkYRJw3XakMORec
Gruppbostad Styrars,ChIJQ81eNE1tXkYRMsS55IGIlPc
Attendo Bryggeriet,ChIJMzKpOsoSXkYRusj0w9kDj-0
SPUT (Socialpsykiatriska Utredningsteamet),ChIJAQC8xpBgXkYR3t5dQcI69n8
Hela Människan RIA Dagcenter & Härbärge,ChIJIWMoZDRQXkYRfP2T34TaoDg
Socialpsykiatri Skrinnarvägen,ChIJhR7SjZjyXkYRoS7e-f2YYzA
Brinaxi Care AB,ChIJiwOa6OYqQ0sRd94FI704-BA
SAGIMUS BORDERTERRIER,ChIJVVUxrgZkXkYRNOURVzImFYA
Västerås Vägmarkering AB,ChIJO7MqnnBhXkYRTftoztZXuig
Road Rental Västerås,ChIJGZWF2nRnXkYRt9VXG-u1Cww
RentSafe Sverige AB,ChIJ0Xz7JjCBXkYRxa_iQ8nzIhY
Lokala Hjälpen,ChIJlRw67_lhXkYRSuI15Wt6C2Y
För Stadens Bästa,ChIJBVssVc9hXkYRhjPZyo06L0Q
Härdservice i Kolbäck AB,ChIJDbfprIKHXkYRKEdVeJKQLOU
HS Pipe Control AB,ChIJydLz-I4nXEYRxRPz8MeUnVg
Värmis AB,ChIJ____r0FhXkYR1I2AgXFeDac
Värmepumpen Västra Mälardalen,ChIJ9YKTOJgpXEYRT-Ac_hAhHwQ
Ventilationsprojekt i Eskilstuna AB,ChIJAQAAQIiBXkYRvpfE3Bo1-mA
Svinkallt AB,ChIJb8uLW59jXkYRa8HTqz52gCE
Sot & Ventilationstjänst i Västerås AB,ChIJ20ESeEBhXkYRJeYoFgLe74A
Värmepumpskirurgen,ChIJqRwvw79mXkYRGN1fyzxBuCQ
Enwell Västmanland,ChIJVVVVldgSXkYROLUGsau5kCU
Qlimatteknik,ChIJyZZ-5TJg5yoR-k9mZuoEF6s
Dotware AB - MyDisplay Digital Signage,ChIJYR2MBRhhXkYRwRtxGe88gGE
Kreativa Byrån,ChIJq6qqapO3XkYRSSNc6UWQYFE
Wbn konsult - Webbman.se,ChIJJ34QX8YUXEYRWo6Wte96wGQ
Prestaworks AB,ChIJcTxWAExhXkYRKGdeS5xHBrA
us3 AB,ChIJSWZN-N4UXEYRb3vKI8sPdJg
ActionWave Development AB,ChIJS5Ar2_xjXkYRBMy-yJS6Qi0
Digilano,ChIJk-mTHOkVXEYRKKAX3fAGe3s
Grafikfabriken,ChIJ4QkhjC9hXkYRyl01Qo_Jgns
We2Trade Scandinavia AB,ChIJZ808kioBny4RIex9tcl7OcU
Digital Fix,ChIJq18rhXx4_KQRjvmDd3nPb2s
Sitepartner,ChIJRSV3uyUVXEYRTdmLvaGuSLg
Arboga Yinyogaakademi,ChIJ1-tc_sInXEYR0Wb2mzB_WhY
Annika Wallins Yoga,ChIJX9M-N499XkYR44B0hTpE_-M
Ayoy,ChIJN10oc4OHXkYRtNdm0dX8RCU
Yogama,ChIJsexHZpTLX0YRt8dajsquFVs
Cattas Yoga,ChIJ8zLdX6dhXkYRdSP7YtJgYHM
BaraYogaStudion,ChIJqxizEWaBXkYRnSb7nnpRCZU
Shunya,ChIJz7LjhQ-FXkYRd37BPzQfitg
Shambala Gatherings,ChIJKRUikGHPXUYRwroYVYRiu5w
Västerås Iyengar Yoga Center,ChIJ2ZffMFBhXkYR_SXm42Bxb8c
Butterfly Company,ChIJAyMTkFJhXkYRQzi8sOorJxg
Våga Yoga,ChIJZ7gShDhhXkYRmAypjquUtsw
Kajsa Berglind,ChIJc5yp0MJtXkYR0Zm2PkwJehM
Agstu Ab,ChIJYw0e6FDZXUYRe-rNDQAXJIQ
EC Utbildning,ChIJOb_RI09hXkYRMASOS7dIuCg
Teknikhögskolan,ChIJm4Mq3UdhXkYRjy0kHTPQtEw
Truckproffs Maskin & yrkesutbildningar AB,ChIJkfXds9nyXkYRc3lWrlIoHcE
YrkesAkademin AB,ChIJw76kCDzCXUYRZJz1BZg79WQ
Helhetsterapeuten Zt3d Ab,ChIJ_zccavKBXkYRBvcwwFdhA80
Fötter och Friskvård,ChIJGWV-YaLPXUYRUn5RJfCYTlM
Br Svanströms Åkeri AB,ChIJoZxmAXiHXkYRzSMMGjVtBpo
Jans Expressgods AB,ChIJxX0nBxNLXEYRAYpzYBFKqKI
Fullt Ös Förvaltning & Entreprenad AB,ChIJGbpuITElXEYRxAQlZatysDM
Stadsbudskontoret i Ludvika AB,ChIJNdd0Bzp8Z0YRNQRVXApXrwM
FIMAB Släpvagnar i Västerås,ChIJVVVVVUX1XkYR4A45n2ocPXs
Västerås Hästtransportcenter,ChIJKVsptqlnXkYRnUWaQh2BnOo
Svenska Närko AB,ChIJ4RdHj3i4X0YR9r9VQTPo2xI
Kenneth Öhman Bil & Maskin AB,ChIJqbBZl1xnXkYR6Mpn89pyX48
Samuel Karlsson Motor & Fritid AB,ChIJ2783hsBPXEYRVbGQc-Jzsuo
Bosse Bil i Åsbro AB,ChIJr0MmWO8KXEYRA-sP50zK87Y
Kia,ChIJq6o6HhLCXUYR6njP5evnBII
Motorburet,ChIJNexN9iYVXkYRpSy-_w70ohw
Vafabmiljö Återbruket Kungsör,ChIJ2_87OemEXkYRVGIVHp2RBQc
Lantz Järn & Metall Fragmentering AB,ChIJ_96QHz1hXkYRkgN0kns3-HU
Återbruksbilen,ChIJYwz30wNnXkYRQiYabOKm8so
Norlandia Mälarhem/Mälarkoti äldreboende,ChIJO1-eig1hXkYRWjO-V7SHvG8
Norlandia Ängsklockans äldreboende,ChIJOYZrqMtmXkYRJiWA4osQfzc
Skogsgården Vård- och omsorgsboende,ChIJzTRyIQ_SX0YRu_Kbm0WIPvc
JumpYard Västerås Trampolinpark,ChIJ8S8df_NjXkYRez1qp6yElRw
Lerkulans Äventyr & Allfix,ChIJVxicCLHJXUYRz8Dw-pwOm0w
Drock Paintball,ChIJI5FFkTRlXkYRx-WOiIzdQkU
Optiker Synoptik Enköping,ChIJlYazrTZQXkYRt4EI8j8zdqQ
Memira Eyecenter,ChIJDWFt8T5hXkYRDPr6gorphiQ
Optalmica Ögonklinik Enköping,ChIJ72zqC_5RXkYRf3NdCPMBsY8
Grindberga Familjeläkarenhe Vårdcentral,ChIJO7avrJ8nXEYRnvmn5CDCSOU
Västmanlands Tolkservice,ChIJK6Dhjz1hXkYRxEpbYF6cfCA
English Law Translations AB,ChIJHaP2sD5hXkYRLA56Td4Ixdk
Snabböversättare Sverige AB,ChIJOV8MDufoXUYRn8aqbYFHGdY
Köpings Tolkförmedling AB,ChIJu1yOwYmBXkYRAUcHYRmJEpo
Folkhälsobyrån Bolagen,ChIJoZGdDj9hXkYRgqWrklVb1_4
Surahammars kommun Socialkontor,ChIJ7c_VMWV5XkYRktttcSa5bGs
Kvicksunds Oljeimport AB,ChIJq_qkFxxiXkYRj_VaPcJ-zy0
Strömsholms Marketenteri,ChIJpwfAmEqGXkYRBrwunLog2zg
4:e teatern,ChIJv2qgw6dhXkYRAPZbs-3rDk0
Köpings Folkets Hus,ChIJs0N1-IqBXkYRVrGcDA6u10c
Unga Örnar Köpingskretsen,ChIJs0N1-IqBXkYRXvTgyaYPM8g
Uppland-Västmanlands stövarklubb,ChIJvRk3x6cSXkYRC0QEMEJcgyM
AB Västanfors Industrier,ChIJNQyReRbCXUYRQjX_olpP2Iw
X-innovations AB,ChIJSwlwSf3pXUYRUbyu-ql1plM
Virsbo Folketshus,ChIJfWCVU0PZXUYRiHp1ajCAEL0
Serigmo,ChIJjeOyXKN9XkYRP91xTOV_21o
Lucchini Sweden AB,ChIJqXGn1XF5XkYRD7_iN-0JJkk
Vallsta Gård AB,ChIJb5iLT3IrXEYRQI_t7-KFF3A
Nordic Center Management Development AB,ChIJfyCLNzlhXkYRSZjybi3MMJ4
Godkärra Lantgård Ställplats,ChIJ_WGHvy_HXUYREU1AF0DYK0w
Bengt Kyllinge,ChIJj7eA909fZ0YR5TsN5D7QDpI
Västerås Musiksällskap,ChIJRz7YZ1thXkYRx_yLQdKmHgo
Sångpedagog Nikan Bergsmo Namdar,ChIJfaaCVVphXkYRKxkLPQFjn14
Shandithi,ChIJVVV5NYuBXkYRMC9KVWcnFzo
Finntorpets Mekaniska AB,ChIJAbSBU4SHXkYRtd9gPXXgnGw
htm Försäljnings AB,ChIJp0O05tl7XkYRjrWx3pgzGc8
Faster Vera s armé AB,ChIJ14D8iM8eXkYRJqak52kGMKE
A & G Food AB,ChIJheBefH9hXkYRF4QoDqaAUgo
Log IT,ChIJ26NBTrR9XkYRlKFAZEfu0Bc
VAK Västerås Service Center,ChIJr-FpMi9nXkYRoUHMX8qrzxk
Sjöbodvikens hemsida,ChIJm8k8ab4nXEYRMGHpDw7WjbI
Chantal´s,ChIJjaarvz5hXkYR92OXtO9XtEc
AT CATERING AB,ChIJp_2YOpWIXkYRC237fDe4tjY
Kuszlis Mekaniska Verkstad AB,ChIJ07JC6W8rXEYRuGSgtKB2kMc
Erixon CNC-Teknik AB,ChIJiTe7-0hvXkYROkmhbdJoark
Prowerx Ab,ChIJz81rarfoXUYRi4TE3rwoVaM
Percontor Experiential Design AB,ChIJIW3lasweXkYRPulTOzQj3L0
Massagestolar.se,ChIJpQyMPpQTXEYRxK5hzo4gleA
Servotronic i Köping AB,ChIJs0N1-IqBXkYR04j-ePFqctA
Axon Miljöteknik AB,ChIJj1GeVdgSXkYR9K-pWOHmTtU
Mälardalens Studentkår,ChIJ8zzcyrXyXkYRLO8lfptWwU4
Vds,ChIJtVVfPY-HXkYRgVy16TsFHSU
Svensk Klimatstyrning AB,ChIJhTEtEIOHXkYRKkWf3bVfnrM
Asplunds Allteknik,ChIJDVgYt9d7XkYRoExzBcjXufU
Sörby Järn & Metall AB,ChIJg2UeDE9mXkYRrso-WYZAHqM
RZ Pressmetall AB,ChIJla7HCiiCXkYRdaANm5yGcpA
Medicaplastic,ChIJRzkcMFN8XkYRHhaSkP2-NqI
Gruvtornet Fastigheter Ab,ChIJ54rZycUSXkYRUUCaCb6axf8
Whimsy Smiles Productions,ChIJ6QDZNNMSXkYR5wn9Lgou4BI
Den Öppna Dörren i Västerås,ChIJj8ySSDlhXkYRfJ4lwM5uqoc
3D willander,ChIJhee8YnoVXEYR9ap9SXI-H9w
Hans-Erik Mattsson Förvaltning AB,ChIJ3Rsn6OMUXEYRWtM6PvV4MVg
Advokat Bo Magnus Arntell AB,ChIJCcS2ROIUXEYRGIPZcVGkdUI
Dressman,ChIJ9xjIUZEnWkYRggbRVzGKxJE
Advokatfirman Bohmansson & Co AB,ChIJM8Vw8h0VXEYR5zaoExz0N6Q
Advokatfirman Nordkvist AB,ChIJYz3O7m0VXEYRnAwHRtNlmH8
Advokatfirman Florenius & Co. AB,ChIJrXpd5zaLXEYRUONMEP4f5qY
Advokatfirman KvinnoJuristen AB,ChIJa2c7YBEVXEYRJqiNHaw6K6E
Legio Advokatfirma AB Örebro,ChIJDT3PWR8VXEYR1xjQQLT_NEs
Juristbyrån Venture AB,ChIJGfbV1-IUXEYRg5nkAIWBHuQ
Advokatfirman Ahlbeck HB,ChIJPbv9J-MUXEYRKKFmZLZmNDw
Mirlex Advokatbyrå i Örebro,ChIJ3cRc-tEVXEYRSS_2MuwhfI8
Advokat Bengtsson Reiff AB,ChIJN8zrsDkVXEYRDa6MqAYXw54
Marell Advokatbyrå,ChIJe-q3a-MUXEYRbhdZ7-P4mmo
Altene Advokatbyrå,ChIJ-7BDp-YUXEYRKDpCBdBLBNY
Advokat Saltin & Partner HB,ChIJOW6uWhWKXEYR6Roq16tkMFs
Mälaradvokaterna AB,ChIJB6b7cTkVXEYRQU7h1uqbqog
MIBR AB,ChIJwT2cG-MUXEYRyVLcl2m2p6w
Startcentrum,ChIJtRwbiuMUXEYRNrd6tWH7BX0
Peric Konsult AB,ChIJ____r-cUXEYRL5ftq4_Y9cU
Nystart i Örebro AB,ChIJ-0VbY_4UXEYRKMxIYYeTQA0
Niagara Utbildning AB,ChIJZfFUmOMUXEYR42NqMgSP794
CONTRL AB,ChIJ83cCPL0VXEYRYDybFoz82JI
Kommunikatörerna i Örebro AB,ChIJHdYQPR0VXEYRuj8ybnXM6DE
WEDEAQ,ChIJVVUBaI63XkYRsdUTR-oCtqs
Kontract AB,ChIJRVkxP-MUXEYRBU7IeoD2onY
Örebro Aikidoklubb,ChIJnwurZOMUXEYRcYqWSzSj6oU
Akupunkturpraktiken,ChIJ5843IvwUXEYRJ78WhR6i-8M
Daokliniken | Kinesisk medicin / Akupunktur,ChIJu-Ou9_4VXEYRCo0t5HnytE4
Waldners Akupunktur & Massage,ChIJifDVzP4UXEYRGVwtBKUCgYw
Qing Li Hälsa,ChIJRUORWV7WW0YRZIsF5l1Dz48
Smådjursveterinär Örebro,ChIJNzxSmKIMXEYRmFBA4fJHBZg
Systembolaget,ChIJ5Xb0DGhFXEYRRsBushixQes
Åklagarkammaren i Örebro,ChIJoYn6NxwVXEYRnkZuX60NIz0
Idorema Läkarpraktik,ChIJYQ8WasJrXEYRLzoxF6_T20Y
Dedicare Doctor AB,ChIJAQAAkB0VXEYRgZwShaTYzAI
Regionhälsan,ChIJs95mGXQNXEYRPUEjAdT5T8Q
Fotplatsen I Örebro Medicinsk Fotvård,ChIJdyM8SeAUXEYRjOoDshNR-w0
Avonova,ChIJD1k6bFUdXUYR4aOcGBAVb5s
O'Learys Örebro,ChIJNWVKN-IUXEYRanjth0qYd_g
O'Learys Karlskoga,ChIJ7alWjzmKXEYR6bik1OHL96Q
Nostalgimix,ChIJRwYe3QBvWUYRnAf9_eAxT6E
Antikvariat Citron. www.CITRON.se,ChIJY46qG8Q4WkYRytuJM_8UlrI
Lexica Örebro Antikvariat AB,ChIJXwHAmPYUXEYRQynJJzAjajY
"Örnens Antikt, Konst & Kuriosa",ChIJb9qNL4lFXEYRzo533346doQ
Apotek Hjärtat Olaus Petri Vårdcentral,ChIJ28wQ8xsVXEYRquDB7ad--c4
DOZ Apotek Örebro Almby,ChIJ____v_cUXEYR80E2Splcyk8
Kronans Apotek Örebro Ladugårdsängen,ChIJ18CflCQVXEYRTAf_r9vN6Jk
Kronans Apotek Örebro Krämaren,ChIJU1CMEeQUXEYRVD1Q-cG8O5g
Apoteket Vågen,ChIJ52RqbIiIXEYRZdxz71DmatU
Farmaceutkonsult i Bergslagen,ChIJ6-vxRDZFXEYRofPn4CIAeuE
Arbetsförmedlingen Hällefors,ChIJ3SCy3FQdXUYRzLbPXzGQdtU
Renova Care Ab,ChIJlQ1gHuYUXEYRlneS-qrsTuw
Jobbklar Örebro | Rusta och matcha,ChIJ2-kpFZ4VXEYRlw8x8oq5EQI
Personalpoolen Mellansverige Ab,ChIJVVWZWeIUXEYREREewJPIMvE
Job by Instep,ChIJe-Rwb6oVXEYRpC95eh0AI1Q
Rätt Bemanning & Rekrytering Mälardalen Ab,ChIJ2796o_sUXEYRXmaYHQ7DFwc
Aventus,ChIJuw29DY0VXEYRfLruyXZn1tI
Lediga jobb,ChIJlZNmo_sUXEYRx46er6FYt_k
Jalla Jobbcenter,ChIJn1ReUwIVXEYR-Ok6al0GUJ4
Linqs Jobbcenter AB,ChIJuUXaSVwVXEYRRKnitjweU0Q
Q Bemanning & Rekrytering Ab,ChIJHXyCAiVvWUYRszoTs-JPA3A
Clustera Örebro,ChIJNYXbUF8VXEYR6_Lsup47Pnw
Jobbkompaniet Nova,ChIJH7TTowcVXEYRwXNRaaT6RJM
Livsam Personlig Assistans Ab,ChIJq6pa2-MUXEYRVhwnVuh3JHo
EnRival Rekrytering - Rusta och Matcha - Örebro,ChIJsxnzDu8VXEYREB0hPNJHEqc
Avancerad Trädfällning I Nora Ab,ChIJPTku4R8VXEYRXDaqmbXuNNM
Bergslagens trädvård,ChIJ72swy25rXEYRKq0Q9A79w3g
Trädex,ChIJ6yejddtFXEYR8gd2T7AIO5k
Lindesberg Arena,ChIJFaDr2FFJXEYRo5T7dt5M_EA
Kumla motorstadion,ChIJnZfcE0wMXEYRRLAXMeQcIOk
La Pampa steakhouse,ChIJGW9T1B8VXEYRmOzCaqjz8xw
Kapitän Designstudio AB,ChIJ752MfeYUXEYRq2c8IIjUMD8
SP Landskapsarkitektbyrå AB,ChIJbfjMzXcNXEYR2FELy8uQrUk
White Arkitekter,ChIJhc-UHuQUXEYRHY171-8Y51I
Arkitektur & Byggnadsvård i Örebro AB,ChIJ25t50eEUXEYRU1MniJstX8E
Clarus Arkitekter AB,ChIJrdEz0eEUXEYRzOmafYETcpg
Arktis Arkitekter AB,ChIJuReGG2hFXEYREhnHdJID07A
TON arkitektur,ChIJhdaTCeAUXEYRXaWEcjAp7Oo
Vektor Arkitektur AB,ChIJq5LgpuMVXEYRjcljXhj14OI
Byggingenjörsbyrån Norden AB,ChIJtYHhXaQVXEYRQ_0A2ZkCU-E
ArkivCentrum Örebro Län,ChIJfZcZf-EUXEYRvq2kakwzPe0
Yerevan Mangal,ChIJl_Zl-B0VXEYRW2lLGHakUYc
Örebro Kanotförening,ChIJV3wb8qAXXEYRUsrAXgV3er8
Naturvägledare Norra Vättern,ChIJuSAT6CGNW0YRtr0fG0NEoUU
Peab Asfalt AB,ChIJd7krfsZlXEYRMeP34RiaLDE
New China Trading Örebro,ChIJlT9mHeMUXEYRI6IbjmbmZj0
Restaurang Hanoi,ChIJoaxrwlkUXEYRs2AapV1cPKc
Yuzu Örebro,ChIJpWOCrzUVXEYRIsQE3Ug5yUs
Sobi,ChIJA7Xo4_sUXEYRTQua0gMX6lI
Restaurang HAO,ChIJWyliG30VXEYRn4ojoBbx5FU
Amuu sushi,ChIJxzvF2l0NXEYRl3lq7kCfVzk
Rice & Noodles,ChIJvddp1FoUXEYREGzsztpEfCQ
ChopChop Asian Express,ChIJj8hlCuQUXEYREV00TEFpPcw
ATV & Allservice i Nora AB,ChIJ36Xv28hRXEYRws4d8wNIiho
Hörselhälsan,ChIJZfCyVBwVXEYRrTirvSwQvuA
Östansjö Auktionsservice,ChIJEwDJ-ZF0XEYRguqfkYpXqsk
Askersunds Auktionskammare,ChIJuwPliq-MW0YR7ndBIMqPmX4
Örebro Stadsauktioner,ChIJQQ17J7UVXEYReFPe_dwJNdk
Auktionshuset i Örebro AB,ChIJXbWVYR4VXEYRJU_2371_L4U
Ebud AB,ChIJ9RF8EzBotY8RFLUIdUnODaY
All-Bil och Kaross i Örebro,ChIJbxwnRFEVXEYRazM38mFTtxI
Dj's Garage Sweden,ChIJre77qJ54XEYRhTfAAmOKOE8
Söe Konsult Ab,ChIJa5EvALgUXEYRwR-z1YpnmfI
Arho AB,ChIJK1CF7qYMXEYRqobDKFvWSpw
Cobots Sweden AB,ChIJ6_ZsyDUNXEYRneXNJytk8OU
Kopparbergs Robot-Teknik AB,ChIJmeF2vlCoXUYR1uF4kG1MZNY
Stena Recycling AB,ChIJ0Y67Pz8TXEYRZVpPK_qW6SU
PreZero Recycling AB,ChIJNwH93FZrXEYRMWIIK-qC1Kw
Sortera Recycling AB,ChIJD9RUtiAOXEYRLmIkNfQwnoI
Ragn-Sells Örebro,ChIJae-Q1oUTXEYRp-gVfkEzXJU
Big Bag AB,ChIJVVVVVcFqXEYRCS4xzCpM9jA
SUEZ Recycling AB,ChIJrcI6miMLW0YRlRWl5nBIWTk
KOMPRIMERA I NORDEN AB,ChIJQ6-IOmcVXEYR-FvZOW2STXE
Konvex AB,ChIJvfgdwvqLXEYRyXPOGZBGHvo
Nemax Miljöhantering AB,ChIJm8uazHYNXEYRRWy9dD7LZEw
Sunnwiks AB,ChIJv_UIZChrXEYRy8Cs-e8soAg
Recover Örebro,ChIJM1KXXMUVXEYREfFwMxHtaWA
Molles Service AB,ChIJW4EGzNw9XEYRMVcrWv6uiBM
Laxå Vatten AB,ChIJDzHMyruHW0YROP-OEIWKfFk
Ösab Örebro Slamsug AB,ChIJIx_D8B0VXEYRV8IqDwBS098
Flush rörinspektion AB,ChIJB6k2LBgVXEYRnAEzPpdt_1Y
Emendo AB,ChIJF4F4NQMVXEYRIpFVEtum1J4
Örebro Relining,ChIJeV-86XgVXEYRtn06IK_KyxE
Bara Bus Svenska AB,ChIJJY6KF0gTXEYRpbeIL3vRhCo
Swimstore,ChIJHSWaW7UVXEYR-Uf3wUKbOXk
Bönergården,ChIJg8ibPWtQWUYREpNQoYzJlyI
Bäcksjön Badplats,ChIJe3bjSRl1XEYRlGf7k5nBsZY
LOKAL Ekologiskt surdegsbröd,ChIJJ13qR3ANXEYRzIF5bRDvy1U
Korvbrödsbagarn,ChIJySRFgGcVXEYRYrljfRXpJaM
Helins Surdegsbageri,ChIJEy2QLeAUXEYRYEXdqh6n-lg
Lantmännen Unibake Sweden AB,ChIJySRFgGcVXEYRTBL-BdH3kS8
Konditori Västerport,ChIJUeFJISAVXEYRVQUue-httIg
Malins Hembageri,ChIJn9xtqP4UXEYRPZ8aIOS3ups
Kåkå AB,ChIJ0XdzuExrXEYRqJgQZMIrEq4
Nordea Bank,ChIJbewIw-MUXEYR_9zJaQQxC04
Swedbank AB,ChIJwyihz-MUXEYReIY_5ldbA4o
Danske Bank Örebro,ChIJCQtPQeIUXEYR8kUXXzH2YHU
Sparbanken Västra Mälardalen,ChIJUTiDIpknXEYRBXNmkOUNIWI
Åtvidabergs Sparbank,ChIJ-Yz8CCVvWUYRLRIFWZq8WRg
Handelsbanken Kumla,ChIJ3032IncNXEYRZMG-9FgYSx0
Bankomat,ChIJg6b-ULuHW0YRk6Z7gcYl1U0
Kontanten,ChIJLU8w2E0VXEYRSdLSvkHKWjs
Betelkyrkan Örebro,ChIJRevxjeMUXEYR0IjXhMrRHT0
Kristinakyrkans Församling,ChIJyRUnVlpJXEYRsogsxldthgw
Filadelfiakyrkan,ChIJWUpT-BwVXEYReC99KIuKfdg
Kafé National,ChIJEZ_-hgIVXEYR0Yt96qf16wI
Skjulet,ChIJN2v9JpUVXEYR6qY_V4tqG2M
Hoots,ChIJfZ0mlJAVXEYRh4CYqiMBfCk
Lilla Örebro,ChIJZZ0CtOMUXEYRd1hz5UPJs5U
Bastard Burgers,ChIJc8ItUf4VXEYR1qvOn-xNSC4
Restaurang Nobel,ChIJp3ZR4CEVXEYRnPlDGnFa__g
Polarn O. Pyret,ChIJz54RCrEVXEYRoe3swdmZnJ8
Andas mamma AB,ChIJ2_eOjR0VXEYRBhVdz4hoqbE
Barnmorskemottagningen Kopparberg,ChIJP-inSOSoXUYR2zn19tmTj_0
Våra Små,ChIJcaQC9-IUXEYRoDN-a5jD1I0
Flytande bastun,ChIJJd3Elme7W0YRjZCsyNB2U_g
HagbackensGård Bed&Breakfast,ChIJbYf-CcxsXEYR7FesvFMiVbk
Lillåns Bed & Breakfast,ChIJZ5JP21sVXEYRSp9ZDN6t8xI
Norrbyås B&B,ChIJC_555rcQXEYRD7Iy1cRXX7E
"Bredsjö Nya Herrgård, Skogsbrynet B&B",ChIJE8k_2BoBXUYRBBNdvHj4lsE
Bredsjö Gamla Herrgård,ChIJcYnM5v0BXUYRQMuiZcyfHEg
Hotell Zlafen Bed and Breakfast,ChIJncibzmqKXEYRwfIhTrIPnHc
Hästen och Hunden B&B,ChIJm8uazHYNXEYRcP23xpV5gHw
Herrgårdshotellet i Laxå,ChIJuZ-t8nqHW0YRXQE5owx_WxA
Christinas Gästgifveri,ChIJ635jD2dHXEYRwXOtHvR_NsI
Skogstorp Hvilohem,ChIJQ-jYD5p7XEYR4ta_ogku6PI
Villa Hälgholmen Bed & breakfast,ChIJ93tVxjcPXEYR0lW73mK46oM
Karaby Gård,ChIJU8aJnPCQXEYRrTHwfPOLWBg
Mossby Quiltshop,ChIJY1O1Fw0OXEYRktvOQj_UDo0
Englas Skafferi,ChIJPVhqCWUcXEYRUs8Kbsh9PJ0
Sundet i Kopparberg,ChIJn0tSxTmpXUYRKwqQS_WzhIY
Hemma hos Martha & Anders,ChIJH_lwrBWZW0YR70Isom0z5Ow
Gröna Ånäs,ChIJXTYZjwOuXUYRHhKnGPhkNFg
B&B Tallåsen,ChIJubz6bFZFXEYRcMlOrxAkwXE
Skomakarstans Bed & Breakfast,ChIJrwRiTe8UXEYRg08Jfj9Mqo0
Bromsplans Bil,ChIJnXaDShoVXEYRNOelomApdc0
Mitsubishi Motors,ChIJuVt3UG0VXEYR2uXqYQcGASU
viköperdinbil.se Örebro-Marieberg,ChIJzwGeGUgTXEYRYnYLA2JQWTk
Kamux AB - Örebro,ChIJuSNulEkTXEYRScfOvY_6gQY
Fonus,ChIJBZP9hq-MW0YR_Wn1Jkfjad8
Allmänna Begravningsbyrån i Örebro,ChIJq057_RwVXEYRR-mnMVdIuug
Götmars Begravningsbyrå & Familjejuridik,ChIJG72vfK-MW0YRXDTkYGkGaWk
Fenix Begravning,ChIJo6cEyksVXEYRUM4r8fNUuoM
Christinagården Lindesberg,ChIJhbUe_tW07EMRVTnvOowORMo
Brokks Hus,ChIJ65OFBzEVXEYRvToI7-PjGlU
Framsteget behandlingshem,ChIJ8Z1oCWdHXEYRBTfXH7SvHoU
Recruitive Örebro,ChIJp_1RPnQVXEYRi4GxVrP5qNk
Adecco,ChIJBceWy-MUXEYR-gzhadvzb8g
Clockwork Bemanning & Rekrytering,ChIJNysC-zEVXEYRuiBjovQ6yJg
Seniorbolaget Örebro,ChIJJx7LdBwVXEYRJ9vlycYLr0Y
Ikett Personalpartner AB,ChIJ8avPVz6KXEYRU5q5_dX-oH0
"Assistansexperten I Norden, AB",ChIJS-f6kCMVXEYRpKdDlCi8Htg
Cleverex Bemanning,ChIJL8CWBGhFXEYRmPZy4_Q0tHQ
Poolia - Bemanningsföretag Örebro,ChIJgcgJOeEUXEYR0ESRb0UFmEI
"TNG - Fördomsfri rekrytering, bemanning och konsultuthyrning i Örebro",ChIJ4fFUmOMUXEYRkioVAUKsC-o
Veteranpoolen Örebro,ChIJmZmadeQUXEYRSrETSP3oaKg
Manpower Örebro,ChIJCcS2ROIUXEYRUGVc_6DDrU0
StudentConsulting,ChIJRSa1CB4VXEYRMb4YAqHEMEc
Academic Work Örebro,ChIJZ4o6V-cUXEYRC0a6w1_Nj8c
Uniflex Sverige AB,ChIJPbv9J-MUXEYRPE96VfxQXX8
Veterankraft Örebro,ChIJH0QTOxcVXEYRNnB66AX8PrI
din-X,ChIJ2WDIQp11XEYRw61ej9Xw5Gc
INGO,ChIJpdJVhImIXEYR1BGCSDvGnrA
Qstar,ChIJa0D3NhyTW0YRry2tu9nt-5E
Macken I Lekeberg Ab,ChIJR--jvtVxXEYRd3LGXQbWU10
OKQ8 TANKA,ChIJGx7vpjUVXEYR4ksc52xi-S4
Green Petroleum - MULLHYTTAN,ChIJ3bCXUtZ7XEYRiG-_PjywDNo
St1,ChIJNRaLrvFtXEYRzkZusRiFW74
Såifa,ChIJD868oqpsXEYRoyOnW87KfHs
ONE HUNDRED restrooms,ChIJpYcsMC0VXEYR1tiwOrEPxRU
Paroy Mullhyttan,ChIJcx4DmS17XEYR-TQ8WddkIpM
Energifabriken RME100 HVO100 Adblue,ChIJd8keP9FrXEYR_eyrT9snF1g
Schakt & Grund I Lindesberg Ab,ChIJAQDMEFFJXEYRj5HNmOTpM-c
Sjömack Park and Stay Motala,ChIJpRDSizXdW0YRcSlgcHF8pJQ
Shell,ChIJjZwWvFeLW0YRhAFECySz7rA
Tanka,ChIJAUhirFYSW0YR0MumAk5l9LE
Circle K Karlskoga,ChIJx1GT52yKXEYR9t0UFnNm9sE
OKQ8 Fjugesta & Postombud,ChIJPbnmvtVxXEYR2SGyC3Jj2fo
Preem,ChIJUdess7iHW0YRIgORb7q0YYY
Betongfabriken i Rånnesta AB,ChIJ7_ZXK3hqXEYRf87WTME-Bz8
Saferoad Traffic AB,ChIJq6qqalCoXUYRcpJUieina48
Bennys Betongborrning AB,ChIJTbwH9N3cW0YR2kx4F_k59bI
Thomas Betong AB,ChIJZSY6LRdJXEYRABAU5I5c4HU
S:t Eriks AB,ChIJCwTsnokMXEYR3c2M6pbFxFs
Nybetong i Kumla AB,ChIJm8uazHYNXEYRKjACnBmN6sk
Arkeologgruppen AB,ChIJBceWy-MUXEYR_NwUbYwWhPA
Lindesbergs bibliotek,ChIJM203w1pJXEYRAPGywKF3VzQ
Besikta Bilprovning Karlskoga,ChIJ0R5fl0yKXEYR5u6U2Dc-hnk
Bilprovningen Lindesberg,ChIJk51aMK9OXEYRUCnFS1fFX9w
Opus Bilprovning Örebro-Bista,ChIJ47h9cswUXEYRaUulYgeZuAg
Carspect Bilbesiktning Örebro Almby,ChIJc-RQ2skVXEYRsbJ0ZPHDczY
DEKRA Bilbesiktning Karlskoga,ChIJj0Z4MuqLXEYRbzLl5ueHxgQ
Mullhyttans bilskrot,ChIJYWW_Ge17XEYR02qV6qr3kXo
Custom Bildelar,ChIJI-5LSFYUXEYRRKNh1uWfRjg
Motoroldies Sweden,ChIJVbxHdSI-XEYRN44UNPfJZWc
Linde Bildelar AB,ChIJh-AnE1pJXEYRBX_o_Ss7Zpc
DDESIGN - Din motorsportbutik på nätet,ChIJZfFUmOMUXEYR6WghiyEs0GI
Peter Ohlsson Motorsport,ChIJQb54RbwlXEYRZOcdp41Cmjo
ANAB,ChIJX7QKD9NvXEYRC1yP6qRUlIE
Americano Enterprises,ChIJT86yhoZlWUYR--v8e72WCHI
Ekholms bildemontering AB,ChIJiWKuELgPXEYRU2wl7IBu61c
Bildelsbiten,ChIJh9y0J5CJXEYRaXji4OC_QEQ
Svensk Bilåtervinning AB,ChIJKQ-t4ZQbXEYRD-dkCL_4Hm8
Stylingbutiken Sweden AB,ChIJufO1ZXT7W0YR4KHoYsu9zDk
Malm Motors AB,ChIJMyqkM8qHW0YRm33mDriTVt8
Folkraceshop Sverige AB,ChIJtyRa3k8TXEYR63oc3F3jTlE
Sportstolen.se,ChIJa4KFyTzDW0YR_PA6fGAKViE
Maptun Performance AB,ChIJU78s280UXEYRcJbuhlsMgAk
BJP Race AB,ChIJtwVRt_AKXEYRPskzU85hjQo
AD Butik Kumla,ChIJlbChuIINXEYRv1p6C3zzBpI
AAG Automotive AB,ChIJ_32DHEoVXEYRlxD8ApW4yHU
Atracco Örebro,ChIJ355eN0kUXEYR82h_FbGJJzQ
Veteranshop,ChIJUVz4XH6NW0YRvnwZHOPiPYQ
Virén Bil - Toyota Karlskoga,ChIJTX9_Ds2LXEYR4H2MDq2cS1A
Auto Bilservice i Närke AB | Bilverkstad,ChIJtfWu_1YTXEYR-XrQi9unNqM
Ryds Bilglas,ChIJAQAQ-zGKXEYRK6eCwgYDPyU
Ryds Bilglas,ChIJL5GvwscUXEYRZtKRQjleY5U
Carglass,ChIJJwRHdJMMXEYRE6BbXB8CA14
Saint-Gobain Autover Sverige AB,ChIJUSoYttwUXEYRyfmkq4ibMzM
Djos Custom PaintWork AB,ChIJ_bZ8W-KE9EERAk-2upbyRkg
FORDONSFLYTTEN I ÖREBRO AB,ChIJSSglWlsFXEYRylMlY_f9AIQ
Bildelsnetto i Hallsberg AB,ChIJXeEJwo4MXEYRdnFmE63fJH0
Work System Örebro,ChIJYR0NVVUTXEYRUIpFACA1N7Q
Ledande Belysning AB,ChIJOf6fEUtrXEYRDrYV7x8n6hs
AK-Tuning Örebro Motoroptimering,ChIJeU32QMYVXEYRUaendAC-pBM
Skandinavisk Motoroptimering AB - Motoroptimering Örebro,ChIJndNe0ThtXEYRhL4_PYviac8
TB's Motor/Ziptuning Örebro,ChIJ_0K4jtEVXEYRYezpcOZM_KQ
OptiOne Örebro,ChIJr0LC3LkTXEYRv7FyUoUgHZw
B & K Lastbilstvätt,ChIJn3O9hvEVXEYR9hstoHVriAY
Glimra Biltvätt,ChIJ8UBhB0gVXEYRSuJSg_IlM5I
Bista Biltvätt,ChIJBXI00M0UXEYRO9e4vdPwbxw
Mobiltvätten AS i Örebro AB,ChIJUcf20k8VXEYRZZuCi5LHew4
Biltvätt Gör det själv,ChIJTUJKOBATXEYRy62W1QasGkA
Open Car wash,ChIJMRbl5ZZPWUYRYCHnyEkGa9c
GoWash,ChIJVVUxmE7WW0YRA1NZ9fi-SFI
Mister steam,ChIJn08byB5vWUYRzx_nhU4OTEo
Ernessons bilvård&däck,ChIJYagDR6wTXEYR3qEizT6IRUo
Kärcher Självtvätt Örebro,ChIJ9wTF-QUVXEYRYkaPhssGsRs
Jerlings Maskin AB,ChIJM_gD6r09XEYRvCH9WHcl7tY
Sixt,ChIJ7cQKVWZsXEYRkLjvayjWe1U
Europcar Örebro Flygplats,ChIJrUTmg4dtXEYR-c-XVCr4vag
Mabi Hyrbilar,ChIJ21DhBREVXEYR59Ms4ukQhBY
Avis Hyrbil - Degerfors,ChIJL8nYJfWIXEYRpxfmU4qqDw4
Budget Biluthyrning Degerfors,ChIJVcJA4oqIXEYR7stvmi2HX3A
MECA Bilservice Kumla / Motorcentrumverkstad Kumla AB,ChIJo-BQCnUNXEYRr4adPhN2THs
Allcartuning Sverige,ChIJDcgOcVYUXEYRz8yuBcb2we8
HYBRIDFORDON 101 AB,ChIJV3X1MiMVXEYRU0mLAavVNXc
Lindesbergs Bilskadecenter AB,ChIJpcWAjKhOXEYRwhMVWn3lJqo
reflash-tuning,ChIJAU58eItFXEYR4gowMdwrs5o
Skadepoolen i Närke AB,ChIJm0tPD2gVXEYRHwtcwmW22NA
El & Dieselteknik i Örebro AB,ChIJw7zZoFJrXEYRHiIgG673IzI
Vibergs Smörj & Tvätt - Lastbilsverkstad Lindesberg,ChIJqxIcyK5OXEYRqpZHkuinNCs
Nya Bilservice,ChIJjb7rutAUXEYR5bhpskX7tek
K bilverkstad,ChIJi8VkdDtrXEYRLW6bC8Q8if8
Örebro Bil & Elservice AB,ChIJ-e_hAFUUXEYRZdcSt7maR20
Werksta Örebro Bettorp,ChIJFajXOm8VXEYRjlAJZAgmCP4
Förlunda Bilskadecenter AB,ChIJpbIx4sMUXEYRwcwffV-Cytk
Liljas Bil & Maskinservice,ChIJUzZ77alsXEYR1y5KkC_htrc
Karlskoga Bilteknik,ChIJwSjItd1hXEYR3q9cl3sZMkA
Nettobilar Group Ab,ChIJBzf341UTXEYRnyjNTc1sXEI
Cmr-Carlsson Industriservice I Nora AB,ChIJjc1xSEJFXEYRos8rAHIIwLg
SL Turbo,ChIJhzTzPuuIXEYRBuorbuJ5WhE
Garaget i Hammar - Bosch Car Service,ChIJuWyCaF7yW0YR9q0Uz9iYjFI
STS Sydhamnens Trailer Service AB,ChIJG6UmuKoUXEYRQMcKCS3BOLo
Renault at Tage Rejmes i Örebro Bil AB Lindesberg,ChIJYZjc0apOXEYRSrx-Bx1ZfOI
Hjulsupport.se,ChIJxwfzcVYTXEYR6CzIp1dhNFQ
Lastvagnsverkstan i Örebro AB,ChIJAQAAOWwVXEYR44l2MNnFwgU
Askersunds Bil & Planglas AB,ChIJLbKrbq-MW0YRNssJsO8QjVM
Örebro Skåpservice AB,ChIJQ5eEOqpsXEYRbOs1GZoEono
ToRo Bil & Släp Service AB,ChIJmZiwgRcVXEYRzW9oBIaa_Xk
DragkrokExperten Örebro,ChIJgw_VE30VXEYRp8OeWhwqzT8
Bilcenter i Hallsberg AB - Toyota Service,ChIJ__8P6o4MXEYRZ7dxuxfqxtY
Tarsta Bil & Traktorservice AB - Bilverkstad Pålsboda & Sköllersta,ChIJTZwCDcEPXEYRI1m5xPF-CZM
Chrysler 57 Heaven,ChIJ__-_A0kUXEYRW_YKB4Ato58
Hanssonbil,ChIJ__9rBu8UXEYRPnV04uDMAiU
Twinscars reparation & service,ChIJHd8dQOd1X0YRcDI2Hsmh47Y
Frövi Bilservice AB - Bosch Car Service,ChIJ82WQxLU5XEYR80BNFY_6gdk
A&S Bilservice AB,ChIJqZweDc2LXEYRy31BIgzSar0
"Okq8 Bilverkstad / Ecu-Service i Örebro, Västhaga",ChIJ78ta_dAUXEYRjEOzVq75p_w
Cadillac Service at Mobima AB,ChIJAQAQcEcVXEYRFpgfAwuDulU
Bil & Däckservice i Kumla AB,ChIJc0F7t4INXEYRSlP73n9Z0tY
Hins Bilar AB,ChIJGW4nOYFWQWgROWE4cPXHmUY
Mekonomen Bilverkstad Karlskoga / Bergius Bilservice AB,ChIJQ4GaR8yLXEYR3REzPUWLR9o
Jonas Bil & Däckservice - Euromaster och Autoexperten,ChIJV4mQH1aLW0YR1TyHT-2M2Ds
Speedy Bilservice Örebro,ChIJAQAAAE1rXEYRwb5YDDMxZhw
Mobima Service i Örebro AB,ChIJP352fEcVXEYRNrL-OAVXa5s
Autoteknik i Örebro - Autoexperten,ChIJK9VjGj0VXEYRC33bpllw_4Y
Kjellbergs Logistik & Teknik AB,ChIJWXRi7lkdXUYRH4F3JXPHZzY
Billagret i Örebro AB,ChIJVVVVVXIVXEYRto_11zQDAKA
"Lundbergs Mek & Smide, AB",ChIJL4rr_ZcbXEYRVTfaqdtk4TA
VIP On 4 Wheels AB,ChIJa-Ar_zcVXEYRDR1njRifFXc
Femmans Bil,ChIJizlCG1UUXEYRvdsrLYx6U44
Jonsson Bil Peugeot Car dealer,ChIJVVVls7cUXEYRUwCDGpJ4Gek
Orrbybil AB,ChIJpWx7nTgVXEYRObN0sYSE1M8
Trustcars,ChIJA677hqcVXEYRk9EdYcMoqH4
Örebro Bil & Handel AB,ChIJAy4GLt8_XEYRqBSLooQsYgc
CUPRA Örebro,ChIJx6iK4kEVXEYRQzuwpQx4Scg
GoCar,ChIJhSNusKwVXEYRopLJU2mo2BE
Ömsabil,ChIJLV1L83IVXEYRHm9pmFrzkrA
Marieberg Bil AB,ChIJv9mQ-sMUXEYRIbqu8JC1fJg
Rejmes Örebro,ChIJC3Cw3GwVXEYRmneoyIJFa0o
Hedin Bil Örebro,ChIJ__8_j9AUXEYRiUb0noJ-yX4
CarDeal Örebro AB,ChIJMRJbK7wVXEYRP3E9viRlUh4
Bilcity Örebro,ChIJt-sUMsIUXEYRuU6HpTsgJVE
Petterssons Bilar AB,ChIJido5gnMVXEYRhn-3rAHRN5s
Örebro Motor,ChIJEQVcT2gVXEYR41Cu-wIzo2w
Örebro Byt Bil,ChIJt6MTT84UXEYRrp_9cJAc0rg
Nygrens Hyrbilar AB,ChIJL8nYJfWIXEYRSoeBQPuv09E
Edlunds Bil AB,ChIJoUAOmYoVXEYRi60maM3zQaI
LindHill AB Bilhandel,ChIJ__-_0t4UXEYRWWzxVd7JDGU
Danielsson Bil AB,ChIJb1SvMaoVXEYROfa1E8Bx7Mc
Bettorps Bil AB,ChIJVVVVVXIVXEYRMo1f2z73dEY
Nerikes Bilcenter,ChIJCXuFL8wUXEYR2A-xED9zJQc
Bilia Örebro XPENG,ChIJF712xvQVXEYRjEltQf6Csno
Bilhuset i Örebro AB,ChIJXytejXIVXEYR4q0KQgdiPT0
Volvo,ChIJ-ciwKatOXEYR_MrCvIkf0nM
Bmw,ChIJ88pgKm8VXEYRk4O7cWBVJAI
Bergs Bilcenter AB,ChIJXw5ywmEVXEYRSELBAbdoJg4
Bilskiftet Sverige,ChIJiXDSnsoUXEYRg09ph-gGbQ8
Linde Bilcenter,ChIJSXc7GBRPXEYRMxstluAuSPk
Larssons Säljcenter AB,ChIJL3qkpnQUXEYRZyy5SAcICsQ
Tony Sundqvist Bil AB,ChIJxZbjOFkLXEYRJ9Xh_5bJ1Tc
Å Bil & Förmedling AB,ChIJVXFUDyCBXEYRVDxkJu74aqQ
Sjölinders Bil AB,ChIJWzTzkqcVXEYR0kfOWwqiqwI
TLM Trading AB,ChIJU0YwlwGHW0YR0YQiMnqQei4
Bilhallen i Örebro AB,ChIJq9l6_s4UXEYR-g_sMjNEzIo
Calovea Motor,ChIJ_Uh1DtB1XEYRCTsscwdSeRI
Helmia Bil AB,ChIJBRZAq5qJXEYRgHcNPN4Flzw
Era Bilar i Örebro AB,ChIJO1hjFObtWkYROvZXh2rkGjA
Ålunda Bil,ChIJy7iQGTwVXEYRML69QgWwPt8
Lillåns Bil AB - Suzuki Service,ChIJq6oasGcVXEYRf2LxWeE-QBE
Windahls bil,ChIJidBuuIWFX0YRqhF-UmHZhaA
ÖBAB Örebro Bilbolag AB,ChIJc7fAtmj1T0YR9CjoZx3ioAU
M Bilar Group Örebro,ChIJEaOgYWgVXEYR1mrFUSD397I
Holmgrens Bil Örebro,ChIJv1t3UG0VXEYRNYURMVmbkLM
Mazda,ChIJpWx7nTgVXEYR_4xsHvhenQk
Din Bil / Skoda,ChIJV6nm1mKfXUYRwVN1DcUKfzw
Kumla Folkets Hus,ChIJ129YDXENXEYRhC3jWWKXyzo
Filmstaden Örebro,ChIJY0unPuIUXEYRSct3Kvfic64
Laxå Bio,ChIJaQfzt7uHW0YR1PWpuomEoes
Lindesbergs Bio,ChIJ68ksVUNJXEYRWHydNr7ivUw
Askersund Outdoor,ChIJZQeGZUWNW0YR7LbLpGSFos4
Blomstermakeriet,ChIJo9bJlh4VXEYRoX19fx6VPdM
Östansjö Trädgård,ChIJ2RLVqC91XEYRlZZABsRgMS0
Interflora Fjugesta,ChIJwTm-itVxXEYRtmqdsE34_BE
Blomstermarken i Örebro AB,ChIJKTYsekETXEYRad9v9em87bM
Plantagen,ChIJpcDBUTgVXEYReU-cgJQjDEI
Blomés Blomsterhandel,ChIJQfJls-UUXEYRRMdyqXyUQCE
Zälls Blommor,ChIJXS9Wp-MUXEYRMVnNyXrXhQs
Iris Blommor,ChIJ63xovRsVXEYRkZ0VwgbWZA4
Lideus Blommor,ChIJq_EPzV0VXEYRwrzRsTABH6k
Floristverkstan i Örebro,ChIJPTku4R8VXEYR_D0z2wnDPCo
Ecoflor,ChIJI4RF5SXxXkYRR4guAJaz5_I
Bland Blommor och Bin,ChIJiQbHLVJ3XEYRjM07fVJQ5g0
Vasafloristen,ChIJ1_5FjTBvWUYRimHtYkPUaFM
Dahlias Blommor,ChIJybhMWWFRWUYRJ1MwJ7ueEp0
Annelie's blommor & återbruk AB,ChIJuYfGkZERXEYRl-X6ao_MxF8
Gustavsbergs Odlingar,ChIJcXtG1XE1WkYRUsDhHirJHtk
Grön Miljö - Blomsterhandel Örebro,ChIJZ6mLAB0VXEYRaJ1mWg-4ML0
Direktbud i Örebro AB,ChIJP6EVd8EUXEYRov5k6QrO5aU
Blomsterlandet Örebro Österplan,ChIJ69tFU1YUXEYRpXVkW8Eiii4
Blomstertorget,ChIJB66GiixmWUYR8TB1tgtekoE
Boulebana Järntorget Örebro,ChIJV3yD9k8VXEYRBeBmFPoS-4g
Lindesbergs Hotell,ChIJpXSMQWlJXEYR-PYlbsmXXms
Kumla Redovisningskonsult AB,ChIJjSIlDsQUXEYR8RRKDjkEbpY
LJS Konsult I Örebro AB,ChIJo8zkLmwVXEYRa5tw5Uj_s78
RättEkonomi,ChIJAQBsIhIVXEYRXa1KnVIM3h0
Nagada Consulting,ChIJG6B8Kq0VXEYRnPo_Nszr0uQ
Ekonomihjälpen i Örebro AB,ChIJE1nllEtpXEYROs6MAwcB9Fg
Emma Freijs redovisningsbyrå,ChIJgb1G56hvXEYRXrFO8nlgxNY
Krona Redovisning,ChIJp2cwVR9HXEYRwzjgi7iyUqU
Accountor Ekonomi & Rådgivning AB,ChIJfQ5lZz6KXEYRc9h_D4Ctb-g
Stubbens Redovisning & Transport AB,ChIJCRAXk_EVXEYRzOnbPFbwkos
A Larsson Redovisning,ChIJVVVJ5O8UXEYRe5ZpXhp9mj8
Blick Redovisning,ChIJVy3b2wuwb40RGS9w3CqLO7I
Balance Economy Scandinavia AB,ChIJKyDqcRcVXEYRhxEYPetE9pM
Dagboken Ab,ChIJW72COF1FXEYRY9hDA0gkuys
GN Ekonomitjänster i Skänninge AB,ChIJ5aNpAQjaW0YR9hZ5eUDtcCs
Cambrant Ekonomi & Redovisning AB,ChIJLZrLSfTWW0YRFlvCW5bswzY
Stenstark Ekonomi,ChIJ1dHGv5hvWUYRkidG8Ku5ST8
Insolitus KB,ChIJRSGEii03WUYREU3xkwUieec
Ludvig & Co,ChIJz-sL7YgMXEYRYuvHCARtk2g
Checkat AB,ChIJZ3cVkxVvWUYRWZv1HBLyLFU
Linda Österlund Ekonomi AB,ChIJ8XwfGAUVXEYRlI-7hgK2KKU
ECAB Ekonomicentra AB - Bokföring & Redovisning,ChIJeYk5wjgVXEYRTDjA3YoyuuA
Ricknes Redovisning AB,ChIJw-xlGuQUXEYRVpgulE2a9l8
Lindhska Bokhandeln,ChIJBceWy-MUXEYRpDd4wYvBB68
Campusbokhandeln,ChIJJ23SSVsUXEYRmBWpt7HQoYg
Bokförlaget Nya Doxa,ChIJ5fMg-mhFXEYRDwyu7Ydec9Y
Lilla Bokhandeln i Örebro AB,ChIJnfXCjR0VXEYRkHLGhlUuSy0
Author Sarah J Williams,ChIJ_TRYV3wVXEYRyI5-lUHSODc
Blombergska Bokhandeln,ChIJ6SctPltJXEYR4M-Fi2oXkM8
Linköpings Bokhandel AB Svb,ChIJ4R2kXU9vWUYR6gYNQ6w67S4
Ugglan Askersund,ChIJXzwoe6-MW0YRHzaZ93WS94c
Akademibokhandeln,ChIJvTYYEuQUXEYRQYaZrQv5J_g
Halvarshag,ChIJSf3mmlw8XEYRnGdmQdRU6rk
Franzens Lantbruk AB,ChIJhyjUbzVsXEYR77VU68UGCXo
Närkesblomman,ChIJ-Ww-Cx1vXEYRXk8in0Sdkko
Röda Gårdens Maskinstation,ChIJPV61CGhFXEYRJY8jrnRervk
Bomberget,ChIJ_UT8W2-FW0YRZ1mr5XO2DyY
Harparboda Gård,ChIJ42IGWwY0XEYRRXqRTUlHxQ8
"Lövön, Finnerödja",ChIJA9CUkkCFW0YR5wxLZJuAr_w
Sprängservice,ChIJgxgCa5RrXEYRQvMrOqVD5Y0
Munkabäckens Fåravel,ChIJASMM37B4XEYRTJM9JRfoz2M
Hällefors Bostads AB,ChIJ-akd2lIdXUYRI1c6RE2uRTk
Älvtomta Koloniområde,ChIJb2J07N4UXEYR1-J-TRTm2qc
Brf. Disponentparken 2,ChIJx6Ve-c8VXEYR0TpZYj4oous
Degerfors Bowling,ChIJw6x2VROJXEYRGjo1_AWY1oI
Hällefors Bowlinghall,ChIJ65u9bVMdXUYRk8UQfsiw-bU
Kumla bowling,ChIJkbx_HHMNXEYRHvWMLGSmEdQ
BS Tor Kumla,ChIJ3XDU6OMNXEYReGYOx7xENY8
Örebro Boxningsklubb,ChIJk_TwVyYVXEYRiO-GPgEzJjw
Ocab Örebro,ChIJAQAAAE1rXEYR-0M4yyCgGwU
IPrevent holding AB,ChIJIx_D8B0VXEYRNnRlmtl33-g
Bri Service Ab,ChIJSzV6KOAUXEYR2zlXtougBuM
Brandskyddslaget AB,ChIJ_____wYVXEYROXNIRGaYOTo
Brandskyddsarbeten AB Örebro,ChIJqyl5w6ZtXEYRLVH7bS5HSaM
Utvägen Örebro,ChIJjSIlDsQUXEYR8ml43sNETHU
Firesafe Sverige AB,ChIJW0dWMGAVXEYRrM1hV-xYb9o
Brandservice,ChIJuZ2gbp0VXEYRou1Do0P5H3U
Fordonservice & Montage AB,ChIJM5FBpN4UXEYRrqKqC9kYxBk
Garphyttans Brandstation,ChIJtZ14e5NpXEYR0oQvGj_hJo4
Svenska Bridgeförbundet,ChIJER2lCmbGYEYRi1o5g-HA1-4
Owned.se,ChIJu7nC4JhFXEYRfoWE357vDyU
Sve Borr i Karlskoga AB,ChIJJ2tJlhSKXEYRqNVsdP28-y8
Magnussons & Petterssons Brunnsborrning,ChIJwdSOIlNJXEYReH938Y_AbjY
Örebro Brygghus i Nerike AB,ChIJd8B-bcEUXEYROv8aeOUYO_M
Nora Brygghus Ab,ChIJb8QgRkNFXEYRY6bufy-Z19Y
Närke Kulturbryggeri AB,ChIJoU1zvQUVXEYRe7v2bCbHaZ0
Bredsjö Brädgård AB,ChIJTb3iD5MBXUYRNe4buUIm-yY
Gasum,ChIJv9jrxMwTXEYRICvAP8pIEzo
ES Power AB,ChIJ9aF_oL0TXEYRlMoLK41zRXU
Unique By ESS,ChIJbWoJDLkVXEYR5oKxXg43uVc
Dream Designs i Motala AB,ChIJWVG7htDcW0YRiIjECEX40pE
Näfstad loge,ChIJt8J7s9XLW0YRqehkv5X_1zA
Tibetansk Buddhism Dharma Center Rigdzin,ChIJz-jOQ48VXEYR-dHT60QmXFA
Prolog KB,ChIJGS10dR4VXEYRKwZ5DJ3ti4g
Bud-Bilen i Örebro AB,ChIJx6a-EEkUXEYR9oSICaQEZUg
Svenssons Budbilar,ChIJmacwxDGKXEYRoA6G09nfeaM
Budpartner,ChIJ3ygmRm0VXEYRUPAyaHfAoTo
TNT Örebro,ChIJE855bWdsXEYRBPLC3l90-28
DHL Service Point,ChIJXRRJvmBsXEYRw3vGQcz1-8E
Stora Julbordet,ChIJbSMK_EZrXEYRgF5WqB-kl98
Connect Bus AB,ChIJbcv4BWkNXEYRCZn5JwTdf4Q
Svealandstrafiken AB,ChIJa8SyF1-LW0YRsutC9ad4Y9I
Larsson Buss Örebro,ChIJs4_mGIcVXEYRyPD52KVSzlc
Larsson-Resman,ChIJp6nTHhcVXEYRQ65aFmNVf6Y
Lindbergs Buss AB,ChIJQ9c1znIVXEYRUlR_Q_K_ntM
Barks Buss,ChIJsx2w7HpWWUYRh8CFlCH64EU
Palm & Gyll AB,ChIJ8bmHiEtsXEYRG9U39jdFcdw
Länstrafiken Örebro,ChIJ0Tc8jR4VXEYRvy-W89dII20
Norling Touring Busstrafik AB,ChIJp6nTHhcVXEYR-YcndIxuW_w
Bröderna Olssons Buss AB,ChIJo-vTfkkUXEYR97vk2cPyie4
Björn Larsson Buss & Trafik,ChIJ1yAxSxIVXEYRcDyLQQiZl8k
Ck enterprise,ChIJketPb6iHW0YRYg2c_gZchA0
Jirvelius Store,ChIJ_yVjYtJvXEYRGOW2b2dPh0w
Historiska Butiken,ChIJUfiI4AEVXEYRTtKcjD5Qd_U
Tjurskallen AB Gårdsbutik Kött och chark,ChIJY5ZHKUVRXEYRBxv3495MeHE
Grosshandlarhuset Svartå,ChIJqeE2eTV9XEYRSIcq7wCP5y0
Tools Sverige AB,ChIJAQAAAE1rXEYRXAoIZzNIjuw
Batalj,ChIJs5Cz6h0VXEYRRgLUG9Jb-0w
Naturblomma,ChIJLZq_yR0VXEYRW4YUOCE2QQw
ATM MC,ChIJezVlcmcVXEYRYUQkO2xKA38
Örebro Agenturaffär,ChIJa14s_hcVXEYRQoONXzDKk2U
Fantazma,ChIJV4P5iGIPXEYRu2rHd5iW9fY
Hackvavillage,ChIJ__9vahwVXEYRz0ZqhbDb6V4
Tunnelgaraget AB,ChIJ8VDSIx8VXEYRrgNQ8wWXLO0
Läderproffsen.se,ChIJRcfIjYINXEYRQpMTgOMWBRE
Atv & Maskin i Hallsberg AB,ChIJVVVVVYoMXEYRXkBwKow0AQM
Leva Livet,ChIJN_mJ3nuIXEYRnUHEsaSRRaY
Världsbutiken,ChIJOcYVtR0VXEYR54cUPiA7ZoE
Gillberga Gård Vintage Gammalt & Nytt,ChIJRXHdXNoFXEYREflchu8JRkY
Nordenfrost Sweden AB,ChIJAQCwpsYUXEYRoxd2TDM1qp0
Karlskoga Skyddsprodukter AB,ChIJr2-GEDeKXEYRVJRH9AwOzQw
Hasselberga Sport & Reklam AB,ChIJYbQKD9NvXEYRIB7yGZ3IVoU
Procurator,ChIJGw23ScIUXEYR8Cgbx2BtL7A
Exin Örebro,ChIJuVHA7M4UXEYR8WbIpZGcX2U
Wetterberg Proshop,ChIJlXtQygMVXEYRxX6EpQpsDOY
Lindepartner AB,ChIJ6xQmr1NJXEYRHnYeIrDQI2s
Textil & Presentia,ChIJh5aMxx0VXEYRwp7meQ_gDDA
LaLiving.se,ChIJ-X52xCVJXEYRGMEPU2SDgNc
Genuine Bike Parts Örebro Sweden,ChIJDe-Y4xcVXEYR7hQyRZsLO7Y
Tppsweden,ChIJJ0Mh0W1vXEYRe_s_oBp2Q88
SpinningStickers,ChIJpXotfcEVXEYRoF5FXugNdpk
Micke Marin Båt & MC,ChIJiQO1IsYUXEYRw_YhZ8BNjmM
Elfversons tapetserarverkstad,ChIJIRG07OEVXEYRJzjE4OcPKSM
Lages Tapetserarverkstad,ChIJvYFlzhVFXEYR6YUrnz0DMDk
Asperum AB,ChIJHWA78DFrXEYR4xqGTeIxZ9c
Lintool,ChIJM8BjzDNvWUYRrkfhMfQE1HI
Vinland,ChIJ36yUDjlvWUYRPAwMx7FS2Nk
Blomsterladan i Örebro AB,ChIJLWNgH0ENXEYRnOD5rc2Aj3s
Gålsjö Grus AB,ChIJh14PkKn1W0YR3GvEdFg1EpM
Golden Athlete Örebro,ChIJwXcUjOMUXEYR6Q4yYLKmRdc
Bra Gross Sverige AB,ChIJkXBa8csUXEYRWn8jG5iV06w
Lindesbergs VVS / EL AB,ChIJKeQ7qlNJXEYRZT0krOU6pyc
VVS och BAD,ChIJUc7yiKpsXEYRmcD6QkjF9V8
TVT Motion AB,ChIJdc2eA1YTXEYRO855SwlW7so
Golfbollskungen,ChIJyZphuV0NXEYR0zq5d8YUf_A
Dormy Golf Örebro,ChIJPb6LWTYTXEYRrJr6zkpukYI
One More Rep Örebro AB,ChIJVVVVceMUXEYRKvaGhcVrUTs
EUROPART i Sverige AB,ChIJW1MN51drXEYR_gT2dgX9lyE
Ängsgårdens System AB,ChIJqxIcyK5OXEYRLNOz0yqBr2A
Släpis AB,ChIJL7eLn6psXEYRgBApjFz1wd0
Idar Sweden KB,ChIJI3HabTmKXEYRw4yYjy64s_8
Hans Eriksson i Frövi AB,ChIJ_-x16Uo4XEYRjl5RqXlLcVo
MQ MARQET Örebro Vågen,ChIJZfFUmOMUXEYRBYhVVxI24vI
Örebro Solskydd AB,ChIJUdrU-foUXEYR_YndV2VEFQg
Søstrene Grene,ChIJgycwM3AVXEYRHPfhwX9nvMs
Tiveds lanthandel,ChIJrT8JFXKaW0YRqe4FY_cBJG4
Bygg & Projektpartner I Örebro AB,ChIJa5s5f-8VXEYReMwxwEgTeeA
Edsbergs bygdegård,ChIJy_Zr9vxxXEYRyDp4lc_es9A
Mörkvikens Byggservice AB,ChIJAQAAADCMXEYR3gVQViHqYkA
DAB Group AB,ChIJ2dox-mQVXEYRVMJjOgdjRvQ
Creaco AB,ChIJWTlkaOEUXEYRK0ikO_PW73E
SjötorpsHus (filial),ChIJu-OuO2AVXEYR88WtfsxvB8Q
Skanska Sverige AB,ChIJq9l6_s4UXEYRJjR4j0YpmCs
ADK Bygg - Byggfirma Örebro,ChIJqXiGHn8VXEYRCUlV0NCioRk
Bröderna Sanders Bygg HB,ChIJHSSOrURJXEYRZ-YPQYnfpic
Örebro Byggfirma & Renovering i Närke,ChIJC373f8QUXEYR9wRj95aPpqQ
Essa Glas & Aluminium AB,ChIJq6qqag0NXEYRS1fI5Ap_iZw
Asplunds Bygg Maskindepå,ChIJJdr88qhsXEYRClLvy7XOHac
ER Allservice AB,ChIJhe_asmJpXEYRGU7mJ04qRso
melandersentreprenad,ChIJwavrsnmLW0YRG1LKqn6LPMI
Boman & Svahn Bygg & Entreprenad,ChIJlxHrkgoUXEYRKS46BQTB45I
Gällersta Kakel och Byggnadsentreprenad AB,ChIJibQNCxsVXEYR2Q0gKPTCBGI
Peribo Bygg & Inredning AB,ChIJIdAskB8VXEYRRU6YgSipiqc
Närke Byggmontage AB,ChIJjQs9qywVXEYR2umUap6xUUE
Olas Byggnadsvård,ChIJgY4qXNaBXEYRe7gE4RTtUr8
Renoveringsteamet i Sverige AB,ChIJeasNwcIUXEYRRYBM-kYam4Q
Management Technology,ChIJ8RGqN84VXEYRnP7yqasHxCM
Byggpart Sverige AB,ChIJFQ7y-84VXEYRdSoOdhgmNv4
Tagotek Tak & Golv Teknik AB,ChIJDX47wW4TXEYRpF8RnEZuORM
Kumla Byggfirma & Renovering Närke,ChIJ12jMJG8NXEYRrMfigaBzQdI
Kumla i Närke Bygg AB,ChIJQcj_UuoNXEYRUMeahCrDcvc
Bygg Ingvar AB,ChIJ00OhMY8MXEYR5E49tfl8uPw
KSM/TIAB (Karlskoga Snickeri & Montage AB),ChIJe2hPBjOKXEYRD5L60TWQZSY
Glada Snickaren,ChIJ6S9dl3McFYUR1dhW7Hu80-g
Kakelmontage Bergslagen AB,ChIJZZJA5_4VXEYRVfeb0PbkbZY
LOGSTOR AB,ChIJnZIfV-cUXEYR8hVXpi2fNmU
Eknors Bygg & Snickeri AB,ChIJ8zHBPUVFXEYRjSOpxVq59Sk
NSE BYGG AB,ChIJvUhHjwKLXEYRw6sHy-tmtR0
VEMO Karlskoga AB,ChIJU8Bf2cWLXEYR_tzfDcyv3L4
H Einarsson Byggnads AB,ChIJj4gwYNaLXEYRudu890qdIBA
Th Bygg & Montage AB,ChIJS6Ak-mPFKkYRjluzPQ_9VC4
Byggspektra Hus & Designprojekt AB,ChIJZTbN_AAVXEYRkpBo1Kl-Djw
Dagens Bygg AB,ChIJubYe6P8UXEYRGElX8QYI7DU
KBA Karlskoga Bygg- & Anläggnings AB,ChIJYcn7TtGLXEYRjVMLNDMpAi4
Bygg Örebro | Mark Bygg Betong MBB AB,ChIJ92flb5UbXEYRSTrqd2V2LJU
NCC,ChIJYfDxbMYUXEYRZiWJbpuIXiY
Närke Fasad Teknik AB,ChIJM22fY-0NXEYRnC11gygubUI
Bygg och Borrteknik i Sverige AB,ChIJwcIX44QRXEYRHLLfvX4xags
Partega AB,ChIJG3RFN8MUXEYR2Sf_X65IS7o
Tommy Allström Byggproduktion AB,ChIJ06v6_6ZSXEYRqSaBpuoCvrU
Nätterlund Entreprenad AB,ChIJqagOfNUVXEYRYi5xfUR1mV0
Dr Snickeri & Bygg AB,ChIJV9_jSnAJXUYR1SRXoPQA_vY
Freij Construction AB,ChIJxaW7a8tvXEYRYj_X2BEkBPI
Rewab AB,ChIJVVWBaljJX0YRpYtjgHelCt4
Asv Spräng & Betonggolv Norden Ab,ChIJO-hib1YUXEYR8jAdd2Fhvas
Novab AB,ChIJL6IAMvMVXEYR-upP7aCjQOA
Norra Bro Byggprojekt AB,ChIJVS4kJXoVXEYRa7ttP--qe_U
Widén & Erikson Byggnads AB,ChIJWakjw6kUXEYRLuTjmjocZf8
Jt Svea Byggteknik AB,ChIJ6fscnyVPXEYRZcln17m46UE
Svealands Bygg & Entreprenad AB,ChIJ3Rx1S6cVXEYRpwE3Bqsh_B0
Betongresurs i Örebro AB,ChIJs6fC080UXEYRb1X4oB8yp5A
Serneke,ChIJP4toKM8VXEYRo5joF2NubFg
Rc Bygg Och Konsult I Mellansverige Ab,ChIJ11uzeOMUXEYRjhI7ZnLMDXs
Premie Bygg,ChIJH9w-psN6kykReLvxviMU8cY
019 Partners AB - Bygg & Fastigheter,ChIJwWNNawEVXEYRZqI1Opob22g
Axess Bygg & Entreprenad AB Örebro,ChIJ65OJ6eAVXEYRLdWrE1wtZe8
GlasLindberg Fasad AB,ChIJdxOQ4B0VXEYRqe6qUhKjPOo
Consto AB,ChIJAQAQRecUXEYRP-iqE_r1-00
Bygg & Hemservice I Örebro Aktiebolag,ChIJ8zDQarRqXEYRA8SmqE85Ocw
TBM Entreprenad AB,ChIJAQAAQBYVXEYRZS9-sJVvx24
Bengt & Mats Byggmontage AB,ChIJPe31-U1rXEYRxiHakRUjyJc
OBK SVERIGE AB,ChIJPzv8URYVXEYRJRLfdrM9r4M
Prefabbyggarna i Mälardalen AB,ChIJAyypQ8gVXEYReFJp_Mi8Qh8
Nerikes Markplanering AB,ChIJhZqpxVIVXEYRADsx3OP7Ujg
Sohlberg Solutions AB,ChIJrcMP7soVXEYRnQ6OWXQWHq0
Örebro Fasad AB,ChIJIYCJ13UNXEYRh0hHcTUaKNI
Sörbyhus AB,ChIJqS70n_YNXEYRe0Ix58r40nU
NC Bygg & betong,ChIJFwyaF5oSXEYROpe5578HiPk
BRV Bygg AB,ChIJyeZDI4UTXEYRfecRH1nWtWA
SM Fönster & Bygg AB,ChIJc3dcnHkNXEYRvemBg5CAzMg
Örebro schakt & mark,ChIJVQiwtuUUXEYRvz2jSB2wy04
Interiör Akustik,ChIJbdGKxMcUXEYRhiZE97xMgV8
Åv-Bygg AB,ChIJBwUaHe4KXEYRYr5L-W0x6x0
RSBYGG.AB,ChIJ1wZ-0jeJXEYRsWwLlEovCtM
BeMic Lekplats&Snickeri,ChIJ-4pu-ldlXEYRZ22Ge2Oqwss
Örebro Tak&Plåt AB,ChIJgca9IywVXEYRtz5JgPen9S0
R.A BYGG / Roland Axelsson Bygg AB NORA,ChIJbcFhI1lFXEYRWkW8JB7d3hU
Storefast,ChIJuUhM-YWLXEYRc3GQzKyYsN4
Eurohall,ChIJC3NDFOAUXEYRcVRWMNI1fYc
Hofvanders Bygg Aktiebolag,ChIJkSSjj9F1XEYRwHWwbHlOWys
NA Bygg AB,ChIJeyqiowANXEYRLzwTNqierdc
Mer El Hällefors AB,ChIJj6HBJsQdXUYRZV9uIYLsg0U
Thomas Knutssons Bygg,ChIJMyREpKH3W0YRU4cCW6WaIbU
EM Byggentreprenad,ChIJVUrxSToVXEYRXwC4Wjem7uM
SJ Törnqvist Bygg AB,ChIJeQnT7uJsXEYRTW8KvZfRnVU
"Veidekke Entreprenad AB, Örebro",ChIJy2DYC74VXEYRrr3-F3azerw
Byggman i Kumla AB,ChIJffVYUqMNXEYRvXYnTAs7UBc
Strängbetong,ChIJ5To65alsXEYRwgu-nFJuCzA
ND Service AB,ChIJjx-R6NkTXEYRHO2pXJHvavw
VentPartner,ChIJaXX_G4z9W0YRn_wvIVOSFsM
Allbyggarn AB,ChIJuxxWSEyKXEYRTQYzALdlRRI
CJ Dives Bygg,ChIJBbsRuBoVXEYRwgAHfkl1Qgg
Bergnäset Ställningsmontage AB,ChIJBR7LMZ4VXEYR63ORRMKkqbE
Peab AB,ChIJNZfXCfC6awYRx-RFazoLZuU
Mineur Fastigheter AB,ChIJByt1rilQ8EoRgx9zduO9H1I
Hercules Hovsta,ChIJD77hYdleCoIR1oEIweubQTY
Entry AB,ChIJ9d9KgD0VXEYRM8y7QYv1bdw
Tribus Projekt AB,ChIJI1_zvn4VXEYR577exYJyaiU
Kapena Consulting AB,ChIJ22gmBU8VXEYRRq2bL3_us9U
Wirbacks Fastighetsförvaltning AB,ChIJR9wy_5L8XEYRqSXjnwkG1Rw
Bygg & Skadekonsult KB,ChIJnzes6psUXEYRgmw8_6-cRu8
NESC AB,ChIJhdaTCeAUXEYR-yNq9dQ8Aew
Anderssons Byggnadsekonomi AB,ChIJWzTUPjEVXEYRuQUZXbLqQxU
Lanninger Byggkonsult,ChIJ_6BeMtRjSW0RErQwufFsFTM
Bygglov-Online,ChIJAc0rqS2Xn4URfDvtW1boIy0
Larssons Termografi,ChIJdYKIc8v832cRHKMtIHanVdk
Renta Örebro,ChIJRXJ_0XcVXEYRs29ek4dib1s
Cramo Örebro,ChIJZVigSccUXEYRJlOdIYWK3Uw
Drifti Sweden AB,ChIJW2LWsZBBXEYRgyP9iDT4Xds
HEROK Örebro,ChIJl2ghyz0VXEYRHq-G-Nbw84k
Arento Maskinuthyrning,ChIJdVGewlZrXEYR12Dbg9l3Rgg
PM Norra Höjd,ChIJJUqScB-qj4oRFIZgHdzam9k
Semel AB,ChIJPxzLBdBsXEYR5aqZPiiAvY4
Rejlers Sverige AB,ChIJAQAAAE1rXEYRLjCdsYAeEQ8
Kåver & Mellin,ChIJi7aKIJUVXEYRycYnZttndl0
Arcona Byggprojektering,ChIJlYPJldsUXEYRmmwFG4OvMvw
Road Rental Örebro AB,ChIJAQAAQBYVXEYRfZYkFJ-h1UQ
Sweco,ChIJn9Z2wR0VXEYRTya76UiuJUo
Green Arkitektur & Konstruktion [GRAK],ChIJF3xhiVIVXEYRA_6Kp0-l0pE
Siemens,ChIJ9QabIVQUXEYRzXAQgWRdQT0
Byggmax Karlskoga,ChIJfWd15tGLXEYRQlSuIAYcfm0
Wisionshuset Färg & Form Ab,ChIJKcjaeK-MW0YRcjKBJwRaZvg
Beijer Byggmaterial,ChIJRXvf9sMUXEYR1OC_YCbsHnI
MIAB,ChIJt85AeEgVXEYRCxZcbAOSHTU
Yxhult Bygg AB,ChIJAQAAkB0VXEYRKZ2IUGaeOpg
BF:s Bygghandel,ChIJ5a7SmwoUXEYRxfMJzE-OoT0
Swerock Atle,ChIJGwq9rn4UXEYRGishrwxYsw4
Färgcentrum i Örebro AB,ChIJ5xwqvdoUXEYRaY3HJDfr16U
Flex Interior Systems AB,ChIJc-T2h8EUXEYRWBYE1RebYio
Multi Purpose Ceiling AB,ChIJxVUCq91sXEYRfJpckyNLU74
Wiedland Internethandel AB,ChIJ1YPClAsVXEYR-KJjmoFy1uI
Värmepumpcenter AB,ChIJnRzjMUgTXEYRoy4kbg1S8Mc
Deson AB,ChIJvSjYNY-JXEYRFv2iCZZQkuw
Hallbergs Färg Aktiebolag,ChIJVVWVuI-JXEYRWMVFI-P-JQs
Golv & Kakel i Mellansverige AB,ChIJlQVdNVNJXEYRSJ-Xo68D4qE
K-Bygg,ChIJQS5ZlLPDW0YRhMEB-0tIdoU
Skånska Byggvaror Örebro,ChIJvTUjQTgVXEYR1fM5r5KC4yk
Bauhaus,ChIJ3SgUKkwTXEYRLaj_6Ibyd4w
AB Karl Hedin Bygghandel,ChIJQ5mP4qhOXEYRVp0-JwN_KlI
XL-BYGG Kopparberg,ChIJFfQCxPyoXUYRJVE-X1g4Dqk
Optimera Hallsberg,ChIJgZTYyosMXEYRBHYTDBEfxos
K-Rauta,ChIJ6Q7n_zYTXEYR7JRilgqbbJc
jem & fix lågprisbyggmarknad,ChIJcVx0s5IMXEYRZJuTYkFTPK0
Takmålning Karlskoga - Decatak AB,ChIJm8QZExSJXEYRyh1A6gU_8f8
Karlskoga Renovering & Bygg Ab,ChIJoaTQK95hXEYR07UkP-lZGd0
KAEFER AB,ChIJ0TKoFH9rXEYRIFZYELU3J4s
Klassisk Byggnadsvård,ChIJqYber6cNXEYRBkKg8r1Bvgo
Noraskogs Antik & Byggnadsvård,ChIJ334oCmhFXEYRpbTWhgAx-n0
MENTAB | Hyrmaskiner Askersund,ChIJA03AirqMW0YRuC9NA0Mc5Tw
ABC Ställningar Örebro,ChIJS7bmalANXEYRaEm5EDfis1k
Bennab AB,ChIJ2R4PfEcVXEYRTNZgTD7HZ88
Lambertsson Sverige AB,ChIJcZUVeD4VXEYRMvijJVpPjn4
"Järnvägens Bågskytteförening, Hallsberg",ChIJkSqUfVALXEYRypXGOEZ5ugo
Lyth Instrumentfabriks AB,ChIJQ8hAYdlxXEYRsQTQIaEPD34
Marin & Fritid Örebro,ChIJCfi2ScIUXEYR7vWoRNog-oE
Norra Vättern Marin Ab,ChIJu-unmKWMW0YRHEWT9N7NAN8
Caperib Sweden Ab,ChIJq6pOgxIVXEYRAxSA6luxyVE
Borgs Motor AB,ChIJ6UeZxuoNXEYRKZPtCByiRd8
Ne Marin AB,ChIJrTsXMSQSXEYRTREI7O0La98
Interboat Örebro,ChIJ5VCSNW0VXEYRvaQbqR6BPZw
Askersunds Småbåtshamn,ChIJ5540mrqMW0YRuJSDvBBJdQA
Åmmebergs Båtklubb,ChIJxUaOPZzzW0YRMkm8Bk_ok7k
SeaSea Båttillbehör,ChIJQ0mYpboVXEYRswTdHjux1hk
Kumla Bärgning och Transport AB,ChIJ13pzRtwRXEYRW7Grlhnj_MY
Bärgar´n,ChIJlb83LzcVXEYRbknifnsT0fU
Örebro Bilbärgning AB,ChIJ9dWIXHAVXEYRmDA0UcQMYuU
Örebrobärgarna AB - Assistancekåren,ChIJ-8fIGnIVXEYRkZHCZpapEj8
LL Bärgning och Transport AB,ChIJMQ8gzyW7W0YRozAkRQ3Hev0
Bilbärgning & Vägassistans i Örebro,ChIJm0tPD2gVXEYR2i0Jn_Bml2A
PJ:S Nät & Tråd AB,ChIJ8aFYwIkFXEYRWf__E3fD2zM
Sellify Group AB,ChIJMfMDS3UVXEYRHbwEYcti0F4
Husabergsudde Camping,ChIJ-QtnRrSMW0YRYtfDWfG5H80
First Camp Ånnaboda-Örebro,ChIJoZbSmztoXEYRfGKrA1USNOo
Villingsbergsgårdens Camping,ChIJ87czH_pjXEYRKBs9J7RR1Sk
Uskavigårdens Camping,ChIJpz1td1dTXEYRYvuwtJHmvx4
Djupadalsbadets Camping,ChIJ4Z_i6pwNXEYREZ_fMdQyESk
Gustavsberg Naturistcamping,ChIJJYNmVPRPXEYR3mcKj7wCUhY
Svennevads camping,ChIJjyoaiUsHXEYRTra7v2Xg7dA
Nämndemans Rälln 303,ChIJe1vaaVytXUYRgPQSbDPfh18
Lindesnäs Camping,ChIJ7QzujaZCXUYREGcF6rz7z3c
Kristinehamn Camping & Stugor i Värmland,ChIJH0z2FyaXXEYR_xa3udPyk04
Lavinias Catering,ChIJ1Wf8WxVvXEYRgTdm0sCjpGM
Säsong Catering AB,ChIJXcXFUxQVXEYRtoKNTBx85d4
Pinklish AB,ChIJQ4cK2jlvXEYRThvIoIBllFo
Heidelberg Materials Cement Sverige AB,ChIJ2_YUk8mDXkYRsa-VrrIAHa0
Oxhagen centrum,ChIJj6d9w7UVXEYRZqyKMkIf6pc
CE marking Nordic AB,ChIJffsL6lUdXUYRTDApYjYXwaY
Hydro,ChIJmeQq-3wPXEYRvTotlnKbYH0
Mercuri Urval AB - Rekrytering,ChIJdxOQ4B0VXEYRReKeMpOqohU
Örebro Kaffe & Pralin AB,ChIJz6j8aeQUXEYR1m1CRLi4WEE
Marias Chokladmakeri,ChIJhz9BRdNFXEYR2UoatgkC8V4
Grythyttans Glass&Choklad,ChIJ0cTSWY38XEYRoPgloo9U2D4
Almida Exklusiv Choklad,ChIJd5dw32cVXEYRp08K9FZ-dGI
Venus Choklad AB,ChIJeRzBGKWMW0YRnP0Ax2SMtz0
Chokladcompagniet i Hallsberg,ChIJK1yLBtoNXEYRm_xNI25H7yA
lawin,ChIJj2glCPA4QiQR5GGuGYhH0iE
Tottas Fritid AB,ChIJixI_VFAUXEYR5PPz1VSN06A
Bikenation,ChIJ7cy7kTYTXEYR8JrURY5BONM
Engelbrekts Cykel AB,ChIJ8WKszpsVXEYRXWPrXa4OURE
Sportson Örebro,ChIJrSAfTOEUXEYRm6NUrvAn39g
JBC Sport AB Olympia Sport,ChIJJ8PF3h8VXEYRvsn0zA0r274
Norra Cykel & Verkstad,ChIJY6367uIUXEYRbaNtAOs47Zk
CykelHandlar´n i Örebro,ChIJh3qPxR0VXEYRFdEJWIWoQTQ
A-Cykel & Service,ChIJf7ATMBsVXEYRLy4sSln1VB8
Mandel Cykel & Trädgård AB,ChIJtVGRhN1hXEYRHJ32cKT3zT0
Elcykelpunkten Örebro - Eurostop,ChIJ-eVnTOwVXEYRcbX3BsAmfBs
Lindells Cykel- & Sportaffär AB,ChIJF0j1WvsUXEYRWCaL_fkPb28
Cykeltek.se,ChIJMeuhCpcVzY4RIuL0nVeNncM
Cykelhörnan City,ChIJNcwmaYgVXEYRLHpIWRxTjsM
Cyklos AB,ChIJDw6qKegVXEYREbnJisTNCms
Cykelgarage Örebro Resecentrum,ChIJh8zdWLQVXEYR_N7Tl1togwI
Mosippans förskola,ChIJbc30sfEKXEYR2fM0Yc4R_AQ
Ljusfallshammars förskola,ChIJNdbmgxBXWUYReS3gqHAMdWE
Karlskoga Tidning / Karlskoga-Kuriren,ChIJ5_QWnxWKXEYRMLHOXNrnY-M
Gina Tricot Örebro Vågen,ChIJVVVVceMUXEYRdhByi8-60D4
Vero Moda,ChIJEyn2vuMUXEYRac8eE8OsRMQ
Pieces,ChIJNxkuQ0kTXEYR0ZILuzQV76Y
Vila,ChIJe6GWXUkTXEYRYDAOPEnWYEA
Joy,ChIJxZSHZ0kTXEYRuPAYU8-7aZ0
Bik Bok,ChIJG_mMx9YUXEYR8tA2rz3qIK8
Only Örebro,ChIJ59cDwUkVXEYRYcImggVTqDU
Indiska Örebro,ChIJFeJ57-MUXEYR_gf5PEhreLc
Triumph Marieberg Galleria,ChIJ61FLDEkTXEYROvQ5K2pfRak
Hunkemöller,ChIJebFF7uMUXEYRiaiC97v1Bts
Dansklubben Rockrullarna i Örebro,ChIJ2zdbo9QUXEYRfIstazJxjZQ
Örebro Squaredancers,ChIJx1hWf8QUXEYRen5NnKp9LYM
Dance Center Örebro,ChIJVVWVgcMUXEYRKNGpJJFZ5Hk
Dansskolan Entré,ChIJgyKHeuEUXEYRbKmQgx7LUxQ
"KFUM Dans, Massive Community, Örebro",ChIJn6K_d3MVXEYR-BFAvTixXaQ
FLOWÖrebro,ChIJ52rcpB0VXEYRXb88Svm0HRE
Karlskoga danscenter,ChIJR3bfiSWKXEYRxoF5jManD1g
Nerikes Dansinstitut,ChIJN63kbeMUXEYREk0GMza5Ytg
Funkykidz Dansskola i Karlskoga,ChIJI1QDp5GLXEYRlxsc1LuH6cg
Sportdansklubben Wetternbuggarna,ChIJIwM1YM_cW0YRKlVSjyrtQqs
Dansarna.se,ChIJCRbo_sMs6mYRuszumz1R6rE
Strive Dance Studio Ab,ChIJq6o-gb5lWUYRTkEb_wly6W0
mStore Premium Reseller Örebro,ChIJxTdMLqAVXEYR8bSGV5oAwD0
Insignis IT AB,ChIJSbP-u0xrXEYRUf3bWCDnO9c
Infozone AB,ChIJb_zgMy8VXEYRopIdMagDYIY
Obscured,ChIJ82bmO-EUXEYRVlAJXVZg5pE
Exsitec AB,ChIJ____r-cUXEYRGdyV-lnr6Eo
byBrick Elevate,ChIJEdjmpMEVXEYRcxK36NVhH8k
Sogeti Sverige AB,ChIJ35qNcR4VXEYRbwCZlLMRsM8
Proact IT Sweden AB,ChIJmwf14hMVXEYRNxGsfq-Yodg
Ducam AB,ChIJGbCuC9YXXEYRc_a7_Q_A9Gw
Precio Fishbone AB,ChIJo8Z3tuYUXEYROT939c856CM
Molnbolaget Sverige AB,ChIJCccX-uIUXEYRlRiwxBfdgQY
Atea Sverige AB,ChIJZUJb4sYUXEYRDZxCQXKwIdg
Agriprim AB,ChIJId5Q2sMUXEYR9kA73xO5Vhg
Piktiv AB,ChIJ1YN3cikVXEYRem1kgB3yUcg
EG Örebro,ChIJP9kMJbRBXEYRZbfTQtB3tx4
Innovation Highway,ChIJTUgbUbQVXEYRlIDFg9WFFjU
CGI,ChIJWb5MUBwVXEYR_c6B4rU6mRI
Golden IT-Consulting AB,ChIJX0q0l7wUXEYRaU8tpQ_PZN0
Tekniksamariten,ChIJ49C_SlgUXEYRc4-UznSfi28
InfoCare Service AB,ChIJq9l6_s4UXEYR7uFfKcD6IbE
Fortner,ChIJ2WtADC6RXEYRSzieo_dp19c
Leetcom IT AB,ChIJGS10dR4VXEYRGowKz0Xgs78
Itsy,ChIJaVjRCMYUXEYRG2NmI1E6XlA
Linford Communication AB,ChIJHUWP48YUXEYRsKwBBcul3Ps
Stadsnät i Örebro-Kumla AB,ChIJ25t50eEUXEYRgTmUJAm5kcg
Advania - IT Företag Örebro,ChIJ_RxVDJEVXEYRWuhOjhw1J9g
Sectra Sverige AB,ChIJDzLpzcUUXEYRVkOJ7LP7tMs
Docucraft,ChIJ3y1Uc0gVXEYRZeKAwV3RJic
Madame Nature,ChIJxft5jK-MW0YRA87O8JZk2wo
Ekmans på Torget,ChIJ____Dz6KXEYRvzF7hzJeKNU
Bergslagsdelikatesser i Lindesberg AB,ChIJ8Wg_X6pOXEYRYrcEsoX7S34
Robertsons Charkuteri,ChIJAQAAAE1rXEYRL6mdodKLew8
The House Of Taste,ChIJsR3IBOQUXEYRHczT_nXHQA0
FAB Studios,ChIJhZnti4ttWkYRIONtzgwfWEA
Frökontrollen Mellansverige AB,ChIJbWB9LuYUXEYRyXaFpIxSv7I
Glassbolaget D&S Nsv Ab,ChIJP753IlJrXEYRLBAJehfDQ_4
DJ Källan,ChIJ62wbbovfzYARayA-df6kDTE
Dj Jens,ChIJAQAAwOwUXEYRshNxJdj829M
Arken Zoo,ChIJ67hpvzkVXEYR6gTFJYd2MH8
Zoopermarket,ChIJZ5jCNxQTXEYR68E9u9uhcoU
Hund & Kattspecialisten,ChIJO_FOhsYUXEYR6WLk3NIc0p4
Dogorama Hundshop,ChIJ5dswdUWzXEYRXB9NWsmM0Sk
ZOO.se Linköping,ChIJ4YZ8Vq1oWUYRUa9qRklw91E
C&C Djurcenter,ChIJ-a0b-GdFXEYRDJrFC8vJkec
AlgGutten Hundmat AB,ChIJi-HZDhBUWUYRP409TxRAfqw
Hallagårdens Djurpark & café,ChIJwTM2aItlXEYRRKRBdItWyBI
Hemlösa tassar,ChIJGSNrVXSKXEYRB04aw8CZ0SY
Rättscentrum Örebro,ChIJ9SxanR4VXEYRFRccZGz2zVs
Dykningnet Sverige AB,ChIJn1a7fNZxXEYRGtIWUaSLWNM
Däckson i Karlskoga AB,ChIJ5Q459M2LXEYRcaSuyE-wWDA
"Alldäck - Däck till jordbruk, traktorer, maskiner och entreprenad",ChIJdUyGtMttXEYRaAX5aZ3x8FA
Frasses Däck (First Stop Örebro),ChIJBaK5Nz8VXEYRCBJB1xs_D3g
Däckteam,ChIJuWyCaF7yW0YR35I8JVerFik
Euromaster Örebro - Däckprofilen Örebro AB,ChIJNRP0MQQVXEYRivaoHT6o_vY
Superdäck Örebro,ChIJnzlw0y0VXEYRXbYEPRQiDO4
Centrala Gummi AB/ Däckteam,ChIJq9B339AUXEYRquqnqs4r-l4
Aggerud Däck AB,ChIJq6qBNoiJXEYR_30GFYE2MkY
Däckverkstad Karlskoga - EVG Trading AB,ChIJKwxNPM-LXEYRwsKb4Qa_JJo
Frösshammar AB,ChIJSS-5eQEVXEYRIQcX-lKxPdc
HC Däck,ChIJ90LDxuwXXEYRnlTvCAUiW6A
Däckia Örebro,ChIJ986Lm0cVXEYRbCou1Bu0lqI
Däckskiftarna Örebro Marieberg,ChIJv1YKOXATXEYRz5k3MKduEmY
"Däckcity Örebro, Din lokala Däckpartner",ChIJRcUpeh4VXEYRA_mJ6WhDmAY
Marieberg Däckservice,ChIJI4riDZsTXEYRxY4kjaLbGac
Eliason däckservice - bil och mc,ChIJXX4pnIOJXEYRTz1QI0ep3tk
Micke Schyrman Däck,ChIJ20OQlHKNW0YRAG7YbVUapRE
Fjugesta Gummiverkstad,ChIJk1_d4dZxXEYRnFLva0cwTPA
Törnbloms Vulkverkstads AB,ChIJMwncelUdXUYRMvP_s0JqiaA
Däckgrossen i Örebro AB,ChIJYRc9ZWgVXEYRauFnEymDfBw
Örebro Bilringar,ChIJzaWQpRkVXEYRmT66kzoZuFw
Vianor Hallsberg,ChIJAQAAAJUMXEYRGYWbZH02ynE
Hencos garage,ChIJ3X35jEhhXEYRPebGs25Ij18
Kumla Däck AB (First Stop Kumla),ChIJewwAK2kNXEYRbl6ajZhb-ew
AB Fjugesta Snickerifabrik,ChIJuThu0ytuXEYREkRtof5zLXw
Baradesign.se,ChIJj4H0bvYUXEYRDa1oJnRRsN4
A-traktorspärr.se,ChIJIct5PhBzU2YRY7H2cRtndow
Trädgårdsmaskinservice i Gyttorp,ChIJ-8PhRuRbXEYRKKsVGRzu5hQ
NHS Care AB,ChIJVcYIkc4UXEYRghT2ZOKlOyM
E-Convert service & Bike-Repair,ChIJx9UFxgUVXEYR3G0SD5Tac0I
Vidatrack,ChIJVYtFB1KJXEYRkQZKn9v9EKA
BeeLife,ChIJYeeugOSu4oYRvBst_1um7JA
Winn Scandinavia AB,ChIJ7e7UNLgUXEYRkd3JICKBA0c
Cleanhit/Innovat AB,ChIJoXJME6EVXEYRmzi-MzuQFXU
Kalsongshopen.se,ChIJlxagtAuJXEYR__N1D5u0RA0
NordIT (Nordiska IT-lagret AB),ChIJfZcZf-EUXEYRXRHawR-_56Y
MaltMagnus,ChIJhwkodsxyXEYR-AyWN9hlenk
Stegbaronen.se,ChIJ6wvdJhZZGYUR5Yr2omtFiAM
eastmedia.se,ChIJRQXmokHr2wURmhwLAe1aELs
iFrid,ChIJvyA7x2u7JQsR1JA7RAYBvIc
Backamo Choklad,ChIJVVVVpo8MXEYRkSrJlOvYfk8
Mjölbod - Råberga Ekoprodukter,ChIJhfMKRW9tXEYRxECK_prN74E
Ekobutiken i Stadsträdgården,ChIJZYWwoP0UXEYRwdSYvffuqrI
Klara Swar AB - Nora,ChIJG_tzwDpFXEYRri-JUozQphY
Global Invest Finansförmedling Sverige AB,ChIJ3Rsn6OMUXEYRQGIPBiFwA0Q
Industriprogress i Örebro AB,ChIJjSIlDsQUXEYRYzicpRexNds
Fyrklövern ekonomi och juridik AB,ChIJXVvRz-IUXEYRSYCt38_KvVw
Acarta Redovisning AB,ChIJ8_G58hsVXEYR9p05GDuBup0
PwC,ChIJY40fV-cUXEYRY2BpuuczLPU
Degerfors Energi,ChIJbzU5EPWIXEYR3P8QfHHaD4Y
MSI-EL Motala Ströms Installation AB,ChIJ7wFNcFaLW0YRnZPcxY1oKlk
Jämtkraft AB,ChIJ__-vH8cUXEYRB0O_9Jx9CGI
Vattenfall Services Nordic AB,ChIJYct-p48MXEYRZyhDH32Xl2c
Elboxen AB,ChIJZ_H9o1YUXEYRgoc4ukXryPQ
Linde energi,ChIJVVVVlatOXEYRWixffNgQHds
Schneider Electric,ChIJG_mMx9YUXEYRdaZGG5hmrPo
Frino EL,ChIJPwiz4GdFXEYRhpXT0sbaTvE
Kedu Europe AB,ChIJSyOCfRINXEYRYgPcwBJdF-M
Vretstorps EL AB,ChIJXX_0TNZ1XEYRrTmyNPVcixw
Eas El & Automations Service AB,ChIJPZP1OcQUXEYR800daSHt-zA
Eitech Electro AB,ChIJU2n7gcYUXEYR1AMS6Ym6I6c
"Fjugesta Elektriska, AB",ChIJXdIzVSluXEYR628DH4XQGOY
Bergslags El i Kopparberg AB,ChIJKVeY-_uoXUYROCnViuAWCCY
Alltek I Kumla Ab,ChIJG23H4GgNXEYRDIiiRwIBBz0
Närkes Kils Elektriska ek för,ChIJ45JXtAlqXEYR1lfi4M2fyH4
HT Elteknik AB,ChIJqemVBeUVXEYRn3We4lyoWG8
El & Tele i Nerike,ChIJ9YQj9UYVXEYRQHK1fsD9hy0
Adolfsbergs Elteknik AB,ChIJ__fkZ-AUXEYRtKACCODZRpw
Installationsbyrån i Nora AB,ChIJs5I0_GdFXEYRmFfc7IA2xvs
Bergsten Elektriska AB,ChIJ____P6gVXEYRzQV79Uap7uM
Stigebäcks Elektriska,ChIJVVUhkh8VXEYRuSIcny25t5M
Örebro Elektrotel AB,ChIJLfZJIlIUXEYR1p1CmpVC1Z0
Anders El & Alltjänst,ChIJ1bD_OkYZXEYRcBoq6c0_Vrw
Elfirman i Örebro AB,ChIJAQAAQBYVXEYRbKlVFS_MrJA
Elomer i Örebro AB,ChIJJ79ozPwUXEYRjZ80Lj7JRCs
Oscarssons El AB,ChIJ_ab_fugVXEYRq8jpCcIYpds
Telectromontage Staaf El & Teleteknik AB,ChIJVy0HQmwVXEYRJ-hYgopr41g
JPS Installation AB,ChIJgwm5RUSLXEYRfQETepsC1YQ
ONE Nordic AB,ChIJe0FOaFL9XEYRLaYXEu8U6Wo
Elservice AB,ChIJU0cScZMMXEYRPIPfx0z-v_Y
Elbyrån Gustafsson AB,ChIJocg_820NXEYRTCbz4o0TSdY
Kumla Elektromontage,ChIJ30ukX68NXEYRKWmZwIer3nY
Widmarks El AB,ChIJ9RCGdxb1W0YRyI5pvEdoMHE
H7 Electric AB,ChIJF8KrbQYNXEYRP0AXARW1Wug
CBF Elektriska AB,ChIJNx9_ncYKXEYR9pa_ptkcWo8
MM Elinstallationer AB,ChIJ__-DRNPCW0YRN4hqZZdZRUs
Berglunds elteknik i Åbytorp AB,ChIJaUh5mxUNXEYRiAZBr7l_RpE
Elmontage i Laxå AB,ChIJS7TNiaKHW0YR8SCNiihvUDA
Solmates Energy,ChIJCwjBKPcVXEYRc9PRxIe0PYo
Adams Elservice,ChIJq7QEGsXcW0YR94YhcQ4od4I
Allmänna El Motala,ChIJ_URjhzLdW0YR56cKD6ADg3g
Provektor Karlsborg,ChIJkxj38X-7W0YRlO4LAzkJP4w
El & PC-Installationer i Örebro AB,ChIJcxEZawsUXEYRgguzawLd9Vw
Bravida,ChIJkxbxdz4VXEYREvDAdtPmsUM
ACDC Elektro - Örebro,ChIJSSyMSpYVXEYRCRrJvPnPTrY
Elmetec El & Energiteknik AB,ChIJCdTT4KAPXEYRvvVFs_UPWzU
El & Automation i Nora AB,ChIJCd2PBa7q82gR35r91fJGXUQ
Ampere Örebro,ChIJ_eX-qoxlb2URDUyKRUC85ls
Örebro Stängsel AB,ChIJ32I3HjYUXEYRn5fI5bpiKVM
Audio Video,ChIJVVUpGj6KXEYRIiBnq6mTV-0
NetOnNet Örebro,ChIJ-2Vibs4UXEYRlzW72Vh5MkI
Beving Elektronik AB,ChIJFUqmqAwVXEYRNDjEsWbprgY
Loh Electronics AB,ChIJNagBk-0UXEYRBDlw9T0tUaI
Kjell & Company,ChIJa0RE7-MUXEYR3TrlpyjMUzc
Digital Inn,ChIJg6bkxOMUXEYRTyOjG89LrHk
Mixon Elektronik AB,ChIJY6367uIUXEYRxk-m_ZtVchA
All Tele Retail,ChIJUTF0Y0kTXEYRnPgUwUNcRDA
TEKNIKBRÖDERNA,ChIJs_iJieQTXEYR8LwopMVxxfM
Media,ChIJWTknxOMUXEYR5X2bIRX0sYM
Ringup/Mobilect AB,ChIJk7CmDsQUXEYR6xA4TQ0ogs8
Xylem Water Solutions Sweden AB,ChIJn-BQ2sMUXEYRBbaYAd6SKqU
HiFi Klubben,ChIJj-h8wuIUXEYR6ecEb_utNfw
Hi-fi Consult,ChIJ9_wIsP4UXEYRGRrKpyq0-9c
Gummicentra i Hällefors AB,ChIJg6icPKwCXUYRqGzZ8CM5RN0
Rejlers Örebro,ChIJS-6V6cYUXEYR4exDbWcBACc
Alcadon AB,ChIJbdGKxMcUXEYR7XPkeRV3ypQ
Clas Ohlson,ChIJS1EzmEkTXEYRLcdRA2a9xWg
Elon Ljud & Bild,ChIJJw0qdeMUXEYRliVW-p-Jyt8
Allans Digital TV / MMM Elektronik AB,ChIJK4cA2eIUXEYRg8FhaEngnIg
Elgiganten,ChIJF3eUZBSKXEYRHCNll4ReVxU
POWER Örebro,ChIJf3gtgRYTXEYRWiPYpekyPBw
BraTeknik i Bergslagen,ChIJ67hvGAJFXEYRef_IDLyOD4Y
SMP Elektronik AB,ChIJNend-ipuXEYRsmjtIZDYHTo
Bäckfallet Elektronik AB,ChIJvyGgSvuoXUYRThDZaYEZDqY
Proxitron AB,ChIJ2ewM6RfdW0YRDj4ePU0nJEw
Syntronic Production Services AB,ChIJEaYptVoNXEYRAs8t0E5pyO0
Followit AB,ChIJ25_W9atOXEYRClK-8vFFoSE
Bela Elprojekt AB,ChIJAQAAQBYVXEYRwl62hcyZ8Fk
Wani El AB,ChIJPdCoKDwVXEYReOa4GMrOMAY
PMC El i Örebro,ChIJAUYogiYVXEYRUePtLT8hN2U
Granitor Electro,ChIJ08Ue9HANXEYRd3F9JZl2H_I
Datel AB,ChIJg_Mae8QUXEYRgVxRfq7Wle0
Sandvikens Elektriska AB,ChIJt5DCRHWKXEYRM2JGvbM9T5k
Jev Eltjänst,ChIJA6Tic3MNXEYRVM8P8CzTbDs
Tommy Fredriksson El AB,ChIJ8Z0XX8PcW0YRJFNo1iNRbd8
el & vvsgruppen AB,ChIJy3nZlKkUXEYRZVQF3CVpULg
Schneider Electric,ChIJofqTT1drXEYRKTEkQwRdOhw
IWT Sverige AB,ChIJ2fl2Mr4VXEYRTI-213amH-A
Executive English,ChIJ1-42psN3X0YRA1fduUhuY6k
Cullbrands Bygg AB,ChIJI7vCHCtuXEYRGK4_z88ZSrg
Hammarel AB,ChIJ4dKXkXIVXEYROHtjL-FAKEI
Askersunds Stängsel & Entreprenad AB,ChIJI0PeIxiTW0YR-C5zjOjCMr0
Truckcenter Gösta Larsson AB,ChIJ5xwqvdoUXEYRsdbWbsKio2I
Thyras AB,ChIJZQot99aLXEYRqiYBq5FOHuI
Swedish Timber Frame,ChIJ__-vMVYVXEYRtQJro04k4fE
Mosjö Byggfirma AB,ChIJ05PpdCMTXEYRkWWwPzjQ3lg
Mark & Va-Depån,ChIJoXxYKlJJXEYRoEKFdJRsaKE
AB Örebro Rörmontage,ChIJobEIvUxrXEYR_G8Hzog1C_4
Mur & Puts i Örebro AB,ChIJs6fC080UXEYROtHNBKdWJOg
At Isolering,ChIJSQwGOBsVXEYRExXgTujavOQ
Toroma Automation AB,ChIJrfy5DfGIXEYRV5li05T7zEM
Örebro Rörinstallation,ChIJhYFupgBpXEYR-SPmsnEIFQU
INFRA-CON,ChIJT8WtIs4VXEYRwHYRKHLRHVI
Mastermail LG Distribution AB,ChIJO_FOhsYUXEYRgyq6UiaKCV8
Brogrund Mark AB,ChIJB-2rAmgVXEYRfeGoZEZlYi4
Bpm Byggkraft Ab,ChIJAQD09ClrXEYRXQLMhTuq0u0
Markbyggaren Bergslagen AB (MBAB),ChIJ3zSRvV5JXEYRJp5OJL3j4Ec
AC Luft & Värme Alv AB,ChIJ4a60G-8UXEYR2BN42C6KgHk
Degerfors industrihus AB,ChIJAXdeLoaIXEYRxbLyap6dE4M
Sten & Platt Entreprenader i Örebro AB,ChIJrbgs280UXEYRouf2vb7uB7s
Åsebolets Entreprenad AB,ChIJ90FIPLSCW0YRIkhsmDUBo8U
FF Fastighetsservice AB,ChIJrS2z4cIUXEYRsjR8CjlOkf0
Halssila Bygg & Entreprenad AB,ChIJ_03VucQUXEYRGLov1R-Z9hs
Strömvalls,ChIJP9bolCMTXEYRzy85fEl6EAs
Markanläggningar i Örebro AB,ChIJlSISQMMRXEYRooZDBwKMvPw
Morgan Hallström AB,ChIJ-9bB_zOGXEYRrqtUI4ND39Y
Linjemontage i Grästorp AB,ChIJ5xwqvdoUXEYROC1uGzQ3na0
Svealands Bygg & Entreprenad Ab,ChIJ6T0-z0kVXEYRCIpq8kzznGw
FL-Prefab Hallsberg,ChIJe4J5SswNXEYRaYldED-8J3A
HEAB Entreprenad,ChIJnw2XBmQMXEYRUl4hBX0epWM
Stål & Maskin Teknik i Hallsberg AB,ChIJd83hNpoMXEYR4aNAOmRhY-U
Aggeruds Bygg Ab,ChIJm4bILdGLXEYRq99wB6wScNo
Mark & Sten i Örebro AB,ChIJWTNhJEEdXEYRyWc2au1gaR8
Kumla Markentreprenad AB,ChIJsbVVOB0SXEYR3u9xBUZgDAM
Kumla Bygg-Service AB,ChIJzX---G8NXEYRDyB0Ja9cVOE
Sigo Fastigheter & Miljö AB,ChIJ1TdRF54SXEYRdBVjFYzaSpI
S-Värme AB,ChIJS1o22m4NXEYRV8KBezaC-io
Svea Skadekontroll AB,ChIJJxwlNXINXEYRMQtUfMwPK04
Säkerhetsprofilen I Örebro Ab,ChIJU_19nMAUXEYRwfURYWWpo-c
Tobbes Schakt AB,ChIJw1x4yps9XEYRabjEqou2nks
Spräng Och Mätkonsult I Nora Ab,ChIJ83U1YT5FXEYRScv3qufr764
Konstrakta,ChIJBcKsuNFqXEYRoFH4mGNWdhI
T-Schakt AB,ChIJSbP-u0xrXEYRzvXQG2LgM_o
pls Gruppen AB,ChIJeasNwcIUXEYRgwZQSFHPWjY
Larssons Eltjänst i Örebro AB,ChIJdRwld8EUXEYR8Wjn3OOXMG0
Dokumentproffsen I Örebro Ab,ChIJTyJTAsEUXEYRRAmchHaIjcE
Bygg-gruppen i Nora AB,ChIJPV61CGhFXEYRJ3wsT7qa1lY
Molles Schakt i Glanshammar AB,ChIJxWjEa4I9XEYRp62c8jaqYM4
Premo AB,ChIJAbMaTkuKXEYRn7XO0Pw50vI
Närkes Kils Maskintjänst AB,ChIJNyE60sZBXEYRXXJmlWeSxt4
MM Gräv & Schakt,ChIJS41mbhtMXEYRbCNdFCw12Ss
PA Markis & Persienn,ChIJdfyMyY8MXEYRcjcDsI8r528
Örebro Byggstatik AB,ChIJnzdQ7HMVXEYRJ0pj1Xw5Qjw
AB Emanuelsson VVS-Byrå,ChIJD4BiKf0UXEYRI3kxrJQhs6I
Elektrobyrån,ChIJoSsmpba7W0YR6kz2QQOAs4U
Vått & Torrt Inomhusmiljö i Örebro AB,ChIJ966L_zcVXEYRg-8VjGcMBcw
Neosol AB,ChIJZf_0vcMUXEYRPB3_MY1CJwQ
Lekebergs Bioenergi AB,ChIJv4mvvNdxXEYR0-RJKghDXKc
Ventilation & Klimatservice i Östergötland AB,ChIJ9TxZMsrcW0YRD_eNRiSHDE0
Sun4Energy Group AB,ChIJYfkhwbcVXEYRzxVPrnvMw5I
Profire Sprinkler AB,ChIJeYk5wjgVXEYRIoBQ26DHnuI
Maxcon AB,ChIJAQAAwOgUXEYR19ciR7CPPO0
Kylare & Hydraulmekanik AB,ChIJ1RW0W10VXEYR7ouUV5MK7y8
Viby Maskintjänst AB,ChIJ88W64sx1XEYR9oPABXVYh4w
Fagerlinds Tid,ChIJlxvd--IUXEYRL8plNtiG8og
Label & Print Sweden AB,ChIJA9c-TNw_XEYRcnTjCoIV428
Saronkyrkan,ChIJ2d997IgMXEYRtyrU7CY9gJk
Östansjö Frikyrkoförsamling - Bäcksjökyrkan,ChIJSREAh-x0XEYR5nJFE5Je2tE
Hjortvallen,ChIJxVQB1V7_W0YR0u_PiGQjzmE
Vintrosa Folkets Hus,ChIJtemEvrVuXEYR35AF7IcfcYs
Eztrad - Evenemang & Festlokal Örebro,ChIJ9zJeFJQUXEYR0Y68o2hGI8M
Gällersta forngård,ChIJk_yeqLgTXEYRGwfbTI8NaMU
Myrö,ChIJUcxkTI0VXEYRVGbIIzULhIA
Kulturhuset Sjöängen - Kultur Evenemang Möten,ChIJ5QsHgauNW0YRu8etVjvfhnw
Ekersgården,ChIJ_Q22N5dqXEYR1fgfq0I1FHE
Kilsbergens Hembygdsförening,ChIJGwmXc9ppXEYRPKCOBNXdIsU
SANNAHUSET i FJUGESTA,ChIJfSOzywtxXEYRkFWVtjsxlBE
Fiskingegården,ChIJkck1scMbXEYRalQ5X5ZTjA4
Sparbanksbörsen Fjugesta,ChIJg2k5bdNvXEYRClxOiglZLN8
Vätternterrassen,ChIJZRMsuJryW0YRFXJ_zj-D1PM
Luftlek Event & Uthyrning AB,ChIJrewwCL4VXEYRl6YuTyTzemU
Vision Hallsbergsavdelningen Avd 180,ChIJVzDSeJ4NXEYRLXiBQ0_N_mY
Sveriges Lärare Karlskoga,ChIJW-5v4PeLXEYRvRVyiOHdTWg
"Seko, Service- och Kommunikationsfacket",ChIJhYOOQusUXEYReFhQrDETmMo
Vårdförbundet,ChIJA9HwZuEUXEYRyRCzyqaTlg0
IF Metall Avd 19 Östra Värmland,ChIJCxkeaTKKXEYRQrcI1tpDDig
Transportarbetareförbundet avd 9,ChIJcTsxOsQUXEYRj3EGlbC5DO0
Fackförbundet ST Örebro,ChIJBceWy-MUXEYRbKEB3aaaLrM
Byggnads Örebro-Värmland,ChIJhYOOQusUXEYRZH-uXTY_kq8
Örebro Läns Läkarförening,ChIJDbxT3AIVXEYRr6s5spQSXGw
Restaurang Spice Sisters,ChIJ38qxPXENXEYReVcFmSZNMhU
Linköpings Stadsmission Samtalsmottagning,ChIJP2-nJSdvWUYRIXPGFe_ewwM
Örebro Fasadbyte & Fasadmålning i Närke,ChIJgyKHeuEUXEYRgP_WSpUiDbY
Kumla Fasadteam AB,ChIJU3UxiQENXEYRLE4ZhF61_6o
Abramssons Fastighets AB,ChIJ_z54Ez6i7EMRLq3D7Nqyvug
Laxå Kommunfastigheter AB,ChIJYwUnzLyHW0YREuHtgVScJu8
Esswege Fastigheter,ChIJRUmpbuMUXEYRsCKMrGvZttY
Enet Fastighetsförmedling,ChIJ7RH8lR0VXEYRoC6ADPzWUM4
In Frigore,ChIJxTHG4NYVXEYRRkvnMYS6Fxg
Coor Service Management AB,ChIJLZ6mNGINXEYRKih2oKvYJY0
Karaktären Fastighetsförvaltning AB,ChIJAQAAkJ0NXEYRBYsVfboITdo
O. Pettersson Fastigheter AB,ChIJ_3X8gB8VXEYRzl-cUA76nnQ
Karaffen Förvaltnings AB,ChIJMTAJ8kcVXEYRAlQ0fSV7x7w
Op Fastigheter,ChIJz_O0aOQUXEYR-vwhK9Z3TuY
TOPFLAT AB,ChIJV8gL3WIVXEYRxBMU9jaG72U
Sparrehus AB,ChIJIf-CTRoVXEYRSBRKPexCiLU
Asplunds Fastigheter i Örebro AB,ChIJ8_G58hsVXEYRErrcX5yDv2I
Laxåhem,ChIJYwUnzLyHW0YRVtra9BSNmIw
HSB MälarDalarna,ChIJ38A6vMwNXEYRn4UFISdam10
Lekebergs Kommunfastigheter AB,ChIJB-ydI2lvXEYRluFMxZuFTyo
Specialfastigheter Sverige AB,ChIJ9QbLIuMUXEYR99cakfL0e2I
Egeryds Fastighetsförvaltning AB,ChIJt32e_VlJXEYRxrsiAvg6m80
Göranssons Fastigheter i Örebro AB,ChIJNXX6FNltXEYR2zh4klP3WrE
Castellum,ChIJK50vDcYUXEYR12O6uEomtEs
Theol Fastigheter,ChIJLanwLx9tWkQRM_j1VeUdqH8
Egeryds i Lindesberg AB,ChIJ5xwqvdoUXEYRZD6yVo7aneQ
Essfast AB,ChIJY9ugLdkVXEYR8ikOu51y6cQ
Husman Lokaler,ChIJVVVVVcUWXEYRBJROGwV8Ruo
Svenska Kulturfastigheter AB,ChIJI14bMMgUXEYRM9Hx0ephcd0
Marklund Driftteknik AB,ChIJf-AQsD8VXEYRfE0hYEbKOb0
Jernhusen AB Region Öst,ChIJSS-5eQEVXEYRa6vueOZJTDY
Fastighetssnabben AB,ChIJ_Q91h9MVXEYRltOWP6gxaT0
Lindbacka bruk AB,ChIJ65HjjBRrXEYRvvtZaF8aWJU
Ragnarsson Fastigheter AB,ChIJZ6mLAB0VXEYRZTmoP_x292E
Riksbyggen,ChIJBTAnn8YUXEYRoslYpOCFbiI
Lundbergs Fastigheter,ChIJA5RiL-AUXEYRn358pMlupkQ
Newsec,ChIJC6c3Q5cVXEYRFG-0wE8Qu_0
Notar,ChIJm7XGWL0NXEYRqPzt71LFrk4
Bjurfors,ChIJ1wc6lVMNXEYRJOo_-qiHnWw
PeKum,ChIJr_Nis3UNXEYR_jldVSFiJDk
Nora Fastigheter Ab,ChIJ__-vakJFXEYR203duRVklSI
Proventum AB,ChIJAQAAUFEUXEYRPy-c83ylfNw
SkandiaMäklarna Örebro,ChIJe8PmieQUXEYRMyid8rHVkeI
Fastighetsbyrån Swedbank,ChIJt0kkQruHW0YRYDXwtPeSHEQ
Matoseyan Fastigheter Ab,ChIJF22pSmEMXEYRTGBS15PbfO0
Sjöborgs Fastighetsförvaltning,ChIJq2bqWOAUXEYRCVmgCXSUHns
Krafft Fastigheter,ChIJVVWlhvsUXEYRmMEBNDcAoz0
Sjöstens fastighetsförmedling,ChIJO_1ZfLIVXEYROy6KRCT9q9M
John M Andersson,ChIJAQCQ_hwVXEYRrutqr2_88Ws
Erik Olsson Fastighetsförmedling Örebro,ChIJuSqCvXUVXEYRJupgtYoZcxY
Askersunds Industrifastigheter AB,ChIJaQM6f4eLW0YRIUJ5fofJdTE
Fastighetsbyrån Hallsberg,ChIJzdDrWogMXEYRWl6aLDGU_zs
Mäklarhuset Örebro,ChIJEy7q7OQUXEYRmEmV_MuX2po
HusmanHagberg Örebro,ChIJu9zrSxwVXEYRuXPDROAyjts
Mäklarringen,ChIJfWR7LB0VXEYRkvboXhXGwds
Svensk Fastighetsförmedling Kumla,ChIJDWHo7nYNXEYRZXIaijWeE5Y
Örebro Punkfest,ChIJeVifP8kVXEYRya5yh2tGzrw
Live at Heart,ChIJM7aIdOMUXEYRrL-Qoh0XhIo
Vretstorp Folketspark,ChIJPRmXgKt1XEYRH0gHZBBOM9I
Karlslunds herrgård,ChIJBe-RGi5rXEYR4HxJiYT4S8U
Margareta Festvåning,ChIJ_2bcw-MUXEYR2Qas0TXk9bo
Eyra Media,ChIJVVUlKhwVXEYRbMI5WOWBdJE
Sparky Films AB,ChIJt_CMWN4UXEYRuwN_f_oyb-E
Takeoff Video AB,ChIJZ4o6V-cUXEYReS3VIfnSlcs
Fredrik Beckmann & Co Reklamljud AB,ChIJr8k2rGkUXEYRbNfcaHH6Ggo
"Twadeproduction,Angeldustrecords",ChIJL8I2hKSjl2ERF8-N3jxa6XE
Ark studios,ChIJUzYtZNsVXEYR_7ammGeaRDY
Söderberg & Partners,ChIJEy3U1-IUXEYR-737Z79EpWA
Transfer Galaxy AB,ChIJRwhR1D4VXEYR75kZGT06PlM
Trustly,ChIJkTxhUYEVXEYRdb3uefqJTso
Plusius AB,ChIJlTCZbTgVXEYRpZ1HaNnV7HU
Harrkungens Fiske,ChIJ7y-2MMBPXEYRxf0g0ZaP9PY
Hallsbergs Sportfiskeklubb,ChIJ49DeWHEJXEYRzskdEbKfs9Q
Lundax Fiske AB,ChIJ51khEJZ1XEYRjHizvA2cS2M
Täby Airmaintenance AB,ChIJE855bWdsXEYRStY0USoZVd4
FlyOne,ChIJk9joRIcRXEYRghSkVmrtj8Y
HeliAviation,ChIJwV_Y1RKNW0YRt7WD6Kyp9w4
JÄMFÖR FLYTT,ChIJlQw6UhxrXEYRfJ_nsYUTCkA
Örebro transporttjänst AB,ChIJqVgnWdgUXEYRHa-rWNosCQE
Nordic Flytt,ChIJzWI2lmoVXEYR3JHoQ-gQXOo
Örebro Budet AB,ChIJcWHEs7gUXEYRbGaPVqSKP9I
Örebro Stadsbud HB,ChIJq9l6_s4UXEYRil7eOvaBazw
Flytt & Städ Sverige AB,ChIJozN9_gEVXEYR9DzvdD26l18
Trygg Moving Flytt & Städ AB - Flyttfirma Örebro,ChIJr5J0GtgVXEYR6ycmR2v5j0Q
Örebro Flyttningsbyrå AB,ChIJrYLFycsUXEYRxAPPj6lYhJM
Linde Snabb Flytt AB,ChIJE-4rVq3SdQoR3LjUFmlXkTA
Örebro Flyttfirma Ostrg,ChIJx_tz2AgVXEYRfALMEcrqtAg
Flytt & Städ AMA Sverige AB,ChIJp20v3ZoVXEYR-rBoQIH5SuA
Kävesta folkhögskola,ChIJIx_D8B0VXEYRf73TksxdRQ4
Örebro Folkhögskola,ChIJyQDjbzYVXEYRb_IxR6b4-o4
Hällefors folkhögskola,ChIJD51XO0YVXEYR8iip4WSgH0k
Fellingsbro folkhögskola,ChIJHQ1iVegUXEYRyTM92dKzxJQ
WrapChamp Örebro,ChIJx9638YEVXEYRCUgRtZkkzb0
Woodtypes,ChIJlU2Qx1UVXEYRgOuLxQB3KI8
Molnhavet Design Studio,ChIJaw6reVwVXEYRRYUJpET7zmE
Ecoguard AB,ChIJAeGcmMYUXEYRniWyEtLwX0w
ÖSK Fotboll,ChIJMSkRkPsUXEYRchih8zkiEk4
Hagaby IP,ChIJ-7sppwIVXEYRzHUYsOr7F0w
Lyckåsen IP,ChIJM1pZhFIVXEYRT4a6cKnkQoE
Tomtavallen,ChIJUUfoMHdTWUYRPp8Isww4WD8
Almqvist Foto,ChIJ97x2lU4VXEYR-AWufH-GiXw
Fotograf Maria Lager,ChIJWRhgnVATXEYRrKrd08LTnNg
Pia Gyllin,ChIJM2zNzckVXEYR6ElJiE7f94U
CAPCA,ChIJ20BFupI_XEYR4jQZ6Mw_GRI
Fotograf Sara Wengelin,ChIJHdcaeQ_DW0YRpgG-3j-6y0I
Bonjafoto,ChIJowbCBZsNXEYRu5bTEvDs_AE
Fotograf Åke Karlsson,ChIJ8Ueh_07dW0YROIFHY988trM
Devmito AB,ChIJ82bmO-EUXEYRaZcoZVJkcwM
Fotograf M.Ljungquist - Konserverade minnen,ChIJHQSv1wQZXEYRM0E8DFxBUqA
Medicinsk Fotterapeut I Lindesberg,ChIJa6WVKVtJXEYRVkcstOcb5HA
Fotens Ortopedteknik Bergslagen,ChIJA9NHrwv9XEYRwB1SKYYpG1M
Va Fina Fötter,ChIJmf9DBpUVXEYRKGK7wuyTFVQ
Monica Massage,ChIJR7Hs6XMNXEYRfD41Kg5hoSY
CityMail Sweden AB,ChIJdRr67scUXEYROZpSYGoESkQ
UPS Access Point,ChIJb3f5cFiJXEYRkrldiMViMS8
Glanshammars Åkeri AB,ChIJxWjEa4I9XEYR_jN0B7g31yw
Transportservice Logistics Örebro,ChIJFT8xtFlrXEYRRLnN2yzlE3s
Virkeslogistik Mellansverige AB,ChIJl7seC6sVXEYRrnbFntIb8Fw
Swift Delivery Örebro AB,ChIJtXZzn6MUXEYRu2a076KgoWk
Schenker AB,ChIJz4JVr1JrXEYRw4D-Dy7CaKE
Jardlers Logistik AB,ChIJKx2pQypHXEYRH-cnQzxRwg8
J & P Holmbergs Åkeri AB,ChIJSbP-u0xrXEYRjf8HCfrbX2Q
Wadköping Logistik AB,ChIJQwDMe81qXEYRkqg4PD17bRE
Green Cargo AB,ChIJIx_D8B0VXEYRvFc4gNS65Y4
Boulebar Slottsgatan,ChIJOSuUnx0VXEYRkARZxMrXBVA
Outdoor Xtrem Örebro AB,ChIJ-ZSgTBwVXEYRtgoPOcFIFs8
Friluftskaminer,ChIJ6W5ibrn3LKQRKJwilhZ7lPI
Naturkompaniet,ChIJ1XuEBOMUXEYRz778KDP7fS0
Art of Hair,ChIJ6996ReEUXEYRW4tyzhY9CRE
Salong Ella,ChIJd2tOf-MUXEYRfZeIJOz59DU
Pure,ChIJ1z0tkuMUXEYRvsNd3-5pCOo
Lekebergs Skönhetscenter AB,ChIJmdqdhtVxXEYR3vlE9royDSs
Make Hair,ChIJxV_WAx4VXEYR-mVIzjb2ti4
Unikt,ChIJ8XbIa-MUXEYRJclk9AIDp6g
Studio Style Örebro,ChIJ2bKQy74VXEYR-_uC1dn-XNs
Palatset,ChIJf-RmHjENXEYRhNENx_WWWNk
Issa’s frissa,ChIJzTr7WIgMXEYRHcTSM4UDzu4
Salong Coquette,ChIJV_r69-IUXEYRV2oC9uAcl84
Salong Etage,ChIJ6X6lszSKXEYRWJ_VNJt5bk8
Studio 35,ChIJq33WEMQ4WkYReErIYVX2_Dg
L:a Kvarteret AB,ChIJw_oCDZcVXEYROJz-Bj2nSh4
Ego,ChIJlRJUKOIUXEYRmNDiIJIH48k
Salong Kaf,ChIJZ6mLAB0VXEYRVReBPQBwFec
Glam Five,ChIJlQHPzhgVXEYRvVNBw9G2kIA
Hairlig By Hero,ChIJMQphMVYUXEYRMUk_c0ayn_Q
Apparans,ChIJbdV5N1cVXEYRUSRO-xrSxSY
Koafför,ChIJ72X8bJkVXEYR23amGI8c9q0
Louise H,ChIJZQCLTZgVXEYRXvDPEjX2Cdw
Nikita Hair Örebro City,ChIJORHhsOMUXEYRMTkswfqQ5tw
KILVER/ERIKSSON,ChIJBewosFAVXEYRu2fQJz8VQRI
Studio Fräsch Frisör Örebro,ChIJxwrxReEUXEYRQxIdyNngCmQ
Zodiak Hair & Shop - Frisör Örebro,ChIJvRcZn-MUXEYRkXByktbeW8c
Ida hårstudio,ChIJAQAA0PwUXEYRvF77dWfyRw0
Dyltabruks Klipphörna,ChIJQT45RWc_XEYRMFsA683moWc
Frizzan Fia,ChIJlyRps-UUXEYRrzqwxKGzAfE
Salong Bothén,ChIJoybIU-EUXEYREwCjRqPJdQk
Forma Örebro,ChIJh_rhzOEUXEYRVro_DW-gJ-Q
Klippstudion,ChIJP2ThLxsVXEYRF7e9VTgBpxo
Ekofrisör Ann-Christin Martinsson,ChIJZTkCV0AVXEYRbPyFjNiGn6Q
Victoria Station,ChIJuSGYU_wUXEYRqhoOO56wxMA
Glow,ChIJJw0qdeMUXEYRZ5mhsDAYtog
Stress Less Hundspa,ChIJLdWPF_kVXEYRHxbUZbJjfD0
STUDIO e-hair Lounge - Frisör Linköping,ChIJ_zd8hSRvWUYReJEBWWZTTik
Ariana Hair Style,ChIJoQ-EN8AVXEYRxVpbdrV2APU
Trash,ChIJZyJEux0VXEYRf6llbZyoO3w
U & Green,ChIJ11uzeOMUXEYR5hFZV9q5wJ8
Hårstudion Öster,ChIJfxuc2_gUXEYR-olFOAwZJmw
"127 Kvadrat Skönhet, Frisör Örebro",ChIJ8zvYCB4VXEYRNEljbwW-5t8
Salong Huvudsaken i Örebro AB,ChIJWe2GueMUXEYRISa9ZJI3UCY
Kårsta Frukt & Bär,ChIJ-f91vgpAXEYRbBPeJ6ivZB4
Fyrverkerier Örebro,ChIJxwJejJwTXEYRWEWpo9wJuQM
Wasahälsan,ChIJI1HGC3QVXEYRrvO9F7nopAY
Soma fysioterapi,ChIJh8VfHwcVXEYR9Pz4oSBWMvM
Wasa Rehab,ChIJQYxya-AUXEYRO-P-0jv5PTI
FysioEmelie,ChIJJwNMx3OLXEYRsbqVDNO9s60
K9Care - friskvård & rehabilitering för hund,ChIJ0TVk9HATXEYRaGO5_iIQNW8
Anstalten Kumla,ChIJX2VvQQ0NXEYRs05kERlZNKM
Ovolin Färg & Byggnadsvård,ChIJX90G1jZrXEYR-nXu-hSUzJ0
"Saint-Gobain Sweden AB, Scanspac",ChIJAdToWpo9XEYRMkauQ8hScw4
Färgexperten i Örebro AB,ChIJVSOQQsQUXEYRzBALhK8it8A
Av jord AB,ChIJo0KLmkllXEYRhiM5vcTc4eo
Fredrikssons Måleributik AB,ChIJfVzUXogMXEYRg3B1u5I_rSE
Colorama,ChIJD1eZhbiLW0YRKQZ524k4kmA
Flügger färg,ChIJF9pI8WwVXEYRZM6_pOBeiRY
Caparol Färg Örebro,ChIJb9GKxMcUXEYRzZiR6zZM4Xs
Pilkington Automotive Sweden AB,ChIJ2dAma8cUXEYRbpuXQJpKD8I
Morups Fönster,ChIJlYxzgqwVXEYRATHUFiyYHo8
Doowin Örebro,ChIJVVUlI8QUXEYRiLkBypYESMQ
Mockfjärds Fönster,ChIJTX5FZ9trXEYR7zvXj8ej3Nc
Anderssonskans Fönsterverkstad,ChIJ8RtjC6ZzXEYR1OK6s2ThF6Q
Örebro Slipservice- Verktyg & Maskiner AB,ChIJP_kaWd4UXEYR-BpDetvhiU0
Strandvallen,ChIJg5R-p37zW0YRXssIX_-3EsY
Civilförsvarsförbundet Örebrodistriktet,ChIJXURDFqMNXEYREhm0brOn5zk
Coompanion Kooperativ Utveckling Örebro Län,ChIJeSO2d-QUXEYRoilzxsaap3I
Inkubera i Örebro AB,ChIJF1FVBlwUXEYRvnSrJRol4_Q
Kumla Promotion,ChIJW0PEh3YNXEYRIDC-rH_dh80
EKSAM,ChIJX_OWDx4VXEYRFfL3CixRDQ8
Örebro Odd Fellows Garantiförening Ek för,ChIJDWD5seMUXEYRRro0GbB6ozw
Örebro släktforskare,ChIJo2eCScoVXEYRRTAJzj7UtN0
Örebro Rättighetscenter,ChIJS6dfoR0VXEYRDH_RZSVPjP4
Örebro Sportdykarklubb,ChIJ2aW-uasVXEYRq56qFbajiJU
Under vingen Örebro län,ChIJ8ydcEy0VXEYRfQhU2bQPv6M
Synskadades Riksförbund Örebro Län,ChIJt9gcYc9qXEYRj0L1H-TnPrE
Gospel of Joy,ChIJ5yBmI6QUXEYRwvfbC4JT4jk
Kooperativa Kultur- & Fritidsföreningen Trädet,ChIJpQHFB28UXEYRNobcdqtsBn0
SV Örebro län,ChIJCypoaeEUXEYR72DybDFFwGQ
Tekniska Föreningen,ChIJ_ZTIPaUUXEYRWM35ijQnCC0
Handelsanställdas Förbund Avd 11,ChIJaebBKxwVXEYR59lb7pCUoNc
City Örebro,ChIJWTknxOMUXEYRdlU1q168eKk
Svarta Örns Orden Örebro,ChIJPcAYReIUXEYRUAP6cr1MO_o
Susanne Edberger,ChIJCwbs9x0VXEYRuTQW4hXNTUM
Sensus studieförbund,ChIJA9HwZuEUXEYRkkKnt18u4Cc
Tysslinge Företagare,ChIJAeuEvrVuXEYRcOLh-s7whmY
Riksförb för döva hörselskadade och barn med språkstörning DHB,ChIJFeZG4h0VXEYRwm0EIWbyJZg
KGA Logistik AB,ChIJBRjZimqKXEYRJtdmpx6Ximg
Byggnor Närke,ChIJVanClNwUXEYRrX0r6XmjjM8
Medborgarskolan,ChIJ2SjvuR0VXEYRuA41dbjXWiA
Örebro Läns Ridsportförbund,ChIJgQsCriAVXEYR6VTlfp23ZCQ
BK Forward Fotboll,ChIJY4LcDtgUXEYRS24JiYTyXmE
Kfum Örebro Friidrott,ChIJKQ8b3kUUXEYRaTHiZInzLD8
Hantverkshuset I Askersund Ekonomisk Förening,ChIJ6ckyVKuMW0YRjy_bD8-IJBo
Askersund i Centrum,ChIJI3Hd7K6MW0YRSrfnoPh9RC0
Pingstkyrkan,ChIJNcaKAoaIXEYR9eL1xdYQmpU
Degerfors Hembygdsförening,ChIJ7UGo1oeIXEYRM74hvbd0uD0
Hasselfors Byalag,ChIJ5dlUSHR5XEYRBWtK_rTaOYQ
Näringslivets Arkivråd,ChIJVVV5f-EUXEYRcoPqdlh5AKo
Örebro Läns Fotbollförbund,ChIJ0_Iri7UVXEYRK02RtM_HbgY
Kungliga Hovleverantörsföreningen,ChIJu_1hYipg7owRBoCpEW8DfYw
Föreningen Sveriges Jägare,ChIJ-YZPg3JsJSgRZ9h2yOas0bw
Destination Bergslagen,ChIJNxB8V1pJXEYRDoKgWoawY4U
Euroform MediPharm AB,ChIJ1S6u8jHdW0YR_P7uEX0geP0
Industridraperier i Örebro AB,ChIJ6zOr1s0UXEYRhMcmvPHJBFs
Hydratec Scandinavia AB,ChIJeQOKQqgMXEYRIwciIESKwxs
Svenska Affärskoncept AB,ChIJ0TpS_sYUXEYRCOnwE6p9nmQ
Creative House,ChIJ-3NO9t4UXEYRJx8S24PuRwE
Ramsbergs Maskiner AB,ChIJHynHPnazXUYRHE781cw55-8
Four FM AB,ChIJiwtkMj0VXEYRA_dBk_gqNBI
Drivmedelsteknik Lager Fjugesta,ChIJX7QKD9NvXEYRsgqzY6-evIY
Rönning motion,ChIJPZjADhwVXEYRJeave_GDEcU
Företagshälsa Direkt,ChIJ8Xs-e00VXEYRPHpGiJs3-hQ
Falck (fd Previa),ChIJg-JcOGIMXEYRcQLkmzv2WQ8
Bergslagens Arbetsmiljö AB,ChIJ39fhElUdXUYRZ7gwNnQZ-Dw
VarnumHälsan AB,ChIJlVuY7iSLXEYRm1Xwm3ZNpJo
Feelgood Örebro,ChIJZUJb4sYUXEYRcDFbLE3m9jU
Sundhetsbolaget i Nora AB,ChIJZY7-UkNFXEYRKLW6MYtM8wA
Cordinator Medical Service AB,ChIJZ3cVkxVvWUYRP0GuCteskUw
Svensk Företagskonsult Ab,ChIJq6rWR9gUXEYRQ_vJE2oSANo
Easypartner Örebro AB,ChIJF7W9dBwVXEYREn7L7xcomFU
Reklamproffsen Skandinavien AB,ChIJ-R8gBKoUXEYRgv0M9TY05eE
Länia Företagsförmedling Örebro/Västmanland,ChIJRRsmZiVhXkYR0hlCyda9LLc
Örebro Tvättmaskinservice AB,ChIJS4ZrVZcUXEYRuXdqvc7cBvU
Real Time Services Cloud AB,ChIJd5oJT6MVXEYRdjN0E0JGO-g
Nordicom AB,ChIJ81XCU5sVXEYRFK6Mke1RbGU
Hotel Express,ChIJa1v_KeMUXEYROiRMAl5j0M8
Aspia,ChIJt-x1zOcUXEYRctoIOW7rbx4
Happy Order AB,ChIJNcT31CUVXEYRQdhoKYzMCUY
Norgips Svenska AB,ChIJq-GcmMYUXEYRHas-rmVLoG8
NTB Service,ChIJPXE6gFJrXEYRMmEP-QEY72w
Nordiska Personalcentrum,ChIJT8MynuMUXEYRupNn09B3blA
Isatext,ChIJueiZf15FXEYRmP1YwMa-_Zs
HRF Förmedling Besöksadress,ChIJ6Zf_PZ8NU0YR81pVBLRdyhs
Affärsportalen (Elneborg-Ekestrof Group AB),ChIJ-1_BtO0UXEYR1wfTMRkQaW4
Drivhuset Örebro,ChIJP_kaWd4UXEYRnMGOuvLIgKY
Malte Månson Verkstäder AB,ChIJAwfOVUyKXEYR-pF8yN0PWjQ
TOMP Beer Wine & Spirits AB,ChIJBceWy-MUXEYRiEjRNP4bxOg
Caverion Sverige AB,ChIJawKcV8IUXEYRNO66733KFJc
Trucktech I Örebro AB,ChIJw7zZoFJrXEYRFsVetEdS0t0
MittMedia Print AB,ChIJy86GUswUXEYRaN21fxCquGA
Vintrosa Musik,ChIJkczFGVAVXEYR715bb0_p-yw
Norrporten,ChIJdxOQ4B0VXEYRtvEcQ556M5k
Mondi Örebro AB,ChIJwa8-iVQUXEYRkKmMacrpuyE
FFAB Legopack AB,ChIJt8U_BpaHW0YR3Ya0_he8Jnw
Kristet Center Örebro,ChIJ2fvPGAYVXEYRCU3agm7ipTU
Norrabergskyrkan,ChIJ_4NuQ6-MW0YR_a5pOKMjkk4
Fylstakyrkans Församling,ChIJNYjNC3ENXEYRv0Y4hfuNQcc
Betaniaförsamlingen Åbytorp,ChIJd32bbTYNXEYRWQXb-isWHlw
Pingstkyrkan,ChIJp_MZFOEUXEYRpq3MMNDgB9g
Equmeniakyrkan Betania Örebro,ChIJHw9-CwUVXEYRjO3GfNwgvZU
"Lundhagskyrkan, Hovsta Frikyrkoförsamling",ChIJIx_D8B0VXEYR6uXPQXMQ9do
Förskolan Fjärilen Guldvinge,ChIJ7XRrrxMTXEYRcLaUQBXpsDQ
Förskolan Solgläntan,ChIJXy5Rx2INXEYR6cTKYrGVoEQ
Utikuligt,ChIJ4za7rwIVXEYRTJarOunNWgs
Granen,ChIJ8xHTE4qJXEYR7XnPbY9B6dg
Hagvidson Nyponlunden,ChIJF3VKP6FrXEYRs4u7ZCsSFIs
Dibber Västra Mark förskola,ChIJJ6pldbsVXEYRTF1gRnBTppo
Killevigge Förskola,ChIJydMZ4Y9BXEYRgXss3_1VZe0
Solberga Förskolor,ChIJR-NJlFVJXEYRqu15QlBek1Q
Förskolan Tellus,ChIJcVboXfQVXEYR791jGVG0LiY
"Alsanabel utbildning AB, Förskolan Blåsippan",ChIJLTZT5tJqXEYR_ifvJN_tXmY
Förskolan Näckrosen,ChIJa_8jcyZ2W0YRbE2C0PuXeCM
Norlandia Förskolor Forskaren,ChIJ46O2ZAAVXEYRaWHiqCMit_I
Dina Försäkringar Skaraborg-Nerike,ChIJoZNHuYJ3W0YR87zeUeampuM
Folksam Örebro,ChIJV0UhMeIUXEYRZPqAatNDGW8
SF insurance Group AB,ChIJPw9VcS9vWUYResp7-jjF_6M
LF Bergslagen,ChIJ2ytvPuIUXEYRCEU0fyD0Vt0
PM-hem AB,ChIJ-Ux_jEyKXEYRdgxYxJbzx3I
Golvpoolen - Örebro,ChIJa80fzccUXEYRZQz6bJW4Gug
Eldabutiken,ChIJnej7L8YUXEYRpgTGVIDI9iM
Bergslagens Energi & Kamin AB,ChIJL85HVBwVXEYR-e9WudQ6OXk
Spiscenter Interiör AB,ChIJJ-bQL6kUXEYRg1IAeAJM8rg
Kinnarps,ChIJ1TxUBbgUXEYRxs0I_-Iya0o
Caloham,ChIJQ9ZhDx8VXEYRJCb2DFXSf4M
Input interiör,ChIJUbnPa8QUXEYRUOykSUVxDMg
Contorum Inredning AB,ChIJX-KPuzgTXEYRFRtdhILi3QI
Zilenzio AB,ChIJGWyXNyUVXEYRXYBBxYrgweU
Köksteam Riab AB,ChIJAeGcmMYUXEYRgJ9VyLGTxUk
S2medical,ChIJq6q6pctoWUYRWIzci7hEOKs
Livskvalité,ChIJ1VFj7tDcW0YRBbc476xBgLg
Synos Medical AB,ChIJAQAAOyRvWUYRKB3UV5HDLjA
RoNi Medical AB,ChIJtaHfKF8_WUYRMpkxoZL-cpg
Örebro Vinmässa,ChIJIdI4yOYUXEYR2HKklabFawc
Bränneribolaget,ChIJa2ODzSZvWUYRej_behD1JNQ
Målardukar i linneduk och bomullsduk,ChIJj8VUUt4VXEYRH9cnnPkmn-w
Vadstena kommun,ChIJj3ofsAnFW0YRC3liacJLd1Q
Förvaringsboxar Örebro Centralstation,ChIJ2QifjR4VXEYRctC309QkNbQ
Arkiv Och Magasinlagret I Sverige Ab,ChIJ_Z_PP3ANXEYR2BoFPVCWnS0
Truckservice i Kumla AB,ChIJS5QVewoOXEYRnZsRBu1_kkM
Garageportexperten i Örebro,ChIJ9SDlu8IUXEYRrPpr-G5zyPQ
Ryaboden Garn och sybehör i Lindesberg AB,ChIJL6D_GB5JXEYRfUO4r03HRKw
Linde försäljningsställe gas,ChIJeUzAU0yHW0YR32NEorNbLHs
Örebro Gasteknik AB,ChIJVy0HQmwVXEYRVZAT1t7WYqc
THE ROYAL ARMS,ChIJxYrAxQ0VXEYRtylVqyy57HA
TT Karlskoga Bygg AB,ChIJw17cwEyKXEYRzxn5NjJt1_I
Assemblin,ChIJFZ9SpOkUXEYRGVerLspcSts
Gjuteriet,ChIJuzDDE6ZSXEYRzBNzB93mfsA
Degerfors Glasmästeri,ChIJDzHqCfWIXEYR27GKI58H7Aw
Glaskedjan i Karlskoga,ChIJHd4W12iLXEYRnXAhX1jYWHs
Din glasmästare i norden,ChIJ91bYb1QNXEYR2ibbQkurDb0
Lindqvist & Son Glasmästeri i Lindesberg AB,ChIJTe3HWVpJXEYRg1hyob_wNXY
Häggströms Glas & Fog AB - Fd. Glasmästeri,ChIJJai4d-MUXEYRJ0A_vGwKo-I
BRG Service,ChIJ33faEmFhXEYR1XRH2bW58Qs
Teijlers Glas AB,ChIJI5vVGOIUXEYRQLoSHn-DpP4
Gó Glass,ChIJa9HLrj__W0YRoxMbdFEYVX4
GlassTemplet,ChIJjXJB2rcVXEYRBPxMEfgZeGc
Bryggans Glass,ChIJs7lb-5mNW0YR0WKTnsJlyMQ
Noraglass,ChIJ986EDGhFXEYRzWiU21m9hV4
CandyCorner,ChIJdZ9ET4gMXEYREtcsuOiSzuY
Kandyz,ChIJ8VvNFACLXEYR-a0CTZQaGgA
Hemmakväll,ChIJBdFyJ9EUXEYR5AL7PptQ1DQ
Sötvaruhuset i Sverige AB,ChIJVfIv1zcTXEYRm3g7DVrbg-w
Go Banana,ChIJJ7ay6DuKXEYR-fqHQ0Aq3KI
Karlskoga Golfklubb,ChIJ-f_Gfx1iXEYRdA6-FdLAjyI
AW Golf Performance,ChIJn1Q0ENtvXEYRh7ULtXBI884
Träna som proffsen,ChIJwdlIXq8VXEYR9r2pejiPQSA
Degerfors Golf,ChIJJ0G651iIXEYR9tyA3qu291s
Kumla Golfklubb,ChIJNUgPoxAOXEYR_AfynzafSG4
Viby Golf,ChIJpfMlKRV0XEYRcUVYqyEFYIg
DropInGolf Sweden AB | Sista 9,ChIJKaOXO6g_XEYR1ojvOK6huOo
PEA Fogfria Golv i Linköping AB,ChIJt1LqyKVrWUYRMbB7ekhCTnk
Prima Golv,ChIJ4c8koklpWUYRICAUvw6WOTg
Örebro Fogfria Golv AB,ChIJAQAAAE1rXEYRnZof1VSU2sg
Trägolvsspecialisten i Örebro AB,ChIJCwaX7x4ZXEYRxWMT1Le3Cuw
Svemar Sverige AB,ChIJz6SmoLFlXEYRNQJqkqRkhHk
Lumar Parkett och Golv AB,ChIJJWZlSPsVXEYR1ONIglPc4hw
Örebros Län Grafikgrupp,ChIJASk8re8UXEYRn-61eGhhVFU
Molnfabriken Repro & Originalservice,ChIJiYeNvfYUXEYR4U1YZGCKCOs
Sofia Arntell,ChIJAQAQ-N4UXEYRF4twnO29xW4
balknas,ChIJCTREDi8bXEYRMDtYDcPlB58
ahrt informationsdesign,ChIJt_CMWN4UXEYRlr1oVP9vP7s
ZEUSMAT (Grekisk restaurang),ChIJI7ri578bXEYRyho8ckiiFKE
Grekiska grill & bar,ChIJybB4-fsUXEYRbEc4Ian3po4
Restaurang Rhodos Nora,ChIJeXZu22dFXEYRaBTTyJag6-8
Restaurang Efesos,ChIJeR7YieMUXEYRmcUe5eFw7VA
Smedjan bbq,ChIJTbP4GgAbXEYRUu44j7doGrw
Arla Foods Örebro Distribution,ChIJY12_eMoUXEYRDopGpjcW4rw
Svensk Cater AB,ChIJ_1vmEz0VXEYRlk2BHHs4YyI
Färg & Form Sweden AB,ChIJzxPbZD0VXEYRbj1CPlEjxC4
Pac-Production Sweden AB - Huvudkontor & Centrallager,ChIJz05YYrgUXEYRyGvsmtjqda8
4 Kitchen Sverige AB,ChIJOw4y48D6_EkReSeUdE2aNAs
AB Martin G Anderson,ChIJG4HRDu8UXEYRNutTuFTEGvk
Gocciani Örebro,ChIJt3dLsuUUXEYRtdnecjgu_6I
Concess Nordic AB,ChIJ2dAma8cUXEYRopcmufrYcBM
AB H Brunner,ChIJV2GJHLgUXEYRPQGCF5zefLw
Rason i Örebro AB,ChIJq9l6_s4UXEYR1pNPypVJfxs
Alpharay Teknik AB,ChIJryQtx8BqXEYRn4gnNAKRQHw
Axfood Närlivs AB,ChIJGx5LpssUXEYRFd0TdxhNLBk
Svenska halsocenter ab,ChIJPfqZB9uLXEYRuHewZORmhvE
Kawasaki Sports Sverige,ChIJA6tr5g8NXEYRLB4vEGOqL2E
Onninen Mark & Infra Örebro - VA grossist,ChIJPyyscVcVXEYR926EPOK85Mg
Bevego Örebro,ChIJN2dT0rcUXEYRk9hemBJsGrc
Anteba AB,ChIJCdVMQnJFXEYR0pJiy5POgU0
Nordland Måleriprodukter AB,ChIJAQAAAE1rXEYRL59t8LMN-XA
Rexel,ChIJhd20f8EUXEYRuOz5hiGm_1k
Dahl Örebro,ChIJn_lJr98UXEYRIntWtVJigdM
"Elektroskandia Sverige AB, Logistikcenter och butik",ChIJSapADJ0VXEYRgdqEgAu2mAs
Goodstep AB,ChIJ6cUzA3UNXEYRDpnBdfI6JTw
Lajac AB,ChIJ0VSxD0kUXEYRMIp0odEuDWo
AB Brunoborgs Handelsträdgård,ChIJny1F_DQNXEYRmQEk6stSwAg
Armatec AB,ChIJAeGcmMYUXEYR-3I-XRXqTBk
Solar Sverige AB Örebro,ChIJkbBNjFNrXEYRS6KApTVdAK0
Malmbergs,ChIJh-eSDAkNXEYRy041GeB8VEE
Internationella Engelska Skolan Örebro,ChIJ-ZfpofgUXEYRmQdp_ywCzWE
Viktoriaskolan,ChIJoV2MwW4UXEYRS9AavfDlnUU
Entréskolan Örebro,ChIJSUc6GCkVXEYRRNqXOcYjuZU
Kunskapsskolan Örebro,ChIJQY2d71wUXEYREVA714e_GlI
JENSEN grundskola Örebro,ChIJiXlemOQUXEYRw85zwznCRU0
Vittra Örebro,ChIJ66mfErQVXEYRTzaf58oebh4
Pops Academy Karl Johan,ChIJu3MoYaIVXEYRog2mmqoWeXQ
Nytida Lindebo,ChIJ1-HYSDdJXEYRydH-rXrZfC0
"Frösunda Omsorg - Näset, gruppboende",ChIJn1WwlU4UXEYR2Ea0mmOqrEs
Göthbergs Schakt AB,ChIJH-AdvDxCXEYRDIgVVFhBMHU
MA Entreprenadteknik AB,ChIJZUL8ANcVXEYRQdMOjl6uQuQ
Ekvall Anläggning & Maskin AB,ChIJreYt0LhvXEYR91MlsjY2l30
JOS Maskin AB,ChIJmW-XiLENXEYRjWMorGj-wuQ
Mullhyttans Gräv & Schakt AB,ChIJY8PgLg97XEYR6UM3Hh9odzA
JK Mark & Utemiljö AB,ChIJsxQYeuUJXEYRNOjcNpCMI0M
Häv & Gräv Entreprenad AB,ChIJ29yXvesNXEYR-lIvpr-cbIE
Bergs mark & Energi AB,ChIJBYIqWABnWUYRKFigeJgaaX8
Lavik Entrepenad AB,ChIJKR0PMv57WUYRPMIQAAAF86Q
Sjögestad Grävtjänst AB,ChIJzyTx5zlvWUYRm660r1mHK54
Karlssons Schakt & Anläggning AB,ChIJPQbZ5QdBXEYRp_ckU27Z-ho
Sunnankärr gård,ChIJYfmlLOo3XEYRxT0uxODSJJs
Bröderna Engströms Entreprenadmaskiner AB,ChIJ1912ED0VXEYRBLzVq0nAg1A
Smycka Kumla AB,ChIJy77R2HYNXEYRlgpeqRZxeQE
Carinas Guldsmide,ChIJVVVVlZwMXEYRwRO5Zc-bj_c
Guldsmedjan i Nora,ChIJoTze6JlFXEYRqNspNxdyZds
Levins guld & silver,ChIJL33HZdHcW0YRGsO0ufapNHk
Cederins Guld AB,ChIJWe2GueMUXEYRDh5cwqpJJxQ
"Vintrosa Gummi AB - Gummidetaljer, gummiprofiler och formpressat gummi.",ChIJMeYckbVtXEYRj7tUhQhvVUI
Örebro Kraftsportklubb,ChIJX8ErqPsUXEYRIjo2QV2vQqM
World Class Örebro,ChIJ0SoOHcMUXEYRc-4VTrF0aYs
Nordic Wellness Örebro Örnsro,ChIJCaTyT-wVXEYROEvua1ozLeA
Joinus AB,ChIJX7QKD9NvXEYROdJEcc1CMD0
Fitness First Örebro,ChIJoXeW1kUVXEYRONvCXrZzKwI
Friskis&Svettis Öster,ChIJazsAZVYUXEYRCCsKVbD5zaw
Alléhallen Gym och Bad,ChIJLT9dL4YMXEYRntnxpF16Mos
One life gym Karlskoga,ChIJHWxy9ieKXEYRL6ilLRy5mnQ
Träningslagret,ChIJfa4KrU2KXEYR5p-erMjfKyM
Pålsboda Folkets Hus & Park,ChIJHxxVJHwPXEYRii6t8mrBziM
Forma Gym & Cardio i Askersund AB,ChIJYzxlF6mMW0YRQUjraszIvOg
GNUGG Örebro,ChIJRRj_fm0_XEYRYcsD2Agoges
Gymmet på Väster,ChIJLwuHJiAVXEYRyy9lQJuQYgY
Hälsoverket The Club,ChIJNxLVVGMVXEYRVfL_-Tja50c
Djungelgymet,ChIJU8RiuXxNXEYRhxhLdtyhTb0
c box,ChIJTyBKXBSKXEYRbEiWXBJiX4M
CrossfitKarlskoga,ChIJ52ei3tmLXEYR04-eEuuO-mM
Kilsmo Idrottsklubb,ChIJ9wSt7GoDXEYRsAhXU7SNuHs
"Värket, Bångbrovärket AB",ChIJ_du5SdWuXUYRZ5A06tKN3sI
Smash,ChIJt62nW4wNXEYRQ0VnRFr3lmM
Lougrace,ChIJ2f7jaKINXEYRacHPbvBs6z0
Crossfit Smedjan,ChIJWyJwSzwVXEYRfdz8INxfXIY
Friskis&Svettis Aspholmen,ChIJ1bKhyB0VXEYRGmd_wXZaHtI
Body & Fitness Nora AB,ChIJVVVVlWhFXEYRn7fqqUSPEG4
Gym 1337 Health & Fitness,ChIJQeRKh85FXEYRAcSK9kYOdfU
Noraboxen,ChIJhd2o3GdFXEYRFPY7PJNfulA
Hälsobro,ChIJD4BiKf0UXEYR2nQLh2JZWfs
Örebro Krav Maga,ChIJF5RGR-4UXEYRTXqd-9HvvTg
Campusgymmet,ChIJ70mkWEQUXEYRbm3J993rGgc
Frontline Atletklubb,ChIJxRPvxwYVXEYRvkzSRcZP4vI
Train Alliance,ChIJKUuI1okMXEYRoC4FJ_2W1vM
Yogakällan Örebro,ChIJdRKb-R4VXEYROoNpqMNjMDM
Zumba Örebro,ChIJWV1CMCEVXEYRV1kal4xxQHU
Annas stall,ChIJf5vjn2JpXEYRXtKVp9C0p7c
Beachbrothers Beachvolley Club,ChIJlY31pOMVXEYR2NAh_RXbgv8
Rockhammars sporthall,ChIJe_Vr_pI3XEYR3CvZPu5JISw
Hallsbergs Brukshundklubb,ChIJTRMLCqV0XEYRlwkj4ns5H8Q
Dancemania (Dansklubb),ChIJE6baKG8NXEYReYeTs4Rsdy4
Volleyboll,ChIJ5W4LzF0VXEYR8Hbq9wtC4Bo
Örebro Badmintonklubb,ChIJxfAEkekUXEYRmzyTbxGK5ps
Gym Sortimentet,ChIJRS7aPNwPXEYRyYuF0NprHnQ
Gymnastikförbundet Mellansvenska,ChIJgQsCriAVXEYRfp7tpQXw_Q0
Actic Grängesberg - Grängesbadet,ChIJRcecqJgKXUYR7AknyPosq44
"Puls Trädgårdsstaden, Skövde",ChIJ5QOTXggDW0YRTIwJqwCRUf4
Nordic Club Gym,ChIJEeGtbrM7WUYRsmNMcZv92wM
Gym-Huset 24,ChIJZYvzRckNXEYRShRSFMUeaT4
Fitness24Seven,ChIJCfZeCREVXEYRen0hcb6WKjQ
Beach Arena Linköping,ChIJIZOr4jJpWUYR97q1X8SG9OQ
Xplore Fitness Gym och träningscenter,ChIJCw2A7s4UXEYROf6agRhCHCI
Atletic City Sportgym,ChIJtYh2wB0VXEYRDLH1mTj8OuE
STC Örebro Sörby,ChIJKQO9bMsVXEYR20Ks0Zfk1aE
Itrim Örebro,ChIJx5_hbOQUXEYRedBGkgG2Dzc
TIQQE CrossFit,ChIJCVoesL8VXEYRjnQsRS6piZ0
Rinman Education AB,ChIJ2XPTmMFaXEYRX9BYSGaVgOo
Praktiska Gymnasiet Örebro,ChIJAQAAAE1rXEYRgKcbYMKFp58
Drottning Blankas Gymnasieskola Örebro,ChIJiV9eMR4VXEYRUd78YNTI0k8
Bofors Gymnastikförening,ChIJ6dNFEzyKXEYR2vUSRsDNWWI
Biohumus Sweden,ChIJ5Q7HwgUPXEYRXNtibzXAHZ4
Jula,ChIJ61FLDEkTXEYRBjUydIzCRiI
McDonald's Karlskoga,ChIJG8-8AxaKXEYRHcHNMmXLCio
Brödernas,ChIJZw0NgcgNXEYReudCa6P4Dq4
BABAS Burgers Örebro,ChIJpRd2CxsVXEYRk9jxp9pGrN4
Handelskammaren Mälardalen,ChIJWX_sOeEUXEYRt0mCYB9qrcE
Affärshögskolan,ChIJXzveS60VXEYRO07hrOSIoEM
Fru Läder,ChIJowlkEGAVXEYRyF4SHryQk2M
Ölbryggning Sverige AB,ChIJRfYFr_kVXEYRVZMrsURcHd0
AQ Annette Qvarnström,ChIJv0Ols-UUXEYRWGkTfuA3a0A
BRUKET Inredning,ChIJSUEiAcMTXEYRp49x2yNfjxU
Konsthantverkarna i Örebro Län,ChIJBT8eAh4VXEYRZhx6MBiykZc
HEMMAFINT,ChIJBaNd7KWMW0YRufCEKfiJH68
Nonodor UF,ChIJ0VgANY4VXEYRidfeJdnba04
Englesson,ChIJAQDsxOIUXEYR7KzYKuwM5Tc
R.O.O.M 55 Örebro,ChIJr34RqQ8TXEYRYkrAc12BmvI
Mr.WILLOW,ChIJmWDS5d4VXEYRzk7kxogNh9w
Lagerhaus,ChIJSxr-cUkTXEYRupDyYpm_SLM
Granit,ChIJBaUXzuMUXEYRQedNtfPTChE
Hemtex,ChIJh48qd0kTXEYRV5ySuDCfepo
En grön dörr,ChIJzd7KVPwUXEYR2wXjiylZddw
Kakelbutiken i Örebro,ChIJM-ildLwVXEYRCLQB7oKbVYo
C & C Interiör Atelje AB,ChIJHcR11fwUXEYR1LRQOIMZK7c
Alla tiders möbeltapetsering,ChIJS3sNRncNXEYRBLHbyvJT1LY
Drängstugan,ChIJ9WQP5XFtXEYRwz2N1hUneFU
Grythyttans Handelskompani,ChIJPdmYV5L8XEYRF7oBrcJ_hIQ
econova,ChIJBXgnYMVaXEYR4FjWzHlj6pU
Ami's Nya Rum,ChIJw0Scij6KXEYRsf4qyIZbLR8
Bygghemma Örebro,ChIJk4BCpjMTXEYRYuzsHhdIR6w
Rambutiken,ChIJFyVNs6JFXEYRUkYEh0xV9FQ
Batterilagret,ChIJjzd6HR0VXEYRQ1rug6lgpDI
Nille,ChIJfcw-4D2KXEYRFWL0I2GfTKg
thansen Örebro,ChIJ-3GvyXwTXEYRtl6Q-f8EmZQ
Room99,ChIJhdMv2inDW0YRV8DltYGfHys
The homeshop,ChIJi9iOwoQP864R_9pypmyyycE
Vita Rummet,ChIJc9HH9T6KXEYRr7wkWhFXJSg
Rosenbad i örebro,ChIJ-c49KEkVXEYRAJAnvqvIZxo
Stilmagasinet,ChIJ5843IvwUXEYRehNOdt3UgXQ
Cervera,ChIJFwHvB-MUXEYRE3RCoDnrD7Q
Lycka Omsorg AB,ChIJC8LigAcVXEYR6I-l8Bkj2Io
Alternativ Praktik Helheten,ChIJ9966rF0VXEYRhCQ05iKe0dM
Din Dag omsorg o service AB,ChIJlb2-ao0VXEYRPKJQPTqGRI0
"Invita Omvårdnad Lokalkontor, Områdeslokal",ChIJd6G2oHL_XkYRLNpt2n-C25w
A-Omsorg hemtjänst Örebro,ChIJ7U22WuAUXEYRlGtktB-MGwc
Gentlemens Corner,ChIJ5xTSuzIVXEYRYVZ5PPE35h8
Abiafro Frisörsalong,ChIJI1T1_hwVXEYRx1ych2W0fwI
WISE GUYS BARBERSHOP,ChIJ4ZTcRgPdW0YR602Iz1pvGIo
Volt Örebro city,ChIJRQ51k-MUXEYRkfRrfvtt9Zs
Brothers,ChIJ1yYOY0kTXEYREcOzkpJXzmk
Wagner,ChIJU_aPW0kTXEYR5S1XKsg8W7o
JACK & JONES,ChIJ84Uqd0kTXEYRJF5Xxy-EFGY
Kennedies Nygatan,ChIJ46aj6uMUXEYR8x2sr8ScMa8
RULLAB AB,ChIJq_deb_4TXEYRCEum3-3D7d4
ILS Hiss AB,ChIJIW8tl2qJXEYRBh-dwY1qHkg
Hisscentralen Närke Ab,ChIJAQAwMcwUXEYRG4Ou95VnC1Y
"KONE AB, Örebro",ChIJdQfh9kYVXEYRYJI-doEhoyU
Seglingsbergs sluss,ChIJJWZNGX7YXUYRfmhGDyIb43o
"Ingmarsspelen, Storänget Nås",ChIJMShrg8BfXUYRhZA7yjvh5nY
Krokbornsparken,ChIJ3QssNasCXUYRxMmZ5mGeIks
Granbergsdals hytta,ChIJ7XdTV0n1XEYRmvZwGEoq3fQ
Finnstigen,ChIJdQLoVkQBXUYRSRbHC4AXZZw
Krampen Museum,ChIJaQ0D87_LXUYRtMm9WHW8_xc
Hjärthälsan Linköping AB,ChIJIymmfJtvWUYRH1zsGaj6_Fg
Helistore.se,ChIJ13k9VBkVXEYRC2AoezN627E
Idé & Hobby,ChIJpdgA5uMUXEYRkL2tmxxX8aU
The Final I Askersund AB,ChIJAQAAwK-MW0YRrZqyymA3PPs
NETTOBILAR BETTORP AB Honda,ChIJq6pqjGgVXEYRLCBOs2WaqbQ
Biodlarn i Närkes Kil,ChIJ-Swor8RBXEYR13iS7-vorvk
Närkeslättens honung,ChIJR02I374NXEYRFTBgMe0rYqA
Nerikes Biodlare,ChIJW973r0AbXEYRI-yD0A2wJwE
Elite Stora Hotellet Örebro,ChIJkVDcP-IUXEYRLGx5W7Rrmrg
Frövi Hotell,ChIJVVWBOrU5XEYRjyDxB3Az2ZU
Best Western Eurostop Örebro,ChIJRwhR1D4VXEYRtyF2SIBbjE0
Hotell Göta,ChIJHVNr4x0VXEYR72Jjqv2KLeA
Mojo Hotell,ChIJhTCeCOMUXEYRg5Tt1iHEYSM
Scandic Örebro Central,ChIJ_UfKLwYVXEYREPBdroa-mec
Morris Hotel,ChIJh3qPxR0VXEYRgUCKMgF_XrY
Livin Station,ChIJKyeFlB4VXEYRicp9QuVENcY
Nora Stadshotell,ChIJU4tncWhFXEYRP9IRsCeMHNM
Adress Hotel Montagne,ChIJ94F9VdHzW0YRiZanyvcFCrY
"Hotell Nostalgi, Motala",ChIJ0zbNI9DcW0YRdZog0JLwW2w
Hotell Carl Friman Motala,ChIJXx7J7tncW0YR74nNWiErxI0
Hotell City Motala,ChIJS9K97dDcW0YRMzoMweSJCzg
Best Western Motala Stadshotell,ChIJ-VMbVqrQW0YR9gzI1T36wac
Ramshyttans Hästgård,ChIJ29US-WJEXEYRMbSLqP5JI8E
Clarion Hotel Örebro,ChIJ1SVwn-MUXEYR7799VbUbBSY
Sure Hotel by Best Western Stångå,ChIJYwKNWi9vWUYRFy0VAIbuJ4w
Good Morning Örebro,ChIJS2QRkekUXEYR6JdSuWrV1D8
Mjölby Stadshotell,ChIJ667B-F3WW0YRVlb3IW9zWwE
Hotell Hjalmar,ChIJOxrFtB0VXEYRW3mWlfQ5QBQ
Kumla Hotel,ChIJyxXNLnENXEYR3oYAptrVhXg
Vadstena Klosterhotel Lilla Slottsvillan,ChIJYW6RKqfFW0YRsYCRLH1YjNc
Scandic Grand Örebro,ChIJkQPQtuYUXEYRQu4d0u9vlNI
Ombergs Turisthotell,ChIJi7erd-LKW0YRvZs_8OgMoCA
Hotel PerOlofGården,ChIJeWrpEIb1W0YROZY1Esa7lS0
Salong Harmony,ChIJaZIRMv0UXEYRS1yeSTbEgLY
Akademikliniken Skin Center Örebro,ChIJ0-o5t-MUXEYRlJnmrCcBiAs
Agdeliuskliniken Örebro,ChIJnVwx9uIUXEYR_yqoORkhwro
Hudkliniken Örebro,ChIJBb6kL-AUXEYRLDuxFqyUwZA
Bare Solutions,ChIJgyKHeuEUXEYRjrvxmvOp96Y
ViaCanis HUNDSTUGAN,ChIJbfVXY1wDXUYRiyj_MerKE1Q
JR Hundcenter,ChIJyzJiBFUUXEYRttLJcSyDT68
Hunddagiset Hundarnas Hus,ChIJVVXlA9KLXEYRUOTe4qCT_fU
Hundforum,ChIJDd3XFRIVXEYR_PDztQ57agQ
Hunddagis Trippande Tassar,ChIJHYBqBxwVXEYR97Y3Xo_RUiw
Lövnäs Hund & Katt Pensionat,ChIJGfaC1yuLW0YR0WYimEbXguY
Hundhuset Ekenäs,ChIJj5CHcDNgWUYRIosJAzg6tnc
Lanna Hunddagis,ChIJgZz3CctvXEYRbLsrGyAqT-U
Dos Barbas Hundar,ChIJHShk0t0TXEYRQ9I3JAB9JEU
Hundklimpen,ChIJUzNxGBwVXEYRqPgIe4O3Sjk
Hundpartner Sverige,ChIJ0VcCyj1zXEYRAEV2k8xAnXw
Hundlyftet,ChIJ5-X9ZjcHXEYRi-9zx2eVM2Q
Kumla Brukshundklubb,ChIJ2-YWKt1yXEYR7UzMl1nNNJw
Askersunds Brukshundklubb,ChIJ5e_hQL2LW0YRBAENqJjjPrw
Bark and balance,ChIJI2SKtCx_XkYRAClbi0NuDdQ
Svenska Hundklubben,ChIJW-J90uamXkYRLrxW24bejVU
Klubbarps Hundklubb,ChIJAWDGE9fXW0YRRVixwq3GUnU
Trimmis Karlskoga,ChIJ-Z-w9RWKXEYRPP5-Uc4J_ro
Hundrummet,ChIJ1-rRPK8VXEYR1cwgeNWddUY
Salong Magic Dog,ChIJEWaior1tXEYRwT1VNz22Jb4
Runora AB,ChIJVy0HQmwVXEYRD2vj_pq5i7c
Trivselhus,ChIJt5QhzOkUXEYR2uO8jiq6OQc
Fiskarhedenvillan Örebro,ChIJaR2inIAVXEYRtrEU7CoGifY
A-hus,ChIJjSIlDsQUXEYRC-_vic0olxg
SmålandsVillan - Hustillverkare Örebro,ChIJs0jcP-IUXEYRzCklSl0dzFU
Götenehus,ChIJL-Z8WeMUXEYRkyWuyxqgZds
VårgårdaHus - Peter Nederman,ChIJ9fk8g_kPXEYRirewhWMyKrs
Derome Husproduktion AB,ChIJhTKWAt6QXEYRPPSfJLPAhyo
Myresjöhus - Bygga hus Örebro,ChIJq-GcmMYUXEYR5aSV9s4FwmA
Eksjöhus i Örebro,ChIJfZQim_4UXEYRhbD_EVkw4XA
Närkes Husvagnsaffär AB,ChIJv9mQ-sMUXEYRG3l2lMvyvN4
SMV Husvagnar,ChIJM69bcQoUXEYRqya9qvHfbfc
Westerdahls Husvagnscenter AB,ChIJeeer_TcVXEYRpIUDr7wisVc
Zinkgruvan,ChIJmVmywanxW0YRS9XLdqGrZ6E
Djerfstugan,ChIJH2brz99jXEYRZ2rBKpi_QR8
Novatic Industrial AB,ChIJlatOWHUVXEYRjJXlnpluoy8
Epiroc Rock Drills AB - Distribution Center Örebro,ChIJlzPDQDwVXEYRlA4JIngU5zM
Ahlstrom-Munksjö Aspa Bruk AB,ChIJywFhNwOTW0YR8fA1qpsLSqQ
Baettr Guldsmedshyttan AB,ChIJ06v6_6ZSXEYRoz-8QbEqYGs
KBT och Psykologpraktik AB,ChIJ-YrON_YVXEYRcAz_gNxZbeo
EBREX Sweden AB,ChIJhbRf-LRrXEYRnfkAkimdgFk
Operation Mercy,ChIJeVauINMTXEYRR3a9eEO6W9M
Pennybridge Roasters,ChIJ03AH7WAVXEYR48dNDBN-Ev8
B3 Consulting Örebro AB,ChIJPxxQVv0UXEYR-YtEOVZ8h3Y
Activa,ChIJ_UKd5u0UXEYRLTnAvNhr5VQ
Vap VA-Projekt AB,ChIJ8_G58hsVXEYRHdvdwLo9bH8
Läromedia Bokhandel Örebro,ChIJZ_H9o1YUXEYRUyV1y-1kbag
Millcon AB,ChIJC1JGeR8OXEYRGCG0T4zPJK0
AB Silkflower Import In Askersund,ChIJ_y5pdlSLW0YR4p_WbqeICuI
Integrativa Psykologenheten,ChIJQx-a6h0VXEYRWIDaxSPstYo
PMP Marknadskonsult AB,ChIJg49mVv0UXEYRObZkfmDSjO4
DEKRA Industrial kontor i Örebro,ChIJz4dxg-YUXEYRaqwvfj0zJv0
Comera AB,ChIJfZcZf-EUXEYREO-UvWSZUm0
Epical Örebro,ChIJ89XqhOEUXEYRIy7ob1_-vBA
Dealbator AB,ChIJJ3HhgQUVXEYROFWHAtw5pag
Palina AB,ChIJNdvmwhcVXEYR2yNmwcJbec0
Printeliten i Örebro AB,ChIJnbHALf0UXEYRHnT1E9FjsOA
Imex,ChIJ61m0YZVsXEYRQAa27XDWe-0
Noxor AB,ChIJcappa-EUXEYRlQ2UHO8iYbE
Recite Ekonomibyrå AB,ChIJ2-6ZKf0VXEYRnCw1WwJljeY
Örebro Läns Innebandyförbund,ChIJgQsCriAVXEYR3L8LC6cEWsU
Markör Marknad & Kommunikation AB,ChIJI3XS8OIUXEYR8cImLbeR59Y
Retenua AB,ChIJp2nv1dVtXEYR8eny2FgOCSU
Lindtech Sweden AB,ChIJ-TRWJMwUXEYRJPzJltGo1g0
Dataform i Kumla AB,ChIJY_A712gNXEYRYa64LsK7gGc
Kommunal fackförbund,ChIJ7a8hu-kNXEYR4kYqfgGpMMA
JOS Ekonomi AB,ChIJKyjdkWENXEYRpLRN08wT4fY
ETS NORD SVERIGE,ChIJfd4tgrsNXEYRIDm9qAE_zj4
Mekana Maskin AB,ChIJdyvZPccUXEYRRg3X3M85oW4
Candles Scandinavia,ChIJAQAA8AIVXEYRDg1Ejl3IcEQ
Föreningarnas Hus,ChIJmetooR0VXEYRTEa3W1wNWxA
Libo,ChIJ0SwPml5JXEYRi1Xb7FDJNEM
Deligate AB,ChIJc1B8hR0VXEYRY8or9v-OCuk
BTR Industry AB,ChIJLZ5W_HoPXEYRP4syXfUB-AM
därför,ChIJBQ7ogx4VXEYRqfW3ap4Db88
DTT Construction AB,ChIJk2yVQsQUXEYRzsSe64vfxbU
Naxos Sweden AB,ChIJ2R4PfEcVXEYRm7pFCHFF1qs
Drillcon AB / Drillcon Scandinavia,ChIJadb5vj5FXEYR2FebtWvlU-8
Meningsbygget - Eva Bergs textbyrå,ChIJe_Ze6VENXEYRCAgK5kUGTVI
G&D Studio,ChIJUXGgMwMVXEYRnceLrqSSFcg
Gunillas MassageBod & Spa,ChIJCcWRouYUXEYRZ6FLL8Udmig
Triova AB,ChIJ7eeGJpFAXEYRZv2sJ3PAG3k
Icon Photography,ChIJdeB6Fo1rXEYRBQ6bdTjpOEw
Stratega Redovisning och Revision AB,ChIJrTU_IeYVXEYRCkpLFoj12bU
Nya badrum AB,ChIJo58JNGMVXEYRqk47MHrcDM0
Emperi Försäljnings AB,ChIJRd3-rjuKXEYRuz2j48HzOUk
Tassa Rätt,ChIJDYGRjM0VXEYRZsBa86SnaXM
Neptune Software,ChIJEZj04NNBXEYRQYu4dmLEee0
Adven Sverige AB,ChIJbUwm_90UXEYRzTfc7Tc4BxA
Saab Dynamics AB,ChIJJ2tJlhSKXEYRNINgaEm-bBs
Systemtruckar Sverige AB,ChIJSz9I424NXEYRMzD-LiAJYXA
NeH,ChIJ4zTrFscUXEYRMjUhiWm9eTA
Dunlop Hiflex Örebro,ChIJV838VVUTXEYRIlgk04VgoUk
Närke Hydraulik AB,ChIJF22pSmEMXEYRJIJWYvnbwxQ
Degerfors kraftverk,ChIJM0ywcreJXEYR39slznZEkUk
Sterisol AB,ChIJV3tr3pjFW0YRJjDOZlxk8dE
Top Dryer / Top Industri AB,ChIJm8XoiX0VXEYRICCf7X3Q-go
Comsenze Ab,ChIJAZDxxGYNXEYRW5u8JYG27EQ
UlrikaCederberg.se - Hypnosterapeut RTT-terapeut & Coach,ChIJ2whYTXhpWUYRqyNUN9ykp6A
Spelmansgatan fastighet AB,ChIJjTMmkwSJXEYR2gxTBdOG8xU
Husrum Fastigheter Ab,ChIJq6qeZPkUXEYRn_vz-NjAAOM
Hyundai Örebro,ChIJedjutYQVXEYRYn0kFpNJEV8
Tidlösenergi,ChIJc4l7wuIUXEYR1j1mXcXlFvE
Lemonlime Skincare,ChIJBYb7hDKLXEYRRG-XwLqD6TU
You Everyday,ChIJQXGHcLYNXEYRa4h-c55kyGw
Life Marieberg,ChIJy1e7ZEkTXEYRfI0Mqf9NYmA
PUH Personlig Utveckling & Hälsa AB,ChIJZbtq92MWXEYRvLnCxVlydew
BraKropp Sverige,ChIJPxxQVv0UXEYRVhO4KEQHE1A
Labbkliniken i Örebro AB,ChIJJy1p4fgVXEYRlWr22I2Izpo
Klara Sinnerstad - Näringsterapeut,ChIJadjQOZEVXEYRHu8VT8AfbW0
Lindroos Hälsoagenturer,ChIJ5UpNlMYUXEYRW9AnWRx08pA
MM Sports,ChIJY9YhVeIUXEYRJNTA2vbGYeI
Hälsokraft,ChIJMT4zF-QUXEYRbJ_jhGdfWl0
Studio Svahn AB (Måbrapraktiken),ChIJV098kBgVXEYRFSntwkl_lmc
Stallbolaget.se,ChIJ1VDRn0NLXEYRZuFKZfGy0Vs
Herminge Ridskola,ChIJlXV7LygTXEYRmBI9GZ7vAlg
Realgymnasiet Örebro,ChIJpytfHMwVXEYRgP3F0Fw7dNM
Alléskolan,ChIJ2-cADYgMXEYRLhxQb5E3kUg
JENSEN gymnasium Örebro,ChIJOxdxnxqi7EMReUOYD-S7grs
Högtrycksdelar.se,ChIJZUKwZqPXW0YRvCOrPOvp9qQ
RFSL Örebro / Testpoint,ChIJdT2BqB0VXEYRlAazHYzUM2Q
Företagarna Örebro län,ChIJ____Dz6KXEYRjXhSqKknvek
Örebro Flygklubb,ChIJy_T7T2FsXEYRChBt_1H2Hq4
Tegelbruket Ideell förening,ChIJk_TwVyYVXEYRUEJRyp9FJio
Naturskyddsföreningen Örebro Län,ChIJAQAAkB0VXEYRJXauCZZMCiM
Awesome People,ChIJKw2PXusUXEYRZTFGHMG9WaU
Kårsektionen Qultura,ChIJr4ozTUQUXEYRO7d8wUI-QDw
Lepramissionen-Sverige,ChIJUxy22mMNXEYR_0DFsEqdZ_A
PRO Örebro Län,ChIJq1xBLeQUXEYR3YTvtnTdk6Y
Örebro Riksteaterförening,ChIJ-7BDp-YUXEYRGVQ8cXVpn9g
Syrianska Riksförbundet,ChIJuZOqBAZrXEYRKNcwnYC3kdc
Playstar,ChIJVzTj5xcVXEYRQ-I7rZ4G2LQ
Attendo Sverige AB,ChIJVVVVoQgVXEYRQVXzysresq8
Föreningen Ung Företagsamhet I Örebro Län,ChIJZbKVwOIUXEYRZGDZnFTgqLQ
Moltas Scoutkår,ChIJb1Qfe8pFXEYRxr6jyftxLV0
Kårsektionen Sobra,ChIJF3UBSFsUXEYR-KKYN1nUvMU
ELSA Örebro,ChIJBwmWktkVXEYRJvZYgIm0sh0
Kårsektionen Corax,ChIJC0WMOFsUXEYRKDNwNK4cq68
Goda Nyheter,ChIJFUkPkKIUXEYRPQzB152jEHk
Kårsektionen TekNat,ChIJD-01U1sUXEYRuN_r1Z4OlYM
Kårsektionen Serum,ChIJOdE74EQUXEYRMdkPlOWz3IA
DHR Örebroavdelning,ChIJod-jYHMVXEYRr0DotJpsLZE
Bufff Örebro,ChIJdzFeYeQUXEYR3DpAX8feWaU
Gemensam Förening,ChIJTUyFtXMVXEYRkGGFeNZS3PU
Åmmebergs Bygdeförening,ChIJLdqSz-fzW0YROWITXkBm3f8
Kvismare fågelstation,ChIJLbQsVrwQXEYRU-HmcHfrB-Y
Kårsektionen och Studentföreningen Sesam,ChIJMdFNdlsUXEYRu1MOK8LidM0
Västernärkes Biodlarförening,ChIJrSX1_d5xXEYRwaCb9ANiez8
Örebro Brukshundklubb,ChIJU2CtniVrXEYRf8ySbxU56fg
Sörbyängens Bouleklubb,ChIJr_J5hfUUXEYRa8JkrrlgDwk
IFK Örebro Handboll,ChIJVVVls7cUXEYRdh_IyFdMdCI
KFUM Örebro BASKET,ChIJk_TwVyYVXEYRljt8AT1bpsQ
Evangeliska Frikyrkan,ChIJ6e0NYlwUXEYR6-k-y2s32ek
Föreningen Folkets Park Brunnsparken,ChIJWfqGiLoUXEYRK_ijK7LZnOg
Spf Seniorerna Club Skoga,ChIJs52oPicBMo8R3JePtBBD1bg
VGF,ChIJT5f9btL6AqYRL8Ar7rCgx10
EPOK En Partipolitiskt Oberoende Kyrka,ChIJETelMfpFXEYRXEBkSOPimTg
Studiefrämjandet och Hillstreet,ChIJS6p0M0NJXEYR109mHt9v9c0
Hopajola Naturvärnet,ChIJsUM9RQcVXEYRb0_4UpizW-Y
"PIO, Primär immunbristorganisationen",ChIJncAyZM9qXEYR6q_UerxOxYo
Fritidsbanken Askersund,ChIJf_z6xlaLW0YRD4KNC3HmEdA
Europeiskt Teckenspråkcenter,ChIJ6TmMGOQUXEYRwHMNXkraO8E
Naprapatlandslaget,ChIJHcR11fwUXEYRknut0ZH0K_o
Vintrosa Beach Handboll Cup,ChIJ97lT2UppXEYRarwTeCvq6yI
Dans & Hälsostudion,ChIJnwu5tN8UXEYR0KDsrF09hx4
Karlskoga Idrottsgymnasium,ChIJz-wiiR-KXEYR0S_0FULyR8k
Örebro Fight Gym,ChIJ420UtO0VXEYRDUFEmAP42cY
IMA Kattpensionat,ChIJhfHXjyBWWUYRJhI3BUavV28
Örebro Kattpensionat,ChIJJX3DJCoVXEYRjCw3ST8BNlY
Chandani,ChIJadD_-OIUXEYRQQCaBO3SX7s
Spicy Kitchen,ChIJUZwhlogVXEYREh6RjTamYTQ
Nya Indian Curry Restaurang,ChIJxcA3Pj6KXEYRMYjBmgGSpqE
Frabe Industri i Nora AB,ChIJy16q5vdPXEYR_iXzYVAhqGo
Holotech Cad/Cam AB,ChIJdyvZPccUXEYRm_tBPCLYgJk
Nora Finmekaniska AB,ChIJr2JHFUVFXEYRT9coO9lPQIc
Tivedens Guider,ChIJBV3lk9iXW0YRhsQ_3VZBbF4
FVB Sverige AB,ChIJFSuKvdoUXEYRJUFkvHuoPeY
Structor Vibrations & Omgivningskontroll,ChIJQwkw_EczTqARxOsrY4IinrA
Etteplan,ChIJAeGcmMYUXEYRTGl7VVKjiOY
WSP,ChIJN9B1fugUXEYRRZeXWu1vuJs
Ramboll Sverige,ChIJadZxuOcUXEYRbY2z2oX5G44
AFRY,ChIJ0ZE8f-EUXEYRT8SztoWqhXo
ÅF-Infrastructure AB,ChIJ____a-YUXEYR17rAiQ6Fbds
Semcon,ChIJHUWP48YUXEYRWH1uIhKaaUc
Avalon Innovation,ChIJycjU1x8VXEYRgANRVycjpmQ
Örebro Indoor Golf,ChIJGYaAf2gVXEYR_g5GgTlrh4Q
Ambius AB,ChIJCXuFL8wUXEYRClwivP-2AuQ
"IDERVALL arkitektur, norrköping",ChIJocIrDMo7WUYRQtXNjhWhS6s
Intro Inredning Örebro AB,ChIJoZkY_O8UXEYRvZ2wFoDyiEk
Örebropodden,ChIJKbmirIoVXEYRmS0HZzI6MM8
HosTStoP,ChIJ-5ARJ7wWXEYRjOpHhnBVpRg
Opigo AB - Bekymmersfri Elbilsladdning,ChIJp3LvngMVXEYRiZGbeBsU1Cs
Boka.se,ChIJPfepCO8UXEYRWQeVtMNmZDQ
Posteryard,ChIJM92wC4gVXEYRVQ52S-qKO_o
Thymol.se,ChIJ06ZNy9JqXEYRdCWSWmlxtyc
Migrationsverket – Servicecenter,ChIJmb2xdOsUXEYRAR8ODPpfFXo
Almi,ChIJ03Sx09cVXEYRC-2bHqKOFNo
Örebro Hockey UF,ChIJY4LcDtgUXEYREsK-Dxu7OF0
IFK Kumla Hockey,ChIJU2JMnW8NXEYRzMPurGWHFtc
Örebro HK,ChIJi16MXvkUXEYREgV_14S1JAA
Hällefors IK,ChIJudD_M0sdXUYRfpWW9uHvP2k
Chicce,ChIJPQHTsHsVXEYR2qi_U6fYADY
Paolo's,ChIJucP7PuIUXEYRPxeTMswYgyo
Den rullande Trattorian AB,ChIJE80HehMTXEYRE_zoLo4CU0M
Restaurang Amici,ChIJV-rWu-MUXEYRg-ToYUVCvZ0
Fratelli Örebro,ChIJ5TzXdeMUXEYRcq7rrZxsof4
Ll'Amice Örebro,ChIJFVqG7KEVXEYR6jfDTwf8iQA
Sapore,ChIJKet4G2cVXEYRA1vvmGg5zjQ
Bella Italia,ChIJtdX-DOMUXEYRqx2qLCroWzc
Mamma Mia Pizzeria,ChIJCZH10OIUXEYRrN2cTajRlGc
La Gondola,ChIJc-vMHR0VXEYR8LeEv_S4MHM
Buono Bistro,ChIJl_lJqi4VXEYRoTVww3SMRmY
PapàPino,ChIJ4ftOtPAVXEYRyMpPYjgX-Qg
Sorella Örebro,ChIJuymP_eIUXEYRFueorF5iLls
It-Guide,ChIJjZSIfx0VXEYRefZtIHHsBSo
IntBiz Solutions AB,ChIJgcgJOeEUXEYRoUxiwULEUbo
Björnberg IT Partner,ChIJNYvqxN8UXEYRMKiqBeknmJ4
Jaktakademin,ChIJ_2riP1_9XEYR1kfXF_Lxsbg
Tiveds Jakt,ChIJyQT-G2eFW0YR45PuBVF1JFc
Nagomi sushi & poké bowl ramen,ChIJsXEQb6oVXEYRZ88P3L8h-Hc
"Jehovas vittnen, Rikets sal",ChIJzdCXRL6MW0YRt6_58QM0lwI
Jesu Kristi Kyrka av Sista Dagars Heliga,ChIJqTxs_stqXEYRVzPtCz7OYHw
Work for you,ChIJPSw3q4SLXEYRPk7j0OJrcIw
Sipplunda Andelsjordbruk,ChIJ2wMS9wF0XEYRKk8sdsi2nXI
Menardi juridik,ChIJefbpQQsVXEYRhVUkO-K5qA0
Lilja Juridik AB,ChIJTy306EsVXEYRBU_Wn0es_dc
Familjens Jurist,ChIJUahU6aCpXUYRlYpWx50eMJ4
Nordins Juristbyrå AB,ChIJoXFM6EmLXEYRzdF2R3l9K-k
Argum,ChIJVVXFROIUXEYRGfqR1gtlYqQ
Advokatbyrån Novum AB,ChIJ07KZ0QIVXEYRrUVCwYH3NHk
am juristbyrå,ChIJudF-6jYlXEYRj1RQNCK8r_4
Insatt AB - Din bolagsjurist i Örebro,ChIJyWciWRIVXEYRyjB5Vn-guE0
Valåsens Advokatbyrå,ChIJIx_D8B0VXEYR97d956nI3Io
Advokatfirman Glimstedt i Örebro - Jurister & Advokater,ChIJ0zbg9R0VXEYRgbXGs5dlGpM
Begravningsbyrån Lavendla Örebro,ChIJwyihz-MUXEYREmXHhgwaZUM
Ek Juridik (f.d. Förvaltningsjuristerna),ChIJJ34QX8YUXEYR-G5Fj4aXWCQ
Digitala Juristerna,ChIJm8k4Dn4VXEYRo0uBTKM9nyI
Stålshoppen i Örebro AB,ChIJU5h89z0VXEYRubvZ3HquHaI
Järn & Maskin,ChIJVXr7ADKKXEYRJVwJ8UUoXEQ
MSI-Järn AB,ChIJNY1Ump7FW0YR2sRQ-t1RGNM
Järnia,ChIJ6x9wLV2pW0YRUG6-hlACyRM
Nordic Railway Construction Sverige Ab,ChIJdz5Q2M0UXEYRnVsypcKd9go
Infranord Ab,ChIJUfP3r5oMXEYR30LgicUfDNo
Anton Åhs Entreprenad AB,ChIJ162xPrwMXEYRqKY7L_0iON0
EuroMaint Rail AB,ChIJH9n3r5oMXEYRcDoxTsVimwY
"Garvaregården - Hotel, B&B och Café",ChIJxVt6fqWMW0YR0DYoxU_Gi2s
Bara Vara coffeeshop,ChIJb4CFkuMUXEYRr5TTzPG-Qto
Gamla Örebro Café & Konferens,ChIJp3meHf4UXEYROqms3qZjs7A
Bakstugan Tived,ChIJmbP6aI6RW0YRU81DN1VBnA8
Björntorpets Islandshästgård,ChIJnV0NsatpXEYR0pgXL4yRNR4
Café Prego,ChIJU5dQVEQUXEYR7VsUaasSNf4
Craves,ChIJASWSCMgVXEYR-Vu05Nnmpmg
Cafe berget,ChIJozKjkHiIXEYRSGI_3WHggPY
Café Sockenstugan,ChIJgV_4H9yGW0YRY_1CY9K1hP8
Café Trettiosjuan AB,ChIJM203w1pJXEYRB2wxyDnFofI
Sveas Café,ChIJkUBc_XYNXEYRjDV8KQwTtOY
Hildas,ChIJi3tNBbIVXEYRzfI0-Jas1kE
Björk Kafé och Skafferi AB,ChIJZyZAN2pFXEYRKLyPw2geiKw
Kumla Aquabike Klubb,ChIJSyvcYJcPXEYRy7trI8z1c5I
le croissant,ChIJOZZDQuwVXEYR4RD36bm5VZE
Borgmästarinnans café,ChIJfd4UekeNW0YR-oTpuLGYRo0
PeWe Konditori AB,ChIJfVzUXogMXEYRDrN9cnhsdOw
Princess Konditori,ChIJl0ZdvRsVXEYRa4J9n7xRDhE
Lanna Bokcafé,ChIJ0WSshd1uXEYRfAayhn0ExRw
Svalbo café & Mias godsaker,ChIJ-aOqCwBGXEYR-X4OTXGiSh4
Hästhagen Glasscafé & Aktivitetsområde,ChIJWcW3-FgVXEYR0F1gWsZoqd4
California Café,ChIJBfoygGhFXEYRRnq-c-yVI9I
Café Java Örebro,ChIJdzCeCOMUXEYRw9MmiCiICNQ
Espresso House Örebro Station,ChIJm6zmzMEVXEYRKCq_QCOIsPI
Smultrongården,ChIJ5fky6U1HXEYRmLHViW2M-7A
Lill-Annas café & butik,ChIJUzEYKeIUXEYRvQ60-qDMiWQ
Café Slottspigorna,ChIJG6SsJ11FXEYRnvvNUo9p0O8
Jennies Cafe & Butik,ChIJmzpHo6psXEYRZz8ZL4Nnj9s
Pershyttans Tågcafé,ChIJPTLzDRNFXEYREo7feD-XCho
Hammarbackens skogskafé,ChIJC1WPZ8GsXUYRsP6g4481dcg
Smörgås Verkstan,ChIJd4RMTxwVXEYRF3lyivzPrZ0
Tant Grön i Vintrosa,ChIJeyTnoDRpXEYRCHDg0YIC6-k
Arne Sweden,ChIJWR9ZX4UVXEYRg8KpxI9Owb8
Caffiney AB,ChIJN1EnWk1Ujq8Ri2EHGvUXlR8
Kaffemästaren,ChIJIx_D8B0VXEYR8zZrHyyijR0
Beans in Cup Örebro,ChIJAQAAQBYVXEYROtyFADsfi84
CozoCoffee / FIKA,ChIJaarQ5ZJrXEYRrApRf23HP_Y
Kaminbutiken i Vedevåg AB,ChIJtVmRSj5IXEYRAUX8RRBMsIY
Kaminexperten Hällefors,ChIJY5rZMFX9XEYRtmrGnzGxU5Q
Akademi Nord,ChIJoyLUyhsVXEYRzKyXr-_Pfps
Mifuné - Kampsportklubb Örebro,ChIJF6VdPIUVXEYRdnomwt_3b14
Frövi Judo Lindesberg,ChIJ49J-UHFJXEYR1fbA20ld84E
KAYAKOMAT Örebro,ChIJzdk2GH8XXEYR4D98aYngEZ0
Sankt Görans katolska församling,ChIJn-0opRWKXEYR25jf3yd7sKc
Rumpkullan,ChIJoaeJWd1hXEYRBd3ydyQyF60
Brenntag Nordic Ab,ChIJdS4wBEo4XEYRVz558URWHbg
Orica Sweden AB,ChIJhwPF3MNaXEYR02qjB_HNqGE
Krukmakargården,ChIJQ8_NhH6KXEYRACQEC_5jUlw
Danielssons Krukmakeri,ChIJQ9IrrnONW0YRfelO6UX7CEA
Kinamuren,ChIJiXMBxuMUXEYRSDAmxuCbItA
Restaurang Wongs,ChIJM6Ccjx0VXEYRMnsShn2wU9U
Frendo | Allt på ett och samma ställe!,ChIJx9Q33KmMW0YRjQJNs0bubp8
Citykliniken Örebro,ChIJY9YhVeIUXEYRDapdL1Sh83k
Hanser Kiropraktorklinik,ChIJfw8Hkx0VXEYR8jcbP5546UQ
Anderson Chiropractic,ChIJadZxuOcUXEYR4M6NwGXuSVE
Örebro Kiropraktorklinik,ChIJI-oDy_AUXEYRvf5SC0fgk-E
Ryggcenter Örebro AB,ChIJOX_PotQUXEYRY-dRx0kS6hU
Monks Kiropraktik,ChIJCV_QZQ4VXEYRm5cxmswt_40
Kiropraktorkliniken AB,ChIJYTaZ9zuKXEYROQ5NXptp0SU
Matton Jernberg Kiropraktorkedjan: Örebro,ChIJU2mOxR0VXEYRRoOZ51skbMI
Kiropraktorhuset i Mjölby,ChIJ23GHgcHXW0YRqUU3Bn8rG-U
De´Clinic,ChIJ6ypF0cMVXEYRO2s_uGEolGA
Ur & Penn,ChIJZ9xqueMUXEYRelDaF5n0cFU
Örebro Segelflygklubb,ChIJ3z1XCWFsXEYRnGrznZdct94
Lions Club Hallsberg,ChIJVVXZnIcLXEYRugBUI5ulj7g
Örebro Konståkningsklubb,ChIJLxeDlP4UXEYRAI3XWYAHzt4
Hagaby GoIF,ChIJb99x-w0VXEYRpnuIxggVZ4E
Örebro Hundsällskap BK,ChIJ5_Xsj05sXEYRoJDYb2FFP8E
Örebro Läns Bridgeförbund,ChIJMZOCfOYUXEYRnYf4H2Sz1eE
Örebro Läns Ishockeyförbund,ChIJgQsCriAVXEYRsoDETiktbjs
Kif Örebro DFF Fotboll,ChIJy2mmpvsUXEYRYF4vLPW3JXU
Örebro Snooker Klubb,ChIJczahNlYVXEYRDi6RRJXPpUM
D.O. Design Only,ChIJs2wrYkkTXEYRa-UFAnncYe0
Blu di blu,ChIJMT4zF-QUXEYRc9-QyD0WEdc
Debut,ChIJJyNrqOMUXEYRBiJrZz9Uh_Y
Heaven Örebro,ChIJ90jWTeIUXEYRx4ahAftK9DA
Eva,ChIJJ43syuMUXEYR4-WgJqglogM
Peak Performance,ChIJV31UlOMUXEYR2ugeQ_IyUdk
Jasmina Mogensen,ChIJVVWlGA8VXEYRTB1rhP5fwWc
Lager 157 Örebro,ChIJ-1M96ccUXEYR5pywa_MzWlQ
KappAhl,ChIJ_5HjdFsTXEYRBMfIFXAHZbA
Adolfsons Kläder & Skor,ChIJY1bvf5UbXEYRKVdcNm0Ls4o
Babyhuset,ChIJVVXFROIUXEYRSLK330i3744
JOHNELLS ÖREBRO,ChIJxXIZquMUXEYRW_H_UBTQV3A
Jeansbolaget,ChIJCcxkZ0kTXEYRO0jPQB-3ECg
Cassels,ChIJ2wZ3W0kTXEYR1Ij6DAzdeiY
Lindgrens,ChIJcYVCDOQUXEYRoHp4Yr-5p9g
Rabalder Örebro,ChIJWREo9zAVXEYReapjZSthcaA
Strandbergs,ChIJkeZ-weMUXEYRKiKWdjYzXxg
Fjugesta Vävstuga,ChIJ90NTMipuXEYR4hgsQAsJO-o
Pagelle AB,ChIJDfO-BuMUXEYRiV9kj1ALntM
Tuxedos Mc,ChIJEWOOsxjdW0YRPKUUD9fQ6nw
Jon & Jonna,ChIJJ9vu3z2KXEYRhgmEZMlPF8I
Chadness,ChIJg5Zec7qLXEYRh8pEosX6UXw
Rojo Skyddsprodukter,ChIJKdNwvGWLXEYRIgKkBsYpuz8
Clever Classy,ChIJVVXxqeMUXEYRTkgBhghwSRE
Noa Noa,ChIJ4dVB6eMUXEYR5SIdpBGUdXI
Aktivreklam,ChIJszS1eT0VXEYRRTH8vo8WoJc
Cubus Örebro Marieberg,ChIJO0TJXkkTXEYRjm70ZDBJwPU
Lee,ChIJx1wzXUkTXEYR_OKAGPQT38A
Lindex,ChIJnYpoRogMXEYRMki07tFWNlQ
H&M,ChIJ0-o5t-MUXEYRB-Xyr9CD3ps
GANT,ChIJt-hmE-QUXEYRw1DJhszsFsw
Letex,ChIJc99_ma-MW0YRNN4oCx2ISSM
Carlings Örebro City,ChIJ015DaRoVXEYRSBzUWWetczw
Levi's Store,ChIJS06FZkkTXEYRZT3iLG5-Yt0
StreetViber,ChIJbYjTHaqGvCsRBfddcbNpsSw
Naika Fashion,ChIJh1qvc19v9oERzuVk8K9j_Sg
Skinnmäster ab,ChIJxRSOPuc_XEYRQqaILGNY94s
klasströjor.se,ChIJYYM1tjwVXEYRcHsNpbtuDCs
Örebro Klättergym,ChIJ9ZUwIgMVXEYRQDy4OWX2F5g
Färed Bygdegård,ChIJW-ef5atzW0YREpZoKDa_zUs
Vasa Express,ChIJQTOgXkkTXEYR1ZqQ1RET7hw
Hälls Konditori,ChIJK-T4kR0VXEYRbQbRU62M_nE
Glas & Lakrits,ChIJ1SiCca-MW0YR6_Z36HBuD_M
Studioarena - moderna konferenser & möten,ChIJkzuu0eMUXEYRF49w4B7mhDU
City Konferenscenter,ChIJdxOQ4B0VXEYRr2A60lPBC-0
HIVE konferens,ChIJI30Y0uMUXEYR5OeprOSUdb0
myOffice,ChIJwSuCv-kUXEYRiV4R3EiMkHY
Örebro Konserthus,ChIJ3zcndOEUXEYR9m8yhIUzZjo
Musikpalatset,ChIJX8dkG4aLXEYRLppw5wBZGCM
Sanzen form och design,ChIJI_68s3U9XEYRz9pItFnEE5o
KonstBunkern,ChIJE3iS7rwVXEYRzz9Nye-ebcI
Tunnelseende,ChIJrYdBDnIVXEYRdtg560-ByLg
F2 Black Door,ChIJEfhkOjQVXEYRV5bi07duvMg
Galleri Nord,ChIJtzOZbhwVXEYRLZ3LAxtot1I
Konst I Ring,ChIJKYmL5YabW0YRg6T8EDSlFMM
Mattias Käll illustration,ChIJd7UW8AUVXEYRImAxQLrkIMk
Ateljé Susanne Arvidsson,ChIJX9GBLuAUXEYR7mGLEG-R818
Maria Larsson Artist,ChIJ1117Q-QVXEYRbTPCtP-ZUbU
Ateljé MalinB - Malin Blomqvist,ChIJvYER_HyNW0YRSwKvz9bIeKo
ArtsbyM,ChIJix03mDiHW0YRdRkWjKFMVtg
Art by Nestell,ChIJhxKZvT05XEYRa29T3wqIOJs
OpenArt,ChIJ_____xwVXEYRM6lGTtPDEec
Konstnärernas Kollektivverkstad Örebro,ChIJfUnGAu8UXEYRs5rmR59jRk8
Konstfrämjandet Bergslagen,ChIJbW6h4QEVXEYRdkBFaGQFGYQ
Örebro Konstskola,ChIJZST53gUVXEYRIkfw8r7dYto
Företagarföreningen Möckelnföretagen,ChIJITEgFT6KXEYR8hL2udG5Zy0
Osolo,ChIJVzTj5xcVXEYRxDquKNiacyA
HiQ Mälardalen AB,ChIJU4gOteYUXEYR49CXiSulVSY
Formpipe Software AB,ChIJVVXFROIUXEYR67utM8WTwqk
Consid,ChIJk3rYty0VXEYRwdAEhSOi9xE
JA Management Event Consulting AB,ChIJQ4Tj-U4UXEYRe_E7f4U8PQc
Your Power Management & Consulting AB,ChIJO71cWlIUXEYRESe8In_8EqM
MPWR Consulting AB,ChIJsQLdEB4VXEYRRG8zF0ILYKg
mbase consulting AB,ChIJg0bS5Z4SXEYR_EPOvjC64Bc
Exact,ChIJi4cizOkUXEYRzenAOyNRr_s
Eva Svärd,ChIJ2Sp_aoQVXEYRxADaSyqFTkU
Inger Lundin Text och Idé AB,ChIJq-hI0EIUXEYRxS1x905Fwdg
Omegapoint Örebro AB,ChIJCf_d3OMUXEYROYAyXPlRWnw
Curonova Consulting AB,ChIJwbXccISNW0YR1MDP8i_Ynrk
Castra Örebro,ChIJeS2trFgVXEYRUs6jS_J8JNA
Bo R Adolfsson Consulting AB,ChIJKyJmFeEUXEYRE9_TrYdAMc0
Forcit Consulting AB,ChIJ20rT-aEVXEYRsAQPYeqVugE
Norconsult AB,ChIJ2WISrOMUXEYRZGgIjEeS8og
Welingo,ChIJc4l7wuIUXEYRXsyveZDia10
Svensk Hygien & Konsultservice AB,ChIJnzczjP8UXEYRJCvroqVQc5s
Bolagsgruppen,ChIJmzaU7rYVXEYR0zavjIFNw1M
ALTEN Sverige AB,ChIJ_5IkjQIVXEYRtDC76u71Qas
Svenska Unifelt AB,ChIJh1vu9Q4NXEYRHFJWs_CL-dU
PR Creative Consulting AB,ChIJt1W9LJwSXEYRQza05mFJ74s
Vinnergi AB,ChIJazbpRSQVXEYRigYZB8rdDDI
Loxia Group,ChIJqbzZ_J8VXEYRzrqryju__O8
Kvadrat Örebro AB,ChIJ2YhFeAEVXEYRMfDC0v-UO_c
Prestep AB,ChIJ-ZSgTBwVXEYRG6MsEtbKvFY
BAS Konsult,ChIJtVMD_9W07EMR488sl-d0VMs
Svensk Kvalitetssäkring i Sverige AB,ChIJi4cizOkUXEYR6T9rhK5QQM4
Trim Tab Bemanning - Rusta och Matcha - Örebro,ChIJrzl28MYVXEYRlvNB0xx5BN4
Crio AB,ChIJAQAAAE1rXEYR9KzJy-74Czw
Pialill Ring Consulting,ChIJ4X8VbiWKXEYRokwzXcnPTZA
Broby Unikt,ChIJxbD7zL1BXEYRgNYvfb7NIaQ
Fors Brunns Konsult AB,ChIJ8d8CP7U5XEYRa1IrCVT63y8
Karlsbacken Consulting,ChIJx7x6iyETXEYRKuBcXxQLe2A
Control Consultant,ChIJYas9qyCKXEYRWE6xecLouas
Condesign Info Productions AB,ChIJVVVVVQ6KXEYRcokoxRlkUpU
Quiteright,ChIJi0udneQUXEYRF-Bsl8UgOzA
Aveki AB,ChIJwV5Vxy4VXEYRrlrgKOOarr0
Knowit,ChIJAQAAkB0VXEYRITZEqzgi-HQ
Combitech AB,ChIJVVVVceMUXEYRTWO8jXDN0q4
Kamtechnology AB,ChIJy1eqgeEUXEYR7LNkbumTjkI
Sprinklerkonsulten AB,ChIJJ6HoG_8VXEYRgCivXkq9HV4
Hifab AB,ChIJy77owUQVXEYRXKHTUeELIF0
CITK AB,ChIJu12x08UUXEYRsGhKJGssxEE
MACAT affärsutveckling AB,ChIJW3LIyY-JXEYR-ReZKyr7U2M
PE Teknik & Arkitektur AB,ChIJgXUBQ6QVXEYRVd7wjUi0o34
Invid Örebro,ChIJVVVVxdwUXEYRlRAYIxlDAVY
Happy Bear AB,ChIJG5XWDeMUXEYR0YuGa_X6Kqc
Langebaek Consulting AB,ChIJR_4fxp9hXkYR0vrL2tXNHGo
WAPPO AB,ChIJoZkY_O8UXEYRudcqb8JPIPs
Experis Karlskoga,ChIJ1_zSHz6KXEYRkehq27NKQRs
Zalvo AB,ChIJAQAAAE1rXEYREhA1t6eCYbM
Snicko AB & Bifirma Almbro Bigård,ChIJT-trDcITXEYRXDge8AU2YDQ
SYNQ Consulting,ChIJU3e6278VXEYRw3umGyXM65c
ankilundin.se,ChIJl1zIWJAZPo0R_D-PSFSxf_0
Konsultmäklarna Sverige AB,ChIJ7aepTUS6HIMRYo9BYis9mao
"Bäck, äng och skog",ChIJAzIhTl1FXEYREbuqVEXzH2E
LPD Office,ChIJVUr4uEiLXEYR2tLuCCwrqUI
San Sac AB,ChIJT_lNAsEUXEYR9TFiJidCv78
Migo Co-Working,ChIJ82zbIbYVXEYRVzxOaULDHr4
Happy spine,ChIJlfCjmv4UXEYRDHCjfQV0xrw
Kontorshotellet Gnistan,ChIJu4i6IQUVXEYR8qxWVkmvikE
Mitt Kontor,ChIJ7ZMEf_AVXEYRJ1S2_b_hzAY
Office Depot,ChIJe121LsQUXEYRSWoYwVJ8HRM
Örebro Bra Bemanning AB,ChIJ81L0RR8VXEYRuWpPHJXroD4
Frövifors Kraftverk,ChIJpY9CO5o5XEYRPqmJ8kyRKOc
Handels & Maskin Service AB,ChIJXzVxPgCHW0YRxLF7iUHyzxk
Hammerstad Krantjänst AB,ChIJhy6D_noVXEYRqzfcHEPRhGg
The Church of Jesus Christ of Latter-day Saints,ChIJ7eda1x5rXEYR1BNCyfSFv3c
Scenit Kulturhuset,ChIJg3_qLRwVXEYRhRQSmFnlhFs
Bosnisk Islamiska Församlingen Örebro,ChIJ2xPJbD0VXEYRZD-FIZBvcEo
Grythytte Qvarn,ChIJi7W_MIv8XEYRdi_b74vqjCE
Kvinnohuset i Örebro,ChIJ6QA6rvwUXEYRNHvInHB8m84
Kvinnojouren Maggan,ChIJZWrzzhBroCQRPsOSZB6sk-U
Huurre,ChIJWRa4jEYVXEYRwrMEQRNxAII
Svensk Storköksservice AB,ChIJV2GJHLgUXEYRy2C8jjF0coA
"Lillkyrka kyrka, Närke",ChIJl1W7zTw9XEYRO4v875Bum7U
Hillsong Church Örebro,ChIJOzqknyIVXEYRG7A4pf3flas
Askersunds Baptistförsamling Elim,ChIJa_9wI6-MW0YRgvW7QNJNZxI
Stiftelsen Ellel Ministries Sverige,ChIJm3CouT1IXEYRhwBV7wRvcbA
Nybblekyrkan,ChIJkfBiDExsXEYRWdZRMhNqOkw
Lekebergskyrkan,ChIJiTQa0SluXEYRXWjGlw9oNv4
Bergskyrkan,ChIJsbONNbqHW0YRdm_FUpW2nhg
Pålsboda Filadelfiaförsamling,ChIJ5YYgAHwPXEYR4gZ4OtWWdkU
Stora Mellösa Baptistförsamling,ChIJMVKkUJcZXEYRKd_twyYml_A
S:ta Maria-kyrkan,ChIJDYhkSy0VXEYRBTxz-VBtQqE
Vallakyrkan Degerfors,ChIJPV5yMWOIXEYR_wh8RdDnViQ
Impact Center Örebro,ChIJDXFFChcVXEYR6_7k5xsVNEk
Korskyrkan,ChIJHzcfEbAUXEYRwhqw2d0pzkM
Pingtsförsamlingen Lindesberg,ChIJYxisilpJXEYRXhjO3VEoRKQ
Salem Församlingen,ChIJaxTwb8t7XEYRaL31kRP_ZD0
Larslundskyrkan Sköllersta,ChIJFXcUfTkQXEYRv_wlsOYnM74
Brokyrkans Församling,ChIJG3zqByCBXEYROE5jvamx7eQ
Askers Baptistförsamling,ChIJfSQUM04UXEYRq8wq7YGhR5w
Citykyrkan Örebro,ChIJQQe0Pt8UXEYRnHfLvjBVgS8
Mellringekyrkan,ChIJYVsM0s1qXEYRzMH_NVubyas
Byrsta friförsamling,ChIJ8_AZOCENXEYR97c2UNpiBMc
Svenska Frälsningsarmén,ChIJ63xovRsVXEYRQ6gm4zcYYdc
Equmeniakyrkan Vasa,ChIJCyVQvOEUXEYRsAgDcr1_RqI
Hagakyrkan (Örebro),ChIJh1Bwh9QUXEYRzG2_a8aiA_U
Brickebergskyrkan,ChIJw-0NYlwUXEYRL5fR6bLkWIY
Pacto,ChIJxWVFbVlFXEYRiv9c3zR_taQ
Nävestakyrkan,ChIJKRRUY5ARXEYRVmSIJ8qd00Q
Bergslagskyrkan i Nora,ChIJ2ZPTLV1FXEYRWnPHrH-xmls
Sörbykyrkan,ChIJwTB_1PUUXEYRVe_HLZiKI4o
Konsert: Musikkåren Lyran,ChIJAXYF1OMUXEYRpWgyHoJtCQc
"Viby kyrka, Närke",ChIJizeg5aB2XEYRq5J6i1hZfqM
Tallstigskyrkan,ChIJv29KQcODW0YRRht-j1e187g
Pingstkyrkan Karlskoga,ChIJeW5gCDyKXEYRv03teFscKpc
Sankt Eskils katolska kyrka,ChIJZbKVwOIUXEYR4MSILZuThYY
Baptistförsamlingen Immanuel,ChIJkWlL6R8VXEYRdXWIrO_hVIg
Åderbråcksklinikerna Örebro,ChIJr6zjXjAVXEYRDIb1U18NG0s
H H BYGG & KAKEL AB,ChIJ4_YVZ2QVXEYR2Cjejugw47E
Leon. Sandberg Bosättningsaffär,ChIJn2k5dWhFXEYR1Cy7Sn5GQd0
Kvänum Örebro,ChIJB3YN5d8UXEYRxojPP74clUY
Ballingslöv Örebro,ChIJkZoJdycVXEYRfFOWz-PSSCk
Marbodal - Kök Bad & Förvaring Örebro,ChIJ2bgtnnoVXEYR658BIVn2Lrs
EKO:- Örebro,ChIJC1_RF3ATXEYRJdFhmWxglng
Cityhuset,ChIJq1JJQYgMXEYRwA-KB97XKTM
Ekholmens köpcentrum,ChIJ_Rv3q4VuWUYRl7pXjrpClv0
Lillån Center,ChIJdYmNBd4_XEYRTfVGQ0x_H3Y
Närke Kött i Örebro AB,ChIJD3lUSQ4NXEYRg2mZfAelFV0
Moab Michael Oldin AB,ChIJFQPXG2kNXEYR3loMJRA4BdU
Labverk Sweden AB,ChIJF4E0B5YVXEYRNO68ulFumTA
Asbest-Ident Örebro,ChIJSwzpXUgVXEYROKGl6uSTqiI
Bio-Hospital AB,ChIJ1YGpnVCoXUYRi8_e6d-9KCE
Brunnsvatten.se,ChIJRe7GWQlvWUYRfiTlgCmeZc8
Element Materials Technology,ChIJoZcSYRKKXEYRA31ZkgH2zCs
Mer Laddningsstation,ChIJs12f3zgVXEYRUsGOsxqfpdY
E.ON Drive Laddningsstation,ChIJjS7n6DYVXEYRti36lLqPC90
Vattenfall Charging Station,ChIJ66qqqqGMW0YRpZsObTu5jkI
Vattenfall Laddningsstation,ChIJF51W5a6MW0YRT82fqzfbDKo
Recharge Laddningsstation,ChIJF2RsVad0XEYR7njxCbGDa8g
Threeforce Charging Station,ChIJl3Oo5kcVXEYRZbnYFvyFYHA
Laddningsstation för eldrivet fordon,ChIJyYvDilQVXEYR54pUU-TMdTo
Liikennevirta Oy (CPO) Charging Station,ChIJk53PUz8VXEYR6AtCPdqEO4g
Circle K Laddningsstation,ChIJT3dx_dYUXEYRricrruh8ciQ
IONITY Laddningsstation,ChIJAfV369YUXEYRpzUCYg7vXRA
E.ON Charging Station,ChIJIevK9QgVXEYRMVsHtYMbRr0
E.ON Charging Station,ChIJiTRsVeMUXEYRhjH9PYlxvIY
Mer Charging Station,ChIJTeuKJ9cUXEYR5Vfx84_OqM4
Orica Sweden AB Charging Station,ChIJt9CGwMZaXEYReQA6-JuCRF4
Allego Laddningsstation,ChIJkYzcbbmHW0YRg85xb_AfGrw
Fortum Charge and Drive Charging Station,ChIJz5m4BhaKXEYRf2iNCi9KhIk
VänerEnergi Charging Station,ChIJZXnemNd0W0YRjZhB5DyRdrs
Karlskoga Charging Station,ChIJL3uZJueLXEYRone8tS6tJjA
Park & Charge Charging Station,ChIJsUhJTyBvXEYRS2ZHsiUYIJI
Porsche Destination Charging,ChIJzelLTyBvXEYRwGcLnHRhh_M
Ecotap Charging Station,ChIJl3Oo5kcVXEYR5DA1FSz9kf4
Lidl Sverige KB Charging Station,ChIJNwPQit9hXEYRIYwO7yQf4x4
HSB Brf Boken i Lindesberg Charging Station,ChIJ2SJkxlhJXEYRHT5DkHoyVX0
Monta Charging Station,ChIJsWjMJG8NXEYR_gaDCFYJm24
Clever Ex,ChIJHRC_P1tJXEYRNeTFl8nkgck
Fortum Charge & Drive Charging Station,ChIJH5y2ilMSW0YR_5FPljjIRe0
Skobes Charging Station,ChIJY23EjS3DW0YRL0HdZsTdvBc
EasyPark Charging Station,ChIJq8-e0NPcW0YRk1D1PG3cWk8
Varsam AB lager,ChIJxRQMB0kVXEYRhDLr4b-s6lY
Aksab Kemi AB,ChIJswcmCFQTXEYROt46UZTEBfI
ITS Logistikpartner AB,ChIJndxNApYNXEYRFXG1BfngppQ
Maintrac Lager,ChIJB8xGOFLXW0YREe4oQehA6FI
Cavernes AB - Dryckeslager med tillstånd för alkohol,ChIJk9VzMhYPXEYRv1KcNRxympI
Swedish Lorry Parts AB - Kumla centrallager,ChIJ5Ul3Ig8NXEYRt7hCHmGYkxU
Swedol Logistikcenter AB,ChIJVWE9AllrXEYRH7mj49OR7Dw
Röhnisch Sportswear AB,ChIJV5ygZFgUXEYRwHUDn0Ehh8M
Elon Group AB,ChIJ4cRtS0ATXEYR1Zx96hArw6Y
Lamplagret i Marieberg AB,ChIJVfIv1zcTXEYRNH7FcaFEfWk
Vittvångs Gård,ChIJhVkEWm8TXEYRguTSXxoG7aE
Åkerby Säteri Agri HB,ChIJESvACYQZXEYRYU_KRuG7oxA
Urban Larsson,ChIJ8ckM98NBXEYRFjzB095mxlU
Källsprångs Gård,ChIJtwVRt_AKXEYRnCh2G372VrQ
Wäsby Terrasilva AB,ChIJG9eWofdtXEYRUobIHqytwEk
Växa Sverige,ChIJHXEFH0oUXEYRLlGYYjcBlfI
Lantbruksit.se,ChIJ3RSjGu57WUYRGHCZGgquql4
Salsbro AB,ChIJmyg4nD50XEYROHFcdIuHmN8
Svenska Foder AB,ChIJleFFXmgNXEYRBPQRKqdikTI
Maskinring Örebro Län Ek.för - MR Örebro,ChIJpbIx4sMUXEYR16bZ0T4m2u4
Hammars Säteri AB,ChIJn0-6on0QXEYRhsapR5PjqTY
Rejmes Lastvagnar Örebro,ChIJDwvWh1VrXEYRJuE5EXmqG_s
Scania Sverige AB / Karlskoga,ChIJtWnXf9KLXEYRbACxOUJrRgs
ieye,ChIJJy6SsJQVXEYRV0IfQpesFR4
Optiker Almå AB,ChIJhaJZmyZvWUYRdJbXiDm9XuE
Lustiga Landet,ChIJG-jPC6VuXEYRTlao6lqK13U
Stadsparkens lekplats,ChIJr4jBBDEVXEYRFUTSOU5neXE
Leklust AB,ChIJK-T4kR0VXEYRWAaOEBJ2_e4
Lekextra,ChIJ7yyFOEz1W0YRldqdzUo-Xqs
Lekia,ChIJj9vXTzYTXEYR4uWRSE6xHL4
Ediya Shop,ChIJRZJCjdlvWUYRhK0_pAJSmXE
Pennybridge collectibles,ChIJK-m93ntSum0R0H9JBym4TLw
"TOYS""R""US",ChIJI9nYMDYTXEYRm-p3bomWzw0
BR,ChIJKZj06OMUXEYRJwOvvL73YdQ
Leksaksnostalgirum,ChIJZ_55_t1xXEYR3AjkraO2bJY
Auto Design Sweden AB,ChIJQRtxatB1XEYRWlGhuCyolj8
SoS Bildelar,ChIJTYWgr98UXEYRiGKP48dAn08
Stuckatur i Sverige AB | D-cor.se,ChIJiQTET-IUXEYR03iteyPUIpM
Swegon Sverige AB,ChIJCxx8dSmKXEYRvzhXgftWydE
Lindab,ChIJg_Mae8QUXEYRmDi9Ccx1KHM
LKAB Berg & Betong,ChIJmVmywanxW0YRLCwkdpFgkNk
Industriprodukter i Örebro AB,ChIJQ4-FCUgVXEYRaNlgXxQ2UeM
Momentum Industrial AB,ChIJzXsdIxcVXEYR3ayRk69Blxg
Holger Andreasen AB,ChIJadZxuOcUXEYRG4G3nN_fXCw
Brammer Örebro AB,ChIJdRr67scUXEYRLqu_54y9wrQ
Forcit,ChIJk5l8zmdFXEYRIpfbbU8wRww
Business Form Equipment I Pålsboda AB,ChIJJzHD7HwPXEYRFH0lMm_uPfc
Skärteknik i Östergötland AB,ChIJrxFnLgFlWUYR65cF7EGMHks
EFtech AB,ChIJY3dYBQXXW0YRZ_qgjCYID5s
No Problems Scaffolding Örebro,ChIJX_q4KMhuXEYRea_oKEAxrBg
MoveTech,ChIJuZ_tdqMUXEYRa7EfXmOE0Ao
Endit AB,ChIJ2Xx1tpsSXEYRQ7-IaWPgRl0
Canon Business Center Örebro,ChIJHUWP48YUXEYRuu9zmTOmmDw
Lantmännen Maskin AB,ChIJ0y2i9k4UXEYRS3eIpaXgBuo
Axima DTS AB,ChIJtXhGx38RXEYRHDGaopUrizI
Teleagenten i Örebro AB,ChIJU2n7gcYUXEYR9lsLgZIOQv8
TeleBolaget,ChIJOZw7cMQUXEYRp8d5VJBrVcE
Ericsson,ChIJc3dzsGYNXEYRoPPaNJILZMw
Upfront AB,ChIJ02c4WcQVXEYReZdkVToF5QA
EJOT Sverige AB,ChIJx6vV41MTXEYRSutfOZNgHbQ
Wirtgen Sweden AB,ChIJoV2A-I5FXEYR2rOiV8TxxSM
Gson Europe AB,ChIJjY1NlrgUXEYRL9fB4BHBICw
Formmax AB,ChIJ0cFTZm0MXEYRwWJ3g0nRUQo
Taklagret Örebro,ChIJ6yNTPvQVXEYRDGS3BfuQ8M8
Puts & Tegel i Örebro AB,ChIJOwSP-U1rXEYRMdkEU7n4wx0
Örebro Ståldörrar AB,ChIJeQQjw6kUXEYRmoBHQlZ65a4
CDF Sverige AB,ChIJgR6gCKpsXEYRP16Hm3yDDFk
Forna Stål & Montage,ChIJBRjZimqKXEYRFY1vXI3Eetc
Produktma by SONSAB AB,ChIJ9_wIsP4UXEYRRBoa-CFI5k4
Sto Scandinavia AB,ChIJSbP-u0xrXEYRMj8SDrDThzw
JS Teknik & Service AB,ChIJq6qq6uobXEYRpBb6EWRpe4I
Free Play,ChIJbWxlP-gVXEYRdT7OYTrORYc
VWR International AB,ChIJZ3cQbBGKXEYRF0Lh9kZJN7w
Rosenqvist Försäljnings AB,ChIJCy82BpsZXEYRUVHJ-s_cTZs
Laxo Mekan,ChIJObibM3MUXEYR45qK87K_VHo
Zehnder Clean Air Solutions,ChIJTaRo_sXDW0YRbV2A_L2aI0g
Toyota Material Handling Sweden AB,ChIJx6xIliyRXEYRY8FAfsdXYO4
Jungheinrich Svenska AB,ChIJJ-bqtM0UXEYROcE0XfbEZcg
Acute Medic Company of Sweden,ChIJUexoyrJuXEYRdBox7A5xWc8
OSG Områdesskyddsgruppen AB,ChIJ7_EoRWgNXEYR7vmRKWc-0is
Elajo El & Energiteknik AB,ChIJbQ1dpDRvWUYRKHD1pLFdZd4
Securitas Technology Sverige AB,ChIJnZ9TCgmxXEYRfiOsjMLLD1k
Avarn Security,ChIJFRO-j8gUXEYRFc7xiIQc4Yg
KSB SupremeServ Örebro,ChIJAxV70YkVXEYRKdzTBnIyJt4
Lexus Örebro,ChIJlZCuy2gVXEYRt2Ynf4aXEAw
Ummy,ChIJ4VqWf-EUXEYRinksqBWWJZQ
Meza Örebro,ChIJuWgZOuEUXEYR32rXw4n-Skw
Terapirummet Örebro,ChIJBYabx_cVXEYRvoEzQ1UWBhM
Seb Trygg Liv,ChIJ9XhKN-IUXEYRQ68XjXWE874
SG Livs,ChIJlU94sTQVXEYRnpkpeRazYF0
Atria Sweden AB,ChIJYxGdHBUQXEYRk85JQX9ARMM
ICA Nära Vintrosa,ChIJ2zANLLRuXEYR65hPFFxULSI
24Food Ekeby-Almby,ChIJw9nlhZoXXEYRaBGzMvnqHlQ
Coop Nora,ChIJuReGG2hFXEYRsCRxYgeKqmo
Willys Hemma Nora,ChIJ5cps5mdFXEYRuRjdv7z28g4
Lifvs Östansjö,ChIJLwtoGpp1XEYRV3vZr12T1Sg
Pekås,ChIJd_6nioqIXEYRajx-yljgQ2Y
Tre sjöars kök & mejeri AB,ChIJH_Wpy5RRXEYRxXWxhxfTymc
Stjernsunds Gård - Butiken Stjernsund,ChIJgzWaTzvzW0YRh94nB8xHAvU
Lidl,ChIJpzZFeJ0SXEYR9CjoKqfNX-c
Matöppet Åsbro,ChIJ6WgJvPAKXEYRYDOIFHsBn7k
X:-tra,ChIJnfKdexUVXEYRw-AGTgLWwdU
Tempo,ChIJmchVs3wVXEYRQpNdPljqmv4
KosterFiskarn´s Örebro/Värmland,ChIJAZTapGUVXEYRze9ztu_2-ek
Granelunds Odlingar,ChIJF4L8DitzXEYRaPiYQAzUIRA
JML-System AB,ChIJGzHdORKKXEYREYzTL3eNctU
Camp Skagern,ChIJ5Tsda3WCW0YROAi5QoUbSJo
Spiragården,ChIJ1YV_H3A-XEYRdJDq6T5R6DM
Revelbadets Camping,ChIJPVk0LNKOW0YRbTE7AseNugM
DSV Road AB,ChIJJcoaq1BrXEYR5-AOYojoPP0
Frigoscandia AB,ChIJ009Sm8oUXEYRqCKRu-iKlK4
NollNitton Frakt AB,ChIJVVVVVaIUXEYRAjnjQ4tBu5w
Zymbios Logistics Contractor AB,ChIJJ5Vgag0NXEYRehQNj_5hKvU
AB Allson Kyl & Fryslager,ChIJZZJbfN6AXEYRU1pl9YYWOyQ
Kumla Logistikcenter AB,ChIJv8ArO4UNXEYRaqOc8aohm1s
Essinge Rail AB,ChIJOUFaZUo4XEYRkrjuIWwsjSY
3p Logistic Ab,ChIJ0ejF9tiLXEYRee50-5Vs0Hs
Bring (Bud och Express),ChIJV5aPM01rXEYR2K98qnE3hGU
Jetpak Örebro,ChIJG1syOG0VXEYRPfUkGkDioqs
Sonat AB,ChIJwxAzD94VXEYRhxs9xAHFNFw
Pallkonsulten,ChIJTfI42scVXEYRxky2sRhUQiI
ScandFibre Logistics AB,ChIJAbTafsEUXEYR-H5iivvThe0
ACX Logistics Örebro,ChIJq8Ogxj2uBqMRuSCuMJsUMTk
Kroppshälsan i Örebro AB,ChIJV4DIBeAUXEYR3KKE8k-ikks
Afasihuset,ChIJ0zbg9R0VXEYRE4dQLZSni3A
Apoteksgårdens Kognitiva Center AB,ChIJ9ZvRcfuoXUYRQpWQQr_dYv4
ENP-Teamet AB,ChIJtbuSVksVXEYRwLRlOI2Wydo
Svea Vaccin Örebro,ChIJyTXh7uIUXEYRkvjBrl2EeDA
Doktor24,ChIJcyVxiKQVXEYR2mMkFrHXgjU
Hälsokliniken I Närke AB,ChIJqYte7WMVXEYRtxyk5GulVZQ
Capio Vårdcentral Lekeberg,ChIJt696W9VvXEYRrWSzspRU_pQ
Kronofogdemyndigheten,ChIJX_OWDx4VXEYRGUa5wCK7EvY
Tillväxtverket Programkontor Östra Mellansverige,ChIJn5dpI-MUXEYR71z29HLHpOA
Haga (vid Kubbetorp),ChIJ_1kjLiqpXkYRMCmJyYK65cs
Lilla Grodans Loppis,ChIJSxp6IkQXXEYRSuJIp3UNtOQ
Heat Örebro,ChIJrTXESW8VXEYRohBnTacXaFk
Henkas på Aspholmen,ChIJgbX4RXYNXEYRzCDJIZQ2wm8
Restaurang Ratten,ChIJBRZAq5qJXEYRdbrMkP3BBkw
Dollarstore,ChIJ5wn5GbqHW0YRu4iOMHyMiL4
Lågprisvaruhuset Mejk,ChIJ25_W9atOXEYRSF5dTLMWcws
Megahuset,ChIJF9pI8WwVXEYR7n0tHdD0X48
Great Security Sverige AB,ChIJdQn4s-YVXEYR-rQezi6N9oQ
Axet Lås & Larm AB,ChIJJai4d-MUXEYRUZEIGg3HweY
CERTEGO Örebro,ChIJO_FOhsYUXEYRBakVOmrfnGQ
Låskompaniet,ChIJzbYMHuMUXEYRQTFeGR03uaQ
ColorGlo Örebro,ChIJk-zjZzYVXEYRxr97_CX8whg
Talby Fastigheter I Odensbacken Ab,ChIJq6qOhFcUXEYRUFAq0zXEj1k
Rasmusbyn,ChIJZxljN1ZGXEYRXCuMQvl2-gg
John Ekströms Bygg AB,ChIJAQAAUFEUXEYRkzXTPY8icLc
Stångåstaden,ChIJvTci9zNvWUYRJgXMI_gjC7E
Hjälmargården,ChIJ4RS-UeimXkYRggi1NEQDUtQ
Kvartersdoktorn Sverige AB,ChIJe2DTHWMNXEYRc0cK_jARDsw
Cambrex Karlskoga AB,ChIJJ2tJlhSKXEYRBix4Eoy_e1E
Teknikprogrammet IT,ChIJfS934zCKXEYRdDvJSByoxww
Jan Dahlbom MarkKonsult AB,ChIJ5RY7O_SIXEYRVB7G4jycOkA
"VarjeSteg Löpcoaching, Örebro",ChIJaVTPM6YVXEYRkZuBRZzSnq8
Cityförrådet,ChIJof6fD4cDWkYRtFUhAHbJG1w
Servistore Örebro,ChIJM1UAkcYUXEYR9tG87-tTMDI
Prinsens Lager Kristinehamn,ChIJqZulNQeRXEYRolq_jPLzmeA
Askersunds Markiser,ChIJj3vpdSWLW0YRLgfp1uQZhKg
Moogio Örebro,ChIJgbromLoVXEYRplbqo4t3Zko
Kopparbergs marknad,ChIJ_wx12keoXUYRJbeUeEOPegc
Örnsro koloniförening,ChIJyS5xq9wUXEYRA1cOmNLTFgk
Sagoslottet Örebro,ChIJlwwtw58VXEYRmNxAxiPzGKQ
PK Pump & VA-Teknik AB,ChIJKyFcjZzzW0YRVwwEfutPSUA
Systemservice i Örebro AB,ChIJhXRh4QdqXEYRHtn29C6nULo
Swecon Anläggningsmaskiner AB,ChIJI3EFH0oUXEYRIgCmYc6KqLc
Närlant Import AB,ChIJs0BSu2cVXEYRDnNNV_RjU-o
Emhart Glass Sweden AB,ChIJU9pr2qoVXEYRIE_PBnhz0sA
Burbage Maskin AB,ChIJAQAAAF_yW0YRzk9gtUR9e4k
Hako Ground & Garden AB,ChIJleFFXmgNXEYRhC-XW-t7-O0
Loab AB,ChIJ9fqRUP0UXEYRYm4gYqdq1LM
IMH Service AB,ChIJV-gd0vyoXUYRlLjDNwC09No
Ramirent AB Örebro,ChIJeUwDJswUXEYRV1WbuRNDBKg
Sven Skoglunds Mekaniska Verkstads Aktiebolag,ChIJewbUMvWIXEYRSF8GhFfASqg
MOBAB AB,ChIJz87G4CVwXEYRBBgv8jLp_d4
Carlhag AB,ChIJSS-5eQEVXEYR61GRvSJ0ylQ
ASSA ABLOY Entrance Systems,ChIJHUWP48YUXEYRMYON4IlEMfk
Jonas Englin Consulting AB,ChIJgzOGI6c5XEYRpV0Dj3GFzNI
AC Maskinservice AB,ChIJnzDFvlhFXEYRTMSi8AXcTXk
Broddson AB,ChIJA6D-bcncW0YRxxSMNgwI_64
RN VERKSTAD AB,ChIJ8a2gPoGIXEYRGJoW9NJ5L6M
Maskin System Europe AB,ChIJ2bYqCWgVXEYRWVVtrJSmvP4
Krankungen,ChIJPfRoT-GHXEYRnNA51MkYaNM
Geoservice,ChIJdcIa8kwVXEYR_nzGyy0UITQ
LIF Miljöteknik AB,ChIJGbKuyD0VXEYRv4oCBvprKQ4
Massage i Mullhyttan (kolibri Välmående i nuet),ChIJV3NU9aN7XEYRlWD1Z1Vpvek
Massageakademin Örebro,ChIJeYJqBxwVXEYREEgxFXOSQGU
Happy Feelings,ChIJox8I-amMW0YRaUdqu68_WUo
Örebros Kinaterapi AB,ChIJq6raK_0UXEYReQZrTcB7AFQ
Massage & Hälsocenter,ChIJPZu22N8UXEYR2f0puUngHiA
Maria Elvi Massage & Friskvård AB,ChIJTd6YxuMUXEYR8V5jwcy4Jjk
Johans Massage & Hälsa,ChIJO3jo3hwVXEYRY4yAmZsUc84
Mariels massage & yoga,ChIJVVXp8nANXEYRdp86uUzCdk8
Min Massör i Örebro,ChIJoasSsx0VXEYRuIyC7CxtRIM
Ingelas Massage Och Friskvård,ChIJA1ygVXYNXEYRpq_-BVXdCVY
ERM-en riktig massör Askersund,ChIJvTbxBb6NW0YR3oytKwGlNWk
Ånäsgatan Kropp & Själ,ChIJa-EFoHoVXEYR3Im-TDrOa_I
Thanyamassageterapi,ChIJC7b9j68VXEYRlr_xWoTCkUU
Alexandras Massage & Välmående,ChIJVVUlI8QUXEYR-mkWXBQ3wjE
Massera Mera,ChIJAQBAGsQUXEYRz4vOmbaEJXI
Annalena Philipson,ChIJNcuaouYUXEYRKJKrIUKZfO8
Ulrika`s Health Trends,ChIJKdVKw6fdW0YR0DUNuC51qvw
Emmas Två Händer c/o Emma,ChIJ2620XvwUXEYRq1PcmauiT4I
Magnus Muskelhälsa,ChIJBb6kL-AUXEYR5sEowMrHGKM
Equiopat Ellen Johansson,ChIJcTKKYrvHIQ0R5GTsdimmnC8
SportMassage,ChIJ0cUvuI0VXEYRlD1PlBnKElA
Optio Kumla AB,ChIJMT98AAwNXEYRYlBrdUF-w74
Full of Life,ChIJ0ThzcC0VXEYR-Tde6D8yw6w
eh Friskvård,ChIJpXFRfdDcW0YReF9-yuWBTBA
Jannelunds Gård,ChIJUeFOupR6XEYRgf1b-JdgLYw
30 Tum Farm,ChIJY7wFGB8NXEYRbTIpjjlPwL8
Dry Pantry,ChIJTSpI0P0_6SARAXFq_6TJfo0
Ångtvättbilen Örebro,ChIJJ34QX8YUXEYRUfdwTKMUef8
Bångbro Folkets Hus,ChIJR0S27daoXUYRMoPu3YBr1fQ
Bergsgården,ChIJPRUHPev3W0YRRicNOuwihlA
Häftdesign,ChIJY_A712gNXEYR9oaA4P4k5oc
Jordbruksaktuellt,ChIJId5Q2sMUXEYRfmTodABPABQ
Clearberry AB,ChIJAQDMiyMVXEYRMkEb-EvQ_SA
Blockbuster,ChIJ1zEpd-MVXEYRAO18my7_Cc4
By Wind AB,ChIJqfjFeDLdW0YRhmVQsg_PNb8
Vårdyrkeshögskolan,ChIJY3b8FktvWUYRGHb2Fd5MSn4
Pålsboda Vårdcentral,ChIJjblMTHgPXEYR1mc-d4c_TnQ
Psykoterapi,ChIJw24oUxwVXEYRRDkFqXLZbvc
Osteopat Jerker Ståhl,ChIJwV_TmqIVXEYRg2BQIcHE68w
Falck Rehab,ChIJlbDFyB8VXEYRK6P80o4xaS4
VaccinDirekt,ChIJyxF9mWwVXEYRdoS59CEsY70
S:t Lukas i Örebro,ChIJHcR11fwUXEYRiqgugK_gQ9M
Maria zonterapeut,ChIJbyDXOEB6WUYR294bOsGmc1U
Min Doktor Vaccin Karlskoga,ChIJZ-ifj1aLXEYRqY51BWqbv1Y
Mediaproffs AB Örebro,ChIJWXouvZAVXEYRwwHeREw8-iU
Berggrens Maskinservice,ChIJgR6gCKpsXEYRFYbGkOxNpPM
Bista Bilservice,ChIJISJ3N5AVXEYR7pwP_vFX6ho
Ånvalls Fordonsteknik,ChIJbzNggPURXEYRPW_BUDiuw7U
Guldsmedshyttans Mekaniska Ab,ChIJ06v6_6ZSXEYRI0MJ9nfJSK8
Degerfors Verktyg AB,ChIJZVuegvGIXEYRnPB7pvmIdI0
Hardface AB,ChIJnQXVBkCKXEYRYRLCN7DGqEo
mercedes-benz at Sture Sohlberg Bil och Motorservice AB,ChIJAQDwiEyKXEYRHNpdYHC9-Uo
Veho Bil,ChIJ1RHCuLcUXEYRpRiUF3Lg-uM
Outokumpu,ChIJOSXELPKIXEYRYADKaTScE2Q
Industrilackeringar i Hallsberg,ChIJsQksxmYMXEYR1t42uppXV7U
Nya Bista Industrilackering AB,ChIJZapJx8oUXEYRzW5VOWASs_c
Sågbladsfabriken Stjärnsågar Ab,ChIJt3C7BtmoXUYR1uWxQDHn9Hw
Itaab Trading AB,ChIJI8wuCBcTXEYRxXfLK-NXHUg
Galfa AB,ChIJu-unmKWMW0YR_dAxOSNYwiU
Linde Byggmaskiner Ab,ChIJ62OoulNJXEYR2mvspFvsxAw
Bångbro Hantverkstad,ChIJBVPJRq6vXUYRg4eTdN5mAJ4
Walfridsson's Skärservice AB,ChIJyWAOzXERXEYR_E7WLB92Hko
Pacos Marieberg,ChIJ50hUZEkTXEYRq6lcNdR0L30
Mobizone AB/Netzone.se,ChIJjRkhrwMVXEYRuTdvCCnz0Tk
Telia & Care and Repair,ChIJ6VFLDEkTXEYRzpPSaOGuv14
3Butiken Marieberg,ChIJh48qd0kTXEYR0lgZ_HT0FRo
Tele2 Marieberg Örebro,ChIJpXgHSosTXEYRWmv0ZkfTZDo
Telenor Sverige,ChIJkfKgaEkTXEYRoZvT44ZLIiE
Dialect Örebro,ChIJmzYLHuMUXEYRyQQCSh7YTf8
HappyPhone Örebro,ChIJPy0rPggVXEYRmGX2-3PiSJ8
Nadias Design,ChIJB7GcneQUXEYRxURVmzr_PF8
Macromould Modell & Form,ChIJAQAAtCqpXUYRZcuzKJ1bUQA
Leksaksbilar.se,ChIJ1d7Sdm0VXEYRaJ4Z-lO3U3g
Örebro Moské,ChIJNR18ITgVXEYR1NTCtsNFCVA
Sannakroa Motell & Restaurang,ChIJZa6ZgBtsXEYR4JKLWKFqfPU
Hedströms Motor,ChIJDX3h26mMW0YRmMOEPxl4Dbk
mcservice.se,ChIJb0ts8-xXlQ8RYuwWUZLR2w8
Levante Sur-Ron i Örebro,ChIJ36ecnp4VXEYRT1hbd8xASfg
C Ljunggrens Motor AB,ChIJpQmnlcRhXEYRHuM1xcPhCqA
Gerhardsson Motor Ab,ChIJTSRhKZYNXEYRk8ZxWImGS0w
Örebro MC Service,ChIJ6SYWMf0UXEYRaFeRtqewZ9k
Custom Racing,ChIJ5UVOSFYUXEYR8Ei5StLns_I
Speedwayoutlet,ChIJIfLiWvYNXEYRAQvloze_c4s
Anders Murare,ChIJIekoD-crWkYRSvHIGnt680w
Örebro Mur Byggputs,ChIJeRdP1EdrXEYRPl28ALO7SPY
"Knalla Gruva, Zinkgruvan!",ChIJA5iroaXxW0YRUvQVy3Oc0eM
Galleri Örsta,ChIJjbVkmygNXEYRvARi1gyXrLQ
Övralid - V von Heidenstams hem,ChIJd_dCOuHpW0YRsayGzaxPx-4
Industrilandskap i Bergslagen,ChIJSYm1AuJLXEYRF15ymk64B9o
Vasselhyttan Bygdegård,ChIJSR8gDnmyXUYRWXAOitj9yOk
Lindesbergs TURISTBÅTFÖRENING,ChIJP-YNW1dJXEYRPTIWIUt5TIg
Stenarbetsmuseum Yxhult,ChIJD053EgsOXEYRMw5SHZ898JQ
1869 Gruvstrejks Minnessten,ChIJ8XkxKQ7hXEYRsTEtm3cj56c
Stjernsunds slott,ChIJ7V9RK8pOODwRP5tVXfSp02Q
Garphyttans Industrimuseum,ChIJpRYWfVVoXEYRAhkYTrywAtQ
Dylta Bruk,ChIJNxgrC2o_XEYR9YuMuRRcO6U
Svenska skoindustrimuseet,ChIJafe4N3YNXEYRyySk2s_RtUM
Örebro Läns Idrottshistoriska Sällskap,ChIJtR2mXuIUXEYRu9YISfgFXME
Järle Station,ChIJx1peAoxGXEYR6a_857xf9I8
Intresseföreningen Medevi Brunn.,ChIJI8rL0V3pW0YR7bMyQ4P0Sj0
Rostugn,ChIJBzJKLecDXEYRGqmW5CMGKCU
Långbans Gruvby,ChIJq5ext5wfXUYRvLDxxKty0Gg
Svenskt Porslinsmuseum,ChIJoxlktEblW0YRNJY70Lcu4TA
Musikbörsen i Örebro,ChIJiwoxppsVXEYRyZXBjCkI9EY
BERGSLAGENS BLECK BLÅS VERKSTAD,ChIJVVUJmFxJXEYRPOgzyzC_ZGk
Music Music,ChIJ7fa7vJoRXEYRkQk2EkBtNZc
Soundcase,ChIJj9TW6Sk_XEYRj8tev2DeTDQ
Karlskoga Rock och Bluesförening,ChIJ2-cXjj6LXEYRmHkcwEuJyEA
Christopher Galovan Music,ChIJ7Zizi1ZrXEYR2U6wDG_bNe4
Björn Hansson,ChIJeVs7402joS8RrueE4jkgOQM
Claviastra,ChIJefrRCkcVXEYRnGuIo5dIskY
Sångverkstan,ChIJ79lgIrsUXEYR9BtDThZNgHk
Balsta musikslott,ChIJ_eonjcLyXkYRHmTw7t6-_YI
Musikskolan,ChIJBbYZOe9PWUYRkWd1BT9DSw0
Rytmus Örebro,ChIJe5fXWCcVXEYR8ZDtP8XBSss
Svensk Mynthandel,ChIJDcZWCCWKXEYRgwo3M2z5dQM
Närke Måleri AB,ChIJS3-Uvx8VXEYRSpwIQNizPGc
Örebro Måleri,ChIJEflZhBoVXEYRACKTmuU41Q0
Hedström Måleri Ab,ChIJGVFXy_UUXEYRyWEtO7MoiUQ
Mt Måleri AB,ChIJMfWXBGXzT0YRoyFkghiH8GY
Svela Måleri Aktiebolag,ChIJleFFXmgNXEYRbdW7NO0tbvE
Ssan Måleritjänst Ab,ChIJq6rJfExpXEYRwIcFKUfp1hY
Bettorps Lack Och Plåt Ab,ChIJy-4NPowVXEYRsRie_WVtU48
P & Ds Måleri AB,ChIJuf0BUj0VXEYRa2zTbs_gW2A
"Målare DM, dina målare i Örebro",ChIJCXyf4B0VXEYRDPPxhLMa_TE
Krafft Måleri AB,ChIJp5rOC_sUXEYRpZSdnQUymdw
TH:s Måleri AB,ChIJOwO6WfwTXEYRp_Hdj9mu95k
Forsberg Måleri AB,ChIJJ34QX8YUXEYRhldOEVhWlDo
Jacobsons Plåtmålning AB,ChIJVVVVVWEOXEYRCZhb356v0hQ
A Davidssons Måleri AB,ChIJ42G8vSPdW0YRsC215fZr_w0
Roger Anderssons Måleri,ChIJAVTg7ibdW0YRuTFw8NwjfuU
Sandå Örebro AB,ChIJs6fC080UXEYRvddJxj-KWjk
Karlskoga Måleriservice AB,ChIJQRgIpcGLXEYR20ddJovxVvM
CE inne.ute i Örebro AB,ChIJq0pH7uIUXEYRc5jUVIWptWo
NordDesign Kök,ChIJm1OGhcYUXEYRuzSBDFiSoNc
Svea Home,ChIJqcZKMkNrXEYRoyt7CfqqSXI
RS Möbler AB,ChIJFXbmIQoVXEYRCj05JVpR3Dk
Garderobsfabriken Sverige,ChIJWVoeQM4UXEYRNHqROgkD5Qg
Möbelmästarna i Örebro,ChIJv-RjGBwVXEYRmQ2t4VJIEkk
Em home Motala,ChIJY-504C7DW0YRxthyjpSZIpI
Trademax Örebro,ChIJPdtJnsMTXEYRTBN8wHXidA0
Mio Örebro,ChIJrWdPvtEUXEYRB7ofCI3rjhI
Svenska Hem Möbelcentralen (Degerfors),ChIJL8nYJfWIXEYRcaKxEpnMwSY
IKEA,ChIJH8YVtxQTXEYRpUhy1mINx3w
JYSK Karlskoga,ChIJSTi-ro-JXEYRa0BaV77Shzc
Thogra AB,ChIJW8cSsC4VXEYRlrzT6oyTYbc
Indeno AB,ChIJAQAAABeGW0YR0kw3sdbIeLk
Läderdoktorn i Närke AB,ChIJZSNREbl0XEYRtfnm5-WBSpE
Leienbergs Snickeri,ChIJ80LJfaQVXEYRYbTVn3kw5To
m.o.m,ChIJI2ZTR9wUXEYRqCQlEwzx5UM
Kroknålens Tapetserarverkstad,ChIJL8F9FE6JXEYRAdcQv-uAcoI
Family Nails,ChIJmUhGzeIUXEYRl8LirRxa-XI
QS NailSpa,ChIJpxx3togVXEYRD4VqeEE79QM
Nagelproffs,ChIJZ7L43scVXEYRnVBFknKMZvk
Novina Nails I Vågen Gallerian,ChIJmXIBjOMUXEYRH16AsmI3MDM
Grythyttan Sektion,ChIJz-8jV_P8XEYREme5OXI1DTo
Villa Strömpis,ChIJ7aeD9OIUXEYRHyhAHY68Sus
Nivå,ChIJ2XVNeeEUXEYRB8FHwdMt8K0
Puls Nattklubb,ChIJpxDq-zU6WUYRXvD3fqef9Do
Platens Bar,ChIJ3VKlICVvWUYRjOnp996gp3M
Ritz,ChIJd7a8f-EUXEYRXiUui92PlaQ
Stadsparken,ChIJjZwWvFeLW0YRKX-GuW_b4qI
Fjärils- Och Humleträdgård,ChIJd0aVyGmKXEYRyyfkltiqxXs
Stenbäcken,ChIJ31m5OvxkXEYRRoPFWJ2zRHU
Nissan,ChIJVVUFTpoSXEYRFbRsDELXnSQ
Advokatfirman Notarius,ChIJWwlzcl0VXEYRFqTOyE2pDlg
Direkten Nora,ChIJsem4Vl1FXEYREvqG-JKVRxM
Pressbyrån,ChIJV0UhMeIUXEYRo-6GbNlMYfQ
Östansjö Livs By Never Closed,ChIJi1WCRAB1XEYRaSGM6_N5gRo
Chocomondo Marieberg Galleria,ChIJxxzAH2UTXEYRmxQI5s5XUnw
Frendo i Hallsberg,ChIJd54t3Y4MXEYRc_CurfDejoM
PLOQ,ChIJfQY6pc2NW0YRC3q06DHgd9A
Välkommen in,ChIJG_NsClENXEYR9Z0ZZFO3yYY
Handlar'n,ChIJ5S4LToPzW0YRfcp26u_HUSg
Kulturaktiebolaget,ChIJQT48nx0VXEYRZQDWP0OqAiQ
Nora Folkets Park,ChIJVRSGSkRFXEYRa4SId4-Kzhg
Degerfors Folkpark,ChIJ_ZFJvYmIXEYR6VJIdyvSLqw
Örebrobiljarden i Örebro AB,ChIJl_Zl-B0VXEYRmkAdyAE676w
Statens servicecenter / Försäkringskassan,ChIJg_HHbUYVXEYRmfPKEtrZjHk
Svenska ESF-rådet,ChIJtZZpI-MUXEYRFxDEPTTs3Qg
iKARLSKOGA,ChIJTfGdXL-LXEYRF14nbwOwNGM
Qstar Energi,ChIJq7A4GsQUXEYRTr4HDbm3Hzo
TäbyPressen,ChIJ4RHL_TttXEYRoEuJjSChMXc
Opera på Skäret,ChIJg47NyDyoXUYRSnjOm9JmqbA
Aoptik Askersund,ChIJ468mga-MW0YRQ_xqIhsptvk
Optiker Seger - KlarSynt,ChIJG_ntD3cNXEYR0zK6WzJiNeM
Optique KlarSynt,ChIJk_kfvOMUXEYR1nhQiU67yJw
Optiker Smarteyes Örebro,ChIJBceWy-MUXEYR0pP-LY5VSaY
Mega Optik i Örebro AB,ChIJF9pI8WwVXEYRXpsf8kje0fg
Örebro Optik,ChIJg9uiLBsVXEYRDEMSmtlbVmU
Optiker Sten-Erik Andersson,ChIJOfgm9rIjWUYR_UfR2ZQDugo
Kafa Optik AB,ChIJrWOjQdHcW0YR16qEh9ynf8U
Specsavers Karlskoga,ChIJ5XWzEj6KXEYRMf6SrlWIr3E
Synoptik,ChIJvRcZn-MUXEYRE-KXPUlbn60
Memira Eyecenter,ChIJY9YhVeIUXEYR7aRhEJzTc64
Synsam,ChIJb_vDP2hFXEYRrq2ehIDkQSU
Gott På Foten i Örebro AB,ChIJGcF8tqMUXEYR3jYEW6V1UdE
Örebro Ost,ChIJdzCeCOMUXEYReu5UDKdNdGU
Ryggakuten Väst,ChIJxRr_4lpJXEYRyTEUz_OiYro
Sabine Stage - Osteopat D.O.,ChIJiWGYX5YVXEYRXHLbLW_YryY
Al Dimashqi,ChIJqaXbJPcNXEYRZNmuLtuubi0
Mullhyttans IF Padel,ChIJ1QdImz97XEYR0S3OXPGyNys
Manges Padel Garphyttan,ChIJ5dUXA2BpXEYR_7DowRZk3GA
Padel Zenter Örebro,ChIJzWSS9WhrXEYRdheP-kxhGYY
Kumla Padel AB,ChIJE1WO3AATXEYRZIJWXAMm8Vk
Frövi Padelcenter,ChIJ9yB6YI05XEYRyjgkJpXLSMw
Padeldjupet,ChIJT7oUt6cNXEYRP9u_3I2ldno
Trailer park paintball,ChIJTSaQ2HdpXEYR6VnGt749bLQ
Örebro Paintball,ChIJQbhVEHkVXEYR3Kr2N_0EIr0
Chaos Paintball,ChIJPeIKdQsUXEYR2-GK0Ow32IU
Sefina Pantbank,ChIJ55GJYR4VXEYROv54pKul1-8
Pappman AB,ChIJd0xG_EsUXEYRURpKkWA5Sus
Kontorab AB,ChIJUbnPa8QUXEYRnG8Y5tjASgw
D&P Parfym,ChIJXYzQ0eQTXEYR_o34sCA2oBU
Lizas Parfym,ChIJIzIqklpJXEYRLEGl3w2D8ds
eleven,ChIJ61FLDEkTXEYRDLcderKF6UU
Stadsparken Kumla,ChIJJeF0qsINXEYRSQgSZN3dRI8
SHG Seniorboende,ChIJHcR11fwUXEYRI31-mcpWsw0
Lugnets IP,ChIJLz2XCJYUXEYR_MYWDxJgs8Q
Togga Entreprenad,ChIJAQCsaSDjW0YR6W1Gl8iXRCk
Loviseholm,ChIJf_NlUhdsXEYR2iE3u_YhxDo
Botaniska trädgården,ChIJNxqCHjYUXEYRMLmDFYaxWLE
Parkering Örebro C - Örebro | APCOA,ChIJgY1Hux4VXEYRWyuS8N0X1JM
Husherren parkering,ChIJkWObL-IUXEYRYkqrGE3Es1s
Parkeringshuset i Gallerian,ChIJbQhuk7fyXkYRy_trsSJeVvI
Aimo Park | Åstadalsvägen,ChIJYX2fHygVXEYRjGn_PXPPtMI
Tappstället,ChIJZ7x7I-gUXEYRrlzmqFqzCQ4
Gustavsviksbadet,ChIJv8I1wukUXEYREzQiW5qCFOk
Tactical IPR AB,ChIJD9-OPx0VXEYRrxKVZ6TgpYQ
Ria Money Transfer Agent,ChIJgb34MviLXEYR8j5VzB03PaI
BIM-HR konsult,ChIJLTmniVtFXEYRSy4GzC-uTD4
Montico,ChIJ5_QWnxWKXEYRMMWGKx5P9rA
Förändringseffekt,ChIJM7xOQcsVXEYROFDF--j5eBc
fitbyjoel,ChIJ6YCmVXMVXEYROYIkQB6y1Ds
Refitness Ab,ChIJVVURyeMUXEYR-Wh9eUYO1qU
Training for Quality - by Meyer,ChIJ1e_Uf5gVXEYRRQ9MLjr__Zc
Oscar pt,ChIJneT7lwgVXEYRQKA3jW5bQe4
Repeak,ChIJqRsY5twVXEYR1m-t7ZbpMYc
Alex Hälsostudio,ChIJ5xiTtwMVXEYRvWHRmlAN5zQ
Reach Your Goal,ChIJTSFXch4VXEYRMWJMOAQxYbc
Simma med flyt,ChIJowiZctAUXEYRq4N7at9qjHs
PalmrothTraining AB,ChIJIy3eV3MVXEYRpgXDKOxjnxg
Carl M Lundh Örebro,ChIJE7xT3AIVXEYRiASX3bENhfM
Pingstkyrkan i Kumla,ChIJIWxELnENXEYR2B_on1Y3kU0
Betaniaförsamlingen,ChIJdbIAlpUbXEYRUOPzZPhtK4k
DIFpizzeria - Degerfors,ChIJ02tTKuCJXEYR-CXwk3oiDjg
Restaurang & Pizzeria Falken vintrosa,ChIJhYaG79VqXEYR5ihj6B2kGqM
Nillas Restaurang Frövi,ChIJySva5Eo4XEYRYa5h0xWpybw
Nora Pizzeria 47:an,ChIJ5Xn0DGhFXEYR8Xa1Qwsk0g8
Köket Restaurang och Pizzeria,ChIJk7ReTDwVXEYRxicM69-0Hu0
Pizzeria Glada Laxen,ChIJhTRPfKF8W0YRDQnIugwxaGo
La Pizza,ChIJ-yuNLhsVXEYR2tNrkTliwj4
Pizzeria Tre Kronor,ChIJB3UCPt4UXEYR7otE66Tonoc
Restaurang Parken,ChIJ9fMPmboUXEYRdf-GJi4b_tY
Sörens Vedugn,ChIJs3dYE4QVXEYRxIYXV9rmkzM
Pizzeria Napoli Borensberg,ChIJq6rms3jgW0YRDXN2tQZSO_k
Ekeby Pizzeria,ChIJY9T2NIQRXEYRG1oM_DGHEdQ
Pizza Hut Örebro,ChIJGz88sdEUXEYRgMNjbdzAsEM
Lokus Restaurang - Pizzeria,ChIJY3HIBuQUXEYReuFOn6mTnl4
Duvan Pizzeria,ChIJpUZF4I8MXEYRoRonMrMQua4
Viking Pizzeria and Salladsbar,ChIJo1LeRPwUXEYR_XX4i5vqUjY
Pizzeria Babylon,ChIJA1LVhmhFXEYRjgGGWg8rMiU
Pizzans Hus,ChIJCZFSt4z8XEYRxPqE0fWOhxA
Pizzeria Canaria,ChIJM56OuHUNXEYRomcXMKlQdl4
Pizzeria Sandviken,ChIJgckXf3OKXEYRDPipZk_ZgyY
Pizzeria Rimini,ChIJw40FWCrDW0YR3ZWTGMhtcqM
Pizzeria Mona Lisa Kumla,ChIJ1Ql4aXcNXEYRbTpGAxbkM4Y
Trädgårdsväxter AB,ChIJpQliOZwUXEYRzQjHjK_RfX8
Rönne Trädgård,ChIJr6oFl1L0W0YR0JTGihoWICk
Nyttorps Plantor & Trädgård - blåbärstry.se,ChIJYW4aeITpWkYRA7GpvaID3HE
Thujor.se,ChIJJYyN2zt9WUYRRHKcnTEcHEw
Ab Plastikspecialisten Docent Abdiu,ChIJ4XNyiyZvWUYReTcw-kKl2pc
Nerikes Byggnadsplåtslageri AB,ChIJy_oggqpsXEYRGp2tj30_-bU
AB Ekonomidelar i Örebro,ChIJO27-msgUXEYRyu7utM38cco
Örebro Byggnadsplåt AB,ChIJYTr063IVXEYReJHGySW8IRo
Erikssons Plåtslageri I Örebro AB,ChIJY_RC7lYTXEYR19IwT5ThNn4
Öbergs Plåtslageri i Örebro AB,ChIJVTk0LPITXEYRh7W9gIbQ9KM
DIPAB,ChIJ_8-L1xOKXEYRx3UqCETmCSY
AB Linde Maskiner,ChIJLcdfmkJJXEYRzVBI8l9qCYs
B.Häggström's Plåtslageri,ChIJgQRGVVGLXEYRCvSosGn5IXc
Svedbergs Plåt i Karlskoga AB,ChIJN-MsyXiJXEYRn8XFIVrcWGA
Bröderna Axelssons Plåtslageri HB,ChIJr68G90yKXEYRP7Q1L5aTWRA
Kavp Vent & Plåt AB,ChIJVXr7ADKKXEYRcb5OYjgAq7A
Hermanssons Plåtslageri & Bygg i Nora AB,ChIJFSyrYj5FXEYRYDXti9trXKk
Bäckaskogs Plåt AB / B.S.P.AB,ChIJLVm2WsMUXEYRZUSgkH_IwZs
Mecvent,ChIJc4bKo5hAXEYRvh-o4okic24
Polisen Örebro flygplats,ChIJE855bWdsXEYRnKG5bsc_DCg
Socialdemokraterna I Kumla,ChIJ8wQnq4wNXEYR8HZjiRyGvJM
Liberalerna Karlskoga,ChIJs_2AUD6KXEYRngBy626Ftg8
Moderaterna Karlskoga,ChIJlTd5Tz6KXEYROmWG4wYvknI
Socialdemokraterna,ChIJVZDWIOMUXEYRt7gs_iOFt9M
Folkpartiet i Örebro Län,ChIJPbv9J-MUXEYRJzwFyaoyWt8
Moderata Samlingspartiet i Örebro Län,ChIJGZdF9Z0NXEYReMDlbbDVl1U
Kristdemokraterna i Örebro län,ChIJxV2CdOQUXEYRJUsQrCqaDso
Vänsterpartiet Örebro kommun,ChIJkzBM1uUUXEYRes_-WK-SG1E
Liberalerna i Örebro län,ChIJIVqjHOQUXEYR5YIRhnaT8K0
Moderata Studenter Örebro,ChIJz0CEdPAVXEYRLj9XORl-vDA
Centerpartiet I Örebro,ChIJuQ1jxucUXEYRmbzV5l0EAME
Socialdemokraterna I Lindesberg,ChIJWVoY9FpJXEYR11ZfVj9C3bI
"Spa o Bad Örebro - pool, spabad, kombipool, pooltak, swimspa",ChIJkbACwYISXEYRW7bZdx3DOJY
Badspecialisten,ChIJMcSIeJMMXEYRR3pbjL5jMX0
Svenska Pool & Spa Örebro,ChIJR19EQhAVXEYR1Sdnj0l4IMI
High and Deep,ChIJWbbowBA9XEYRroKsIail-bI
Porsche Center Örebro,ChIJT_eNPaoUXEYRe1E-z2nxeY4
Postnord Utlämningsställe,ChIJjRaRimgVXEYRVyonpQ40s8M
Posten,ChIJPYrVHT6KXEYRI0QGyzdPyzE
Mecdon i Laxå AB,ChIJS7TNiaKHW0YRWB_tt8qsnWc
Klinta Örebro,ChIJr8Ct_1kVXEYRmU2hYwR5P4E
Gåvokort.net,ChIJs2iOqRUVXEYRRP4zMqaLYxQ
Aldora,ChIJ9zcv5S3DW0YRdKtMl_3EOj8
Flying Tiger Copenhagen,ChIJ9bAjAisVXEYRNiIivOmSJR8
Amazing Gifts,ChIJVw-4W9cTXEYRpo9hJMKIks0
Gul PR,ChIJ31ns3tgVXEYRLdyUzA2voW0
Four Public Relations in Sweden AB,ChIJIR7LdBwVXEYRaHzfmRfeVkQ
Fridhem förskola & skola,ChIJIegWNiURXEYR3ndErAugUBU
Yxe Herrgård AB,ChIJQXOoZFRJXEYRa2SA80XYpFA
Akademi för Ledarskap och Teologi,ChIJ9VcpYFwUXEYREEgWFqkhy4Q
Cambio Welfare Systems Ab,ChIJH6csltHcW0YRp6SN_m3x9AA
Mjukvarufabriken,ChIJ7_EoRWgNXEYRSDiDk_cKSnA
Notyfile,ChIJ65Gpz-MUXEYRroeswgChpOY
Skolado - Enkätverktyg för grundskolor,ChIJY5wiQ2UVXEYRLbewW5pxQ2Q
Ancon Örebro,ChIJ8WQvCpMVXEYRcYhjKlKx_mM
Sveriges Begravningsbyråers It,ChIJs5Cz6h0VXEYRtNgvOfi200E
Spintr AB,ChIJfZcZf-EUXEYRO84Ztrr4lL8
Tietoevry,ChIJ4XK9zxsVXEYRUvS3YmEiJyQ
Sigma Technology,ChIJN8jb4xQVXEYRzv7zS28CNfE
wec360°,ChIJL1OsYOQUXEYRRIMWuNwEM1A
Online Group,ChIJXxE4X0ARr44Rb7Kc9EhRdm8
Gasolautomat.se,ChIJ5bCXIf4VXEYR6Q1vviux4cs
Gasolproffsen I Sverige AB - Gasol Gasolgrill Campingkök Örebro,ChIJeZTTrP4VXEYRhTr-eDbfYrY
Gasolfyllarna,ChIJB85yVVUTXEYRC09KzcBkABU
Cognitiva KBT Örebro,ChIJTXQmxtYUXEYR84yk240Hl0E
Annika Valentin,ChIJq6p6B-QUXEYRro2xG8lYCCM
Öfwerström Psykologkonsult AB,ChIJt1bwGo9rXEYRCu5_F0E5pJc
Kungsplans Psykoterapi & Handledning,ChIJMSaj28MVXEYRiLQfrcL7ju4
Psykolog Joanna Wilkås,ChIJR6gBTuEVXEYRJp_NA42MJKk
deleeuw-psykologtjänst AB,ChIJtSjrsQsVXEYRMqukrS0sRGY
Psykolog Kamsties,ChIJVdKPBrkVXEYRv5Mo4nC5Oi0
Barrington Lindh Psykologi AB,ChIJQY05FE0VXEYRl_EulMRhrIs
Psykolog Maria Klimkowicz AB,ChIJ____r-cUXEYRxN7vUG1z6YU
Lisa Kugelberg Psykologtjänst,ChIJx2PSlQsVXEYRl5W5PNnTgzQ
Psykolog Annsofi Eriksson,ChIJg3P2HF8VXEYRaEmcEiPdqBk
Svea KBT Linköping,ChIJvx9CtXpvWUYRpmooPsk1dr4
Richert Psykologi AB,ChIJpa_hfF4VXEYRKbDPnfT4AfM
Örebro Psykoterapi,ChIJKzdd_A4VXEYRPBc3OrgGSGs
Carin Reiman Psykologmottagning,ChIJMT4zF-QUXEYRqUETpL7z6cg
Kilsgatans Psykoterapimottagning,ChIJvbZSyR8VXEYRTQ4uvOTmYNg
KBT Psykoterapi Ann-Britt Stigfur,ChIJm6hHF-QUXEYR-mScdmLFocM
Connect-us,ChIJ__8PrOMUXEYRoDdz0UgSsDA
Contactvis AB,ChIJL1OsYOQUXEYRoIXh5mujihs
KBT Allians AB,ChIJH1_I758VXEYRmiWQAagLdDU
KBT Parterapi Psykoterapi Leg psykoterapeut Hélène Stolt,ChIJF070azMVXEYRWuliPEKF238
Familjeterapeuterna Syd Örebro,ChIJM7yWRREVXEYRW63mHKYjCk8
Proaktiva Kognitiv Psykoterapi,ChIJdxOQ4B0VXEYRquhRCEBJfoQ
Relationell Terapi – Psykoterapi i Linköping,ChIJAQAsTyRvWUYRMB6mJUb_bXk
Forsberg Psykoterapi,ChIJc0qPClt1ua8RQbzVeIUddIw
Red Brick,ChIJkfWQlzuKXEYRAr4-XxX6oSo
Lion Bar Örebro,ChIJ_____-IUXEYRCM2ZA-CcqlE
Strazza,ChIJzZVKymsNXEYRB9l9fPCwxU8
Miinin Racing,ChIJAQAAAHSIXEYRI1Rqr2NMx2M
Degerfors Motorklubb,ChIJkX5abMuOXEYRV3F47o2hm9U
Hallsberg MK,ChIJtev1uBgLXEYRHHffl6nsfyA
Sveriges Radio Örebro,ChIJj8dq1uEUXEYRoqidZuzvAKQ
Hälsocenter Örebro,ChIJ2SRAocQUXEYRashS-v6jYHY
Melin Addiction Rehab HB,ChIJGRycobMVXEYRvBW7Rl5iYyo
Örebro Rehabcentrum,ChIJHQ1iVegUXEYR8IjtTD1EGXA
Kex Agency,ChIJ4auSAbkVXEYRRsi_-oYYDOo
media group,ChIJAQBQzf4UXEYRmaRaAVeWls0
RE Media Group AB,ChIJczPfjB4VXEYR4lkMQGxxrXc
Studentskyltar.se,ChIJb2vQIY8VXEYRUMwSknS-Z00
SDR Svensk Direktreklam,ChIJU2mOxR0VXEYRMZRLWerMcgM
Min hemstad,ChIJodfa8FEVXEYRBMLGA9-gJSI
MATCHA,ChIJa_a-L8YUXEYRxhiQJ-QwdJk
Lebowski Reklambyrå,ChIJ6ZDhxOIUXEYRTGUW7kCYUO4
LSI Reklam,ChIJVVWVtM0UXEYRccMoUT1QLqw
Pixable AB,ChIJLfZ8vBkVXEYRhXkTybKg-20
L.D.M Printive AB,ChIJqe7aUA4NXEYRgNsW0F9Dpw8
Kungsreklam,ChIJFbwU8XYNXEYRsFGUwtHdVcs
Pema Reklambyrå,ChIJQWptDIYMXEYRgFmpK5zE8_A
NPP Reklambyrå,ChIJK-T4kR0VXEYRxeZMHJcojcw
Okidoki Kommunikation AB,ChIJ4WHKSS5vWUYR6k31tJTY2mg
CodePilot AB,ChIJ0w5swWMMXEYRdFHNsuDNqYc
Hey presto produktion,ChIJT6orai0VXEYRQbVzfhFdrzU
Senior Studios AB,ChIJwbwQn-e_BGgR2oUyWH-v8cE
Nordholm Communication,ChIJLf6X8PHH3UIRnmaqcfU0bL8
Reklamsson,ChIJlbCjNLUVXEYRbvnJ7_mVxns
Remarc Communication AB,ChIJ-dnmV94UXEYRT5M6qY5K3Hk
A-hub Örebro,ChIJoZehTg0VXEYRhvCY2fECmd4
AXÖ Consulting AB,ChIJb3mLY8IVXEYR0aQ3x2HtubU
OnePartnerGroup Örebro | Rekrytering och Bemanning,ChIJ2xOn1d4UXEYRTcN05cBV5UA
Professionals Nord,ChIJxbLv4B4VXEYRF_jvMkBfX4A
Centric Professionals ab Örebro,ChIJlQTr3D0VXEYR6oHeozWn4-U
Arbetslivsresurs AR AB,ChIJVWAyEUJJXEYRRxkeSPVN0hM
Randstad Örebro - Rekryteringsföretag,ChIJrVn_dOQUXEYRM79hy8_hnN0
PerformIQ Örebro,ChIJCf_d3OMUXEYRqvUhxEbt4KU
Jefferson Wells Örebro,ChIJ2w8Hy-QVXEYR1UwPtwj2d7I
Amazing Alien Agency AB,ChIJpePq-SUVXEYR9_Z8WWKC5uE
Sacore AB,ChIJPyi6bFeDJqURP2FOVgvJEYc
Alsalamskolan,ChIJWdpEvtEUXEYR2miUN9uheXI
Renoa Örebro,ChIJRR1wnM0VXEYRbN24w5tqrCo
Biologiska Produkter i Närke AB,ChIJWdVgnLkRXEYRvKvwCCg9icA
Saxofonverkstaden,ChIJpxoFneYUXEYR2GtpogzyK5Y
OptiCal i Linköping AB,ChIJH-XVDPxDWEYRmeJrnr9fbrc
Maskinconsulting i Nerike AB,ChIJI2Gm9mQNXEYRzCzwjGpxUvc
Robustus Wear Components,ChIJBWm8KDwVXEYRxLyn2JIXc_c
M Fors Rör,ChIJAXBGBFlFXEYRYIqg54t5fvE
TM Sportstravels AB,ChIJK20Ij50NXEYRoEBnq_FaepE
K3 Travel AB,ChIJbUwm_90UXEYRGX_sIu58RK0
Reseprofilen Örebro AB,ChIJddng_RUVXEYRcQ9iPoU5CX8
Resia Örebro,ChIJHRKuVeEUXEYRAyi5TDzp2Fk
Kobolt Resor,ChIJGRpJM7gVXEYRMFXNt7WGgNA
Arthur Holidays resebyrå,ChIJucFx3pcVXEYRdHbuDoj0EzM
Lingmerths Resebyrå AB,ChIJCwbs9x0VXEYRbxxfy6q0Qls
Ticket Resebyrå,ChIJjQ9wOeIUXEYR0Rricn88gKQ
Lannalodge Golf Resort,ChIJH_zKnsFuXEYRMfrg1HFhM3k
Rastpunkt Laxå,ChIJAQBwermHW0YRQ5AaJ0d3tFY
Askersunds Grillen,ChIJWcFDCa-MW0YRwwB5p2I3XnY
Restaurang sjötullen,ChIJA78fYjiNW0YRxmrDt91Jmnc
Olshammarsgården,ChIJD9uZoR-TW0YRo1atP_TYFcA
Hagagrillen,ChIJcXE3OytrXEYRWecM9lRd680
Gubbarna På Slottsbacken,ChIJmSw7olVoXEYR9uy3o6htKYo
Fresh Food,ChIJMU9MKe5rXEYR7THj9iS3_h4
Kitchenette,ChIJWXq1IuIUXEYRUlX9ffCdDKA
Food station - Restaurang Örebro,ChIJ-f3NxuwVXEYRn6jCapIxqOM
Lana's Kolgrillsbar,ChIJUaP5g2AVXEYRUKpbu0_UvKQ
Villingestrand,ChIJtcEN0ddnXEYRoRShRUvLKPs
Pit Stop Café,ChIJE0yfXxqLXEYRLSr2Xs0U7TY
Stripabryggeriet,ChIJ9aQqb65SXEYR1q5eOX6Qk9g
The old english pub,ChIJExwLLYgMXEYR7jzSURvj0Zk
Pizzeria Milano,ChIJ8bRxjYgMXEYRyGhBB_cvJoQ
Restaurang & Pizzeria Nytorget,ChIJMbDmXI4MXEYRH5J8tReSoe0
Lakelodge,ChIJyQKcMf1jXEYRIu6ec88h9Xc
Stora Hjortstorps gård,ChIJ8fqVulkVXEYRB0EjtUXhmak
Restaurang Slottskällaren,ChIJkVDcP-IUXEYRe4BZKvQLXv0
Sjötullen,ChIJqU5h7PR9XEYR9k1k9MEnH2s
Luripompa,ChIJM-a4iXybW0YRMOdeNlk6ZQM
Kulturbistron,ChIJSfh-1zQVXEYRulbjJJpQPJs
Ingeborgs i Örebro,ChIJSzx6wuIUXEYRxhBRG5ddo2E
Örebro hamnkrog,ChIJNbAP-KsVXEYRdr_Mw3sjAxk
Dirty Taco,ChIJVTl6UEYVXEYR5UEkCa7Nc1k
Mosjö Golfrestaurang,ChIJIx_D8B0VXEYR5ISpIcZrccU
"Södra vattentornet, Örebro",ChIJp3cizOkUXEYR-lGfSsXfiIE
Restaurang Amano,ChIJlxCz8OIUXEYRbKNAhlZrOcA
Seniorboende Tallen,ChIJUTSu8LQ5XEYRPd1qLF1utko
Joan’s Karlskoga,ChIJpTmjej6KXEYRBD1vMU_pClc
Restaurang Storängen,ChIJY_S0dC6JXEYReeB8hOmXOac
Rosegarden,ChIJUzWKdzuLXEYR705gPzxQtfw
Pizzeria Amadeus,ChIJhycE5DaKXEYR8WgiKlgq8j4
Taiba Grills Restaurant,ChIJWa6QDS-KXEYRFEDQ_4BZ_gw
Restaurang Goda Rum,ChIJle_90ZsNXEYR7W9orrKw1Y8
Kumla ölhall,ChIJ5yMa3cwNXEYRioQeu2IVALI
Restaurang Simone,ChIJFZfOjXYNXEYR7y3lprDrfXg
Mike's Food Truck,ChIJ_cuxFBwNXEYRD3P3LwdJiV0
Grindstugan,ChIJFwmvibmHW0YRQp3sX3tpehk
German Döner Kebab Laxå (World's Largest Kebab Brand),ChIJTV7IN6iHW0YRanKD-1ZpWsM
Brasserie All In,ChIJ7VlsBjdJXEYRfk91BURMLGw
JME Bodega i Lindesberg AB,ChIJr7XlihZJXEYR2aut7aBY2No
Restaurang Golfbiten,ChIJpXbOaPFJXEYRWkNIj-CAMlc
Restaurang Kraka,ChIJqxvh5jwVXEYRhgcFJdUJaq0
Restaurang Tomassino,ChIJY36tTUkUXEYR9dXij8HGCcQ
Blackstone Steakhouse Örebro,ChIJ8f1_cO4VXEYRoUHMlpXHquI
Sara Restaurang och kolgrill,ChIJeyEjsuQVXEYR3tYFqZniqfw
Mangal BBQ Örebro,ChIJ7zBtPKkVXEYR8bJBH0MTYko
Njuta lounge & burgers,ChIJjQuQUngVXEYRGXD_2ViSlQ0
Restaurang Kusinen,ChIJwY_gBWQVXEYRipkNp6Czlwk
Restaurang Hargebaden,ChIJmdvVQPrtW0YROESlkURNnHc
Restaurang Pärltuppen,ChIJXyNByXCj7EMRtI18mDigkfk
Akami Sushi,ChIJI7gBB19JXEYRKZWW8ayxsv4
La Gondola Kumla,ChIJFdvQ-nYNXEYRRigbwOF1r3c
Restaurang Indigo,ChIJexqqdHINXEYRKn-U0nU8-T8
Restaurang Tre Syskon,ChIJF9pI8WwVXEYRAop3Do6WSrA
Skafferiet,ChIJd46Na8QUXEYRd0N4PuxEUnI
Egastronomi,ChIJgX76OpkNXEYRWCgnlwGPidE
Mersmak Örebro,ChIJVy0HQmwVXEYRJ23WifuMN8Q
2:a Köket,ChIJrXUXGikjXEYR0dHQkP5kzo8
CV KÖKET,ChIJw2WLt4cVXEYRJEZ49vZw8sg
Krogen som inte finns ( Kordinater ?????),ChIJjfET-5L3W0YRaKwnp2gOP88
Gro Stallbacken,ChIJrR0QIOsVXEYRynGUGCTTjLo
Kvarteret & Co,ChIJVwYKm-IVXEYRiQDPxAhDaPA
The Window,ChIJ_beLaqcVXEYRU5sE5ox6YH8
Bryggerikrogen Nora,ChIJX2cnVENFXEYRfcfRk2s5sCI
VinContoret Örebro,ChIJkz7fIzIVXEYRtd1ySaasTsI
Kappa Bar Örebro,ChIJHRIYMxsVXEYR13QDs-Q5FLs
ASMARA RESTAURANG OCH BAR,ChIJx326qjsVXEYROjpquFPbMk8
Sense of,ChIJ-5N6SB4VXEYRaOmewG_wEp8
Storgatan 18,ChIJD1oGHggVXEYRyfaYAjYbqFM
TRATTORIAN,ChIJe42_1xoVXEYRAIoSRf2zHtI
Restaurang Maxim,ChIJyzns-OMUXEYRkCVYBiPIIcA
Fatcuz - beer & pizza,ChIJlwMz_R0VXEYR3Yth2zs_5TM
Lekhyttans Kök & Kiosk,ChIJ5TSngvRlXEYRRLzEYAUbX0Y
Svalan Konferens & Restaurang,ChIJyQ4QR6QUXEYR_MCbSTkqlJQ
Lilla Svalan,ChIJ0SarNfAVXEYRR6lWMk3tg1I
Restaurang Baptista,ChIJs5gIqdmLXEYRfjYgeXQlQYQ
Kopparbergs gård,ChIJt85-8V_5W0YRn90Pmh2T1YU
Karlssons Choice,ChIJA9M10qRFXEYRG5F9juuaz10
Bürgers Växtgård,ChIJ5a7SmwoUXEYR3DurBKtRx7I
La Brasserie,ChIJ5ZzN4qMVXEYRV1PILCjXRrI
Rosängen,ChIJkdHYipQUXEYRn7yZyHCaHNA
Mon Mal Restaurang,ChIJTWmvDAIVXEYRucPFhmfjwIY
Hemma Hos Adam,ChIJxaTTG3QVXEYR3pSAsTu_FLk
Restaurang X:et,ChIJZ--SNBQVXEYRiEWDW0Goi5U
Kosheli Indisk Buffé,ChIJoeTNYEkTXEYRLmtUm5PNytY
Cantina N3,ChIJfTB77DcVXEYRqLGJA-fazok
Restaurang Sjövik,ChIJKQgSYifDW0YRfzOBZUPhu7c
Restaurang Lyckan,ChIJ7SNXPirDW0YRct87SAjo5qA
Gläntan I Skogen,ChIJL6-Iwgr3W0YRMNiG5_FjODE
Pizzatrucken,ChIJ__9rBu8UXEYRu1H5Rg_tvn8
Berra Burra's Kebab,ChIJU8Sr1MIVXEYRJy3OexRLDUc
Viby Krog AB,ChIJY-4aKbl1XEYRl9tJ13wcKBM
Della Rosa,ChIJBUWVQ9AVXEYRHu2jMO9surk
Östers Krog,ChIJG3GFzdgVXEYRA-4DrvHMmbg
Laszlo's Krog & Catering,ChIJ1_iMCy5sWUYRNVoPY9xaHFY
Kebabfabriken Örebro,ChIJ8_gmlmEVXEYR7dDPxfNENJI
Rasta Brändåsen,ChIJIUubWqd0XEYRYsyH7gHoyok
Käglor & Käk,ChIJIzVeP7mHW0YRLxrCu3WdEfA
Borgmestaren,ChIJyTJ4VKDFW0YRHabbeXw4WJw
Restaurang Tybble / kvarterskrog,ChIJXf9u8FkUXEYRMYFr8T2bJ1Y
Mocca deli Örebro,ChIJJbtmU-IUXEYRf0jdxCc48FU
The Bishops Arms - Örebro,ChIJn199QeIUXEYR9GLpklPF16Y
Restaurang Hellas,ChIJYwUsMeIUXEYR0opHCEgqmsg
Vita Krala,ChIJIVNl0KL4W0YRUifQ3N4b2HM
1 Rum & Kök,ChIJwT2cG-MUXEYRDy6YadI_7L8
Kajsa & Pinnens Bowling AB,ChIJdzwxDM6pXUYRv2qAU7yCuzM
Lunnedet Camping & Event,ChIJCxFMgreMXEYRlty_66Q7dzc
Restaurang Tillsammans,ChIJEXo6kfsUXEYRgOdTWs-Wqlo
Sommarro Värdshus,ChIJV4KZsLoUXEYRwlOBPIskTls
Enelly’s Burgers & Coffee Lindesberg,ChIJXT3zfmhFXEYR2j-jLUiPWAw
Ladugård 206 I Saluhall I Ost I Delikatesser I Bistro I Inredning,ChIJi4j0sz_FW0YRJv4OVUznBNM
Konditori En bulle i ugnen,ChIJ_cztGmgbXEYRUsqPNsKBfIY
Naturens hus,ChIJb7uqmK8VXEYRbd86mULUUf8
Örebro Kårhus,ChIJJdQjQ1sUXEYRYpVQ0YEtcUs
Boda Borg Karlskoga,ChIJa1OhVi2KXEYR3bmbaO_bZbo
Max Burgers,ChIJ_31dQLE_XEYR_XRWkvAqTc8
Restaurang Ksara Örebro,ChIJvQzbswMVXEYRIT_8Crrx-Rs
Satin Stortorget,ChIJZ2RQG-MUXEYRcuW66IB1Udk
Venezia Pizza Vadstena,ChIJSZeF76DFW0YR9VeO8zo0R4I
Katrinedalskrogen,ChIJTzkcixWKXEYR0ZGMSBYSD0g
Restaurang Sjösidan,ChIJ75-RVVcNXEYRSAhH1s3xy2s
Svampen Skybar,ChIJRUh5UxAVXEYRdlp7WwVJv3w
Vinöns Värdshus,ChIJWbcqcxYeXEYR1bMCpN7zK2w
Wokk,ChIJm9Y9JD0PXEYRIRcIP4D6kCY
Snabbgross – Örebro,ChIJD0WP48YUXEYR4H64sxeAmuM
Inre Natur,ChIJD25u_D8VXEYRWwU_KU1DZ2c
Transportrevisioner i Örebro AB,ChIJSbP-u0xrXEYR40oeZCS35sc
Grant Thornton,ChIJY6zgtOYUXEYRsHo1VHcYFoM
EY,ChIJ9UFu6nEVXEYRwJuVPbWOVZQ
Ekonoma Redovisningskonsult AB,ChIJUxy22mMNXEYR-5Mc35JekXU
BoRevision i Sverige AB,ChIJq7A4GsQUXEYRZuUXAnVi4iU
Reditus Ekonomi och Lön,ChIJQdr9Y89qXEYR-XG7CswYZ5g
RTB Revision AB,ChIJ4a5SyR8VXEYRq8Y5F8l0Cu4
KPMG Örebro,ChIJCypoaeEUXEYRN_cH4O9zcao
Åmans Redovisning AB,ChIJFf5VoJfncwwRXyto1aAaOtg
Örebro Ridsport AB,ChIJZTJ9sbxrXEYRpoKIug0bF0A
Råbylund Ridsport - Ridsportbutik i Örebro,ChIJzW-0R9dsXEYRgPg--3Sy1Hg
Hrimfaxi Islandshästklubb,ChIJIVoK75ANXEYRZgQ42_EW-3U
Lindes Travklubb,ChIJIx_D8B0VXEYR6ehwpBHyd_o
Erikslunds Islandshästar,ChIJmbYdyWFHXEYRMN-7cghqyTc
Föreningen Linde Ridskola,ChIJw0wU0_9LXEYR77S75zBhaxk
Hallsbergs Ridklubb,ChIJX96Ocyh1XEYR60NZ8YHif5M
Vintrosa Ridskola,ChIJJ8K9jFlrXEYRRnRl3BagVQQ
Örebro Fältrittklubb,ChIJPRfzOy5rXEYR1MQsZgH3174
stall släte,ChIJm7XQJd8JXEYR3fLXRME7hfc
Folkatorps Ridskola AB,ChIJx_J_xp4NXEYRQqiqor6pdOc
Gyttorps Ridklubb,ChIJNeHnR8FaXEYRoASQ-5v0XRk
JT Bygglovstjänster,ChIJcdtDTjBpXEYR-5E2BLHCEZI
Cadpunkten Örebro,ChIJKUfOvP8VXEYRR42b4hJZRf0
Djupström Ritar,ChIJqbuvatMQsaIRbbcbcImZopw
DemCom Demolition AB,ChIJAQAAAE1rXEYR90iqjC3Osfk
DETAB I Örebro/Kumla AB,ChIJW_4TeegPXEYRp8AUIs_tcm8
Björnes,ChIJpbRjqTkVXEYRW_P1-79JQhs
Samlingsplats för Maria Lang Deckarvandring,ChIJYT1E31NFXEYRzrMrpaqPXIE
Unionen Bergslagen,ChIJ_4CTB-QUXEYRj9eY8jFwbJA
Unilabs Örebro mammografi,ChIJKy2FYU0VXEYRFL1CvYQQYS0
Maxitherm VVS AB,ChIJnU0yGlJrXEYRiLVY97yLeuk
Rörtjänst i Örebro AB,ChIJG0DIq5AUXEYRyP6nQO_fJTw
Holy Greens,ChIJg_4ZYekVXEYRki7HefB1xpo
O's Blästring & Rostskydd AB,ChIJU_tP8e2IXEYRLUVk1InlK1o
BlästerMäster,ChIJFzGrmqhsXEYRn2eREnQKEzk
Voav Teknik AB,ChIJ-wV3tKYMXEYRnAO4qMerjKM
LIP AB,ChIJh0z93fEKXEYRIbJ9U0b3WLQ
M Axelssons Maskin & Transport AB,ChIJq7RmglcjXEYRizgStgTTgMo
JH Media AB,ChIJwYoAncGDW0YROr-J05RKCI4
Myrorna - Second hand Örebro,ChIJRcUpeh4VXEYR05BB7e3tvpI
Röda Korset Second Hand,ChIJE0PLc-MUXEYR8VwB3gyd9D8
Stödföreningen Bra & Begagnat Sydnärke,ChIJj7mwIGcMXEYRzWxV7WowT_Y
"Loppishyllan, Karlskoga",ChIJV6SwikCKXEYRsxySTXhEAVk
Erikshjälpen Second Hand Örebro,ChIJWVoeQM4UXEYRHLxNGLGeLrk
Lilla Livs Garderob,ChIJ-XUy0CYNXEYRbq-lHNu0ya8
Biståndsföreningen Navet,ChIJJ0OqUnYNXEYRyGGdLqez6OQ
Ge för livet Second hand Örebro City,ChIJfwMB6R0VXEYRnGlUexqR5pI
Röda Korset butik,ChIJQ-esqgwNXEYRfQpvrruaI0E
Kids Secondhand Örebro,ChIJ1e0I-S8VXEYRIXVmjqpEMzc
Svenska Röda Korset,ChIJ_____3YNXEYREeMcVNT2oRk
Häståterbruket,ChIJCZdgu9UVXEYR6GUaMYF51KA
Busfrö Motala,ChIJDd1B_tDcW0YRI4Q0sz1pkcc
Bankeryds SecondHand,ChIJLZuBzTNpWkYR22hozlSyo6k
Stadsmissionens Second Hand Tornby,ChIJfx0ZNkxvWUYRiUB_qW4jmPA
Stadsmissionens second hand,ChIJUfTUcXYTXEYRzWFVarj_F80
PMU Second Hand,ChIJJejBc4CJXEYRRGPdtPYc_No
Karlskoga Simförening,ChIJ1S6m1BeKXEYRs3VG1SFxZCY
Örebro Simallians,ChIJO4BAPR0VXEYRq6XwQT8kBEo
Fysiokliniken Örebro,ChIJAQBQVOgUXEYR8vtdG-c3_SY
Margit Bangshöj,ChIJ37N_lB0VXEYRoVbinV2nW6s
Centrum Sjukgymnastik,ChIJqZMa1OUUXEYRaK72HMSLkiA
FysioÅsa,ChIJ5dWP3T2KXEYRKdgJZ_LRVzk
Örebro FYSIO Sjukgymnast,ChIJu8AoGh8VXEYRLJ4GNtzC76o
Blodcentralen USÖ,ChIJ7Y9vPjkVXEYRlgeRyWkL3wY
Örebro Adventkyrkan,ChIJM4Uq1ecUXEYRRDJAQkE-b1U
Systema Örebro,ChIJr1EquGBJXEYRBfEoBFERq8w
Norra fisklösen,ChIJR2oBE9CQW0YRWQrJctPCUkc
Nomor Örebro,ChIJyVtFrAwUXEYRd5JT5xQMhNU
Anticimex Örebro,ChIJq9l6_s4UXEYRHmDbuEXcveE
Brädcentralen,ChIJ03kBIxwVXEYRlczIfFkINYU
Skatteverket I Lindesberg,ChIJXwcZR1tJXEYRohiLmAT97GU
Lundin Skatt AB,ChIJCcS2ROIUXEYR2kwGwwvrk4Q
Snowblind,ChIJWcIj0JU9XEYRIrml_KPaQSI
Storstenshöjden,ChIJy1XAEkNoXEYRksyIOAkR6P8
Örebro & Linde Boutredningsbyrå,ChIJX2VK-iEVXEYRssEQQrAVaCg
Örebro Records & Stuff,ChIJAdQ25x8VXEYR_ncBbkCvhJI
Skjutbana Slätten 225,ChIJ5Sy3wNM_XEYRqdW8U-GLvt8
NILSON SHOES,ChIJZSRm1EsTXEYRgVPUe7O2FGw
Deichmann,ChIJLXLII24NXEYRUV60fZI5TSw
Bergqvist Skor,ChIJTY0M8uMUXEYRct7vbtvCQlA
DinSko,ChIJfyl1wOMUXEYRdrI8rECjiYk
Bianco Footwear,ChIJ4fFUmOMUXEYRNhOVfwg9l1o
PK Fotbädd AB,ChIJXXWiWhwVXEYRpQP1b7aOCtc
Skopunkten,ChIJQbfbekkTXEYRcliAwrrJjAQ
Prästtorpets skor,ChIJbd_7yV5JXEYR8mWhjG14dd8
Trendshoes.se,ChIJL7ipv0HRW0YRZiFzwsFnX7k
AB Karlskoga Trätoffelfabrik,ChIJWbrz1zOKXEYRH_REmSxkC_c
Skohus,ChIJE-6qXoh-Z0YRTwpoFGUOM2o
Ecco,ChIJAQAAQKpsXEYRDo6nP_H9st0
Åkes Skor AB,ChIJKZj06OMUXEYR44jsRbvxE0k
Pardon My Kicks,ChIJzU1owYEVXEYRdG2avQYR0QM
Scorett Örebro City,ChIJAQAAfOEUXEYRxhs0bUOGoXs
Kavat Outlet,ChIJ6eKO4A0NXEYRjrQujNiQmT4
AB Mathisens Skofabrik,ChIJY2L1-kkNXEYRmZ7wRBueAB0
Pax Scandinavia,ChIJq6qqqs8UXEYRzYt2m4ADSMA
Sveaskog Förvaltnings AB,ChIJaebBKxwVXEYRmlc6AV9ERgk
Glottra Skog & Fastigheter AB,ChIJ5YYgAHwPXEYRMbxnYDeW-ac
Sydved AB,ChIJaSu9yVWLW0YRuS7ISE8e6fg
SKOGsam AB,ChIJyVFbLoUOXEYR79I-SCANeJI
K.T.S Maskiner AB,ChIJq2mYl1kNXEYRKtV_A44rD7M
Boo Egendom AB,ChIJ-QFfFED_W0YRznxGWUs0gao
Svenska SkogsPortalen AB,ChIJe_rNXPhPs0IRYN-w3bojsJE
N-O Erikssons Skogsbruk AB,ChIJOQbaq3VhXEYR4X5yoaiA2lM
Granstedts Granar,ChIJf8W8R4ATXEYR2mUvLplJtl8
Vedevågs skola,ChIJrfzicz5IXEYRWXopxOxo8zM
Föräldrakooperativet Ängen,ChIJ9VZrGJ1uXEYRUDf_dPuBp4U
Cavena Utveckling AB,ChIJbVu2O1xzXEYRIekdzjGfk7g
Rynninge gamla skola,ChIJob4XqAcVXEYR4OYZ2_MmHPo
Fyren EkAlmen,ChIJ55X2hH0WXEYREkXdYqZfb-w
LBS Örebro Kreativa Gymnasiet,ChIJt2yl79gVXEYRPjfThnLyas8
Olaus Petriskolan 7-9 City,ChIJd7Z_3e8VXEYRuld85BUvvus
Glanshammars bibliotek,ChIJhZDvi5Y9XEYRY3Kc6LaDzco
Lindeskolan Lindesberg gymnasium,ChIJFaDr2FFJXEYR-GyKnJu9WNk
Ljusfalls Skolas ek för,ChIJDdIhdIr9W0YRgIph4QA1IZ4
Arabiska hallsberg,ChIJk6tTLHwPXEYRGkxg8cG1R4k
Örebro Waldorfskola,ChIJVVVVVaIUXEYRA9euZe4nAqw
NTI Gymnasiet Örebro,ChIJf-r1UScVXEYRFfNEkuqAbB0
Astar,ChIJZTHnvBwVXEYRFQ24UrOXsNk
Grillska Gymnasiet,ChIJVVVVVXIVXEYRmcFmNC-iNSc
Förskolan Försprånget AB,ChIJ2b4urE8UXEYRziWL_9kJ1ls
proACT course,ChIJCxpFhQEVXEYREMKyCI3d-Yw
Grenadjärskolan,ChIJkzi5oQgVXEYR7UhHUpm1Qbw
Hannaskolan,ChIJQQe0Pt8UXEYRVPtUDYIDQr8
"Sydnärkes Utbildningsförbund, Alléskolan",ChIJ2-cADYgMXEYRxocCgi_sIY4
TMA Örebro AB,ChIJXQV7YFVrXEYRi07UsC7YQFg
Proffsgymnasiet Örebro AB,ChIJb3PcM2FrXEYRqWMuBw6id_g
Ludvika Kommun,ChIJZ2nGl5QKXUYRi5Eyc2tDghY
Ramshyttans skola,ChIJMe0cc_WzXUYRCWjvhNzhkjg
Trafikskolan Körebro,ChIJlz8J3t8UXEYRtaBvG8I-fD0
Nora Chokladskola AB,ChIJq6qqqhNFXEYRlTxyplwMVOQ
Magelungen Utveckling AB,ChIJ5ySs3hwVXEYR2KWAyfFEIVI
Thoren Business School,ChIJD9rk4h0VXEYRZqbPnGLMAOg
Skoservice,ChIJq3zV6R0VXEYR0LWF4AeTYVw
ERAB Entreprenadreparationer i Örebro AB,ChIJU2n7gcYUXEYRKeoImLYE8XE
Bångbro Återvinning AB,ChIJPZEnmlaoXUYRBG4-MewhVyo
Skylt mast,ChIJNcuFEbgUXEYRJXLvQEdDihQ
ADD i Sverige AB,ChIJK4iT8xRrXEYR_I92L7BqN60
Snabbskylt,ChIJebkwE78TXEYRI88aWuJYCpI
Candeo Skyltreklam AB,ChIJjSIlDsQUXEYR2_AFVo7hSHk
SKYLTprodukter,ChIJg-lkDj4ZXEYRTY1i8ngrnJY
Motala Sign Nordic AB,ChIJJZ0_RCnDW0YRWQywuTKi9hk
Printolsson AB,ChIJs91FoFlFXEYRUZnpu5Q76R4
The Body Shop,ChIJU8iPZEkTXEYRvzpf1d7n8xo
Clinic Scandinavia Lindesberg,ChIJG0nnJjZJXEYRTsYOb33VNbo
BC & AM Clinic,ChIJ50Gp9bUVXEYRdf_LWXFwIwg
HUD OCH SPA,ChIJoRlj5LAVXEYR7Cc8uHYE75E
Ribelle Clinic,ChIJgQ1NbOMUXEYRDRncX_u0KBA
Brilliant Skin By Emelie,ChIJE93qCxEVXEYRFR0o7iwh0CI
Âme Studio,ChIJBxdmPb4VXEYR2mAm_bVhgVc
The Skin,ChIJFZdMPfwVXEYRqdE5FRqDcAI
Delatur,ChIJQyKPFuAUXEYRsUordI7BWpU
K&G Beauty,ChIJgamRE4GJXEYRBlDTCtkme2k
Capelli,ChIJT9IaKlEUXEYRqa3N-AKjhIQ
Salong Gossip,ChIJTd6YxuMUXEYRpZhw3OIoEtQ
Ragnar,ChIJXwHagK4VXEYRtxS4h-ILb9I
"L'amore for Nails / Manikyr, Nagelförstärkning, Nagelförlängning, Pedikyr / Fotvård i Kumla",ChIJ-Sc4tZcNXEYRZ3FVZzenV6k
Beauty by Le - Skönhetsklinik Örebro,ChIJFVjITDAVXEYRIHywuF26GUc
Salong Pastill,ChIJU_MCV-EUXEYRilBThIS4cio
Snow Nail,ChIJ9VHjcuQUXEYRBfBTixegrvc
My Corner,ChIJQyKPFuAUXEYRNb97tB-qcVM
Hudfix Örebro AB,ChIJ92Ocls8VXEYRlCZgeJT5h1U
AmiLia's Beauty,ChIJj1EiMb0VXEYR7oPikPDqYL0
LK.Skönhetsklinik,ChIJyzmpgRwVXEYRRPP7EsuyrJ8
Salong Newness,ChIJJ80lZvUVXEYRj2cxkXJu6A8
Beauty by Angelica,ChIJn473sbIVXEYRc0FJQSGv0uI
Glamour Laserklinik,ChIJ7-0GGTKKXEYRPQg-0HaUEhs
Alruna Friskvård,ChIJJdcwC5i7W0YRBic8aTAABds
Nuova Care & PMU,ChIJBTR6iR4VXEYR2zVGHk0RrEs
Lyko,ChIJg48qd0kTXEYRXPu0zLsT0vA
Artek Estetik AB,ChIJZXpIWuQUXEYRtXY4SZ_sAtc
Örebro Estetik - Botox och Fillers,ChIJi1rXQyIVXEYRLN6e1JVbnOE
Örebrokliniken,ChIJy8LqCxEVXEYRP8vnsyyRzug
Närkes Slakteri i Gällersta AB,ChIJ8XcYw7wTXEYRWj_Kj67bpLs
Rubbernstuff AB,ChIJ64YBrx4VXEYRk4I6qbrK90k
Hydroscand AB,ChIJSxM5LqhsXEYRMpssLWuUmFA
Freetrailer släputhyrning,ChIJGyZVYyiLXEYRbFgiFl6H7bU
Rentr,ChIJrSGCEN1JXEYR5z3OU69r6OM
Hallsbergs Smide AB,ChIJq43dqKYMXEYREz9-l8BYq_g
Plåt & Smidesverkstan i Hallsberg AB,ChIJ134blo4MXEYR0fZyyjx4E-o
Rituals,ChIJY0IwAOMUXEYR9WRD4nsdJYo
Face Stockholm,ChIJ__-vu-MUXEYRN6QHgCdPF_I
KICKS,ChIJ61FLDEkTXEYRVs4hBpU91cY
Guldfynd,ChIJMT4zF-QUXEYRADu1EYWq_Mo
Ringströms Guld & Ur,ChIJS-UYyeMUXEYRHEUgWsip8X4
Albrekts Guld Örebro,ChIJ7-_WYUkTXEYRTriiA6kzTzA
Hallbergs Guld,ChIJDWD5seMUXEYRWTc1I-o1SIE
Glitter,ChIJr0n4COQUXEYRGqe0SN2My0w
SAGA MELINA Silversmide,ChIJAQnsptwVXEYR_XGDO0gn07Y
Firma Linnea Eriksdotter,ChIJx9XDRoBBXEYRvsoaZDweqeI
Karolina Berg Jewellery,ChIJx-V5fFAVXEYRQ-2y3H4ulL4
By Freij,ChIJldXo7Oxg3oYRL3iZ_QHKZv8
Skebäcks Varfsförening,ChIJwQI_KlYUXEYRPH5HP64tqhU
Aspa Båtklubb,ChIJwVnX0eGSW0YRIIZ0hn17Fgk
Smörgåsbutiken,ChIJOc0EIeQUXEYRxZA9CbHtus0
Subway,ChIJO_m0lR0VXEYRw3ZewNTibX4
Sibylla,ChIJhb69MDONW0YRi0ERT2J3kjY
KFC,ChIJAc7JR80VXEYRRuN5FqGOxzY
Burger King Karlskoga,ChIJ00sxujuJXEYRnO0KhLkWklM
Burger King Örebro Eurostop,ChIJJeq_dFgVXEYRusva2zXlzrc
The lamb and chick Örebro,ChIJN5oWN7oVXEYRqwsdQVH8DRY
NaturAll,ChIJ6YzIVFdFXEYRIC6hjd_kZGI
Hantverkeriet Svartå,ChIJ3Xs_qUN9XEYRzrn49l1Otyw
Nora Byggservice,ChIJVRx8KzVFXEYRJRT0dZBMSiM
Bröderna Enell lådor & pall,ChIJKT2NAavQW0YRGsHR81-1T2M
AG Byggservice Svealand,ChIJy6oU2nGpXUYRFMZ0g2gLeXc
Kårstahult Bygg,ChIJY8t-p48MXEYRIbjkEe-7h58
Trämekaniska Snickeriet AB,ChIJ3xNhJqIMXEYRDLoaIisYIa4
Adolfsbergs Finsnickeri AB,ChIJhxLS-lwTXEYRKmZZnTLvXJ4
AB Gropens Snickerifabrik,ChIJa4hNljtwXEYReZGpbgYj3-Y
Vi Fixar I Örebro Ab,ChIJRzQNHx0VXEYRavVAKMUA7s0
Stiftelsen Bergslagsgårdar Konsulentstödd Familjehemsvård,ChIJV7NTvx0VXEYRZGhmIbSTlxw
Relationsbygget,ChIJbwE9pocLXEYRgkYXsVWtrBU
Arena Familj,ChIJ6WyTW1YUXEYRPt6w7tfgm5I
Folkets Hus Vivalla,ChIJuaPCrK0VXEYRBIPnazyTuZg
Team Actum AB,ChIJadZxuOcUXEYRtIHrOxiKCoM
Stetsko Konsult Ab,ChIJ48u81YAWXEYRy6XdVDqFRPc
Vivida Assistans AB,ChIJJ34QX8YUXEYRuu5EtW0ZySc
Novum Assistans,ChIJq6p6B-QUXEYRueGNGwVfAPw
SKFH,ChIJGaVo3sVqXEYRWspKs7oQXTc
Örebro läns mansmottagning,ChIJybX8rNAVXEYRNEv67SH8lYQ
Bra Assistans i Örebro AB,ChIJr6bWF_EUXEYRUOs4dU4j4zE
Humana Personlig Assistans,ChIJza1XNOEUXEYRjZFwwojMmIo
Skandinavien Assistans i Sverige AB,ChIJdZtdplhJXEYRBNQ3mzUCCNc
Poolarna Assistans,ChIJq6rqsOkUXEYRZqdkGsCXC0Y
FMF Assistans AB,ChIJVYnY03wVXEYRoYYPdgXUBqQ
Söderort Assistans AB,ChIJVVVVhf4UXEYRsTI2If1b-mM
Avida Assistans,ChIJpe4R3pgVXEYRSlcWg7rjFc8
Hammarstrands Assistans Ab,ChIJmzzS7tDcW0YR_UGXMz5DwE0
BarnensHjältar,ChIJj5UOziEVXEYRmbeARe-163E
Anhörigassistans,ChIJEUeP1mkVXEYRKscg1VwEoPA
Bloton Öppenvård,ChIJUZ75ePkUXEYRmeGxYpYJx2w
ELOP AB,ChIJU02mWpIVXEYRX0eMue_VDgg
Sesol Örebro,ChIJHzvaztAVXEYRRT7QW1SOGS8
Örebro Solentreprenad AB,ChIJF1PwF87SNYERM5TLNReeTW0
Solisten,ChIJBathI4Y5YGMRIk8IsWjU6aw
Nordic Solceller,ChIJ11_q_GQVXEYRKlzY8ldX658
NBE Energy AB,ChIJHwxiwewVXEYRIphu6DBgkcI
DentronIQ AB,ChIJkzbJY-pFXEYRAp1l8-ddSBM
Nordsolen,ChIJyy7JfArk0aQRLvDaq115mN8
Örebro Solcellsfirma - Installera Solpaneler,ChIJlZNmo_sUXEYRLYY0sPu0p30
EnergiEngagemang - Öst,ChIJMUXoDRtpWUYRN14XlHBYQZQ
Örebro Sotar'n,ChIJH1vddz0VXEYRteDixTWK19I
Strand,ChIJM6iuiuEUXEYRoOgCEDWLQi4
Södra Lund B&B,ChIJ2wC1u0thWUYRdozCeTX9UAI
4bens Rehab - Klinik för 4bens Rehabilitering och Friskvård AB,ChIJZUPRsyEVXEYR0Kivxianw7M
Ploppsi,ChIJNVP8VF8VXEYRnkK_9ylCCQk
ATG Butik,ChIJuyXnEqZSXEYR7P1tVrlnVn4
Degerforce Pinball 2,ChIJc7vmLviJXEYReqr0Q9hQLsk
Sportshopen Örebro,ChIJWTNHTJcTXEYRBXSeVsrJ_Q4
Sportringen,ChIJc1yXfyEVXEYR8iolfu_XorY
Intersport,ChIJv6j82UgTXEYRvlWeVPMzBcc
Skidshopen Örebro,ChIJMQcRJyAVXEYRV3rVqXYpL0M
Tinas Konståkningsshop,ChIJUdYeFPUVXEYRvDuudHWg47Q
Prima Padel,ChIJ1wRUhqcVXEYRT-SdMqRDL-8
Hööks,ChIJJY6KF0gTXEYRK5VjR9YxBx4
XXL,ChIJXRSm0E4TXEYRTIm1TdEClbw
Kosa Sport,ChIJ2aS3OJMMXEYRkxPYeP9LkM0
Stadium Marieberg Köpcentrum,ChIJI9nYMDYTXEYR9CwAIkQfDL4
Stadium Outlet Aspholmen,ChIJz8gPOMQUXEYRbxEPixXImXw
Team Sportia,ChIJ9TevFltJXEYRbjwNVT9A1d8
Striker Örebro,ChIJbT4cn8sVXEYRnWuCIJ6ZMbE
Pitcher's i Örebro,ChIJd5-09-IUXEYRzfz3p-B8ohk
Sports Development Center Örebro,ChIJ85BIGJAVXEYRUA0qpsauX0E
Örebro Motorstadion,ChIJvd9uvWJsXEYRfkjLRfqlNhY
Skidstugan Bråten,ChIJ5230Fw9hXEYR7bp6qdbAEAU
WAP- We Are Padel Örebro Aspholmen,ChIJPZrLQbgUXEYRzi3xGJ73y0Q
Secondtry,ChIJk99um28VXEYRQyTO_JMAy-A
Laxåhallen,ChIJPxgbGbyHW0YR9J7C2odqCBE
Lindesberg Padelcenter,ChIJHXTvxtpNXEYRdB1AInuK1yU
Backahallen,ChIJxfAEkekUXEYRJoUeht_MgmA
Ljungstugan,ChIJDU-P82kUXEYRfTDQx3UH14U
Örebro SK Ungdom,ChIJQ4Bj5_EUXEYRKhGPG11ZV08
Lillån Innebandyklubb,ChIJAQAAANw_XEYRcawG1KeaCNc
If Start,ChIJqwTnmx0VXEYR146m9viVblk
KFUM Örebro Orientering,ChIJa6geHZxrXEYR-16kfSAv8OM
Örebro SK Bandy,ChIJgQxYQfkUXEYRccA-ctamuVw
Örebro Curlingsällskap,ChIJNzKXjxwVXEYRi53zFVc4KI8
I3 Sportcenter,ChIJ____P6gVXEYRxD_r0cY8Cu0
Högsjö idrottsplats,ChIJhbW4IBOpXkYR_MF41_5I7MQ
Ryttarkamraterna i Finspång,ChIJM26S_ABQWUYRB6aek_M_798
Reidsokkar,ChIJpQCk1ZYZXEYR_rjbqiLaINE
Ullmax,ChIJM_ZQYlMUXEYRUQyNnW2xTBI
Örebro Squashklubb,ChIJ__9TlusUXEYRXXcXBLz_li8
Stora Valla (Degerfors IF),ChIJSzPe_pSJXEYRzXMhmFy0w3o
Stadshuset,ChIJ15VSU20TW0YRyvDi8GrsxQE
Poda Stängsel Örebro,ChIJnZfvRJMjXEYR-7FlifJ7pnA
GPS Galler Plåt & Smide,ChIJPdjrWUuKXEYRQWT7m-NjE7I
Webbstängsel,ChIJwRsB8e1rXEYRozq6e1kNQYw
Saak Montage Entreprenad Karlskoga AB,ChIJPUBG3dmLXEYRzZrDlTohQRU
"""Ellma"" BREO Estate AB",ChIJswksxmYMXEYR3yeVNE_l7Js
Stall Danora,ChIJw3snI9hFXEYR3jdpnoAB5lY
Specialpedagogiska Skolmyndigheten,ChIJebFF7uMUXEYRjzEVSwxe-fs
Texas Longhorn,ChIJf8ko-eIUXEYRDbjxpvs7AgQ
Askersund Stenhuggeri Ab,ChIJw-K8XqaMW0YRsjB8OV68bVo
Kumla Cementvaror & Åkeri AB,ChIJb1eRJkANXEYRDBbKFakhfZY
Örebro Stenläggarna i Närke,ChIJ__8PrOMUXEYRaJxR-esU0ss
BRL Örebro,ChIJ_1r007kUXEYR0m-HQ7czmjk
Ljudfokus.se,ChIJq6iVAkYZFWIRAPfp_4rZoCM
Omställningsfonden Örebro,ChIJMVC20pgVXEYR0k_M3ckuNLY
Kerstin & Anna Cederbergs Stiftelse,ChIJywr1-eYUXEYRJXlpZytxqKE
Per Erikssons Stiftelse,ChIJiVR90F2dX0YR-kKdQmT3aFk
Stiftelsen Sanna,ChIJxROOn9VxXEYRF86_g4er3vI
Adolf Lindgrens Stiftelse,ChIJK-T4kR0VXEYRRhCjBmX69-4
Hemköp,ChIJ97S0MFdJXEYR0-xoy7IC63s
Be-Ge:s,ChIJi7jCg6WMW0YRyY9bvJEAodU
Örebro studentkår,ChIJ22AnzUQUXEYRUCzkOL0vAZE
ABF Ljusnarsberg,ChIJIZU0oPuoXUYRUVYUTBaD25Y
NBV Mitt,ChIJxV2CdOQUXEYR8flVO-wtSoo
Folkuniversitetet Örebro,ChIJMT4zF-QUXEYRHlGSIffDpWY
ISS Facility Services AB,ChIJrS2z4cIUXEYRpCJZDifb6Fw
Sverigestäd,ChIJE4PGR-EUXEYRKu9_O-UTKSU
Rent Hus i Örebro AB,ChIJEflZhBoVXEYRMKSW9_Pfuyw
Städsons Fastighetsvård AB,ChIJDxQ6epI_XEYRr4iuN6jwlA0
Jacob´s Städ & Fönsterputs AB,ChIJeSO2d-QUXEYRexEURS4KaYc
Iris städ och stajl,ChIJT3RZu3wNXEYR9xy6UvgaKSU
Taria Städ,ChIJz_ZHNn0NXEYRWU2ZrXEatG8
TS Lokalvård AB,ChIJ7YLCk-QUXEYRjRre7iusDn0
Örebro Hemstäd,ChIJtzNFzCpuXEYR4UHYvtv0K3o
Rya Städ,ChIJxX6hVYpJXEYRKR0XooS6rJM
DST 24/7 AB Din Städtjänst - Städfirma Örebro,ChIJJS8Dn_cVXEYRr0ujC_Mv27I
Åsbro Städ & Service,ChIJTQNj1BILXEYRg1XAWgLc4rk
SussiLiHome,ChIJF7RyOBMVXEYREFNu8sMezoA
Hemservice Omsorg Örebro,ChIJ09daRuEUXEYRUsL-mNFOdpA
Samhall i Hällefors AB,ChIJvaLgnlUdXUYR9-HHKlCh0YA
Swetex Produkter AB,ChIJbdGKxMcUXEYRwL7lAYF5Trk
Asteri Facility Solutions,ChIJqRq7AfQVXEYRd6gcvMi_MW0
Svenska Hem och Städ AB,ChIJ4_ZTKpgVXEYR5aAMtc57ofc
Hemfrid/Städarna i Örebro AB,ChIJ18__v7cUXEYRox6firhe814
"HomeMaid Motala - Hemstäd, flyttstäd & fönsterputs",ChIJE3207SnDW0YRWjUS0x6ZrQ8
Flytt & Städ Västmanland AB,ChIJh6VniS6LXEYRaiKVxiP8u60
Libergs,ChIJ2RXfQRcVXEYRAdUXXsza3So
Alberum AB,ChIJ5-a_74wVXEYRgwLAleRQScY
SAAND Service & Omsorg AB i Örebro,ChIJoTNgx78VXEYRyZGnnALnr94
Kura Omsorg | Örebro,ChIJhd20f8EUXEYR5AFUt8MBL8U
Sakura Sushi,ChIJRYf216OLXEYR1ll0FrKmX84
Sushi Yama,ChIJL06FZkkTXEYR5GvXmSSH5ug
Hugo Restaurang Café,ChIJ9cPyeCmKXEYRk_-lhkYPLeA
Svets & Materialteknik i Askersund AB,ChIJCxSnp1aLW0YRQBm14Nn-Elg
Preform AB,ChIJM5G7xpiHW0YRfavZDck_o2g
Finshyttan Karlskoga AB,ChIJjapDDS2KXEYRFKmEIsRpLcI
Rinkaby Svets & Smide,ChIJBd43OZo9XEYRnpG2X301ts4
Socht,ChIJ46PqeEkUXEYR2DE7qvAufPc
AB Uno Ekströms Byggplåt,ChIJLx0y4-kTXEYR7Ofl1GBKz-k
Karlcarls Svetsservice AB,ChIJj5S5PppPWUYRCx9KlgJB2iQ
Nykyrka Svets & Smide AB,ChIJ7WyA4i3DW0YRH1aQB9BJ9lA
Bennys Rör & Industrisvets AB,ChIJAS-m13sPXEYROmFCIgXij60
Industrial Solutions,ChIJc78MpTMVXEYR_OmtkCPkR_k
Siemens Energy AB,ChIJsYeKYOhPWUYRTreMKnMdV0E
Neonom AB,ChIJy16q5vdPXEYRp8uZAojrGps
"Air Liquide återförsäljare - Örebro Slangservice AB - Svetsgas, Skyddsgas, Gasflaskor",ChIJz5B6FVJrXEYRhr_D2C_uqFM
Sweden Timber Hjortkvarn AB,ChIJCW061kH_W0YRINdNiTW2AaI
Norrgården Maskin AB,ChIJ8XxovCQSXEYRt_-wMq063pQ
Moelven Valåsen Wood,ChIJVVVVVZVjXEYRBjUloyowJTw
Care of Beds Örebro,ChIJLauahDcTXEYRccgPu05QB58
KungSängen Örebro,ChIJu79g2zcTXEYRmyYANPE0UBo
Sängjätten,ChIJC8j5_DcTXEYRQuPs-WMmruc
SENG Örebro,ChIJi0Q6OUYTXEYREaFindYe3nk
Hästens,ChIJw6FRi6UVXEYRusSBlkf2zIg
Taco Bar,ChIJv5NvsuMUXEYRhmyKsymlFYQ
Kumla Takläggning & Plåtentreprenör i Närke,ChIJVVUFK2kNXEYRywTGGFUz8DU
Nordiska Takbehandlingar AB,ChIJiaySddouW0YRNlEn2-YiHg8
Eskilstuna Takläggning i Södermanland,ChIJ8aH5hILzXkYRfLXyB4ZKDSw
Takläggare Linköping I Tak & Montagegruppen AB,ChIJ0-ZSRsZlWUYRUG5Rxf8RsG4
Örebro Takentreprenad AB,ChIJmTCO4wdrXEYRpXFvivsWNJ0
Takmästarn i Linköping AB,ChIJMyM3dIVtWUYRV6xWG1A2Vs0
Clinic Diana,ChIJaXNQp_8VXEYRXH_Hi_UY5xk
FaceWellness Sweden AB,ChIJ24GUnP4UXEYRhmqCHbpHm2I
Örebro Käkkirurgiska Centrum,ChIJd7vKOqAVXEYRnP5rDHpT_2w
"Hela tanden i Kumla AB, Tandläkare Daniel Cavallin",ChIJkUBc_XYNXEYR674zj2Stp34
DR SMILE Örebro,ChIJo12PiETZeygRnaUemeOTtY4
Smile Specialisttandvård Örebro,ChIJ5dxzYKoVXEYRi69eOU4ENiI
Smile Örebro Våghustorget,ChIJ_4CTB-QUXEYRJY05dw6btHw
Kumlatandläkarna,ChIJIQO-H5UNXEYRTgzaiS6OSqk
Praktikertjänst AB Lindhe Tandläkarpraktik,ChIJ0zfeQVpJXEYRrzm7C-CUO8s
PlusDental®️ Örebro,ChIJZaNjXxYVXEYRrgncd2I2vMU
Askersundstandläkarna AB,ChIJp3f7n6-MW0YR1XYfCiXU6ZA
Tandläkarna Wiberg,ChIJrXcCvAwVXEYRGJK6gpNyTg8
Modent,ChIJ9ULm4eMUXEYRao48-iPnJ24
DDM Dental AB,ChIJ3_kd3AQVXEYR4aN9_Kd2aaY
Swede Dental i Örebro AB,ChIJ752MfeYUXEYRaTGl1r3p2GE
Dentalkliniken Bromsplan,ChIJwVJ0ThoVXEYRZ_DCQP5geC4
Örebro Tandhälsa,ChIJ-4AW_7YVXEYRO7np-6uP09M
Slottets Tandläkarklinik,ChIJCcS2ROIUXEYRg9oQpdLuPIw
Dentabite,ChIJTd6YxuMUXEYRCHYd2lLjUB8
Tandläkarmottagning Ekersgatan 7 - Tandläkare Matti Koivuniemi,ChIJVVVFIuAUXEYREMAR-OTcB2w
Dentinia,ChIJTZq-9iYVXEYRFyyeXngJGZM
Stortorgspraktiken Gustaf Blomgren,ChIJscFDrHkVXEYRTHL-XwVcpXs
tandsmycke,ChIJ2SJa9hwVXEYR7MYeQZb0vdk
Min Tand Örebro City,ChIJcwu8vw0VXEYR9ND3vpVhR_Y
Tandfokus Våghustorget,ChIJ6QuuQBsVXEYRaoKxD6OktjI
Team Åke Nerelius,ChIJq6p6B-QUXEYRGEZpZCu93EU
Folktandvårdens Kansli,ChIJh3wg2PoUXEYRdY_CSpCmwTk
Tandläkarhuset,ChIJkRJeGuaLXEYRa75uDg-icu8
Västerpraktiken Hallsberg,ChIJr8EKi4UMXEYRz1MxU4dKgSY
Svartå Tandklinik,ChIJhx9-sB3XW0YRz0VouQTQYqU
Tandläkarna på Öster,ChIJNcD49qYVXEYRFU_EjCEsLFk
Aqua Dental - Tandläkare Örebro,ChIJwwbX5HoVXEYR6MKWq0pt4yA
SYN Dental - Tandvård,ChIJ_W2PyV1PWUYR60BBaMyaIs0
Praktikertjänst AB Strandpraktiken,ChIJt-Ma_uEUXEYRR3QY2W5JWaM
AGA Gas AB,ChIJiyfmf8IUXEYRtt_AM1Fc2Ec
Pinchos,ChIJWeipxX8VXEYRLYrGe6IKti8
Waterproof tattoos,ChIJR3mqCB4VXEYRu-ra7xpuB9A
jc ink studio,ChIJy0BSmd4VXEYRhugmXVGBMGk
Blue Veins Tattoo,ChIJIeMbdAxvWUYRGmn2pZIhNXU
MaxTattoo,ChIJAV8xnJ5vWUYRt56OkZ_ES8s
Solidink TATTOO,ChIJc_8f_dzcW0YRtMXZCiT2WBc
INKFINITY,ChIJ5Yi4PtxzWkYRPAivW-qKmCs
La Santa Maria Tattoos & Art,ChIJk-HIpOQUXEYRHybu2cIJhvE
Studio S Tattoo,ChIJubXVNyNvWUYR57LgjeyTerI
Örebro Taxi 24/7,ChIJxcMFYsMVXEYRq2_4KOU9su0
Örebro Central Taxi 019-10 15 55,ChIJFX_UlWAVXEYRldYNnoczv5Q
Vasselhyttans Taxi & Buss,ChIJySq0bFtJXEYRFTE4Mn5R_HQ
Örebro Taxi,ChIJ2V6UQxkVXEYRx-PxxTcTFTQ
Örebro Länstaxi,ChIJ294tVvkTXEYRL76BWVmEDaM
Trendtaxi Örebro,ChIJ796z4HcVXEYRHlRM0g5xBQc
Örebro Taxi Vift 019 57 57 57,ChIJ53dwo8IVXEYR_WA-aRkcVAU
ViFT Mobility AB,ChIJZch9C3EVXEYRXmg5TBfiowk
NewCom,ChIJc2J3XeQUXEYRqN6XMj7Eisg
Onway,ChIJdZMiR9-5Sk0RVYE6TLRUFD0
Taxi Karlskoga-Degerfors AB,ChIJeeYI1TuKXEYRXBgI3YjHAB4
Kaffekompaniet,ChIJoZkY_O8UXEYRDVys3JmiwpI
Vedevågs Teater,ChIJA57AxT9IXEYR1jZcIlSEWOQ
Teaterföreningen Lyset,ChIJ28ofezuKXEYRDAusuFyy3sA
Teater Martin Mutter,ChIJXRQhwAUVXEYROnbaFycIIe0
Stadra Teater,ChIJHUNt6B5YXEYRSELnGRnFhsM
Bruksteatern i Breven,ChIJP6c1zqQUXEYRPdqzK2N4mNQ
Ung Teater Karlskoga,ChIJ7-jRCs2JXEYR9ANq04i_DeE
Parkteatern,ChIJxc42zKQUXEYRMBDq9izoI0U
Örebro Teater,ChIJg2T8DuIUXEYR2R7TlPwrFKs
Teater Hallsberg,ChIJrdckTHwMXEYR3P2ZFkm4stA
Mitel,ChIJfUmWo8YUXEYRoNFB-ay95IU
Eltel Networks Infranet AB,ChIJcWHEs7gUXEYR-Z0L1isRyOY
TRR Trygghetsrådet,ChIJIVqjHOQUXEYRXqEhO17l1Lc
Transtema Network Services Ab,ChIJB3y8-0YVXEYRn23uQr05Ga4
Rydma AB,ChIJVVVVVTFpXEYRZzE1FAK2ycM
Svagströmsbyrån I Örebro AB,ChIJVVWVgcMUXEYREK5T68_vj0Y
Optcom AB,ChIJHXmLGahsXEYR3Fwj0tqVsWU
Kumbro,ChIJfydk6PsUXEYRyUsqMnN1kEI
MSTT AB,ChIJVVVVxdwUXEYRrmqTvi5ms4Q
Aldovo AB,ChIJadZxuOcUXEYRB_g8z7YHNE8
Devi,ChIJ579JoYUVXEYRHqecrmT_IDQ
tennisbanor,ChIJDT-x9pIVXEYR4FJ24ZUxUpY
Tesla Center Örebro,ChIJ4bNrLsAVXEYRLDGU1I84JtU
AB Bandindustri,ChIJT9CtD3UNXEYR9dUfBDU22gY
CoPi - Äkta Thai Takeaway,ChIJK2w-8DeKXEYRPIeEdpbkai0
Fresh Thai Express,ChIJhcqYQA8VXEYRmK7uu3MyE0g
Udorn Thaimassage,ChIJJT6J5bQ5XEYRPxMIJtOMFJQ
Siam Thaimassage,ChIJR4AGLB0VXEYRCI9waNUsdoI
Prasong Thaimassage,ChIJ_98olVpJXEYRQKgS16xIojg
Stoneridge Electronics,ChIJhUM2yMcUXEYR3rMqRHHN-xQ
Nerike Kugg & Mekan,ChIJIx_D8B0VXEYRSORU9IhtnsQ
Setra Trävaror AB Hasselfors Sågverk,ChIJ2SsGKXd5XEYRKkbhzWHwVYk
Sparepartner i Karlskoga AB,ChIJ-wUpRcyLXEYRsc20ejGxpN0
Ellagro Örebro AB,ChIJ4XP_0ssUXEYR9E1D9QQxe5U
JOSAM,ChIJobuoo0kUXEYRs1R7qhpCNpM
Johnson Metall AB,ChIJSZPPfhcVXEYR1p4Cxxrq2sQ
KD Solskydd AB & StyRa,ChIJuwrRzoGIXEYRPBhIdBLG2rw
Degerfors Förzinknings AB Defab,ChIJay0hGJOIXEYRIia2sECj1pc
Innovation Lift Scandinavia AB,ChIJVVVVVYSIXEYRyXHuqzQChfo
Roflex AB,ChIJRQ1U-s2LXEYRQ0GrOes73P8
ASTON Sweden AB,ChIJ_V24Jk2KXEYRkk9kdT8eSMU
Chematur Engineering AB,ChIJr3x5gimKXEYRUs6fc8V3yKE
Swedecote AB,ChIJr90-sY38XEYRnXPDgggrel8
Grythyttan Stålmöbler,ChIJ17jxCpP8XEYRvQ_U95QWQiE
Metseal AB,ChIJUdlab3v5T0YR76Igy-FoQaA
Meritor HVS AB,ChIJy9vDfKlOXEYRNkEYVjsC6CA
Sigma Polymer Group AB,ChIJZZLn6RcVXEYRC9Muw7YDR5M
Hagabergs Mekaniska AB,ChIJ94p8-OSFW0YRK8VsHkqJzZk
Hasselfors Garden AB,ChIJ8VOpJu4SXEYRxykgwywtTaU
Maskinflisning i Laxå AB,ChIJX5kyt72HW0YRQhozt3u2Wm8
Hexatronic,ChIJJ6XjvkkUXEYRAmhfnNJFO78
Dockab AB,ChIJj0Fcx6YMXEYRMx0irgIY1Sw
Hasopor AB,ChIJ04_2TF7yW0YRvojjH3qSQVU
Sternhammar AB,ChIJJUAV8XIVXEYR2KZsGXaahxI
Voith Paper Fabrics Högsjö AB,ChIJGW1hHUqoXkYRfwbWgQ4okLI
Ställbergs Mekaniska AB,ChIJAYHdRu6oXUYRktR2l1017m8
Cabinova Electronics AB,ChIJOxuVeVqoXUYRwDOF18794vA
Legosan AB,ChIJ5U16Ww4NXEYRjXq3Igc5-rE
Schur Pack Sweden AB,ChIJ5WhRwgsNXEYRj694kkTCKkc
Advantek Convolutor AB,ChIJM5G7xpiHW0YRr5u_hUucZM4
MekVerken Tool Laxå AB,ChIJ-wkCHsmHW0YRH1OPkdV9WEc
Swedskär AB,ChIJ38li0r-HW0YRalF61pe-omA
Stellana AB,ChIJPVH9MsiHW0YRrX3q7AQpXCQ
Nokalux,ChIJ7ZKKgDgVXEYRtlu9WUiTlPQ
Tormek,ChIJ7XxirVNJXEYR0QXfNn4khig
Lindova AB,ChIJj1MCga5OXEYRsgNjZ8giKPY
Mårdträ AB,ChIJR0JcjGhJXEYRDkoZrKo5p7U
Henry Wiberg AB,ChIJIQ9JaNAQXEYRPs1TTghrYks
PK:s Mekaniska AB,ChIJo36zBQ4NXEYR-Em6ir1jEqc
Seldén Rigging AB,ChIJSQgTE9N9XEYRbUjJ7vXwLQc
MS Biredskapsfabriken AB,ChIJp-2QgNh0W0YRdGi9_twK-SI
Swedish Microwave AB,ChIJ0y7o9DrdW0YR8Ad3Dlsyxec
Lecora,ChIJgwOoV23FW0YRYTMBsWAt2xg
Zehnder Group Motala AB,ChIJnRWaFtbCW0YRXz8ch5tW1ow
Future Volvo Group Battery Plant,ChIJRbyj_fMTW0YR9qKZXP1ugoY
Volvo Construction Equipment AB,ChIJ4YgTx40MXEYRTPJ57l6EKak
Systemair AB,ChIJqYuNHuAVXEYR9TfWAlO4EOc
Pinball Brothers AB,ChIJ38zvVdIVXEYRdX9K-FyYZZo
Andon Robotics AB,ChIJUbnPa8QUXEYR0tMTL23KzVs
Teltek i Örebro AB,ChIJUYpL-EYVXEYRv0tT0OJRriY
Booforge Steel AB,ChIJsW17ExKKXEYR_AzFZ0VG4v0
Naverviken,ChIJO3Yo9wiJXEYRAtuv7BOUsJQ
Zafena,ChIJAQAAAHngW0YRS_mC9JW6tdM
Fredriksons Verkstads AB,ChIJIxrYGpnFW0YRCjb6mAStRHk
Luftkontroll Energy Airteam Sweden AB,ChIJDxAqY4gVXEYRnZcGJHlEwGA
MDF list i Karlskoga AB,ChIJ1_InRcmLXEYRslczkaKK-5o
Bergslagens Destilleri Örebro AB,ChIJeZSD-xEVXEYR3hSzBI-UBrk
Marposs AB,ChIJM9Eyd9mLXEYRX9DKb3z2rWs
Nammo Sweden AB Karlskoga,ChIJs3WH_cnqUoYRR9SiH7Ll76U
Temec,ChIJ_____9rCW0YRgqWpYVUi2PE
Örebro Svets & Hydraulik,ChIJNayojFQUXEYRw6b1W5HNEq0
Curant Klimat AB,ChIJidi40d4UXEYRutROCpjB3O0
Implema AB,ChIJAQAAAE1rXEYR0wI1SJEs2EQ
CK Agency,ChIJoaN5rWOz0AgR8SmfZh5eAJI
Nora Åkeri AB,ChIJUbckNzVFXEYR1bCjO7mWr8s
Cubano,ChIJI2baNz5vWUYRV1Ir9HlvsRQ
Snusbutiken AB,ChIJGwTbYqOHW0YRM-ypqm9iIqs
247 Punkten,ChIJqUWZFaxvWUYRwDIuGsLqIsQ
Mjölby City Tobak,ChIJBbI7hV_WW0YR6m23YFPjo8A
Toyota Örebro,ChIJv4ePC2cVXEYRA8KxVBZPuC0
Transportstyrelsen,ChIJd-FHBdEUXEYRWRZPB_Z81Ec
Trafikverket Förarprov,ChIJGf8bGtEUXEYRPjzWCERmJGM
Trafikcenter,ChIJGUTXn8YRXEYR5T6IQbDfd_c
En Annan Trafikskola Kumla,ChIJSzjghXYNXEYRNqnEsqxtwhY
Josefssons Trafikskola Kumla,ChIJlfRNVXYNXEYRpFthqFrYFeI
Trafiko Handledarkurs & Riskettan Örebro,ChIJUZalGCwVXEYRZ8MsJVxkDcY
Ottossons Trafikskola AB,ChIJjZ2xtOUUXEYRTkfryGsy_FI
a-d trafikskola,ChIJt6pFsgsVXEYRDbOPnQVMa7Y
Eurokör Trafikskolan,ChIJbdgk7RwVXEYRchw1f-NzS5Q
Trafikskolan Här Går Man AB,ChIJoybIU-EUXEYRWTkc2MrpBxc
Örebro Trafikskola,ChIJwVxzaBwVXEYR-Jgpb4mcELg
Din Trafikskola i Örebro AB,ChIJJQ0kUvwUXEYRndFjwzVq3QI
Ratta Rätt Trafikskola AB,ChIJq057_RwVXEYRschEuk_Ztlo
Kalles Bilskola i Örebro AB,ChIJaVeGsv4UXEYRZZiw4RLUku4
City Trafikskola i Örebro AB,ChIJYZ3fDh4VXEYRYlJUfMuqsNY
Löwendahls Trafikskola,ChIJjY1c5VkUXEYRAVLw_83CvM4
Drivelife,ChIJMSlUstwUXEYRR3Wcg7scsiY
Windahls Trafikskola,ChIJU8wMgeYUXEYRzc9zyo10_PA
Josefssons Trafikskola City,ChIJEyfyvh0VXEYRNzJCF5io9vE
Dansantakossan AB,ChIJGwOqv_4VXEYR-gY_Dyi2I-4
Lundby Trafikskola AB,ChIJJxeoLtpjXkYROiz485ePqcA
Driveaid Linköping AB,ChIJS4qLUCFvWUYRewnOclYigXs
Trafikonline.se,ChIJX3rnRCtvWUYR7Zkfed8jhd0
Green Deer AB - Kumla,ChIJ_____54SXEYRj5RONWI7cZs
Ab Lillåfrakt Tjänst & Service,ChIJadEsBF8VXEYRZKwtm3l8uN0
SK TRANSPORT KUMLA AB,ChIJd-1veHwTXEYRjN2qpRQxcP8
E.V. Eriksson Transport AB,ChIJLfukbT0VXEYR9770QE6qbo8
Auto Transporter i Kumla,ChIJHQoXWAsNXEYR6kFIGYT13W4
Tobbes Kran & Transport i Mullhyttan AB,ChIJJ0ssW5N7XEYRWGb0RPsge6o
Åmmebergs Buss AB,ChIJgYEOmYLzW0YRHIzXRtICpXQ
H Dahlqvist Åkeri i Zinkgruvan AB,ChIJ6fS8BgrxW0YRextpiQe7jMs
Halleby Transport AB,ChIJAQAAANByXEYRjLaD2sqxmcw
Ehns Busstrafik AB,ChIJw63BXByTW0YRN7YW_zS5NbQ
Tågåkeriet I Bergslagen AB,ChIJEffZ8y2RXEYR3WQMi2sqhFI
Ledin Bil AB,ChIJO_RrMaxOXEYROKQj_l9P4iw
"NLF, Nora Lindefrakt AB",ChIJqxIcyK5OXEYRIUJvR0_6emc
Tine Frakt & Logistik AB,ChIJGxcegnLDW0YRS-Lqjb97r24
MS Frakt AB,ChIJz7BpBTIPXEYRfTzfF3qMZjM
LBC Logistik AB,ChIJTXafxM2LXEYREW9ntsLnWa0
MTAB - FIBAB,ChIJk0Hb9aEMXEYRj0KKtftL-Xc
Use4Free Släpvagnsuthyrning,ChIJNSpe_kUTXEYRn3iWEvkokAw
B & K Lots o Transport AB,ChIJu-OWtYYNXEYR4Xu_8OMc74w
Hallsbergs Missionsförsamling,ChIJWXPua2IMXEYRZAcghfDnq0Q
Vretstorps Frikyrkoförsamling,ChIJQRtxatB1XEYRYvCbVgxniCc
Rävåskyrkan,ChIJfSO9Hz-KXEYRAJ7r41N5RWM
Ehprint,ChIJW-pQwR8VXEYRkVsE8-esiNY
Profilgrossen,ChIJF2BsvoQVXEYRyJYhinqeVSU
Bording AB,ChIJk0PTtGcPXEYRkzPevqzFHS8
Textprint AB,ChIJn1sLwD0VXEYRLGuOih8Tp6U
Närketryck AB,ChIJFdEFCZAMXEYRQj6d-pJ7FSE
Rustung Etiketter AB,ChIJfZrHTT0VXEYRkwhcA3c7qxA
AB Kontorsrutin,ChIJbRvujxcTXEYRdq39BxQWa_M
Shayn Prints,ChIJe47oU3AVXEYR9TxV1EzfI6M
FG Larsson Tryckeri,ChIJH8X2T1ETXEYRMQdhJb9Y0h0
Kontikett,ChIJB6qDS5YNXEYR9w_FgMmnfbk
Ljungbergs Tryckeri i Klippan AB,ChIJ25_W9atOXEYRj5kBxgYvV_k
Industritryckeriet i Karlskoga,ChIJH_IVp9mLXEYRwi9yKlAEQL0
Prinfo Welins,ChIJuasm_EcVXEYR28M7xvFXU4o
NeH,ChIJVVVVVUoTXEYR923LmUatiNI
Pers Ved och Trädfällning AB,ChIJPbHEhxWLW0YRe9nVESjGUro
Punk Garden,ChIJjehBjFYTXEYR2fuZQDbLyMM
Akermans alltjänst,ChIJE7JwNGcTXEYR546JQ_jeqpY
Fanthyttans Fritidsmöbler HB,ChIJ84yA_4JNXEYRGIy6AV81-lc
HillTo Invention Sweden AB,ChIJtzKT8mAVXEYRVVBMbX07PJI
Högtrycksspol,ChIJ-VIoljGJXEYRvLSADjJWVSs
Ute Mark & Miljö I Örebro Ab,ChIJ0w0SqMAUXEYRf5H_pN5AZ_o
Pelargonien,ChIJwyTz8xRrXEYRozuNMkJABQ0
AO i Trädgården,ChIJ0ZEc_GQLXEYRvS_QGLfLugc
Trädgårdsdesign Ulla Fogelström,ChIJM4F5kPwUXEYRuYksN1Ite3g
KeBe Cykel & Motor Örebro AB,ChIJ72QC_pkUXEYRhh-TX4o-pYQ
Björka Trädgård,ChIJy04fogUNXEYRrACTLbEeC-g
Karintorps Tomater,ChIJpzM_IMsKXEYRHCa_nQZevGY
Olssons Magasin,ChIJQXEomlk_XEYRdJ6gyILP2wg
Erik Nordins Eftr,ChIJK1Fp9jwVXEYR-j7-HWbAfRI
Nerike Skog & Trädgård,ChIJTVKRvZsSXEYR9HcTgkyD6Lw
Åsbro Trädgård,ChIJ0RnNRPMKXEYRuHhg-L7YOFs
mykorrhizabelle,ChIJE6wn6IqRZ0sRNfdcv1Y-V58
svea design,ChIJ40s0JcKG2woRWvGe2xxI61w
Svensk Markservice AB,ChIJ_w60B3uIXEYRK-6-EKaXktE
Grenkragen,ChIJY2ehePUUXEYRJ11rB_oIyqc
Frösvidalsgräs,ChIJg5mEYXZCXEYRpTCrDrLN3Hk
Trädgårdsteknik i Mellansverige AB,ChIJSVL6nz_VXi0RZ4nJsEh5L38
Farmartjänst Kumla Hallsberg ek för,ChIJA_d8KeelX0YRi6oikots3eo
Mor och dotter trädgård och fastighet,ChIJlQHefLFBXEYR3dCfaDZTQn4
Örebro parkrun,ChIJpYLtahUVXEYRRudKm6VGc7Q
Nora Bergslags Veteran-Jernväg,ChIJCZKM3WhFXEYRmxeOe0L3-IY
Bollkampen Örebro AB,ChIJEZ8l0ZsVXEYR8ScudoU22y0
Rynninge Alpacka,ChIJdQzzTnM7XEYRKdP9eJd4LBU
Kvarteret Bryggeriet Nora,ChIJB3OPRENFXEYRA73G1Ag1C1o
Västra Fallets turridning,ChIJkyn7OK6zXUYRCu1N_aRZO0U
Juleljus,ChIJ_QqrvERXWUYRQa4VxG0j5ds
Lerbäcks Labyrint,ChIJ39KUaob1W0YRKm0-3iFpl68
Örebro Slott,ChIJBSxTjuIUXEYRy780BuRQqa8
Nora Turistbyrå,ChIJPV61CGhFXEYRLF5fxAJa9Sk
Karlskoga turistbyrå,ChIJ2cMIdz6KXEYRqELOiNJyYUk
Informationstavla Tivedens Nationalpark,ChIJz5vFeCCXW0YRkfVbVeVI4EM
SVT,ChIJfVGkS-EUXEYRhMUs_Y6KXY4
All TeVe,ChIJAQBEMCAVXEYR39eW799hkRo
Rikstvätt Karlskoga,ChIJ3wfySeeLXEYRltoUQVtfInM
Örebro-Tvätt AB Industritvätt i Örebro,ChIJRTu8XzsVXEYR29UiHkGXd4g
Tankclean Sweden AB,ChIJQ1SPVSAOXEYRhC4ZDKxFTOg
Tvättstuga,ChIJ6xoJHaINXEYRGkNnDNs-VGc
Textilia Tvätt & Textilservice AB,ChIJy77OxcQUXEYRorfHyikzHis
Elis Textil Service AB (tidigare Berendsen Textil Service AB),ChIJRwg3tsQUXEYRn8YSoPsW5hE
Ohlssons Tyger,ChIJY9YhVeIUXEYR9RJEbTEuUjQ
Nina's Tyger & Presenter,ChIJ5yMmvh0VXEYReS-iBNWqRhs
ZicCa FabriCs,ChIJpVgtjz1tXEYRqTulHqz8ddg
Event Sweden Örebro,ChIJYy3QXNoUXEYR1ToOZdQJjYs
Chess Lingerie,ChIJ8YpvEDyKXEYRogaDMvM0ATs
Glanshammars fritidsgård,ChIJhZDvi5Y9XEYRFVRPSO9jV1I
EFK Ungs Bidragsspår,ChIJX_OWDx4VXEYRSX7Dj98YimQ
Kristinehamns kommun Fritidsgården Bygget,ChIJZ0S9djGRXEYRGMSdeeNh9KU
Örebro läns SSU-distrikt,ChIJhdNj9OMVXEYRIPDprUxvdOc
"Institutionen för beteende-, social- och rättsvetenskap",ChIJH4tLzUQUXEYRfPb8EhmA8YE
Yrkeshögskolan SKY,ChIJbXZTk5EVXEYRhxVGwzFEEUA
LiU Campus Universitetssjukhuset,ChIJgWNNAyJvWUYRq_-xKuqh2t0
Ahléns Ur,ChIJq057_RwVXEYR8G-2pLTUgYI
Edwalls Ur AB,ChIJV0UhMeIUXEYRghssm387NJU
Stjärnurmakarna Örebro City,ChIJb4CFkuMUXEYRpQFx2UCtdEU
Mullhyttans skola,ChIJZ4MxoAZ7XEYRG-s6RQefAhI
Eliasons Hälsa & Utbildning AB,ChIJMVSx8uMUXEYR679Ne0qyiHY
KBT Svealand,ChIJeYk5wjgVXEYRVlhKSI40DFM
HLR Education Örebro AB,ChIJb9XEqrlvXEYRUNuZ29Y7cBY
Road Partner Norden AB,ChIJLWXiKNcVXEYRTXlE9EWtcb4
Nerikes Utbildningar,ChIJAQAAAJB4XEYRhzt_MGPLEzg
Intensiva trafikskolan,ChIJifXhjD0VXEYRA44o5wxyASA
Åsbro Kursgård,ChIJ1X92PegKXEYR0lXrFWGQAWU
Truckutbildarna Örebro,ChIJ_xDG7cYTXEYRcQFuoAOlPMk
Truck akademin,ChIJed_VqMYVXEYRGpOnrJO6xf4
Lexikon4u,ChIJ50ZmgOgVXEYRVaYZhtSkAgg
Eyra Education AB,ChIJ6ysv_vAUXEYRFvPH7Bj0TeY
Lernia Örebro - Utbildning,ChIJ8_vSlhYVXEYRyppT2XeF2zo
Hermods AB,ChIJt73GVc4UXEYRRfA8eOMCD_0
Nora Golfklubb,ChIJp54etLxFXEYRQuIHNePZ-_Q
Arena Utbildning Örebro,ChIJ0fLUZ54VXEYRrvYtxftPZEA
Örebro HLR AB,ChIJ922h9vE_XEYRhfgV1P_cQmI
MGB Truckutbildning Örebro,ChIJrf5qYc4UXEYRiFrAYk_XA3I
CSM NDT Certification AB,ChIJw49uZhKKXEYR7ffVB3a8Dxc
Englagård Livszentrum,ChIJ52BT3-kKXEYRcMdiBC4h38M
Football Love & Leadership,ChIJxXObsXTKxSgREmGbSP5LbC8
Truckbröderna Truckkort Örebro,ChIJ5eZIIWsVXEYRHP4-hgHLTrw
Trainstation Vivalla,ChIJJwEscNYVXEYRsGGGp3BAgu8
LAVI gruppen AB,ChIJVy0HQmwVXEYR-VYt7Nevm0g
Lexicon Örebro -Utbildning,ChIJZ4o6V-cUXEYRmhpX4vU1evo
Nercia,ChIJW7prBtEUXEYRcps2IywxhyE
wutbildningar,ChIJKe5GkZ0NXEYRBQLyn8Pl05A
Stiftelsen Aktiv Skola,ChIJ0TpS_sYUXEYRmM2Q8J4d_rU
Objektsupport Utbildning Sverige AB,ChIJ5T5T8-4NXEYRfPcCYaELDXM
Gröna Dalen - en del av Dunderbacken,ChIJNfgXaZdPWUYRsPAJVpj_uaE
Experitur AB,ChIJnRr7nxaNW0YRcUomraDIPak
Örebro ljud & ljus,ChIJBb-7V6EVXEYR82aS7cCqVe4
Sharp Business Systems Sverige AB,ChIJn57i88YUXEYRTgb-b-KoGNE
Prokont AB,ChIJA_lqioYVXEYRDVqu82r8fYc
Talli,ChIJ92m0VxEVXEYRdFRHH7q-UQc
Nercon,ChIJbcMTBPxtXEYR8EMCZtXKzmw
Setons Stuga,ChIJFegfixVLXEYRljpKnGshvME
Tiveden Boende,ChIJV4fqC_GbW0YRgxuvBBSqwMU
Villamaskinisten Pålsboda,ChIJ_U7aHaQFXEYRbrqPjUnoCa4
Skanska Rental,ChIJmYvOIMkVXEYRNMXw1V2Ktws
Hyrcenter Örebro,ChIJfaoqKMQUXEYR8C24ga0Rd-M
Colly Flowtech AB,ChIJmbXJlHMVXEYREhyohAgf4gw
Mariebergsskogens badplats,ChIJp48keS6yXEYRpM_5c29IYPE
Sannabadet,ChIJQR-QeypwXEYRi7wdd-MbedM
Particletrapglobal,ChIJ1yyaUF4VXEYRAQ1v0scZ5EE
Friskcentralen Helheten,ChIJ_frTXxwVXEYRRgXdPHajwPE
Fasciaklinikerna Örebro Lillkyrka,ChIJG9Wie4M9XEYRNk6B3Ismr3o
Stjärnkliniken Örebro,ChIJfzK8MioVXEYRpkqzeS5B7aE
Securitas,ChIJa9gefVMUXEYRcy1v7IQQT7E
Change Money | ChangeGroup,ChIJncMiUoMVXEYRf3y0LGMQTeQ
Exchange 019 Örebro Ab,ChIJ_1D4ox0VXEYRBlF-4bN9rtA
FOREX,ChIJbZI1uk4TXEYRDfggZde3RHc
Örebro City Vandrarhem,ChIJvbjNExoVXEYR6Ki_oYrVkDI
Hällefors Vandrarhem,ChIJVVVFWVcdXUYRSPAOgaicmsc
Vandrarhem hagastrand 10,ChIJTwxAHN4UXEYR7sh6ffSuI-o
Bastedalens Herrgård,ChIJZ8cZvX7tW0YRW97BmBOE-yo
Talludden Vandrarhem,ChIJ9wAxF0UKXEYROVGzeR3C7YQ
Vandrarhem Oden,ChIJl7QJhZUbXEYRrDCdql9rBKg
Stensötan vandrarhem,ChIJu3yfUh8VXEYRp8Qmup_ebYw
Göljestigen,ChIJpXu6wSpoXEYR0jJt7HIIW7A
Lockmora,ChIJcwZgfiqFXkYRDvOuXahV7r4
Rusta,ChIJAXcyDZCJXEYRUrVsLzotQHg
ÖoB,ChIJCZtIrfgUXEYRbpo9kTu5oxE
Åhléns,ChIJTY0M8uMUXEYRsX-_mMsiZnU
Biltema Örebro,ChIJ____zy3BUEYRrcBIwbRWSME
Granngården,ChIJd4QgnNdxXEYRpn6H6GABFDc
Åhléns Outlet,ChIJw8TwA3kTXEYRYeIqX8siNaQ
Gustavsvik Resorts AB,ChIJXU5n--kUXEYRt_-Kh9TeWKg
Polygon,ChIJVy0HQmwVXEYR6CGoP_ykxck
W&G Service Group Sverige AB,ChIJQ123N8XcW0YRO7ca8juTsro
Vätternvatten AB,ChIJyebigVQUXEYRBcjr3u7tWNs
Rörick Elektriska Verkstad AB,ChIJWd5UUFsVXEYRuDu8QvUa0tc
Örebro Lindarverkstad,ChIJS7DChFUUXEYRGhXoovcWdKo
Ahlsell Sverige AB,ChIJBYL27McUXEYRsI3sPdNYI-k
Hyrmaskiner Lindesberg,ChIJTzwusqxOXEYR4SmmVWlNFKI
Hilti-butik Örebro,ChIJ7e7UNLgUXEYRQ-YT71mGcV4
mellab verkstadsservice,ChIJvaS5f0htXEYRuCXJOn7Rm_s
Skydd & Verktyg i Örebro AB,ChIJdRr67scUXEYRyR17RY45Psg
Würth Butik - Örebro Berglunda,ChIJJ_oMmZ3zT0YRxkHuQw29qR8
Verktygsvaruhuset,ChIJX_BWhcgUXEYRVcRfpFo4SaU
Startools,ChIJI94LNQprXEYRtUK7CO4o8Rk
Wedevåg Trading Aktiebolag,ChIJ_RAq_6lH3goRAw4GS1wR5Q0
Dianor AB,ChIJw30kkFhFXEYRn8pOxQmVmd0
Wedevåg AB,ChIJHXRN5z9IXEYRuDJrD0QAX-s
EMUGE-FRANKEN AB,ChIJuZ_tdqMUXEYRpL8FNknjxUw
Autoglass Restore Sverige AB,ChIJd9MXAdxrXEYRBHz-T8nFvR4
Djurkliniken I Bista,ChIJ1y2744cVXEYR62jNFs8xtnQ
Djurkliniken Anima AB,ChIJT82ZH7gUXEYR-tSaFbfI9TU
Mälaren Hästklinik Örebro,ChIJZST2jP0TXEYRi3FRHDLfsro
Hund & Kattkliniken Bista AB,ChIJby0uw80UXEYRvxvGKMkX-hw
Distriktsveterinärerna Nerike,ChIJqxPimKhOXEYRiKd3U6PgKSE
Veterinären Bra Zoo,ChIJxZmoer8VXEYR2hwQBX5t70o
Evidensia Djurkliniken Analysen Örebro,ChIJqXfjZ0YVXEYRAbEJiuB7uNc
Videokopiering.se,ChIJAQAAZEkTXEYR16nhQOU3WEM
Digimera,ChIJ746wsDxnmGIRVHFNKPRga1M
Saigon Express Holmen,ChIJP7LBUzwVXEYRkp__acidLdI
Lotus Vietnamesiska Kök,ChIJdcvTo5YNXEYROx86rPtqEPc
ViktVäktarna,ChIJX0tdISYNXEYR7n2DVbwVbgs
Cavarosa Wine Ab,ChIJhVuo_iZvWUYRE_M27iMGzJc
Saxhytte Gård AB,ChIJVeMYAtjiXEYRuwMKr1F9wPA
Nivino AB,ChIJG39-cASHW0YRikljDM6dIoo
JBA Vind AB,ChIJ5843IvwUXEYRGfpNmonUNRE
DiMalda,ChIJDalC7YNrXEYRHzKdL3DArEE
FL-Bygg,ChIJpWl2xNgNXEYRQLUppw3J3gc
HTH Köksforum,ChIJwVFidDcTXEYR6-shyM20Vlw
Kitch'n Marieberg,ChIJPeWdkBcTXEYRDxUpKxherzU
Electrolux Home Karlskoga,ChIJKycf9zuKXEYRLe0tPPFivUU
volkswagen at Möller Bil Karlskoga,ChIJq6oWf82LXEYRGVM-hP1Q8-E
Volvo at Tage Rejmes i Örebro Bil AB,ChIJu5UlRF-LW0YRt5OHp9veOCY
Eductus Örebro,ChIJT6xXNOEUXEYRdsIuITqE1-E
Allévux,ChIJ255vGIgMXEYRMuLtO4Vuz9Y
Komvux Ljusnarsberg,ChIJIZU0oPuoXUYRtlmSnuxCK1c
Götabro,ChIJa7WvfzYVXEYRTyNx2d1wjIo
"Iris Hadar Karlskoga - Utbildning, Omställning, Bemanning & Lediga Jobb",ChIJ39nOIyeLXEYRIDF_Tf8rhlw
Piscator Ventilation AB,ChIJ66L0xMcUXEYRJ_4qBUqh2HA
Vvs Teamet I Örebro Ab,ChIJA_BkEB8VXEYRp8v3Zzuz7wU
Repipe Örebro AB,ChIJqbz4lNsVXEYRiWgzptqLtus
Rörservice i Nerike AB,ChIJZViLFXINXEYRHw2_hlPt_kk
Örebro VVS,ChIJpwsTux4VXEYRY3vFc0iKUw4
MEAB Ventilation,ChIJ00PevK0VXEYR1xW5yGgXCfc
Johnson Controls Systems & Service AB,ChIJPZP1OcQUXEYR71eg3rvSGDs
Lars Eklund VVS-Teknik AB,ChIJvRzwBUoUXEYRM20W56Dcark
Bad & Värme Örebro,ChIJ7fCX0CEVXEYRIRPymod-61Y
"Bad & Värme, Askersunds Brunnsborrning AB",ChIJT28tcw2LW0YRafE41sHfulA
Hermansson EL&VVS AB,ChIJ90u7-9qLXEYRQdw2KwMshMk
Rytab Montage,ChIJKw2VpgsNXEYRKIKm48xBC9k
IM VVS AB,ChIJhfHXjyBWWUYRFesGEiUAUq4
Tranås rörservice AB,ChIJqS1euNsnWkYRjkIlM3CrRRA
M J Fjärrvärme & VVS AB,ChIJqXBXJ4ZlWUYRENL8Qp11GDw
GK,ChIJHUWP48YUXEYR9gvu04xt-L0
Radiator VVS Örebro,ChIJAQAAAE1rXEYRhczIrZf9m5s
Nerikes VVS AB,ChIJASJbNGQNXEYRNs-Slhqhfrc
airteam Luftkontroll i Örebro AB | Ventilation & OVK Örebro,ChIJZcxxedRKk0MReDYCCGDvaRo
VVS Bröderna Sverige AB,ChIJ26ubxP4UXEYRP5E8rDM_1uw
A&A VVS SERVICE,ChIJP0d1vtkVXEYRLo2PWI7RUi8
Mhn rör ab,ChIJ4-U3raMVXEYRdPHDHREOLpE
A.Q RÖR & SVETS AB,ChIJ_YKXORUVXEYR0X5A621WBbQ
Hammar VVS Teknik AB,ChIJTfLIT6eMW0YRCDFQ0Gs91mg
Nilsson & Stenman Rör AB,ChIJAQAUKYaIXEYRyADTZN2xXLA
Reko Rör Närke Ab,ChIJ__8vHe8UXEYRFh9bX0Ymwxk
Bäckmans Rör i Karlskoga AB,ChIJIWZOj2eKXEYRxchvmBM1SGo
Bröderna Högbergs Rör AB,ChIJ966L_zcVXEYRy_3wjmxH40Q
Essén Rör AB,ChIJP_kaWd4UXEYRfreC5JUqsMY
Mälardalen VVS Örebro,ChIJ9zmQIqhsXEYRuRATI7TEEew
Rörtek Sverige AB - VVS Örebro,ChIJkS2ol1JrXEYRn7FxadXDMgk
Göthlins Rör AB,ChIJWx1-TS4QXEYR_HMzDaFfOjQ
"Bad & Värme, Närkes Rör AB",ChIJa2oSWuAUXEYRhbQCqsdLFNY
Åsbro Rörtjänst AB,ChIJLQrkXGV1XEYR0ZpOX4Gps30
Strids Naprapatklinik AB,ChIJ5843IvwUXEYRq6PfNGmC8ek
Storå vårdcentral,ChIJRaEffbGyXUYRGkSmBLmU0d8
Dagvårdsverksamheten Gryningen,ChIJc-jjLTuKXEYRHphfU5EIxfE
SiS LVM-hem Runnagården,ChIJlyibS8lqXEYRXPI4fj2c3c0
Älvstorps Vård- och Behandlingshem AB,ChIJY7LPqGpFXEYR4450zKAyFlU
Kungsängen i Nora | Bångbro Gruppbostad,ChIJP8LHNdioXUYRqwL8xvu5jr4
Akita omsorg,ChIJR9NN_CMVXEYRoCSz4kD0dpw
Storgatans Gynekologiska Mottagning,ChIJceUf76MVXEYR4a8TVG3CbKI
Legehuset Örebro,ChIJxe6I6gMVXEYRop5Sxf87RzM
Silogårdens kennel,ChIJawgt1Wr_W0YROdpktHjjpA8
Hyddans Hunddagis i Ur & Skur,ChIJq6qqqroTXEYRzJExgs5p1mM
Kennel Waterbliss,ChIJ__8DgSMVXEYRxL3VPRdTc48
SVEVIA,ChIJVW0qEFdrXEYRSCgdVit0zVs
Prickman AB,ChIJBcrpx79BXEYRUiK-eHvr2Uc
EKC Sverige AB,ChIJO3PvjAkOXEYR-MQn8TlusWE
Vägjobb i Sverige AB,ChIJpbIx4sMUXEYRyGQJ26wK63o
Barnensdator.se,ChIJD8ZRVsINXEYRJT55912gra0
Pennybridge AB,ChIJ_6IN_h0VXEYRTT_eRzOYFyA
Länsförsäkringar Fastighetsförmedling,ChIJU-0FymINXEYRTtr1_tboQro
Enwell Närke,ChIJ58BJjfETXEYRRK2tlrRdWAc
Stenmark Kamin & Värme AB,ChIJB0FRYY1bXEYRSq0Fl70hjRw
Christers Allteknik,ChIJJbytPlSLW0YR5k5-I8Zh960
Energiteknik i Örebro AB,ChIJTVirrJgNXEYR1XPyzYxatGM
Pålsboda BioEnergi AB,ChIJPTqvXIcFXEYRFk-YepE2VB0
Net Kyl & Värme AB,ChIJUdeIqGwVXEYRsTxppnUdmng
Nordic Climate Group,ChIJAQAAAE1rXEYRhesv7_Iz_v4
Dalkia,ChIJ-17HlT0VXEYR-knt2BawOGY
Lindesbergs Sotningsdistrikt AB,ChIJBe3d0F5JXEYR_mMXhX-9DBo
Edekyl & Värme AB,ChIJS9eyws0UXEYRZB400ifBkjw
Närkes Energiteknik AB,ChIJG3RFN8MUXEYRuJo9iJuAZ3k
Oggi bags,ChIJZ9Olb0kTXEYRC8t6JJt2ISs
Will Sportbag,ChIJqchtFmkNXEYRwFdlt-WOZrw
Rizzo,ChIJMT4zF-QUXEYRNEG2wAha_LY
Wimell Webb,ChIJU0IeUngMXEYRn95o1k20uJ8
EC-Logic AB,ChIJAQAAQBYVXEYRTtqo_cl7CDA
Gisselfeldt Reklam & IT,ChIJE3dnzgJvXEYRiCfBNwDlo9E
RICKAN webb & foto,ChIJoTNVklRsVkYRuL1jcuxao50
Pinevision,ChIJI84lzRsVXEYR0LUjIP_X_4c
Dream Big,ChIJlyDtXg4wEEgRA4A8OnRdTX0
Digital Information Nordic AB,ChIJqcCnCO8UXEYRycOwUPGNj_I
KGE Designer,ChIJ89buNMyHW0YR6DNZUi-qWZg
"Open Insoft, Webdesign och sökmotoroptimering",ChIJP_kaWd4UXEYRao5MZArmlkM
Yogamara,ChIJmXU7Zg4VXEYR-_ve7ttjjls
Cloud Nine Yogastudio,ChIJsT-7K80VXEYRYyuSkZqkEFk
Christina Hillberg,ChIJIVkt0_0UXEYR64iM7xI5E_w
Stoltz Yoga & energi - Månen,ChIJ3-2VlIMVXEYRFULL5sbkRrg
Jennies Yoga AB,ChIJyZDXJyQNXEYRy1U-Vp0eWaw
Lottas MYT,ChIJZ2ULD-oNXEYR-0t-NxbB0-Y
Regnbågsvävar AB,ChIJtZTmW0NFXEYRPoWFO8JB00M
YogaGarden,ChIJBa0icBeLXEYRZsu4sinZqx4
Yogaladan,ChIJjVN9774TXEYRXdjXlp8KIDc
YogaLife Örebro,ChIJyX-Oo-YUXEYRrkZD4LdEc94
Yoga & Jag,ChIJY6WjIhgVXEYREE7_VUVxX5A
YogaNatur.se,ChIJocaWQ0cNWUYRKlz2mEmUXUE
BeYogaFull - Din Yogastudio i Medevi,ChIJk7V0s2DpW0YRVGiZrKQZBXY
Amrut Yoga & Ayurveda,ChIJ18fsFeptWkYREs7gL_627Zs
Yogoteket Yogastudio | Yoga i Örebro,ChIJucWuPA0VXEYRt6znauQtxdE
"Yoga A Pihl - Yoga för styrka, närvaro och återhämtning",ChIJja0D-ucVXEYRZR2vxBsguic
Grow & Glow Yoga,ChIJiXegO5cNXEYR2HKlSCFWMwQ
JAP Yoga & Må Bra,ChIJZ_hBGZcUXEYRw6hxEsUC1qI
Indigo In Making,ChIJtdIuHhkVXEYRCL7Xx0OWQ_U
Sounds & Silence,ChIJsSyN3FZJXEYRf_L2CJmLkjg
Teknikhögskolan,ChIJT6xXNOEUXEYRAbqm9XLvSCo
EC Utbildning,ChIJXcNiUs4UXEYRnsQ8KQMgMjU
SveKomp Utbildning,ChIJ7zypWSAVXEYRNSo-zhWsVsI
"YrkesAkademin AB, Industri Karlskoga",ChIJbxY_Ni2KXEYRcgkjzNdOA3A
Sveriges Åkeriföretag,ChIJSbP-u0xrXEYRL7I07xydtXw
Scandinavian Sealift AB,ChIJ_5504AUVXEYRIwu0k2hHjks
ÖGS Bolaget,ChIJaVYlgU1rXEYRni7fM9Ki1EE
Bengts Åkeri i Örebro AB,ChIJOxvMD1drXEYRYivFpCfT6P8
Söderbergs Åkeri i Karlskoga AB,ChIJh8Z_y82LXEYRyhrAfNYvO6c
Calles Åkeri Askersund AB,ChIJr9qPvq6MW0YRSY95O6GoMBQ
Jardlers Åkeri AB,ChIJG5iDeaxOXEYR9M-sIgr8MTA
Oversand Transport och Bemanning AB,ChIJzzpt33gtpKMRkvibq7xQI1M
Hanssons Åkeri I Örebro AB,ChIJSVVplFZrXEYRqQehqjcmWao
Karlskoga Hyrservice,ChIJszTm04mJXEYR5HGIB9vAXRs
Trailercentralen i Örebro,ChIJg3uj3qkUXEYRMyj3r0-pdOA
Örebro Trailercenter,ChIJzXnbbnJPXEYRKQ5xHP3Kmro
SESAB - Säby Entreprenad & Släp AB,ChIJb19rJq9uXEYRbMhHx_qggWU
Husbilstjejen i Närke AB,ChIJUaA2mLqLW0YRRO1v8LgUao8
Krohns Husbilar,ChIJb_5URFOf7EMRgi9ZP-YBbLI
HYMER Center Örebro,ChIJeR5m0WcVXEYRcyn9AET2gII
Lekebergs Husbilar AB,ChIJX7QKD9NvXEYR489M-0NPt9s
Baronbackens Bil Ab,ChIJw7lQuTsVXEYRLbJ3xgNtXgc
Kalles Bilsadelmakeri AB,ChIJDz9BrVUUXEYRyakzYIRQZ0k
Subaru,ChIJAQBAFGcVXEYREcenLBYx7P0
Riddermark bil - Örebro,ChIJ7XDXg-0TXEYR6Nybl3MLJH4
Car Change Örebro,ChIJKQXuNhlrXEYRsljnONgxV9Y
Speedman,ChIJ6wx08RkVXEYRCl-LAhbH7SE
Nordisk Fordonshandel,ChIJn0EIq3t7XEYRvvk-nGm-824
Vibil Ab,ChIJo9kPwY-JXEYRFivl7JBwhDY
Carzone,ChIJ89EGBR8VXEYRtGE8xetkPkA
SkrotSmart Örebro,ChIJTcGyG9EVXEYR1D1-c5TJoA4
Närkefrakt Mellringe Återvinning,ChIJ6a6M22hrXEYRNzGhM7ti8Ec
Återvinningscentral Askersund,ChIJmTkEBFSLW0YRQAYK44wfj5g
Återvinningsstation,ChIJpTBUhx91XEYRTDoXN4znTFU
Återvinningscentralen i Kumla,ChIJF1v8tSYOXEYRgIPtxDT5D48
Återvinningscentralen,ChIJ5Z2c9_GIXEYRNBuhku-kH3U
Svensk GlasÅtervinning AB,ChIJ04_2TF7yW0YRMmBC1-EL5fs
Swede Glass United AB,ChIJlerwLlGLW0YRp8yGNp_UY3A
Reiling Unternehmensgruppe,ChIJjZwWvFeLW0YRriXedqzeNBo
Hyttsjö Materialåtervinning AB,ChIJrwRH1iNWWUYRXB8TFefgm6s
Källmo Gård Gårdshandel AB,ChIJx4wk0SSLXEYRYxNPIlMvS0s
Sirishof äldreboende,ChIJn25ks_0UXEYRBMVKcizJJKM
JumpYard Örebro,ChIJv90Q-WMVXEYR1gEQelDGmXk
Sörbybacken,ChIJESZpzV8UXEYRxIAwjP7Briw
Tiberias Eyecenter,ChIJ98CmlrhvWUYRafyS3OXLzpY
Eye Clinic i Nässjö,ChIJyeFoUO0DWkYRfhlAHZsDhZc
Direkt Optik,ChIJs4H9CeMUXEYRzG_z4iQG4uc
Askersunds Bryggeri,ChIJb5MjwN-NW0YRs3Ha55LFWJI
Her Mind AB,ChIJvZBjaJMVXEYR0UqKkn-thHo
Snickar-Janne i Örebro AB,ChIJLxMkRik9XEYRRgHepflLDqc
Cadfocus Form & DesignAB,ChIJbdGKxMcUXEYRO8wLiQSgGy8
Neuroförbundet Örebro,ChIJoe1YvuMUXEYRo4LHVDHJ9_c
Kumlanaprapaten,ChIJVVXp8nANXEYRxcl79q7hj-g
Deform AB,ChIJdU_uR9OHXEYRrcT7x8AlG1s
Billerud Frövi,ChIJ8d8CP7U5XEYRyfyXd9GkymQ
Lindesbergs Fönsterputs & Städ,ChIJNSZw8VhJXEYRPiBHXDyfaP0
Rima Seafood AB,ChIJbdGKxMcUXEYRwztw85TJzZM
Terapikliniken Örebro,ChIJwcCopxwVXEYRtLWzVAkg1DQ
Pasta la Vista,ChIJWxRgfFsUXEYRKEgCRuzJlxo
Folkets Hus Åmmeberg,ChIJh_11oITzW0YRYJtB47B3ltM
Wong Måltid & Marknad AB,ChIJAV2z1u8UXEYReTC1gr7uyzc
Xponera Media & Event Örebro AB,ChIJAQAAEPkUXEYR-MOVNt4YOOk
Pensionsmyndigheten,ChIJg8FCBx0VXEYRLxn3Gn-65kE
Stiftelsen Fontänhuset,ChIJIQ4D5_gUXEYRrBDJXViTing
Design S䬴a webb och reklam,ChIJ09FN43SKXEYR6HEDAXC2t5Q
Odenkvarn AB,ChIJQy6yc5AbXEYR47RUMt0NNUY
Industrisanering,ChIJDZp5uDAQXEYR9C8LlpGCxWk
Presennings-Service i Örebro AB,ChIJ8Wcr1z0VXEYRpvTHrl5X7dI
Werhahn Wine & Spirits Consultants,ChIJ__9PdRoVXEYRCTe1fPjEIVg
Ryttarcare,ChIJaX4FI9pvWUYR5jwk6tbzuKE
Laxå Bruk AB,ChIJYcsoLj6GW0YRr_szHkUjPg4
Sky Movies AB,ChIJw3wMjFsRXEYRtf_KYulOB30
Örebro Musikevent,ChIJAQAwTT0VXEYRfjRiWRXQP9k
Ergonomeva,ChIJAQBsfKIUXEYR1yiVaPfNsX8
Örebro Screen AB,ChIJ5zIuET0VXEYRbxpBAEcW7TE
Scandinavia Asia Food AB,ChIJEWacHT0VXEYRT6xbonkOkCY
Scandinavian Sales Force AB,ChIJZXpIWuQUXEYR7_ZB28D9WYg
Bye I Karlskoga AB,ChIJD_AQjUyKXEYRxikTszYRHh0
Logistikteamet Sverige Ab,ChIJZ_H9o1YUXEYRjzVJHauPzKw
Svartå herrgård,ChIJ5c7_c5x-XEYRnz48-EiiIqI
Teknik & Filtersystem i Örebro AB,ChIJ0VSxD0kUXEYRmiFiBQ6AryM
Presenning Och Kapell Örebro AB,ChIJsxZYToEVXEYRtBdeHM1Asj4
AKLA AB,ChIJaSu9yVWLW0YR7ih3W1pFsS4
Degerfors Rostfria,ChIJVwYVCvGIXEYRQKqmJ3Kb8kg
A&M Bergh Consulting AB,ChIJdxOQ4B0VXEYRrvY6e85QTiU
Nerikes Dentalservice AB,ChIJm8uazHYNXEYRbMpYP3U2Lh8
KCS,ChIJlfqf9Qx7WUYRmAu75KvsU6E
Bonum Advokatbyrå AB,ChIJ2VXc-RpvWUYRc3rwnSxRT4o
Advokatbyrån Bo Ström AB,ChIJcztLJiVvWUYRQdMVJGOdMG4
Advokaterna Nilsson & Partners AB,ChIJi3FwREs6WUYRaQUwOa5tvec
Advokatfirman Frisén AB,ChIJ1Wok0WzTWUYRUPj3QRHVy50
Agri Advokater Tranås,ChIJ09XJH84nWkYRUIYal00fAsI
Advokaterna Orrenius & Cederberg KB,ChIJBeJnhtDcW0YRdKk8TSainDU
Advokatbyrå Motala - NAB,ChIJSdjAO-zdW0YRkhX_KsXQX-Q
Advokatfirman Sandberg & Partners,ChIJTYvvF9HcW0YRgqAbkrUC_AI
Advokatbyrån Louise Kroon AB,ChIJi69FuZtvWUYRaGf4tDCYJFI
Kihlstedts Advokatbyrå HB,ChIJlexVYbI7WUYRRLB1f4ID_5Q
Ek Linder & Tesch Advokatbyrå,ChIJs2o-fjo7WUYR95mJafnCOIM
Advokat Johan Furberg,ChIJG1aPlTFvWUYRcxfhD08oSOQ
Legio Advokatfirma AB Linköping,ChIJ3237u_lvWUYR57mwz98NSlI
Crusner Advokatbyrå AB,ChIJpXVFgSNvWUYRsgT6AUj2cAY
Morgan Gerdin Advokatbyrå,ChIJO3OoeH5vWUYR43XhwbvvhkI
Lewis Langley & Partners Advokatbyrå HB - Linköping,ChIJl2jvLABvWUYR78nN4VeRKCQ
SPIRA Advokater AB,ChIJy1T6R4hvWUYRNQyMO9n5Tzk
Advokatbyrå Zeijersborger & Co,ChIJ4dmzpo47WUYRWeImhCipQmk
Advokatfirman Delphi Linköping,ChIJ_S6CWCNvWUYRkm-krvvGIho
Eriksson Nygren Advokatbyrå AB,ChIJS9H4wCVvWUYRd45fvF1_Z4o
Advokaterna Ljunggren,ChIJq6qa_NgnWkYRr0VMbCDovZw
Advokat Lucie H Skantz AB,ChIJO8DUShgtX0YRu1ZGpWB7XQs
Advokatfirman Rosén,ChIJQw0QfpXxWUYRoizJj9xHchE
Advokat24 AB,ChIJG0O4rWNvWUYRs2Cy3CcC_Oo
OCD Systems AB,ChIJVVXlPTpvWUYRB35K8Xt2B58
Med,ChIJebXra9LcW0YR3W_pQfCDMm8
Iuc Sverige Ab,ChIJi8kQaHxvWUYRkXC9bbz9fBk
Brand Event,ChIJdYqaFHtvWUYR6VEdbWPlW08
Koching AB,ChIJj8Up7yRvWUYRxkBylQjselM
Columbus AB,ChIJWQgeP3xvWUYR1AoUBIo1kZY
Optiqo Sweden AB,ChIJq6qqqrVoWUYRUVGd9K1pPDA
Heslyk Development,ChIJj8Up7yRvWUYRkYpDah3hx2I
Zacco,ChIJAQAAcMw7WUYRYUaeqmnUl_4
AS&B Executive,ChIJdy7Q0TpvWUYRUmfRfAo-CF4
SERVOJ AB,ChIJRULUVQJnWUYR7X1ENmHHL4c
Propia,ChIJmVvjU7M7WUYRe_Wq0up33WU
Serus,ChIJ4_BQzyVvWUYRNJcrYN6wjlI
Eco Plus Solutions AB,ChIJDROpKwZvWUYRXmdmKng3r14
AHG Omställning,ChIJAWWLN_xvWUYRS2ukM3U8jpE
Yrkescentrum Linköping,ChIJ9dHxHE1vWUYRno1kbqBLD00
MW Verksamhetsutveckling AB,ChIJAXIgWsYnWkYRw11lwJ_Annk
Semberg Ledarskap AB,ChIJ5edNbdspWkYR4PaaVtvRuy4
Neo Ignite International,ChIJvRyadeBHWEYRNAH5fkjVFOg
Happy User Ab,ChIJu2nTnxgVXEYR6vNBsL9CHK8
Nijm Redovisning & Affärsutveckling AB,ChIJxeErTCRvWUYRA2J7Al7tHFE
Extern Mötesbokning,ChIJAxPJnEXXW0YRo6q_Tz7nhJM
Exist Nu AB,ChIJkZa40HAtX0YRJPeoxclOMQA
Bergenstråhle & Partners AB,ChIJfXHcHABvWUYRnZuB9m_pq8M
Advice Sweden AB,ChIJn5P1mBpKdyMRCyqUfG3Pl6s
Interimledare.se,ChIJJZetTJJf0o4R-Hs36_hYDIU
Globalizer AB,ChIJo3DDnOVvWUYRGZ-472DafGI
Leg. sjukgymnast Anders Töråsen,ChIJ7bgcW8o7WUYRnO3R9nPZERE
Yogafarmen,ChIJXcSpj5FhWUYR1AecO5YJAj4
E-Akustik & Undertak i Östergötland AB,ChIJVVVVVVY6WUYR-UAgB5URBHg
NCSAkustik AB,ChIJp5luMZu9X0YRA6qJTS5q-d8
Vätternakvariet i Motala,ChIJpcrPa9DcW0YR9Nv-6eGR0eU
Systembolaget,ChIJ4Rl5LCiTWUYR8azZoCx5VOY
Åderbråckakademin,ChIJVVWF0RtvWUYRAzWUv1L4Ns4
Region Östergötland,ChIJaZKXECVvWUYRwo4jmkOEwwU
One-Step-Ahead AB,ChIJvSEqoxtvWUYRiQLoB9UZF5s
Östergötlands Läkarförening,ChIJhZuXbyZvWUYRjHPBB3EwsIM
Karlsborg vårdcentral,ChIJh3kUt767W0YRd3aXeGaeysg
Avonova Företagshälsovård AB,ChIJVVVVVTxvWUYRCvVaScYoaPQ
Familjeläkaren i Sverige,ChIJ4YwP1r07WUYRecVi6eMa8p4
Specialist Hälsan AB,ChIJj8Up7yRvWUYRqHsxeh9x67M
Linköping Altanbyggare i Östergötland,ChIJi9MHPUhvWUYRMxsUGE3goUk
Biofuel Express Station,ChIJ261QRudpWUYRGKFtprS15Hs
Hogstad Aluminium AB,ChIJdRe8DobWW0YRICOefJCG-g0
Falck Ambulans AB,ChIJ_____x4PWUYRKTWVyzIKCfk
Boston Grill Norrköping,ChIJg67L_6s7WUYRe95dyhIyofU
Bizzi Designs,ChIJpVGhYrZBo64RhubaGA78q3g
Anemonen SPA School,ChIJVVWV00FyWkYR_OI6iytowSU
Svemia AB,ChIJqY0ftCAPWUYRVJjfqyPiHbE
Antenn & Nätverksteknik ICTM AB,ChIJnXwC3YduWUYRnyiLlKGU3Qc
Larsbergers Antik,ChIJ-TmyEXxuWUYRGVpDfieCmQs
Nostalgikvarnen,ChIJUQSPfg4RWUYR5a3MJLRJskE
Linköpings Antikvariat,ChIJT9HtUjtvWUYRdpTl7hDqORg
Bok-Galleriet,ChIJzzkPjkw6WUYRqnEcVF0TR3k
Tranås Antik & Inredning AB,ChIJrXmht9gnWkYRhnYXRDJUxKk
Apotek Hjärtat Boxholm,ChIJn8Nctd4qWkYRVpVLCOOIJcE
"Apoteksgruppen Åtvidaberg, Tilasvägen",ChIJq84oFzcPWUYRl-Rl28rQTTU
Kronans Apotek Depot Mantorp,ChIJQZBI_Sh9WUYR1_wpmBbtk3Q
Apotek Hagatorget Söderköping,ChIJB0wfZmMjWUYR_PRsosfmJ6s
Premedic,ChIJVVWF8S9vWUYRNoyVfbDnTPI
Apoteket,ChIJzZ5Lq_I0WkYR76P8OUNIJe4
NORMAL Linköping - I-Huset,ChIJVUjecVppWUYRO0EXw4NtGjo
Arbetsförmedlingen Mjölby,ChIJS4JkUFnWW0YRKTkagOvjfs8
Clustera Valdemarsvik,ChIJPaArAJL7WEYRQNDNy9bMlt8
Miljonbemanning i Finspång,ChIJgabWosVPWUYRPHPMZo5xCqs
Crit AB,ChIJVWVDk7g6WUYRDjAbkFnfgy0
Picab Bemanning AB,ChIJJaf2PdP6WEYRNr3Sn50r8z0
Jobbkompaniet Nova,ChIJwxO0NJg7WUYRRImhpPn-Pic
A-Karriär,ChIJ6_TkuG47WUYRf6I6IuxK1Xk
Aventus,ChIJfYEmQC1vWUYRtqmCGytxWK4
Ericson Human Resources AB,ChIJZ5BQx-JuWUYRISrpuAR1GGA
Startkraft AB,ChIJbfdTyyVvWUYRxw_QJWWbWZw
Work for you - Rusta och Matcha,ChIJy05FfvRvWUYRQTEFwjYlhws
Q Bemanning,ChIJCQo5-SRvWUYRWYhCF3vbnMQ
Jalla Jobbcenter,ChIJhbLiKyFvWUYRX92DVjpuSug
INDA Utveckling AB,ChIJTQJFKVJvWUYR4x2hYVdqZW8
Guldjobbet,ChIJQ5oXXgA7WUYRJdcnhDdcm6g
Arbetslivssupport i Östergötland AB,ChIJI1xZRFI6WUYRADb0n32hdFM
EnRival Rekrytering - Rusta och Matcha - Motala,ChIJ2-5eBJfdW0YRQ2W2olSTMHg
Arbetsfabriken,ChIJS3wQdkeV60MRmQeWX1l_azI
Ecoplug Sweden AB,ChIJgf7PMzcPWUYR8EvDUd4S7_A
Hillsen Trädfällning AB,ChIJBd3mN75-X0YRg7pEtUP3GIg
Arboteket,ChIJ011BXTdvWUYRbIzRc4rqQbg
Treeguys AB,ChIJv_jWAHdDWEYRUMEOy67Qo20
ArborEast,ChIJGZHzcVLuyIcRelIhanQY-OM
Skoglunds Trädvård AB,ChIJk5c2ynkyeS4R5SH46C_4fwY
Motala Stubbfräsning,ChIJ01UysnKkGQARtGNyGJv2pH8
Lindbäck Arborist och Trädgårdsdoktor AB,ChIJS8zRQDFvWUYR49YyMjlFKnk
Mjölby curlinghall,ChIJNyOomEXWW0YRARfm47cUsGY
Saab Arena,ChIJWfZm6VfD60MRqjhJXFaQ96s
Mantorp Hästsportarena,ChIJKTa19CZ9WUYRDLLeT4ECaTg
MRD Design,ChIJczwavmH7WEYRjZ7437IwXJg
Byggsikt,ChIJ0TRDcig1WkYRAsWnBLmc-vU
Winell & Jern arkitekter AB,ChIJ52ak_iNvWUYRWdcLkHyZBtk
FAh Arkitekter,ChIJmd4vwCtvWUYRQg0L0P0euko
Sonark Arkitektkontor AB,ChIJ2YK__i9vWUYRMoSNHYWknvQ
Tranark AB,ChIJaUFuKNknWkYRW5VX1Q0ykG4
Kärnhus Arkitekt och Försäljning AB,ChIJBTsUwfMnWkYR-9HOE-ZkCY4
Åwl Arkitekter AB,ChIJZyMAS7U7WUYRkGrzJPfkI7U
AG arkitekter AB,ChIJdWwRDbM7WUYRtPpmcy7mcuA
Gudmund Israelsson Ingenjörsbyrå AB,ChIJ6QkZhyRvWUYRbQF8bB869TA
Tengbom,ChIJAQAAOyRvWUYRRAnDVSFzYfY
Carlstedt Arkitekter AB,ChIJVU4rEXItX0YRH-ANUo_KTBI
M5 Ewehag & Nilsson Arkitektur AB,ChIJP7xwDiZvWUYRNtPMFkRNPk8
ARKIGROUP,ChIJZXIhkaRvWUYRecC1bbyefT0
Hallkonsulten,ChIJlwIzeso6tI4RIPa_aL1RqCg
COLLSTE Arkitektur&Funktion,ChIJ60HCLyJvWUYR6SvZH121Sig
Normaimages,ChIJbXyINSWgP6kREGtdqS_z6a0
Snäll Arkitekter,ChIJkwDOhvt8cmkR4OeZ9RimJVA
Globark AB,ChIJYe9x2RCQlY8RWIkwjBov76Q
Nano Arkitekt,ChIJa59Y8qSu9k8Rvbnf_Pn3JeM
Bildhotellet AB,ChIJe_xglnHjWEYRYtgwL64Wsmc
Östergötlands Arkivförbund Ölfa,ChIJ9wPt9jU6WUYRJJ-grZ5Mpkw
M/S Tumlaren o M/S Amigo Fisketurer o Charter,ChIJv-GumYymU0YRDi4vt8Uf1QA
Kajakparadiset S:t Anna,ChIJKTHxbJ3CWEYRad78bmNJyJg
S:t Anna Kajak - Tyrislöt,ChIJW-CsfIjpWEYRBc76AWixZXk
Do the North,ChIJL4u-r77CWEYRpDHhJ-7OAUM
CarboComp,ChIJpUwn2x9sWUYRybUPz8KHrB4
Asfaltsgruppen Öst AB,ChIJ6VzVES_DW0YRgfREktZnTis
Peab Asfalt AB,ChIJzSlqR0pvWUYRc0yUld_HZQg
Hey Lucy Dinner Club Linköping,ChIJdXAyHiVvWUYRST7ZuSBxJQo
Sau Ubon AB,ChIJvyY_t9pvWUYREjgkevZ7dlg
RAJPUT FOODS,ChIJ79-WIPC7U0YRcsKHj7SnHys
Chill Out,ChIJ6ycsjdDcW0YRrdXloJHhVXk
Viet Food,ChIJycmBFrM7WUYRwXRAuicCVL8
Wok & Sushi Ning's,ChIJzwuIpEpPWUYR8O4cSMnoOmg
Mamma La Mian,ChIJX2facgBvWUYRt0s-T1TIrmY
Spicy WoknRoll,ChIJ1RGIuAZvWUYRfnbHDvxi_FU
Yamyam Wok,ChIJSVZ-xDHDW0YRCGLS1EjGznQ
Koi Sushi,ChIJUR-tEBw7WUYRS3nkEasv_BQ
Soja Sushi - Sushi i Norrköping,ChIJ2elB0Ow7WUYRcrrqp9JJVXA
Campo restaurang och bar,ChIJFR3rdnJvWUYRYgsEyKOThdY
Rosegarden,ChIJg4eGqLM7WUYRDtcK9dPDsTI
Kina Thai Tornby,ChIJU-8kNk1vWUYR4NLXsc5vrR8
Little Tokyo,ChIJvblO7SRvWUYRewF5iycncGc
Sol & Ris,ChIJEbqftjtvWUYRZu7tNoH6OB4
Salles Auto AB,ChIJpe976EU7WUYRHMEtfqc9T6I
24Fritid AB,ChIJmes29gdvWUYRt_rFpvqbHcU
Atv & Fritid,ChIJrc6yFlIiWUYREjvVWfiKkoM
Audika hörselklinik Norrköping - hörseltest & hörapparat,ChIJLxwfzrI7WUYRfXWn-NHsMb0
Östergötlands Auktionskammare AB,ChIJxcajYXdlWUYRzTTGzPF9SVI
Auktionshuset Thörner & Ek,ChIJ4zoPUgndW0YRg0Y8e1jySAg
Olséns Auktioner,ChIJA77aWUo7WUYRuOK7BELiyDg
Sajab Auktioner AB,ChIJQYeRe7fpW0YR2Yk1naSDu20
Auktionshuset Gomér & Andersson AB,ChIJA5hGSjZvWUYRbekDoWjnh5o
Grant Thornton,ChIJhRvx17I7WUYRgKnOAUTOXuw
baks & co AB,ChIJ2eZFYj5vWUYRuIeX6efH8-M
Rådek KB Nyköping,ChIJO1OfUHAtX0YR9QQZ1jX7Qpg
BDO Linköping,ChIJ1X4YGCNvWUYR7gJXbU4GeA4
Belami Plåt & Lack AB,ChIJl1EvTs1uWUYRDvWlyy6I0cs
TH Bilskadecenter AB,ChIJwx5L0E86WUYRAxQ-mEHVmiQ
GLn Conveyor Systems,ChIJO-cOw3LFW0YR-r_eVuTA6QI
Industriautomatik Norrköping AB,ChIJVVVVVR46WUYRbsnD6FUjHko
InCTRL Sweden AB,ChIJ88LdJM1pWUYRprz9T7NxxzY
Elcontrol I Norrköping AB,ChIJZR4V2Bw7WUYRHzMZY-wfvh4
Motala El & Automationsteknik AB,ChIJT014CvDdW0YRiJ_39ZE9FgU
PreZero Recycling AB,ChIJS-SpNVY6WUYRQEx0XBeaB-I
Quatra Sweden,ChIJDxGapCo3WUYRU_mOWFiw3SM
Veolia PET Svenska AB,ChIJX5NfkGE6WUYRxKN-I755r68
Verdis Ab,ChIJraf1E81uWUYRj96NVbntBKg
Svensk Biogas,ChIJE-xxYtFoWUYRDWeQCJhG7pI
Pinpointer AB - Linköping,ChIJswDvGvxvWUYR3U65GLuOPUI
EWGroup AB,ChIJL654UDJvWUYRCTDAf1smCt8
San Sac,ChIJ739D0aFuWUYRaezYqDGELdM
Econova Recycling Ab,ChIJa8K8Ekw3WUYRqM-3y6w-hyA
Tranås Renhållning AB,ChIJkxxP0bEnWkYRqlRRCOM5WMs
Renall AB,ChIJmZHNNXZpWUYRz3Vyw3QJTps
Stena Recycling AB,ChIJnWf3ylbXW0YRUrk-M_xVlfo
Swoosh Norrköping,ChIJb1QkMQM7WUYRk6fYfc2gAHA
Conclean,ChIJJyECKu-EXkYR8DdnZaVUOqg
Babya,ChIJx5pVAa1oWUYRT6T1e2eFTQM
BabyWorld Linköping,ChIJ7coOFUNpWUYRqxBNnZLlOK8
Arena Grosvad,ChIJsfSTW7tPWUYRT7FVoKQ1Lys
Iduna Stockholm,ChIJY7izTi065wIRoEhWnO6V3k8
Stureforsbadet,ChIJHWl-x4ZtWUYRmSE9x2ROE-Y
Råsslabadet,ChIJzTQlHzQuWUYRJWGYjO8SYlI
Lösings Häradsallmänning,ChIJiSiOtDcuWUYR4l4DSdaj2pE
Varamobaden,ChIJ-aQTkNjCW0YR5g4wwW0T8YU
Korpen Motionscenter,ChIJjU10LyGp90YRRbWMjIfK0ek
Föreningen Valkebobadet,ChIJzU_yB5VkWUYRUSRtsVU_mo0
Lemur i Boxholm AB,ChIJaVRiYt8qWkYR4s60n6WwY0U
"Renovera Badrum & Tvättstuga i Norrköping, Östergötland",ChIJg1sdTbQ7WUYRez0Z5IZHwkY
CityBygg Linköping AB,ChIJq6qqapxvWUYR5rBpJhjT6iQ
Bad och Kakel i Linköping AB,ChIJo77gLEhvWUYRHpTPkXQLemU
Elitplattsättning AB,ChIJoeSFo7k7WUYRTCN5j80qzb0
Toftagropen,ChIJSbGonfel90YR4YE6WZ5wipo
Bageri Normandie,ChIJhzNK99dvWUYRQWKwaZNN5HM
Lindahls Bagarboden,ChIJYd8cizc6WUYRiL-LfxJiMEw
MK Bageri,ChIJxdK9EgBPWUYRjX8ndBZWrck
Södra Hembageriet,ChIJ1-U8trE7WUYRycDrAy93mTo
Ponduroza,ChIJ2S0ZRhQXWUYRBM9FOgbVhIM
Söderköpings Bageri,ChIJAQBA1f86WUYRB1QhaaHBu_g
Mob Modern Orient Bageri AB,ChIJl1EvTs1uWUYRYp_uHZNiCa4
Degverkstan,ChIJA8RuutgnWkYRqIgfpxyrTgo
Märtas Hembageri,ChIJ52S4QegnWkYREnL88lYdXKc
Ronaldo's Bistro,ChIJYVXfbiZvWUYRSDqU3rj5Wds
Väderstad Centralkonditori,ChIJhRXiMRjSW0YR9Aly7U-gtRA
Bageri Hamilton,ChIJ1deepcTFW0YRrQgJxlAALsM
Lysing's Konditori,ChIJL9ZpkJI0WkYR9ulfyJqtr9w
Tannefors Hembageri AB,ChIJgx-ZJdluWUYReRVbGjOCSJk
Desserterie & Catering,ChIJpWdCJApvWUYRX007i5pqIQA
Linds Åtvidaberg,ChIJ6ZFGOjcPWUYRSle8T6SRxjA
Saras Bageri,ChIJQasfMEw6WUYRvAHoWMCBFRs
"Fallabagarbod, Wahlström, Sven-Olof & Annika",ChIJt3zvwWsnWkYRIOWZmnxKP-I
Din Bagare i Skandinavien,ChIJwzA-30Q_FqsRrOSzTcjjXQE
Freshbaked,ChIJFUP2McXa5ggRE0PwZ0MuJVE
Diversis,ChIJT0uaekw6WUYRH53u2jJLscs
Asm Foods,ChIJzY-U4WDWW0YRTzDz1QKH9ZU
Åsö,ChIJVbrdTjcPWUYRKQBHXUWf3R8
Runex AB,ChIJa4XEuZtPWUYRcwVq2J0rReY
Swedbank AB,ChIJC31ViLIjWUYROGi-3dGBQ3g
Åtvidabergs Sparbank,ChIJD76iPTcPWUYR3T9-cWEXuJA
Kinda-Ydre Sparbank,ChIJxWBl0SmTWUYRcJgcA_zgNyA
Sparbanken Skåne,ChIJV1dPQVt9VEYRKFCh464-AK4
Tjustbygdens Sparbank,ChIJ5ZeLwlBQWEYRJibBpwdHRiA
Lönneberga-Tuna-Vena Sparbank,ChIJ9bQn6X0xWEYRXlnMM7LxJOc
Sparbanken Sjuhärad AB,ChIJ3cU6eJGjWkYRfwDhWwjn56o
Sparbanken Gotland,ChIJo-d0mhMJ90YRLyVjo27kw2w
Kontanten,ChIJ5xcgqEqDU0YR3GwnQjIsGh4
Uttagsautomat,ChIJAWNwhYgW90YRZGC0t00NLFg
Sparbanken Syd Ystad,ChIJO3-urF19VEYRIDQSpDbXMak
Åkerbo Frikyrkoförsamling - Högliden i Bankekind,ChIJhVAc0MdsWUYREGwv2-IKnj8
RumpanBar Norrköping,ChIJ-z-1JQg7WUYRvgJEaTZvtJo
Queens Pub,ChIJjZKyAiVvWUYRRwTal05rpO4
Star Bar,ChIJW1Ulq7Q7WUYRTgNx0SsgO9Y
Shotluckan Norrköping,ChIJlXVt0CY7WUYRF7GFO7Qij4U
VilleValla Pub,ChIJY8gJAj5vWUYRGbTfeXImyyY
Hirschenkeller,ChIJXceFE8N3X0YRKX1q69N4-xA
Kappa Bar Linköping,ChIJjbUg_oFvWUYRQRRdrdoKhPE
Polarn O. Pyret,ChIJJaoW6CRvWUYR5SbKdAkvOS0
name it,ChIJT-zEGPU5WUYRn9WwZj4gQq4
Barnmorska Åsa Österberg,ChIJS4qLUCFvWUYRot9DNLkq33Q
Stjärnbacken HVB AB,ChIJAQAAAMAsWkYRm1wOxDFDOLs
Svartmåla Bastu,ChIJv0DXFqpzWUYR41pObHzmVmA
Granviks Bastu,ChIJ7-wYS_C9W0YRm1jAkSi15Y8
Ligna Energy AB,ChIJfXnM2po7WUYRuRGAjQ2mPKw
Team Gotland Volleyboll,ChIJl9rbji2p90YREZvBBb7idfU
Sankt Anna Bed and Breakfast,ChIJI_zPUDTmWEYRDoSKEfNh-zo
Ydre Bed & Breakfast,ChIJPZkxydeSWUYRJRJbOYmPLXo
Kullagården,ChIJcy28Zg5hWUYRYvh7syWVJbM
Hagneryd Gård,ChIJL1_v5zlHWUYRNzCHEBkvQ5A
Thorstorps Gård HB,ChIJ6TrMHOIiWUYRrNq8EXdrxnY
Fiestad Farm,ChIJRxw25-d9WUYRYAjqLIoTD8k
Roxtorp gård Bed & Breakfast,ChIJo3Jb0ctCWUYRNz0qpYz5pSo
Björka Storgård B&B,ChIJt3e48-fnW0YR065dJjetV4Q
Spångholmen Bed & Breakfast AB,ChIJz0iEhGR9WUYRaDsjI4bOroM
Kungs Starby gård Bed & Breakfast,ChIJF2il19nFW0YRvZsMr1T6KCI
Tummens B&B,ChIJaUzO1MHFW0YRSlsp48i7Quo
Bjälbo Gästhus,ChIJcd5mKvjQW0YRMqEsmwfo_Jk
Björnsholms Bed & Breakfast,ChIJT9QyGi5XWEYRZvUDv-vBNIk
Pensionat Hogården,ChIJ9QCntWXVW0YRi4GVSuwSEj0
Jakobslunds Gård,ChIJf1saNhZrWUYRpsyNXjWvm3Q
Änghästhagens Bed&Breakfast,ChIJmZ57t-DlWEYRNYEd0ogTKxY
Stocklycke Omberg,ChIJaTl0VVPLW0YRVujTFZjlChs
Kallerstad Bil AB,ChIJ55IK1cJvWUYRSpyG_5p94T8
Koche Bil AB,ChIJY2p-_0hpWUYRg6PDDJ3tNPY
Bamas Bilar AB,ChIJw8sFz0lpWUYRfvuf62L5noA
Transportbilar i Linköping AB,ChIJ_____8xuWUYR_OdQ3wO5NqE
Kvdbil,ChIJrbAse85uWUYRDK-7d0W5dgM
Mitsubishi Motors,ChIJmw_HDAE7WUYR9uTDfVvft4c
viköperdinbil.se Norrköping-Risängen,ChIJJbUfGfk6WUYRaGfEI7rndtQ
KVD Bilpriser AB,ChIJrbAse85uWUYRCjCSv1mESp4
Skattegårdens Handelshus,ChIJfSghgpk0WkYRTzykVQQVkno
Fonus Öst,ChIJpR3ewnPhW0YROlPHENrRsGw
Östgöta Begravningsbyrå,ChIJocVIpe5PWUYR5uFfh7OuuYA
Finspångs Begravningsbyrå,ChIJwR-_stJAWUYRv31Ap_n6MDk
Kinda Begravningsbyrå AB,ChIJD6S3PZKiWUYRfwkHfz4dJFg
Kyrkans Begravningsbyrå i Kinda,ChIJnegqF5GiWUYROpzNRf5CCpM
Ljusets Begravningsbyrå AB,ChIJJzGOa1BnWUYR-am8mOTPtKI
Åtvidabergs Begravningsbyrå,ChIJCxiWHDcPWUYRBO7qzCCHpGM
Wårhem Begravningsbyrå,ChIJrXesdToPWUYRH90sY-nzIwI
Begravningsbyrån Farväl,ChIJN0aSwsbYWEYRWPjX1_crJRE
Strandvägens Begravningsbyrå,ChIJC_ahE283WUYRXAZ3JPy06ac
Borensbergs begravningsbyrå,ChIJR2gWKNbfW0YRcorGFKi3CEE
Muslimernas Begravningsbyrå,ChIJ-9S0DaAtX0YR9l1IalAvkLw
Fondkistan,ChIJHQAk6P_lWEYRKvpNBqiH4C0
Axets Begravningsbyrå,ChIJVbtTEXMjWUYRjPHbioOHNaU
Lavendla Linköping,ChIJsWZ8-ThvWUYRFVty6vTsCQs
Lova Begravningsbyrå Finspång,ChIJc0EdMCZPWUYRr6VaWaTiLmk
Nanolfsvillan - HVB Finspång,ChIJdZpuc-ZPWUYRe7W_boWFSpo
Gotländska HVB,ChIJlTyg4uIN90YR4UVO93-dRug
R&A stödboende,ChIJ2f83gjep90YR8W04lrevFwQ
Risingegårdens Behandlingshem AB,ChIJp_gGp2FPWUYRDjfE_eyh-No
Brinkens Behandling,ChIJrXmWAd5uWUYRJmg6sG1sGVk
VAL-BO Behandlingshem,ChIJ6Wyag2M3WUYR61Bz3wlogCw
Ekotopia.,ChIJO1Rq-P4eWkYRaGQBFl8zu24
Livento AB,ChIJC9rGlV87WUYRo9MAOXuODOI
LA Teknik i Söderköping AB,ChIJEySFZfciWUYRRoYZ9mZGsxk
STYRELSEPROFFS SVENSKA AB,ChIJbWbXSbZlWUYRfcCoO1-SJOM
Nickes Åkeritjänst Östergötland AB,ChIJ_ephSO05WUYRyk1Fufs8r4M
Idoc AB,ChIJAQAAZLM7WUYRNI-tjxskYzc
Framtiden,ChIJRQXOC3xvWUYR1rCaUQjsfts
Bravura Linköping - Bemanning & rekrytering,ChIJKzu6pRdvWUYRyLQ5uO8PSkU
Adecco Jobbcenter,ChIJvZva_TBvWUYRXa1UOqf7vRM
Mercuri Urval,ChIJn0N89yRvWUYR1roeTZsS3ms
Ikett Personalpartner AB,ChIJsXfn-xVvWUYRXoJFUGbkKxM
Unitalent AB,ChIJTd6Y7PFvWUYR3PJnvMjZmMQ
Modis,ChIJ56Ut7-ZvWUYRWc6c-T-wrMs
Klara T Ab,ChIJqZxHJiNvWUYR_-TeiDzlGFc
Gryllus AB,ChIJ0Vk_ckBvWUYR3H3XSQF-xF4
Worlds market filial,ChIJ_6JczdM7WUYR-wi_3obqCok
Sport Bemanning AB,ChIJs4E0pPQ7WUYR9UPF-k5XSZw
Scandia Bemanning AB,ChIJAQAAAMncW0YRFZCOfvSJLG4
ByggLove Bemanning AB,ChIJhaI02Vo7WUYRUb0PWnRxMLQ
Prestigious,ChIJR332v4Q7WUYRno_DxA_nnzE
Poolia Linköping,ChIJHQjO0TpvWUYRlrHSD7nFJBQ
"TNG - fördomsfri bemanning och rekrytering, lediga jobb",ChIJt6XgkyRvWUYRfeEUPSObejA
Linköpings Lotsbolag,ChIJSwrnLwZpWUYRdZtieqlk9H4
Manpower Mjölby,ChIJAySeuLLXW0YRM2M0SQgNN1E
Academic Work Linköping,ChIJXyEXGyRvWUYRNAAb-dKXjUg
StudentConsulting AB,ChIJ05n5Y8o7WUYRfFNuYJF0zwg
Uniflex Sverige AB,ChIJEzXA-so7WUYRzjjv82ozJyI
Job&Talent Norrköping,ChIJj_h6erM7WUYRPYzIqUWpkAI
Montico i Linköping,ChIJFyqSrhpvWUYRdybZ193Rq30
Abusina Care AB,ChIJGz2RT-huWUYRUxJ6LUzFs38
Veterankraft Norrköping,ChIJRTr7TDQ6WUYR2QGt8Zkq7RA
Logent AB,ChIJ-W-cD0s6WUYRc9ZNL1VYE20
S:t Anna Handel AB,ChIJ09sE3RvoWEYRSggf71cr4oA
Paroy Österbymo,ChIJ8TUuyu2TWUYRcKgn4i8sRGo
Qstar Östra Ryd,ChIJeXHym4IXWUYRL8acZz2J_Do
Frendo Kisa,ChIJI7wpQJOiWUYRWFRwf6mwQ5U
Gulf - Mantorp,ChIJkaWdVR99WUYRKwwH7QREgSU
Shell,ChIJ362olS1HWUYRYVumxoBpHas
St1,ChIJtZtV0TNHWUYR_GwL6sorYsY
Energifabriken HVO RME Adblue,ChIJexLGda3dW0YR58T5HAmRu-Y
Ostkusten Energi,ChIJ38r75x_vWEYRZ43w4JSnCLc
din-X,ChIJ-z5WcjvLXkYRlTHfjBrIfwU
Ringarums Bensinstation AB,ChIJ__Hm2_rhWEYRKPAovrWfsYM
TRB Tankstation,ChIJs5BmLafXW0YRmMEvxCP46Y8
Clever Laddplats Elbil,ChIJSflRr_t9VEYRoguphJfCmuw
Tankvärt,ChIJv-rausqo90YRtsnsTOW9r2Y
Circle K Söderköping,ChIJA7Zx8asjWUYReGy8OOy3OgY
Preem,ChIJn2n3dUoPWUYRc_c4xj3S-1k
MDB AB,ChIJAQAAAMncW0YRAdsfGWkE3xk
GOLVTEKNIK I LINKÖPING AB,ChIJbUhI1DNvWUYRNqYx5lac-Rc
S:t Eriks AB,ChIJ2ZbvmMpoWUYRjVZnT5koMiU
Nova Betonggolv,ChIJI7MgDfXWW0YRfKx1TDwaODg
Betongindustri AB Betongfabrik Motala,ChIJdfjVRsHCW0YReud4O0c3Sa0
BTG Demol AB,ChIJj_jvZ6s7WUYRCueE6M-f3Es
Svensk Betongpumpning AB,ChIJlUA4rZg7WUYRE4OXQJqDLbU
Svensk Industriutveckling AB,ChIJgSuCj8k4WkYRuDQdlYP0dFM
K-Prefab AB,ChIJ9e2FcNCjU0YRCLlNZzP86eY
Tranås Cementvarufabrik AB,ChIJsR2TBbgnWkYRQdGu1v9CKB4
Heidelberg Materials Betong Sverige AB,ChIJoSHB1cHCW0YR5bIJAS-oBqE
Nybro Cementgjuteri AB,ChIJIae0Tsa2V0YRFsbv0PQtBf8
Öna kulturreservat,ChIJJY9rAMR3WUYRVQGMjO8iESM
Vadstena bibliotek,ChIJNymEJaDFW0YRv9Az8v98VzQ
Glitter International AB,ChIJl96MojUiWUYRa5aKJ-7ir8E
Besikta Bilprovning Finspång,ChIJV3GQ3ptPWUYRB6ABrsEJX5k
Opus Bilprovning Kisa,ChIJI_k6vu6iWUYRDMPWO2qBSVs
Husfoto,ChIJK_S7PKBuWUYRBaF56OW2nG0
Johnér Bildbyrå AB,ChIJiXdd5Pl3X0YRMq-FQyAfnrI
Mjölby Vagn & Karosseriteknik AB,ChIJGeXl74XWW0YR-HkakQr5TVI
Boets Bildemontering AB,ChIJx3opbRwxWkYR3CSOXR9NIO0
Transport Trading,ChIJCaEIl4hlWUYRbBV_8KkA0l0
Custom Corner Sweden HB,ChIJVVVVFSzDW0YRjdenlIOGBHw
Folkabiten,ChIJE3uqXhTdW0YRDl7Vmghmxqw
Carparts 79,ChIJFR5Lkoo5WUYRJash_3djwMQ
AB American-Racing,ChIJC_sXULVoWUYR8JPVDjlGsnU
RM Bilstyling,ChIJC0NZQjqFX0YRjEQRWYufKFs
Pekkas Bildelar AB,ChIJ9aAblTY3WUYRhIdh9kmokPk
Atracco AB MärkesDemo Linköping Bildemontering,ChIJByPb30NpWUYRgwmgHsFPK50
JK Bilteknik,ChIJ9zcv5S3DW0YR_HksEkf4lws
Sandåsen Motor & Entreprenad AB,ChIJAQAAALDMW0YRqytbWQcBLH4
OCL Brorssons AB,ChIJuSkPw_86WUYRRKpHWRp513Q
Åby Biltillbehör,ChIJ-9S2yjU3WUYRi--o57UUajI
Bilskroten i Östergötland AB,ChIJJ2ujVUU7WUYRTocUYbayt_s
Fornåsa Bildemontering AB,ChIJuThJLr3fW0YRGnf4Vqd4JBU
Nya Allbilskroten i Norrköping AB,ChIJdcO-SkE6WUYRaBso-QRH_Oc
Atracco Norrköping,ChIJ2baomYk7WUYR8Rg1qwhXDCQ
AB Beg. Bildelar - Linköping,ChIJ-X-gW8FuWUYR0txv7zuSgfs
Bilglas I Linköping Åke Bengtsson AB,ChIJNz47rDFvWUYRzga627_fmFc
Biljardklubben Åtvidaberg,ChIJk-CKpYoPWUYRotZU1f46qJg
Fikratsson bil Mantorp,ChIJQbRNjRN9WUYRfmkNraxnAMQ
Salver AB,ChIJqdOiDqHFW0YRGqtSPOMKT4g
Car 4 u i Motala AB,ChIJA1SW2yrdW0YRrWT9mV_3wyU
MH Billack AB,ChIJ25Sid9E7WUYRAQB6iUhwCj8
Nobtec AB,ChIJEw5R-TY6WUYRaGr1XY-CasM
JB Jönköpings Bildemontering,ChIJ5TDc8qcSWkYRwN7RTe1V4IY
James Bildemontering AB,ChIJbyJWFDQ3WUYRAYttjX_3XzA
Skrotfrag AB,ChIJk0QHAi2p90YRBlUZ1nramxg
MOOD GROUP AB,ChIJOUN5xxEPWUYRWSTqmrrwP5c
Work System Norrköping,ChIJIVmsbKs7WUYRmSSFEhknKvA
HUNDiBIL.se,ChIJ3RSWUVFpWUYRLmFga3dTpbY
Solarplexius Sverige | Tonade rutor till över 4500 bilmodeller,ChIJcd8bZbZxWUYR4bYT_OHM88g
HMC Handmadecars,ChIJs6VUStDPW0YR5xNtZjepzYM
Auto Tuning Linköping | Motoroptimering Linköping,ChIJyVLbHzptWUYRoGzj7JqjMbE
Skandinavisk Motoroptimering AB - Motoroptimering Linköping,ChIJb85ELT5tWUYRE5IK8yMX5ws
LundinOrient Auto - Kisa,ChIJkR7QGYGjWUYRU2fdEs8PunY
Autotvätten Västervik AB,ChIJaX_3xRhDWEYRw_guD7Z5ZSM
Åkes Bilvård,ChIJv3-X-9Wo90YRbn73vnj5VtY
TP´s Tvätt & Rekond,ChIJn3OgxC3DW0YRel4k2TRO2dM
Tvätta,ChIJLcYZn8BvWUYREsov_YHwP5s
A Biltvätt & Recond,ChIJCQtGLkw7WUYRRZRs2QbzHF4
Ydre Bil o Däck,ChIJoz67R-zyWUYRLg_TOEWu2cM
Kärcher Självtvätt Mantorp,ChIJf5Fbhxh9WUYRHRZRGGOnXRQ
Rejmes lastbilstvätt,ChIJVUBheeTdW0YRoqsDtuTK2Ig
Hyrbilen Mjölby,ChIJ0QXG-vPWW0YR1Iqgw-IJhQ0
Move About,ChIJ0byKGjRvWUYRWqQrSPH93DY
Leja Biluthyrning AB,ChIJE72OlS85WUYRepdvauFb99E
Mabi Hyrbilar Finspång,ChIJg6eMbmJPWUYRA6k7EcLCeG8
Hertz Biluthyrning (Volvo),ChIJH9dXU5FPWUYRUs46Ps30NFM
Europcar Linköping,ChIJN5lheE1vWUYRfoGukzUP4xY
Hertz Car Rental - Linkoping Airport,ChIJybQM0m5vWUYRjqwpg9wYiRA
Rent-A-Wreck hyrbil Linköping,ChIJ__97AElvWUYRfZFWJ2C_iCQ
Holmgrens Hyrbil Jönköping,ChIJ36PG73RtWkYRwWUzDJ8PTek
7 Brothers AB,ChIJBat157VDWEYR4ZlY___tPRY
Budget Biluthyrning Nyköping,ChIJfazyyJfSWEYRTKiZW90vz_s
Gpe Service - AD Bilverkstad,ChIJfdS3q07ZWEYRMF0WYd3_uIU
Bil & Maskinteknik AB - Autoexperten,ChIJzabOuJHhW0YR5N_y_5jwqsg
MECA Bilservice Linköping / Fordonsteamet i Linköping AB,ChIJN4rmsWJvWUYRZNpKly9TWjQ
Reines Skog & Motor AB,ChIJx7-uPulPWUYRQ97GqwpT6W0
Skärblacka Plåt & Bil-X AB,ChIJhSb10zNHWUYRbxofjSSMd80
Bil- & Maskinteknik Bergquist AB,ChIJwZg8xS6TWUYRT030HPenrcY
Åtvidabergs Bil & Plåtverkstad AB,ChIJ_____x4PWUYRjKxuy2lbszg
Bilskadecenter I Kinda AB,ChIJJWgQi4qiWUYRyXjNC5ezv5o
Vikingstads Mekaniska Verkstads AB,ChIJdyFOc8BkWUYRPySwZkG-JCY
Hyundai Finspång Verkstad,ChIJO2s5N4RPWUYREq9XHSiGWSw
Bilexperterna i Söderköping,ChIJtezCWakjWUYRz4E3AIRqhLk
D & S Bil i Östergötland,ChIJBZRXjr1nWUYR7xHvAcqDr8A
Ag:s i Norrköping AB,ChIJ_8hs5y86WUYRIxU3Vh6EppI
Buckelteknik Sverige,ChIJlzYc6w3FW0YRr-g6Gq-b0RI
Autocenter Mjölby,ChIJw-M7S-vXW0YRrsIVBhGpssw
Lagos Bil,ChIJq-LVT5XTW0YR-C3p-bmhxB8
Norgrens Bildelar & Verktyg AB,ChIJMR7cGElvWUYRNSsNy7SoM6o
Lastbilsservice i Linköping AB,ChIJ49_ZkoxvWUYR4kG5ojHqyUY
Dinitrol Center - Rostskyddscenter Peter Brage AB,ChIJsWIilDs6WUYRVcQrEpnTmpA
AC-Verkstan,ChIJa0C52UlpWUYRq5lgmbvBKno
Bilverkstan Hulterström & Seidlitz,ChIJe0-HqklvWUYRStpDs4mMsoU
Östgöta Bilservice,ChIJh2FRs6pvWUYRVwfyzSfLehk
Sundells Bil,ChIJSZjn_zk6WUYRiSplCRsYxKE
Malte Månson Verkstäder AB,ChIJ4W-M8yxvWUYRPQOcbnrUYDs
Centralplåt i Linköping AB,ChIJLcElZDRpWUYRI9MOZ67ax90
Saltängens Bil & Däckservice AB,ChIJm3Th9jY6WUYRLDnbXErJjeg
Max Resurs & Förvaltning,ChIJj2v2APtvWUYR5BGnsbfS1Wg
Auto Mjölby AB,ChIJM-cIdFvWW0YRlIyo_cRgb6k
Simons Bilverkstad AB,ChIJU5s398U7WUYRBxpz9iYoASw
Gummiverskta´n Bankekind AB,ChIJMbDQtSwTWUYRGqxzp0el1q8
Allt Inom Bil i Norrköping AB,ChIJb29V0v86WUYRq-cSqkt3Vc4
SLS bilverkstad,ChIJL5nY1AI7WUYRMdFb2bvRUdg
Bilskadecenter Norrköping,ChIJB1wXc-87WUYRjSr3JaHnb9Y
Slaka Bilplåtslageri,ChIJO4-IEpNvWUYREbRPFbtmxVI
HS Däck & Bilservice,ChIJ01cZZEA6WUYRuXoRJHxCdn8
Mazda Service,ChIJ1RV5EQE7WUYRHvVGc8X9TII
Richards Bilservice AB,ChIJieoVQ1lQWEYRt29sojiX9Kc
Lappens Bilplåt i Norrköping AB,ChIJpw_HDAE7WUYRWcq6klcpvEc
Heda Bil O Maskin,ChIJVZz2JpTWW0YRFG63vUOQucw
Walls Bilplåt AB,ChIJy0b0evEjWUYRexwz8dghn3I
Söderbergs Bil Audi Service,ChIJCSm43Ns7WUYRsmB6PqkxcD0
Skobes Bil Öst AB Kisa - Renault Service,ChIJq6oazeqiWUYRoah9uC5FSfo
Lindells Bilplat,ChIJVT7fQYqiWUYRQwsizcO_iSs
Håkan Andersson Bil & Motorsportservice,ChIJb_5zvyIVWUYRcAKnGkIP_lA
Tage Rejmes Mjölby - Dacia - Service,ChIJ____XkXWW0YRaUYyUjQb8vs
Bergströms Fordonsteknik AB,ChIJK4jqclbdW0YREyUP6jE-Iy0
Becha Bil & Maskin AB (First Stop Åtvidaberg),ChIJ3cidoSEPWUYRLT9V3x2ggOI
Carltech Bilservice AB -,ChIJ1ZtLcGo7WUYRKTiAbl_VVec
Kåre G:s Bilriktning AB,ChIJ08scxSV9WUYRtOkpYbuvMLE
Lexus Service Motala,ChIJXcOTKDLdW0YR14VJ87Zz_EI
Tornby Bilteknik AB,ChIJk6pEHtZuWUYRsVSuKPpr7Zo
Bil och Svetsteknik i Linköping,ChIJB0o2YRZpWUYRzqSrZyJyAzI
Däckcentralen,ChIJJ-vAX1TXW0YRLJK58W_zTLw
Holmgrens Bil i Småland AB Mini - Service,ChIJwzn4Pi9pWUYRgHv_64byM_M
Ph:s släp och bilverkstad ab,ChIJR80m3Pg6WUYREvVeIJddZp4
DragkrokExperten,ChIJVQzocvhtWUYRllCyOfAOvgM
Bil & Maskinteknik AB,ChIJK0_aKH7gW0YR8ZkCcJ2ExPE
HSM Bilservice AB,ChIJq4HMtqFuWUYRAKooCW4YTNA
Forsbergs Fritidscenter (Fd Bossing Bil AB),ChIJSaT2_aBuWUYRe7q75iloDqE
RR Bilservice i Norrköping,ChIJp4gsHRM7WUYRHiYHCXHHsIc
Go Trading Wheels AB,ChIJV3Av7zkPWUYRMOs0CgAEVfs
Jopa Bilskadecenter AB,ChIJJeQEd93bW0YRkV47Fv9LBpc
Mekonomen Bilverkstad Kisa / Kisa Fordon AB,ChIJXSgMWYqiWUYRPbTtKckYURk
Werksta,ChIJb0-iqW87WUYRFr6yHDJ-ZcM
Däck Bil & Maskin i Rimforsa AB,ChIJp8f4hfyfWUYR5lNajn7zE8g
Lastbilsservice LBS El & Diesel AB,ChIJ_____8xuWUYRXVmdnUCamTY
Finspångs Bil & Däck Service,ChIJ4xDyw7JPWUYRQ6imqqMSAXk
Thoréns Bilservice AB,ChIJEXpulzRpWUYRrU6S1eWqgmA
4 Auto i Motala AB,ChIJVVVVVQLdW0YRd5Q9WcGzWAU
Bil o El i Finspång AB,ChIJg5g_SppPWUYRZxdrCs6aKrE
BeGe:s Bil & Motor,ChIJFV5-eJpPWUYRGznDu2U0RaI
Gustavssons Bil,ChIJN1PQ3MU7WUYRKRlmn_FZ4Mg
Falerum Motorservice,ChIJOWXoZGoBWUYRPg4NLgC-XHA
Ditec Drivelab Arlandastad,ChIJE4fGkgO9X0YRBHeBVbG8SZw
WrapChamp Norrköping,ChIJ07SmeH85WUYRaUHTlzVssDc
"Skobes Bil i Motala (Volvo, Renault, Dacia. Butik och verkstad)",ChIJzZdL8y3DW0YR9OFp9tXzFi8
Becko Bil AB,ChIJ____P0_WW0YRqlYDnUjZLko
Rejmes Finspång,ChIJxz7PrJZPWUYRZsYvz-Zi2Ec
Ljungsbro Bilcenter AB,ChIJPRVDex5nWUYRDs0-g9sd4Z8
Bilexperten i Boxholm,ChIJKcqV9nooWkYRgyDMXDa8GOQ
Perfekta Bilar i Linköping AB,ChIJy4p1bTNrWUYRNlD4FMVhGmY
KFL Bilcenter AB,ChIJjRXpB7ppWUYRXRnu_4RA2to
GoCar,ChIJV6L-hpQ7WUYRUCzVMkqSfvM
Peugeot,ChIJdwDgTjg6WUYR80H1n3qMwho
Toyota,ChIJ_3Tt7LRoWUYRAUvBD6wDLnA
Astro Bil AB,ChIJ3-HTVKhvWUYR0UamOgWfKf4
Volvo,ChIJDz5eiilvWUYRfUGRHZfax_Q
Rinntech AB,ChIJAQAAVCRvWUYRGZc5QL0XHRs
Hedin Bil AB Jaguar,ChIJVVVVDtZuWUYRmPwT9sRVsk4
Roger Persson Bil AB,ChIJA9Vg-51PWUYR-CjfoYcK8RM
Bilhallen i Mjölby AB,ChIJ9ek453zXW0YRJHC8k2VDy4A
Motala Bilpartner by AMCAP,ChIJL_3PgC3DW0YR1AzEvo0ENcs
Norrköpings bilhall AB,ChIJ1SuOBpc7WUYRCI9A4ApRmJo
Riddermark Bil - Linköping,ChIJ8fZ4n2FvWUYRk0ZqEjgiiTY
Suv & Pickup Center Sweden AB,ChIJ-_jqxc8nWkYRDhexNxmyBxg
Bergsson Bil Ab,ChIJdakcA629X0YR_0TU7eihAnc
"Almevik Sven Bil AB, Suzuki återförsäljare, Honda service, Aiways agent",ChIJa-m9uK1oWUYRzHbN-FzGAeg
Tranås Bilcenter AB,ChIJd6rzPcwnWkYRSe0_1dfhRRk
Hackefors Bil - BMW Service,ChIJdTJDNaNuWUYRKDFgyQFsaqY
Ardi Bil AB,ChIJVVVVFdMnWkYR30tE-QlXcJE
Möller Bil Katrineholm,ChIJc6l-5Jm3XkYRIruX98SKREs
Appelskogs Bil AB,ChIJsY1hykxvWUYRIYtl7eee1qs
Atteviks Tranås skoda - Service,ChIJv4m_BHooWkYRgmNgnp4hgCg
Bilbörsen Linköping AB,ChIJv_TB9uGo90YRIQj-SsRdZSE
Askling Bil AB Norrköping,ChIJYy7DLzo6WUYRQ-lGPOjCZt0
"Bilbyter AB (Hyundai, Nissan, Maxus i Linköping)",ChIJ02B8aLNoWUYREMvY-JrfkV8
Atteviks Bil AB,ChIJL8HaBXooWkYRk3R0-H3qfKU
Bilservice Gustafsson & Hjelte AB,ChIJgzvuHzoPWUYRKBXsjJ_BSbQ
Lönestams Bilar AB,ChIJv6rU5SB9WUYRkUgJVRmgR04
Haag & Carlsson Bil AB,ChIJSxSirMcsX0YRFenhy37xiEU
Söderköpings Bio,ChIJs3t7mUwiWUYR2DShqXqmHOM
Saga,ChIJffQxeu00WkYRzzXQNOCOniM
Gusums Bio - Folkets Hus,ChIJHQYEUAjjWEYRTBKh7Vts-xw
Centrumbiografen,ChIJW6JAUqrQW0YRysCo2ExJgck
Cnema,ChIJc8qomMo7WUYRK37KeGfrI70
Nordic Biomarker,ChIJMUnoFIRvWUYRJIP0NOwc2rY
Hélènes Café o Bistro,ChIJn23XkMTLW0YR_iP1WUFaGQE
Pionen Blomsterdesign,ChIJASQ5MF47WUYR-rkU3iG8IVM
Ljungsbro Blomsterhandel,ChIJS8XvAltnWUYRS4CtMPWvEEU
Gryts Handelsträdgård,ChIJ172UN-DvWEYR0iUf2FVwj6w
Ängen Lantbruk AB,ChIJLV97i6TnWEYRAbAwvCJbhk0
Tannefors Blommor i Linköping AB,ChIJ4xj9HdxuWUYR3MA8I2hFuc4
Stilfloristerna i Linköping AB,ChIJU3djc9xuWUYRjEwXP65Hq7I
Floridus Buketten,ChIJ9bruMSRvWUYRApIXGnb_6z4
Lilium blombutik,ChIJh635haJvWUYRCk5C6Q6BMPY
Blom Boutiquen Linköping AB,ChIJY0Us2SJvWUYR9Z67OMQW_c4
Hantverksfloristerna,ChIJgeJSPDxvWUYRc_6jcOPWcMU
Östgöta Blomster,ChIJVf-vc-q3F20RdFBxOnCsk2Y
Plantagen,ChIJGYV5hq1oWUYR_SO4e1yxc-o
Blommica,ChIJIX8xxhdvWUYRlSiFEC-k9PY
Jassi Flowers,ChIJgXP6GLJvWUYR6a3tof75S7I
Blå Kaktus,ChIJSbfNIbE7WUYRB6fHZ_teqJw
Ryda Gård,ChIJw2qsauulWUYR0mA1Iy1fjhk
Bogruppen,ChIJyUnL0VU6WUYRBMhGac3eZfo
Motala Revisionsbyrå AB,ChIJq6qqqrVoWUYRCrUC_XHquf4
Aktiv Redovisning i Linköping AB,ChIJM8BjzDNvWUYRIlDLMXQwmjY
Egero AB,ChIJM5K_qjFvWUYRE6ZHkQ2SNwA
BRA Ekonomi Linköping KB,ChIJqXBXJ4ZlWUYRXfmHYiPZbUU
Saxion AB,ChIJ9fQ0VetuWUYRmpgI08mTt3s
Compentia AB,ChIJTYX2Q-lvWUYRiDTzw4knTZU
RTL Ekonomi & Revision AB,ChIJ7RqlWK1oWUYRPwuhGNbglI4
LEBA Ekonomibyrå,ChIJdSnMXP87WUYRWx2mXN0JCbU
Accountor Ekonomi & Rådgivning AB,ChIJ3a4exmpCWEYRj4-yocGty1I
Pihlblads Accounting,ChIJ47Bbu5xvWUYR0JcrTitvs3s
Tebarens Bokföring,ChIJ3WMdoOmh90YRwYVqB9JaXXk
JWK Norrköping AB,ChIJW6bMtE46WUYRx3BotTv4YYI
Talenom Ystad,ChIJn7VJMst9VEYRfZDU7hRm9J0
Lönefabriken AB,ChIJ17nO56FuWUYRp13w3TyWUOo
Annikas Redovisningsbyrå,ChIJRWP4GVQ6WUYRIXoSmuspjnU
Susanne Linds Kontorstjänst i Linköping AB,ChIJq6qqqrVoWUYR3WbapzpKcqY
EnterAct Ekonomi,ChIJacuiwSJDWEYRooH-QxjyTAI
Calmunger & Carlsson AB,ChIJEelZMz9CWEYR08HGFqbPe0c
Garpek,ChIJOdTcvVlQWEYRW_6AIckpRGE
Ekovik AB,ChIJPwixIg5CWEYRLRgbh0ScwmI
Ernst & Young AB,ChIJl1-CyyVvWUYRvoV0wZCVGFk
Sundell Redovisningsbyrå,ChIJG1ubiSBvWUYRoCea0UG75uk
Revideco AB,ChIJVQm_SZVtWkYRdxPW520LDbQ
Stenstark Ekonomi AB,ChIJwVtdjZxvWUYRkIe-MZQhQ6s
Marginal Ekonomi,ChIJA8aMuG1vWUYRElDseDQ-658
Foxcity AB,ChIJO_iwcwB6AEIRddiKjXPQthY
Bobergs Bokföringsbyrå AB,ChIJKT2NAavQW0YRY0pZvBAfmu4
Söderköpings Bokförlag,ChIJe-NXP6gjWUYRLJ9XcJOcerA
Atremi AB,ChIJh2LZ-F3WW0YRIqWgHatFyyE
Litteraturcentrum KVU,ChIJ45USQXcnWkYReNqHp5UnKAs
Fredsbaskerförlaget,ChIJSwgcoU06WUYRxGeO0RvVuP4
Campusbokhandeln,ChIJ374NMG5vWUYRIBqkblFdM-k
BokAB - Bokakademin i Östergötland,ChIJ7yXRH29vWUYRYleJFi8IDvI
Akademibokhandeln,ChIJyQO1SyRvWUYR3ftRrOXuL24
Kängsta Gårdsbutik,ChIJR_kJYlJnX0YRsVCm8BAN6Gw
Bondbönans Odlingar,ChIJGWMbWIltWUYRDGdlhrlzyMU
Bossgård potatis AB,ChIJLU0RZZ5nWUYR5YnTgwa8ZpA
Bjärka-Säby Gunnarsbo lantbruk AB,ChIJZXYTSPQNWUYRy6MFwPrAKwY
Krusbärsgården,ChIJgXOF3M3jW0YRzZZJQkGRjpk
Eksjöhult Småbruk,ChIJIazC8j13WUYRYqROzYZetQc
Björksätter Gård,ChIJG91tvrflWEYRg9czRekq12g
Sunnegården Grönsaker,ChIJFwJVfPplWUYRavvlUA99rgM
Tolefors Gård,ChIJocVSjEVkWUYR3CW5qNJflFw
Herrsäter gård,ChIJxU1UyOMRWUYR9AQMQ-tQUqI
Bosons Gård,ChIJ54wRwYA7WkYRxwZsYGoG89o
Rås gård,ChIJRUAnvYknWkYRB71_0wYGUsU
Åbylunds Lantbruks AB,ChIJOxMhK6tmWUYR_M1t181yJ_4
Sonstorps Bruk,ChIJx7-uPulPWUYRB4KyH8ho5Hk
Grepstad Jordgubbar,ChIJlxDaT5jbW0YRMBZoeFIMMqg
Stubbetorp Potatis AB,ChIJWdsVQ-faW0YRJf07plpQrGw
Skedevi Gård,ChIJKcHAh_veW0YRDOraeoqMW3M
Kusipacha Alpacka,ChIJ2U_prB2tXkYR7pA1UedqmhQ
Lillvalla Mjölkviks Gårdar AB,ChIJ-wbP_5OiWUYR6ZjpU5eR_1U
Eneby Norrgård,ChIJ-UqC5bixWUYRLZtfhrb8g_U
Givetorp,ChIJ8QeY8KAyWkYR_lF2e4oQF9w
CASA Gård,ChIJVcugaSM_WkYRCebLkjchrjU
Lillamattsa Blåbär Självplock,ChIJQVfcVG05WkYRj1Eagrr8FYQ
Bleckenstad Gård,ChIJi7YDn7TVW0YRhRPnk6uy7zs
Basunda gård,ChIJBTK-q5-oWUYRy2QWnwybdas
Söderköpingspumpan,ChIJT_i21qgfWUYRnOFiBmfRz3A
GateBison,ChIJdz7fHyCuW0YRPgM39Jcz4K4
Smultronboda fårgård,ChIJl31dCmpWWEYRzT9Cbx_SkDU
Ljungsbro Bordtennisklubb,ChIJvcIUNT5nWUYRRaV5ACvWm4s
Sjögemagasinet,ChIJJxWLh1NjWUYRvtrTw9uEGm8
Diamanten Håltagning i Östergötland AB,ChIJEXpulzRpWUYR4eysFfRiG_c
Vadsbo Brunnsborrning,ChIJibJWTqIIW0YRkWZcIjtuRio
Mincon Sweden - Finspång Service Centre,ChIJgZ5_qSpPWUYRmW0feh0S88s
BITROC,ChIJJRGdWvm9X0YRgsnm5QWne0M
Ektuna Kaningård,ChIJgS_pIIJuWUYR3_aupk68o_w
Storängens Samfällighetsförening,ChIJ--ja1p02UGsRa8apRYzQhyM
Hantverkets Bostadsstiftelse Lida Kullar,ChIJsxHdbAY7WUYR81Xgv1VOf5s
Skärlinge fritidsby,ChIJOxu6u1hdX0YR7tlypXivNs8
Vallastaden,ChIJH1SCsHNvWUYRzBHsj5uCuug
Björkalund,ChIJNYRtsZE7WUYR0-ahCTWL7w4
Blästad,ChIJDx_3yYluWUYRP_XhXIfQlOE
Bonava,ChIJ82-zsjFvWUYRLGal8331SPE
Loddbynäset,ChIJnwtKwdU2WUYR6eHchww4-WY
Kölefors Rosenlund,ChIJc-oPMm2jWUYR6h9VG09CVLA
Fastighetsägarna Linköping,ChIJASS2HyVvWUYR-nxvu71tyzE
Vasaparken,ChIJgwfmxDJvWUYRr6u5m5X5cAg
Tinnerbäcks läge,ChIJ-zUZQABvWUYRiVEnOaD89HY
Brf Sirius1,ChIJmX0qhYO0IQoRLpsuxWbMubc
Mjölby Bowlinghall,ChIJ_an-lF7WW0YRlhwQvwLJ2ug
Fix Bowlingcenter,ChIJZyEE-wIjWUYRw7LUNYERbG8
Motala Bowlinghall,ChIJZ_DItcLcW0YRbd_IHjGbLJY
Linköpings Boxningsklubb,ChIJaawx01xvWUYRgLVnFSlgnRA
NBK Akilles,ChIJY-FaUjI6WUYRo-hzrbemnYE
Pryssgården,ChIJdWVKfiU5WUYRrFYgcwssRis
Probaco Hjulsbro Sanering Motala,ChIJmV2ktdndW0YRL8y4TYlnvOc
Presto Brandsäkerhet AB,ChIJ82SMHilvWUYR8LqF-hG3MP4
Säkerhetspartner Norden AB - Linköping,ChIJx60-ieRvWUYRGstUu8lJG3w
M&R Konsulten Tord Börjesson,ChIJsceszylcX0YR9YMmXXV0UPg
Brandprojektering,ChIJm6n55iRvWUYRDXLwua-AbW8
Östgöta Brand,ChIJ3U9cy5NlWUYR7IwpZufq0Q4
Skorstensfejarmästarna Syd,ChIJr1XXzfQ5WUYR7gkkg56nCDk
Utvägen Östergötland,ChIJswegJUgPWUYRQV90o__mkvg
SBS Sveriges Brandskydd AB,ChIJnUftKRS8X0YRLBtlslXH99k
Firesafe Sverige AB,ChIJKaF6Syk7WUYR2wv3VfnW-sg
EverGlow AB,ChIJm5Ld6Zk0WkYRIy-FacJBIYw
Räddningstjänsten Östra Ryd,ChIJk2NOVmIXWUYReIvJRuWgbkk
Filbyter Bridge,ChIJmeSGaUhvWUYRO9Bg-FzFt3U
Mjölby brottarklubb,ChIJAQBw9lvWW0YRwsNCX19egTc
Östgöta Vatten & Energiborrning AB,ChIJE-bjg7lQWUYR2BokMa53D0k
Bröderna Rings Brunnsborrning,ChIJx-BReebhWEYREvKV-VPaxZg
Brunnsborrning och transport i Linköping AB,ChIJn2qEcjJsWUYRheaXzAtIwUY
FBB Finspångs Brunnsborrning AB,ChIJkxkhcJtPWUYRCgBM45UWiz8
Norrköpings bryggeri,ChIJYZ81xKw7WUYRzJ9Xh9oQHRo
CENTRALBRYGGERIET,ChIJAQAA0EdvWUYRc0TSn46VqPs
Spendrups Bryggeri AB,ChIJy4gAroo5WUYRIpzAUHDn2Uo
Kvinneby köksbryggeri,ChIJn2IcrpxuWUYRkxvOp-4ofRw
Qvillinge Ekologiska,ChIJift1b2A3WUYRxQOOyGHCcXs
Nääs gårdsbryggeri AB,ChIJKbMzxXWJWUYRUeusx0Cjim0
Röttle Bryggeri / Humlegård,ChIJXZ5NG_M_WkYRk-qwkhpWiMs
Boxholms Bryggeri,ChIJbbemVe8rWkYRTuh1tfhpjCc
Knäppingen Spiseri & Bryggeri,ChIJzUmVUrU7WUYR070OzzLyYX4
Bröllopshuset B.H AB,ChIJu1xnmSRvWUYRn-aJ7AgyWoQ
Bröllopsbruket,ChIJybcM709vWUYRPGkQa1md4yo
Storgården Kurs & Konferens,ChIJhZcCCiGgWUYREP0lzcyrUZk
Värdshuset Löfstad Slott,ChIJzcm1ntc-WUYR2By-EO-ssVw
วัด Wat Siammin Mangkalaram,ChIJ2ZaMRMg7WUYROqhOxDRrN5s
DHL Service Point (ICA Skärblacka Förbutik),ChIJ70jrZstHWUYRVkOcHHbPh0A
ÖstSmå Bud Ödeshög,ChIJ6zgzD_Q1WkYRoAcCRDzWHCc
Fresh Market by Östgöta Kök,ChIJcSeJCwBvWUYRPlhNXa5PcSk
Restaurang Örnfot,ChIJ-54HiNgnWkYRcErz3jGa7Bk
Hogsta Buss & Godstransporter AB,ChIJ7dOdYCTRW0YRkkqq_KPx02Y
AB Bussbolaget Östergötland,ChIJQUyleTc5WUYRTG8bk2TrbpQ
Albflex AB,ChIJ5wThkh1vWUYRXnWz6Z3E39s
Connect Bus,ChIJv2NEjZ43WUYR6njewQq2dLI
Nobina Sverige AB,ChIJZaxH6ZBnX0YRtmiSh_t7Aws
Wärnelius Buss,ChIJ0UqStCjro2wRsFTpXI2VIiQ
Hällesta Buss AB,ChIJX0Hrd0NXWUYRbMtMwBpoR9I
StångåBuss Trafik AB,ChIJj8Up7yRvWUYRJQDhjT1Y5xY
Nobina Linköping,ChIJnWql1tRoWUYRUpE9OvkAEbI
Blåklintsbuss AB,ChIJ96VEN2HWW0YREl1xJQhpyTM
Ombergs Buss,ChIJC3cznew0WkYR-NX74dZxjUY
StrumpBoden i Ulrika,ChIJ0VWxpqvQW0YRkB_WkKwBOHY
Blomstedt Bytt och Nytt,ChIJKbQc9mRnWUYRRL6nvlmr6Ng
Sänkdalens Gård,ChIJs3aKSLA7WUYRFPXbgp8Lwu8
Bouquet Saft & Vinjäst AB,ChIJD_JjTxjSW0YRx_u_0tvQ66g
E4 Outlet,ChIJeXPY7Ic_WUYRHbhga5IXvbs
Söderköpings Återvinning second hand butik,ChIJE8HZIEsiWUYR36ALJkAclIU
Tureborg Butik & Ateljé,ChIJo_IKnvvZWEYRR2JpYMAOYuw
Kenyaföreningens second hand,ChIJqaxSRCEPWUYRvoCoag8kXFI
Coca-Cola store,ChIJ5-nc7m8vWUYRQlr4W_vvgIE
In-Store Marketing,ChIJr4yt3cpoWUYROnr-1HtP0bs
Historiska Kompaniet AB,ChIJq6qq6mpvWUYRKWXkD69WyFc
Ramyeon AB,ChIJf7jzZoBvWUYRYDdcy8Bsfvk
Ulrikastenar,ChIJWWw5KkN9WUYRDO0G86Qvrq0
Coffert Motala,ChIJDxEIJu7dW0YRKaZKJw7tFCk
Gårdssnickarn,ChIJEQJ_wdXcW0YR8BZMjwUa2LM
Firma Lewa Sport,ChIJfTMLOOXcW0YRWiyI4qFFeTM
Willes Elektriska i Östergötland AB,ChIJMfZIn7Q7WUYRcj2xbNVhQDo
Föreningen För Rättvis Världshandel i Norrköping,ChIJ_ylwHbM7WUYRv563ZCrE30U
Rocket Discs,ChIJuWc0m_o7WUYR5DZa8Sz8bu0
Lucky 7,ChIJNeWgfso7WUYRyHkNhB2IQPw
Livsrikedomar,ChIJ-YD0D-9tWUYR07dNdxuNEas
Hagamagasinet,ChIJ20k90DcjWUYRRSN4bPxmr5A
POMERANS,ChIJH8-pGMjFW0YRpU9OL2c1f9o
Kopp & Kanna,ChIJeVHCzi52X0YRi11UmMHs1I4
Suzanne Möller,ChIJ29lgtqHFW0YRJLhiZtWnw-s
Idas syster Sofie,ChIJBbiRwYD7WEYRc1c4alkfA3U
Telum Elektronik,ChIJF6WSWdP6WEYRnfoGJO18Gsg
Ydre Skåp AB,ChIJNY9bFDCTWUYR4KmTEXRbfjw
JUST WOOD - butik med bara trä,ChIJM0DHtSRvWUYRmPKZ9XbXViA
Slipcentralen i Norrköping AB,ChIJXSwGedE3WUYRyHhuLHapxco
Sjöfallets Honungsbin & Äppelmusteri,ChIJi6XVfQpXWUYRM6enrRjhNGk
Green Spirit,ChIJMZVPTmJvWUYRFVJQEOQFNxQ
Event4Sweden,ChIJeQYhWuTcW0YRLp4vqMsXJXU
BrandFactory Sverige AB,ChIJq6qqqrVoWUYRPOwKpHnvamI
Cashprint,ChIJSVt_EC7DW0YRheqbBfCoG7M
Brotorps Gård & Gårdsbutik,ChIJV5JoV-XnW0YRAU1CoKQVKh4
Agetomta Gård,ChIJ59gsfSwlWUYR4DwBeI3Zg3g
Ek för Östergyllen,ChIJN26PNvk6WUYRoLFsIGfRY8Y
Knekttorpets chili,ChIJR5G6ea_ZW0YRsmeZjqOb9IM
Svensk Grillkol,ChIJ--5ZIuYqWkYRil_8E-NmF2s
Kolmårdens musteri,ChIJZ3paSB7WWEYRt8Pmoka0B2s
Esq,ChIJRdOdjSRvWUYRE-RQ1BhEKI4
Tony's Pizza butik Vallastaden,ChIJN71-QLRvWUYRIxJycDG7fMA
Gårdsbutiken i Torp Rusthåll,ChIJPdE3ovehWUYRQVvfAeiOx8c
Harg-Odlarna,ChIJ-wbP_5OiWUYRbD02z4mTUco
Mer För Fler Motala,ChIJ_c2lHyvdW0YR9EW5YYJHh3w
Fresons Bageri & Trädgård,ChIJjfnN5l6gWUYR8rIFQVcrCt0
Hagdahls smide,ChIJh3igBYBnWUYR2aas8IJTnhw
Hårtorget Frisörsalong,ChIJ9X_durQ7WUYREsFEkVQZ_I0
Berg och Granboms Handarbetsaffär,ChIJG67HjSRvWUYReFHxIExvavc
Skönero köttbutik,ChIJdde6_qz7WEYRHxxFvKfHFDQ
Linköpings Afroshop,ChIJBTFGzTFvWUYRMf7d-Gkv7A8
ECE Reklam AB,ChIJT28nzvLXW0YRalw4sgJIkzk
Mercus Yrkeskläder Linköping,ChIJZ0vyPjZvWUYRD0gO905ozF0
WorkerSupply Linköping,ChIJx26dmMpoWUYRrz7Fo-_8m2E
YP Yrkesbutiker AB,ChIJVVVVVR46WUYRzIS4NuYlhr0
STRONG DUTY,ChIJT_TUxvbWW0YR-T2CDxlnGr4
Procurator,ChIJAyJEMzVvWUYR_Q1TQEr30fc
Aroma Creative i Linköping AB,ChIJD7a8IWfYW0YRjlYYJvS6YPw
Swestrap AB,ChIJc-rQH7NoWUYRXnBEWrO0ONk
La mienne,ChIJWUHeurO7X0YRVPI6ZnExB7M
Trade It Skandinavien AB,ChIJ_5H1qtBlWUYRQ1dRcB3hxTY
Lifbergsmotor,ChIJ3TOMwMAkWUYRXS1Va2vMDSo
Mortensens Tapetserarverkstad,ChIJuzTqqUo6WUYRehQwYpWtpqY
Tapetserarna i Linköping AB,ChIJbzsUs95uWUYRs_hnZbf6ul0
TapetserarVerkstan Åsa Frode AB,ChIJVw7n3SVvWUYRckp1LR5oYBo
Orrens Hamn AB - Volvo Penta,ChIJYTL78CHvWEYRygZ6XnnVDEQ
Gustafssons skinn AB,ChIJBf74cuErWkYRpZMafvm52lc
Motion Fitness,ChIJTxofioE5WUYR_BW-0Wi_E6c
Lärmedia,ChIJ_____5w5WUYRDoOMKoQXPq0
BEA pedagogik,ChIJi-kV2EVvWUYR6Rh_wYa_u8s
Golden Athlete Norrköping,ChIJX9sq57I7WUYRnAy55j0S6e8
Acrilex Egenvård AB,ChIJfxn43rg_WkYRcqqm5iXBQ7U
Dogfriends.se,ChIJL6lasbU7WUYR-6ek53iDyw0
Vadstena Villavärme,ChIJ9TxZMsrcW0YRrraMivoTheg
C.I.L. Inventions AB,ChIJ4Y6L-IlvWUYRonzk40zGYK8
Bra Gross Sverige AB,ChIJbfSzPyVvWUYRPIbXXtaAa64
Dormy Norrköping,ChIJj2MaXiE6WUYRKY0LExEtHCU
Fantasticline AB,ChIJqcLcY1jDW0YRsikE0eRw0mg
MV Supplements,ChIJkb2exw7QQwYRy3PNBtYXv7E
Biomeraki AB,ChIJ2Qm9ML7yTSIR87wKNi4cXDw
Kostnord,ChIJ2c2LwL11GUIRt5Md5k3FxmQ
Rydahls bromsspecialisten,ChIJ1dHrHdZuWUYRxKkMWS5SoC8
Gunnes Väskor,ChIJSWt_4ix9WUYRRjNReLAFZBo
Tonkin Ab,ChIJqYjwcx9nWUYRuk4fpUXzfgc
"Hemslöjden i Östergötland, Länsförbund",ChIJZR-atiRvWUYRdUO_KeV5h6g
Nybrolund,ChIJj3bbYHHjW0YRO0uVdXXt1rY
Hembutiken Tofta och Café,ChIJN-Tk7HKk90YRxaKEIUra3BE
Stora Björksved gårdsbutik,ChIJ71moufQNWUYRWWOSk1dHCso
Myway kungsgatan,ChIJ8UmjQDU6WUYRDaG6qAv9Aig
Brunneby Musteri AB,ChIJa9VV7vbfW0YR_xuKwrHs4PU
Glasbruket Vas Vitreum AB,ChIJnRM3J6DFW0YRVv1Yjqvv7Ok
Drefseryd Gård,ChIJd9JAxjM-WkYRjeGPXrGGydw
Mjölby Golfklubb,ChIJifEMuoPWW0YRYm5Qk4rSzcE
-,ChIJVcEc1za8X0YRzqdNMD_h3Ig
nudda,ChIJM-iKggespggRof2fqPOvVME
Jakobs Apotek,ChIJ6-AmtNjcW0YRLqqEqjzjJek
Symaskinshörnet,ChIJ818nxCVvWUYRAOnKLV-GJyQ
Würth - Norrköping,ChIJVVVVVR46WUYR2UZQAvGXNgk
Skedet must & trädgård AB,ChIJUzw0fInJW0YRzlw_fb4o8A8
Fackhandelsdata i Stockholm AB,ChIJKUaV1MU4WkYR_XfwPcuxEAo
Primär Fastighetsförvaltning AB,ChIJ6THobYs5WUYRC3XGQQJWqsM
Bergstens Bygg & Hantverksservice,ChIJSaOWg5drWUYRjL1tUplCJVI
Gräsmarö Skärgårdstjänst AB,ChIJYZvnnuTtWEYRvx6ZARQBoQw
Kimstads Bygg AB,ChIJp9b2vW8_WUYR8Yeahm7rDiQ
Byggnads AB Jarledal & Svensson,ChIJgTKEZ5OiWUYRyIZoEwTzCUY
Jens Åke Andersson Bygg AB,ChIJBXPwMumiWUYRkR7Nd-FoXXE
Ah Bygg Motala AB,ChIJh1TeQrHDW0YRc3dXavFabS4
Vadstena Golvinteriör AB,ChIJU3p-Nw3FW0YRWqUgH7eV3yk
Bygg & Service i Boxholm AB,ChIJFf0Ca2l_WUYRLmQoxoYWU6A
Valdemarsviks Lättmontage AB,ChIJtcyXyCvlWEYR_o3D0eNgnjY
Schölds i Sverige AB,ChIJAQAAAKNuWUYRk89RFHuIBMo
Din Snickare i Linköping,ChIJo7Yho8pjWUYRoM_0SAvBxzM
Valdas Bygg AB,ChIJ____v0PWW0YRE5F5M-hanhw
Utsiktsbyggarna AB,ChIJ1TDfOWR9WUYRiMxvxPjJQDo
Bygg & Reparationsfirma AB,ChIJKaiqZppPWUYRRSDzvb-EIow
Janne Svenssons Byggtjänst,ChIJObc6gL1PWUYROcqF2gAE7tA
VB Hus AB - Vi Bygger Hus i Norden AB,ChIJ3W-wv9P6WEYRvQVWvMKIbu4
Norrköping Altanbyggare i Östergötland,ChIJAQAQs046WUYR7NRcDHbD53s
Renoveringsgruppen i Östergötland AB,ChIJ0XgHFbxlWUYRyIxUkztSDgY
Bernhardsson & Carlsson,ChIJ2ba9F6BuWUYRJoRa15O1xqw
Wilzéns Byggtjänst AB,ChIJhRR7OkhvWUYROP7jeCqEXaM
Nordisk Yta AB,ChIJYV86ac1uWUYRJpeUMegV8OQ
Teknikbyggarna,ChIJgVRwTzJvWUYRS9jNwT20tMI
TBJ Allservice,ChIJW5FhDetvWUYRtwaIv0pFL9g
Scandia Bygg AB,ChIJvy_ifOdpWUYRNYcstw3Uz-Y
Peab Anläggning AB Infra Västmitt,ChIJv_KgFABvWUYRc18r7EAlyVE
Tobias Forslind Entreprenad AB,ChIJEx4lTHRnWUYRTB1EQz1mYk8
Lindström Undertak,ChIJ3RGLJIZlWUYRtZrV6ahxHm8
Figges Bygg,ChIJSx2boETWW0YRpDmI2mjMLJ0
Swerock AB,ChIJGeXl74XWW0YRHevKea10Eqw
XP Bygg I Norrköping AB,ChIJaWCLDcw7WUYRmbzNfKDI7xg
Kyrktak Bygg & Konsult AB,ChIJoTp56MU7WUYRJgST0FHMqSw
Tankreds Byggservice AB,ChIJZw9Mk_M7WUYRwgk-axjGnyk
Ronnie & Krilles Bygg & Fastighetsservice AB,ChIJhVghELo7WUYRXllGxGIf3HI
nmcab,ChIJq6pqTFI6WUYRrx-q2DXqljM
LA Takvård Norrköping,ChIJS7otw007WUYRlbUg91FBEPo
Albinskrafter Bygg AB,ChIJVZnao107WUYRc9hhED4Dv-U
Brattbackens Bygg AB,ChIJaeNd7RVnWUYRFWxSQbn38m0
Befab Entreprenad Mjölby AB,ChIJGeXl74XWW0YR1z4XL_gzp8M
Wollmar Johanssons Bygg AB,ChIJ_____x4PWUYRFkeo43IqqRQ
BN Isol AB,ChIJxzCmRMA7WUYRVMmXtTf9Cg0
AB Mark Bygg och Uthyrning,ChIJp48k6TBvWUYRG5GDnY-ZahI
Malmslätts Kakel AB,ChIJXfV7I0xvWUYRnmw4WrUzBbM
Axelsson Bygg i Tranås AB,ChIJcWkHYWwnWkYRmpl9GKOauqg
Kanonaden Entreprenad,ChIJD-KaF4goWkYRl_y1aGWwU8A
Lindalens Trä & Timmerhus,ChIJBWsPBCRWWUYR_-9VPSJY7bk
SVEA Gruppen,ChIJ2ePp0UNpWUYRY4htWxUC1ns
Vårdnäs Bygg AB,ChIJGZG-JYVtWUYRAG8C0lNJSoM
Börje Bygg i Linköping AB,ChIJ0a5c1dt8WUYRjLkXnpiUgdQ
Åhlin & Ekeroth Byggservice AB,ChIJtUxPizrdW0YR8rv5C_ZfY-o
Emils Bygg,ChIJKwvUD79PWUYRnpmdaOi5wMI
Mattias Bygg AB,ChIJiVT9ltonWkYRyGymr4hCiuk
Mattias Lindgren Entreprenad AB,ChIJVYV_AbYnWUYRVcmgXPzRye0
NCC,ChIJbdBsomItX0YR8LvfvB5xac0
Livstids Bygg AB,ChIJzWXZY-I7WUYR3bOz_QGxXvI
Petterssons Bygg & Trädgårdsentreprenad AB,ChIJVVtvJOgiWUYRToJLhnXrQbA
Kambrinks Markiser i Linköping AB,ChIJM2VagDgPWUYR5A_GYMyFWPU
PMs Bygg och Montage Östergötland,ChIJT4zECJXXW0YRYxrp6Exmtfw
Arkibygg AB,ChIJZSkY9a9DSgQRWJSg29pPxAo
Tenbäckens Bygg och Betong,ChIJA0JExA4pWkYR78ybEStYMY0
Törnströms Bygg & Montering,ChIJl6Lwx8KyHQARjELYQ8iStNg
JSS Entreprenad AB,ChIJ1SZnaLJNWUYRbWBnZ43-ym0
SP Utemiljö AB,ChIJj8Up7yRvWUYREKRJKPli8pg
Eriks Byggservice,ChIJ4Rb0UoFnWUYRSHfF3Jc2aqs
Väg & Byggnad Harryson AB,ChIJcdpG7836WEYRygYe_PB5EHQ
Anders Gustav Bygg AB,ChIJYZvnnuTtWEYR80Bsm5CWEMg
Total Entreprenad i Motala AB,ChIJ_bGThsDdW0YR90r1hL3F65M
Sluta Gräv,ChIJEfmnTqjQW0YRsIYVXcE8TTE
JHertzmans Bygg & Entreprenad AB,ChIJZeOIMKcjWUYRBL7NtCmtEGA
Edlunds Byggservice i Vadstena AB,ChIJ1aDz4p_FW0YR90FqLQec5Pg
Östergötland Byggare från Norrköping - Lokalt Byggföretag,ChIJAQAAcMA7WUYRcJ7nR5AAs8U
Åtvidabergs Byggservice AB,ChIJ6ZyYdhEPWUYRFWWD6CwI64I
CronFors Bygg AB,ChIJSfTu3QvfW0YRoFaCo_U-lJg
Mannes Bygg AB,ChIJVbrdTjcPWUYRTMnwxYe8KX8
Spellinge Egendom HB,ChIJAcobWE15WUYRHyp2byQ8QAw
Byggnads AB Andersson & Baggman,ChIJ3fgv7pBPWUYRxTeVwE2Lg10
Finspångs Byggnadsreparationer AB,ChIJoYoYEapPWUYR3X4A5btJxZw
Karlsson's Träkonstruktioner,ChIJe6zNHObbW0YRTxbQxOJiVuY
Staavs Bygg i Motala AB,ChIJN9tMrSbdW0YRUpb_9OHGnvw
Kustbyggarna i Valdemarsvik AB,ChIJcyYCUtL6WEYRy6Je7A0XcLI
Svensk Bygg och Transport AB,ChIJFQR-ljXZWEYRO6a_zlzrAhE
F.Åkerblom Bygg,ChIJZxHQrgbxWEYR8LKvVG63pBQ
Alltbygg,ChIJ0WVUQCo4WUYRmI1YcPtXMOI
Linköping Byggare & Renovering i Östergötland,ChIJKYL45iRvWUYRGCITU7R2rB8
Stångebro Bygg AB,ChIJEbp9-bVoWUYRNZrr2yETYVo
MLS Alltjänst & Byggentreprenad AB,ChIJxQqplDQ7WUYROCFGtsKCEQk
Solutias AB,ChIJ8022M-RvWUYRhgKdSOeW2dc
Stångåhantverkarna Ab,ChIJl8Fv0jBvWUYRtI_MjOuuH5g
Uterumsexperten Linköping,ChIJ4-e07GdpWUYRwCUt0gtsv00
Design & Microcement i Östergötland,ChIJawQQ8xFvWUYR9jM8N_N-p1s
Bygg OM Linköping AB,ChIJCRGldctoWUYRxinATxsd3Pc
IMR Bygg AB,ChIJT7-dtEjWW0YR_IizTodlrl0
Lyel,ChIJ98IFpeTcW0YRq45O6IFOwrw
Himmelsta Byggentreprenad AB,ChIJwyoImwE7WUYRl8gQY1HAu0Y
AB SHC-Byggservice,ChIJjyINTU46WUYRn1tpdGmVp9o
Byggare Carlsson AB Östergötland,ChIJWaswnH87WUYRzBNkgMPMp9g
TF Bygg & Kakel AB,ChIJSc5HojYlWUYREATrt-Ky4jM
ARC Entreprenad AB,ChIJDVu7He85WUYRj6irp5B9Ou4
Erik Sjögren Byggnads AB,ChIJv4R_BPY5WUYRGeaA9yt20ks
Roommejts AB,ChIJ_4ix4MQ7WUYR_LKh9PN0Qvk
Nova Projekt Partner,ChIJlzXKOhk6WUYRdkk0Fiz-ues
Serneke,ChIJYVxe2NI7WUYRTMwhx3eGysU
Östergötlands ställningsproffs AB,ChIJtxNcZgQ6WUYRqPv9-gbOnnk
Norrköpings Betonghåltagning AB,ChIJUWNUPcsnWUYR-rsf_VhuYUM
Marcus Bygg,ChIJz2XjGnHRW0YRRamrcIjRqH0
J4 Håltagning AB,ChIJyXzOixhpWUYR9N_pvtYAv9g
LEAB Undertak AB,ChIJVVW5XspoWUYRFHhmpfxEvM8
Bygg o Glas i Norrköping AB,ChIJqQfPPZU6WUYRkstcWl2Y_Og
Östgöta Byggpartner AB,ChIJbYSUyx07WUYRtzPBNUvoDEI
SRD Bygg och Renoveringstjänst AB,ChIJNXC-jts7WUYR_x-Ia-N9i7w
Västerlösa Schakt AB,ChIJU1ashqxjWUYR5rfE-BnSPjk
Gotland Byggare & Renovering från Visby,ChIJfYFJ6yWp90YRNcXgV1J8kSQ
Wetterns Bygg & Fastighetsunderhåll AB,ChIJf6prRM_cW0YR8SzBo_ZtRaE
Mark & Transport i Svärtinge AB,ChIJ_____w5IWUYRrjlJ-jH1wOE
MT Servicetjänst - Malcom Thuresson,ChIJP3ABZHvtk0sRFsvsqDwHAGc
PartGroup,ChIJW0tOXzi8X0YRPTFMTiHBvGI
Alltema I Linköping Ab,ChIJtReNFZtuWUYR-yD0dhDtbgM
Gärderup Byggkonstruktion AB,ChIJj8Up7yRvWUYRl0P1LiqxIWE
Johema Ab,ChIJY1mDFOZPWUYRj3tXflETcCs
Miljöbyggarna Entreprenad i Linköping AB,ChIJd6vWwqBuWUYRu8sNG7BmfKs
Norrköpings Stängsel AB,ChIJLVhdktE5WUYRfDOzqPE2NoU
Designcenter,ChIJnQJ6NjhvWUYRg_7e8Fxiw3c
SM Entreprenad AB,ChIJVVVVVeUiWUYRJx-2IWlLQ34
AB Lindstams Bygg,ChIJFU2TUctoWUYRkyxR0Ogl8KE
Byggtec i Norrköping AB,ChIJeye4rU46WUYRF60wXp2JDyY
Bygglant ingår nu i Borga (Linköping - säljkontor),ChIJP9bxvTNvWUYRIiIq2OuyeoI
Stålsätters Såg & Bygg,ChIJqfpXSMINWUYR1WbIQYVJUps
L&B bygg Ab,ChIJF_Nne8-NTGwRD3mif2VI1So
Svenska Entreprenad & Förvaltnings AB,ChIJ-8fJx7Q7WUYR5JWERtubAPM
Gotlandsbyggen AB,ChIJGXVvCe5w90YRN802kF0s76Y
Svenska Skydd AB,ChIJiw2NQ1I6WUYRdrk_0CNVp1A
Sollstorps Entreprenad,ChIJ4Wsb0xhhWUYRhTPGjs0o7rE
CH:s Isolering & Plåtslageri AB,ChIJkzgxcmo7WUYRYvBgviA6r2Q
GMG Mark AB,ChIJPUtxBVE3WUYRmqAqW2DAxCc
Sigges Hantverkstjänst AB,ChIJQVRR1defWUYRQ-4MH6EB1BA
Birkas Maskin & Entreprenad AB,ChIJ4z5VWtH6WEYR_4QYfrjwbzo
Rubbhall AB,ChIJlzUyEKjqGGIRevVTzxXpVPE
Liunga,ChIJscRT9s8PFEcRT-tMrCm13kE
Glasväggar i Sverige AB,ChIJCyd10-WO9g0RuoS2zXf9P3s
Bergnäset Ställningsmontage AB,ChIJnVBe9cs7WUYRRFNsZ0ZS-zs
Lye Bygg AB,ChIJvSDDSPNt90YR5ZxEwMbsR0Y
Fjällasnickarn,ChIJt2NXXtt1WUYRBjk4bAxgMYQ
Villhus AB,ChIJj8_BtuRuWUYRKGTnEEAcLSc
Sandborg Consulting AB,ChIJ8e8Td5QPWUYRo3f38BQXxmw
Arqly Sverige AB,ChIJ3_VOeIxvWUYRxqbuiot5xVo
bsv arkitekter & ingenjörer AB,ChIJQSwGY53dW0YRtkssZ_hGNGk
Team Projektpartner PPS AB,ChIJVVVVhUk6WUYRRjf3UAauzHA
Ulrika Willéns Byggkonsult o KA,ChIJrSLxBnvfW0YRygavUhvcc_k
Projektallians i Sverige AB,ChIJZR4V2Bw7WUYR5afN8veUJ2A
Hagsjö Projektkontroll AB - Kontrollansvarig enligt PBL,ChIJWTPWh1XSXkYRxOfFCnFYcvw
Garantio,ChIJ_9BmSrU7WUYRrhRs3TcYj8I
LIVIALI AB,ChIJOwRo_C07WUYRWwjvmh-gj2E
AD Byggkonsult,ChIJw_sSCV9oWUYRhsNryj9EITI
FLIT Support AB,ChIJNeAqbjYPWUYRm_PFpjY74Nc
Domfors Kulturmiljö AB,ChIJcYkSyic7WUYRrcYqsAPNweg
JGM Byggkonsult,ChIJYUtRwYxXISQRmDwvtdBtVZ0
Yrkesgruppen,ChIJh_l5bIreBY4RW48uhzM-D6g
Probuddy.se,ChIJx8Kw00RWa6URrQRyYigTrVU
Cramo Mjölby,ChIJvX5HYEXWW0YRm6GoUd-sAe4
Renta Norrköping,ChIJnbKafjc6WUYRlFGrokkh-SY
Riwal Sverige AB,ChIJ18CYwNw7WUYRX7gMiefRe4E
Arento Maskinuthyrning,ChIJxUR1GDRpWUYRLNrb82PiB0g
Vainio Ingenjörsbyrå AB,ChIJ3aMUnYo7WUYRa58pfPtiZ8k
Sweco AB,ChIJ87vwPUs6WUYRiy4CVmputqk
EM Husvision AB,ChIJIQocpn1nWUYRKmZ06zRG_PI
Siemens,ChIJ9QzTaOXdW0YRqVeQP0SdNt0
VibroMek AB,ChIJtW5tHQJrWUYRt0Sx2Hw22d0
HMBygg,ChIJdeQLX3_8f2YRuiFMEiL_KEo
Oxelbergen Projektpartner AB,ChIJe46V2_I7WUYRan_-KrfTu6A
K-Bygg,ChIJ65l_QxTFW0YRVPDY1sK3WPk
Byggmax Söderköping,ChIJnRlDWKUjWUYR0XFAYo_TBs0
Snicken Visby,ChIJyxMwGB2p90YRahmP9JLRf7w
Ödmans från Golv till Tak AB,ChIJ18tpy5BPWUYR7Hmk3fUcedc
Skorstensfolket i Östergötland AB,ChIJ3SLcuy3DW0YR--EErfftsHs
Vångströms Golv Eftr AB,ChIJ2UjOR9L6WEYRzigT32MqyLU
Sofielunds Träprodukter AB,ChIJO7ctLtwqWkYRSjlDAEyW8Co
GDL Ecocenter Motala,ChIJ78v7Di3dW0YRIlgou32zc4A
Bygghubben AB,ChIJPWXsZulpWUYRlm_sBehJKO4
Nordic Shingle,ChIJVetMF_07WUYR8Bk2QZ3tMTk
Jaba AB,ChIJCT5R08poWUYRQCP7MNfKPqM
TB S Rör AB,ChIJVVVVVVY6WUYRSu09R52pAIs
MeMa Markiser AB,ChIJvftGOEw6WUYRkb4ATQZRJdo
Alpvirke Sverige AB,ChIJeQKOhdmJWUYRDArwzXWiHSo
YDRE FÖNSTER,ChIJBbrV-zbzWUYRGinvXxMTHno
Wilzéns Snickeri i Tranås AB,ChIJU0FdINgnWkYRToehXCDVXMw
Ekströms Trä,ChIJTTm_y086WUYRESNhIKC39yQ
Gullbergs Bygg AB,ChIJC40BazrdW0YRGo-JwUmhkMY
Girmek Bygghjälp AB,ChIJKRFaR5rWXkYRBHwf9qMMDW4
Bolist Valdemarsvik,ChIJ2UJbN9LkWEYRMPCmFm5U1iU
NA Svensson Woody Nyköping,ChIJIVfVxm4tX0YRG9HPtRs-juU
XL-BYGG Skärblacka,ChIJfTj5hjFHWUYRiMTA9Boqh1c
P&L Byggställningar,ChIJ_____8xuWUYRpfVhwEhuPag
BAUHAUS Linköping,ChIJh_z9CK1oWUYRop1Halea-3Q
Linköpings Träförädling,ChIJiUMhA8toWUYRuNwaG9-fOqA
Radonsug.se,ChIJB8Mj67cpWkYRU34MusbuEXo
jem & fix lågprisbyggmarknad,ChIJ9yUj8jLdW0YR4Uq4DUDvmpo
"PreBad AB, Showroom/säljkontor",ChIJK_FAQ5i9X0YRecsQme6QZQM
Artsy Bygg,ChIJh7wjWcAOKGERkUNFX7JAkQ0
OBM Norden AB,ChIJEzsnFje8X0YRwIu3lo-90NE
Lambertsson Sverige AB,ChIJC6WEbEpvWUYRH7n5AmXjz0c
AB Motala Båtvarv,ChIJK1__tM7cW0YRoWardNLk7OQ
Bil & Marinservice i Motala AB,ChIJ0ZPsfiHdW0YRmNcSwDQwy5I
Ostkustens Båtförmedling AB,ChIJ86wkmpHeWEYRzQbPvjgKzT4
Skeppa Marin,ChIJYS4XPUw6WUYRvq855K5Ba-Y
Båtaffären Marina AB,ChIJM0kNoZL7WEYRiH_NOz8hTyg
Alvarbåtar,ChIJxQ_XAhA6WUYR6nlgPLDO2OQ
MSK Motala Segel Klubb,ChIJgV5g0j_DW0YRccBaH6OiF1g
Finspångs Kanotklubb,ChIJg_Xdg4JPWUYROXaowgkytlc
Kisa Båtklubb,ChIJVSPIw7yjWUYRYMK0XMpoJMY
Hovetorps Båtklubb,ChIJ06TPA4pyWUYRqzuClbcL2Vg
Hästholmens Båtklubb,ChIJt3N3WtfKW0YRiak-u6HUHK4
Sandvikens Båtsällskap,ChIJO_wkU0wuWUYRk14OKsYq9Vo
Kinda Båtklubb,ChIJ_2s2lVZ1WUYRZ8az5R-xAYk
Åva Båtsällskap,ChIJAUERtD-H9UYRMAiAarZrQiE
Grännäs Marincenter,ChIJI39YR-z7WEYRza2L_kdf13o
Hjertmans Båttillbehör,ChIJ-VIU_x46WUYRwQlAbP-Osp0
Båtpunkten,ChIJ80b_3WHdW0YR-iBYgWY5Bwc
Gryts Brygga Marin,ChIJYZvnnuTtWEYRwvdcv6TgeKE
Marin & Fastighetsservice AB (MOF AB),ChIJq6qqak0iWUYRHSOnhv3wtnA
A100 AB,ChIJGS4VvOf7WEYR-opapIIq1TE
Södermanlands Bärgningstjänst AB,ChIJo-zx2ZotX0YRAIa__ukqe-M
Björdes Bilbärgning Norrköping,ChIJMxub98o5WUYR7NdlyaSOaDM
Ramströms Bilbärgning,ChIJfext3039XkYRbxi1ohxnknE
RAA Bärgning Sverige AB,ChIJJWgQi4qiWUYRYU8FH3pdxls
Pingstkyrkan Söderköping,ChIJK4YcEbMjWUYRhjldpl_ObkA
Sionkyrkan Ringarum,ChIJS4lwJP3hWEYRbR1isaz8KWE
olboll,ChIJwexlFgB9WUYRSfM1IsMDEKw
SvarDirekt AB,ChIJTeP9iY2iWUYRyLLZKB6RJMo
Releasy Customer Management,ChIJHcRhqXtvWUYRlzVuB406L1s
Ställplats Vadstena,ChIJRyFropjFW0YRf_psadN3Hxk
Grosvads camping,ChIJ5UpzHxVPWUYRuErYpXwxH44
Borensäng camping,ChIJI_8J3tbfW0YRYxMAIIlnMsc
Ställplats KISA MTB PARK Tolvmannabacken,ChIJsbAVwSyjWUYRPLdGbn4I-gU
Malexander Camping,ChIJgxvSRRGFWUYR9TcDwWTfojQ
LV1 Ställplats,ChIJEzFA5blhWUYRwrEOwHFoAmQ
Ställplats Strängnäs gästhamn,ChIJP1ztC2P_XkYRXaQT6Q9AadI
Askersund City Camping & Gästhamn,ChIJRf73F6WMW0YRDp3Lq79m06w
Torpa Bad och Naturcamping,ChIJjeEzpbfpWEYRERYajFtyA18
Park and Stay Södra Strand Motala,ChIJvSfHfs_cW0YR3dlNBQzi4vY
Risebo Gård,ChIJ0QjXXxurWUYRaW8va_KJYyw
Yxningens Camping & Café,ChIJ49TB6FriWEYR3B9Xzv2cyfk
Tättö Havsbad & Camping,ChIJf1abT8hdWEYRE58UEMsM1vk
Vikbolandsstruts Ställplatser,ChIJV1DBGPzYWEYRVrDAzTnwmIY
Torpöns Färjeläge,ChIJXa67GdSHWUYRIKX7SN9l86w
Gripenbergs Gårdsbutik,ChIJ0bIuvgXaW0YRYOLjozXgyM0
Grännäs Camping & Stugby,ChIJUZ6Dwbf6WEYRfGh2M0HpZN4
Lundegård Camping & Stugby,ChIJ2ytsFJkK-EYRmB07-4bSWO8
Hallberga Trading,ChIJoxiPEhjSW0YRDZOrKygTcVQ
Upea Event,ChIJz6_lFGc_WUYRdcywqTpzX_w
Sörby Herrgård,ChIJS1wY75A5WUYRun_rxnp0LiA
SH Catering,ChIJ8eI3d0o6WUYRCxk-4cRWlwU
Ebbarps Norrgård,ChIJ24lMPO0RWkYRYAGCt03bfJw
Carolines Catering Hultsfred,ChIJdYZ3ka_TWUYRe5g5JyKuFxY
Britts Corner,ChIJ15QI5LB3X0YRTcXyKd3TOyQ
The Oven Market Nordic AB,ChIJ7QHVAEidX0YRjRDYOd7M9KE
Nyhults goda hantverk,ChIJn--0b2xPWEYRfe-2lSyW23o
Secret Chilli Club,ChIJRRcUfiHS7QIR2n8LCzr_VmA
Borensbergs Cementvarufabrik AB,ChIJmyjhC_ffW0YR-Ye0-l_5-Ns
Mahrs Cementgjuteri Eftr.,ChIJ25cMwqBuWUYRbD1II9-SGDU
MekoPartner Bilverkstad Tjällmo / BKK Bil o Maskin AB,ChIJ7wttS83jW0YRHgIPb2E4ahk
LIN BILVÅRD,ChIJUZ2CqZppWUYRTCYNGMpi2z4
Ingelsta Däck & Service,ChIJzRCcroo5WUYR79b2yzblXEI
Antonio Bilservice AB,ChIJbR3rSq45WUYRVbqv9JSCU7Q
Unik Resurs Linköping,ChIJFV8GDBdvWUYRlZpUvs4jIyY
Vadstena Choklad,ChIJ7QCiW-HFW0YRqfhafasZQuM
Cloetta butik,ChIJ1wy_gjs6WUYR2cjzcHRZcyw
Golden Royale Chocolate Café,ChIJ1VoNnZ87WUYRMZzkFSw7uVQ
ZETTERBLOMS BIL AB Citroën,ChIJ0TrwDgE7WUYRJdAZUPHaF28
Alvelid Engineering AB,ChIJR2npFSVvWUYRm2FvnIpE6Ik
Om22 Ab,ChIJlTqLrOtkWUYRx8d7LkGUfQI
Swiftronix AB,ChIJyZh3elhvWUYRtb5xvOk3Pvk
Kompressorteknik Sweden AB,ChIJ0WYdQEg6WUYRDww-NPYFcas
Boxholms AB,ChIJY0FL4B4rWkYRniYj30qzy7A
LT Container AB,ChIJm0ITcYF0WUYR0Hhax4hnv78
Ilab Container,ChIJ457wWdsnWkYRcdVuP4ect3M
Ammos Café & Creperi,ChIJcfJm3yRvWUYRgtULebZuiqc
Cykel & Fritid,ChIJLddib_HWW0YRK0ZMPLGKSWA
Nya Motala Cykelaffär AB.Drottningatan 18.SE 591 35 Motala,ChIJq6qqatfcW0YR5yXI3lE2CZM
Nya Stigs Cykel & Fritid AB,ChIJESyoKu9PWUYRgla1QT8s2YQ
Hasses Cykel i Motala AB,ChIJkxCYwSPdW0YRtf7aSgmZH5A
Firefox Bikes AB,ChIJ53LAj2RvWUYRW2M9pD3ZwDM
Västra Cykelaffären i Linköping AB,ChIJjyKSojlvWUYRYAOrkBZ9xZg
Vide cykelservice,ChIJBZF_Pj5vWUYRt2QCJ4nQiWQ
Gabriels Cykel i Linköping AB,ChIJfVeqviJvWUYRonYo9PZvl40
Rodix Cykel & Motor,ChIJq6qqqgE7WUYRcfLCuJLLAe0
Sportson Linköping,ChIJu_cEWq1oWUYRu4UEeezKqw0
Nellborgs Cykel i Linköping,ChIJ6WhrzcJuWUYRwr-y-qXI7HA
Jannes Cykel & Motor,ChIJzVq4dz9nWUYRszQBZ_mh3gU
Haga Cykel Norrköping,ChIJJ37WYyw6WUYRLPK2MmkXc7U
Bertil Anderssons Cykel- & Motor AB,ChIJt4qvLpRuWUYRkhZJDNy-Lqk
Mjölby cykelklubb,ChIJtRe8PIvXW0YRWS5sH6eNZZo
Vättern Bike Games,ChIJOQiaKNncW0YRu41SLgK76AM
Motala AIF Serneke Allebike,ChIJYS950oICMi0RE0_ZXvPuVrE
Dacia Ystad - Bilmånsson,ChIJ9RWfYI19VEYR-KsqT43obyk
Hasselgårdens förskola,ChIJtcbfq81AWUYRuRXYmUsjbNY
Ladybug Home Daycare (familjedaghem),ChIJDWth6z1vWUYRoHffefenZAY
Föräldrakooperativet Minigiraffen,ChIJG3ijUhdvWUYRLtnKt04hT9Q
Söderköpings-Posten,ChIJM_jroN8jWUYRn0caSKxD-Ig
Åkerbobladet,ChIJryUdHOxrWUYR90hkcDvWa-w
Jönköpings-Posten,ChIJ3xnR6IhoWkYRdXoxSMhRaiA
Gina Tricot,ChIJKRCebNHcW0YRE6c83WqXeGI
VERO MODA,ChIJyaIYWvU5WUYREqAdhhWgz_U
Bik Bok,ChIJu0bP9KxoWUYR9ayvc7zd2A8
Pretty By Linköping,ChIJfRhVTyRvWUYRA56hxEaiWJw
Joy,ChIJ4TP7HSRvWUYRX8SIRXZ9u-0
Hemma Hos Emma,ChIJZfvYWCRvWUYRQcLTa163vFQ
Levi's® Linkoping,ChIJRVoaJCRvWUYRe2MmU1stvBQ
Masai,ChIJwfckRCRvWUYRGtSRs7jTg1o
KRISS Linköping,ChIJpaaaiSRvWUYRUu3TFnvGOTo
Indiska Linköping,ChIJX2IIXSRvWUYRftMgDp2UTB4
Triumph Linköping (Ikano-huset),ChIJu0bP9KxoWUYR0VnV9YIEIg4
Eva Corsetten,ChIJ2SzREiRvWUYRO6O7vwZZhgc
Hunkemöller,ChIJyZNfbvU5WUYR5lQnSxF5Dtg
Rydsnäs Loge,ChIJ09-tWevyWUYRO4RQpo8LHgg
"Vadstena folkets park, Skulpturpark Vadstena",ChIJIQa7VBPFW0YR3C--tbn62-4
Lindy Dancing Team,ChIJq1K0rz1nWUYRLtWP_9P89yo
Dansakademien,ChIJA3vxkJY7WUYRiiR70ghglrY
Balettcentrum,ChIJyXFcy_qdX0YRkX8ZyNy0q44
SAND Dansskola,ChIJN4WvfaN3X0YRmKYEpV4ssDU
Linköping Air Swing,ChIJ__8rDTxvWUYROJNxrW1Quy8
FLOWLinköping,ChIJEZST_iRvWUYRc73aeVZUkQE
Norrköpings Sportdansare,ChIJV1UcckI7WUYRkI3iBOiQQvU
Dansverkstan Norrköping AB,ChIJ5VK3F486WUYRjx_GlIT0sYE
Tdans,ChIJeYm0bNs7WUYRQi8jDKY2XtM
Linköpings dansstudio AB,ChIJUwK7JCNvWUYR_tTj2ytRicE
biuniq AB,ChIJofBcpx9lWUYRVA5ElGCDjaI
Insera AB,ChIJZU6oEUo6WUYRWWaD9F95fV0
PC Byggarn Mjölby AB,ChIJPWgijIbWW0YR7FoIFnPz_S8
Datamannen I Linköping,ChIJJfBze0dvWUYRr0wha4SoMgY
Enter Gaming,ChIJl3NAR4AnWkYRw_vsAHB2MBE
Datateam Visby,ChIJEYSgYyyv90YR3uo5kLrZfas
Nordway Store Åtvidaberg (Symnova System AB),ChIJn63BNzcPWUYRFcRKr56v_iU
Alina Service Norrköping,ChIJL9KRqjU6WUYRIf6ejQAlKPk
Exsitec AB,ChIJEdQjfM6v90YRnbJSrv_nKtA
UCS Cyber Security,ChIJ2TJPYvxvWUYRmnR2oQ8ztwg
WeSale Sweden AB,ChIJoyoK3DfXW0YR8gJdziPPEFk
Ydre It,ChIJ8V8Gd-ryWUYRN6oPvDcOK2E
Solution Xperts,ChIJQ50LpSVvWUYRKZyHN-IzcVE
Berotec,ChIJI3ONSCVvWUYRTnFq2lS3f78
NNL Technology AB,ChIJZUIPQHpvWUYRPhRxgkkmvbg
Castra Mellansverige Ab,ChIJVVWFXnlvWUYRRMI_pt0vY6s
Itbolaget Atterteg & Vikholm AB,ChIJQzo3ZyxvWUYRojSOy91W3Lo
Sekonden,ChIJO6bepSVvWUYRNAzRRag-8T4
Synective Labs AB,ChIJdQ81H3pvWUYR_EZNSA4veDQ
Donya Labs AB,ChIJq6qqqrVoWUYRyudBsU2mNv0
HiQ Ace AB,ChIJpQWVl3tvWUYR4WmBlg7XUL8
Naboovalley AB,ChIJq9gL-EBvWUYRGNrj-pRytKM
IST Group AB,ChIJIxV6KDlvWUYR0AKJkseE5FQ
Sogeti Sverige AB,ChIJW7JA2i9vWUYRrCRcAzJPnzE
Aveso AB,ChIJ69w-JdluWUYR5nv6bPZkZzE
ZeeU Jönköping,ChIJWfp-US1tWkYR9nyvo_p6lAM
CC IT,ChIJ_11C2rOjU0YR2G5zvXBRc40
Manix Data AB,ChIJmR9EDEBCWEYRhyWbmrD_fcQ
IT-Hantverkarna Nyköping,ChIJRdiSTHEtX0YRgsydUMUIB5k
IT-Hantverkarna Norrköping,ChIJ_3UhpDc6WUYRXxN7y7hwJ4A
Iver Motala,ChIJuw0iHtPcW0YRuDUi_nVb6_M
Usify AB - Linköping,ChIJZ3cVkxVvWUYR8s8Nu3K0aEc
Atea Sverige AB,ChIJz6lCeixvWUYRxO4mdzL5Brw
JK Fiskarhagen AB,ChIJfxGzBcgJWUYRthibC70js8Q
Code Complete Sverige AB,ChIJXerseKSjWUYRFh9xRm2AnlM
Zenon,ChIJoXJW7ntvWUYRygNrDKALLT4
VISIARC AB,ChIJZ8yyP2pvWUYRVpIJD141Hbw
Dartur Online,ChIJ22wcLc87WUYR4Kcn344-__Q
Ricoh Sverige AB,ChIJjyL6ucpoWUYRdhNM3Og0-YA
digilutions,ChIJG3_ot2W3fCgR7g3gK-ULZZE
BlueKlint Software AB,ChIJ8W_nOxVvWUYRcTtG3Jzjm-Q
Nolaris Solutions,ChIJ69IN9YxvWUYR5PxLQy4FeyQ
Knowit Solutions Linköping AB,ChIJSzmzvxtvWUYRT87q2O7PpeI
Advanced Computer Technology i Linköping AB,ChIJHcRhqXtvWUYRNamHGwFX2d0
Connector Data AB,ChIJo-ywNhpvWUYRqTv9OAIk6bU
Goldpen Computing AB,ChIJj8Up7yRvWUYRshdY_8MnLrc
Lan Assistans Sweden AB,ChIJ4a9YWQt4X0YRcip_y_5GmSI
DCL Datacentrum Linköping,ChIJ9zk8SjZvWUYRgD6GSK8DyvM
Datateknik Per Rodell AB,ChIJWayNG2ndW0YRZdNf_-RJhJY
CNAME AB,ChIJ0c5HSd98WUYRlo6UjXrYTV4
ECIT,ChIJw_juX09vWUYRjj2VLRLc_GI
"Fujitsu AB, field services",ChIJMSUeuspoWUYRiGUPZbYsqgQ
Keyplan,ChIJs6NYa307WUYRwjjKJM4Kp6o
Gibon Nyköping,ChIJoajxWG4tX0YRbvcENIbSOwI
Nordlo Nyköping AB,ChIJ25NnIXqa60MRP6l5e6KE59w
Iver Norrköping,ChIJWbsnoMXcW0YRVYcIlns8lfs
Wisest AB,ChIJHx6zkHkoWkYRmbLtbjkOMos
PubQ AB,ChIJVfGeO4g7WUYRFapCeAgrZRw
Advania - IT Företag Linköping,ChIJHcRhqXtvWUYR7BQ9mZ6E1K0
UCS IT Solutions,ChIJKwmIyZZvWUYRgwysu66x06Q
Albia Sweden AB,ChIJf7mV_XVhWkYRYQArYybCS2A
MunerisIT AB,ChIJ6a87r8lpWUYRY2QyGaRUw-Y
Dialect Linköping,ChIJ3xp0_z5vWUYRkO5IszANHuw
Fastlane Devs,ChIJ4V9ZNODVYUsRAtKo031BI3M
itFredda,ChIJ-SJqKjZ_MqERRzQIvmeHIjk
Dekaltrim AB,ChIJi2pH9NeSWUYR9VW67A0LTps
Vadstena Saluhall,ChIJN0KKtZnFW0YRELoxzVOuO38
Libink Agrikultur,ChIJ-VPtlRDXXkYRbuD4SNB7XWI
Samordningsförbundet Centrala Östergötland,ChIJFQ2GSztvWUYRkgHD-zXngM0
Studio Pale Grain,ChIJDSZ3cWKdX0YRKpSXhG3Kf1M
S.Å. Studio,ChIJAUntk5eJWq0R0ZZVe9RPeP0
Engiservice,ChIJFZDBTIxvWUYRb4z5D4cZ16A
Zellit,ChIJa-_7P4LdW0YRVlO3np2Ta_4
Peachie Design,ChIJcxqs5AQ7WUYRX4HdrisZbJY
Printakademin i Linköping AB,ChIJAQAA8G5vWUYRQxTggBLV1xo
Gefabgruppen Norrköping AB,ChIJzbADwPQ5WUYReJI8QbOUIV4
Alla Format i Vadstena AB,ChIJLxmXdQvFW0YRutUXIxUEOHg
Rapidkopia I Norrköping AB,ChIJx0UKWSo5WUYRdTK4MTzxMGk
Humanistiskt Lärcentrum,ChIJf5ydLyM6WUYRk8GyVk4UoFU
NXT Learning,ChIJ4_Fg5VVvWUYRDLq32_amO8s
HelpMeUp.se,ChIJCbxfRU3RV0YR_jNdoEIyWnQ
Edunow,ChIJl42_x60zGQARHZ2rk419v_U
Adasco,ChIJOYF8Q8_RW0YRADasQA2mGMc
Human Awareness AB,ChIJSxxVMMUjV0YR9aL3LpJD3Fc
Svenska Promotionhuset AB,ChIJVVVVVVY6WUYRLWAqmAEGXnE
DJ Kapten Widar,ChIJjQeFIQRlWUYRKQLc1amnMus
Powersound Disco,ChIJ8aFdvuFlWUYR7hhceSK5jUw
DJ DiscoSound,ChIJg52YJE5vWUYRJsmbJAz-ki4
DJ Patrik Reman,ChIJEbkcar1rWUYRXrXbfeo-rFc
DJ Konsult,ChIJhRvx17I7WUYRrTpN1Y-k-Vc
bobby.dj,ChIJma7DQErDW0YRlTDH16JYJ1w
DJ Andreas Jarskog,ChIJte-_gBA7WUYR-dEqxARXhdQ
Korallfisken i Linköping AB,ChIJzUibWkZvWUYRRwMgVsmhor4
Arken Zoo,ChIJLbVoXM3CW0YRF3egfSJlw-4
Beguns,ChIJZ_I3nyQPWUYR17DHZvqpKug
Dogman and friends,ChIJ5cjap09pWUYRKfkPgs-mePo
Mini French bulldog puppies,ChIJhW7x88JvWUYRwfsIqxcSrDY
Zoogiganten Jägersro,ChIJOaeO_bihU0YRMHgE9M2fz70
Fransi,ChIJN4DwIPRI6wUR4_WGaUSXAng
Linköpingskretsen Av 4H,ChIJ7xj3dGtnWUYRlRIJ_qlmh-I
Djurskyddet Linköping,ChIJs5u_RrNxWUYRU6UrCOzyp1w
Linköpings tingsrätt,ChIJAQAAAAVvWUYRjslbzoBxJRc
TTHOLM AB,ChIJu4JwJHFrWUYRhiRJvtpwiMY
Nyqvist Dyk & Äventyr,ChIJY_1UKW97WUYRymA7W9vagbw
Divepricer,ChIJb8-aGq93X0YRXAKm_hP-wAk
Linköpings Dykcenter,ChIJBQAvKdluWUYR2r2DwEa1J24
Däck & Bilcenter i Mjölby AB,ChIJsbEeKG3WW0YRPbf_GwOzOx8
Ljungsbro Däck AB,ChIJN0roUR5nWUYRH3BNp0cBt0k
Superdäck Vadstena,ChIJGwBldB3FW0YRhBG7llAYt-s
Däckpartner / Åtvidabergs Vulkaniseringsverkstad AB,ChIJVaA7IjoPWUYRTWSjLJKtW7g
Euromaster Drive Thru - Finspång,ChIJ6VfM2yVPWUYRsJaGwjVgafo
Kisa Däckservice AB / Forslunds Gummi / Däckpartner,ChIJi8Ep-4qiWUYRzNv1xO5Hs20
Kinda Däckservice AB,ChIJ5b6nNpWiWUYRekn9ppGOpgI
Mantorps Däckservice AB - Bosch Car Service,ChIJYd6h2ih9WUYR6kvAaCPZaXg
Anderssons däck Däckteam,ChIJK-7OThMgWUYR8gV6M8UrKTA
Däck Rolle,ChIJi297czAlWUYRZTNkrDhxTSM
Däckteam Ljura Gummi,ChIJC_My1Ts6WUYR7eug9di0I4o
DÄCKIA NORRKÖPING,ChIJv9O08zU6WUYRHjEvHeNlGzc
Pelles Däck & Fälgar,ChIJZ06OecpoWUYRu807z_qzwp4
Däckia Linköping Torvinge,ChIJo6I6e8tuWUYRKWZ1nobBZSA
Bennys Däck,ChIJ3VDjjUE6WUYRcBe_zMI0-9E
Däckpartner / Däckcenter i Norrköping AB,ChIJc1m6-Ck6WUYR4guGXbVmfOs
Euromaster Finspång - Däckhjälpen i Östergötland,ChIJO9ZSDGNPWUYRN5CNCkiBUz0
Linköpings Gummicentral AB - Däckteam i Linköping,ChIJT2p7wrRoWUYRRVLLZIwLxh0
Fordonsservice i Borensberg,ChIJtZ_9tIDgW0YRELbivf8eTc8
Waldemarsviks Däckverkstad AB,ChIJrXVZAQblWEYR3X2Og4aR-tM
Däckstop Hackefors Däck & Bilservice,ChIJf4lkzbxuWUYR5WFUVT9HuJA
Däckhuset Jägarvallen,ChIJATmL2IdlWUYRdY7ozlXBNWE
Karstorps Däckmarknad,ChIJs9eAmIk7WUYRqjUcjU7_PH0
Rolands Däck & Biltillbehör AB,ChIJjcJTpCMPWUYRNxP5glLCDDM
Mankans MC AB,ChIJl2ZKHok2WUYRfq0_bAo1QwU
Stock & Gummi,ChIJCYpSSuVjWUYRN0-N798BaEY
Kiosken Freda,ChIJPVV54tL6WEYRzKAGqK9pBS4
BoH Living,ChIJ3_YYaXvXW0YRhgU0h2JMus0
Grillkung,ChIJVWArS7XXW0YRUnPD9_F2BT4
Presenten.se,ChIJd1xziF_WW0YRWrWxKJkD54w
Köpstaden,ChIJ46jF6u00WkYRfI5H7nwYIM8
Sonarstore,ChIJA0VGjoBvWUYRjGwm5maX8PI
Beautypwr.se / FMS Group AB,ChIJSSk7kl1tWUYRIag91_Ezq9c
It's Design,ChIJFUZLtSZvWUYRXnVnom7D1vk
Horeca Wear,ChIJy5m39DFpWUYRP9O574rLb5g
Kunskapat,ChIJPYzs7L07WUYR_0Zeb3xyUUU
Tasstorget,ChIJpTaZKjY7WUYRz1t9F3wbz-E
LAIB Sweden AB,ChIJPVnKRnI7WUYR_IqVWcrFjSQ
Flippin Discs,ChIJpcH0vDE7WUYROhXixIUgehk
Mizzy,ChIJJ37WYyw6WUYRAagCgMBAs_w
Kalenderkungen AB,ChIJg8QNcMZvWUYREu6m8U3EtmM
Golf Fashion Online,ChIJVVV5D45uWUYRecKgERhuCrc
Charma,ChIJazcDmsZvWUYRtiGPxkxx93c
Celiah Design,ChIJk8Wbqs87WUYRXkcPWdV5kYE
Kullagret Sweden AB,ChIJFwHm6FPXW0YRRZ2oJj1HxI8
Discace of Sweden,ChIJv9mDW4TXW0YRNAM-9-tLLMk
Erik Jerneld AB,ChIJjQNZhNncW0YRImcs3eFDEZo
Sizable.se,ChIJsSmt18JvWUYR_173OoBCAq8
REIREI AB,ChIJoQdXwtRsWUYRJS16H2nXLhc
Prylgrossen,ChIJtyTKAV_WW0YR_xxAxD4EgOg
CAG Ateles AB,ChIJHcRhqXtvWUYR-58zUWSXGGY
LetWearBeLight,ChIJ8-JsNX5vWUYRNYrQxuewS1o
Nylin & Skeppstedt,ChIJO92ZdiA7WUYRlVMV7iqc9aw
bilohem.se,ChIJMwXQ2dQQMYkRvXVdE_kJVhk
Sticksömmen,ChIJY4lHtT4nT4IRtLFlagPfFi0
Ryttaravenyn,ChIJZQNtogRMwCERCrX81r22tIs
Klubbens Diversehandel KB,ChIJc-5OIC89WUYRd2iI8NII430
QLEANTAB,ChIJN3R-p7WdX0YR_anoyZH-xx8
Visma Digital Commerce AB,ChIJAQAAcMw7WUYRXA35CQc_va4
Nioma,ChIJZxN2rTdpWUYRgPKUf-ghiak
Finca Solmark Ekologiska Fruktlådor Lager Linköping,ChIJG-8zE2hpWUYRlaAfDVyyLTs
FBMG Konsult AB,ChIJ95_97O4kzEwRjGlRlBByU3s
Ekonomipartner i Söderköping AB,ChIJEz34yPAjWUYRh1qa9-jjdl8
Wilow Redovisning & Ekonomi AB,ChIJ68Gwlp9vWUYRZlAA3X15Q9c
SparaCash,ChIJoSquiQU7WUYRcbrHtmr5Hys
Max Matthiessen,ChIJmYFqyrQ7WUYR-q6viZsMp1I
Fyrklövern ekonomi och juridik AB,ChIJzeVtLW5dWUYRz89BYaTwalM
Global Invest Finansförmedling Sverige AB,ChIJVaM7vks6WUYRh4126BklMp8
JH Bokföringsbyrå AB,ChIJdXAyHiVvWUYRqkMXPQqOaXg
Curt Benckert Aktiebolag,ChIJU7uKN5RvWUYRKY-YIRP7C3E
Brindelid Revision AB,ChIJq6qqqrVoWUYRMo1HcwSIj4Q
Ekonomiplan Valdemarsvik AB,ChIJaSXYX9L6WEYRpPwo1gKqr8A
COLOZON,ChIJr_FU5q_AoSMRRzymbIaMY64
Vattenfall Services Nordic AB,ChIJbyuIMdsqWkYRdrVtlcoZTkU
Eltel Networks Infranet AB,ChIJSxeEuf86WUYRuTlq3uakjik
Nibela AB,ChIJ192ZRiqyIGcRHzf87PHdXrw
Mjölby-Svartådalen Energi AB,ChIJq6qq2l7WW0YRQzY1SLScMOk
Bixia AB,ChIJeU9xCyxvWUYRu2uRmFu6sGA
Tranås Energi AB,ChIJW0G_z3UoWkYRujr_ZHF2Rho
Hj Energi,ChIJvTOmXQg7WUYRjfMGTO00Rug
Polyamp AB,ChIJ5W3ICiMPWUYRTn3Oyr2LmKU
El & Automation i Åtvidaberg AB,ChIJKbEACfsPWUYRQSvvVSmVFjA
Schneider Electric,ChIJ573m9bw7WUYRcfmlsrrbTVw
Schindler Hiss AB,ChIJc-rQH7NoWUYR7k1RzfwPC50
Kinda Elteknik AB,ChIJUY1V10354i8RQdg5aLexixY
Elektrikerna I Östergötland AB,ChIJqYT2JpTWW0YRcIa-2EMtFbM
Mjölby Installation AB,ChIJ4wP0H__WW0YRPbPeHfaGOBA
MSI-EL Motala Ströms Installation AB,ChIJU_X-LcrcW0YRwW2r_nVUUrA
Eltjänst i Norsholm AB,ChIJO5yQol8_WUYRFmnnrdvHD_k
Elinstallationer i Skänninge AB,ChIJUZw336rQW0YRIStClJVORuY
Lundgrens El,ChIJNYqol9snWUYRFS_gcPkErP4
Elinstallationer Örjan Nilsson AB,ChIJFRxI7Qh96UMRNgYLPzzkmvg
Elkedjan Ternstedt Invent AB,ChIJd2T6mjcPWUYRFOgin3dLBtc
Ydre Elinstallationer AB,ChIJu6Y22SmTWUYRsJNJv-JoCeA
Elservice Lasse & Magnus AB,ChIJyzRt5qjQW0YRp9XJflYBCQY
Skärblacka El och Installations AB,ChIJXSpDOn1HWUYRYiHpFliApXg
Elteknik i Söderköping AB,ChIJmdLtWNQjWUYRUBMHKAjiJ6U
Tomas Gindahl AB,ChIJafz2nPKHWUYR6DQbVKLQPag
El-Ekonomi i Linköping AB,ChIJOS8ztklvWUYRKfnG0JOWMUw
Häggebo Elservice,ChIJY4e9JAh7WUYRT22eLRuqOpQ
Emanuelssons El,ChIJg6ZUzv8nWUYRi0-xqmCTidA
Elkrafterna i Östergötland AB,ChIJDfMxzL9PWUYRTtyoUYRdkmQ
Edmans Elektriska AB,ChIJoVgMkABnWUYRfn5VC9C68R8
Stridells El AB,ChIJlwIlvI-iWUYRxPtE7iDjZfQ
Electrosec Elteknik i Östergötland AB,ChIJw9ezTspoWUYRAurUn-dkoHg
PS Elservice AB,ChIJQd1juu47WUYRFE-jMKlnwyg
MT:s Elektriska AB,ChIJy9MqY9BBWUYRODB8NO7jsdM
Elcenter i Söderköping AB,ChIJg0lgqjYiWUYR3D-GsS5xSdw
Eltjänst I Åtvidaberg AB,ChIJhdYiuiAPWUYRpzXceAqxmvU
Elmontören El & Industriservice H Malm AB,ChIJEYA-7TQ6WUYRG-lGOYM9b8w
Åby Eltjänst AB,ChIJMd45YP86WUYR6f7kIxSWiTU
Nolérs El AB,ChIJ1dGkm0lPWUYRVAwZXW2mp0g
Hjulsbro Elservice AB,ChIJrbXyCy5sWUYRYlss1_dAiJ4
Schneider Electric,ChIJ-7DqmcpoWUYR5GvGM5PKSGo
Ab El & Säkerhet Sörmland,ChIJq6o-1b23XkYR2JylmPzussE
Ermatek El & Automation AB,ChIJqZ-NQjw6WUYRokpf8MfuHb4
Grebo El AB,ChIJgzCoDzpvWUYRWzY-lTi3ys4
Gustavs El i Linköping AB,ChIJlayazR5nWUYRMBvC5vWY1LI
Knutströms Elektriska AB,ChIJOecdCiZvWUYREp-7B_hUm2E
Elinstallationer i Norrköping AB,ChIJtZl2Mcs7WUYRvLix0sR0YJ0
Kvillinge Elektriska AB,ChIJ-fPpjDY6WUYR6JrLTQGrgc4
Boman El & Larmtjänst i Norrköping AB,ChIJYxuDHvk6WUYRvtoMt_fOXeU
Eitech Electro AB,ChIJ3eoWnIA5WUYRtCwl_zxrQCE
All El AB,ChIJbxQDCYsjWUYRilM5YfM8CmI
Mobergs Ledande EL AB,ChIJg0M6gFp9X0YRNf7PSz0ouj0
Dina Elektriker i Östergötland AB,ChIJOVHos-puWUYRSdUp3gULwvQ
APC Elinstallatören AB,ChIJ3RGLJIZlWUYRcDRz_Gi6BMQ
El-Effect i Linköping AB,ChIJt68tI3FpWUYRTbg8kLqZ52c
Elkedjan JA Teknik,ChIJU7v_sUA7WUYRzVzcRBeSKf4
Elektriker Norrköping - Elektrikernorrkoping.se,ChIJ68c5iLo7WUYRODuAvIkikas
Elman i Norrköping AB,ChIJNwLR7NU3WUYRGqgkUtbr4aI
Lundqvist Elektriska i Norrköping AB,ChIJU9HSGYA7WUYRJwI0LtRJAjg
Tjädermos El AB,ChIJheX3ui1vWUYRjncv5auhXMA
BR Elektriska AB,ChIJsxB4xdluWUYRzSe5U5303OY
total elinstallation i linköping ab,ChIJz1nUK_VvWUYRhfoBeeCv46w
Stenbergs Elteknik AB,ChIJR4k0f8w7WUYR4dEvTmXRdoA
Aspdahls Elektriska AB,ChIJ-UkxBlY6WUYR-gKETI-VZkA
Bolinders El AB,ChIJU23cLv9xWUYRYPDCF9hJcKw
Falerums Elbyrå AB,ChIJPyVYkWwBWUYRGB3j9w7fz8A
N Östlunds El AB,ChIJw1Hu1wDuWEYRiiSYmR2LT40
Firma Göran Karlsson VVS och El,ChIJiQBG_ulrWUYRpg1qWX1iU7U
Bravida,ChIJ8SHszC3DW0YR8ERuhHft9T8
Söderköpings Bygg AB,ChIJI7KKv1gjWUYRAGMMNucquh8
"Elkvalitet I Östergötland, AB",ChIJecP8vFcNWUYRwEBOzYF8Rh4
Svenska Höghöjdsentreprenader AB,ChIJjaHpkw03WUYRKa-Jt4eo9jc
MM Elinstallationer AB,ChIJXTCk7MXcW0YRp5Hppd1XJ-A
Oreli,ChIJ_W22xhQ5WUYRAkL061cCVm0
El i Linköping,ChIJ5V4tNARvWUYRF9VUwZRGGRA
All-Teknik AB - En del av SWEPO Group AB,ChIJF-gWSCPdW0YRVJqzzrLXJpk
Elektriker Linköping - Elektrikerlinkoping.se,ChIJAbuaeSS0iUwRtBrPvy0OCcY
Linköpings Elteknik,ChIJKyMvFdfSPoYRYhBrwmHTj9c
Östergötlands Elservice AB,ChIJCZtlcm8_WUYRnd3aTOhjGI8
Angelof Union TV-Service,ChIJ7dZhsz9nWUYRz9exkkTKALE
NetOnNet Linköping,ChIJzxD9eJLRV0YRZitkGxO_l2E
Kjell & Company,ChIJr3R3Rwg7WUYRgGK6xJRcE_g
Elon Ljud & Bild - Mediacenter Mjölby,ChIJRwjtnF_WW0YRx4m2onjIB8Q
PlusPoolen,ChIJVc0o-BQjWUYRWngixtSqcPs
Cellect Ingelsta Shopping,ChIJmbprEpQ5WUYRfGSbk6cclhM
Utronix AB,ChIJB6YKx6ltWUYR8Aew2vOZY5Q
Fribergs Radio,ChIJa-wj2qJuWUYR7wjY9Sn0-ls
Frendus AB,ChIJd6H3VSZvWUYRnl8i2kjA_HU
HiFi Klubben Linköping,ChIJDYqDSiRvWUYR_ZN6cP-vz7M
TV-tjänst,ChIJyz0jNpBuWUYR7HxZBKFd918
Resurspoolen,ChIJAQDApjtvWUYRXosb-s91rrA
M punkt nu Sverige AB,ChIJARXBMYpuWUYRCyzT5x_yx4Y
AR Audio Svenska AB,ChIJGQi6n0s6WUYRRjCU8P9YE5w
Lefflers Ljud & Bildupplevelser,ChIJz0XG2Ew6WUYRwGHWFO0f19E
Datahantverkarna,ChIJK82XIes7WUYRuSfW1YxMMZw
Teknorama AB,ChIJkelxqkYBWUYRBaEEz4LzJUY
MEGA Power UF,ChIJwY0j7QzDW0YRwUuZ9wE3Ik8
Office Depot - Kontorsmaterial,ChIJ51zFCU9vWUYRhs9Q9u8oBVw
Teknikmagasinet,ChIJB0X3kaxoWUYRj0iX0a6FGiA
HappyPhone,ChIJg9bSHaw5WUYR5v_AGQ3-g7s
KELTIR,ChIJKbp2Xwc4WUYRRQzo2Ip5pYM
Bachman Elektronik,ChIJaYhpsF0_WUYRIeeMOD2BMXE
Bang & Olufsen,ChIJiRMVjCRvWUYR-Em2bH0wd9M
Elgiganten Linköping Megastore,ChIJCZd7yK1oWUYRDSYyEBOANPU
POWER Linköping,ChIJG1bm19xpWUYRstYu09vehKE
Delphi Teknik Service,ChIJ8Q66A4vXW0YR313amgtoCnA
Rotakorn Electronics,ChIJFXffvkkPWUYRv0ZdINT8hQk
BK Development AB,ChIJr-QykW1vWUYRKG8CThiEjiY
Electrocare Nordic AB,ChIJF_vK-6NuWUYRaNRL1jdZ4Lo
Ammoneo AB,ChIJq6q6sjFvWUYRQJXZZG_6l8Y
Magna Electronics Sweden AB,ChIJY97ss_FvWUYR6hKA50kZv1Y
Veoneer,ChIJD1gy-XtvWUYRdNlSRPPhGQ8
Columbia Elektronik AB,ChIJlQVnYi8uWUYREfIBJLbJi0c
Lintron Technologies AB,ChIJP8yNP5drWUYRRseJ27HG1f0
Mandalon Technologies AB,ChIJjZjM7_1qWUYRQrf_xQzQG-4
Kraftic AB,ChIJk04JOGk_WUYRQzsNMgMLI6I
ELRÅD Tommy Johansson AB,ChIJTQRiNJplWUYRyTxFWDWZqO0
Torpheimer System AB,ChIJEXpulzRpWUYR0z_mvyhJtwk
Cantenna AB,ChIJwQIcCN9uWUYRfAMohUZ7KJ0
Eddima Teknik AB,ChIJp6byJDo6WUYR62_t-d6nQCE
Granitor Electro,ChIJRZoTjCdpWUYRiSs8JfFM5wk
Mårtens Elektriska,ChIJxQrnuK87WUYR_6ll6Nctn8Y
Svagströmsinstallationer i Norrköping AB,ChIJEVbAmUE3WUYRMxjwMP5oqXk
Ingenjörsfirman Elektromontage i Söderköping Ab,ChIJsci2ZakjWUYR-noMa5_I4YA
KomfortAutomatik i Östergötland AB,ChIJ3RGLJIZlWUYRIkpv_dmlhOs
Krokeks Bygg,ChIJewJU804uWUYR7NX6KIFxlVA
JN Byggteknik AB,ChIJAdfuoC4uWUYRrGkmSp2_VBk
Tryserums Bygg AB,ChIJ0-s9vcb6WEYRrRmXDu6n7gI
Villadränering i Vadstena AB,ChIJnYfaBQbFW0YR3f05fjYoc7w
Airvent i Östergötland AB,ChIJY6thYjI3WUYRKrbXiPx_JWU
Östra Ryds Mur & Plattsättning,ChIJVRxSi9EZWUYRUfHukFosAKM
Vvs & Energi Partner Öst Ab,ChIJoXSYEzFHWUYRHD7aCQdY6zY
Bröd. Pettersson Kross & maskin i Kisa AB,ChIJN4dbA7ajWUYRUYsjHvRo2c8
TD Fernströms Entreprenad AB,ChIJY8xfSbRqWUYR1vZ82kb5Axg
Brorssons Entreprenad i Finspång AB,ChIJkeSLXHRPWUYRu0nROp1gUac
Jesper Och Joachim Wall Bygg I Finspång Ab,ChIJUygVgL9PWUYRLG1swVhEny4
Runar Ekman Entreprenad AB,ChIJZbRhWSEuWUYRiHqjCdbydL0
Thormans Entreprenad AB,ChIJ2zLfR6FuWUYRUZH0vTXuJ_Y
Calleido Byggservice i Linköping AB,ChIJEebTfy1vWUYRmF6or2_UKOE
Skanska Installation AB,ChIJrRxqOEtvWUYRFF8fgHkMDIQ
Industriklättrarna Sverige AB,ChIJHW7Gta9nWUYRUidOm5fuY3s
L.g.b. Timmerhus Aktiebolag,ChIJ_9WYDMPCW0YRO2PxJqcfUVA
Maskinring Öst ek för,ChIJ-UkxBlY6WUYRaIEr_T85CDk
Totalprojekt Östergötland AB,ChIJEVYeiCZvWUYRTevIAtP4oVE
Bo Lennart Andersson Entreprenad AB,ChIJ__Hm2_rhWEYR615gR3gXPc4
Jesab Entreprenad,ChIJicebTixHWUYRxO4T1JDoGAw
Markmästarna i Östergötland AB,ChIJ68U1GoUXWUYRL89GXvDy3VA
Kennås Måleri & Kakel AB,ChIJIxMf7nxuWUYRafPpoi6waew
Åhmans Måleri,ChIJAQBQOEtvWUYRnCiu2zumNQA
Kakel Entreprenören i Östergötland AB,ChIJYxuDHvk6WUYR70pPbV7_3wQ
Byggnoga i Sverige AB,ChIJVVVVlSIuWUYRM1T-vSPd-SY
Jansson Entreprenad i Linköping AB,ChIJIYycrFppWUYRAUL9PL8dy8E
JMR-Entreprenad AB,ChIJ9dIyZU9OWUYRTbFcP6Abz5k
FTX teknik & service AB,ChIJVzdyo5A5WUYRmU5iQ2xd9Xw
Ylva Wall Effekt AB,ChIJ-wbP_5OiWUYR4ZL3eZ4gvTo
Nya Ceremonier HB,ChIJI5bui8IrUkYRieFxR-r-YqQ
Hagmans Tak Öst AB,ChIJrUXNa-HcW0YRbBnuy-po7Mg
Lufttema AB,ChIJjaSW57w_WUYRdllU8gEGJO0
Miljö & Trädgårdsteknik i Mjölby AB,ChIJJwQsG0bXW0YRojqNzBptipc
Östgöta Byggproffs,ChIJH0xAh1EiWUYRgzfknIarHaw
Plåtslagarn i Ödeshög AB,ChIJtU6N0-00WkYRD6EaOrv2qHM
Inspection Construction Peter Lorentzson AB,ChIJr3lnTjJvWUYRSZ8_cByBBfI
Johan Rosengren Bygg & Fastighetsservice AB,ChIJ42O6MVU6WUYRLMc01ieNSPk
Södergården Gräv,ChIJT5efZg1iWUYRxR6suHohlNo
Linköpings Fogfria Beläggningar AB,ChIJvRYDxKBuWUYRJsW-GEFAiKM
Puts- & Fasadteknik i Linköping AB,ChIJgVRwTzJvWUYRg3UzgnW-JLQ
Permans Mur & Platt,ChIJEQSFWS3DW0YRY0No_zOhOUU
Etcon Automation AB,ChIJPy9zKjAPWUYRHQmDSLRWTK4
Nylunds Musik,ChIJJ90uVYFuWUYR7DLT-ffy2IY
Lida Trädgård AB,ChIJlYm9fZI5WUYRu5bC4O84gnU
Markentreprenad Linköping,ChIJu3hVNs1uWUYREKpKlpSxs-A
Linköpings Plattsättning AB,ChIJAQAAAKNuWUYRXJQN551Bby8
Östgöta Elitstäd AB,ChIJVVVVVR46WUYRHuTks0VmBxE
Ankarberg Bygg,ChIJq7QEGsXcW0YRBDXPV1IQDv0
Byggbolaget K A Project,ChIJjWusAWo7WUYRuN8SpFYWzzI
Optiplan AB,ChIJhRvx17I7WUYR0VSpAWm422k
Linjemontage i Grästorp AB,ChIJA98t2B9sWUYR0qdl9x-Laq4
GarantGruppen AB,ChIJrRxqOEtvWUYROAvh2qc6qA8
Strålsnäs Schakt Aktiebolag,ChIJVZz2JpTWW0YRVpqFpjWTDLs
Niklas Linderholm Entreprenad AB,ChIJVWJQiWc7WUYRzl_eVLp_LaQ
Bard Entreprenad AB,ChIJ_____2_vW0YRRg3UnP83pgI
Markentreprenad Norrköping hjälper dig med markarbeten,ChIJu3hVNs1uWUYRTWr_iEeOY2A
Axelsson & Hedlund AB,ChIJ29LCPJhvWUYRzv5KSd_0Xc0
Lekab i Linköping AB,ChIJj8Up7yRvWUYRnGV6OMuzrl4
Byggfixarna i Norrköping AB,ChIJa6_mNRw7WUYRfpd-XnT8oMc
Borrtema LKPG Bergsprängning AB,ChIJ__87DlBrWUYRRaZwiZjKCYg
JL Bygg,ChIJVVWVSsrcW0YRqOkPkUf3hXE
Byggnads AB Johansson & Pettersson,ChIJrUXNa-HcW0YRSrPOoQV6yUM
Crs Lihagen Bygg&Mark Ab,ChIJ8V0O1qJuWUYRGt1KbX4cWDk
Tornfalken Entreprenad Ab,ChIJt2A3R0lpWUYRQb38tvXFepU
Brodyr Konsult i Linköping,ChIJm8ZWPs1oWUYR9B8BHE2Kbl4
Steambox Ab,ChIJf1vWAjrdW0YR551yEqrAtV4
doING Projektering,ChIJAQDAWco7WUYRbGE4tjFmY_g
Västerviks Bygg & Fasadteknik,ChIJ_0DIniJvWUYRRVy6yF6-F6U
Krossteknik i Linköping AB,ChIJmQDVyt1uWUYR631092Vq_-k
Ställningsbyggarna Bestorp AB,ChIJ6UxvxstoWUYRJHBzL2XywFc
Pjn Entreprenad Ab,ChIJyV6-WLc6WUYRwGwtelfe5go
ONE Nordic AB,ChIJgXYUov86WUYRAAhP-sfY8Io
HDsolar,ChIJwW9DVZy9X0YRZIwZB9_pw24
Reglerinstallationer i Söderköping AB,ChIJ9wPt9jU6WUYR8zuvRyQ_Lqs
Grundtuben AB,ChIJbfiEGKFuWUYRCUo4YMIXWzU
Kron & Karlsson Bygg & Mark AB,ChIJy7VVRKBuWUYR9wlYexF_tso
Daniel Ådahl Bygg AB,ChIJyYHNR8kPWUYR1rsihfRwiI8
Åtvidaberg Infrastruktur AB,ChIJMQOtpUgPWUYRInpYek_fKzg
Entreprenadmaskiner i Motala AB,ChIJE3EfQsXcW0YRaDhQzlkDBuc
Visingsö Entreprenad & Skogstjänst AB,ChIJo4bA8TsnWkYRuJNp3X1uoao
Maskinpartner I Östergötland Ab,ChIJt_-XqjPDW0YRL74pJRqJz-I
JWM solutions AB,ChIJTR1x5rFlWUYRkM3bW2Ee5c4
Widerberg Bygg & Entreprenad AB,ChIJ7aLJAZRDWEYRZ3LOcU4PJS0
Svartå Ventilation & Teknik AB,ChIJY4WTUIph5YgRvhLCZUJgssM
Edoff Bygg & Ventilation AB,ChIJUw-hFJQNWUYR85v18ergi8I
Baronia Escape Room,ChIJCdD1R4JvWUYRNFCZUTJbNc8
Elimförsamlingen Askeby/Örtomta,ChIJ4T7h4lprWUYRSByGXXCJTjs
Citykyrkans Församling,ChIJMUZUCyVvWUYR79QYPCVwIIQ
Baptistförsamlingen Saron-Korskyrkan,ChIJNxY4f8o7WUYRyDXC2Wap2X8
Mkzorbsoccer,ChIJQfBLm_pnWUYRLq0L73FkJ0Q
Segway Norrköping,ChIJJRx9Mcs7WUYRq3xsFbUhyVo
Folkets hus Silverdalen,ChIJs5Fxu5XRWUYR-iFgXsUsjq8
Skärblacka Folkets Hus,ChIJ7d9ZwzJHWUYREniHNeYbuS0
Sandviks Herrgård,ChIJSZN7WttdWUYRxUFHdtUL7Qg
Tallkronan Kvarterslokal,ChIJ9Qt9SDhpWUYRSxfArZaf4bg
Sörby Rundloge,ChIJSdjjY33WW0YREwloU4qgncM
Vallerstad Gård,ChIJJV99XCnZW0YR8LaH6s8MIbU
Equmeniakyrkan Konferens i Linköping,ChIJGV4HqiZvWUYRPJ-EVdnP_Ss
Eneby Hus,ChIJYauXk6A5WUYRqcSg0fkiJBI
Västerlösa Bygdegård,ChIJ0R_SyFRiWUYRB24Hc3KPFVM
Slattefors Magasin,ChIJG4O3o7RtWUYRlBbfW5c69OU
Biograf Saga Svenska Bio,ChIJbQO0W17WW0YR7IldgTIa7tA
Livgrenadjärmässen Hotell – Fest – Konferens,ChIJo-ywNhpvWUYRbw8gh2SRulY
Munkkällaren,ChIJQ4S9tSRvWUYRqXIjs7ETFrI
Fegge & Mattes AB,ChIJpZL9NpzFW0YRSRmfjH2UCzI
Local Crew Sweden AB,ChIJXVPtmMpoWUYRres9wmKYUrc
Trefyr Linköping AB,ChIJY5ry7fxtWUYRbP5UXh5diUA
Fest & Event i Östergötland,ChIJm_WJW7zXW0YR6v5QvgYWiic
Soundforce Scandinavia AB,ChIJpUwn2x9sWUYRZlag__DoYg4
Neobash,ChIJT2ARWidqQSsRfuh8NjCrl3w
Attendium,ChIJneNWckYvSAIRGojgspNAhjk
Mixum AB,ChIJAUUl8TndW0YRZ8DNH12N5fY
Kahls The & Kaffehandel,ChIJ60WaJBs7WUYRM9I-aR6cSn4
Vision center i Linköping,ChIJkwQg7y9vWUYRjyzvqASE8A0
Kommunal Sektion 10,ChIJK6BPr9HcW0YRJ1R-rXvHToU
Norrköping LS Sveriges Arbetares Centralorganisation,ChIJs94agks6WUYR7RAZW78iBGQ
"Seko, Service- och Kommunikationsfacket",ChIJ4Qt5WzQ6WUYRU_zLJ2Y6V6c
Sveriges Lärare - Region Tvärs,ChIJSzHLLiRvWUYRftOcVaY7d-A
IF Metall Östergötland,ChIJkUh-1iVvWUYRRpS2T5X9ki4
Handels avdelning 16 i Linköping,ChIJBbgmFSNvWUYRO_CN9B8l-fA
Lilla Bona,ChIJaSTNaEkjWUYRQ17pV7OKVh4
Poco Mas,ChIJJ30S4KQ7WUYR9PRTlvQF4KI
Gjutjärn pub & restaurang,ChIJ-8hh9LQV90YRbuIvInVFHz8
Funplays Norrköping,ChIJJ_HBeyQ6WUYRamLeK99by58
BioReperia,ChIJm9d24tFvWUYRvGZaMRsElIY
Guldnyckelns Fastigheter AB,ChIJXVIwWNP6WEYRq8WHGEEXy-s
Corallen i Linköping AB,ChIJz3qGkXlvWUYR3UX1c71ZCrg
Botrygg AB,ChIJm_eiNZRuWUYR7-20eDj_Hdo
Corem Property Group Linköping,ChIJfUhdE3tvWUYRiTSalyIyqss
HSB Östergötland,ChIJ2_NVF9rcW0YRRhlKMkSCRxg
Hägglunds Industrilokaler AB,ChIJoxiPEhjSW0YRM5QtE25ABPw
FRUBO AB,ChIJZdZ3lyRvWUYRDCoenFeXQ0s
Egirs Fastigheter,ChIJdTI8Al_WW0YR5L6NwpcEMbc
Vadstena Fastighets AB,ChIJOSBnsgrFW0YRvgWmjWtZU6g
Fogelvik Fastigheter Ab,ChIJ-ZK4P9L6WEYRjVUN28xwWbw
Amasten Holding Ab,ChIJBdmkdZVPWUYR-Ly2mg4DzlI
Prio AB,ChIJIyLVkL86WUYRgXa19LfuPsk
Castellum,ChIJe9vWjHlvWUYRxMay5bQk1so
Neobo Motala AB,ChIJS1-sY9zDW0YRBV9xdSWL3jQ
Magnussons Fastigheter I Östergötland Ab,ChIJWR-iass7WUYRlGXqOOygo9k
Sodexo AB,ChIJDZCWuf86WUYRytYMJZlWTvU
HTS Trädgårdsservice o. Utemiljö AB,ChIJvUN_jYhvWUYRYliuH-N6_cU
Centrum Förvaltning AB,ChIJ1d2JSiVvWUYRY4U6ckqXV8E
Widmans Fastigheter I Åtvidaberg Ab,ChIJi8CCQiRvWUYRE06c0cRiHg0
Åtvidabergs Bostads AB,ChIJPS-8KkgPWUYREqHO_Y1tzsU
Heimstaden Förvaltning Linköping,ChIJ91jwe3xvWUYRaS-TNAB1gGE
RenaTak i Motala AB,ChIJm7XzOTrDW0YR6ss1i2uNp_w
Rinnesjö Fastigheter,ChIJDcR9byRvWUYRHnlNrae9RYs
Lindstén Fastigheter,ChIJnaKXGyVvWUYRCvem4fbD_zQ
fastigheter,ChIJuYCFWVQ6WUYRaCbHaReiV4c
Gomér & Andersson Fastigheter AB,ChIJaR0-BjBvWUYRvMwslEbjeJc
H2M Fastighetsteknik AB,ChIJ3TuOYzFvWUYRhGwKYt3_vW8
Fastighetssnabben AB,ChIJZZlPbwOv90YRrrmfc6UyeDs
Klarabo Visby,ChIJ0_zXCE6p90YRPFrI2d56fEo
Fastighetsförvaltning Svenska AB,ChIJC7MCWuZvWUYRmeplCEQv6LA
Lundströms Fastighetsförvaltning,ChIJ_Q2Q50w6WUYRmnpEFVIWVV8
Pionero Fastigheter AB,ChIJcRY_PuRvWUYR2oRKNj_1NUQ
Lindstrands Bygg AB,ChIJw8jsGzpvWUYRV2pmheqUOHc
Lejonfastigheter AB,ChIJ9y77pyhvWUYRkBf9Oxh6kMc
PEMA Partner AB,ChIJIdi0CRlvWUYRphU7boKg6AE
Axcell Fastighetspartner,ChIJexGbPgRvWUYRHzpaQoP8YTg
Adekto Fastighetsförvaltning,ChIJoZ9rYq07WUYRtCDNNMKtmRs
Whass Förvaltning AB,ChIJQykjXnQ7WUYRDIpH-sqea00
NKPG fastighetsservice,ChIJx3smb0w6WUYRa8nI9pN8GVU
Crendo Fastighetsförvaltning AB,ChIJNVIxS8toWUYRpZkrSJPsqgU
Mattssons Fastighetsutveckling i Norrköping AB,ChIJdZ3B-086WUYRmCekYeJWeU4
Kulturfastigheter Linköping AB,ChIJF13y-RVvWUYRtgJiT0NoJi8
Jernhusen AB,ChIJyxsOJ5o7WUYRChCaN0otA5I
Utbildningshjulet Fastighetsförvaltning AB,ChIJ670VycxuWUYR2yphnHWLczc
Riksbyggen,ChIJrTP-0U7dW0YR3JxUYHfuZCk
Wigénsgruppen AB,ChIJkVmyss8nWkYRfYFX9aYfYqI
Bo Rosén Fastigheter,ChIJ5VkVPksPWUYR0KmgCgNLhVc
Lundbergs Fastigheter,ChIJb0mk0CVvWUYRaEG8d5799OA
Fastighets AB Balder,ChIJc-t5ZUs6WUYRGhDOy62_HkU
Aldéns Allservice,ChIJDcxqFXTFW0YRS0URlnxXQm0
Liljebaggens Fastighetsteknik AB,ChIJ-RQNWz07WUYRUNO-b-K0Vq8
Properties & Partners - Fastighetsmäklare Norrköping,ChIJtfD74gU7WUYR60iHA98kZ1U
Notar Mäklare Linköping,ChIJvwodjqlvWUYRqcDDdQQkOME
Liwe Estate,ChIJY7i7ledvWUYRP1Mivn75g9o
Länsförsäkringar Fastighetsförmedling Kisa,ChIJSVtz3ZOiWUYRHwvtl1I1bHQ
Regionhus Ab,ChIJrStpIZxuWUYR3iKUh-Aly1Y
RE Fastigheter,ChIJq6q6aM1uWUYR5xZFQ_2-3V8
Skandia Mäklarna,ChIJeQfKPtHcW0YRhLhGOo8BE00
KG Sedströms Fastigheter,ChIJQ4p7MSrDW0YRrM9KOcJmDME
Lövgrens Fastigheter Ab,ChIJZyMjcdTcW0YRrByIOrrNACc
Croisette Real Estate Partner Norrköping,ChIJSw_PUko6WUYRVOdyse7apYw
Berg & Co Fastighetsförvaltning HB,ChIJhRvx17I7WUYR6ZfcpKqsT04
UX Home Bostadsmäklarna,ChIJw0t6CFY6WUYRbK_fnX1x5y0
Riksmäklaren,ChIJVVVhako6WUYRVUWhp1MSw00
Serander Fastighetsförmedling AB,ChIJpdV6TUo6WUYRMK4Z4Xz8IB0
Bjurfors,ChIJ7YLIuSRvWUYRv_tKopZBtKg
Carlsson Ring Fastighetsmäklare i Vadstena,ChIJy47JNwrFW0YRx650tevg0hg
Mariatorgets Fastighetsaktiebolag,ChIJ1cjdgic6WUYRDGCb2dCkJZs
Klints Fastigheter,ChIJVVVJ_TYPWUYR4J0meq9WjAw
Fastighetsbyrån Ödeshög,ChIJZbCiC1udX0YRMc3EfWH_wSo
Croisette Real Estate Partner Ystad,ChIJ3YXSRq19VEYRldkpTKy9_-Q
Arkon AB,ChIJYS6f1HcoWkYRI1R_i-FL7zA
Vallonbygden,ChIJuQkPcJVPWUYR1EDt0iYPVqQ
FF Fastighetsservice AB,ChIJd40NNvg6WUYR-5GaR9nFj4E
Vidur Fastigheter,ChIJ_yiZ4rM7WUYRPukx7Y1pw7s
Malmros Mäklarbyrå,ChIJia8_A847WUYRKQF3cVRxmvQ
Mäklare Nejdemo AB,ChIJKYE_g7U7WUYR_t1iNu9m2ms
Elite Fastighetsmäklare,ChIJQw8zXHo7WUYRtJxlT6KCvKk
Norrköpings kommun Lantmäterimyndigheten,ChIJnf7SgEs6WUYRjUAgV77RwUs
Magnusson Mäkleri i Linköping AB,ChIJc8AusCVvWUYRfPOkFXUEm1E
Folkets Hus Ringstorp,ChIJnX04XmkUWUYRMt54df61SQc
HusEtt,ChIJAQBHwTpvWUYRSH57rRlhuIo
Roomzzz Fastighets AB,ChIJ4ROiojNvWUYRBDAtiMols0I
wflinkoping,ChIJq6r-MyRvWUYRzrAyT9GgvHM
Senga Dynamon Ab,ChIJKYL45iRvWUYRWpDC8dazsxk
Göta Stenhus,ChIJSdjjY33WW0YRZTI5FmfwEuk
wassarn,ChIJAQDUrTwPWUYRnZx86QeJ4HU
Sjöman Frisk,ChIJxeg3ZmqdX0YRtTNKCPzu30s
Björksund Förvaltnings AB,ChIJeaxwIJA2X0YRF__3PjLNMkM
Welux Företagscenter i Westervik AB,ChIJH4cOnAhCWEYR9NRLc28CR4E
Ludvig & Co,ChIJn-QsVJ98WkYRStx7OqhAU3E
Bygglovsritarn - Bygglovsritningar Mjölby,ChIJeUYQv1qVBEERlTllgr1fhEc
Mäklarhuset Norrköping,ChIJr1jRYbM7WUYRLaA4r_xMtwc
HusmanHagberg Norrköping / Söderköping,ChIJYzyMgks6WUYRnunbJwY7E80
Fastighetsbyrån Norrköping,ChIJRcGrQrM7WUYR4F88g1UD5oc
Svensk Fastighetsförmedling Norrköping,ChIJLyePaks6WUYRR-SGnlymhoI
Bostad&öliv,ChIJBda8sCqp90YR0nvc9L5ih8I
ERA Andersson & Karn Fastighetsbyrå,ChIJ2a5KQtHcW0YRbRJk10gplec
Sjöstadsfastigheter AB,ChIJwQhXgm7dW0YR8Ps_j-yu_XM
Viginti Fastighetsutveckling AB,ChIJoWvN7C85WUYRA3o2NaaKz3w
JM AB,ChIJZ5H9rxtvWUYR08HPg5YxgFk
Eds Bruk AB,ChIJl6L3Kc1XWEYR6jRmCBS_GbE
Deniz Fastigheter,ChIJM2r9objMNScRWvVF_du8Kpw
Eneby Rock,ChIJn0ZX-bGjWUYRb3jpkogvY5g
Ångbageriet i Borensberg,ChIJTd_eKNbfW0YRd24ftJ_dIew
Afrodite Festvåning,ChIJbWP-2cY7WUYRkVhpt65N4so
Ros resturang och festvåning,ChIJf9hg6udvWUYRap3bhLL0aS0
Solhaga Fest & Evenemang,ChIJb3nMcKamWUYRdoXxgWsSP0k
Bjärby Saloon,ChIJG_7ns4ZrWUYRwhMEze4Mvfo
Norrköping Studio Ab,ChIJAQBkQco7WUYRuDBoXjffqXk
AndeoX Productions - Filmning | Redigering | Produktion,ChIJW2pkQCDdW0YRDY8i3Yw61Ko
Lembke film & television,ChIJX9sSNrbhWEYR4AuzroW2utg
Dreambay Studios,ChIJicBVsFkVWUYRm5XZ5q1qFx8
ETMedia,ChIJzx5QhsNvWUYRwLiDG_IqEms
content solution,ChIJp4z_G1wH0a4RRneTn-glgMs
Monkey Boogie Media,ChIJz4qagOGUkAMRujKiNFWpeGw
Circle Capital Ab,ChIJh1FrISVvWUYR_NMbFidgwxo
CSN Linköping,ChIJM4Ks-SZvWUYRgXy_mghKowM
Finnö Fisk,ChIJgQxG_tfxWEYR-o0TwGA6kFY
Gourmetfisk i Norden AB,ChIJq6qqqrVoWUYRcoZcx5-sxpA
"Rumma Jakt, fiske & naturupplevelser",ChIJhcsE9GUCWUYR-QAVWQfWorA
Antispinn AB,ChIJC_bUfObFW0YRVX9g1HBXu7k
Finspångs Fiskevårdsförening,ChIJAyCADLxPWUYRV0-Gn1yWMns
Adore fitness AB,ChIJuXjKyD47WUYRZ99n5jeysqA
Niso Kebabprodukter AB,ChIJJ4PGSs87WUYRoZ6aMs5503g
Flagstore Sweden Ab,ChIJLX9ZheZPWUYRPA-0Tk7dwXA
OTH Blommor,ChIJLZcOEuppWUYRCSNJuxtHs8U
Beyond Gravity,ChIJBzvNUcJuWUYRIOYwbYF5Ss8
Northern Airlines,ChIJeawb9g-9X0YRr8RjDbxUxOg
Kales Airline Services AB,ChIJqSxjGEi8X0YRP9g0b6jxtVQ
Bönner Fotoservice,ChIJpR3Ne0h1WUYRoWUcVFMA9Mw
UMS Skeldar,ChIJ-y69qpDTWUYRvg9spkls3fw
Savback Helicopters AB,ChIJu_Lzu29XWUYR0KjRUkyKQGY
Ivy Studio,ChIJSUb4zEs7WUYR1XDf-mXu5b0
Flytt & Städ Valdemarsvik AB,ChIJJXwN22rlWEYRNdXAZGwmil0
GG Entreprenad,ChIJr6eTVXpvWUYRuSnJMG7MA7A
Flytta nu Sverige,ChIJhSUNa-ZvWUYRvxROAQmGlqE
Pärnebloms Åkeri Ab,ChIJeQ-OuyPdW0YRZJi1MJHy30I
Flytt-anders,ChIJXeuqysxuWUYRwVXgkOiQyW0
Stadsbudskåren i Linköping AB,ChIJs_GACVBwCgARO6Lb2stXLwA
Linköpings Flyttningsbyrå & Stadsbudsexpedition AB,ChIJC9TDcMtoWUYRi54VWS28Ha4
Jordgubbsprinsen Flytt & Städservice i Linköping,ChIJkx15tPZvWUYRpocozJsMtDA
Billy and Dennis Flyttfirma i Norrköping,ChIJpZA1aLNs_kkR_8PeYWj3PAc
Talkoo Norrköping,ChIJaWyBKvKNXkYRAs57yXztAHI
Flytt & Städ Teamet Öst AB,ChIJpfMBByo6WUYRUDM5m2RMHFM
Flyttfirma Monsterflytt,ChIJjVzZamxvWUYRPpGqq_1WYKc
Flytt Av Scandinavia - Flytt linköping,ChIJ3VU2w_tvWUYRwr17xTSHsUQ
Flyttfirma Lika som bär,ChIJzZVGRc87WUYReFPfQanGtR0
Global Flytt AB,ChIJ76cDF8Sq_y8RY9OsiRR5NbA
Flyttjänst AB,ChIJqT5-MO9uWUYR2khZDMXjRqs
Motala Sjöstads Europaflytt,ChIJU5zbzf8SH4wRJoFG2XYVIn0
Vadstena folkhögskola,ChIJudliA6fFW0YRPsrAKNHP44U
Bona folkhögskola,ChIJ33Zq_CHdW0YR4GQ3dsu5mzc
Parkens folkhögskola,ChIJ_1gWJUJvWUYRzd6V-a2oJqw
Marieborgs Folkhögskola,ChIJ7yO5SAg7WUYRcrI2EloUzz4
Lunnevads folkhögskola,ChIJy8eC2KR8WUYRQXXGGaciW4c
Gotlands folkhögskola,ChIJtdOXZPJw90YRrqrQ48N8kEk
Sommenbygdens Folkhögskola,ChIJhRpxk9knWkYRo-OOuo3vW9Y
Thinking Design,ChIJ1WYNFDFvWUYRjgSQMtvwsEY
BeCircular - Oskar Örling,ChIJKdxvJQRvWUYR8whWV1i3JZ0
Norrkoncept - Design Studio,ChIJH7GXDQReA6kRgk9SrX0gMc0
Eight Digitalbyrå,ChIJx4DTDWRvWUYRorjVgCO5SbE
Ny Studio,ChIJddzAFeptWkYR8klTnyXL_z8
beard & coffee,ChIJXcBgz7FgGKARUB-Sg3ZTOy0
Ghost Motion,ChIJ52Xc-VM7WUYRO8MFzg1vhsI
Sybring AB,ChIJ_8Z63ehPWUYRT-V9wyig5sI
Termisk Systemteknik i Sverige AB,ChIJCeRTrn5vWUYRbYK8ERfg5QI
LunaMicro AB,ChIJ4TiHjV5vWUYRBv61XvbIKJc
"FOI, Totalförsvarets forskningsinstitut",ChIJgQH3D6NvWUYRxHQgSRM6krg
LSW IF,ChIJuXNfHdXcW0YRkm0IPNjnw9E
IFK Österbymo,ChIJEUrwgyeTWUYRLh5n543ivhk
Linköpings FC,ChIJj8Up7yRvWUYRA6lMFtfONms
Borens IK,ChIJCVjhrmvdW0YRVIsB1QRloIo
IFK Norrköpings Fotbollsakademi,ChIJs3V2ADE5WUYRaP78fEcB4V0
Finspångs FK,ChIJsfSTW7tPWUYRbWTBK2w9vMo
Eneby BK,ChIJmSUWaJI5WUYRekq0oQVovcY
IK Waria,ChIJc0liGbg7WUYRbMSf65JzfGs
Lambohovs FF,ChIJQ2uFq4JvWUYR7mmbEur13J4
Saltängens BK,ChIJOe1zfEU6WUYRFptHyHP_-aA
Grännäs IP,ChIJCSgYiMj6WEYRoRVXPxoI4M8
Kopparvallen,ChIJkZp7VjQPWUYRvlM_TR1G4GQ
Väderstad IP,ChIJaUTOWj3SW0YRflP40PuVJ9M
Tulpanplan,ChIJ2XA_kqNrWUYR5t8aFHqI5LI
Askeby IP,ChIJtaJkB2VrWUYRMsZ-hKDYi84
Bajdoffplan,ChIJRfFpRSUlWUYRATljjWuTyZQ
Sjömansservice Johannisborg Seamen's Club,ChIJZ8_cVAI7WUYRgZeCvZZgFaI
Helgestad IP,ChIJuxXK1kshWUYRfulImfYpUtk
Björkhagavallen,ChIJ_cbWb-TgW0YR0D3mF32YKWI
Bildcompaniet Östergötland AB,ChIJmVvjU7M7WUYRCiPzDBn0iGg
i.emanuelsson,ChIJEVJJs8RvWUYR0BDHsSeOSms
Fotograf Hanna Keiser,ChIJT7BJBUptWUYRHL_02Y3kXLU
Fredrik Karlssons Foto,ChIJkTP57LLPLCMRSq8VwdN9E6o
Pelles Photo AB,ChIJSVtz3ZOiWUYRrPOLyc-Cgpk
Fotograf Fredrik Lindé,ChIJw07xG_6fWUYRIwy06Kv_HNM
Fotograf Madeleine Säll,ChIJ9d8ZbrJvWUYRyBlxm-w3DnY
Fotograf Patrik Ekenblom,ChIJO-qR1rJoWUYRAousHZDPE0E
Lisa Öberg Fotograf,ChIJWSmgU95vWUYRGNZOnvzwc9M
Fotograf Staffan Gustavsson redakta,ChIJ49Jd3yRvWUYRudACyD7GV2g
Aestract Photo,ChIJecM_CndvWUYRTL-fb7Sw8Ks
Fotograf Lars Segerström,ChIJQ4pm9T9vWUYRnUgtHGGNpmI
Anderssonsfoto,ChIJAQBAfSw6WUYRSQ3YoVPhdBo
Rokofoto - Fotograf Rosanna Korán,ChIJRxD7ufNDWEYRI5ZUVh49Ui4
Fotograf Ellen Marie Martinsen,ChIJT3a8vR9290YRPUGfw5j-DNI
Hultbergs Foto,ChIJH-C10V1UWEYR2PGh5sSKmbM
Jen Fotografi,ChIJRQ9-wRlCWEYRcwitsR5lgRU
Rebecca Selin Photography,ChIJUXZrKT87WUYRfKMdGnf4N9A
Hejdlösa Bilder AB,ChIJQaAlfd9uWUYRXarflG7oBVU
Kajsas Foto,ChIJY_M0zguXU0YRGyqX7CDlBog
Fotograf JK Motala,ChIJLWfAChUj9yERpVudw8wi2GA
Stefans Event Photo,ChIJJc6Jftzza04RTcuw6YT4nJ4
Filip Media,ChIJZZpL9lDOUYMRCEtLv7FybiU
Fotograf Alexandra Svalstad,ChIJw_YndYsywGwRm4fQIwHph7U
LundkvistMedia,ChIJI9Z2SkZvWUYRvFlL1iUrmUs
Walters Foto,ChIJ6fRRnWpCWEYRJ2Ypw6gHAJs
Gurkburk Media AB,ChIJ-4gR4FZvWUYRODrwjEaC0r4
JR media,ChIJ70SSMIvpW0YR9sR8JOTBDUQ
3D Foto i Mjölby AB,ChIJQa95GF7WW0YR77bbMiuEG6w
FOTOverket,ChIJX7xJMuBzWUYRfv30dN7t5g0
Johanna Demir Photography,ChIJU6PwPzRvWUYRwmET4mF3bT4
Studio Rosenfors,ChIJFfOmEK81WEYRqcSRP4yEzo8
Svante P Photo,ChIJVVWlms47WUYRRKWPueh8sdI
Janne Eriksson Produktion Ab,ChIJgxN9jddvWUYR3W70UhRA7jw
Focal Foto AB,ChIJZeL-hN_4WUYRrMcqMLdOjUQ
Företagsporträtt Stockholm,ChIJ16i79mcpA2cRx3nUA4uzzkc
Anna-Karins Fothälsa & Massage,ChIJc2y9tPXWW0YRN_F1cLsmku4
På fri fot,ChIJSUZDuK0jWUYRn3fpHLfgkeM
Lisas Fotvård,ChIJJT18MupkWUYRmKZMg3Dgolw
Lilla MY's Fot & Hälsa,ChIJ9Wza2B83WUYRiDShPHDPr2M
Annes Fotvård,ChIJiVeG-zVHWUYRKQYOV4NKbBY
Motala Fotvårdsklinik,ChIJk9ONmSrdW0YRiNl5ZapMHDo
Medicinsk Fotvård I Finspång,ChIJCRHJIQJQWUYRqNwt3tJ-LD0
Fotakuten,ChIJjxUGX6wjWUYR494pdwOFjo4
Fotstudion i Motala,ChIJZcUvNlLdW0YRQtbcvmN5JFA
Fotvårdsspecialisten vid Vättern,ChIJYxTVh9DcW0YRC4sXV0Wfvm4
MIWI Fotvård,ChIJ7_IK593cW0YR-zycsNq36oQ
Skogshems Fothälsa AB,ChIJDSoesBgjWUYRN1hG7gx_gFk
Åbergs Åkeri & Entreprenad i Vikbolandet AB,ChIJUTnObuXaWEYR7nKZqwEOEM4
Anläggningstransporter i Norrköping AB,ChIJmVSXEOgnWUYRfiHA2wqR5pc
Alpha Frakt AB,ChIJt-rFEV-dX0YR5g7sDNkgq9c
Togus Freight Ab,ChIJgXGQ3ptPWUYRUAHb3729Y30
Fondplacerarna I Sverige Ab,ChIJAQCHfPRuWUYREdbieaBm9Zk
Bussgods Norrköping,ChIJd4hBHkk6WUYRA_EaPER9Cc4
Östersborg AB,ChIJq1r3KWTWW0YR6ToFgwxG800
Roths Flyttjänst Ab,ChIJhR72O3AoWkYRzuNULh3XvtU
Thomas Holmberg Åkeri AB,ChIJl7RNW1JCWEYRkAqoDo5C_qo
Mikael Wintarv Ab,ChIJc7LW116HVEYRWxvoyJbYY30
Team Emba AB,ChIJy6GEHwBuX0YRlrt0LYpRV30
Transportören AB,ChIJXyS_OFs6WUYRZ_JlWndePH8
S.A.Frakt AB,ChIJK4QyM4l1WUYRk1TyaRL5MPU
Restaurant Parisien,ChIJUbJQ9TBvWUYRhm3Fo1zf-2k
HENMARK,ChIJmWEY7JU7WUYRviFpsWNRg-U
Marinaman Sweden,ChIJe-_RPTNvWUYR2OD2RFHQkB0
Stubbologi AB,ChIJZResWnYByCMRfnLKn3Sw63w
Polisprylar.se,ChIJ46e2EdE7WUYRpMcLE8E52_k
Naturkompaniet,ChIJZ8yfTiRvWUYRN0Cq97Fm3UE
Gammelbyn Hultet,ChIJu7K8MV0pWkYRr2twH7zLb0Y
Eastern Meadows DGC,ChIJU6eIsGUXWUYR6DMFXwsARaI
Modell Salong,ChIJ4XYPNJttWUYRv79gdbI2R9s
Tariq’s Barbershop,ChIJg9XfstLXW0YRyODR4X72doA
Louelle beauty Lounge,ChIJjwDkwmYjWUYR-iuO1BIXhOQ
Salongen,ChIJuzKYhbM7WUYRSejGMC-WtnU
Björk & Friends,ChIJLd7tMSVvWUYRuXstZfTS8jA
Klipphörnan,ChIJ4Rl5LCiTWUYRMST1ItwNyiM
Hon&Han,ChIJLZrLSfTWW0YR0O1tzUS9AOk
Salong Erica,ChIJyWipbsIzWkYR33EdR4_1e3c
forma. Motala,ChIJhXWBdNHcW0YRGaCBeAHk_8w
Salong Madona,ChIJj8Up7yRvWUYRrIfXvc26D7s
Wege Frisören,ChIJ-Rlgm0BnWUYRq11JTKtZSn4
Salong Maxim,ChIJBcUEjG0tX0YRK2vb8lEE0HE
Hair Ink,ChIJd7RHkjhvWUYRrp_bkpXAiRM
studio saxess,ChIJLdiE4fRvWUYRyEBebcOY35A
Skapa Linköping,ChIJbxVh9yRvWUYRlGZZw5AGCQY
Hårdoktorn & Co HB,ChIJ09vdcSZvWUYRb-MbWFodyl0
Makalöst,ChIJAQDwPyrDW0YRPYdNQl8ThW8
Julliets Frisör,ChIJu3RzqE06WUYRQrcB3sqYm_o
Hårverkstan I Åtvidaberg,ChIJ8WbzDTcPWUYR44joxEmRp4c
Klippstugan,ChIJ830u9bIjWUYRzDVr1J1vkIE
Lashafiq Collections,ChIJFVHEDylvWUYRQ43TQdEwakI
Sussie Lindblads Styling Team AB,ChIJFeVvobQ7WUYRBHALQBWcLcg
Ekofrisören,ChIJGcVC6ko6WUYR0CRAD_sjozw
Hägers Frisersalong,ChIJ5boCVV7WW0YRxJ6o7cp0W10
Hårteamet A & A AB,ChIJS9PDsSRvWUYRXE10s3OJuLg
På Håret Anna & Pernilla,ChIJy-ZfJelPWUYRMUOJ4rdycwk
Studio Hair Art Karoline Wallin AB,ChIJi2h1Dl_WW0YRctlT9ov2PLs
"Studio e-hair, SKENINGE",ChIJE_-A2anQW0YRjRHXWLJvmW0
Modell salong,ChIJjRb2uEpHWUYRuGB0oUmxgNg
Noomies salong,ChIJ300dnZnFW0YRdqhGgsPHxPM
Klippet Silversaxen,ChIJ9QNKfj9nWUYRbGYBVlDbQpU
Nikita Hair Norrköping Ingelsta Shopping,ChIJT-zEGPU5WUYRI6kgjBqfgLk
Royal salong,ChIJ-f_TittvWUYRF5PXXKDWsT8
HD32 – Hairdesign,ChIJj5FG1oFvWUYRPeANzbb15Fw
Hairstudio Unique,ChIJIfVapyVvWUYREANfgV0wwmQ
Hårboden,ChIJNV950_fLX0YR9BYDL7WT6x4
BydalinJomaa,ChIJS0BvI147WUYR4f_3xobDH_8
Your Green Room,ChIJ9eEr58RvWUYRLcyCM8sHyw4
Kreateam,ChIJ7YLIuSRvWUYRL28vYgk1KVY
Hårverket Kisa,ChIJ9UraxpOiWUYRy1pwp1ofGVo
Salong 22,ChIJsRm4_V3WW0YRt0FTHm7w--Y
Studio L2 AB,ChIJU1OxSSFvWUYRXdtJ-hwMLnM
Creative Hair,ChIJd2Sh6iRvWUYRhcMSCd78UTQ
Studio Leander - Frisör Linköping,ChIJ_b-3CSVvWUYRDuLMFXPTMw0
Håragenten Atti & Winnie AB,ChIJ_QoS-CRvWUYRtnF_sTFdO2s
STIL nkpg,ChIJLRzyfa07WUYR8AgGKz4xfnQ
Citystyle - Frisör Linköping,ChIJzS32PiRvWUYReKhxx8pZf_w
Salong NOMI,ChIJz67yDggjWUYRdif-Qr8CvvY
Studio Hair Art Tranås,ChIJX_EUWuknWkYRqH42wv_s6A4
Frisörcompaniet,ChIJ6TJJ_Sqv90YRxEpE4Sorank
Vasa Frisör,ChIJZ_DVITdvWUYR6OOA7HBMFOM
Studio Puls,ChIJz5ri4kZpWUYRofLGWUcPuvY
Malmslättsalongen,ChIJDzrsgL9lWUYRmtaCe5yxltA
Julias Klippotek,ChIJucVbdWdvWUYRCSAcxjaf0-Q
Salong Baresso Påljungshage - Frisör Nyköping,ChIJEdaWXtYtX0YRNpC6LoB5-9g
Lambohovs klippotek,ChIJm8AeGHhvWUYRLLopNYiMZA4
Proffs & Lärling Hackefors,ChIJTXvt-7xuWUYRuDe72mYfTso
Haircrew,ChIJC6A9jyZvWUYRShnMb1YiKDY
Studio 22,ChIJHUDe8iRvWUYRWsHz0LL0MDE
Hårteknikerna,ChIJ-6hBSCRvWUYRAQWDPk4WdqY
Salong Brännpunkt,ChIJhaJZmyZvWUYRmmEcZ0Zn3Xc
Österviks kollo,ChIJ3zJdzL_cWEYRtDShC6P8WqI
Råssla Fritidsgård,ChIJ26pVmDYuWUYRPJ8XjRuI6B0
Fritidshemmet Tussilagon,ChIJWbR5iKDFW0YRo6kyvqY-t5g
Synsholmens Kollo,ChIJe3N8G1rpWEYR7aoEbeTQnpw
Young Engineers,ChIJRyu7d_Fi0IERVC9hB1u7c18
Tåkerns trädgård,ChIJ3eqwzRPPW0YR7G0TMvbRRI8
Bergströms Äppleri,ChIJS80dqN4lWUYR648mCEjPzFU
Ekenberg musteri,ChIJcTb5jBA5WUYRQ-0JlzinaKk
Företagsväxter AB,ChIJGa8OD4ZlWUYRT0brbOLGP9M
Fruktbudet AB,ChIJJbUfGfk6WUYRtugTVVQd2XA
Säbyvikens Bär,ChIJO6y750fJW0YRHDwbHfpeviE
Casa Nyberg,ChIJlTYZrvCyq0cR2ea4W3V7iHM
Fysiopartner Leg. Naprapat Göran Thorell,ChIJZbCLNSRvWUYRNQxZyE_TXvk
FysioMax,ChIJTd7y61Q7WUYReHcNMCOo-t0
Ulf Ericsson Fysioterapi,ChIJ_w2DW8o7WUYRI_Gldc0seZw
e.r.i.k. Ergonomi Rehab Info Kroppsvård AB,ChIJyw9CaBgrWkYRUseqFEEvfBw
JE Fysioterapi och Hälsa,ChIJL5N5XzRvWUYRgEU1EU86Bmc
Din Fysioterapeut Carl Kjellberg - Svartå Padel Arena i Mjölby,ChIJH9yfHFPXW0YRiq-mzpPLjns
John Hennings Fysioterapi,ChIJS2gFe60jWUYRsyYwxFGyVZc
Physio Performance Valdemarsvik,ChIJgejr1tPlWEYRy9oCNvPEit8
Rehab Support,ChIJZ3cVkxVvWUYReOGz7cIcvEk
Ryggakuten Gotland AB,ChIJbRdwZCmp90YRhl9bX51-oS4
Kriminalvårdsanstalten Skänninge,ChIJmWRu3f_ZW0YR2rHEsQq4kFE
Vadstena Färg AB,ChIJl459Sw3FW0YRJeYtwtXuBYQ
Flügger färg,ChIJg9bzQs1dX0YRXWtwx8jVImc
Du Pont,ChIJLdhyfNDcW0YRims32I4NVdI
Mal Proff Norrköping,ChIJGZoh-R07WUYRneM01hniXuk
Syntema i Linköping AB,ChIJ9Wl7k8toWUYRK4Gsy2RkrLk
Stillströms Industrifärg,ChIJ-b1OraFuWUYRCubdFRoPtMc
Teknos Butiker AB Linköping,ChIJQz1x37RoWUYRfL0-WdZ7270
Sikkens CV,ChIJ-b1OraFuWUYRB2ZCBM6XsTo
Tools Sverige AB,ChIJVVVVFZ9PWUYR7rplN2jv4A8
Happy Homes Färgservice i Linköping AB,ChIJofDkTkhvWUYR97oGkVLoeqw
Åtvidabergs Färghandel Nordsjö Idé & Design,ChIJb3PS2yQPWUYRidy9TAAjalM
Färghuset Triangeln Nordsjö Idé & Design,ChIJ6TbhifJw90YReeSI2gL4AhU
Rederi AB Kind,ChIJbZJm40tnWUYR2quleJyj2mc
Destination Gotland Fraktexpedition,ChIJKdr9xrev90YRBH_wItmyAWc
RST Nordic Fönster AB,ChIJ3cgEQ1nJWUYR859C4C2QOuM
Liljas Smide AB,ChIJw7n0oIDgW0YR3C69JNm20hg
Östgötafönster AB,ChIJ30Xl4xJpWUYRD7FIJc-shts
Morups Fönster,ChIJu2Z7zbJoWUYR9oYBCMkJFwE
Malma Fönsterputs AB,ChIJ____z7A7WUYRyHNyqtNtSeg
Olssons Fönsterputs Östergötland / Mjölby,ChIJYWaXnyRvWUYRWRbNTPRX2yo
Skärblacka Fönsterputs & Alltjänst,ChIJTcAOns1AWUYRPqCXz5wyPa4
Fönster & Hantverk i Linköping AB,ChIJ_____8xuWUYRrJjZjiWzkCo
Östra Fornås Lantbruk,ChIJvyEbNDLfW0YRRHBDTeu_X0g
Hemgården,ChIJC65Rh0k6WUYRFduZCzo8G5A
Föreningen för Östergötlands Barn,ChIJi5yhN-duWUYR9-6EK7BocoA
Vårdförbundet avdelning Östergötland,ChIJpWy1UCRvWUYRFrvCIC_vdh4
"Arholmen, Waldemarsviks Segelklubb",ChIJPaq56fnxWEYRil96XuUroJo
Bråvalla IK,ChIJvd_hj-cnWUYRhoIvwcpt9GM
Bilskoj.com,ChIJU8XkXC-TWUYRnmWKuCsmRBQ
Fornåsa If,ChIJvyEbNDLfW0YRPBWJ7yK7NUo
Gillet,ChIJiYR3etjCW0YR9oL2lG4UTqA
Hogstadgården,ChIJ19UvOarRW0YR8olwC640wRw
DHR Norrköpingsavdelningen,ChIJUWSaIbQ7WUYRGZzz_lUV1J0
"Nordöstra Götalands scoutdistrikt, Scouterna",ChIJ_RhK1tluWUYRbDxzQ8eCdZo
"Skärgården, Arkösunds Intresseförening",ChIJ-SYOJf7EWEYRE16LIZg13fE
Rönö Bygdeförening - vi finns även i Segerbo och Skälläng,ChIJAyCh6iXdWEYR2MNlEnBHBDc
Åtvidabergs Hund Klubb,ChIJtZGTvEUPWUYRuwqSKPZErSo
Åtvidabergs Biodlarförening,ChIJHfPbh44JWUYRnbi5fDFOvKc
Studieförbundet Bilda Sydöst,ChIJmQCiRDYPWUYRdFcWUKQcAsg
Skogsröjet,ChIJF51vnTlNWUYR4ZIxnXJflxY
Svenska Frimurare Orden i Linköping,ChIJzfiYWyVvWUYRQ6n1Of_SsEE
PRO Östergötland,ChIJdUWjDDxvWUYR_CLl2dr1O94
Föreningshuset Fontänen,ChIJdUWjDDxvWUYRdHjOIK6a_uI
BK Ljungsbro,ChIJpVkRqE9nWUYRcNRQmryhHVU
IOGT-NTO,ChIJTS6GdzQ6WUYR2KT2qnAdyeA
Östergötlands läns nykterhetsförbund,ChIJwaAxY2pvWUYRI-IvNy55Pis
En Svensk Klassiker AB,ChIJ51SAM-NWXUYRQOfb0ctdsSA
Blacka Musik,ChIJPe1zuStHWUYR5Bdz8n9fiGs
Vreta skid- och motionsklubb,ChIJa2qB3G5nWUYRX5R1TDkvxZE
Lindhs Maskinservice AB,ChIJaTeWIctoWUYR0y95wf6vhZs
RSMH-Fyren,ChIJMfbpsRdvWUYRMR41U1V7myY
Odd Fellow,ChIJQbjQiTU6WUYRyd5Vf20NQrY
Senioruniversitetet i Norrköping,ChIJf9AEXrU7WUYRp3Q9ynuMfp0
Admittansen,ChIJTecPavVlWUYRJVPTbkhhcns
Team Valla,ChIJcRf0cCNvWUYRP8TIHwFUHdw
Visborgs Skytteförening,ChIJVVWxT1iv90YRGXJv1x3cgJI
Byggnadshyttan Kalk & Bygg AB,ChIJ30eVCSqv90YRS69cPLuekwA
Föreningen Svenska Spetsar,ChIJ29lgtqHFW0YRq348wRkPlTU
MHF Hällestad - Bokastugan,ChIJX2l4MJ9VWUYRCrZpGELVTxs
Leader Folkungaland,ChIJAQAAAEBdWUYRSPHmLp55UDU
Flottans män kamratförening,ChIJYTwf9046WUYRwinTuhBtMLw
Föreningen Östryttarna,ChIJJQWvZZM6WUYR4JS_4Mx2mZg
"Ordenshuset W:6, Norrköping",ChIJ72M4ztA7WUYR3_CE0pJrUM8
Förrådet,ChIJN9u1sEo6WUYRa1nCydHwm1M
Doozy of a day Association,ChIJn3qPNgBvWUYRW76B9ttIWas
Linköpings Biodlareförening,ChIJI65_EyJvWUYRy9VqN1NKys4
Hyresgästföreningen,ChIJaRzZeSNvWUYR6us0C3WoS0A
Svenskt Näringsliv Försäkringsinformation AB,ChIJkZ7AwiVvWUYRebE5IZulryI
Naturguiden Svenska Äventyr,ChIJpb7E2KJuWUYRF9LLhWJ_hk4
Funktionsrätt Linköping,ChIJdUWjDDxvWUYRJXz-IUBRgqk
Bildningsförbundet Östergötland,ChIJEx2xlyVvWUYR1tY_3KQ4KVw
LOK-gården,ChIJMRzAHF9uWUYRAIGp_cVynzs
Linköping City Samverkan AB,ChIJe8n3wCVvWUYR6M6YZ79Sfsg
DIBB förlag ek för,ChIJq6qq_iZvWUYRzMFOZfXytEU
BRIS - Barnens Rätt I Samhället Region Öst,ChIJEzXA-so7WUYR-mnz8N0lIUk
Spotscale,ChIJ____P3BvWUYRZOf8_107Prg
Onlineföreningen SGC,ChIJo4omTNtvWUYRCBxtGP3AYcQ
Flygets Hus – Linköping,ChIJa1RrN6BlWUYRO_MBTPxpX0U
Locker Room Talk,ChIJ__-PI-lPWUYRko9qtY6yLnY
Sveriges Biodlares Riksförbund,ChIJreqpexl9WUYRuSYIlLXVpvk
Kvinnojouren i Motala,ChIJC6wQZdDcW0YRTOGqiuC3w3c
Vätternrundan Start,ChIJQz2s8NDcW0YRWa3lcP_UFWY
RTS Sverige AB,ChIJKXKMAi_DW0YRCfXb4gKrxdg
Förenade Demokratiska Partiet,ChIJJYh-vKI7WUYRumaQy73JYB8
BiH Udruženje,ChIJu_igjDc6WUYRdYB2KSZQNWw
KFUM Norrköping,ChIJGSWMQ1I6WUYRimZqACwHfg8
Linköpings Fäktklubb,ChIJXRpd0xdvWUYRB2Il5f4FxgM
Gymnastikföreningen Nikegymnasterna,ChIJ04x2gz1vWUYRDnPd1huhH24
Björklundsgården,ChIJ3XOZpBxlWUYRUhn8jJptsT0
Linköping Kenty,ChIJnegrE45uWUYRpbHT09epmCg
Berga Scoutkår,ChIJM20sOftuWUYRKDA0pei4Uds
Global Impact Jam,ChIJG6M-THJvWUYRo2U_N6NhLCw
Åtvids Skyttegille,ChIJfzx3angPWUYRr5fvVJkVO_k
Iranska Riksförbundet i Sverige (iris),ChIJ0WCV4neeX0YRMHUemAF6d8I
GE Power Sweden,ChIJ8wKnMjQ6WUYRRVEYvJgmToQ
IMA One,ChIJ6U2fDsZvWUYRwfwY87yncnk
Nynäshamns MCK - Eneby,ChIJ0-PmhI9dX0YRt0dCP1WR430
Köpingebro Scoutkår,ChIJKSEfJ0JiVEYRbdjyV-TsMYw
Linköpings Basketklubb,ChIJnUeZP4ybmyQRm4tClG28ZSU
Linköpings Flygklubb,ChIJgUEU0LduWUYRD6fKN6SJV6U
Novahuset,ChIJVVUZEzxvWUYR8yZ9_sAD61E
Kollektivhuset Stolplyckan,ChIJfRlYFhhvWUYRQyT_b0nLVco
SE-föreningen Sverige,ChIJjyQHn06XR6sRyCGEf72yO9o
Slättens Katthjälp,ChIJyS0P8fqDrAERg3jSLhdk-oo
Stora Stöten Run,ChIJv7jUH5fn2S8RMUwlsaLLLRg
Nordic Chinese Information,ChIJzyDgFomDNAwRJQz3Y7n3mWw
Svenska Belysningssällskapet,ChIJE0amybt3X0YR7UnNfRucXK4
Östgöta Svamp,ChIJ4zluBd9kWUYR6HOeznSpgr4
Kölefors bruk,ChIJh4pslhOiWUYRNJW0qQKzY5o
Style4 Solutions AB,ChIJv-zrTZI0WkYRxkZreUJ16pA
AERZEN SCANDINAVIA AB,ChIJT2pbXhi8X0YRPOdf8M0-sCc
Dekon Engineering AB,ChIJbe7eLz1CWEYRTGXkDTo-Nk4
Hansa Event,ChIJSQedGn2v90YRQvbbVfCR3A4
goGotland,ChIJqxP2lNWu90YREmR4v8gbVJA
Commee AB,ChIJ729v5jBvWUYRCSuTYkSVUt8
Craft Expo i Linköping AB,ChIJEbTXYDJvWUYR7CxtiE3hD54
Viking Industrimålning AB,ChIJYZXkTppPWUYRTpJQBMF9omI
TMHE Design Center,ChIJIaJmIMXXW0YRqkR-Elg3hKY
AM CAD AB,ChIJUZFILtpPWUYR234VHe-Q-h0
Sköld Design AB,ChIJ97ewQLU7WUYRDHx31umqML4
Lorema Partner AB,ChIJYVRnAxxnWUYRQPxzgMr-zzk
Möjligheternas Söderköping,ChIJIZZYQWIjWUYRFM5_ozK2tac
NyföretagarCentrum Kinda,ChIJ--czkpOiWUYR0v55-C0FRvo
Nordic Energy Partner,ChIJ46jF6u00WkYRtcwUNU9x2M4
Stora Mossen Production AB,ChIJnXp31__6WEYR7n2CAsHY1ZQ
Tornet,ChIJAx2JazRvWUYRoInVom32gCo
Visby Centrum AB,ChIJM2VbdCuv90YR41qrwW_NKGc
Lexicon Norrköping,ChIJ7bgcW8o7WUYRBDsN5F4ucPc
Motala Företagsby,ChIJiQ0I3tLcW0YRaVeu_091LMo
Falck (fd Previa),ChIJAfyZHSRvWUYRpDfkKOx94fU
Gotahälsan AB,ChIJlV7eugIfWkYR3mv-rPrOgg8
iQare,ChIJnctURes7WUYRdK4KsY11X3k
"Feelgood Linköping, Tannefors",ChIJCTfzQcFuWUYRkcbXO5AtVoo
Företagsmäklarna östra Götaland AB,ChIJwYH_K-VvWUYRibPFNQ5jcPI
FöretagsFörmedlingen AB,ChIJYzKIWUk6WUYR9CpIJWlvEwE
Traneko,ChIJIe6Ja8FSI4MRcSHsiA7o238
Vreta Kluster AB,ChIJ55eZ_atnWUYRzKnHVD8dMcs
Ulrikaringen,ChIJdQkJdHqdWUYR_Q_3Rqcq1Qo
Linköping Science Park,ChIJ1TO1CXxvWUYRagafJU4RLFw
Trä & Miljö i Östergötland AB,ChIJgVp3arFqWUYRgSVBrFmR76M
Servicedepan I Mjôlby Ab,ChIJ3QHPfO_WW0YR7np5Rsnf2XU
Toyota Material Handling Manufacturing Sweden AB,ChIJHYgGI4zWW0YR3U60fLXai-Y
Tillväxt Motala AB,ChIJq6qqatfcW0YRjGQqAJ4CzzM
Biototal,ChIJoXJW7ntvWUYRVnsa-lXfdOI
CENT Företagsutveckling AB,ChIJCez5dyZvWUYROEgBpunQNF4
Ekubator AB,ChIJfaLa_9L6WEYR1oI6fGW6VS8
Aspia,ChIJKeyYE2dvWUYRlE99Yw2nb7k
Ringup Linköping,ChIJrUu0HdRvWUYRuZQSpS4E1pY
Beard People AB,ChIJ2SSHw0c6WUYRCYRQm2axuWI
Revendo,ChIJgcLCarI7WUYRPQhq_2yQ5-w
Hitachi Energy Sweden AB,ChIJi9mdLPA7WUYRMYgCb15-6OY
partners 2 innovate,ChIJa_eriSI7WUYR-IoFSwOBbDI
Drake Analytics,ChIJo2bSjntvWUYROs6_fKkqNWo
Länia Östergötland,ChIJEZKyarU7WUYRK0DK1LJtMyI
Onslip Kassasystem,ChIJUdYvEWadX0YRjHvF6jCbMjc
Cygate AB,ChIJjzZo8rQ7WUYRlVs9v0XZbd0
Tranås Anläggningsservice AB,ChIJ23MAxssnWkYRHdgGV-_GCVs
MaintMaster Systems AB,ChIJaXUkbyZvWUYRaNUGiGAayJw
DutchCom,ChIJUUGAk_o7WUYRrskweyZycjc
Stay Central Sweden,ChIJ8ahV65t5X0YRDGLSeJR8LDA
Nollelva Media Norrköping AB,ChIJPbrKs7Q7WUYRogibQHU88Kg
Ing-Read AB,ChIJCcbKoj1vWUYREx8U8pWI7Pg
OLIKA förlag - utbildning - kommunikation,ChIJaYRa-RVvWUYRPxf9yDG31Qc
LinköpingsPosten,ChIJO6bepSVvWUYR7wKuP6ZBDoA
Kroma Förlag,ChIJwVfDRiNvWUYRrr8hZW4DhLA
Kids Fun Family,ChIJn3q4cfhvWUYRI6C-Ritmlag
Bring to Life/Eva Mattsson,ChIJ-zH-itOkVKMRF5Vi6tIJjAk
Cushman & Wakefield - Commercial Real Estate Services,ChIJFePdako6WUYRk7FX0JZbwt8
Solör Bioenergi Öst AB,ChIJkw80DAXFW0YRGDb_bagkUZs
Pencraft Services AB,ChIJcc67XcojWUYRFDajM6DEsmo
"Bioenergi-One, AB",ChIJk7TsGmkjWUYRfFZxZuH5VOs
BL Products Förpackningsmaskiner AB,ChIJHQRPtjc6WUYRvEliohi5SUY
Tre Well Emballage AB,ChIJX3P3aze8X0YRfQ6OlriGnwQ
DS Smith Packaging Sweden AB,ChIJswRgyfU5WUYRsp0rZt3VZ-g
Sonoco-Alcore AB,ChIJg8ZgcPc6WUYRQ4C-6S0-kqI
Eson-Pac AB,ChIJ928dyDc6WUYR_ZWVw7Y1EKA
Salemkyrkan Borensberg,ChIJmQqptXjgW0YRfxXT-IXfutk
Häradshammars Bygdegård,ChIJte-FATjYWEYR7ua-mVnJq7E
Församlingen Agape,ChIJv_7eJIU7WUYRAHO_0rj9kDk
Förskolan Axet i Väderstad,ChIJV2mK2fvRW0YRv80_OZZrlqY
Fröhuset Finspång,ChIJl_xRLu9PWUYRL3wWP6bXUGo
Sjöviks förskola,ChIJvWV66uRPWUYRd1mq8mWN4As
Dibber Kolmårdstrollen förskola,ChIJGZtW5S8uWUYRISCZez_5wrI
Giraffens Förskola,ChIJhUCkgC8uWUYRWkjifNKqY9I
Kullerbyttan,ChIJHbMKe55vWUYRxM3aYu_gBHw
Montessoriförskolan Barnens Hus,ChIJAxYyJ9luWUYRUAAoL_sQWbM
Föräldrakooperativet Växthuset,ChIJQbIY2yNvWUYRh9JuvkIVHew
Föräldrakooperativet Galaxen,ChIJxZalSZpvWUYR-0-X1OJmfRU
Montessoriförskolan Pärlan,ChIJl5Jb3xRvWUYR7xZmk-amO0Q
Föräldrakooperativ Kometen,ChIJvSuDgUhvWUYR67HkaLWTfbE
Föräldrakooperativet förskolan Naturriket,ChIJFbAL-StsWUYReZczPKm5zK8
Montessoriförskolan Vita Svanen,ChIJzWMwNRhvWUYRmYGsFjaDll8
Föräldrarkooperativet Ankan,ChIJ3-QrO9huWUYRHtEXW6rpKpE
Föräldrakooperativet Villervalla,ChIJXcrsThRvWUYRPjqfG75ALIc
Föräldrakooperativet Ekorren,ChIJpyoawfNoWUYRMw0k0vubVTY
Bullerbyn,ChIJR2J97ttuWUYR0XcU0IubefY
Föräldrakooperativet Kotten,ChIJz2uYIp1vWUYRdhgTR1YZQXE
Förskolan Albatrossen,ChIJWxfJZEBvWUYRP7mMVHqRZcI
Föräldrakooperativet Pilen,ChIJZWY6mpFvWUYRdBA4ihRt5vE
Förskolan Humlan Tokarp AB,ChIJq6qqasVlWUYR20ktG2ZkreE
Musikförskolan Änglastämman,ChIJGUwhNCFvWUYRDbsRvu4wnBE
Waldorfförskolan Linblomman,ChIJ6SgSoRtvWUYRKryJqkGWz5Q
Källans förskola,ChIJY1NghshlWUYRbKtknwyQir0
Mjärdevi Kooperativa Förskola,ChIJKZOHrHhvWUYRfX9CFTl2Lmo
Föräldrakooperativet Björkbacken,ChIJPSgkVUbRW0YRalR-wLpS5-E
Förskolan Klockarbacken,ChIJ7QXhosfpW0YRQqj6RQ024yE
Föräldrakooperativet Flygeln,ChIJXVoyzbU7WUYRBtln4xtmuUw
Montessoriförskolan Jordgloben,ChIJzba0srI7WUYRsP5Zxlu7hA0
Föräldrakooperativet Sjörövaren,ChIJaRG2RO06WUYRjWLoa_j-XT8
Montessoriförskolan Klätterträdet,ChIJawz9-MQ7WUYRYKZ-VO428eo
Vindruvan Norrköpings Kristna Förskola,ChIJ1X7AM-k7WUYRAsvYvSSOzLs
Förskolan Tummeliten,ChIJI79lKTcPWUYRKFioUPNyDfk
Fröken Floras Förskola,ChIJQZW02KFrWUYRjMES65wwLmc
Förskolan Villan,ChIJxSfFY0U3WUYRBPtAeqaP1S0
Föräldrakooperativet Bullerbyn,ChIJvfymwok5WUYRX8fKpzbdoZ0
Förskolan Juvelen,ChIJTSFfGH9uWUYRX0bUX-B9Jg4
Norlandia Förskolor Kullerbyttan,ChIJx5di90dtWUYRgtHUTjvq2XI
Smultronställets förskola,ChIJgV7PZKDFW0YRimZAo4xLF3E
Vittra Lambohov,ChIJG0M_VJ1vWUYR91IcVgvpatQ
Montessori Mondial Linköping,ChIJ2ZHSP5FuWUYRlmP5cj6cTWs
Capticon AB,ChIJjT91lE-dX0YR3nqoYrOEQ-M
LF Gotland,ChIJRfFcfyqp90YRjD-Xw8bSSG4
Ljungs Plattsättning AB,ChIJW3rJmNo7WUYR2EBvPrzSqbA
NIO Power Swap Station | SE Mantorp,ChIJN2vSH9J9WUYRMd7UO5V7vuc
CamperClean Sverige AB,ChIJe1SknN3FW0YRgBsiy1LuKkE
CaraTech AB,ChIJBTMw48B7WUYRGgDPD0aKuQI
Slåttergubbens Ekologiska Fågelmat AB,ChIJD5aX-FtmWUYRfEofeE8A9qo
Hund-Kojan,ChIJubj8uihvWUYRZK4pubwiDn0
Arona Foderfabrik AB,ChIJqam8U-YrWkYRHeL5nXk99vo
Kamin Linköping,ChIJ__9LquhuWUYRhebQ1CKC_KA
Spiscenter i Sverige AB,ChIJwyoImwE7WUYROQVbOHpo6es
Eldkällan Kakelugnar & Kaminer AB,ChIJ10RbBq1vWUYROA1IzTm9EKo
Spisbutiken i Mjölby AB,ChIJs8iNflzWW0YRJ9PVxZjP6rk
Joro,ChIJxXZW2D5sWUYRAfKdmVhQ5AY
Kinnarps,ChIJFe1xk9DcW0YRggkCKYkINog
Input interiör,ChIJbSty72M7WUYR3BzulJsmmL4
Sono Brands AB,ChIJd-ZignkoWkYRD4xJoBxvrx4
TreCe AB,ChIJo0pJM_k6WUYRKf1pvuuHgbQ
Staples Sweden,ChIJ056NQjw6WUYRN8JQeLYMl0Q
Granberg Interior AB,ChIJ5eK67_46WUYRO1ctY9yWbpw
Massagebanken.se,ChIJRasyUr1PWUYRCk5vYm2LeXw
Creativ Friskvård Linköping,ChIJI3rs--duWUYRU_7k4a9ugcc
PROGUMAN,ChIJAySZ-qVlRokRUXDSIkb9HHw
Uterm Ugnar AB,ChIJAZHDhLovWUYRTBuJZslaIN8
Wincent’s,ChIJHbYK3dMPWUYRvFYWvE2B7Gk
ACC-Group AB,ChIJt27cmuQPWUYRd-r6mRGFdjk
Starris Holding AB,ChIJNda75SIxWUYRC93yYjeNMGU
Sjöbo kommun Bygg- Miljö- Teknik- Administration,ChIJlWHfrd93VEYRX0xosb4mTuQ
Bilbo,ChIJqVCCVDVhWUYRuB7qmZB_UQw
Truckcenter Gösta Larsson AB,ChIJC9zPXfI7WUYRH5GDOBqhCTs
Nordisk Truck-Trans AB,ChIJu_P43jg6WUYRdm0totX15k0
Ekmans Maskin AB,ChIJ8zozCCpvWUYRfKB28jGb3io
Toyota Material Handling Sweden AB,ChIJdWHMMKOp90YRuSxFL_XQViA
Östgöta Portservice AB,ChIJZRY02jJvWUYR43Jwn_sn0ME
Grönbergs Gardin och Tapetserarverkstad,ChIJVVV53NhuWUYRTieV4o1l8kM
Nordic Design,ChIJr6l_jcB08wwRFXKAk4DSwSI
GarnNetto,ChIJA9D6miRvWUYR1hO6EJz87Po
Stickaboa,ChIJ30AABlJvWUYR_XeKzxAI5EY
Garn Extrem,ChIJG49x9yRvWUYRJB0KNZtEoQY
Linde försäljningsställe gas,ChIJFVO8M7XlWEYR1TCFArJqPd4
The Bishops Arms - Norrköping,ChIJ0ckArks6WUYRwjD-NPiygRA
De Klomp,ChIJj8Up7yRvWUYR7aHYUD2M3qY
Gamla Bryggeriet Kök & Bar,ChIJL7c5k0o6WUYRNihW_-EgXqw
Backgården Entreprenad,ChIJW8Of0sBmWUYRj5kEG1kUgd0
Målevikens Bygg AB,ChIJsZ4oOu47WkYR9UjfmdgDFd4
Thermobyggen Gränna AB,ChIJcf7s68k4WkYRvIW4Oe3I6zo
Markbyggarna i Östergötland AB,ChIJhdMv2inDW0YRIDLFHy0egtk
Gillner-Öhrling Mark & Fastighet,ChIJw0JSy41xWUYRQ0p1Eu5w55w
Valla Glasmästeri Ab Lager,ChIJLWbmlv9pWUYRtE3D39dZ_M4
Glas-Olle i Vadstena AB,ChIJn3M_O6DFW0YRij0TaMmRgpg
Reijmyre Glasbruk,ChIJbTYBV-hMWUYRVUiGePacDPw
Nöjds Glas,ChIJr4_DmSMPWUYRHjrxQRcsUoQ
Finspångs Glasmästeri AB,ChIJl1pIM5xPWUYRgtI2vE_EkeA
Totalmontage Sverige AB,ChIJmX7yz-k7WUYR3mCDy9NTyEo
Axmans Glas i Motala AB,ChIJV27ClMTcW0YR7NOjpkSHQSk
Tannefors Glas AB,ChIJ-Q9xS8poWUYRbIHH3sg2qIQ
Samglas Norrköping,ChIJJTbmZqs7WUYRFR53ugW5Yjc
Glaskedjan i Norrköping,ChIJxdMorIo5WUYRCsyUUOG_EW4
Motala Glas ab,ChIJA3oG3HbdW0YR48riTMKC-_w
Kanikegårdens Glasmästeri AB,ChIJpxDluV7WW0YRZiDTlBFOBeA
Nya Sjöstugans Glasscafé,ChIJ4XdzF78vWUYR2jvEza0FRyc
Jojo`s Glassbar-Götlunda glass,ChIJmaUYGdDcW0YR7ZMSYUX5bzQ
Glassrestaurang Smultronstället,ChIJNbjyb7IjWUYRsMkCDi4xQC0
Steffe´s våffelstuga söderköping,ChIJ7aWHuZwjWUYRjFxzpjmbQTk
Kungens glass,ChIJVUK0_2_FW0YR77EA5dKUuYA
Bosses Glassbar,ChIJ3VKlICVvWUYR_HwsGpTaKI4
Slusskiosken,ChIJX93zDOLdW0YRuGE_z0S21b0
Rykets gård,ChIJHaSD-63NW0YR-LywQymYJhw
"Överdrättinge sherbeteri, glasscafé",ChIJCUoCNqmhWUYRZrA6iu9naRY
Ben & Jerry's,ChIJQw5c3iRvWUYR-sgvErUmI_o
Godis Jätten,ChIJ_b84SjHDW0YRM5VDDu2gHlM
Kandyz,ChIJUYMMUZTWW0YRjwAq1HYg3O4
Lykkes Godis,ChIJ2R71uXNdX0YRhCtR4ra5LqE
Sweet RI-Co AB,ChIJzeR9f1_WW0YRfGfGtiiutkU
Hemmakväll,ChIJ29ECFyVvWUYRZPV0GAq5zqM
Almas Polkagriskokeri,ChIJsYsjQLA5WkYRkVI_wmEGsDw
Fix godis och tobak,ChIJU2d9JUgjWUYRkHsF3RI5ANA
Vegangodis,ChIJKzf0uEpHWUYRm0wf7i_3988
V-gott AB,ChIJF-tn9-s5WkYRCfFwQrifkQo
Go-karthallen Linköping,ChIJSUlf16JuWUYRSc7IB1jGcaU
Ingelsta Golfklubb,ChIJ4YiklgI6WUYRV5syMCqR0cM
Flemminge Golf,ChIJSxIPnjwrWkYRudxEMFxthwM
Golf4u.se,ChIJ5T7EYexpWUYRy0JtTH1YYas
mittgolfspel.se,ChIJ8SHbixhMykARyHaUhLrAOvY
Vreta Kloster Golfklubb,ChIJ1VfV_15nWUYRWx8_GPDpbxI
Jönåkers Golfklubb,ChIJ9RnmkKsqWUYRxyRKuTHId6s
Linköpings Golfklubb,ChIJYyOolmVvWUYR7sSrGSc5WEc
Vadstena GK,ChIJ10stHYjPW0YReUQsWxUEKwQ
Landeryds Golfklubb - Bogestad,ChIJYygsksxtWUYRfFqc76C0IDY
Kinda Golfklubb,ChIJ-wbP_5OiWUYRhRF4EWE3LAg
Östad Golf Väderstad,ChIJ936_tgvSW0YRSydlsp9f45U
Visingsö Golfklubb,ChIJHb-je89GWkYRG3b_2FSXSR4
EKENHUSET / Ekens Golv AB,ChIJsQUvA2s7WUYRytqK9rZM2pg
Öresunds Parkettslip AB,ChIJ1d26eBehU0YR2m21aWDmsvg
Per Rådlin Golvpartner AB,ChIJC7hcpB9pWUYREbfax9njR7k
Nya golv i Tranås AB,ChIJkVmyss8nWkYRqg89wejDdYY
Tranås Golvbeläggning AB,ChIJqY5wgNknWkYRNKEUgAntCuk
Linköpings Industrigolv Ab,ChIJnY-eU8RvWUYRK72Z_j53QGE
Nordsjö Idé & Design - Golv & Interiör,ChIJkz69OynDW0YRCrAT5ARWUEY
Vektorformat,ChIJx3TUR0hdWUYRdZXr1HLqJkg
Formstigen,ChIJAQAwsEo6WUYR_FSTG6QhccI
Företagslogotyper,ChIJteKEMXmSnQsRVKg_mSxzCwQ
Alida Form,ChIJAQAwsEo6WUYR8-J-N97vVl0
Vektorisera Logga,ChIJq6qaLrU7WUYRsRwFimaUfvw
Miller Graphics Scandinavia AB,ChIJEzXA-so7WUYRzyy_ImCE3S0
Klara Språket i Linköping AB,ChIJd6H3VSZvWUYRy0FOEbPc4R8
Nofont AB,ChIJH5e4PBVvWUYRaayoSkIeQio
Plaza Del Carmen,ChIJfYtyuD4fWkYR1aPak9WyA6s
Xy Design Center,ChIJZbgOJyFvWUYRbz7a94oZ63k
Slundig formgivning AB,ChIJz0vABx4UJIERfuaiZkHRncs
Pintar Studios,ChIJn-wUz7jWoKERagUOcEoT2lM
Follin Media,ChIJXwG62nJuN0kRpFkLcNYLTss
M. Daun Form,ChIJRyCAUwBvWUYRtgmrs7nrg80
Tryck och Form,ChIJHwrtvtu0mUcRrkGU2DZboTk
Kovac Family AB,ChIJq6qqqfB3X0YRBMdVCydoOi4
Restaurang Athena,ChIJ6989DjU6WUYRftCBR-AxdGE
Flaming Bull,ChIJWfz6eo9vWUYRVW6cu5W1260
Myriams Veranda,ChIJsQK4R9L6WEYR0He4UrPzshQ
Jehana Foods Ab,ChIJrzypUOhuWUYR-NcwI_eFZiE
Varumärkesgrossisten Kyrkljus AB,ChIJeUJ3wpk0WkYRSXZirNXNj_U
Café Bar Sverige AB,ChIJAQAAAGQ3WUYRqUHAzg3VxcY
Dictator Scandinavia AB,ChIJ3eBBqJnFW0YRPLqy9rhfv5Q
PacsOn Östgöta Papper,ChIJJZ0_RCnDW0YRXrcANYsMaaE
Företagslänken,ChIJLxYRnMpoWUYRkmzEv1-hMIg
Tingstad Linköping - Distriktskontor,ChIJOXDVOw1vWUYR8JcBj3ubXYk
Gocciani Linköping,ChIJMRuzwAxvWUYRnF_LqDw6sQo
Bröderna Berner AB,ChIJXeuqysxuWUYRZORJ_N7LmwA
Linpa Linköpings Partihandel AB,ChIJ0QaUhBlsWUYR8N6fqpI2dkE
Cento Kullager Linköping AB,ChIJVVUlG8poWUYRKbtouo6DJGs
Gb Grossisten Linköping,ChIJ12quQIZlWUYRN2npjLvzqQw
Allmix Gross AB,ChIJh9WhgdzXW0YRx_-EBVqXUgM
Bröderna Berner AB,ChIJYfKYHvrQW0YRp-OFl6IcQ8s
Vadeco Fashion AB,ChIJ6zr_RbVoWUYRhMnIS_pWu3Y
Renifoam AB,ChIJXZEdZstuWUYRg3g0snN6qE0
Östpipe AB Linköping,ChIJHwVoYuNpWUYRHPsAhq-EhCY
Linfalk AB,ChIJoRlLmcxuWUYR4-EpEGHa9vY
STA-BIL Nordic AB,ChIJz1d0cDNpWUYRWRPX47u9GAc
Scanbeslag AB,ChIJf_bkibdpWUYRQGPGef8sNtE
Nord Drivsystem AB,ChIJq6qqqrVoWUYR_TLdBc8V5Rg
Man Måste Må Ab,ChIJVf3_ZrdpWUYR7OdEnfjFx_w
Infrapipe AB,ChIJ9VPnEdhlWUYRTrSrGMqqIUQ
Coromatic,ChIJwyoImwE7WUYRHRb23t6L5MY
Plivit Trade AB,ChIJe-YhuAlCWEYRiepTo6AzXWo
Skandinavisk Hemslöjd AB,ChIJ089nQ2RyX0YRmMveyUyrg9Y
Euro Key Sweden AB,ChIJAfGLPOg7WUYROEGArrtgVqc
ABIC Kemi AB,ChIJe9jszwA7WUYRaCrqM8z2iY0
Gullbergs Kontorscenter AB,ChIJ8zor1U46WUYRyOr4MEAkjyA
Sportjouren AB,ChIJadCfd0hvWUYRwc6oXoAUiHc
Casall AB,ChIJC6TYLbU7WUYRXL6eYdyAT8A
Swetrade Pharmaceuticals AB,ChIJ92VWB7USX0YRhGwFPcwbaBE
Brasvärmeinteriör,ChIJ3eoWnIA5WUYRUdOfsrw1-PA
Dahl Ystad,ChIJL_oYqEh9VEYRyYWKF1BFK1Q
Ställningsgrossisten Sverige AB,ChIJq6qqqrVoWUYRCEnEB1AW92U
Ljusteknik i Linköping AB,ChIJA98t2B9sWUYRLEa5ITFDgeY
Rosenserien,ChIJPeE_GtLkWEYR8vVeXChMb7A
Inter Agenturer AB,ChIJm_eiNZRuWUYRaBBYabV4x_w
Headoffice,ChIJC3Z9o6E7WUYRZntZ65MoT64
Solar Sverige AB Norrköping,ChIJdfULhTs6WUYRSu3y6L5Q_NE
Nordic International School Norrköping,ChIJ8fAGXrU7WUYRx6E-Lx3Kp4w
Johannesskolan - Norrköpings Kristna Skola,ChIJE1HhVNo7WUYRx92ROE72e2g
Rudolf Steinerskolan i Norrköping,ChIJI66BMDk6WUYReu-SsuYeLtI
Thea Privata Grundskola,ChIJx3f7ayVvWUYRyeXiSPXP_w8
Lärande Grundskola Östra,ChIJ9wQgRlM6WUYRQurnccMCOQQ
Lindöskolan,ChIJkQfEYYs6WUYR0EoaOhT2Kgk
Centralskolan,ChIJ1byasjYPWUYRSUDZKxQq7Jw
Innovitaskolan Motala,ChIJtby-ECfdW0YR7MrsVbNRmUc
Jensen grundskola,ChIJA_CTsAw7WUYRElRA_vTS75w
Nytida Norgegatan Servicebostad,ChIJRdV0dZRvWUYRNgHJNijk_6I
Östgöta Grus&Berg AB,ChIJdXIyCz4_WUYRdHz4hgPtsZs
"Svevia, Kvarn krossanläggning",ChIJC04IynzhW0YR2mFHAKNgZ2Y
Beviks Skog & Trädgård AB,ChIJVVVVlRNvWUYRES-j2QVzY54
Magnus Alltjänst,ChIJwXp2_IjXW0YRwzprIvBW1_o
Valdemarsviks Motorservice AB,ChIJM6QwOtLkWEYRRwYEL7i0gMk
Denntek Entreprenad AB,ChIJ3U8Tfd5rWUYRTUIKuj3w2N0
Fäldts Grävmaskiner,ChIJZR0Z0zvdW0YRV54yo1k15Vc
Tjällmo Grävmaskiner AB,ChIJaarq1IDgW0YRPvUB3SWsBcs
Östgötagrävservice AB,ChIJWaOIAzzfW0YRwsUoq5J81ro
Bergkompaniet,ChIJibB6RgPhW0YR9Jr0wskt518
Albrektssons Entreprenad AB,ChIJY6n2eifDW0YR-XNmzjSgdQw
Mark och Bygg Anläggningar AB,ChIJ2UhwtS7DW0YRa7HQv6Ein-E
Sjögestad Entreprenad Ab,ChIJVVVJ-TlvWUYR31rqapgCvSU
Ljungsgården Gräv & Transport AB,ChIJVVVVVSVhWUYRuuap9W1RIW0
MDB Grävteknik AB,ChIJ5yeXhLnZW0YRlcP9p-D2idA
Jkl Entreprenad AB,ChIJ1YHyjZc7WUYRw8SBrKBNVb4
Nils Björn Entreprenad AB,ChIJsQI952pHWUYRvPU2T6px6ro
CN:S Gräv AB,ChIJq4FWCI5uWUYRpLcYfWGpWX0
Åtvidabergs Gräv & Schakt AB,ChIJk3j2EzsPWUYRwBnNiY6sHww
Björkfors Gräv & Markservice AB,ChIJFUzF-_2fWUYRwnd3E9yIFSQ
Erik Samuelson Mark & Entreprenad AB,ChIJTWX3absnWUYRYbupQB1Z1kc
Janjo - Jan Johansson i Åtvidaberg Aktiebolag,ChIJVbrdTjcPWUYRu6b8YeGUAR4
Mickes Maskinentreprenad i Linköping AB,ChIJO20VGrJgWUYRjXm8EKFO9Ss
Bejke Entreprenad AB,ChIJ6f3WBVpzWUYRvU3Zkyt4lgo
Berggårdens Grävtjänst AB,ChIJKxS-4WluWUYRvc7OIIMKjkM
P Strandqvist Entreprenad AB,ChIJpa7NoPonWkYRmV7zWGj4uIg
Grävhjälten AB,ChIJPdb9-pQkWUYR9Oo4wV47M28
Fritzsche Entreprenad AB,ChIJS3VSo51nWUYRKjNAApOI2uI
Bränntorp Gård,ChIJt-Ceceq1XkYRfg-DPmTvmtQ
Pantängens Trädgårdsodling,ChIJG1CEmLDfW0YRoTonti5lN-k
Gäverstad hage,ChIJqQaiHpk9WUYRXZ_Sle-XlWc
Graninge Köksträdgård,ChIJuf1ShlRhWUYR4DdAYsg2RdY
Hema i Norrköping AB,ChIJCY8QCrM7WUYRdb6WBAZVRrA
Grace Jewellery AB,ChIJ78z_ViRvWUYRomKrZBqIDt0
Johansson & Schöttle Guldsmedsateljé AB,ChIJjx7inrQ7WUYRnSOrKZLvPI8
Ädelsmedjan,ChIJY55ULJKiWUYRTx0EydYxBQg
Cjuvel by Christian,ChIJVdmuce5vWUYRpFU4wJpuTQg
Rutil Jewelry AB,ChIJceUZsCJvWUYROsI1-lRJXUM
Atelje Tita Marita Carlborg-Olsson,ChIJzRnZvFcrWkYR3LYDnaWh8X0
Nordic Wellness Ystad Regementet,ChIJZcrKLnR9VEYRe7RV32tHhOM
Kisa Träningscenter,ChIJrXnjPpGiWUYRXHsGypq4XTc
Mantorp Gym AB,ChIJbcO2kR99WUYRa676-0wn2pg
Hälsobruket AB,ChIJHy2zSSxHWUYR9WVeShxz3_I
Helhetshälsans Hus,ChIJO9R4GYE5WUYRqrQi62ZhKqo
Norrköping Discgolf Park,ChIJGUvTmuA5WUYRZUz8CsnCBdM
Friskis&Svettis Skärblacka,ChIJtzRvYi1HWUYRDLBFx_155iU
World Class Åby,ChIJVzzw6gw3WUYRRXBQDSsgdJI
Energi-Huset i Ödeshög,ChIJa_WhhpI0WkYRgq2WZr-zObQ
Mjölby Hälsocenter,ChIJK33feF7WW0YR6NFiDK0lAvI
Form 24,ChIJRz3fqSCp90YRMW21UXDO65A
Mjölby TräningStudio,ChIJI_skk17WW0YR_r30yKh4dgk
Studio Fitness,ChIJp4i-pyVvWUYRvFnP4dyTaWA
Träningsverket Motala,ChIJ-3pgLHbdW0YR6OC36Yjsgig
X- Force Factory Fitness,ChIJ1xxNrlM6WUYRgY1GO8R-Fm4
Comet Gym,ChIJsRo2xy46WUYRg3bw3VFyaxQ
CrossFit Norrköping,ChIJLVU5pMY7WUYRig-Icj2nD9A
Crossfit Highway,ChIJLZ7q8LVoWUYRcUngiCC0G8s
Linköpings Atletklubb,ChIJfd4hZClvWUYRpCRxkh10Rjo
Recomp,ChIJJbA--PXWW0YRDuBt-p6o-3Q
1 Gym,ChIJ89lEIksiWUYRDpXItWgne5A
Åtvidabergs IF Atletsektion,ChIJY1BkIjYPWUYRoB3bYhKzWl0
KIM TAEKWONDO,ChIJm-as4qO9X0YR1EGQxyFO5f0
Svaidestugan,ChIJRRwHbmGo90YRTjqMqKg2kV8
Tjejernas Athena,ChIJdaMEX1I6WUYR1RZpzuzY2Ko
Albrektsgym,ChIJvYfIRL47WUYRWJp4-9XBgOE
Medius Gym AB,ChIJN9KhTKrQW0YRaaT_-rNNc7Y
Mjölby Fight Gym,ChIJAxqZk17WW0YRlY7aGBDXTNw
CrossFit Mjölby,ChIJVRBLPprXW0YRTfwRMMAhHys
Evolve Mjölby Ab,ChIJq6oPpkTWW0YRnPLuS1fbIJo
Black Bull Functional Fitness,ChIJtW7cF3UoWkYRRuDh_ZpHkUo
Destination Fitness - Gym Tranås,ChIJL0PI49UnWkYRO2I0KJ5iwC4
NTC Wellness,ChIJ8-xk-wY4WUYR0mUEJFSq4bA
Hälsomagasinet Lusthuset,ChIJ33eqMBktX0YROhj764ZhKqE
Private Fitness AB,ChIJK2AUqe87WUYRGw1CVW_rLVY
SAAB Hälsokullen,ChIJSQwl18BuWUYRc9zU2BRkN-A
Ekängens IF Taekwondo,ChIJIR--k_VoWUYRH4CsH-CwzYg
fit+ Malmslätt,ChIJNYRLk2tlWUYREGI_9-QV0kI
Glänta Utegym,ChIJo5CDX9tvWUYR-A-CrelOURg
PERSONLIG TRÄNING,ChIJ-S0DyyFvWUYRIRpM73L0JYQ
Högre Funktion,ChIJa_PKFjBvWUYRL_xplxofT2s
Swenssons Quartersgym,ChIJeQRm0Ms7WUYRml-qtmwfTOU
CirkusStudion i Norrköping,ChIJT4PlWHA7WUYRjHkOad81edI
Elixir Fitness,ChIJq-4sVpgtX0YRvJt8sM2W_9s
Fit 4 Fight Sweden,ChIJQSE7b7M7WUYRUmyplmZVhoI
Linköping Muay Thai,ChIJE2hORtpuWUYRmVHL8r2SdMU
Fitness4you Mjölby AB,ChIJ____v0PWW0YRAChq1pmk9Jw
Fitness Club Center,ChIJ0xpuLelPWUYRPa67Ei9XwHo
Linköping fitness center,ChIJ72r8f7ppWUYRseH1N-U-21A
Idrottslabbet Linköping,ChIJV_BDdyFvWUYRZULo-xCyj_k
First Class Gym Linköping,ChIJ54G80C9vWUYRfKscU24OiWI
Campushallen,ChIJESdFjnFvWUYRlEVfULkYKRE
Korpen Vadstena,ChIJ1aDz4p_FW0YROXnqA8Wj5Pw
Pole Fitness Motala AB,ChIJuza-ZlvdW0YRk9gOFO7ZdSY
Drottning Blankas Gymnasieskola Linköping,ChIJI7nLoyVvWUYRECrd9qJ24fo
Vreta utbildningscentrum,ChIJc8ykVP5mWUYRoKM87XZ3wZU
De Geergymnasiet,ChIJl3zvbrQ7WUYRcWpDcyqxTOI
Curt Nicolin Gymnasiet AB,ChIJkQ0d6MFPWUYR9rb1pIRk1CU
Norrköping Fria Läroverk,ChIJuVEqGMs7WUYRi29qooMTuys
Realgymnasiet Linköping,ChIJ68s5_TBvWUYRSDsUyJGCxNY
Per Brahegymnasiet,ChIJz6D9pettWkYRJFbjUlgKifs
Norrköpings Lärlingsgymnasium,ChIJP5bmHLk7WUYRK_x6EtV_cJ4
Bråvallagymnasiet,ChIJNwawpVw5WUYRtB0PRwP491A
Klara Teoretiska Gymnasium Linköping,ChIJ0ebc0C9vWUYRdKhBL5Y6DaY
Linköping Gymnastiksällskap,ChIJo1MK-zhvWUYRRv1rsbYsKeY
Norrköpings Gymnastikförening,ChIJ-69gjLU7WUYRQ5kQlVJRYY0
Jula,ChIJM5pP2tyo90YR8MZcPaZ0wtc
Masala Köket,ChIJcacK-rpvWUYRdpZLaYAwDU4
Graphensic,ChIJVVVFCXxvWUYRqDCtr0cwaXE
SweGaN AB.,ChIJhb4h69FvWUYRwKOLqb1SBS4
Käket,ChIJNyqw1prFW0YRC2OrZMPwNp0
Jureskogs Mjölby,ChIJ533i0KDXW0YRtLSX2jV8wRE
Burgers & Bangers,ChIJb_BeE0s6WUYRcWRh_rYMKxU
BORES Norrköping,ChIJc8zvfIs7WUYR2oeJ37ihvPU
McDonald's Ödeshög,ChIJWZ4xlgM1WkYRquogn32IcuQ
Bastard Burgers,ChIJARIA2UY7WUYRjE6YSW5VG1k
Brödernas,ChIJ8-8x-DhvWUYRflfnf-0mGFM
Sukaldari,ChIJP3nRWvxvWUYRWE1sOdG2ulw
BABAS Burgers Linköping,ChIJYbgKPW1pWUYRcC9fBQPYamM
Mister York,ChIJrUa1sRJ9VEYRnCvPLp9DTXE
Booya Burger,ChIJ5wN2U4xvWUYRKS3BvnNbf5k
Fyruddens Gästhamn,ChIJRSj6y5TtWEYRD9WYb8ideQc
Gotlands Stuveri AB,ChIJKbopmvwH90YRMxsXOpCHDig
Nyköpings hamn,ChIJY4RbBmUtX0YRQlLUvsGj9Xo
Östsvenska Handelskammaren,ChIJG-xA6rQ7WUYRukrHo8CQE_U
Affärshögskolan,ChIJz6f-TelvWUYRJPZW-1p5uPA
HandCenter Linköping AB,ChIJf4U8cCVvWUYRf0mRmbCTq0U
Fornåsa Ram&Design,ChIJOdVshorfW0YRUT4mAZ41IWc
PATIO DECO,ChIJYSC8_aDFW0YR2r4UCcB027I
Stoneform Sweden Group AB,ChIJwR60ZDm8X0YR1Z0_AaKA-Ws
Hantverksgården i Ledberg,ChIJW1D3eKhmWUYRCkgmMTKZg24
Gunnbäcks Konstigheter. Idé o Design,ChIJDRm-MAzfW0YRSk0azS1A3yE
Harley-Davidson® Linköping,ChIJCYcRnCdpWUYR6Z3HYuM73Sg
Modehatten - Åkerlind & Janzons eftr,ChIJA7iCZEs6WUYR9WfSlYvqRvk
Back a Cap,ChIJl0A9s0tvWUYR0GIdnJJz990
Solkristallens GudinneTempel,ChIJKbl0rrav90YRucY_x23ZvI8
Kharel Service AB,ChIJj4hBtp0OmKQRPUm5kNkcBkc
Kolmårdens Marmorhantverk,ChIJLdNUuU0uWUYR1FtGMkBksGw
Önska,ChIJDQJrLiRvWUYR_PxGLnq2C9M
Svea Contract Furniture AB,ChIJL654UDJvWUYRRb9NW3_hLYU
Lindholms Interiörhuset AB,ChIJg-NAajRvWUYR57OhI0sl94I
Junelias Handelsbod,ChIJ5TIRLr59WUYRx3KWkZ-WxI8
Home22,ChIJre4Ut9QjWUYRR6k8jzq1y1g
Hallings Interiör AB,ChIJcyYCUtL6WEYRhkcxWzGfkkY
Granit,ChIJndYb1A9vWUYRzru0ziHC-zU
Makaroom,ChIJ8RaBVyRvWUYRnWX3Y1oZ0cI
GAD Outlet,ChIJ39XM-SWj90YRyF3ZGh94KUM
Prylar & Ting,ChIJwS21pHjgW0YR4d5t4rAThBo
Grönvedens - Heminredningsbutik Söderköping,ChIJKWNVprsjWUYRcX99v91aucA
Verkstan - the social life,ChIJ6UB7ZMCl90YRaMyobkhaD-g
Hunnevad Hantverk,ChIJI7KWhbjZW0YRdZ3dUgxoTCQ
Björke Vävstuga AB,ChIJixJqKv5EWUYRYBeg6uv_e6k
Trend by Linköping,ChIJm4uXm7VpWUYRcdhJV2xWQOI
Hilke Collection AB,ChIJg55LvjlvWUYRqwKRDhEXZn4
Tapetserare Margit Syll,ChIJ3eIoETdvWUYR90JcTO59kcI
Country Interior,ChIJm5lm7Vd6WUYRr7RN6xeogjo
Akewa Keramik,ChIJOwh3B-GcWUYRGPW1Lc5MQcc
Fågelsta Utedekor HB,ChIJD4hoPATbW0YR85PHci2t9As
Lagerhaus,ChIJ9bruMSRvWUYRumyCneJZoF4
Heliga Kossans Diversehandel,ChIJp4r8Vrmj90YRA1s5g3NGHmU
Nille,ChIJd1xziF_WW0YRgzFRKwdD1FA
Dahlström & Torgner AB,ChIJoaHQzYjWW0YRZm3gD1hR2Ok
Wallmokrans blomsterateljé & interiör,ChIJtwxLJFhXWUYRO-rOfNJinV0
Marias Hus,ChIJ1cnNNgz9WEYRRgfz99n00UY
Lindqvist Interior Design,ChIJOYz8ryk7WUYR1LNkJJpDlqA
Butik Bohème,ChIJhY1BnbM7WUYRp_JwZvL5F8Q
Lanthem,ChIJq5uev7OEUUYR414vCxICmLk
Maessing Interiör,ChIJmeJIP4w6fYMRSyOPl9s-6bQ
Arti.Zen,ChIJUbQafaxoWUYRNLabniEjulY
Welocita Heminredning KB,ChIJ8RhbN9HcW0YRFaMZQaFVVzM
Sipora,ChIJVZy-3SJvWUYRLlMKTlK-xlw
Slöjdmagasinet,ChIJJQZc-6rQW0YRbSioR6RrCUU
Noga Tapetserarverkstad,ChIJC3spR3YoWkYRE_5GIaAtyx4
Hos Rudholms,ChIJWRbmrztvWUYR3mGoBIFf3ow
Karin J Studio,ChIJQWWZg759WUYR1baOBP9mUxw
Clas Ohlson,ChIJhb9r-Jw5WUYRzEg-kZ7K2c4
Design & Hantverk Gotland,ChIJA8ltntWu90YRWEGUa890ZD4
Skoby Krukmakeri,ChIJI7eP5w3AX0YRVZgZ_hIAvrs
Textilverket,ChIJC_vcOGqhWUYR_Om5-mmWTR4
Newport,ChIJdWwRDbM7WUYRPIxQuPdk0Sw
Art'n'Design i-huset,ChIJ6VoaJCRvWUYRFkpToZmsttc
Bycas,ChIJp7dj1ABtn0QRBvlPBWpK7rI
NEAT Gallery,ChIJqTUZqklX2wQRUzKidVj6htA
Myggkungen,ChIJ986JNH7JFigRP8uh9lQamTM
Cervera,ChIJSzHLLiRvWUYRzeaiGZWqpFg
Inspirera Hemtjänst Ab,ChIJZbHImK0jWUYRiP-D8-6L7Dg
Hemtjänsten Innerstan/Demensteam/Samordnare,ChIJzeSq4ZXMWEYRrNSqadoyf0w
QviMo Hemtjänst,ChIJK50_bPY7WUYRz_UJ1UKLIZ4
Forenede Care Hemtjänst Centrum,ChIJ4e6eGNdlVEYRmXzMy9zH6cc
Ankis hårvård,ChIJUynbmHjgW0YRhMQEcayqOh0
Fresh Cut,ChIJt70xRdRvWUYRDkeKDfjJYAQ
The Bearded Lady | Barbershop & Frisörsalong,ChIJFcFqqkxvWUYR_z8_0LGXV8s
Zigges Barberare,ChIJ4-MWwiRvWUYRrdwgfAcYoxI
Salong Newlook,ChIJdeQvLTBvWUYRuMxK4FYV18c
Salon Sali,ChIJo-C84pFPR6URUl1UL9q1bEk
Dennis Barbershop,ChIJu0SedCVvWUYR84QkCCCn8E8
Volt Ikano Linköping,ChIJnacyaKxoWUYRqCdZurVadt8
Hedbro Herrekipering,ChIJu1xnmSRvWUYRMyqW2eUu4T0
Jack & Jones,ChIJy9OwCbM7WUYRymFfC9ywYHc
Scottsberry.com,ChIJAY6RqvxvWUYR0vSm2Vd0RF4
Brothers,ChIJFXtgJCRvWUYR-HKv73vOsAQ
ArtByEE,ChIJpzZVRi5vWUYRL9UtEg2XVpc
Motala Hissar,ChIJhdMv2inDW0YRQZ2omaL6Ixw
"KONE AB, Linköping",ChIJ2yGXILVoWUYRdMG8tNpNcUI
Norrköpings Veteranbilklubb,ChIJZ7Mc3UI6WUYRufu2r_av_aw
Mem sluss (Göta kanal),ChIJoZycPG0hWUYREdTJXJXi1ng
Vreta Klosterruin,ChIJDZo2WA1nWUYRsfElRrTIhHo
Visby Fyr,ChIJm0NVAmav90YR1XTzlNQCkPM
Pumpen,ChIJ5xxL7Z7XW0YRY3h-o8zgEgs
Gammlt Hus,ChIJb3EMPlk3WUYRclXnebwu_2w
Gamlebro/Järnbron,ChIJi8kA1bQ7WUYRhAe-MG__h9M
Skoklosterstenen,ChIJK1Ps51y3X0YRD3RrPwOrUT4
Säfstaholms Äpplet,ChIJ119tc4KvXkYRkMUqDn-4AS0
Kinda Kanal,ChIJ9y77pyhvWUYRYiJd2FzjaAc
Kulturens Östarp,ChIJK8eH0WyGU0YRjSRCr-ILcZY
Sancta Birgitta Klostermuseum,ChIJE_8JXKDFW0YRdFdgdtCXepI
Br. Zackrisson Bil & Däck AB (First Stop Norrköping),ChIJ5110XQ_MX0YRYLW30GEHmZc
Hjälpmedelscentrum i Östergötland AB,ChIJG6mXDdpuWUYRk4GRgF-IcrU
TR Equipment AB,ChIJT4QmYKIpWkYR69zuqtmvaw8
Power Toys,ChIJOToX2bRoWUYRrUQhTxhR4ek
Konstnärsfabriken,ChIJgXTFSbXDW0YROdr8wXy9-lg
Panduro,ChIJp-4xbCRvWUYRoz1mF3lDP9U
Hobby Hörnan,ChIJOzsoDks6WUYRMAfvPXyXitk
WS och Company,ChIJ_74kXjNvWUYR5GeE9B7xIpk
Nordiska Akademien för Klassisk Homeopati AB,ChIJN3jQQzU6WUYRaUFSMdIFiqY
Östgöta Bi Ekonomisk Förening,ChIJO2up06w7WUYRjdrthCeGE8k
Svensk Honungsförädling,ChIJreqpexl9WUYR1TlwxPYWAJM
Orgahonung,ChIJnwaUpqVHWUYRwAAMZJuc-p0
Beady Ab,ChIJQ1CFjXVvWUYR3txgFv39BKw
Vadstena Klosterhotel - Reception och Restaurang,ChIJG64k16DFW0YRthnitOnVHN0
GuteBo,ChIJ6QL4NZSj90YRybbUKplQIyM
Lotorp Vandrarhem & Café,ChIJu0JvpFFOWUYRXrlQy021WFM
Kisa Wärdshus & Hotell,ChIJjcFwcJOiWUYROlnbT-ln9dM
Elite Grand Hotel Norrkoping,ChIJ0wcHsks6WUYRPFrXjdSqKoI
Sankt Anna Resort,ChIJL6l35CDnWEYRCB766Q0LjRw
Hotell Miskarp AB,ChIJfWLZ-F3WW0YRNohxEQtDGjQ
Ur natur HB,ChIJm11aDY4zWkYR_jjKlZOm1_Y
Hotell Föllingen,ChIJNfzIHsmZWUYRgeE9OXTfATg
Sundsmåla Gård AB,ChIJj8Up7yRvWUYRgVFOxPLm564
Rimforsa Strand Kurs & Konferens,ChIJy9KNZx2gWUYRRNZPfVs7H1s
Sveas hotell och café,ChIJiz2h2eaFWUYRPDhA1F0dqyg
Play Hotel i Mjölby,ChIJzbiWJADXW0YR9F5AFaOuu7Y
"STF Vandrarhem, Mjölby",ChIJw1GoZkLXW0YRYEqPWvtEaLY
Wärdshuset Berggrens Källare,ChIJTaYLYx_dW0YRJARU-drfZsg
"Yxnerum Hotell, Kurs & Konferenscenter",ChIJ-8m3GEAbWUYRDug3wb8kagM
Stenholmen gårdshotell AB,ChIJyRJJTtdlWUYRxJR1VbZPnYA
Park Hotel Linköpings Fawlty Towers,ChIJoSdFvy9vWUYRPi-m5zLOIpk
Goglampingsweden,ChIJuaZSWzxnWUYRv6IiR2GzsX4
ApartDirect Linköping Arena,ChIJ8Taw99NuWUYRT2VtsaRkttw
Borkhult Lapphem,ChIJ51yPRyQbWUYRO7BPFICI9kc
Trehörna Wärdshus,ChIJD7S8E9otWkYREKqvL7cC1sU
Norraby Hotell & Krog,ChIJD4-8s8EpWkYRKNxlqHVIq8I
Arkösunds Hotell,ChIJPcVqLlXEWEYRd8AeWpBmw4Q
Västanå slott,ChIJ2UVE4UI_WkYRdEuyRZqey6I
Smålandsgården,ChIJEaDlDuU7WkYR2V8UydBTwlM
Hotel Åberg,ChIJT7MqotgnWkYRv91-ZtxZ0XY
Slottsvillan,ChIJsVU5K9MSWkYR6UUxT_xffss
Västervik Guesthouse,ChIJ2TV_IQlDWEYRUhdk5MvDueo
Gamleby Hotell,ChIJVVXJ3FlQWEYRLPS8eYeCJNk
Fredensborgs Herrgård,ChIJw8k48sbNWUYRRn0y-MuzDok
Best Western and hotel Linköping,ChIJu60pNSRvWUYRNbwiEPKgm4s
First Hotel Central,ChIJIbybmUs6WUYRxOui3-0kKaA
Hilma Winblads,ChIJsbXrZ2pvWUYRctRB2diXGxs
Skeppsgården B&B,ChIJowv7rz72WEYRteDcKE0QiO8
Vårdnäs Stiftsgård Hotell och Konferens,ChIJ2ekKknlzWUYRe3jlf6oGh2g
Alléhotellet,ChIJmT9UBZVPWUYR4BvhsTeRv8s
Hotel Amalias Hus,ChIJidgR88M4WkYRCQ1lq1h2cd8
Wiredaholm Golf & Konferens AB,ChIJz_cN4jU9WkYRgbemxXIW6JQ
Sky Hotel Apartments City,ChIJ363tmCVvWUYRIBYz9RdE2og
Linköpings City hotell och vandrarhem,ChIJyRf4dSRvWUYRatzhqwHpa3Q
Borghamn Strand,ChIJuZnj0-nJW0YRUjjScHadHQU
Hotel Gyllene Uttern,ChIJ4z6AxBQ-RUYRC1FXs7XLF2s
BauerGården i Bunn,ChIJL7CMZGw-WkYRo1yLHlgMImo
Gekås Ullared Hotell & Motell,ChIJA3055ao3UEYRIDUhs7BjcUE
Hotel & Konferens Lugnalandet,ChIJO3Nzl-crWkYRsHZfs0YuUnE
Hotell Sommarhagen,ChIJMwachR-FWUYRL4dp9QCTkoo
Simones Lägenhetshotell,ChIJ3fVKzwrFW0YR485I_R2O8fI
Grenna Hotell,ChIJZ6TbVME4WkYRqb-zFRAzOOQ
Grännagården Hotell & Restaurang,ChIJB1kY3cM4WkYRn_HvFFAyS10
A&R Beauty Medical Clinic,ChIJkdOKrOJvWUYRlqC9F1imhOg
Hudläkarna AB,ChIJHzu4AyVvWUYR4IxvO7WBTzo
Bio-Hudklinik LKPG,ChIJozpphiRvWUYRznSJi8ba0rw
Hudvis,ChIJJXtDMSRvWUYRFp6jfvwCpFs
Hudvårdsrummet,ChIJ77yeECVvWUYRqnDWa4yIyxo
Spa-Ladan,ChIJYe9Q-2tfWEYRIPDVK7l2cRY
Hudvårdskompaniet Sverige AB,ChIJrako21jJWUYRMVqmdbd2ES8
Akademikliniken Skin Center Norrköping,ChIJVy5W2LI7WUYR08EkiEBYIIE
Söderköpings Hunddagis & Pensionat AB,ChIJ51RPNnYfWUYR34k0iEqsnbk
Carina's Hundvård,ChIJzwpJCqYXWUYRNsYba_6erGU
"Melanie Byström - hunddagis, hundpsykolog & hundkurser",ChIJJ2KBNIJuWUYRhOEOrArlnn0
DoggsenCenter Hundpensionat / Hunddagis,ChIJG3mi05hKWUYR5Kdw6_QLrqY
Linköpings Hunddagis,ChIJX1IETNdoWUYRRGLODz7UoLM
LarsA-Hallen,ChIJOw1ikBIjWUYRTD098Oj984M
Elsas Hage,ChIJXZ-nFatvWUYRwRt5iiiSze8
Katarinas Hundtrim,ChIJFZMfhFx9VEYRHhFa-2mv0mI
Motala Brukshundklubb,ChIJV8rBWUbdW0YRuo2-yWj1Nrw
Östrahundskolan,ChIJNd8tST5vWUYREm3_RYLPenk
Hundens & djurens beteendecenter,ChIJ1XhrgSNvWUYRr7hvgbC2Jqo
Hundvardag i Linköping AB,ChIJK2jdJaJvWUYRDT5RTGyKQ7I
High5 Hundsporthall,ChIJRwZ9f03XW0YRjSlAUDST8fQ
Fritt Följ,ChIJncxBOpBvWUYRWGv1a0qeEek
Mjölby Brukshundklubb,ChIJhS3pCSDXW0YR-Ph62jz5glA
Boxholms Brukshundklubb,ChIJI4Mz7ZUrWkYRzgkYHlkhn5E
Balderums Gård,ChIJvV2C9O9DWUYR2hwpcsYsmxQ
B.RA Besiktningar AB,ChIJc-NKmntvWUYRZ3G4PDpFxa0
Svensk OVK,ChIJHdwsJ-RvWUYRP_mpe0faPYw
Vadstena Husbil,ChIJx1IcqNvFW0YRwRv5vrCcpJM
Servicecenter Fritidsfordon Linköping AB,ChIJz_fONMdvWUYR_OjAk4N7N1o
Husvagnsverkstan,ChIJT2yJJvk6WUYRo0apAx9KDY0
Båtgaraget i Boxholm AB,ChIJa_mdFCArWkYR-Mq00Nbez40
Skogsgläntans kaninpensionat,ChIJda7flrhrWUYRKwu4k9no1lQ
Klockarfallets Katthotell,ChIJ18c8Pn5EWUYRgF-eueiFjqY
Sjöstadens Hundsalong,ChIJh0FK-ibdW0YRyj53WH5KaT4
Vackra Hundar Olivias Hundsalong,ChIJvbuLX2h9WUYRo7CyrO5MbSY
Salong Fyra Tassar,ChIJtTqiVE1vWUYRD5wlDXABanc
Den Gröna Valpen,ChIJp6LhXDQ6WUYRYzKppo45hyc
Taklyft,ChIJtVtkaDsPWUYRTPPRfxCgkjk
Lågenergihus Sverige,ChIJlwwWABtsWUYRkQZYDQBZXqw
Anebyhusgruppen AB,ChIJG2U-_SNvWUYRTWBNg5uhxfQ
Östgötahus Entreprenad AB,ChIJ3yIjQB5vWUYRpGIXGrcH4-M
Hjältevadshus AB,ChIJhyiifldvWUYRjwGN68553hI
Trivselhus,ChIJd59_oytvWUYRPTh8YZMZSso
A-hus,ChIJ6XxJcY06WUYRv5eLHnFwrO4
SmålandsVillan - Hustillverkare Norrköping,ChIJDWcI3_Q5WUYRIgoiilevbP0
Götenehus,ChIJz5XrTbI7WUYRuPOWoua7a70
Myresjöhus - Bygga hus Norrköping,ChIJNzonzrI7WUYRNpekZDyVEzI
Älvsbyhus AB,ChIJ0VmeW8o7WUYRwrC-1dDoh9o
Fiskarhedenvillan Gotland,ChIJFRHE0gSp90YRiPVI8UMwTvM
Västkuststugan,ChIJDVabx1BzWUYRivvErerrOHA
We Modify,ChIJtd1iuJJDWEYRKwMGiRc4_Dk
Borohus,ChIJbVM3F0xvWUYRNLc01cnGv90
Lion Home,ChIJa5p--BostA0Rynu3I2fL_4I
Eksjöhus - Bygga hus Norrköping,ChIJIbmkiEw6WUYRFEtEFypgxoY
Husgruppen i Norrköping AB | Hustillverkare i Norrköping,ChIJF2nYT0g6WUYRnR-pZfE1uho
Ställplats Husbil,ChIJARRHWz37WEYRqYb745fe7Zk
Leveransadress,ChIJKy3hRTE6WUYRE5Y2VkQsOWE
Lackeringsteknik i Mjölby AB,ChIJKbn4eU_WW0YRRnVeyCHSJSw
Eco House Finspång AB,ChIJn5Bz8MtTWUYRJpAyH2c6R4c
Finspångs Allmekano AB,ChIJp4Ym8k1OWUYRZCi_9kdpaMo
ABBEMA,ChIJ_w7D6ZXWW0YRl4e2LiVfCuw
Watch Market AB,ChIJEQKkxQvFW0YRDTxIEfKLavQ
Möllers Sverige AB,ChIJw5yJXKzQW0YRwkAJWGoinN4
Trebe Fastigheter AB,ChIJ1VF0_jJHWUYRiniRIaUw4_M
Arlandastads industrilack del pino ab,ChIJFSSAHjm8X0YRjXecFwF_i2A
Skärblacka Bruk,ChIJyazPtNNGWUYRuZaOC6uOiYs
Gryts Logistikpartner,ChIJn-AScwf5W0YRQvGHamRZ0hc
SAAND Service & Omsorg AB,ChIJWwzuSjNvWUYRU9uXlpInQtM
Linköpings Tungservice AB,ChIJfZgvFCpvWUYR7LXGoL1EhG0
Norrköping Horse Show,ChIJs-Cdkkg3WUYRuEABtpOig3k
Linköpings resecentrum,ChIJ8frdsC9vWUYREUq_wsrU7rI
TM Event AB,ChIJWXUkNt1vWUYRCRhBZl2TaWE
Proxytel Communication AB,ChIJewirCSVvWUYRWFOQHeIXiwg
WS BYGG,ChIJD-YwOQA7WUYRii3rJEx731s
Valcenter Socialdemokraterna i Linköping,ChIJMfmcnvZvWUYRZMIBLdhr574
Nordic Brass Gusum,ChIJcbWlfT_jWEYRAUZRPsVQFFU
T Spångberg Reklam AB,ChIJgb1aIbVoWUYRFfro1-B2gC0
Tulos Åsne & Alpacka farm,ChIJ1UyXCzBWWUYRLDFht9yIPFg
Abena AB Kisa,ChIJ13ujtbmiWUYRfAdZTeyCJfY
Drakryggen AB,ChIJeaApOXpvWUYRv-L8y4FrQj4
Finspångs Brukshundklubb,ChIJzbqd1XlPWUYRn7vgYgBukT8
Senion AB,ChIJoXJW7ntvWUYR-TjAEYB9m0E
IAPS,ChIJVy_xUoJvWUYR0IrpXQwX7M8
Nordic Souvenir AB,ChIJIfjy6QSjU0YRXeipeTlfu30
Lasertech Yag,ChIJk34AqUkPWUYR-53ctJyWhDE
Atlas Solenergi AB,ChIJuXnxNkJXWUYRaUVfwu-Dbmk
GE Renewable Energy,ChIJe5yGSlLXW0YRuI1mcY-SD74
AMRA Medical AB,ChIJMQQVJarE60MRoV_TbF5QbMo
STK Elinstallatören AB (Sveltek),ChIJ2_a14DZvWUYRl5HUI4t5xgc
Widegrens Förlag,ChIJ09nhdSLdXkYR_0P_OdSdOM0
Liquid Swords,ChIJXSZy6TZ5X0YRppTj3SwTsLQ
Ystad amatörfiskeklubb,ChIJOXbzk1V9VEYRqXaRazVAhPg
Cykla,ChIJOQiaKNncW0YR_USFg5KfPg0
Desai Ekonomi AB,ChIJYV86ac1uWUYRIX5VXnlk5ME
JGTV,ChIJ0zGK4L5PWUYR26oy-wtxsvg
AB IndustriKontroll,ChIJoXff1wdPWUYR3dQKJpuntOw
Coompanion Östergötland,ChIJ-84j15k7WUYRS4nT8tsrT50
Trikåby AB,ChIJOzOO1003WUYRTQl8EUnUDrw
Cygni Öst,ChIJtwBI0JZvWUYRgJTdA9A3i30
Artex,ChIJATZhm2R9WUYRyfRS103ivRg
Vertical Plants System Sweden AB,ChIJhRvx17I7WUYRE-fvuy7_V8o
PEWECO i Skänninge AB,ChIJV5byHFXXW0YR_IuTHdxjr0Q
LBB Holding AB,ChIJYV86ac1uWUYR17kg4RI6UXA
Implema AB,ChIJVVVVsTFvWUYRmw0G1C9_PFk
UCS Group,ChIJ2yecW3pvWUYRSrKICGIOD34
Fronta Linköping,ChIJl9FfqVppWUYRGaRO_iH1jqM
Sweden Eco,ChIJVb11kmTlWEYROBV-PPq5ODI
Gripband i Gusum AB,ChIJ6SGgFwbjWEYR7sQ3-8ZzuFM
iMatrics,ChIJoyaP1N1vWUYRyCGYdD1SbFg
CloudTeQ,ChIJYX4XjAY7WUYRsupEq7_2Qes
Sports Editing Sweden AB,ChIJc1jEhiVvWUYRV4cTVPmRzD8
ADR Förartjänst Götaland AB,ChIJ9ZwnY1VuWUYRq2CRn8emQ1E
Mitta AB,ChIJmTDWHrpvWUYRKpky0pMr6qs
Kommunalförbundet Itsam,ChIJTeP9iY2iWUYR7io7yE3B2us
Calderys Nordics AB,ChIJJ9DmnXY5WUYRDgbplZruH7k
JCDecaux,ChIJFxeT2HdvWUYRzzgvMFSolxc
TKA Styr & Regler AB,ChIJj4qoTzJvWUYReqGn4fh3BEI
Willak,ChIJ-cg5XhOLUEYRNxzdImALd3c
Everon Sverige AB,ChIJb-BobyM7WUYRm_ShdhKHbvI
Nexer Group,ChIJ7RZ8Dw5vWUYRGdJt3INDl70
Managerzone HQ,ChIJTYLZStpuWUYRxa8jsaUSOl4
Qlean Scandinavia AB,ChIJ0QaUhBlsWUYR6bkGHCEAaxE
HSM i Linköping AB,ChIJpVe_FaFuWUYRXrwafdQt8vs
EuroNetics Holding AB,ChIJj8Up7yRvWUYRfhXw2ML-gSs
Carlsberg Sverige AB,ChIJ6fJIeflvWUYR6vssBp8E4_4
Organic Response (Fagerhult Group),ChIJ-_ymhSVvWUYReo-rE3I04uU
Shapeline AB,ChIJ7Ryp-xVvWUYRhnP_8QbYtOs
Image Systems Group,ChIJ_ZmUdCFvWUYRKGFCq8ozJVI
Tidningen Nolltretton,ChIJA8mLpiVvWUYRwnEpa3suPlM
Amplio Rental AB,ChIJVVWZLSVvWUYRGowNbU43MjM
Metrima International AB,ChIJaYRa-RVvWUYRdB9RSFi_Fi4
Koenig & Bauer Coding Sverige AB,ChIJKdGF3klvWUYRRgozaqsypjo
Sylog Öst Ab,ChIJVVVFCXxvWUYRS-fZQxsqE5Y
Maxar International Sweden AB,ChIJX-gLVx5vWUYR11jNEjNFNSo
Ocean Robotics International AB,ChIJeWk7e6BuWUYRRNBLzQLftiE
Statens Skolinspektion,ChIJXwlbwCRvWUYRP01RMegOk8o
Hydrus VVS AB,ChIJ3Wp8nUlpWUYRKeYKLDQANMc
Vinnergi AB,ChIJ34Pc9LtvWUYRqNzaONMNKgg
Roxen AB,ChIJewirCSVvWUYRxG4xAiSBT_8
Envista AB,ChIJOXMvTi5vWUYRYLBdnCGqezQ
MedtechByrån Linköping AB,ChIJe6wGQg5vWUYR_i8OFzwlupI
Gothia ADB Aktiebolag,ChIJU8wmJKrE60MRl0920spDchU
Ipendo Systems,ChIJpwIggyVvWUYRPG5YXx7Zdsc
Arla Foods Linköping Distribution,ChIJU0Obw0tvWUYRmt0vZrRI0K8
Senzum AB,ChIJ6fa_aDFvWUYRLZsxlt5A39U
[her]cules,ChIJmarzbJJvWUYRlaDFdidInhU
Prodelox AB,ChIJZ3cVkxVvWUYRKYR_UoW6XuE
PU sensor Ab,ChIJ11ii4ntvWUYRe5saRGCvtnE
Nygårds Anna Bengtsson AB,ChIJS3anNy5vWUYRKY9BA4iDZ_E
Ecocenter Jordhantering Linköping,ChIJa1dWONpoWUYRZxPZ3fhqrmc
Atron Systems Sweden AB,ChIJc-NKmntvWUYRIgNdVs-8dm8
Gubbröra Band,ChIJl2xWn4plWUYRH1cL4CYaggY
Enthr AB,ChIJxwWaXgZ9WUYRFhWrP0U3BWg
Q-SOURCE AB,ChIJAZQKKNbCW0YRwQTPtwxDxC4
Elva Processautomation AB,ChIJ5UPa3S3DW0YR-uO2b0eRLSQ
Svenska Rehab Info AB,ChIJVaM7vks6WUYRrAHHueLbz_A
Wellnox Health AB,ChIJG2jmhc47WUYRgqmrqZAZIRU
Smart Cash,ChIJVVVVsUw6WUYRJ4KZLDpQww4
EUROPEAN AIR SPARES,ChIJGwTHjoE5WUYR5C1NKn6QKko
Goli AB,ChIJj8Up7yRvWUYR7f3QgYqaLF0
Tallberga,ChIJX2-cHn97WUYR481XbQhWkno
DeLarge Nordic AB,ChIJaXXtJ7JvWUYRJ0qGvVCtIrw
MJ:S Linjer AB,ChIJ2SiEUEZpWUYRkOr4N6Wfn14
Marcussons Entreprenadteknik AB,ChIJ_0VpaoZlWUYRzQOuHyilZSY
Compact Energi AB,ChIJ4fEs7kVvWUYRw0xMg4m4zNc
Bråvikslinjen,ChIJAQD0DUs6WUYRQq_B5j5lRuM
Nuvia Nordic AB,ChIJIX1NKtpjXkYRi1dk_oGaVzI
Kärnkraftsäkerhet och Utbildning Aktiebolag,ChIJwwTlfPlJX0YR3pUfIBNA1m0
Älvestad-Tanken AB,ChIJvyEbNDLfW0YRlvtcLomRERA
Stoeryd AB,ChIJLV0rtmIoWkYREd_LuQHnU40
MEGAB AB,ChIJDYkjJMM_WkYRTPg0VStQLVI
Swetouch AB,ChIJLWXX6HkoWkYRb12Yd2SRIdQ
Behandlingshemmet Game Over-GO,ChIJ3RnfPo1uWUYRMOZ3inIh6Wc
Nammi Godis AB,ChIJVx7AOUw3WUYRTyQI7AiAsB8
Karamello Sverige AB,ChIJDVaIxstoWUYRW2etNDcNDFI
LW Din Besiktningsman AB,ChIJGZmXkmA_WUYR7Tz-7PgydRc
Hire Quality AB,ChIJq6rarrM7WUYR_S_OAGURnBI
DeXel,ChIJM-jmQgwtX0YRhkCssyF4ayQ
Robbans Last & Trucktjänst AB,ChIJe1EHLksiWUYRWtszEXTJkNk
Nellemann Machinery AB,ChIJL3mugKrXW0YRwY51Hs0RaOA
HUMLE från Kalvsved AB,ChIJwxznSPuRWUYRBoqCvIyH1Lw
Ripskogs Lift & Maskinuthyrning,ChIJ0w26zb9PWUYRoceowMuir-8
Universal Power Nordic AB,ChIJ14EuAlLXW0YRkfQO4jb0JfY
Plastikguiden Johan Thorfinn,ChIJQ5WkGtZvWUYRO4Kho7RWP-s
Gunnarssons Plåt,ChIJZx3syyHdW0YRif3JRWQPBF0
EET Sverige AB,ChIJk9NDyXLsHA8RGgIe1FL24fY
Henkel Sweden Operations AB,ChIJ9TMC7sU7WUYRWYBLGzfQRe0
Sonnebring Engineering & Trading AB,ChIJZ3cVkxVvWUYRxmStgUx-tLQ
Vägmaskinservice i Norrköping AB,ChIJp8KWPB86WUYRJmirNzRpZko
Dunlop Hiflex Norrköping,ChIJj_jvZ6s7WUYRX-cuNQbYrhg
Näs kraftstation,ChIJq5EHlybfW0YRicaFQ8UuaVQ
"Inner Image Hypnos, Milton Medtech AB",ChIJxV6d1utkWUYRwIesHiICxlo
Näckrosen,ChIJBfW-DHXJW0YRJbstOyNo46E
Annas Alternativ - Hypnos & Nlp,ChIJ01sj1-BuWUYRZCbgdZnnEwk
Sahlin Fastigheter AB,ChIJk3qr2X8jWUYRFls_vev9pb0
Viken Park AB,ChIJBQMfadrcW0YRCBaFEp-UJBY
Dalhem Gamla Pensionärshemmet,ChIJldt9-WNixmYR_Fa3L-sUTQI
Gladsheim Fastigheter Ab,ChIJeZu2ml2dX0YRK6mV4hL7mC0
Hairfree Linköping,ChIJS0m76IJvWUYR2hkUPWl6Yrg
"Linköping Laserklinik - Laser, Onda, Vivace Linköping",ChIJrz-_-xpvWUYRJF1J2FZDHb4
Dermani Clinic,ChIJj72-LQxvWUYRynm8qn68TFg
UNIK Hudvård & Skönhet,ChIJAQAAVCRvWUYRmuZX8eyAhTs
Atlaskliniken,ChIJS0m76IJvWUYR82YuXwO1ncg
M&M Skin & Laser Clinic,ChIJefluyFw7WUYRgEgcLI6gSEQ
Dermani Clinic Norrköping,ChIJp69zHN87WUYRFi2h8XzutN0
Ebtissam Laser Klinik,ChIJbQDQ-q07WUYRTm-rDFF6hIM
Scalp Studio Sweden,ChIJBVVzC9E7WUYRmeGigUuTrE0
Dr. Ban AB (By.Dr.Ban),ChIJ3wRE1xJvWUYR_HZmB7nAlqE
Createa,ChIJZ-ogd4snWkYRHDvtSm3MeJY
Må bättre Tranås (fd Piggabutiken Tranås),ChIJW-CjZGYnWkYRvPTlBkkVrRc
Life Motala,ChIJAzFnEtHcW0YRQI3eWXgK_Y8
SnoozeFest AB,ChIJ3fnx6G15X0YRUWTnQDez2sw
Gotland Grand National,ChIJd-VZzgml90YRV41OP36RU3s
Hälsofabriken i Åtvidaberg AB,ChIJPS-8KkgPWUYRGYEqApMc4n4
Santiana Anna Sjöstrand,ChIJ86-qXWfWW0YRkWoKbNxqhVE
Krakhult,ChIJwYPUUvXnW0YRbaMk8EK5XPA
Ylab,ChIJk-TStqw7WUYR655kFZd2Ujc
Dynamic Neuromuscular Re-Education and Movement Therapy,ChIJI21QnEY5WUYRURL1ezsnqe0
MEJA Hälsoteam,ChIJvapEM5RvWUYRBeGAiiGBKE4
Solbacka Friskvård,ChIJZQncM45lWUYR2tJXk9cT8Ks
LevaSockerfri,ChIJG6lILmJvWUYRrxXT4Ne2R8I
Transcendental Meditation (TM) Söderköping,ChIJPz1nO5YjWUYRmn2I2aBupzM
Saltrummet I Motala,ChIJOUoK0ufcW0YREo5kxjQKpuw
Movement inspo,ChIJfws72tDdW0YRPPZWhd29458
Faschiaspecialisterna på väg AB,ChIJW97DqxdvWUYROoX2TZYf2sE
Madfitness,ChIJo-8IPB9nWUYR_WaSE_mcwHU
Bella Line Studio Wellbeing,ChIJ8_auBh8tWkYRkmS5zo4XUsE
NA,ChIJ340kIGY5WUYRX8SICTuqrr0
Relationskliniken i Östergötland,ChIJ0aB04wBBWUYR-ggWJt78CGY
Bygg din hälsa Sverige AB,ChIJEwH9w4AhWUYRdGcA7AdJBz4
FMT Musikterapicenter AB,ChIJA4zg8-tvWUYR8LCqnV4koUY
Tate & Lyle Sweden AB,ChIJxYQAj2c_WUYR0pq9R9XF-Gs
Corazone,ChIJt_iCJjpvWUYRfg2aeQLd16o
Rekrea Livsstil och Hälsa,ChIJj9reKRhvWUYR7MgJGZ06AEA
Helhetshälsa Sverige AB,ChIJ23gIlqbJW0YRZP2v75aMBFg
Hälsokraft,ChIJzZ1d6BF9VEYRFS9gpNnpc9g
Hälsokosten,ChIJC_AfFSRvWUYRlYk_y62M4yg
Arcadia FriskVård AB,ChIJrdL1BxF4X0YR0dlLQNW7dDM
ANDAS - yoga för alla,ChIJz564Cl_jlUgRieotABNCCmg
Balans Hälsa,ChIJLewq9E7LfQERsFtkXBhd-yc
YogaNatur,ChIJyStOo2aSkykRxL8Ie7bT8rg
Meby Behandlingshem AB,ChIJG_8di-cSgmYRJSumXNMAXIY
Mantorps Travshop,ChIJhwT9-Ch9WUYRpgE9hUl03uo
Hagströ,ChIJUStjObeTWUYRgKf10dY85Tg
Ryde Equestrian,ChIJ1WrqyR2j90YRCw3F-lLNv9M
Drive Out AB,ChIJsf-Qjh4PWUYRekD3K-KeghU
Sålla Herrgård,ChIJqVbHaEVjWUYRfg2dlcKxsxM
Lindstud,ChIJuU5OI7tjWUYRrePOKgv4XNQ
Östergötlands Fjordhästförening,ChIJnfjd911vWUYRAJIoZDxxfUE
Gunnorp Stall & Avel,ChIJWZyx60h7WUYRj5xJFi_JLyw
Omberg Zipline,ChIJ-0WttkzLW0YRVWPeiUP0mZo
"Högskolan i Jönköping, Pathway Programmes",ChIJmfM3DOI5WkYRNZd9WGFBsdc
MTU Mediagymnasium,ChIJEasUHklvWUYRvMJm7tUrj6Q
Nya Munken,ChIJAYCI9KxoWUYREIi5Z4dWuVk
Yrkesgymnasiet Norrköping,ChIJV_yFOgQ7WUYR6Piwbj5U9fc
Nyköpings hotell & restaurangskola,ChIJ3ZRe_2UtX0YRQTUa2P4QVRg
Gamlebygymnasiet,ChIJQzT1lPtQWEYREExaHQWFFYk
JENSEN gymnasium Linköping,ChIJA8mLpiVvWUYRBc3pZXlEgwg
Autoteknik i Åtvidaberg AB,ChIJUSvKTCIPWUYRhwN40FdcUe0
Företagarna Östergötland,ChIJkZ7AwiVvWUYRccd1JEAJSdw
Ramstorps trygghetsboende,ChIJrzpUnS9vWUYRLcwaN-cKOnw
Rejmyre Art Lab Center for Peripheral Studies & Konstlabbet,ChIJZ04Oy95NWUYRzNHDB8g7KMA
Sofia Scoutkår,ChIJxRM8vvFtWkYR0n2bVy7VcEs
Mjölby Turabdin Fc,ChIJnzcGVWDWW0YRfXpPk0hO2kA
Världens mammor,ChIJVXQ9_0pvWUYRbjRnEAzkthw
Linköpings Ungdomsråd,ChIJFYULQ1xvWUYRFt621fCFNsM
Framtidsfrön,ChIJkZ7AwiVvWUYRV618H7t0Iqg
PTA IES Linköping,ChIJJ__dzxpvWUYRGH246q9G_FQ
IFS Linköping,ChIJzxqxHSVvWUYRoKfDG90Vvsg
Kulladal - Västra Hargs Idrottsförening,ChIJIezwMup-WUYRXstosRfgEb4
Tempel Riddare Orden,ChIJ2SzREiRvWUYR0KbzeioK2Ro
Nya Skådebanan i Östergötland,ChIJcRf0cCNvWUYRRQjXAjdoqG8
FUB Linköping,ChIJdUWjDDxvWUYR7sK7x4bN4pE
Föreningen Duvan i Motala,ChIJ8347Z3ndW0YRt6rIz5I_sHU
Motala Frisksportklubb,ChIJIyEogibDW0YRZsQpiJZglyg
Autism- och Aspergerföreningen Östergötland,ChIJuV-lv7I7WUYRDbuH5Scm3bU
Släktforskarna I Norrköping,ChIJ81LRh687WUYRBABaKye_uJQ
TRR Trygghetsrådet,ChIJX7sPqks6WUYRwdxWdBukcSI
Norrköpings kvinnliga idrottsklubb - NKIK Handboll,ChIJgeSP_aw7WUYRLkHtV-pO8rc
Arbetslivsmuseernas Samarbetsråd (ArbetSam),ChIJLVlzRLU7WUYR_WSPiHbTXYI
Ukrainska Föreningen Östergötland,ChIJi07ACNhvWUYR45oUB39Qo80
Samlarförbundet Nordstjärnan,ChIJbxEHGfrLX0YR_Ktu81JGTWw
IndoScandic Organisation,ChIJE0pqAXadWUYRCDttlRjAnVc
Internationella Kvinnoföreningen i Linköping,ChIJ-7lHCiVvWUYRQ-dZTSY4K_A
Amandas öga,ChIJBVCYLN79WEYRGIpyOYZXNAo
Linköpings Brukshundklubb,ChIJ5Taax0NuWUYRl9EGAz4wvc4
ELIN - Ekonomföreningen vid Linköpings universitet,ChIJa6c-PLRvWUYRZiTivGqCyNg
Björkfors GOIF,ChIJZT4b9OOfWUYRTwCTz9rYP6w
Linköpings Studentspex - Inspirationstjällaren,ChIJkztNhT9vWUYRes9y7VopGLA
Reumatikerföreningen Linköping,ChIJdUWjDDxvWUYRptbpC7jggVw
Makerspace Linköping,ChIJZ3cVkxVvWUYRc2zb2nFrkUU
LINSURF Linköpings Brädseglarklubb,ChIJrWsijmtoWUYRebru2ztr_kA
Linköpings Hundungdom,ChIJK9rKDv5uWUYRM51mTxcccfE
Föreningen Kultursjukhuset,ChIJc1KxFfVoWkYRLaUlv8HcVsM
Linköping Ibk (innebandyklubb),ChIJ70KnxiZvWUYR7s8RnC1Uzc4
HAN MOOSA DOJANG Linköping Kampsport Akademi,ChIJY8Db3XNvWUYR_LYeOC1MNW0
International Association of Advanced Materials (IAAM),ChIJZ4BMA6xvWUYRxtJAN4mjjTQ
Sveriges Schackförbund,ChIJucaQoIE5WUYRHFUHTWzARCM
Gistad hembygdsförening,ChIJk0B_fugpxiER-2kPF6uk8hY
Linköpings Bangolfklubb,ChIJtXJ1ucRvWUYRsj_vK_qu9EU
Sveriges Neuropsykologers Förening,ChIJx3qE2755X0YR2utk_fJSmyM
Linköpings Motorsällskap,ChIJj8Up7yRvWUYRPKdckYfFUAs
Friluftsgården Getsjötorp,ChIJew6Hwq1JWUYRzz073thZVgk
Styrelseakademien Östsverige,ChIJJRlLCHxvWUYRkZNjU0Efg1o
Frivilligcentralen i Norrköping,ChIJIVvfjLM7WUYRLu6k88UBVKc
Visual Sweden,ChIJVagM_Rc7WUYRNiPuTMfzQ5o
RFSL Linköping,ChIJDbQafABvWUYRP7cxfVF8Zb4
Östergötlands Innebandyförbund,ChIJl33jrF5uWUYR_7bDoRvuLfo
Sjöräddningssällskapet RS Arkösund,ChIJD_GqKqvFWEYRsO0cf5JJlWI
Finspångs Scoutkår,ChIJy90s_otRWUYRdsb4j2mYe6U
Vetenskap & Allmänhet Va,ChIJUW9KseR3X0YReiZ4iiOzVBY
RF-SISU Östergötland,ChIJl33jrF5uWUYRgl3RmdNSX-4
BK Norrköping Tillsammans,ChIJRd7bdxya_o4RSX7x92NqP-Y
BOTI,ChIJm5bBm-RyR6ERDuwZGXNWkEg
Grekiska Kulturhus,ChIJdT3MQwhvWUYRd8qf5lpHqTc
Stjärnkliniken Linköping,ChIJsdiryCVvWUYREpYhlnYmbMU
ÅBY IF,ChIJKSsVYTc3WUYRd2fVG7w2E0k
Panthers field,ChIJtZMjx5A5WUYRk4XmOo78wX0
Väderstad IK,ChIJN9WFRxLTW0YRhkOvH99_Gwg
Åby Ridskola KB,ChIJbyJWFDQ3WUYRDgweCF7xcpE
Norrköpings Danscenter,ChIJAQAwsEo6WUYRjGbl2-PmBWU
Norrköping shitoryu karateklubb,ChIJgfCSJvo7WUYRCAiYdRwRmY4
LBK Gottfridsberg,ChIJqwVhijdvWUYR4M3g_jXgtZI
DP Scandinavia AB,ChIJX7OVx1A7WUYR2tYS0dWfNVg
Gäverstad Gård,ChIJifR8otk8WUYRWFYWkZjtRLA
Torkelsbo Gård,ChIJQWAgDtl-WUYRXh9qOffscYU
Stall Kungskvarn,ChIJI57v1z9lWUYRreitpBVtZW0
Verisure Sales Sverige AB,ChIJXwpBjDtvWUYRZ7Gxp4YmIBs
"Läns-Alarm AB - inbrottslam, brandlarm, passersystem, larm",ChIJRREqTTVvWUYRbRmwa6qDINE
Larm och Tele Funktion i Linköping AB,ChIJaU1SIMtoWUYR8KQ2zBeoqSA
Indian Garden Norrköping,ChIJR_WXTVU7WUYR0lrIX-yhC8s
Royal India Motala,ChIJ1-9aqtHcW0YRKzb8m7qpXhk
Yogi,ChIJ7bAKJiVvWUYR6jRFPUvdJMM
Novael production AB,ChIJOWa4qSEPWUYRdU4UGC6e09c
NORQON-ENCO AB,ChIJR7tMJJWHpWwRFqFHuTHqti0
Ionautics AB,ChIJtYv3WJxuWUYRkTLjOIQzmGE
Ventilteknik i Motala AB,ChIJJYAI50zDW0YRSxWyUueY8-E
formkonst,ChIJqWUdXlbSW0YR_AwBfBmv33Q
Travvinster.nu,ChIJv0HcAtdrWUYRkCabhN97kfE
Vadstena InfoCenter,ChIJi5N6VKDFW0YRtVPW_svKUbg
Structor Östergötland AB,ChIJhRvx17I7WUYRL_0ipVlJtd8
Infor (Sweden) AB,ChIJpQWVl3tvWUYRnWxA3llpHLQ
Kiwa,ChIJkYYIpYo5WUYRasgBWpeCRKE
Ramboll Sverige,ChIJAQAAZLM7WUYRF18JagYDFYI
NIRAS,ChIJ____P3BvWUYRtcpH4Mn8Xs0
Axelent Solutions AB,ChIJjYs89_dvWUYRflq-KRULBMY
Ramboll Sverige,ChIJVVVVlRNvWUYRxSCkayz7zbs
AFRY,ChIJAQAAANs7WUYRBwzDtiOGNts
Etteplan,ChIJy4gAroo5WUYRvX_vtUNPX1k
Rejlers Sverige AB,ChIJVVVVuUo6WUYR6cS85tKOtVc
Bergsäker Norrköping,ChIJCRr17yU7WUYRPhz2h2YnYcE
Avalon Innovation,ChIJoXJW7ntvWUYRdxzgbHZMX0k
Karnehed Design & Construction AB,ChIJQdM60jtvWUYRfnIXNyCeEyI
ReQuTech AB,ChIJz60kifVoWUYRoxlhRP_-Mdk
Runway Safe,ChIJeRMy6XBvWUYRvatCVhbo8oQ
INFICON,ChIJuWS76BVvWUYRGRGzA2yrXHk
Scotts Ledningsprojektering AB,ChIJcTaJDghRWEYRYABWlGBxHDA
Swadara,ChIJdzOzwsptWkYRuD7wfarpMIM
NorthWide X AB,ChIJu2NNDfVDWEYRqJpUsv0kKY0
Bab Elektronik AB,ChIJY3kWre5tWkYRHnZNklylWi8
Mimsi Materials Ab,ChIJVVWFXnlvWUYR-2w2vASrVVM
Häradssätter Gård,ChIJ5RgMAXn7WEYRvjPjxt5FeGY
Red Haven Cottage,ChIJB1NQnKD_WEYRhl3NA1u_Mi0
Missmyra,ChIJv3ZNNyQQWUYRJWjBlThh3UE
RUFF Indoor Golf - Norrköping,ChIJVdWnjPE7WUYRzBzGAly2HAM
Motala Indoor Golf,ChIJR5UeLtPDW0YRAF75Z1Xzu48
Breathe Design,ChIJ-1p2pAVvWUYRG_PKdVp37Vw
Jeanette Hammarstedt Inredningsdesigner,ChIJS5Q7y35CWEYRCnhS1wlGbvY
Studio Eleonor Bonnevier,ChIJm7TFVMELEQURQ8TlDipwdCE
AB Svensk Träfiness,ChIJq8V8oDJvWUYRVvdk-OuIAnA
Studio Maessing,ChIJIZlCbpNuWUYR6g4Qpptc07A
Nu&Då,ChIJN8RUkl_WW0YR314DfkQ9xVE
Vallonmässing AB,ChIJAymelzEiWUYRjxoGkOgINEw
Roomfulness AB,ChIJK-bP8ZODX0YRZoFjzIJCRWs
Online Voices,ChIJFWNGVkoyUkYRnXwUzx63hNg
Musikens Hus,ChIJYQUkZHs7WUYRxQa4IDUPVzw
Dub On Audio,ChIJI9h_08KTWUYReklOA-nK8QY
Nasty Music KB,ChIJVVW5sR6dWUYRUABcCoK64vs
Opigo AB - Bekymmersfri Elbilsladdning,ChIJF0d_JnE7WUYRheYOxm2kpgM
CSM vattenskoterutbildning Norrköping,ChIJKwIo5Wg7WUYRAmoKXX1pwa8
Unistocks,ChIJ15gWOExvWUYRd4kCaL144dI
Investum AB,ChIJq6qaLrU7WUYRb2b8_GtgULY
Almi Invest,ChIJ0_IMpwlvWUYRGXNi5RpdVrk
Invest Capital Real Estate,ChIJExRLxHhVWEYRTWpHl6j_U0A
Mjölby HC / ProTrain Arena,ChIJtVTNDkXWW0YRMoAa0xwws7c
Östergötlands Ishockeyförbund,ChIJl33jrF5uWUYRsRDgAs2PpV4
Eniva Isolerproffs Öst,ChIJf8y4RbE7WUYRCW-ONcYDHtU
Vadstena Bil & Däckservice,ChIJS0opoxLFW0YRj0jxcsWC5Xc
Camarda italienska delikatesser,ChIJdw7hKHngW0YRcNWkB2mGaSY
Noi Tre AB,ChIJcTBdL-5vWUYRrmh3XIlCliU
Mozzarella Ristorante,ChIJ1SoRhiZvWUYRmiQuBuMzdtY
La Pasta Veloce,ChIJw05EvpNpWUYRmw6tdwmP-7g
Taverna 1854,ChIJV1EjjSRvWUYRyM9ngGV5B1Y
DaveFix AB,ChIJra8aqIY5WUYR3e6AtixlYRo
"Ason Outdoor AB, Asonjakt",ChIJ7fhZfCTJWUYRL0BaL234vTc
Jaktia Västervik,ChIJocJHgwpDWEYR8LjvBhIu4R4
JägarHjälpen,ChIJbWZlrRR6WUYRF1py7RJv--s
Jaktia Norrköping,ChIJF8CNnjk6WUYRYACrdFWPXfE
Söderö Gård,ChIJAQAAAEAIWUYRGTgDK3-HI_Q
Virå Bruk,ChIJGVaQ8IMyWUYRUk0t7jW4kg4
"Jehovas vittnen, Rikets sal",ChIJGycwZ3l9VEYRw-1D-75AHd0
Randstad RiseSmart,ChIJWTeQ8AY7WUYRRSV536xdjTg
Ability - Linköping,ChIJRdF1LFVvWUYRMlpEbaO7RE0
Jacobsson Coach & Konsult,ChIJ6aimVCC0TI4RlzLjp7lRVmw
Mossebo Gårdsbutik & Rökeri,ChIJg0aWeLvkWEYRvlEX8_RdxnU
Biotillväxt Sverige AB,ChIJCxI87WTjPIARSEJgnFFAaa4
Ioma,ChIJP5wWJ0bxWUYROwt1JimuKwA
RÅ-Skafferiet,ChIJBRXP9ms7WUYRW8ecz5vMB-I
AK Press,ChIJfSzVkg1vWUYRtg8HfCqzCu8
Naked Juicebar Asecs,ChIJ9ek9InZtWkYRWHv1SiiHMiw
Östgöta Musteri AB,ChIJB-7aAt5nWUYRArOk3aqT_Uw
Julkulan,ChIJjTjS5DR3X0YRvrmR-t-zX1w
Byrån Mot Diskriminering i Östergötland,ChIJIVvfjLM7WUYReOEAMDCIdwM
Lexline AB,ChIJZT8j_-RlWUYR7702OQboaIQ
Lexlife AB,ChIJZT8j_-RlWUYRge-E4NZBoTw
Advokaterna Abrahamsson i Norrköping AB,ChIJM6eEiDU6WUYRqNttk8OOZ0E
Jurab Syd AB,ChIJr6w-cz1vWUYRlVetOBI6YP4
Tenders Sverige AB,ChIJu9xAYiRvWUYR-sH7dXuSjiA
Stilla familjejuridik AB,ChIJB495GhpvWUYRaaxzKKBNwsk
Malin Andersson Juridik AB,ChIJC_1XiJ5vWUYRdfdEx91QaNI
Verahill Familjejuridik Linköping,ChIJby01EwdvWUYRrmPlbFPrOQc
Byggkonsult Conlink HB,ChIJQdM60jtvWUYRQis5uR_6ab4
Omsorgsenheten,ChIJATft9p7jWEYRySYZK8xOQwQ
Kritalloteket AB,ChIJP8cf13HdW0YRpJiDbvXTpGs
Flinks Järn AB Norrköping,ChIJfSc8Wr07WUYRSP0u12pG_Ns
NRF Stål & Metall AB,ChIJAQAAAGw6WUYR_H4rIg-T5iE
Boxholm Järn & Bygg AB,ChIJk-D5mdsqWkYRjLnyYU0nm9o
Järnia Ödeshögsjärn,ChIJPU6E-uczWkYRSzGvfITIUig
"Antram, Industri & Filter Partner i Sverige AB",ChIJI4RKRJpPWUYRAVO3Wj5C6pw
Infranord AB,ChIJ96VEN2HWW0YRiGPBKxBRWBU
EntreprenadService i Alfta,ChIJKRDexTxvWUYRttBl-xiIRS4
Nya Olsson Spår Service AB,ChIJ9yEm2ho1WkYRgrCKUNhWpZ4
Mutebo-Aspnäs Miniatyrjärnvägen & Café,ChIJYWvfn-FxWUYRY9tqtpoFRNI
Museiföreningen Wadstena-Fogelsta Järnväg,ChIJhamI2_TFW0YR6pbGGAyOOEw
Risten–Lakviks Järnväg,ChIJrdcj9MkRWUYRSs_hNCgMaBY
Cafe smedjan,ChIJ0RDN7zQ6WUYRKhZRnvDuHWI
Spira café,ChIJdd_OFrU7WUYRCHFmkWf-K5w
Café Karlssons i Skarphagen AB,ChIJVVVVVTA6WUYRshW_uSZN0ng
Stens Hus,ChIJCb1vleU2WUYRUS1S0F8e-OQ
Kårhuset Örat,ChIJqzDKGyJvWUYRScyvX-iaRhc
Melins Café & Bistro,ChIJ7alJxiVvWUYRB-WlqYTkp7c
Cirkuscaféet,ChIJCaCa_jBvWUYRgUldp3TuVbE
Café Galejan,ChIJgSkRpztvWUYRmENuGp_n6mk
Babettes Kafferi & Bageri,ChIJ75_SbyRvWUYRT12JcWOcujY
Skönfärgaregården Butik & Våffelstuga,ChIJNcIkV_BvWUYRf8VlaTB72tQ
Café Gusto,ChIJC3EWYGDWW0YRqQQuJ-CC-fk
Mjölby Industricafé,ChIJq6r6OI_WW0YRSY4Cb8cg6cY
Zenit - mötesplatsen för seniorer,ChIJ1TtRv6HXW0YRoZvEp5bwNDs
Café TimeOut,ChIJOzFirNbdW0YRMeSkHxATYE4
Claras Coffee,ChIJlUG19CZvWUYRfr9fLR7AIXg
Farfarstugan,ChIJl52TE-HpW0YRhEqNPkTBc-w
Färgargården,ChIJMRv9dsw7WUYRgpmfWERgmaU
Café Jägmästargården - Fika Söderköping,ChIJd5WOHm0jWUYR9_V4F5MbbLU
Edgars på Lagnö,ChIJCznPkcrpWEYRCRMpkYpTqPI
Fyrudden Glass & Kafé,ChIJCQv0JHztWEYRdOmElu7Zcfw
Slottskaféet,ChIJAUCw2h9zWUYRz35-UMNbZOY
Sektionscafé Byttan,ChIJRRJQz81vWUYRS4q43rONmSc
Lemon Garden LKPG,ChIJIVFQ0gZvWUYR_hbFKyRuIv4
Ektrollet,ChIJzTH-_73FW0YRlFccoU6jMeQ
Ljungs slott,ChIJu43mBb1gWUYR6Q4ZjB_2DX4
KAJSAS I TULLEN,ChIJrwb09Cl3X0YRhloUbcRzBNo
Bruket Café & Butik,ChIJFX2jeUOr90YRYG5QnnYzCnY
Bokcafeet Porten,ChIJwc0JtgCp90YRJXy-g19keTo
Café Helge,ChIJfTQYyrGv90YRTDg0MfLwrQg
Fridhems Kaffestuga,ChIJO8y9PY-l90YRHTvLoZLol-s
Hester Gård - Upplevelser,ChIJqXkmFTArWkYR4hE4Af6iFIQ
Ängby Gårdsbutik och Café,ChIJpSwkbqjNXkYRw9fJtipGYgI
Spelens Hus,ChIJi-w97Hs7WUYRgTmnWDtflAo
Esters Hantverksbageri,ChIJaYebQDU6WUYRpof0TO3KlZ8
Ubbes Bageri AB,ChIJoRhNoNXcW0YR0-JezkevyoQ
Lanemo Konditori & Bageri AB,ChIJhdJoqjlvWUYRtJc5Upt0CEc
Salthamn Wildfood Café & Restaurang,ChIJ5fiwoOir90YR_ZSXQTqOuTA
Mocca deli Norrköping,ChIJg6u3w3M7WUYRhyZYaF-AG0w
OKQ8,ChIJOyWzOCnDW0YRIp3-9kcO758
Ubbes Konditori & Bistro,ChIJ8SjuF9HcW0YRvud0q2vioZI
Glokala haket Kafé & Bistro,ChIJD76UcMo7WUYRq5r7w1IlYqg
Ekö Gård - Gårdsbutik och Trädgårdscafé,ChIJi5CX68jpWEYRosr8ZxCZADU
Simons Rosteri & Bageri,ChIJpV38tiRvWUYRy2bh4ofG5X0
Kockens - Frukost och Lunchrestaurang Norrköping,ChIJuwzDejE6WUYRwoBvtlFaZ9Q
Glassmagasinet,ChIJt1UjiSmv90YRoD2Pqt4520I
Stafsäter Gårdsglass,ChIJi8nlBTlyWUYR0jXma9wtotw
Röks Lanthandel,ChIJ3QjEmmDMW0YRhioI31XRcsE
Strandvägens Pensionat,ChIJVzJNu8-j90YRSIRIeKtbHjI
Dahlbergs Café,ChIJ9Z6lZWpvWUYRhlUuhZJ9bWo
Espresso House Linköping Central,ChIJ41g8pC9vWUYRftyfaozU1yQ
Sannes Coffee & Bistro,ChIJu0bP9KxoWUYR0jqBt3Fz0Gg
Min Söta Värld Konditori,ChIJQVF_EiHdW0YR1xMxVbVCbOE
Tinas Cafe’ å Sånt,ChIJg4zjy7Q7WUYRwdjoGnBcpn0
Brödernas Kök & Café,ChIJhRvx17I7WUYRKypA3RT7kiM
PLOQ,ChIJMcsxKQlrWUYRsISKg0AtdUU
"Café Tannefors slussar ""Slusscafét""",ChIJXWUNWd1uWUYReXI80x87TwE
Oui Albacken,ChIJWcJqDkzWW0YRtHeaHZHpZ1o
Café Belvederen,ChIJAbfviDBpWUYRqDelaCx7V8g
Nyfiket Mjölby,ChIJq8UgBl_WW0YRunCbNAyW4ck
Mallboden Café & Vandrarhem,ChIJm8nIEyLdW0YRDYbYgHb9eDc
Espresso House,ChIJv0xEscqcU0YRUdWulsUblJM
Kaffa,ChIJyYNAbTBsWUYRuoBLW6H2fT4
Kafé Myran,ChIJ7f2cCWBvWUYRhla7ZOwg-5k
Waynes Coffee,ChIJ3XvYjINvWUYRndFCBeegSKk
Crepino,ChIJu8wFt29vWUYR3zeeXZ8u1Ek
Ekenäs Slottscafé,ChIJQzllvckTWUYROS9Ha_fyazU
Brådtom sluss Café,ChIJY-6ZVwM_WUYRFu8YT7tlo2c
Kafé Tassen,ChIJpxQ3CC87WUYRzhOw-uVLxL8
Handelsboden i Bjäsäter (Stängt tillsvidare för reparation),ChIJudjqzhpdWUYRrJ7bzLmyh0w
Beans in Cup Linköping,ChIJ3ZyAcstoWUYRYzpYrNtK0mc
Simons Coffee Roasters,ChIJjXSUhdZvWUYR0QilKZjZzRc
Rosteriet Vadstena I Kaffebar I Café I Coffee rostery | Fika,ChIJAbeLwZ7FW0YRfMdHK9cAI7c
Kakelmässan i Örebro AB,ChIJy0AlTcTcW0YRpDI6yAZWCcE
Stensätt i Linköping AB,ChIJiZmVCspoWUYRVXQWalZhh-s
Kakelcentrum i Linköping AB,ChIJ68DQNNluWUYRACBYSAKr4hY
Kaminexperten Norrköping,ChIJj_vth647WUYRxyuHLp7SeiU
Fight Center Linköping,ChIJW7pMUiNvWUYRjFsaByQR25I
Mjölby Bjj TMW,ChIJae-wPVjWW0YRCxYUtuOzi9Y
Aktivitetshuset Taekwondo Linköping,ChIJrQFbBFppWUYR1FlyhioXsmw
Linköpings Budoklubb,ChIJIQgKfWBvWUYRiWGTfYDS3v8
Arete BJJ,ChIJP2F9ZIpvWUYRI9xZhOI86m8
Norrköpings Aikidoklubb,ChIJOwi-NMI5WUYR8JKli56WKi0
Golden Fight Club,ChIJ7xMIctdvWUYRIjJ0ffP3fVY
Linköping Judo,ChIJ0a0_xidvWUYRlxRbcUn6Vb8
Rejmyre Kanotbas,ChIJqzGHbyNNWUYRiHXv1TQhw9c
Outdoortime Brunneby,ChIJzRRs-JLfW0YRrn3aWOyd4cw
KAYAKOMAT Yxningens Camping,ChIJBytCaRzjWEYRQf3i_WCgF2E
Ostkustenkajak,ChIJcf7_6FbtWEYRFDGkcbUZiaQ
Vätternkajak,ChIJ3Rnl--fCW0YRhlVTWkM4NmE
Nomado,ChIJf-HeAJQ6WUYRxLfLuiBZOMo
Kayakstore,ChIJQxPCAzBvWUYRVG21GJKrDP8
IF Seishin Kyokushin Karate,ChIJ8V2Q5GlvWUYRvhWy0M8RBi4
Kenpo Självförsvarsstudio,ChIJczktrko6WUYRjZeGEGA5pH8
MOTALAKLOSTER GRÅBRÖDERNA,ChIJ3yt_u9ncW0YRHNnSdErf7ho
Sankt Nikolai katolska församling,ChIJP5zPwDpvWUYRFKbecDE3wX0
Brunnstorptails,ChIJ239I8iNhWUYRMj1E9O4e4oQ
Ombergs lilla Katthotell,ChIJj0-j-OjLW0YRS7MDO6AenFI
Candor Sweden AB,ChIJVwPn8jg6WUYRUYHTYzigS3I
Kempartner,ChIJtS4Zf3LFW0YRtcV3w_nJkrc
A-Kemtvätten Motala,ChIJ3fbaOdrcW0YRvmQvhIhs5Fw
ELOFINS,ChIJHRWZhBVCWEYRpMrx72xb5dc
Biraths Färgmakeri AB & Lerboden,ChIJVdX6FB6p90YRShxR1sx0C2g
JennieStyle,ChIJZ8rA4H1PWUYREVwyGdMEbHY
Hjortslunds Stengods,ChIJT3T4sI2iWUYRCbLmTFks_kU
Keramikstudion Linköping,ChIJR9yv1CxvWUYR6CUIcMB40mA
Annas Keramik,ChIJj653UkTVWEYRNd08NkevZ2s
Studio Verkstan Kuseboholm,ChIJnSNRn-hzWUYR68AxmQWWneI
Golfrestaurang Peking,ChIJp-rNP3dPWUYROHgn-QpAF80
Gamla Wok,ChIJ3ThKIZVtWkYRCY7wKKvqHcU
Restaurang NiHao,ChIJ46Wd8S9vWUYRS0W2peWkxgA
Ming Express - City,ChIJaXUkbyZvWUYR29VwCNtakyc
Berga Sushi - Sushi Linköping,ChIJAY8BmuVuWUYR3ZksohbE6aw
Glasskiosk GelatoHouse,ChIJ0fpZJyRvWUYROcpwsvLe4Is
Ydrefors Camping,ChIJScrMAZC_WUYR9N2FzJB8cEs
Kiropraxis,ChIJhSxlGKBvWUYR1ZHS38WIUWQ
Praxis Naprapati och Friskvård AB,ChIJdy7Q0TpvWUYR7S79NFiTSyc
Curandi AB,ChIJ5wxz5LSo90YRePteDfTAyUI
Kiropraktorkliniken Motala AB,ChIJYSgL2NPcW0YRi4xCaWSaYtM
Kiropraktorhuset i Linköping |,ChIJB2NH0SVvWUYRKDhSqc8t4Dc
Kiropraktorakuten i Linköping - Legitimerad Kiropraktor Peter Mellqvist,ChIJZdZ3lyRvWUYRVobZHgtIVGY
Kiropraktor Michael Eklund AB,ChIJyYE3ZCRvWUYR6r0JjUuFzco
Kiropraktor Mattias Ekström Linköping,ChIJZ3cVkxVvWUYRGE7AzPDbKmU
Leg. Kiropraktor Johanna Bjurulf AB,ChIJvYwKP4cpWkYRwhRU6yGnjws
HälsoGalleriet - Legitimerad Kiropraktor,ChIJZ2iSsCVvWUYRO9aem1ejIaQ
Naprapat Service AB,ChIJAxn76XtvWUYRsPaVfVZ06g4
Nordiskt Centrum för Kirurgi,ChIJp2b01CNvWUYR1nRZBZLWxyE
Linköping Käkkirurgiska Centrum AB,ChIJ26zoPgZvWUYRzEfRWPDT0D0
Casells Begravningsbyrå AB,ChIJbQO0W17WW0YR4j9NjkcvfWI
TeamOlmed AB Motala,ChIJsVQXS9XcW0YRFqyzOD6EpkM
Hamstein AB,ChIJB1zSzuXB0ooRAOHu-xedWG4
IBEX Medical Group AB,ChIJbd9pb1M7WUYRScXMWpkPzjw
"Linköpings Klätterklubb, LKK",ChIJs9_5IItlWUYR6iwc8z2j39g
Klockkungarna Sverige AB,ChIJZ3cVkxVvWUYRc3ygy2M4a8E
KLOCKMASTER GLOBEN,ChIJK64AkSZ4X0YRLa6bq9JbEcI
Becks Urhandel,ChIJBY9pN7M7WUYRjVo3ydPnYMY
Ur & Penn,ChIJAYMma9HcW0YRYnebNZFtsk0
Fogels Ur,ChIJ7bE4juoxWUYRH34A0t7z33U
Linköpings kloster,ChIJn_4j1DpvWUYRDvNLJ6a-5Pw
Lions Club Vreta Kloster,ChIJI6pR6TVnWUYRWePeOPyW-F4
Waldemarsviks if,ChIJtcyXyCvlWEYRGcourTs9hOQ
Mjölby Södra IF,ChIJh2LZ-F3WW0YR89PsG4ZHYM4
Motala Aif Fk,ChIJOQiaKNncW0YRyk354c-2ZK4
Hjulsbro IK,ChIJOZiCPTBsWUYR3-J0PzD6QYg
Little Brother Kevin,ChIJf8Rr3k5vWUYRLkb1ZOqcdc0
Henrik Karlsson,ChIJAQAAAEBJWUYRJkzP9jNGI_0
Assyriska IF,ChIJ3UwuwqY7WUYRVKJdwsExClg
Tjalve Orienteringsklubb,ChIJP0VLe6M7WUYR_tiKliyPkGk
Stockholm Smakligt,ChIJeQD2uBt4X0YRCvP-FNAMpps
Mjölby Pistolklubb,ChIJicmc92rWW0YR1cUTQoHbe9s
KappAhl,ChIJd1xziF_WW0YR7Jpqs-14qLU
Royal,ChIJVVVVgp5PWUYRRGmNteUN4Mk
Klädhuset,ChIJOYNXBmsBWUYR-04du_WAF6g
Sandströms Modehus,ChIJRZi3lDWjWUYR6CMgUzB0jWk
Figurina,ChIJG5JJdV_WW0YR5DBdjZ_hDa4
UniCrew,ChIJy2fOIW9vWUYRffrsx5ZbmkI
Festyran i Linköping,ChIJdRSgtitsWUYRezkRltu908c
Stig Ek AB,ChIJaYRa-RVvWUYRW_qgCEsn1AQ
Gräs Style LKPG AB,ChIJJaoW6CRvWUYRIM-NTcsToWo
ESPRIT Linköping,ChIJJaoW6CRvWUYRox1WmpZQEKk
Sea Avenue,ChIJ9Yu-9q0jWUYRse-nXfiYSX0
Borensbergs Herrekipering,ChIJmVNMpXjgW0YRKHRT_HSYYW4
JH Store,ChIJBdVJ6vZvWUYRVb4NZzEpkjA
Johnells,ChIJy3uHQrM7WUYRCnBhmIqFI2M
Scandinavian Models i Linköping AB,ChIJRdOdjSRvWUYR6NqqvZDUX0c
Jeans Fabriken Linköping,ChIJEdIN5JNpWUYR6XWUJqLEhaU
Cubus,ChIJ4TP7HSRvWUYRVk2YqC5PGFI
Lilla Hus Collection,ChIJM-GA5oUxWkYRFjYbALTzz10
Pagelle Linköping,ChIJ8a9aMiRvWUYRvQMvsn3aKbA
Rabalder Linköping,ChIJiRMVjCRvWUYRjUQrlsyraKw
Newhouse,ChIJU89UYSRvWUYRtAbolGNZRkA
La Stampa AB,ChIJh3lyVEs6WUYRoFWsbooZORA
Cecil Street one,ChIJCzbpiaxoWUYRlpL66m9bEVk
WAYA Sweden,ChIJO3bTcaM7WUYRQpdSXeD5dEE
Telådan,ChIJVVVKWU96X0YRtrQkGQAe7As
MIX OF BRANDS,ChIJ50LVTGYnWkYREk-7gXs_gxo
STORTMODE.se,ChIJsxX0McxHWkYRvPB7BwyWmL4
Norén o Englund,ChIJJ5ybxyVvWUYRXwrJ9QzyQVU
Carlings,ChIJu0bP9KxoWUYRMaMDD988d08
GANT Linköping,ChIJt_5uwiRvWUYRngHWSyYd69c
Handelsboden Skinn- & MC-kläder Linköping,ChIJcxicaNZuWUYRRzhfFNA5mNw
Sportif Unlimited,ChIJI0RkvyRvWUYRJgpc9WUgkOc
BJ's Mode AB,ChIJ38gwuCVvWUYR55jL1k2mv7M
SåiniNordeN Västervik,ChIJ61CFPT5DWEYRwyQ5MjqlHbU
Sportshopen Linköping,ChIJA37PrphpWUYRzr-D1Y9aRdc
SverigeProfil AB,ChIJlY2gIEsiWUYRG5VA64zeTgo
Prima4You,ChIJm78ysFttWUYR4C7Fa15nLB4
GALA bal och fest,ChIJf_uiihxvWUYRyINTkn92LBs
Klätterhallen i Norrköping AB,ChIJhRvx17I7WUYRpGoNLqXC2DQ
Klättersilon,ChIJfw7vxCmv90YR-Lu2a25Ej3s
Linköpings resecentrum,ChIJJR1sCC9vWUYRZGTJoaj_VYk
Kaptensbostaden,ChIJ5bmcVJ19WUYRe1TYiE5XKGY
Linköpings Naturcentrum (i Trädgårdsföreningen),ChIJRYiy8iJvWUYRklTMGm_Bmbc
Jurslaskolan,ChIJlVpscE83WUYRpf7kOlL612w
Boxholms kommun,ChIJs2Lm2N4qWkYRmX2YOvh-ISg
Landerholms Konditori,ChIJb-XeMdA7WUYR1UP9FXXOP6c
Coop cafe,ChIJuVRHH_JPWUYRjGS8nT47pXQ
Petra's Cake,ChIJh4GTMdlvWUYR7keg6Qvcyw8
Ett kilo socker,ChIJXWt3-6DdW0YR4tIXFwP3O-E
DOSPACE Nova Konferens,ChIJ8RnH37lvWUYRRLvtRx8eJGM
ALFABETET,ChIJBTSLpvZvWUYR2KiNYq0vfeM
Renströmmen,ChIJVVVVhUk6WUYRhc4wWc_tPbk
Arbetets museum Konferens,ChIJW-Hf6l07WUYRnrrlIXTKH0E
"Nice Office – Kontorshotell i Ekholmen, Linköping",ChIJAQCwN5BuWUYR75_OWoba0p8
"Gryts Varv Restaurang, Hotell & Konferens",ChIJNSyP3RnyWEYRAhdopE3yRoo
"Nyköpingshus Konferens, Festvåning, Restaurang & Catering",ChIJAQBwsW8tX0YRvBO8FKtUufE
Linköping Konsert & Kongress,ChIJ-cL09zpvWUYRsdGwnoZT01U
Ralingsåsgården,ChIJ7S64yA8fWkYRa7IEAm7uKP8
Gästisparken,ChIJS_2Hvl_WW0YR6LZiuYCh4D0
Lokverkstan,ChIJn7cybpPdW0YRhxrNEqPQJ7A
Diggiloo - Linköping,ChIJdRnH-zRvWUYRFDut9_lkWQU
Musikföreningen Crescendo,ChIJ7Zr2zbQ7WUYRXtFUG96fWsg
Plan B,ChIJT4Gc6ncoWkYRxVIQPxlBQR4
Slätmons konsertkapell,ChIJTfUrl1ifWUYR-ssnFEeQg0Y
Arbis Norrköping,ChIJJ1Zk2so7WUYR-DIWYn--fK4
Norrköpings Symfoniorkester,ChIJLfy6wbQ7WUYRe5JLaGtVD1Y
Vikkys Konst,ChIJUb-UfSNvWUYRsRQWFniq1Eo
Ateljé ÅkerlundKonst,ChIJ7ex-MwBPWUYR8T0r_R-1huA
Ateljé Tjustgård,ChIJzT6nqm5tWUYR9f3mlf8c-aU
Ornamentia / Elin Juberg,ChIJpzY5R3DFW0YRsBWkRWw1JPI
Torpa Café & Galleri,ChIJYcM9q6GPWUYR_MDUwL_WCZA
Verkstad konsthall,ChIJiX_on8o7WUYRmNWLfjesBjY
Sugarbox Ystad (Ystads sockersilo),ChIJ_9FiBGJ9VEYRWoNyrMsEVmA
Kulturenheten Region Gotland,ChIJma2R-cTRfU8R2U56nQIvVdw
Galleri Vreta kloster,ChIJR9oyI_5mWUYR4DSahqeuFn8
Vadstena Konstgalleri,ChIJxaFkWKDFW0YRCJVssurxvC4
Penseln och Järnet,ChIJ-_Pd7d7FW0YRI7w_wrw09Dg
Emilia Linderholm,ChIJAQBcJSVvWUYRc8Gd7Zzglc0
Galleri Sander,ChIJIYlIfsBvWUYRYj__x3k5esA
Galleri R AB,ChIJZ2iSsCVvWUYRwz8hYKKqIKc
KROGEN AMERIKA,ChIJ-7SrsSRvWUYRlRJA_EJbvCc
NP 33 Konst & Design AB,ChIJs4z07U86WUYRuwd2FvTNZ74
Galleri Li,ChIJK0OLtuEVWUYRW_vMrBTPsnU
Galleri Rådhuset / blandArt,ChIJoz2spxkjWUYRXJ_q0CJokbQ
Galleri Hassel,ChIJwfbJ7YEjWUYRkMsUre78K30
Björkfors Arthouse,ChIJy8CHquKlWUYRQwL-q61CPSw
Norrköpings Konstforum,ChIJx3PSX0k6WUYReSIuh024YUU
Ateljé Kickie,ChIJhXlxp6fFW0YRJELzOLoc6nE
Viggo Carlsen,ChIJDy1OIuMxWkYR_ZZocJXmSmQ
Galleri Sofdforty,ChIJ85gWiUE7WUYRlaZN85LUWM4
Galleri Snickerboa,ChIJK1TvXW6pWUYRJ3lo-HCIB7I
Ruth Fomin Persson,ChIJn35GKd4V90YR_6Nx_MWYhP4
Galleri P,ChIJXU9PuMRvWUYRdDSWMY2sWEU
Galleri Melefors,ChIJeZiMLyVvWUYREOX5DTEkX-U
Konstuppdrag,ChIJZ6aC7mcFICgR0xVMpZEiv_o
Norrköpings Konstmuseum,ChIJG06eJrI7WUYRJRVgMHinOdo
Döderhultar- & Sjöfartsmuseet,ChIJaUhNsqT1V0YRmVJakYL_7cE
HansBilder i Motala,ChIJ0TfTwNncW0YRm4Cj80GSYxM
Elin Palmgren Design,ChIJdy77M-hvWUYRFjkURy4VY_c
Martijn van den Bosch,ChIJiUNcvdhuWUYRvQKx-OamDyM
Jens Tärning,ChIJfehzLrU7WUYRj89K-4tW13s
Liselott Grenblad,ChIJ_TFcCyE7WUYRyY7Uay9vSuk
Mosebacke Horse Sculptures,ChIJY7iJLO9pWUYRcTv9-n6ffd8
Eva Olsson,ChIJq6q6hoA5WUYRoYCHXjBN4Q0
Konstnär Carin Lundblad,ChIJ3eBBqJnFW0YREahqhoG76wg
Ateljé Christine Friman,ChIJY59SNKPFW0YRzy1Br5k34S4
Marjaterttu.Art,ChIJv9BX2K9lWUYRindForCnGNg
Game assets,ChIJYauaGBY7WUYRtDJ8EJxGYUo
Karin Almlöf Förlag AB,ChIJFUzF-_2fWUYRgRybsnlsFKc
Aqua Sand Art,ChIJF1a4wrq9X0YRUhqpN4mHdd0
Siona Morgan,ChIJs0on9pxvWUYRgsQ-AMOAzUA
Stina Opitz,ChIJ3-Ap_wdvWUYRbLmI5NP5lyM
Art See Ocean Gallery,ChIJ-10cdc5JX0YR-Peeo6cIRwI
Hanna Grahm - sång & konst,ChIJ55wcTQlRqa4Rx6m1eo__PLQ
Töörn the Page / Toorn the Page,ChIJv4KzFsaX9agRQqjK07wTSfQ
Sahar Burhan,ChIJUQjHxovnao0R3U8VSlqLdXU
Nomadic Culture & Craft (NOMAD),ChIJnYirqD76jWcRISU8dnee0wE
Nada Tendzeric,ChIJdyZp-OvHW0YR3B4Khd_TYLw
MGN Art,ChIJzVYda8ttWUYRu_3QeN7Wncc
Cria Nordic AB,ChIJb4OUuyBpWUYRzy9ZXDJ-P9Y
Aqua Education,ChIJTRlFcFQ6WUYRGQMAyeRB9uU
AURUM Fastighetsutveckling AB,ChIJg-NAajRvWUYRgcnf5QbVZxc
LGN Construction AB,ChIJhdMv2inDW0YRnRO3VAtoep4
Entiros AB,ChIJc2IAb8NvWUYRKR0Qz6hcBcs
Näringslivscentrum i Åtvidaberg AB,ChIJVVVVVVoPWUYRqIUj-a9dknA
Post Lean Production AB,ChIJnUEqI0PWW0YRUeMRAIg6SuE
Netgain,ChIJNYRvN7U7WUYRKuHRtjkzCbw
Peak of Mind,ChIJFflLfv9vWUYRYPVoEwAzx9o
Elbro Teknik AB,ChIJaVRiYt8qWkYRqgVvUq_ir0w
picmore,ChIJ1xVbueZPWUYRZ2Shk1MGJxw
JL Wallenberg AB,ChIJV8ZMLEqjWUYRhQDWmPX8T48
Urban Laurin AB,ChIJWdLlkRKjWUYRd4xgQEAgX68
XLENT Öst AB,ChIJ_Yf-eCZvWUYRnBP3OpTunmU
Simon Gavelin,ChIJMWtq371nWUYRixl1u9iVeLQ
JT Svetskontroll,ChIJwama6O3XW0YRJxiIDW8hwbg
ProjPartner Norrköping,ChIJsbeVd8I7WUYRFtENS7bpEt0
OMT AB,ChIJq-e6xEw6WUYRkdnyJN4PW6w
AB Miljö & Processteknik i Motala M&P,ChIJAQAAAKNuWUYRpGCh8xOZ1g0
Spetsa AB,ChIJRQXOC3xvWUYRgbmJNTuwwvM
Rickard Wilhelmsson Corporate Finance,ChIJsx3jU4VtWUYRT13ghuZ0mxU
SysPartner Consulting AB,ChIJRQXOC3xvWUYR95HvN3IKvtE
Syntrans AB,ChIJzy7k-npvWUYR9PJ1Gr1eomI
Digrad AB,ChIJS8SOjRVvWUYRZ4dcM_Xgn7A
GreeNest Form AB,ChIJ1QvVqvk1WkYRvzPXKo4yUPE
Undervisning och IKT,ChIJWxgminM3WUYR1ISsZhlaBAc
Nyströms Besiktning AB,ChIJmb0yYbDZWEYRHw_4rjnWEWs
CC Young & Co Sverige AB,ChIJo7hDeppvWUYRSnOqPY_i-Ng
Bolagsgruppen,ChIJwWGLhr07WUYRLFElK2nA_bQ
Consid,ChIJhSF7mco7WUYRDZMSJl4N3fo
Cr 4 You Ab,ChIJVVVxaLE7WUYRBqUvXWVpE0c
Brandkonsulten AB,ChIJ3ZHH1kk7WUYRKR2Go67FAqI
Curonova Consulting AB,ChIJ803SsWk7WUYRt552r29LAPQ
J2BD Consulting AB,ChIJ9-X8V005WUYRXq43ih5rWLk
Frontit Norrköping AB,ChIJv-fNa0s6WUYRH08umajEsjU
Trim Tab AB Norrköping,ChIJB-M4VDk7WUYRYZjj9YfRknQ
Karlsson Net Förvaltning AB,ChIJtQgEWCTdW0YRal4_mHV1WR4
ALTEN Sverige,ChIJc-NKmntvWUYR7ISNzZSVBKk
HR Group Agency,ChIJpbsXkbQ7WUYRSqzAmaMW6_A
Ewen Miljökonsult,ChIJUczJVAxwZ0YRx16SyuuBKFU
Colligio AB,ChIJlVku9zU6WUYRISq1dl4W7NY
Tyréns Sverige AB,ChIJq_sXNLU7WUYRiqRuwBVx_Is
Projkon Sverige AB,ChIJs4deeT87WUYRtzcAzrnUydI
Litoralis Natur Ab,ChIJ8RUK-BA7WUYR80j9Fu0Ne7M
Orgren Consulting AB,ChIJq6qqqrpjWUYRMUJxq2v1Keo
AB Bertilsson & Co,ChIJj_Gsfx99WUYRX3S5oYm1Pk4
Marknadslyftet i Sverige,ChIJeV42MLZlWUYRnuf9rXA7hHk
Layer AB,ChIJL8Rbb8JvWUYRnFBJiWv7gjw
Energibolaget Fastighetskontroll Sverige AB,ChIJbxOT4bRvWUYR3Cx8XsI9_fE
Labatus AB,ChIJCeRTrn5vWUYROBsw6UlJaWw
QinetiQ Sweden AB,ChIJVVVVVbxlWUYR7-BlPmEqgJU
A Society AB,ChIJVVVFCXxvWUYRuHrn_DHrMcY
Catigo Analytics,ChIJTxjjCyFvWUYRZ43_z0wFY88
Sigma AB,ChIJyzWlcQdvWUYRptn7Ckpf-_c
M3CS Linköping,ChIJ9VXWK_pvWUYRRCE1uwE9ktw
Combitech,ChIJJSHT8nlvWUYRnxWJhwsRwuY
B3 Reach Consulting AB,ChIJf2PmwX9vWUYRmX8Y-ZYOPVQ
Livsmedelskonsulterna Öst AB,ChIJG37wi0k3WUYRBp2HnejrL-s
Investkonsult Sweden AB,ChIJXbckaUs6WUYRZvy7nqCyJ3Y
Agero Revision AB,ChIJvwHx5xw7WUYRbtXV_HdgvtA
Hire IT,ChIJLcvDOLE7WUYRc_qqgKT0VkM
R-Contracting AB,ChIJi7JD5aU3WUYR1P99dsKAYnU
Scarli AB,ChIJGbCuaDEPWUYRxFe4fmE33Xc
Hvidagården Konsult AB,ChIJAQAAAEAIWUYRxCYFEcCn_CQ
apm utveckling ab,ChIJkVmyss8nWkYRyuQwE0j22CY
Myréns VA Consulting,ChIJbXRTHK_LWUYRJbCF4cMDcfE
bluemint AB,ChIJw7idSzwpWkYR_4W-RzBq4yY
OAK,ChIJK1oQpfLJWUYRgrOCeNA-53I
Marter Ab,ChIJ7ysWw28oWkYRVArzLrNNI3w
Insikt & Strategi Sverige ab,ChIJu4JqG7xvWUYRKBm_eyjHU9Y
Åhlenius Strateger AB,ChIJoY8LeStxZ0YRgLSS3N67Kzo
Mpya Finance,ChIJ52WqOitvWUYRTEaoXHvNZfQ
Erian Engineering AB,ChIJQzo3ZyxvWUYRdtq5sSCEPQA
SGNL Konsult AB,ChIJGd_n9Wk7WUYRx7aCcKXxFN0
Calambio Engineering AB,ChIJVVWlVC5vWUYRCZaQMFguh2Y
Syntronic AB,ChIJmeWi4ntvWUYRVh2QiyniZiA
Redovisningsbyrå 4U I Sverige AB,ChIJq6rarrM7WUYR50Pya5M3BgI
FononiGroup,ChIJaw9DrhFvWUYRIp0GKFTSWSk
Arbetshälsa i Sverige AB,ChIJDcUcSjpvWUYR4RXBWyDMMJw
Informique AB (informiQ),ChIJAzAF0wJvWUYRKkNsMUf1Jg0
ekoPerspektiv,ChIJAQAsHtPcW0YRvWauA10GZvs
KemRisk Sweden AB,ChIJRQXOC3xvWUYRT9eNmJzk7Bs
Standardmekano Försäljnings AB,ChIJFY75Jji8X0YR5Ft-BNTXyd8
Sollie Elkonstruktion AB,ChIJ1XLADr9xWUYREjq_75WrFQU
Bengt Dahlgren Linköping AB,ChIJz6lCeixvWUYRzfp3uLZm2rs
advisory.se,ChIJxbB2zilsWUYRtzDtrENwioM
Svenstedts Installationsledning AB,ChIJzbBuOrjfW0YRdZdkMlW0ecM
"Gunnel Ryner - Beteendevetare, föreläsare & författare - Ryner Consulting AB",ChIJ472qK_3VGw4RQD5uYp0VRnw
Mitta AB,ChIJPfKUetLcW0YROKnXDIlxo6s
VisionL Kvalitetspartner AB,ChIJq_sXNLU7WUYRdLkcdQZexYw
Qim Ab,ChIJH1mEptE7WUYRGapsp_Kef5o
Qean Linköping Ab,ChIJ2Yoa9yRvWUYRDZXLfIAWjNw
Ework Scandinavia AB,ChIJC7-jhSZvWUYRiPfKh7yJm_o
Missing Bit AB,ChIJPXNbw_BoWUYR4UUJQeYHFf4
Omsorgsjuristerna Norden AB,ChIJq6qqpiFvWUYR3cLtXRITB_k
Energideklarera,ChIJVz8giUZvWUYRKdEjBAN0iBc
Redovisningshuset i Linköping AB,ChIJo-ywNhpvWUYR0GoKz55VUa4
amaceit,ChIJLSa1jw1vWUYR4F7V6eBh7Es
VVS Support Johan Svensson AB,ChIJMfZPfTzDW0YR7W40pmlgiiw
Litz Konsult AB,ChIJVVXl-co7WUYR4VHo6apGaOM
Aditro AB,ChIJAQAAAFM6WUYRNvKvks5Xdac
PA bildning,ChIJObbir1eOHSoRZ-5psDnRrPE
Magnus Thor Photography,ChIJo9B_ZGNvWUYRQs7SlKIG0Sk
Combine,ChIJn8O2fP5vWUYRToOs72GWM1A
Zilverband,ChIJf5nuRy5vWUYR5nhSyp2kZaQ
Alfa Production,ChIJgQ9K1cOx6UMRtQ3Vkg-WFX4
Danell Konsult AB,ChIJrWmv3lxlf0YRpsTgFC8CUf8
Kvadrat Linköping,ChIJ9YfuOyRvWUYRUiHw800AVqU
Saga Aqua,ChIJcQxLC-1nWUYRFD2lpHhKWKI
Tingcon AB,ChIJsaqa4qFuWUYRBCo6TofRpUk
Semcon,ChIJVXJW7ntvWUYR0Yt55x1yzdY
Sententia Rekrytering & Konsult AB,ChIJPbTCbdxuWUYR09M2K6ZRtd0
Dsolution Östergötland AB,ChIJQXGEadZuWUYRenIiOUY2Qrk
Projektteknik Ljus,ChIJPw2ZZ79vWUYRMoIrwuPUUNQ
Awenkon AB,ChIJWwFgZ2pCWEYRvXbnyPpXxhg
M Sörensen Consulting AB,ChIJZSDuLmInWkYRQi844jesbjQ
nVisage AB,ChIJVT29id2eqEsRAZDlo2XmZ3k
Webhelp Sweden AB Norrköping,ChIJ05n5Y8o7WUYRO5cLumMUZl4
TPR Byggkonsult AB,ChIJ-ZFT8jZvWUYRYVmzvEqrDak
Hifab AB,ChIJ_4TI1JVtWkYRT9RmstD07wE
Experis Norrköping,ChIJdWwRDbM7WUYRhsPuktOnZA4
Säljassistent Norden AB,ChIJSdH2zRsrWkYR4vYI3BQUA7Y
VägSjäl,ChIJc2kyu446WUYRrw8UtUmaf34
Sharpman Engineering AB,ChIJhwfzWEHRW0YR-rasZA_4mn8
Björk HR Partner,ChIJv6QnlTVvWUYRqvcb1oPISxE
Prek AB,ChIJW7JA2i9vWUYRl4tgpJuudb8
Meritmind AB Linköping,ChIJq6qqqrVoWUYRyIJXbG3VwBY
DAZOQ AB,ChIJL_H-eOdvWUYRGUHM5az7AUY
Ignitic AB,ChIJawuv4xO9aE4RavmnlwQipPw
Softmoo,ChIJZWPHTBxvWUYRwdoTVvKwxNk
Frontality,ChIJ749sZWnxqIERr8NnEFxmf2U
Grid Partner Sverige AB,ChIJZZoaUZITPEkR52bER1qSkBQ
Peaking AB,ChIJf1___qhpWUYRPUC0aJX_sHI
PoC Development,ChIJe0pyr-U0kCYR8QHfIvhOTco
Arbetsmiljöingenjören / Arbing AB,ChIJt8qu67QjWUYRPbOnGfUON2I
Gson Konsult AB,ChIJadmTSeBvWUYREz-zDb14t4s
Kvalito,ChIJWetf4KFvWUYRxI90yNEFJX4
Wiot AB,ChIJlasteeE7WUYR8-RGn0pdrbk
Force Agile Sweden AB,ChIJkZ51eQGJO6ER_gjnCYNKcM4
Ictech East,ChIJd43DKwtiVkMR6v2e1lx_zdQ
Punkta Mango,ChIJZQTyDD4-MWoRGv4woL4M90o
Enabling Growth AB,ChIJ3zdT9coDxUgR7q6ntrG2H0o
PWELT,ChIJlf0CGLyQYw4RHxyC4e4qgB4
Oteria AB,ChIJu5Ybr4GDfG0RmSoGWzSIgPI
Gossa AB,ChIJb0Ve4zGjj6oRCZobu-pa0PQ
Auki,ChIJ0T0QjNi7awIRMvnhCMMTofU
Fredrik Lack AB,ChIJAzL23B54X0YRca9CeJh_Pbo
Yrkestrafiktillstånd,ChIJkYpSOqxkC0kRokYAneFXsAk
Karin Jordås AB,ChIJUfLFs6F3X0YR1Fzi14Qr2to
Fastikonsult AB,ChIJmaY1k-NmgU8RaKKmxnUKAK4
X-CIM AB,ChIJ5VJXxR9RPG0RgWouvtfjdrI
BIEN International AB,ChIJ7ymOKl-MZiER1Qo6Mt8dzpA
Azend Development AB,ChIJVVVVsUw6WUYRdQD6fp5Iq_A
Crearum AB,ChIJ5bFcSS5vWUYRnSJp9GUvdzM
The Office,ChIJKYL45iRvWUYRPQe7_18Lijs
SISOURCE AB hus 450,ChIJ2ZhF1MZuWUYRpCJKquOCc4I
CoOperate Coffice,ChIJcfWN01UjWUYRnDbZUWZDz2Q
Goto 10 Linköping,ChIJXdZyhyNvWUYRTleimKmROJY
Kontorab AB,ChIJxQcFLkojWUYRcQEiVO_F8ss
Cash Protect i Norrköping,ChIJ-_28SQE7WUYRBMZ3JsHyKLg
Östermalms Papper & Kontor AB,ChIJpaf-M5xPWUYRzi3DgM-vEyU
Skolaochhobby.se,ChIJFXOpCNQE9Q0RpEDxdMR_-z8
Rune Tigerstad AB,ChIJOS8ztklvWUYRsRv_GKqEQG0
Kontorsgrossen,ChIJa0C52UlpWUYREzGum-ELLTU
AllOffice Nyköping,ChIJ43uXKGUtX0YRqceC6qUSFMw
Pilot Nordic AB,ChIJrUILvcSCX0YRjGj3uK0v9w4
Office Copy Center i Östergötland AB,ChIJj8Up7yRvWUYRC6JsEnnQz8M
Byggritningar AB,ChIJqwTJSynDW0YRtpFMtXDVZxc
Korvolle Ystad,ChIJU_VvRvB9VEYRS5R7rqc5Cro
Grön Lycka Cosmetics AB,ChIJ_bWaT8tuWkYRLytAS5sRyj4
Spa Computing AB,ChIJ489AABBnWUYRwMRHYciAceQ
P.C Mobilkranar,ChIJ99SxhYNpWUYR3w-VmfwG_pQ
Limmerhults Gård,ChIJZVZ4ItDMiW4RUcg6W0fgfuc
Konecranes AB,ChIJuQtD2xw7WUYRHemOzPVMGBU
Swisslog Technology Center Sweden AB,ChIJc-K3xB4rWkYRBx8xfzhhb5w
Vätternkyrkan,ChIJofUCfaDFW0YRgrlWeT792Jc
Kisa Frikyrkoförsamling,ChIJgdoJwZaiWUYRFul-5ybssgk
Pingstkyrkan Motala,ChIJDxUjIdHcW0YRzMQxu-7YLMY
Ydre Kulturcentrum,ChIJj3i4Qy-TWUYRhk78zmYJ8U4
Pilgrimscentrum,ChIJfxo5uqDFW0YRn6rz82AdcMs
Folkets Hus i Boxholm,ChIJIYf1HN8qWkYR8R3bP12swB0
K-Ringen,ChIJ33KgTCLdW0YRV6I54l3tb0w
Kulturkvarteret Hallarna,ChIJzQoeCjU6WUYR2B3BbC_fAuo
Italienska kulturinstitutet,ChIJB4GN5bKCX0YRPLc3yrd9lRw
Medevi brunn,ChIJx22rqEPpW0YRsQ085XHHL70
Åse Berglund,ChIJ7bAKJiVvWUYRV7ZYNwvSk14
Alf Winnaess AB,ChIJ3xI7prM7WUYRwZzwWSR_KGM
Orga Kvarn,ChIJaV_Z2s1GWUYRgQMIxdruGA8
Klosterkvarn,ChIJL9wO5KwjWUYRRlHTesPWriw
AB Svensk Kylindustri,ChIJM65OKRp9WUYRb0sTyN4WnZo
Motala Vadstena Kylteknik Ab,ChIJ_aL18jrdW0YRBEkLAdUA7gQ
Klimatinstallationer i Östergötland AB,ChIJcwdVPNcZQq0R-hI7Lzi7BZU
Sbox AB Värme och Kylservice,ChIJVxMzz1-cU6URC0pLkKnJGRc
Svensk Storköksservice AB,ChIJXQrfm4hlWUYR1VOLtPwDRcg
Ringarums kyrka,ChIJ_2YpZ-PhWEYREfF_2PnaMAs
FreeChurch,ChIJAQDcfSZvWUYRaRm0D0X0MH4
"Söderledskyrkan, Norrköping",ChIJJ4uZSsc7WUYR7VcWU_3muPY
Pingstförsamlingen Vikbolandet,ChIJI5-XTJ_ZWEYRGArwZjaOiNk
Equmeniakyrkan Vikingstad,ChIJt9yVSehkWUYRicb0UlPgNBU
Folkungakyrkan,ChIJkReLzxDSW0YRD1nkL45SLmk
Åbylundskyrkan,ChIJk0s7HEo3WUYRIOKE91DeJhA
Johanneskyrkans Församling I Åtvidaberg,ChIJOySeVC4PWUYRJ_lUNSLOoAE
Församlingen Ordet i Ödeshög,ChIJF-Who5Y0WkYRFMpEPvtFX6g
Elimkyrkan,ChIJqTlO8R99WUYRiNHTMdV9CJo
Centrumkyrkan,ChIJ8aWEVdkqWkYRpSFemerneZA
Lifecenter Church Linköping,ChIJ63QVAH5vWUYRyW0-Bp78MfM
Härnakyrkan Ljungsbro,ChIJh_27mFxnWUYRzLqS9pw2QhA
Sonstorps missionskyrka,ChIJ_5aXMJZQWUYRfdZ3NSabzSE
Pingstförsamlingen i Mjölby,ChIJSb2xX1_WW0YR96TiQ0LkNPw
Finspångs Missionsförsamling,ChIJe9xFQ-pPWUYRvmBGrzgrSCY
Johanneskyrkan,ChIJGUwhNCFvWUYRhHhwNbwX-MI
Ryds hemkyrka,ChIJB9uWDuZlWUYRmiQlhOgIqZw
Equmeniakyrkan Motala,ChIJOwsto9ncW0YRSugxvv4MMkU
Motala kyrka,ChIJr9bnm9HcW0YRxFMGpZat2Rg
HAGEBYKYRKAN,ChIJaRmSicA7WUYRnhWM5xMnKdI
Sankta Birgittas katolska församling,ChIJH1-Er0w6WUYR0FRRicmFyBc
Pingstkyrkan i Norrköping,ChIJVVVVhUk6WUYR27_A7ps0xpg
Equmeniakyrkan Rimforsa,ChIJgf25gf6fWUYRTqEFJGznycM
Vånga Missionskyrka,ChIJpSdn_AdEWUYRPSGTre6dJWs
Ekparkskyrkan,ChIJqbSff8KNWUYRftGTur6gvjc
Sanda Kyrka,ChIJlVDyR8qo90YR0D6IF3M8JEc
Ryttargårdskyrkan,ChIJK0TlNhdvWUYR186iyS9VxYQ
Åderbråcksklinikerna Norrköping,ChIJPSdebbk7WUYRGkaCUNnOxWs
"Lidhults kök, Linköping",ChIJlYm6k21vWUYRSXXNgdK1C9I
Kök i Norrköping AB,ChIJnfGIiLA7WUYRDikqpusNr3g
Marbodal - Kök Bad & Förvaring Norrköping,ChIJl9E6jTk5WUYRGWJYfNweO4s
Köksbolaget i Linköping AB,ChIJ76LUJ9ZuWUYRsQfB2kVpDKc
Noblessa,ChIJpRriviw6WUYRXopTOzW2X6Y
Falerum Kök AB,ChIJWQD0qkABWUYRkzuSth1GtjE
Ballingslöv Linköping,ChIJl6yk77JoWUYRF1wnJofEoX8
Cutlery.se,ChIJdfwuwlk3v4oR8Qj1eWVAbPA
Kvänum Kök i Linköping AB,ChIJpRC2QTRvWUYR63Blj4K5FHY
Köksdesign Norrköping AB,ChIJEcfrkoU5WUYRvaws6pIEdR0
LEXAB Kök & Inredning AB,ChIJJQ6CLctoWUYR9wGMxJKVb-4
Slite Kök och Snickeri AB,ChIJ77PcmP_99kYRFmT0MFxGzSw
"Vedum Kök & Bad AB, Utställning Linköping",ChIJK4DMEdVtWUYRTiFzEBJpUT4
NordDesign Kök,ChIJA9xBdkBvWUYRv2rllVztM6M
Netto,ChIJQ-DdpRaPWUYRoQxwJoPFeC0
i-HUSET,ChIJjwqOiKxoWUYRyzvgONqV62c
Halsbandet,ChIJe3gtCK0jWUYRiJZNrgC7u4Y
Ahlséns Trafikskola AB,ChIJWyLvmvXWW0YRBXxWCP_Gnv0
Eklunds Chark AB,ChIJTxZghsxoWUYRPGx3x8YgXx0
Mantorpsköket,ChIJ_XMktCB9WUYRX4PNlkDKn3M
Gläntans viltkött,ChIJT9q__a47WUYR-rwx3uGBeIk
Franzéns Ekokött,ChIJAQAAAKNuWUYRKOkFinu4p04
Fåddman AB,ChIJay5ZQhl9WUYRFj-7cdVUNjY
Element Materials Technology,ChIJO90BDaFlWUYR_3MQcaGrSSw
Element Metech AB,ChIJFX7sL7hvWUYRowJIbBw1grw
Tesla Supercharger,ChIJ8YIGCJA0WkYR4tETKWUwR-0
Mer Laddningsstation,ChIJJSfyHFt9VEYRnzsnR5-Ay2w
MyReload AB Charging Station,ChIJ_YGDR7Gj90YRFekCBE-fUX0
Monta Laddningsstation,ChIJ3_VOWbmj90YR2_U7lXJVicc
Vattenfall Charging Station,ChIJ-SDhCrCj90YR1hca-L0LYW0
Visby Golfklubb Charging Station,ChIJP2BS_BCi90YRNcLnS8Ef-5U
Vattenfall Charging Station,ChIJL_6P-rmj90YR1sDxOcWOEps
Virta Global Charging Station,ChIJh_0p-9yo90YRi0I214ACI4g
E.ON Drive Charging Station,ChIJJ9w2o94qWkYR20OftSIHXeY
E.ON Charging Station,ChIJlTQCtQ6YWUYRp4zL3g5fOn0
AB Ljungs Tegelbruk Charging Station,ChIJtW1SrLZgWUYRp8GfQwtsl9A
Mer Charging Station,ChIJhbWoECF9WUYRZgfKICMqDuk
IONITY Laddningsstation,ChIJv2__qlp9WUYRrCbJ8GiIVTw
Fortum Charge & Drive Charging Station,ChIJU29P9ZTWW0YRmGHkuwhe37g
Quickcharge Laddningsstation,ChIJRUZBxorXW0YRoxsdQj3REaU
Mer Sverige Charging Station,ChIJZ3hvHIvWW0YRDismNeC5TGk
Recharge Charging Station,ChIJXXJPV4U0WkYRbJHPBJxsf6o
Eviny Sverige Charging Station,ChIJ54InVY6BU0YROGJsmVZf3zc
Wihlborgs Charging Station,ChIJRbeZGrqhU0YRb3hb6LEWUaY
E.ON Drive Laddningsstation,ChIJGbsWGCyhU0YRsMKI0-G3Xh4
Compleo Laddningsstation,ChIJpzwh0WKhU0YRFxg_az6Nvn8
E.ON Charging Station,ChIJ_TbJNSShU0YRPLvMVzQ-6ho
Pay N Charge Nordic AB Charging Station,ChIJyXHme1_WW0YR7Pd_k0Tzylg
Threeforce Charging Station,ChIJH6dYf1_WW0YRUcqLNOB8CJQ
Allego Laddningsstation,ChIJE9ndVqxoWUYR4A6oXkizV-c
Hallsbergs Kommun Charging Station,ChIJRZjWm2IMXEYRWfaXGpNYo74
has.to.be Charging Station,ChIJ6VTG5dk7WUYRUY-4HyN6YrI
E.ON Laddningsstation,ChIJBSxDwzk5WUYRuE0FJmZpK4c
ChargeNode Europé AB Charging Station,ChIJaQMiuDctX0YR4vHDuSabN6s
Lundbergs Charging Station,ChIJd5nBKLM7WUYRFuju_sjlgaw
Förvaltnings Magnentus Charging Station,ChIJ06QkaUs6WUYRgmlaz1WXD2s
NewMotion Charging Station,ChIJaVP6GwU6WUYRetar65xbyBU
Circle K Laddningsstation,ChIJUc0JJmBvWUYRoAbLRRnXyeI
be.ENERGISED Charging Station,ChIJvzcjCYknWkYRg1Ke7-qJazs
Park & Charge Charging Station,ChIJV7NqqsEnWkYR1jRhwWk9N3M
Park and Charge Charging Station,ChIJJ1-MG_snWkYRj1LwlmS-OtM
be.ENERGISED Charging Station,ChIJrV_1R9gnWkYRrh4inVJlmaI
Rent a Tent Linköping,ChIJCWC_eUVvWUYRopTAgDveAq8
HGs Lager,ChIJL9-Dzx59WUYRwxDR3gctDpU
Linköpings Logistikcenter AB,ChIJ1a0cQbVvWUYR0vQt0erWo04
IKEA Varuutlämning,ChIJ69lWyrNoWUYRPmHHKhF6TEs
Vanpee,ChIJZ3f6XCM6WUYRJGOO96IXvyc
Ruya Livs AB,ChIJPahvHnQ7WUYRn9vjgG044Dw
DSV Solutions AB,ChIJ92Xn6WA6WUYR1RZEetmc5v0
Roxtrans AB,ChIJF22OKxNvWUYRl5Qpdmqoc0w
Freudenberg Home and Cleaning Solutions AB,ChIJj9cYYlg6WUYRCA5tV1W4D9M
Polfärskt Norrköping,ChIJmeg8zf86WUYRhoE7vF1fjiU
Haugen-Gruppen AB,ChIJicBk6U03WUYRdtD1W3GB5IY
Roulette Bagerisystem AB,ChIJb8v7TSAPWUYRmCsq1y-r7hE
NLE GROUP,ChIJW9ZeY-g7WUYRWYslrViBk9o
Vida Packaging Boxholm,ChIJ2Tn4QJkrWkYRPmR9r4F-TQM
Nordic Easc AB / Samsung service,ChIJNUEFJz85WUYRv0CM76YXVWI
Unnerstad Mellangård,ChIJsfrBzt1sWUYRTzrA3nXxOHA
Ljus i Hem,ChIJERcO1AA7WUYRgq5Q5EnMNu4
Bergdahls,ChIJuY71eS1vWUYRM2xMNCNHNqs
LightXpose,ChIJ__9b1p7FW0YRqA1ktYDwlwc
LjusExperten Linköping,ChIJO_WhR61oWUYROwFSsQFODZw
Elbutiken,ChIJ27N48OZPWUYRbcx1iHGm2aI
Martin Nyströms Trädgårdsservice AB,ChIJu5SI6MU7WUYRxdES34Y7DgU
Sjöbacken Trädgårdsdesign AB,ChIJJ6kVw_pDWEYRKJ__y0rn378
Oldfeldt Landskap & Form AB,ChIJO2QzNhVvWUYRg1VPiXDwqeM
Hushållningsällskapet Östergötland,ChIJAQAAAEBdWUYRfcHr8ptKVHo
Swedfarm AB,ChIJ-V2TSqRrWUYRpGlFVs424L8
Bepart,ChIJVWW8_-HhWEYR3xrXL6f6Siw
JM lantbruksteknik AB,ChIJn8QWzOtkWUYRjw--yli52dU
Husqvarna AB Ödeshögsfabriken,ChIJvWl0y-00WkYR1M866OfgHAU
Hjärterums gård,ChIJzZkQWjQhWUYRQbsJzWYWZbQ
GGI Sweden AB,ChIJl93-1pcUWUYRxIUNKTSJadQ
Sättra Gård,ChIJf6DH7EDNW0YRu8IoKLrI1m4
Karlebo Storgård,ChIJj8Up7yRvWUYRlzg346GEeq4
"Fylla Gård, Självplock jordgubbar, Gårdsbutik",ChIJg3ciMeHFW0YRAvuxVK0ObdQ
Brinks Gurkor & Lantbruks AB,ChIJP-vSJkA_WUYR-Wr7Hoa9fYk
Kryger Sverige AB,ChIJ2UTwBas7WUYRkBzb7230-mE
Hula Gård,ChIJ4QFSxmT_WEYRm1u4IPD2I8o
Skrukeby Maskin,ChIJh2LZ-F3WW0YRYY6ZMPfVIW8
Fogdegården Lantbruks AB,ChIJezsdzEPRW0YRX4Z7fey3biM
Orremåla gård,ChIJ6xtY0z67WUYR9N1gnxzxn7w
Fyrbondegårdens Lantbruk AB,ChIJwTJ2lpI0WkYR7OFZ4SsGbIg
Stavlösa Gård AB,ChIJqVleMFXFW0YRK6E7x5ZMIgQ
Skänninge Maskinstation Efterträdare AB,ChIJKT2NAavQW0YRGvsJk0XeHHI
Svenska Foder AB,ChIJm3pzNVViWUYRz5xPitQ374k
Bröderna Bladin Maskinstation,ChIJq6qqqg5sWUYRDbtlr5F1voc
Baltazar Agro AB,ChIJARUDHK8WWUYR4DFjjyH_8YE
Renstad,ChIJD__E9GzMW0YRXBWmOlvoCIE
TechStation Sweden AB,ChIJa8uIWXwPWUYRci6yjLQdXlY
Linköpings Formverkstad,ChIJa7be0-FpWUYR3c1rwKOed1Y
Scania,ChIJW7IQlC7DW0YRu4nI1FWLpSo
Bilia Norrköping Mercedes-Benz Trucks,ChIJI8CTitc7WUYRrwpjyghjvuk
Engströms Lastbilar AB i Kisa | Auktoriserad återförsäljare av Scania,ChIJT1QukouiWUYRT9RSeZ7OIy8
Glasögoninstitutet i Linköping AB,ChIJ2WEemyRvWUYRvjD9cGPqu90
Företagsoptikern,ChIJBeCo-xVvWUYRF47xWw6Z1ac
Malmbergs Ur-Optik-Linser AB,ChIJY3r0PCRvWUYR-mhj_MYBhn4
Leo's Lekland,ChIJlU05y7JoWUYRXw7JTCZni1Y
Bill o Bulls Lekland,ChIJY1o18jHdW0YRgRNub2FYB6U
Lekplats,ChIJ0ZRtvSp9WUYRUuVQouJ5Mk4
Camp Motorsportmagasinet,ChIJZ7dsdZZ9WUYRMrwZB93p9tw
Lekplatsen Klockaregården,ChIJgbeinFtvWUYRwJM8Rp8IMFk
Skogslyckegatan,ChIJN3ZMz05vWUYRxxR5eOkcXz0
RODECO AB,ChIJCZESvEkPWUYR5lvM-C7ml48
Nerdbutiken,ChIJ0dj4GuvFASoRCQ9-g5OjVag
Lekextra,ChIJezQENNanU0YRQDgqQlZSCqQ
Lekia & Babya Motala,ChIJcwA_-THdW0YRp24oAvCRQVU
Robotto,ChIJHX2HxMmsjgIRVlVJ0b5s1zE
Lots of Loot,ChIJuRXZxlxkOWcRfOwziVPgxI4
"TOYS""R""US",ChIJezn-IvQ5WUYRgsgdNoT2wOU
BR,ChIJm1vjU7M7WUYRLzHk6-fzg9Q
BR,ChIJ9bruMSRvWUYRvqLCgcWN5nI
Trailerkomponenter AB,ChIJVZl4T-nWW0YRMPWGD0xrgZk
LAG Sweden AB,ChIJEX2-K5E5WUYRC38CrxIPChM
Säby Maskin & Jord AB,ChIJTwIgv6BoWUYR0NL40qvF4DY
Träullit AB,ChIJNX1SXimTWUYRpSunIEAErAk
Bergs Trä K-E Gryvik AB,ChIJ-WohvR9nWUYRQ-mFG-Crfzw
Biokolprodukter Global AB,ChIJ4ct4u-IvWUYRGYi75x7C7Dk
fischer Sverige AB,ChIJ1Q7azfQ5WUYR68HESNlp_Cs
Swegon Sverige AB,ChIJhRvx17I7WUYRUcIw247Hj5Y
Leca Sverige,ChIJD_MADidpWUYRu87aj1ELB7w
Lindab,ChIJ60-xHSWp90YRcbyw1um0rKc
Taiyo Yuden Europe GMBH Branch Office Scandinavia,ChIJVVVVVQXQW0YRCaO-dy_RTuA
MediaTek Sweden AB,ChIJ____P3BvWUYRJPQ4Br3cxwE
Glim Betongprodukter AB,ChIJ-eRLwDM7WUYRZ_Q04ISDPHk
Norrköping Bandtransport & Miljöservice AB,ChIJIfJglzFHWUYRhsSa1CKLn4o
Valmet Flow Control AB,ChIJqZhIdaBvWUYRQWoxk6M3M9c
Sick IVP AB,ChIJfUhdE3tvWUYR2tTA9I8JiT4
Tubex AB,ChIJuz_b67cnWkYRjNFKbJ7ROB0
LH-Produkter i Linköping AB,ChIJPbUZ3aBuWUYRZ6_feXF8UyY
Lenze AB,ChIJc-NKmntvWUYR9IO0pyjNWy8
PeTe Automation AB,ChIJb88DTXIoWkYR14DeZxn38TI
OEM Motor AB,ChIJiVK08SwmWkYRuXxlWYVX-0k
Aero Materiel AB,ChIJ_7WQ-hNtWkYRMBRbSKWZz-g
Ståthöga Verkstad AB,ChIJh4G3MTk6WUYRyqmxanMzSLI
Alzéns Maskinservice AB,ChIJPaBu-KIfWkYRSRd2l7j23Tc
AB Forserums Verktygsindustri,ChIJkdkhGbEPWkYRagTAGdhZY6Y
Gryts Varv Och Marina AB,ChIJYZvnnuTtWEYRP4UF_uQBFrI
Pentronic AB,ChIJ0RAcEkhBWEYRxqyNhwSafNc
FORCE Technology Sweden AB,ChIJ_6Y6REtvWUYRAoEStD4zMeU
OEM Automatic AB,ChIJJayGnXAoWkYRMAkH8v0puZA
Gymotech AB,ChIJHxRhrMtoWUYRzX_IYCsIzKA
CorrosionX,ChIJ6dBQWx0pWkYRdDpoTyjxi08
BOLIST Allert Järn & Bygg,ChIJO6jH1u6iWUYRBZi0M_aXEq0
Lely Västervik,ChIJH3CWf0RQWEYRbdTxpleb7kE
Vitronic/Swecona AB,ChIJH4cOnAhCWEYRqc2I8iw-2Fc
Canon Business Center Norrköping,ChIJc_p-Nfg6WUYRJ5kkAiBbt5w
Kendricks & Kee4office WE,ChIJ5RvynWnn9yUR6U0gVYBjIYE
Feed I Malmö AB,ChIJnWLV8VOhU0YRq3X2s6vuPTU
Östgöta Tele-System AB,ChIJbUZuzthuWUYRoAHf9WAHiAo
WISI Norden AB,ChIJJfMNPnpvWUYRkN29Ea7CZtw
Easypartner Östergötland AB,ChIJd7gEY-VvWUYR1z12dyx5_PI
Rala NGN Sweden AB,ChIJMWO18U3XW0YRyVukORkjod4
AViTECH AB,ChIJf8T29SFlWUYRB_0rApVoV6U
Visual Connect Nordic AB,ChIJQ82J2F5rWUYRoDUT_flyGFE
Digitalisera.com,ChIJA9sQpr9lWUYRCRKIbpnDIlE
Office Management Linköping,ChIJO-qR1rJoWUYRpczXmxCKrbk
Allyft Tunghantering i Linköping AB,ChIJWZ_wlcxuWUYR3VHaLYPKNHc
Tunghantering,ChIJVf_ZzfQ5WUYRm6a9_DlNJ8M
Fluxus Relining Supplies AB,ChIJbURrOxM7WUYRhc39DdnI4DA
Peikko Sverige AB,ChIJDUL-sIo5WUYRbvipDqJbVLY
Sto Scandinavia AB - Butik,ChIJDzWsAudvWUYRt3d3mOTkGXk
HTC Sweden AB,ChIJT9RzTgkjWUYRkejXLrL3pic
CEOS Fritzoe AB - Norrköping,ChIJI6RTrlw6WUYRcDIwptyCsqs
Europa pall och bygg i Linköping AB,ChIJ_dKXWSI6WUYRRngXtuZBr6k
Heltia AB,ChIJP8yNP5drWUYRjo1ua9m-M94
Drivhuset AB,ChIJY0pbsoPXW0YRYMGXLZvf3gI
HydraSpecma Wiro AB,ChIJAzmVRTjdW0YR40ZcIyhyKxA
Smart Retur,ChIJWZJ5lrE7WUYRVjaKARw9Ow8
Norrköpings Pallkragar,ChIJ1Q6oGYE5WUYRSaWPPc4qwT4
Camfil Svenska AB,ChIJU6XpEOAvWUYRUP2c5BWAmEc
Camfil Svenska AB,ChIJqy828daSWUYRqOpAaIPm_hw
FORKLIFT ATTACHMENT,ChIJZYpdp1MLWUYRCAwSxkFWQj4
Boström Pac AB,ChIJA8XDpvGLWkYREYRJTuabhaM
Playoffice Design AB,ChIJoxx6feN5X0YRA231EVQmZxM
Svenco Papperssäckar AB,ChIJ9bENgTm8X0YRzj8BSq7Ugxo
Domino Sweden AB,ChIJq6qqqrVoWUYRArsMNyokswM
KAXI Profil AB,ChIJhRvx17I7WUYR5YHsfKE5Y90
Effekta Power Systems AB,ChIJwVn6waFuWUYRSZfe-CXUTmk
Eurotempest,ChIJFSTKxhtvWUYRk69-zFhWQ8c
Saab AB,ChIJbfiEGKFuWUYRak8Z7DKZszk
Låssmeden i Linköping AB,ChIJ2bKM8bZqWUYRUf_jQj4gXeg
Axis Communications,ChIJXXkwrpNvWUYR24za1sxqg-A
Hydroscand,ChIJ5yxYoew0WkYRkiXcGLxp2rg
Mark- & fastighetspartner i Norrköping AB,ChIJnYVNnlw6WUYR_SqoqzMMWDM
Meze Bar & Kök i Norrköping,ChIJM6eEiDU6WUYR2HPKieBNWBU
Merwah,ChIJ8afu3SRvWUYRtnrrX6MC5tU
Hannas Alternativ,ChIJYXoJm6FuWUYR_z1uzhFJ0_8
Taettsteg,ChIJ4QLPdtFvWUYRkWTDF21tHdw
Nestor & Reneby AB,ChIJgS362IdvWUYRdk_B-oN76Sk
Sann Communication i Stockholm AB,ChIJxcBB_In0lGQR10alEIaJLUo
Livsförsäkringsbolaget Skandia,ChIJGZ02POptWkYRi5OiQ7CHV1w
Mellins ekologiska livsmedelsbutik,ChIJJVcbIug4WkYRMLyEbAg_70o
Haddadsson market,ChIJ0yMgfUs6WUYRXCLcrISGnRg
Coop Rejmyre,ChIJleh4culMWUYRBDGQeGy24XM
ICA Supermarket Borensberg,ChIJgUxUm3jgW0YRKI6OgL9KXtY
Borghamns Kiosk & Fisk Ab,ChIJwWwrlKbJW0YRrGZyJ5LpBoE
Östenssons Borensberg,ChIJlVuNX3_gW0YRJxg_AKhNjS4
Willys Finspång,ChIJSbKgi3VPWUYR2dg2F6UQqGY
Asby Lanthandel AB,ChIJk09L_8KNWUYR53AeSWro9lM
NearbyStore,ChIJ1Xvvm5JvWUYRzS8-mhigN78
Mozzarella Expressen Östergötland,ChIJa-wj2qJuWUYRbVFhHz253D0
Bondens Skafferi Butik Linköping,ChIJs2SkQshvWUYRnBndgVsvVQ8
Fröö Kött&Mat,ChIJoyLLCcc_WUYR6LBbzl5ln6I
Fläskomat,ChIJ1XELFVrXW0YRBuE_4tn0LzM
Vikbolandets Hjort & Vilt,ChIJrVZzYpvbWEYR3Y7-3YoBYD4
"Nära Dej Hällestad Livs, AnnaStinas Lanthandel",ChIJVZvmj_9XWUYRQuZi7CXt2H8
Kiosk,ChIJi8OoZbJrX0YRy8qEwJYq6jk
24sju Nybrostrand,ChIJT5lRUnBjVEYR92DOoWZzVzg
Arkösunds Livs Automatbutik,ChIJ95gnHwDFWEYR-4wCOYn0Xvs
"Börslycke Gård, gårdsbutik och produktion",ChIJfdQ4uxDlW0YRbGO_wISeV6U
Coop Forum Viberga Matservering,ChIJU7INcVlPWUYRzdwBmOTzi_o
Mårtens Handel Björsäter,ChIJM6cIiA4RWUYRC3mpgALa9yU
Wästanå Gårdsslakteri,ChIJZ1Y5ONjfW0YRHsUthNBShTg
Auto_Mat,ChIJEdQQGFRpWUYRwBghG4D3NgY
Tistelvind AB,ChIJn03ncSErWkYRYt_B4EIfpIo
Hermelins färdiga gräsmattor & gårdsbutik,ChIJqypHsb7QW0YRq0WjthdAlbw
Säbyvikens Biodling Honungsbod,ChIJdd-buV3JW0YRj9zkaVHRcoY
Köttboden,ChIJAY8K99lxWUYRAIz91K_eeoI
NGroceries - Linkoping,ChIJ98EH7JxvWUYRYGeIAyl0WPo
Hemglass,ChIJpZpR1YdlWUYRQNzCV08wgG4
Tift Södergård,ChIJP9rlU-FlWUYRmfo2hou9-X8
Hemköp Luxor,ChIJ_WX2SzbDW0YROpl8hv3Ch7g
Mixmat,ChIJb39u4zM6WUYRbnzOwbWdZZM
Ljura Mix Livs AB,ChIJVecr8XY7WUYRgoivms-tzkw
Lindhs Te & Kaffe AB,ChIJvTdTybQ7WUYRxoxjSaO0km8
Nära Dig,ChIJz2mkYfLdWEYRy92HMexHRPI
Pepparkvarnens Livs i Grebo,ChIJgZ0ajX0NWUYRgU5RXlOYwNI
Skeda Udde lanthandel,ChIJoXCKvP9wWUYRnvwS1B4tdko
Butik Bättre Värld,ChIJlW1Jo27FW0YR8-9rnJFP4RQ
Lidl,ChIJNRk7zOhPWUYRuhne4dJgfoo
Tempo Mjölby,ChIJtxHoU2bWW0YRNgbVwF_miVE
CioccoConcy,ChIJc8e-fh63my4RuzgWqnHZmz0
Khoobam,ChIJJeFHpa5BWkYRSwPX84C2Itk
Lantmännen Cerealia AB,ChIJheX3ui1vWUYRB0aqRJg0sLI
HKScan,ChIJj3T5BjVvWUYRIH259cRB_uM
Eskelhems musteri,ChIJ6Q8nm8qj90YRlmZDYWcw1rc
Kraftbar Sverige,ChIJ20xZSpb7WEYROBSbxCiIRGM
Scan,ChIJG3T5BjVvWUYRXSqayumCG3Q
Meetab - Sliced Food Sweden,ChIJ7WmHPElpWUYR5JYbmDJl-gg
LMT,ChIJ-f7z9ZnthkYR2h_CSWaSxAc
Audio Video,ChIJRwjtnF_WW0YRqhqhTLdKTns
Image Systems Motion Analysis,ChIJgTUs2iRvWUYR2vyuHemIkVM
Audiovision Björn Persson AB,ChIJK44sqgyyXEYRPk12mvQo8Fo
Avite AB ”din Nordway Store i Kisa”,ChIJAZIV0e6iWUYRIyGJdXRtP7Y
gobo.ws,ChIJTd5Gqac7WUYRtQYNyKfnfkM
Drängstugan på Mjälkärr,ChIJ_02mOrIqX0YRr2t3IiE-iro
Hägerstads slott,ChIJX1ni7g_-WEYRJpsgC1GjjDI
Johannas Guest House,ChIJKSOZNm4jWUYRs3Eq9ZoOM-Y
"Klokagubben konferens,stuguthyrnig",ChIJZWq72sPDWEYRpCc8fpB_oPI
Villa KuddbyÄng,ChIJB1s1id0mWUYRJo1w3Dne1KY
Tree Logistics AB,ChIJIYJ3lYjWW0YRUwcCdpkasVU
Ydre Åkeri AB,ChIJVVVVVVWSWUYRbo-wSXafeew
Yusen Logistics (Benelux) BV Holland Filial Nordic,ChIJg37SRzi8X0YRRzhMHgSfVFo
Marken Time Critical Express,ChIJlTYdSTi8X0YRRbZlCwSPWCU
Frigoscandia AB,ChIJ9dpm9DRvWUYRPQMaoVSy74o
AB Oard,ChIJ-T6cRSs7WUYRf2VdLz59BCg
Deviaq AB,ChIJTyxDUy5vWUYR8hnwClFp6Cg
Quehenberger Logistics Sweden AB,ChIJEyD7owdvWUYRtcUyzufYzgc
3 Step It Sweden AB,ChIJd59_oytvWUYRV7OJT_gG5rI
m4 gruppen AB,ChIJt8wD9pm3XkYRKy0Cgf7qJZk
Optimerad Frakt AB,ChIJO5SF_zYpWkYRf6ofLtt1Kgk
UPS MALMO-STURUP GATEWAY,ChIJZ1OmflSDU0YRz6tNP71LktM
Jetpak,ChIJSexv-ipvWUYRGutfGZyvo9Q
SK LinkServ,ChIJhQ602VlvWUYRpYgMayQIm9U
Tranås Fjärrtransporter AB,ChIJ02oVFQAnWkYRLWnRm87tvvk
Actil Warehouse Trucks AB,ChIJATFmHnZnWUYRUNGbDe4IiVs
Racetimer AB,ChIJL0tZCPo6WUYRR8sBRbQm6cw
Naprapaterna Söderköping,ChIJPeD74rIjWUYRNMIseK-We24
Specialistklinik NM AB,ChIJBS5K_jw7WUYRu1zVz1_9sbE
Rehabkliniken,ChIJhRvx17I7WUYRvEP1zobn8Kc
Svea Vaccin Norrköping,ChIJJQq4HL07WUYR0qNwVtGkJ5Q
Linköping Health Care,ChIJaVHxfiFvWUYRF878tNcEBBg
Elite Nursing Sweden,ChIJl7CCHiOl9yERGEiNYoJ4em4
Friskhuset,ChIJCykmpDFvWUYRHi_kGd1YeHU
Hierta Vårdcentral Vilbergen,ChIJU1AeD787WUYR2RpkE3DYLlY
Tomelilla-Ystad-Sjöbo överförmyndarnämnd,ChIJTxajAnNlVEYRLQ2L0BIGmuw
Skogsstyrelsen Stockholm-Gotlands distrikt,ChIJLWvSU7Wo90YRzhd_73vQIhc
Kronofogdemyndigheten,ChIJT9DGa9So90YRXU0jhZI5tjE
Habo kommun,ChIJ5xRMDoloWkYRmVg3ktdMkRk
Stadshuset Uppsala,ChIJVVUl1PnLX0YR733bdwtWqsA
Pilkällan Sya,ChIJvWPHF599WUYRq4aCyJ5C1AA
Ringarum Loppis,ChIJWyFp0uLhWEYRrE_3xbSIgBo
Tant Annas Vrå,ChIJDQ8kbB5hWUYRc06UAfSSMks
Business Corner,ChIJhU3e5KwPWUYRe8QVGnlFGy0
Stadsmissionens Café,ChIJS6ZO5iVvWUYRlgBVp8RMybg
Zodiaken,ChIJv8v8L25vWUYRaQ6E__eN754
Snäckan i Motala AB,ChIJtUxPizrdW0YRcQ-Fw5i2CNY
Restaurang Von Dufva,ChIJBUm8kCZvWUYRdSb3OROPmYU
Matfabriken Norrköping,ChIJa0MDA2c6WUYRpaK86YAQfpE
Torvinge Restaurang & Cafe,ChIJqQQXKc1uWUYRGpLrvkXOLVw
Svinhults Kyrka,ChIJuVju_KrrWUYRZpN5bRHSETE
DollarStore Finspång,ChIJAx2BfHVPWUYRyz-4P-DLalI
Björnes Magasin,ChIJ6bQL-ZOiWUYRA9KaHj6S_r4
AB Byggbeslag Lås & Säkerhet,ChIJY1rFwJ1PWUYRFvIs8DVbN24
Låssmeden i Norrköping AB,ChIJ_T79XzE6WUYRoAvt5UNh46k
Linköpings Låsservice AB,ChIJ5YTipd5uWUYRpgzqU5myneI
Lås & Nycklar AB,ChIJGSWMQ1I6WUYR873fbcQaP5M
AB Byggbeslag Lås & Säkerhet,ChIJv5JIc0s6WUYRlusZGe0zZwQ
Norrköpings Låsverkstad AB,ChIJ_3UhpDc6WUYR3LxQsjqa_Uc
Beslagsgrossisten i Linköping AB,ChIJwWaesR9sWUYRnj60qsz5YMQ
Säkerhetspartner i Jönköping AB,ChIJ8StrKBBtWkYRGU0wmT2DvLo
Nyckellås AB,ChIJCwBoPRe8X0YRIRwBDrcYtA4
TBG,ChIJxYXDgzQ7WUYRBt9F7rJtHXk
Regenten Fastighets AB,ChIJ12X_5rM7WUYRXFcKkf-sgmk
Stångåstaden Bobutik,ChIJ0fpZJyRvWUYR6H0GpAM-cMc
Hyresbostader.,ChIJ1XDEJM87WUYRnJgFsPPj8iI
Ganymeden i Åtvidaberg AB,ChIJv4WQWDYPWUYR8oZ6dZNho6k
Willhem Linköping,ChIJoxzHklNvWUYRIarVxUysiKo
Logitjänst Forenom AB,ChIJHcrLUqY7WUYRkAx3RIlbkQ0
"KFUM Linköping, Lägergården Rengen",ChIJp9ceQP9yWUYR0sL3AW6d7r8
Läkarintyg Linköping,ChIJLdavKyJvWUYRq-7Ar1Ght8s
Doktor Anders AB,ChIJj8Up7yRvWUYRM2G4Arer1OA
Vaccinationsguiden AB,ChIJVfpmxCRvWUYRaJOYGBoR2Wo
Scandinavian Academy for Training and Development,ChIJO_5Rr807WUYRromaOpalv4Q
Linköpings Universitet - hus A,ChIJP2pMW3BvWUYRivLyqQj0Pv0
Lönek AB,ChIJJ9KOhZ6v0WoRUIR50ulMk-I
Mitt Lager,ChIJtXC6qkfdW0YRqyYDM4XHdpw
Shurgard Self Storage Norrköping,ChIJVVVVVR46WUYRT_VEuCUa0hI
Servistore Köpetorp,ChIJPc7nM8luWUYRDD7i-JsWLIQ
Prinsens Lager Linköping,ChIJxcWJdh9sWUYRARG4iYfSfBg
Number one flytt städ,ChIJtQN3XoEyDYwRmmO0MBTrH1A
DVNS,ChIJKc7hln9vWUYROomWkj8ad4M
Sunsafe I Östergötland AB,ChIJh-xZDj1tWUYRs_17_-wpYKk
ClearView Sweden - Myggnätslösningar,ChIJq6qqqnpoWUYRQMYoTFZ2MLc
Moogio Linköping,ChIJFwFU8QBvWUYRVySfEg_E2qg
JH:s Reklam Johan Hjalmarsson AB,ChIJxxKSTjsPWUYRiC0jqu7c3Pw
Mediebyrå Effekt MSH AB,ChIJsTprtRUoWkYRXgGWH8sIrHA
Gaia - Digitaliseringsbyrån,ChIJGTtkmco7WUYR-MNw4E86tVg
Megaego Ab,ChIJiQO99PZtWUYRkfwRm2UBy7g
Falk & Roth kommunikation,ChIJ_U-5I1ZvWUYR_3oa4TP_hPU
Roxen communication,ChIJjyD_t3pnWUYRztYVTNx34Ic
BudgetBoostr,ChIJGaBMVM7s1oERsNB4dCFtWOM
Digital Plattform,ChIJ6We8Mv5vWUYRS4pFYrDQXCI
Exponordia AB,ChIJWZ2bOtdvWUYRWH-HVq9M6Zw
INDIVID - Michael Bergvall,ChIJ19JvglD7cogRY3kqwmN2cAE
Himmelsblå Platsinformation,ChIJWxxl8ZtvWUYRjbJ4kVKrTC4
Anzelius Information AB,ChIJ8zPj9sU3WUYRB4U3tQzvZdY
Good Blood Company,ChIJUbOgCKzOX2MR6dtREtxBYoM
Wedholm Webb & SEO AB,ChIJ9VYnqupuWUYRiBJzbb5EiyQ
Origo Group,ChIJ_6HgqCVvWUYREyC_ZyrKgVM
Norstat,ChIJj8Up7yRvWUYRZEXZ7okSvaw
P&M Sverige AB,ChIJu1WICx47WUYRaogTPqmURyE
Marmorbruks Ab,ChIJiz22uvguWUYRKXQjGkJMi2w
Partaj Norrköping - Partajtema.se,ChIJ5RbgHio6WUYR4zwtmdaFRrk
Hjo Bulten AB,ChIJywRTqgisMq0Rw_CBM634rzk
SE Equipment AB,ChIJR7ZGL6FuWUYROvtenEqdTIY
Nords Maskin AB,ChIJn_h6e1U6WUYRT7qFcbG4Ops
NykyrkaMaskiner,ChIJs-fh1iTpW0YR_a1QO4zTGEI
Maskinia AB,ChIJAQAAAKNuWUYRZIqIbIFuDjc
CSM Maskin AB,ChIJs5b1uT87WUYRm3aYkyuHotw
Maskinparken Sverige AB Mjölby,ChIJT7-N3U7WW0YR19hlI4LqTKQ
LST -LS Equipment Trading AB,ChIJDY4DAzNpWUYRz_ya8ALN_2E
Special Mecano Verktyg i Linköping AB,ChIJq1TG0cxoWUYRNax6yqUPPhQ
Söderberg & Haak Linköping,ChIJH9rlaklpWUYR6P1dZJkAI-U
Werners Maskin AB Tranås,ChIJJ2oTgdwnWkYRE9VWt4e34xc
Ramirent AB Motala,ChIJAQAAAMncW0YRJjVuHhIyq0A
RagnarTech,ChIJFbleOvFFWUYRTeFT-JWXnXM
Miljömaskiner Motala AB,ChIJWxpkZs1uWUYRORpCe2r_icI
AB Hellstens Mekaniska,ChIJ17T1rRnSW0YRxk_iTYFDkzo
Promeq Sweden AB,ChIJy7CgPCArWkYRiW9tkQ9bCq4
ÖIMT AB,ChIJdSGebXXXW0YRSqo3HPrtpdA
L-I-M Linköpings IndustriMekano AB,ChIJgdBkHE9vWUYRa7vwcRY9Osk
DevPort AB,ChIJRQXOC3xvWUYRbjgIL7Uok-Q
Sulzer,ChIJGX9-Im3FW0YRQEH240atbhE
Drivsystem 05 AB,ChIJXXOJm0c6WUYRUToz_96l4M4
Palfinger Service,ChIJGa7xdk9vWUYRFCjo34tljo8
Linköpings Slipstation AB,ChIJfwcmycxoWUYRC7sitFrzubQ
Slottshagens Mekaniska AB,ChIJA-lkdkE6WUYRKx_nHRnm8Pw
MINAB Pac,ChIJuyn6Fs87WUYRv-G81CnyekY
Ståthöga MA Teknik AB,ChIJf2GkgEc6WUYRl0-UvXo296s
Maskin & Montage i Sturefors AB,ChIJAfX4t49tWUYR1QrOrZZlX9o
Pivab Machinery AB,ChIJteN5py8uWUYRA31orChoOhU
Aebi Schmidt Sweden,ChIJqWRELFLXW0YRbzwn6jFvMoM
Unobench AB,ChIJz0iEhGR9WUYRtWBLOgJmUDM
Eibers Edeby AB,ChIJKSxIRQDTXkYRyNQ-OI2m_ws
Ctech Cnc Technology AB,ChIJ3UbZcppPWUYRTuJJ5HBTOAo
Againity AB,ChIJJb-ciV87WUYRYRFmlPw00TI
Ivarssons i Metsjö AB,ChIJIaV0rwRsWUYR26WBpKpCpis
SLS Kyla Värme Energi AB,ChIJBZpMF0g6WUYRr-5MbpKijCI
Faut Innovation AB,ChIJl4WnJNCZeoYRmNKyVIukJRA
LarsLap International AB,ChIJM7qfXspoWUYRXenXf96ia1U
Grandins Entreprenadmaskiner AB,ChIJPywyv3_FW0YR3IZDLLNfAlg
MCM Service,ChIJSzdlqhYPWUYR7ODYbV-LiSc
Jacobssons Svets & Maskin Entreprenad AB,ChIJN4xfm54_WUYRruVap7CK6lg
Vagn & Maskin I Norden Ab,ChIJ___7FKvQW0YR7vJjjLRubk4
Miljömaskiner Linköping AB,ChIJAQDwW81uWUYR1oae0IZ8nBI
Bråbo Industri AB,ChIJP5I7fr83WUYRxhiTGWdkolk
SKF Lubrication Competence Centre Nordic Region AB,ChIJT2p7wrRoWUYRs9Frd8WSZ2c
Allmeko Mekaniska Verkstads AB,ChIJv4R_BPY5WUYR6Y5LmAHuHUQ
Motorcentralen i Rydsnäs AB,ChIJO8EFh5LyWUYRMRrMqTpqaLU
ABB Service Center Norrköping,ChIJp12WyDk6WUYRTgJP0ThN5CE
Zeppelin Sverige AB,ChIJ7_YdMKNuWUYRupNyGNfuWVo
Lotorpsmetoden,ChIJQZ41a05OWUYRowzi8UcKIlw
Massage och FloatingCentret i Motala,ChIJt8pCctXcW0YRpEKvTnKvaNM
Sofies Friskvårdsmassage,ChIJOz7Vs0lPWUYRDUX0Tnl7vF0
Elins Massage & Hudvård,ChIJl9USQNL6WEYRd9rncendhpc
Din Massage & Muskelvård,ChIJg74KODQ3WUYR1r5j2STWGPM
Natalias Massage och Friskvård,ChIJkZwg4pOiWUYRzaR6U93Vipw
Calma Massage AB,ChIJHT3luFehU0YR_fJfLnLwjNg
Beautiful Body Massage & Wellness,ChIJE3MswMFvWUYRJFt6gNqXAlQ
S:t Lars Massage & Friskvård Linköping,ChIJN1esMolvWUYRLd8P-ox2jmU
Unify,ChIJy__-FFJvWUYR2WUyOfXsM4M
Wiktorssons massage & friskvård,ChIJVWLjtavXW0YRZ8XW7QVMy8U
Peter Lindahls Friskvård AB,ChIJLSu8lTBvWUYRicx-Qq_PrBk
Samtalsterapi Norrköping,ChIJVVWlms47WUYRClRlBHzoy5c
Linköpings Kinaterapi,ChIJh48YzvZvWUYRtxrYSZ-d5BE
Kaktusblomman Massage & Friskvård i Motala,ChIJ7f1qpjLDW0YRccSZPDBOymg
Konsistoriegatans Friskvård och Hälsa,ChIJ3c2PJjpvWUYR-Rtvl2yhxNs
Maries Massage & Friskvård,ChIJ__9zLeFuWUYR2j3YEdCsSdU
Caiissa Lifestyle Massage- och Hälsostudio,ChIJ_SCb4RdvWUYROzJBpdyg4yI
Kina Massage,ChIJI1df3TYPWUYRG2hOIhEAH80
Sisters Thai Massage,ChIJz4k2C1_WW0YRwAi2T_TTBs4
DinTid Hos Mathilda,ChIJ1xUgLgpvWUYR4UtddTjrtdU
Balans och Rörelse AB,ChIJlXCwh9dvWUYRYjwXeGucG9U
Rätt Massör,ChIJcQ1sYiRvWUYRvk6wYBBzIns
Naturligt Sinne,ChIJExz8VjtvWUYRvWAuITHjgGk
Friskvårdsoasen,ChIJAQCUaN5uWUYRBauY9JWY3RA
Shiyin massage,ChIJ98gxhJRvWUYRGe2fQgxyfQw
Sandras massagepunkt,ChIJQTfOFwJvWUYRhAwaMYbzwbY
Fri Hälsa Sverige,ChIJ33HQagI7WUYR5y0QRXNiewc
Alternativcentrum,ChIJ4WAMXdc7WUYRHqq0pReAgu8
Muskelfästet I Norrköping,ChIJn6-M0Kw7WUYRoY-WyKD-yWk
Creativ Hälsa,ChIJi6qpuNsnWkYRrJlpRALGuXY
MA Hälsan i fokus AB,ChIJAQDsodPCW0YR1pEMOjgm66M
Living Tree Spa,ChIJMykoBokPWUYROhYktfyCUls
Jill & Co,ChIJXXFyMpptWUYRiffatb8Ml1I
Hälsocompaniet,ChIJl3AyHiVvWUYRoY7QAKIiFRs
Biljanas Hud & Massage-praktik - Massage Linköping,ChIJI030YiRvWUYRc7yzRlQOMP8
Zarakroppsvård&Massage,ChIJ_-UiIHlvWUYR6E_2dSRvGsc
Levande Föda Skeppsgården,ChIJ_____-_2WEYRlCUCmRGZf2k
Saras health and horses,ChIJs4XZ-ytHWUYRKuInGL-KKds
Älvans Kropp & Själ,ChIJzR8PUs9hWUYRZwQvGKHTDjo
Aktiv Friskcenter,ChIJmewcHSVvWUYRu1uYIS59W_M
TimeOut,ChIJVVVVFRxvWUYRAxH0eaEPdgI
Hälsomenyn AB,ChIJIzdUyhXhW0YRgr6X7Zfv4wQ
Jollyfood AB,ChIJmxteA2hvWUYR5vHqP0_0X8M
Salta Pizza - Upplev Argentina i Stockholm,ChIJOWxn60W9X0YRnaZ7wSOyeF8
Eatadora,ChIJhTI5saq9X0YRllhKxBMgtrE
Better Foods,ChIJZe0faSBbaGERAO3pDkrE1gU
Pizzatrucken,ChIJa1Fas6RvWUYRQU3AcM5GBuA
Ombergsboden,ChIJrRC3gQHLW0YRJ5Eb2ZmFx5Q
Finspångs Bryggeri och Deli-Skafferi,ChIJRVtpbv9PWUYRRKBJBefjbbs
Liselund Bryggeri & Rökeri,ChIJif2bAkNzWUYRpcrqQ4-AmA8
Newrest Inflight Logistics Sweden AB,ChIJ-UhP4rG9X0YRuhQ3zZY0Sww
Wahlbecks Mattvaruhus,ChIJF6THZyZvWUYRHt0LBH-IlbA
Matt Tema,ChIJ2fXR9LI7WUYR8Iue1Xh2M3c
Ångtvättbilen Östergötland,ChIJbV8kcz5lWUYR_QveNeMvIEQ
Svensk Cater AB,ChIJA-fk78xuWUYRaJemMUkIlmY
catering by c,ChIJi8mOUGXzT0YRpRAGKz0MI-M
Tovas Tesalong,ChIJnyBXP5czWkYRNCWpe7qIHNQ
Stora Roten / Trolska Båtturer AB,ChIJ4ZFxcnI_WkYRa46WXIbx2tI
Bil AB Wallin Eftr.,ChIJ__-Pueu3XkYR68y5SBfPpwM
OLYMPIA - DA VINCI,ChIJ3VKlICVvWUYR0XVJ-zLAWRU
MenWith Sales AB,ChIJp3AT_zdpWUYRGA9xzN_gbHc
Öst Media,ChIJA8mLpiVvWUYRTUUrSL5QECs
OFO Mediateknik AB,ChIJ-dn0HElvWUYRhgZdg4dPfyY
E.W Productions,ChIJny6VoAdvWUYRJNyeiBy8Gqk
Tränkner Podcasting AB,ChIJLVvGje1vWUYR9bgEnq38Q0w
Affärsstaden Media AB,ChIJE_5GTi5vWUYR3_KKJjKpdLI
Jordenruntpodden,ChIJ63hVICRtWUYRh7M8TiWkmNY
Oljons Media AB,ChIJVVXhQjtvWUYRyxdtufyKqd4
Crazy Pictures AB,ChIJq1F2Nks6WUYRcB5riyOnW6I
Motala Vadstena Tidning,ChIJ-yAkVXXFW0YRRn3Uhn3zk5A
Tranås Posten AB,ChIJOa-ebdknWkYRU5lW_KQ6J3Y
Skäggbyrån,ChIJj4f3z0w6WUYR-CalF3whMaE
Sportality Aktiebolag,ChIJAQCEsCVvWUYRdQmiL8dggAw
Lite mera rosa,ChIJo3tSoYkXYokR8nBuN55TNOU
Strömming,ChIJ88hPOdv3eW0Rr0enxqnrTx0
Click Click,ChIJP0goTuYtX0YRni-czSt_LFs
Doktor24 Vård & Vaccin,ChIJse7oQddvWUYRzpK3d8xN_9A
Vaccinova Mjölby,ChIJs35GgGXXW0YRA_L53XTS9cY
Din Fysio Sport & Rehab,ChIJS0vsUz5vWUYR125YSTy4Dr4
Ostgota Care AB,ChIJB66GiixmWUYRgkIv4wnZdDk
Östgötakliniken,ChIJaV99gSo7WUYRAFlFugl82ig
Unilabs Nyköping blodcentral,ChIJZz5-J_gtX0YRiiNIPLm-YHY
CuraRehab Linköping,ChIJ40OeIepvWUYRXFG9GIWa5cE
VaccinDirekt Linköping,ChIJVfpmxCRvWUYRb-_3jdswmh4
Min Doktor Vaccin Linköping,ChIJ7_U38_dpWUYRxoWSAHczuSs
Körkortsupport,ChIJE8pG7cPXW0YRMhyBh3yaEkI
Labio Medical AB,ChIJXRdR0z-9X0YRZxiggZXQoAs
Swemac Innovation AB,ChIJR7XrWzZvWUYR-kTlfH0S8tA
ContextVision AB,ChIJkUh-1iVvWUYRxwRYQwwi3aQ
Biovisor Healthcare AB,ChIJi9yB-donWUYRSrTbfDo8eNs
Dynamic Code AB,ChIJZ3cVkxVvWUYR5k6XRYQmcoQ
Wigh:s Nyhetscentral AB,ChIJHZ4AcrEkWUYR4tvMaHmXl80
Pixl Media,ChIJiQM0m8jB_mIRltlTpj0nlx8
Nordens Vipassana center - Dhamma Sobhana,ChIJFY69svLLW0YRSOwLJ66NC3Q
Medstigar,ChIJL_gjPZBnWUYRj_-xxfvmUSs
Medial Omstart,ChIJaUpdLxBvWUYRXr0FcYPVfD8
Healing i Småland - Gunilla Wedenholt,ChIJo7R8zn07bkYRXFI06vx1x0U
Saltängens Mekaniska Verkstad AB,ChIJp8KWPB86WUYRdGxN5P9jlBA
Ödeshög Mekaniska AB,ChIJl-zf2-00WkYRlkke8-6sNss
Vinberga Allmekano AB,ChIJ9TxZMsrcW0YRVQAQXQK-ut8
Mercedes-Benz at LB's Lastbilar AB,ChIJq6pqdUE6WUYRuQ2CfFOs12A
It Lack,ChIJewOJsxjdW0YRM4qXkeTmKgo
Boxholms Profil AB,ChIJuxwPo9oqWkYReU_I4-MV1cs
Hydro Extrusion Sweden AB,ChIJxfG-rsJPWUYRE6looQHZpcY
Melin & Carlsson Hydraulic AB,ChIJJw21lNsnWkYRubAThOcG-6A
Jolek i Tranås AB,ChIJb9TTNXIoWkYREYooZdZHsrc
Sven Anderssons Mekaniska Verkstad AB,ChIJpVNWJzndW0YR9DrSwbBnvhw
SPECAB Industriteknik AB,ChIJHxRhrMtoWUYRIccPP32FojU
Steelfix AB,ChIJ3YPLc608WkYRHUwPeG8RboI
Cabo Taqueria,ChIJoT2GWWQ7WUYRgfiUWTP2_88
Byggnadsmiljö Mellansverige AB,ChIJ1UTWZqE7WUYRy_AHmCcTM0Q
Automationscenter & Bråvalla Elteknik AB,ChIJ1Q6oGYE5WUYRcOImrTo8t6A
ILEMA Miljöanalys AB,ChIJLz7HanR0WUYRWvqZcDrjxRw
Ex-Pro Sverige,ChIJVVVVFSo6WUYRw_pzyuD2VtU
Calluna AB,ChIJlxrPMWhtWUYR5KvweEj2d-g
Envigo AB,ChIJIyhFqbE7WUYRoIXAmUYixo0
Sundahus i Linköping,ChIJL2GmFHpvWUYRWlDYyvTGtgM
Vrinnevi Minigolf,ChIJp4oMZqM7WUYRyFqxJkraids
Lindgården AB,ChIJDz2HeNjCW0YRfo5pgbjlaYs
Mickey’s Strandfik,ChIJZd1ZISZvWUYRy3t__EEgtBc
Mitsubishi at Car changer Mitsubishi,ChIJq6rqp7NoWUYR9WWlrmA7cqQ
Smultron Mobil,ChIJhaV-K6KTSgQRXLY5GCEY3w0
Hektor AB,ChIJE_CP65lvWUYRbPd42wKwLfE
Telenor Sverige,ChIJUYPI5qxoWUYRsmSOp5nOdPI
Ringup/Teledata,ChIJBet4zVU6WUYRfVRyAVPDgyA
ITsupermarket,ChIJo6pOzA9j4UARyAtJzSkiYX0
PMR Ystad,ChIJob8gCDp9VEYRYnFBBpH7Cs4
Fixiphone Linköping,ChIJY-3DbGNvWUYRTAdImDSYTsQ
Allfonz,ChIJ5fMHm47JWUYRctgDTggeIAE
Lagaiphone Norrköping,ChIJK38zLpM7WUYRLY1lJRD35q8
Branting Wear Group AB,ChIJ993n-qGj90YRCANMLqN2XpM
MEHROTRAsthlm,ChIJX-mqSLx3X0YRRCulID3FwEE
Sveilis Design AB,ChIJpbkecxs7WUYRpkT8kcW5w38
Indian Aroma,ChIJY7rMtuJvWUYRifkqB9xDamE
Ronnys Cykel & Mopedservice,ChIJGZG-JYVtWUYRwEFxHfcAOb0
Linköpings moské,ChIJ2femDltvWUYRf3F7Zq9GVUs
Bosniska Islamiska Församlingen Norrköping,ChIJRz8Cakw6WUYR7fOn3KmIGQc
Bošnjačka islamska zajednica Norrköping,ChIJ7WWCxjU6WUYRYEyFoHXDoEQ
Sjögestad Motell,ChIJO41JfTVjWUYRzP8lq2XVmLw
Kinda Motell,ChIJ____v6JvWUYRdHn5R2HKCDo
Motell Filbyter,ChIJbYo1ujZpWUYRUAS3M7KXZu8
Björsner Mc Teknik,ChIJ23rh9Ih9WUYRQ4J9aAZct3s
Biketech Mc-Verkstad,ChIJMyxtFZE5WUYR1vbQi8KEmG8
TSW Motorsport,ChIJMapeJaQ7WUYRlyPxD-ejWuM
MC Montörerna,ChIJWa0es7s5WUYRILFUdn51GlA
Motomate,ChIJAQDApBndW0YREE1vs-73v2Q
Owe:s MC Verkstad,ChIJT75PJFY7WUYR-dJ5sJ3IH3E
Mc Verkstad linköping AB,ChIJ6_XHivhvWUYRxsxPPU46Uu4
Ferms Diesel & Teknik AB,ChIJW0yTwpdrWUYRJvmjXVzUIyc
SWR Motorsport,ChIJq6q6SstoWUYRXFtvfwoEmYo
Okm Konsult,ChIJ8xq7YqBuWUYR5KH9riIdIpA
TMC | The Motorsport Company,ChIJWfm-M1yTWUYRmLD-1Fw0HBw
INTENSE Motorsport AB,ChIJh-MlqMYxWUYR1JYnqN8hGm8
OJ AB,ChIJS5ehDyPxlSQRclOfIqE0Z8o
Västerums Mur & Puts AB,ChIJd4cV2oL3WEYRtbkwmln0TxE
Kisa Emigrantmuseum,ChIJrxcE2DqjWUYRQg-wQVljDlc
Vikingstads Hembygdsgård,ChIJNRDDK_xlWUYR4Qquqyiilkw
Sandbergsgården,ChIJN0oGZ6rQW0YRyXcTnpleu2Q
Östgötabankens Museum,ChIJhxhaaWpvWUYRZYmgqVGmidA
Löfstad slott,ChIJAVarmNc-WUYRJNj0vnwH8HE
Musikteater Gulasch,ChIJExRcSq07WUYRm-gYqo_LBB4
Ståhl Collection,ChIJa-ewt3o7WUYRigAqHV0DF6I
Norrköpings Skolmuseum,ChIJabrnYU06WUYRDLEY8GXMLDg
Klefstad textil,ChIJ79RuCtQVWUYRHyxsyUMAhbM
Bleck & Plåtslagerimuseet i Gamla Linköping,ChIJATNz415vWUYR6WRspHPQ70I
Östgöta Idrottsmuseum,ChIJDcjirF5uWUYRFIJjcIMPsD8
Motala Mastklättring,ChIJDaTnaDfdW0YR6N3QG5CajZE
Svenska Fergusonklubben Grålle,ChIJN9PUgB0eWUYRZQrEBZIpxio
Storgruvan,ChIJeYHaORcPWUYREwEgD_qCW-I
Mopedmuseum,ChIJPxOBgafzW0YRCByOvTZaosY
Naturutställning,ChIJc94ZrjnEWEYRlZEtUvPRcOo
Vadstena dressin,ChIJ0TEUGNbFW0YRX4ouaqCIkLA
Adelsnäsparken,ChIJjf--SsoIWUYRFxUwxFEM2Sk
"Visby Graffiti, lilla väggen",ChIJzUJFo8So90YR9KlFpewMOs0
Stora Karlsö museum,ChIJE-YxUHqb90YRhYocRuvRFKw
Harstena Byskoleförenings museum,ChIJ9ca9CUDrWEYRlcDyxie4GCo
Grafiska Museet Gamla Linköping,ChIJKyFvYGpvWUYRQgk3JcNrsSg
Linköpings slotts- & domkyrkomuseum | Medeltidsmuseum,ChIJ4RF-QTtvWUYRi7PPQ6c7JCo
Kornettgårdens Samlingar och Cafe,ChIJEeYUDRJhWUYRPnXxRfiYNL4
Boxholms bruksmuseum,ChIJgTisceAqWkYRH9p6LBHveUo
Galleri Kronan och KIFiN,ChIJs0YTDEs6WUYR8ox6UfW3PV8
F13 Kamratförening/Norrköping minns F13,ChIJ9axE_pg5WUYRio4wl4OAy4c
Norrköpings spårvägsmusem,ChIJE1e6RKs7WUYR3WKM9yGZRqE
ÅSSA Industri- och Bilmuseum,ChIJLYqVOjYPWUYRoBa3yD1fdxg
Veteranmotorklubben Ydre,ChIJqy7leNySWUYRa85s3L97rNs
Andrew Peterson - Emigrantmuseet,ChIJk9d_asONWUYR5Zm-PqmYJ6o
Museum Lars Jonsson,ChIJPXHpHT7X-UYRxoIk62MNWHg
Tine Röjås,ChIJnWd-_nwrWkYRKdbNdd_hw3M
VoxCap,ChIJG4j9ls8pWkYRkaoIQnSsQ54
JR Event AB,ChIJWXcDX_oZMkURcuysx_fW7ys
A. P. Meister,ChIJvUdz5Tx5X0YRqNR4g2fpzYc
Musikern Linköping,ChIJ-4zFjOtvWUYRSL25IbZlIXE
Wettern Musik,ChIJq6qqqtHcW0YRqK8lG4Q8M8Q
Musikbörsen Norrköping,ChIJLS6CYys7WUYR47lb87KLhbM
Musikservice i Norrköping AB,ChIJ3Zdti7I7WUYRD3Ud4Lm10As
MarcusTryggInstruments,ChIJj7VEpjplWUYRvSOa5ANLPgY
CWITEC AB,ChIJTYr2hwgxiG4RS1fL1J0iJxE
Wälivaara Guitars,ChIJrbhmVTlvWUYR904mZ23N0WM
SEOK,ChIJw-f3LiJdWUYRMrNeeHwxHcY
Martin Widén Music,ChIJn1dDTJJvWUYRZCwsBOJrxOU
Avance Media - Audio Branding,ChIJv-7YAWgTWUYRq2waH3LcmtM
Sounds Magic,ChIJQxQFMUIRWUYR6p0LGB29B2k
Music for Museums - Designing a soundtrack to your exhibition,ChIJ-RFUnfF3X0YR2CFNvSDeNVw
Tapet & Färg Piraten,ChIJrb_ehFYrWkYRBgi6sVaEl3Y
Björklunds Fasad & Måleri,ChIJS1VRwNmvWUYRQTelVYBXm-E
Målerientreprenörerna I Linköping Ab,ChIJ158iuYtuWUYRwflNcyc5Kz4
Lidmans Måleri AB,ChIJe5mkVutuWUYRxKTdpJv05x0
Kallhälls Måleri AB,ChIJeTK1_CjYW0YR38tHuDp2bn8
Kohlstad måleri AB,ChIJca8sBjEjWUYRx7AV4CNeYiQ
CJ:s Måleriservice AB,ChIJX917wUw6WUYR3S4f0ndVU-k
M Engstrands Måleri AB,ChIJT7-dtEjWW0YRKfTQkT85fTI
DN:S Måleri AB,ChIJ277J3uhPWUYRDf7oL7b9aFE
Blomberg & Jonsson Måleri Ab,ChIJOfB6OkhvWUYRtyAAjETeSg4
Ahlvins Måleri,ChIJmboDCLA7WUYRIm29TzuvOiA
Målerit i Norrköping AB,ChIJAQAAQMY7WUYRAKwaZWuaqJc
Målerifirma Bernhard Palm AB,ChIJE5Fj3f86WUYR3SAAmHbnEdg
Sandells Måleritjänst AB,ChIJRSS-pC5oqwkRfRgi-cpgG8Y
Johnnys Måleri,ChIJ-7XnCHs7WUYR3cH7zF27cr4
Jim Måleri Linköping - Målare Linköping,ChIJMX7SpbRvWUYRwQmT3pgiDaM
Treijs Måleri Ab,ChIJ-SwUJdluWUYR3yiGPavwfsc
LMB Måleribolag i Linköping AB,ChIJb6FvN9puWUYRHSOEUCsHQ1w
Emmels Lackering AB,ChIJwWnvIEA6WUYR808z5iPNXOU
Svärtinge Måleri Ab,ChIJ-exfyAlIWUYRKV9Dax5PVKY
T Anderssons Måleri AB,ChIJjWRy6umNWUYRzyZml4dNyXQ
Stm Design AB,ChIJAQAAAKNuWUYRhVO5GeRIAZY
MJT-Tjänst,ChIJOxGlkpqiWUYRNWY5eYBkWoc
Takglans i Finspång AB,ChIJ_cJxvDwZcCoRalZ0MuQ_Rm8
Kulturmålarna,ChIJy3Ws6GdPWUYRMi-gJwqjvbM
Guso Måleri Linköping,ChIJ3zJgLwNvWUYRYq1xjVLHBME
Skattungs Dekorationsmåleri,ChIJjSeoCf6fWUYRG-Y33twdBUY
Måleribolaget i Östergötland,ChIJD8TUWaNvWUYRUVx9Fo-NjIo
Måleri-Hantverkarna i Linköping AB,ChIJYV86ac1uWUYRHjEWlEYuZEM
Linköping Takmålning & Måla Plåttak i Östergötland,ChIJqWghJN1uWUYR6uKEB3eBDBw
Måleri & Kakel i Östergötland AB,ChIJaYRa-RVvWUYRMiMvQtPrMQ0
Norrköping Takmålning & Måla Plåttak i Östergötland,ChIJqcMsr7I7WUYR57XwemZIsYM
Västra Husby Måleri AB,ChIJKcnKtDY9WUYRZNSKArh_PKI
Måleriteamet i Eksund AB,ChIJacSBVhI5WUYRWOySBdfZPzM
Stillströms Måleri AB,ChIJZ7UhjyU7WUYRWYRfUf1SkoY
Bo Hagberg Måleri & Golv,ChIJ-e4dODJsWUYRTEH39oxji5Y
cre8ivewalls,ChIJq6r6a0o6WUYRmPI1fzq8Nqk
Flera Färger Måleri & Tjänster,ChIJeVts2WInWkYRaNJhsxqJt3c
LGB Måleri i Linköping AB,ChIJ0yxnfEtvWUYRX7QbCojWfWE
P & A Måleri i Norrköping AB,ChIJ573m9bw7WUYR_Rwop_reYAY
NMB Måleribolag i Norrköping AB,ChIJhRvx17I7WUYRHENjG9afyK8
Lem Måleri AB,ChIJK44uIBg7WUYRIvDwrO860rk
Bröderna Andersson Måleri AB,ChIJOVm2aiJ4X0YRCuGPMa1Pz9g
Sandå Sverige AB,ChIJq4GQ1R-p90YRMNTLU08KRmo
Stångå Måleri AB,ChIJ8xq7YqBuWUYRE94aVGQQp1k
HJ:s Industrimålning AB,ChIJ5-nUvDc6WUYRaCtZTiScDuM
Complete Service Norrköping,ChIJ04fnQAn8kg4RvMx06aiqtnM
Borgen,ChIJY7yKbts7WUYRIxI7ykGizL8
Strong Expo AB,ChIJ8xq7YqBuWUYRbMIrCJj0d_I
System Technology Sweden AB,ChIJwcv_wSNvWUYRnGZV-Rgc_HI
Geofix AB,ChIJq6qqqi_DW0YR-yftQJTbQJA
BGM Service AB,ChIJxeO2GnpWWUYRxKOiM-dSVow
Möbelmästarna Mantorp - Möbel Trend,ChIJXbFGNCl9WUYRMaO7lALcjs4
TIB-Möbler AB. Svenska hem. Ljusfallshammar,ChIJlQkxyCZWWUYRv0KXERmqutE
Recycling Partner Rp I Linköping Ab,ChIJt_9UmTJvWUYRNcUWF4HtFvI
Lindö Kök Köks Utstallning,ChIJv1PdjNoqWkYRQv2mWwNVQI4
Restaurangtema,ChIJq6peQzxvWUYRsOhopZYpiY0
Folkets Möbler,ChIJrcbPNncpWkYRbw8cLoVLvPA
NC Nordic Care AB,ChIJ31xSkgooWkYRGZ-R1RpauVs
Soff & Sängbutiken i Nässjö AB,ChIJAQAAAG0DWkYRfpGG_GM3CLc
Mio Mjölby,ChIJqR9WAfLWW0YRnleSHgZ0xxE
Kontor Ett,ChIJlTBPPlQ6WUYROzBjOs3bN1c
Inne gardiner och möbler,ChIJwepdLNonWkYRBNJuGaDmQ0c
HomeLove.se,ChIJEVd985h0WIQRhm7vU9IpMVs
IKEA Linköping,ChIJu0bP9KxoWUYR9dM8tG116O8
JYSK Finspång,ChIJ46Zfgp5PWUYRrR0lH-VrmiE
Primetex AB,ChIJVVVVVR46WUYRx6xLgmkqTqI
AB Vikingstad Möbel- & Snickerifabrik,ChIJy4qZb8BkWUYRdKE7VRcM1Zc
Glimakra of Sweden AB,ChIJEeAnDpUpWkYRGJH-ufDygwU
Mitab Sweden,ChIJI5Q533goWkYRqPTkBhg398M
AB O H Sjögren,ChIJSa8CYQooWkYRHpUii2MX5h8
EFG European Furniture Group AB,ChIJ76wZdHcoWkYR1skZ-541BMU
Eva Karlsson Tapetserarateljén,ChIJtSJC4c4kWUYR10CfsWlbuXc
K Möbeltapetsering & Inredning,ChIJW-egRpxaWUYRMp6RoXwGgAQ
Eriksholm Möbeltapetsering,ChIJxx1ctfRtWUYR1XuXIR8nNmo
Rehnholms Gardin & Tapetserare AB,ChIJ8XhWZyFvWUYR2vLpvUp2JJI
Windys Möbelrenovering,ChIJeTEZvBRvWUYRSuQS0d74aH8
Relove me,ChIJD2g60D1vWUYRDT_lZ4Wr_M0
Brödernas finsnickeri AB,ChIJX6YCE_5nWUYRllG6PAYRbIY
U. Axelssons Snickeri AB,ChIJCTaU7drCW0YRYfVZQEFBmHw
Wittzell Design AB,ChIJVVVVVVoPWUYRWYwE97tKiZ4
Materia AB,ChIJcQ0evNInWkYR-JnPqbCuQLs
Nail Pro 7,ChIJZdZ3lyRvWUYRgKv9plit6no
JW Nagel & Vax,ChIJieGe8SdvWUYRXC-RhXvPR9s
Kårservice Östergötland AB,ChIJ7yXRH29vWUYRupYoxwJz-9A
Létage,ChIJtT9Bkm9vWUYRc2AqfLYSvk0
Kårhuset Kårallen,ChIJ97XlHm9vWUYRflo5GueAqBo
Sankt Anna,ChIJnSDXQeHAWEYRmIyIxJjDtmY
Boxholms Skogar AB,ChIJaVRiYt8qWkYR2LweLMc-ypk
Alkärrets naturreservat,ChIJVU-EmxPTWUYRVUjLwviwvHA
Drags udde,ChIJx1e18fzZWUYRbfFmaxLklTc
Ängsund,ChIJ6TeR31BuWUYROA-Dbj6dLgw
Borghamnsten AB,ChIJi4GRTrvJW0YRoSgSVEpOXs0
Echo Musikproduktion Hb,ChIJxXM1GSxvWUYR-2CE1ZZEtTo
CarKey,ChIJn6JIyplvWUYRqPL1SRvOTTM
Corren,ChIJA8mLpiVvWUYRZoN7GptmJLY
Pressbyrån Lindövägen,ChIJc_crxf86WUYRRJ4EQOm-l6A
Never Closed,ChIJc_Y5ZJY7WUYRc8emTJzFp5w
Välkommen in,ChIJtwqpZ28jWUYRh3DBRNrdA5k
Handlar'n,ChIJyStJhwij90YRYz6dIGZ2aXw
Handlar'n,ChIJp9fwuIIXWUYR3Gfs1_FbSdM
Handlar'n,ChIJs-WccJR_WUYR3CsC3CKrajs
Majas Kostrådgivning & Näringsterapi,ChIJN-L_FCRvWUYR8vvaRTbG3C0
Escape House Linköping,ChIJw0tgESRvWUYRp5WvnsJuTAg
"Main Event, Mjölby",ChIJmRpL4N_XW0YRLCyXpi40jJo
ONE HUNDRED restrooms,ChIJY6Syn_Q_WkYRrQjlE3Smmto
Scenkonst,ChIJW8NQZxqBVEYRTpPVuyGCS4I
Rättsmedicinalverket - Rättsmedicin Linköping,ChIJfSIxexxvWUYR8QImTU4gnAk
SMHI,ChIJYXwzre07WUYRaN4dryPOpBs
Fundins Olja AB Linköping,ChIJk-vdfzNpWUYRYgwZOyNJr80
Gredelby Hagar fågeltorn,ChIJaTCLu3K4X0YRNTGDz4qjjLM
Optiker Smarteyes Linköping,ChIJ656eByVvWUYRWeOreDHrxzg
Glasögonmagasinet Linköping,ChIJz5qkjyRvWUYRKQdBEg58K74
Klarsynt,ChIJA9D6miRvWUYRgKrqsV0QIos
Optiktjänst i Nybro AB,ChIJ90Zvm8G2V0YR-_FDso4Wf1I
Glasögon Linser i Nybro,ChIJ-2N3dsG2V0YRiBx8Zq24HRI
Hälso optik,ChIJsU3p2Wo7WUYR7mN83XOY_a4
Kontaktlinskliniken AB,ChIJO_Ibp7M7WUYR71E1dDGoGGU
Specsavers Linköping City,ChIJa6J6RCRvWUYRjMrZD2Gg7jM
Optiker Persson AB,ChIJO_Ibp7M7WUYRTqX2Xfkx_5s
Synsam Recycling Outlet,ChIJvSnv3_s7WUYRWxCACkiEZUE
Real Simple Life | Ordningskonsult,ChIJ60WjnY1vWUYRBvaz8WdaMjo
Sankt Markus Syrisk ortodoxa kyrka,ChIJB87juGNvWUYRZWRxu98kJEs
Sulverkstan,ChIJU-H05vTWW0YRucMBcg05pM4
Jan Ritzer Anatomic AB Norrköping,ChIJx0QoKLQ7WUYRW42225oRzvs
Aktiv Ortopedteknik Nyköping,ChIJVT6ufwwtX0YRN7dCFFLYLA0
Norins Ost Butiks AB Linköping,ChIJbQ22QSRvWUYRY5tjnQrDH7Y
Löt Gårdsmejeri AB,ChIJL89d0BidWUYR79_P2efbxmI
Osteopat Daniel Möller,ChIJGwEAhk1vWUYR3gClqY2g72U
Per Gunnar Osteopati,ChIJH8LceYdvWUYRt9e0a1A1EgQ
Vasa Hälsoklinik,ChIJDwQq6jlvWUYRevdmTdv_FMw
Ousmane Bangoura,ChIJCykmpDFvWUYR3cBJBQ_OPtk
Importören Outlet,ChIJsUpLjlc5WUYRa8xr7oMj0e0
Gränna Outlet,ChIJwe2RzHw5WkYRau8DWp25fFM
Åhléns Outlet,ChIJAQDAcCE6WUYRNV3HInQ4o7M
Norrköping Padelcenter,ChIJA17f3pg7WUYRIsjpk-iUUT8
Padelladan,ChIJJSbGJPrbW0YREWc2NFYNZIY
We Are Padel,ChIJNUp_ooFlWUYRt0FvQ0QPfOM
Hjulsbro Padel,ChIJCYpxOJ1tWUYRWeuDnT5KgHg
Motala padel arena,ChIJnZaC31ndW0YRBH6TJQHLQd4
Peking Padel Norrköping,ChIJO4mMU3Q7WUYR_3Z5m3qEK0c
Idögatan 32 Padel Club,ChIJcSGR-yxpWUYRFw8q4oeOl5g
WAP Linköping Tornby,ChIJx-U4VDhpWUYRI1518Qnhy3w
Paintball Sports I Motala,ChIJ1RWkXefcW0YRsCMmMqFxjKE
Ballpoint Paintball,ChIJOXm-0fFoWUYRHixawe4xvJE
Östgöta Paintball,ChIJkUZW9eluWUYR-lF9Qs06lMs
Gårdeby funpark,ChIJt_2zZusXWUYRUqSnhLUG_hs
Vildmarkskampen Peking Paintball & Crosskart racing,ChIJR-OjsEw7WUYR9HzAONJSwGI
Pantbanken i Linköping-Norrköping AB,ChIJL8VriDU6WUYR07Rw0qN0hQ8
Sefina Pantbank,ChIJEwHLU0s6WUYRr-faSpwnGNo
Billerud Skärblacka,ChIJqRj0oCtHWUYRVrTWBj73uxk
Re-board,ChIJWUazmmk6WUYR0o9Uqgw-T9Y
Trädgårdsamatörerna Östergötland,ChIJ95ihYKRGWUYRyjzkXogvLaQ
Norra Storängsparken,ChIJOQlT15dPWUYRq7bO6_lMs04
Carlsberg,ChIJk5kWdGh3WUYRGOFkkpzK-C8
Folkets Park,ChIJWcvd_9gqWkYRApkNwb7HW7U
Kärlekens trädgård,ChIJfW4JwrHzWEYRv0ffpiINcOQ
Landeryds hembygdspark,ChIJBWNRltFtWUYRi0n1vs6VkuQ
Naturskyddsföreningens Äng Bjärka-Säby,ChIJSSXY86FzWUYRNoqr1qVX81s
Solbacka park,ChIJaR_2tT1nWUYR6KZp-MpvfUs
Joey's trädgård,ChIJ95ihYKRGWUYRGfzm47wFPfk
Hyravbroderna.se,ChIJxRwxmKQ_WUYRd9PxmmneOtc
Folkets Park,ChIJHVdOzejLWUYRKG1ePhbmXKU
Stadsparken Nässjö,ChIJtcbr4gkDWkYRL2n3DsZlvOs
Herrgårdsparken i Mariannelund,ChIJqxZKRnLFWUYR2Rso6BK675g
Rimforsa Skatepark,ChIJ74Raxb2fWUYRj9cGn-ki3eE
Gamleby Folkpark,ChIJf9SL4FBQWEYRYMzTf5ZAqvY
Skullaryd Älgpark,ChIJx-VipnD2WUYRjQfypf8uJgE
Ljungsbro Folkets Park,ChIJRY8nozhnWUYRmFM9_62Vt00
Aneby Folkets Park,ChIJ17mmKgcfWkYRDVcCoFzTUuE
Lina Sandells Park,ChIJfRKLwSvKX0YR2COjPtEjuTs
[P] Parkering Sturup flygplats - Malmö | APCOA,ChIJWULdJMqcU0YR_eISkb78Qmk
Pelargonian,ChIJawehCihvWUYRz9rCmt6_7dc
Skäggetorp Centrum,ChIJ53x-ja5vWUYRou1oMUUbXgU
Parkering Kolmården I Sverige Parkering,ChIJVRi28C4vWUYRkbhVcc9grQ0
Spiralen Parkering,ChIJbYvC8bI7WUYR1SVMkCmq648
Party Land Norrköping,ChIJMyarJrM7WUYR4QUtZnriGjM
AWA SWEDEN AB,ChIJE8-7BTxvWUYR2uznXgbLARU
Western Union - Linköping | SEND & RECEIVE MONEY,ChIJESLIgepvWUYR5vy3JOWC_4c
Säkra,ChIJYzmrMNj7WEYRSD4xa7zIxZs
Laserstudion Västervik,ChIJMfJ8OutDWEYRH_tj_a8FI5k
"City-Kej Produkter AB - Markis, Persienn & Solskydd",ChIJ3RGLJIZlWUYRanl9Os0jxm0
ANAR Restaurang & Bar,ChIJ2-g5KGxPWUYRZHNBCSl37pg
Arbetslivsresurs,ChIJZQfU8lfD60MRXgT5VwFmYzA
Abach HR Consulting AB,ChIJbRcT4kw6WUYRM5nHTDxP6yE
Verforego Sverige AB,ChIJa3vCbKI7WUYRQkY-IYWxbPM
Health made simple AB,ChIJ1_SP4o5vWUYRx1cw0O_ZBds
LW:s Träningsstudio,ChIJCRAxFUcRWUYRp7y-eA6hVr0
Alicia Petersdotters Kostrådgivning,ChIJg4ILu0o6WUYR9Gtx7sGjEsE
Federal Bodypiercing,ChIJO_PDJSVvWUYRFHUElndbJXU
LS Pilates Place,ChIJQ47HGso7WUYRlNpIFm0LS8g
Valentino,ChIJQTIVj99uWUYRuZ6odnnJRLk
Pizzeria Duvkullen Linköping,ChIJXzrnd5NuWUYRQI1pNSU5KXE
Pizzeria Marcus (Linköping),ChIJV1X2KDBvWUYRqvCZreZ0WTE
Pinocchio Rest. & Pizzeria,ChIJH6S9indvWUYRsKyMW6HCMqI
Pizzabakeren Linköping,ChIJw8MkD3pvWUYRq9v_TE2eO2w
Pizzeria Donna Grazia,ChIJcbmFJtluWUYRn1G8_setgU4
Finspångs Pizzeria,ChIJ2c7-jmRPWUYRVfb5eLwReHQ
Pizzeria Viktoria,ChIJpRq9OU06WUYRoAXSQkzZbuA
Kevins Pizzeria,ChIJq6qqapxvWUYRFflMRejgcNw
San Remo,ChIJo4FfTDYPWUYR9CqeA0mtRhs
Fenicia Restaurang,ChIJb9CF6ZI0WkYR2RdEpOKht2s
I Love Pizza - Visby,ChIJPTkkl7Kv90YRTDilybHCnFI
Pizza Hut Norrköping,ChIJM2K97iA6WUYRcNnI5nBYwh4
Pizzeria Adriatic,ChIJOVbWw0dvWUYRuE2-Yz6HwwQ
Pizzeria Linda,ChIJ1znW91I6WUYRmtis4n5-v9M
Hejdegrillen Pizzeria,ChIJHaD8g99uWUYRwmMFst-L9Sc
Mona Lisa Pizzeria,ChIJnwANSEBvWUYRrP_V3gCrf9U
Pizzeria Don Quixote,ChIJx4_5mehuWUYRQa54mXDdCIQ
Pizzeria Tre Lyktor,ChIJJ2FWlOXcW0YRXzBdcOZfunk
Vallastadens Pizzeria,ChIJV65_SnJvWUYRZKFZMGTPQzM
Adolfsnäs Handelsträdgård,ChIJE_8JXKDFW0YRdeXnil1oUvM
Vivax AB,ChIJ-wbP_5OiWUYR0g6bWqoO4og
Ängsträdgårdens Design & Växtmaterial,ChIJ1X510O57WUYRdS6C-SosUzU
Plastshop,ChIJte-eKnRvWUYRUVA4_6axig4
Plastikhuset Z-plastik,ChIJPRfqaDRvWUYRufUzgNwVL_A
CenovaAB,ChIJHVfJQFbWW0YRZr4dnizq7UY
Hallgrens Plåt AB,ChIJvQHu0I7WW0YRGw8DucRVdsU
Tgs Plåtslageri AB,ChIJL4kAAP4jWUYRlTJllF5qyXI
MK's Plåt- & Ventilationsservice AB,ChIJyzmtNDgPWUYRv9Xm5Ebb8P4
Gute - Plåt AB,ChIJe2F_JNKo90YR4JyD198nvnY
SSAB Emea AB,ChIJM24dbt5PWUYR3GMNALC13So
Östgöta Byggplåt AB,ChIJ_RCEhGR9WUYR6RuDFztMINY
Plåt Modul i Mjölby AB,ChIJlRxcG4_WW0YRauiaD23qDbE
Göta Plåtslageri AB,ChIJaYKrYX3WW0YRhx05t_qqBZk
Jonssons Plåt i Linköping AB,ChIJJRqBL0lvWUYRj8AO3rQPjKM
Plåtslagarna i Östergötland,ChIJB5JR76BuWUYRy8qTnqwDTGk
Söderholms Tak & Plåt,ChIJF3wUgzQ7WUYRvS8VK1D_49g
Erikssons plåt. Filial Norrköping,ChIJIXngmB63XkYRp2LoUIr4nGU
Bröderna Perssons Plåtslageri AB,ChIJuQJI_Dc6WUYRH1bOmdmtTTc
Elfvins Plåtslageri G H Eftr AB,ChIJVVVVVVY6WUYRiAEoy4Y4CH4
T Lindéns PLåtslageri AB,ChIJ77u8x8xoWUYRhYCtwR7aeMQ
Björkholms Plåtslageri Eftr AB,ChIJCdSBJa0jWUYRK4EMEy3lHbU
Plåt-Niclas AB,ChIJewQtF90nWUYRBH1R7MBy4AU
Abc Svets Service i Linköping AB,ChIJzZ69IctoWUYRV5sza9KHZRM
Linköpings Förnicklings AB,ChIJ-52trTRvWUYRpXIsQzMW_os
Stålgossen AB,ChIJ97ewQLU7WUYRr0xW4vko3uk
Vätterns Plåtslageri AB,ChIJpVNWJzndW0YRno1h23SdGnQ
Sund & Nåvall Plåt & Vent AB,ChIJd8-saos5WUYRFgPE_HTc4lg
HL Plåtkonsult AB,ChIJq6qqqrVoWUYRzRYY3Ka5uDM
Vikens Plåt & Tegel AB,ChIJx_3S_577WEYRMnYLQCrVj8c
Nilsson Jesper Plåtslageri AB,ChIJmUB3rSPuoGoRUKYmGRJz-vg
Balck & Hjelmgrens Plåt & Smide AB,ChIJAQAAAGw6WUYRfcZvS4d4yfI
Lettstrands Byggplåt,ChIJZ5B_pEZdWUYRTq1KTO0Ayso
Socialdemokraterna Östergötland,ChIJ9SVZVzQ6WUYRVmpvAgdxGe8
Vänsterpartiet Motala,ChIJewRlptHcW0YRmAoL8eHXpI0
Miljöpartiet Gotland,ChIJlanxoSqv90YR9_lojTNqjcw
Gotlands Distrikt av Centerpartiet,ChIJmwxYl9Wo90YRYQ1I-Kx3lk0
Kristdemokraterna,ChIJkc1_U4k7WUYR5xcRKEcDDz0
Sverigedemokraterna Norrköping,ChIJOTWu-jU6WUYRXGnOH-kyCKg
Vänsterpartiet Linköping,ChIJj8Up7yRvWUYRKd5CPczLyYk
Liberalerna Norrköping,ChIJicHjiks6WUYRaqXC4zSjuE0
Moderaterna Söderköping,ChIJ308SAyZ3EmURlgVJQ3UhDoI
Östgötapartiet,ChIJ2crENbM7WUYRFrkDzqrgGGk
"Pooltime Norrköping - PP Pool, poolpaket och pooltak",ChIJR6JRID07WUYRGskmxblLYN0
"Spa o Bad Norrköping - Pooler, Spabad, Pooltak, Swimspa",ChIJXxAWv5QlWUYR8p0c1LCh76Y
Svenska Pool och Spa i Motala AB,ChIJL0ak1nndW0YR0kBFRxXw4U8
Pool Store Mjölby,ChIJw_jK5N99WUYREczANueHxL0
Spasupport Sverige AB,ChIJt9x_OiVvWUYRP0NaNypkRqE
Folkpool,ChIJz0nL0VU6WUYRtXI2ixfYD5Q
Miwex Fritid AB,ChIJ0U1BoUkPWUYR3yTzlZhpdHw
Porsche Center Linköping,ChIJ29YPuR9sWUYRWqKbhqxFovU
Restaurante Alfama,ChIJ02ImvSRvWUYRPgM9fAI3t_w
Postombud på ICA Supermarket Skärblacka,ChIJKzf0uEpHWUYRdYvaGheC2-o
Uterum Öst Ab,ChIJNdotX8toWUYRAfuEaKBILy8
Minab Legoverkstad AB,ChIJuyn6Fs87WUYRpb_jfvTKUvQ
Nellispresenter AB,ChIJJ-4pK-uiWUYRorFNEsZEYik
Felicias Kakeri,ChIJS7NAmTlvWUYRIYczr9ust1A
Svenska Presenter,ChIJ35Tepgb7WEYRB6ptxsyhBVY
Brodyrverksta´n AB,ChIJa29qH96RX0YRX_sefxIy3UQ
Concept Cove,ChIJx7jXYGpvWUYRGScHGFJ9BmU
Mitas Hantverk,ChIJdfwPvR-hWUYR36yb2vmxbAk
Flying Tiger Copenhagen,ChIJBY9pN7M7WUYRWFpJUufA1SQ
Porträtt & Design,ChIJ10Hr8wRCWEYRlFQqrkBye-8
PUBLICISTEN,ChIJtXgKJw3jWEYRcdOU5nAp8uQ
Erichs Communications,ChIJf-bMlSRvWUYRiuhJAn-KmZ8
Gastro PR @ Mat & Vinlabbet,ChIJ1aTWDb93X0YRl_OzfGK5NDM
Werlab,ChIJvSEqoxtvWUYRIL8h6f3-NTA
Zoezi AB,ChIJ5fC-GDNvWUYRy6OWJ3_ssYE
Worldish Ab,ChIJneR0vd9uWUYRC_cGMe2-JnI
Cruitive AB,ChIJlToib8w7WUYRuE598TUsPoM
Ericsson,ChIJoxaSUzrdW0YRMLurvFKW40M
Innose,ChIJG8FiaNhvWUYRn3F3RLsWKCI
Medius AB,ChIJg8AzLiVvWUYRLhH4qSw_yR0
Software Point AB,ChIJrcEOK8toWUYRYZTYEDyxisA
All Binary AB,ChIJEb-oGHpvWUYRN79o1pGgGlg
Vitec Software Group AB (publ),ChIJq6qq_iZvWUYRBg-_BVZOHgA
Vewd Software Sweden Ab,ChIJT1ggzyVvWUYRrxtELFHUQ6M
Proact It Sweden AB,ChIJYaua2SRvWUYRU2VWbIdyEdk
NTI Sweden AB,ChIJyxuNHsVvWUYR_aia_cQl4qs
Prevas AB,ChIJRWzl8iRvWUYRHFNPm3uyquA
Symbolbruket AB,ChIJh-AUpOVpWUYRmsq-46ci0Vg
Novacura Linköping,ChIJEZ-6h3tvWUYRiBkS0--PYmw
QNOVA,ChIJFYxCyjxvWUYR_La0ye5UO9Y
Netadmin System i Sverige AB,ChIJic0MXHpvWUYRup7bOWO3kKI
Pitch Technologies,ChIJO15QKSRvWUYRDE6iNpCwSqo
Axentia Technologies AB,ChIJCeRTrn5vWUYR8tbzHAIzaOg
Vertel AB,ChIJd6H3VSZvWUYR0OJ9QuuS20A
BRP Systems AB,ChIJoXJW7ntvWUYR7-wQWMRUpKc
Avance Metering,ChIJKVDFYDRvWUYRuX-U6r2aT04
ARRIS Sweden,ChIJK-EJ2SRvWUYRjgJZb87AKwY
Atech Info Services AB,ChIJb0bhE8YPWUYRXyrAMQR29io
Sörman Information AB,ChIJE9mLpiVvWUYRoSeY2ieCosA
Idea Hunt In Sweden Ab,ChIJ6dRYzyRvWUYRqlgXhA_iTXg
Voyado,ChIJTyv5XjU6WUYRulKRifNmF4A
Mercell Commerce AB,ChIJkUh-1iVvWUYRE0Kq9hPRa1g
Wolfram MathCore,ChIJZUIPQHpvWUYRKtCBCb3sQ4s
PIXILAB TECHNOLOGIES AB,ChIJf5nuRy5vWUYRK-N3tNzRkWs
Hiristic DevOps DataLab,ChIJIS46YJZvWUYRnWEsb3txAIc
Nordiska Entreprenadsystem,ChIJ2XycXCRvWUYRnq9mioZWPOc
Agama Technologies AB,ChIJ-T8_MiVvWUYRz4PLenmW2-4
Opera Sweden,ChIJq6qqpiFvWUYRP4Jn7dLsw_w
Cendio AB,ChIJfUhdE3tvWUYRm8dKHNXBHwU
Mabema AB,ChIJic0MXHpvWUYRfuCbz0-05ZA
Industri-Matematik International AB,ChIJy6lAoSZvWUYRo6wnW_VSSjw
IT Bolaget Per & Per AB,ChIJdUrKbHpvWUYR1CX3dzRhhdk
Resolution Games,ChIJW0lpl2BvWUYRvU6dsQLwnnU
Pastell Data AB,ChIJtS2xOzBvWUYRyEaxJQYiMIw
Kilohearts,ChIJ7xloitxvWUYRqpJmg6IYuIw
Expandra,ChIJ_59KOXpvWUYR4_hakjUxDMo
Rosemount Tank Radar AB,ChIJ_zrmC3FvWUYRCpUP8fxJmgI
Insyde - Information System Developer,ChIJw48SpCZvWUYRlPW65icCaxo
Ides AB,ChIJ2YK__i9vWUYRDJJaDITSVmY
NIRA Dynamics,ChIJHcRhqXtvWUYRMf3d2T8Jhag
Synthetic MR AB (publ),ChIJbfSzPyVvWUYRZDKUDGeqgiA
Configura,ChIJa3-TuCZvWUYRag_s2HbTEcI
Altair Engineering AB (f.d. WRAP),ChIJL4Om9SRvWUYRmlyHFFUddz0
Softube,ChIJq6qqqi9vWUYRNW68XhZp1O0
Apertum It AB,ChIJZUIPQHpvWUYR9SREQ7RNC1A
Ida Infront AB,ChIJl7DVciVvWUYRSaB-6v6FNpQ
Interspectral AB,ChIJXbckaUs6WUYRnyHxgYBKr9c
Fasad mäklarsystem,ChIJq6oa0C9vWUYRdEy5haz6bOw
ILAB,ChIJlzy4l9HcW0YRmZYUdTxDT4w
ESS Vägsystem AB,ChIJNdTf2PJrWUYRdncZE042A-M
Pergas AB,ChIJYaHa4dLcW0YRTmEX3V7Nu4g
Briteback AB,ChIJObKeXz47WUYRDejpGRnqFRA
XMReality AB,ChIJCeRTrn5vWUYRYzGOazE675M
Beaver Codes AB,ChIJjw0coLI7WUYRNxN0CjV3NhY
J A Tech Sweden AB,ChIJpaZ83IpDWEYRleKMws1WJio
Dizparc Rationell IT i Linköping AB,ChIJASUVha1oWUYRpQ4AryhGjrI
Attentec AB,ChIJic0MXHpvWUYRv2VqDxzvL0E
Aktiebolaget Systemstöd Linköping,ChIJlZmDSiRvWUYRCjc0cxngszc
Formpipe Software,ChIJxbKoNSVvWUYRAi325tIF6U8
Aspire AB,ChIJVWvOFeIUXEYRk8OHtaPUK48
Next One Technology AB,ChIJ____P3BvWUYRzmMbWi15KzQ
Link22 AB,ChIJFSTKxhtvWUYRAgjOfu3Dm1c
Sectra AB,ChIJjWmVH3xvWUYRjXhpLxs5q4s
Design'N'Buy Inc,ChIJ51BbR0F9WUYROygZeEWvN2o
Dataton,ChIJYaua2SRvWUYRYvlLkPSD_30
RTEK,ChIJ3Wev8V9vWUYRFbtp5OmLNQU
UAS Europe AB,ChIJj8Up7yRvWUYRsQG7mL2OG40
SVWAT TUNING AB,ChIJLd4kNh07WUYRxn2G5mpkfdg
"EVRY, Linköping",ChIJe8Xz9nlvWUYRR7RE6eGPW8k
DYNAmore Nordic AB,ChIJD2YGPhpvWUYRJQnxQQna97o
Twingly AB,ChIJkd885CRvWUYRxYqFOmJxa00
Responsive,ChIJRQXOC3xvWUYRnE0JrA50pMw
Mediaempire,ChIJ6W9j5yRvWUYRYCz1CI8KICo
Lincode AB,ChIJTQC8QSJvWUYRpE6F2pIN7XI
Nordic Energy Audit,ChIJq6qqw3tvWUYR4ZOuMa2gAO4
MindRoad AB,ChIJAZV0iUJnWUYRjn9dEyY3a68
Openpoint,ChIJgT9ZHMeHNEsRGPlt6PHPnt4
Reventi AB,ChIJ5fOAsk9vWUYRTtBE37jHkEA
Drömbolaget IT & Webb AB,ChIJQdD_YFpvWUYRfycCY2mhB7o
Insight Sphere,ChIJ0VyMUYdlWUYRuW87iKH1MEY
Taelo,ChIJGzU9rkPsU04RKfocbRVHCXg
UCS Mindbite AB,ChIJsbQp71vJWUYRMSIVKyp-lyA
Gasolautomat.se,ChIJ1QvO_jNtWUYR8hff2WHmXqU
Gasolfyllarna,ChIJucC3NmI5WUYR5im7kF1V_ms
Dr Tomas Hvittfeldt Psykiatrisk Mottagning AB,ChIJF6THZyZvWUYRSrMd1J_T2rQ
Arbor Familjeläkare,ChIJ0U0MHho7WUYR7aEvuo7njLw
Välkommen till Montel Psykologresurs,ChIJVVUlfSRvWUYRQHUqY_OV_rE
Villa Marie,ChIJAwcLtzVvWUYRDbdaIqr8S1c
Psykologinsats O Wadström AB POLU,ChIJs-zC9zBvWUYRYqsiZxxVa2U
Charlotte Akterin,ChIJ2e42psN3X0YRQe3KnVyegSA
Psykiatrispecialisterna Sverige AB,ChIJv5SvRzZxeQYRYJIZQCB9dEA
Psykiatripartners i Östergötland AB,ChIJdXAyHiVvWUYRSbVLLujwruw
Konciensia kompetens,ChIJXY-TP9w7WUYRz0veitO38E0
Psykolog,ChIJ__8_gSVvWUYR-nJpBkugMHQ
Anna Holmberg Ålunds Psykologbyrå,ChIJDS3XsQA7WUYRYLp-sNWhWm4
Kbt teamet & partners - Samtalsterapi i Norrköping,ChIJT6_t0qw7WUYRvNzT56M7fk0
Psykologmottagningen vid Linköpings universitet,ChIJ2RktPQZvWUYRe0S368v1wNI
PsykologHälsan i Linköping,ChIJt0kU-k9vWUYRunGZPlMNJVA
Alstra Psykologbyrå,ChIJ2w-NlxdvWUYRR0HE94f3dm0
Leoson Psykoterapi & Utbildning AB I Psykoterapi & Parterapi i Linköping,ChIJG-SVOK07WUYR3l3K8XxGg8k
CoM kognitiv samtalsbehandling,ChIJt6XgkyRvWUYRvRFgc8qqw2U
Psykologresurs AB,ChIJD_Co2CBvWUYRDlfMB5KPvho
Reconnect Utbildning & Samtal,ChIJHzu4AyVvWUYRjdEoYZ5xuNM
"Irelation AB, Elisabeth Wahlgren",ChIJMSkmpDFvWUYRNAxxq0oE3Jo
Institutet för Psykoterapi i Linköping,ChIJuVlJxyNvWUYR9BQQmLheShU
Visus Terapi,ChIJX00IBYdvWUYRrT07szuTGSc
EFW Mottagning för Kognitiv psykoterapi/ KBT,ChIJJwPnLSVvWUYR39rJ3R9_MO8
St Lukas Ystad Filial,ChIJb99C4U59VEYR7jAQi5z3AmY
Kogna Konsult KBT,ChIJmQYenHU7WUYRsdxCspKYFm8
Gros Psykoterapi AB,ChIJB-fEw0w6WUYRjsejL-1Nb9Q
Psykologutredningar Sverige HB,ChIJ3xI7prM7WUYRw8gW6dSoceQ
"Psykoterapi, Lena Josefsson",ChIJa3IHKphvWUYRyt1R8FV54N8
ProSanis Psykoterapi Norrköping,ChIJ8a8HC087WUYRXupf9kJQoD4
Dennis Magnusson,ChIJReS1e607WUYRYwm6pwJ9rr0
Britt Mari Brage Psykoterapi Individ och Par,ChIJl-lYLzBvWUYR7sdOIOgg8XM
Relationsmottagningen,ChIJZbCLNSRvWUYRq8VYCghDfHU
Progressus Psykoterapi,ChIJw6MZhyRvWUYR7MYDm2X0e4w
Brengesjö KBT,ChIJP6bA8KptWkYRsZFRUiDr4_I
Relationsterapi Marit Berg AB,ChIJn_B6djxvWUYRUQ_NC3ZdnB4
Samtalsmottagningen i Linköping,ChIJIQ_Tm_BvWUYRGxfWNrHcVb0
LF Psykoterapi Lena Fransson,ChIJXalzkyRvWUYRIcy7k5vLLXw
MINDSTEPS,ChIJmQMlZslnWUYRbekWOzkkte4
ADLA TERAPI AB | Psykoterapi Linköping,ChIJkSPM3OlkWUYRPmpqbxy92Eg
"Psykologsamtal, Börje Lech, Linköping",ChIJH4JsTiRvWUYRwVA6mhvLyYk
Samtalsakuten i Norrköping,ChIJxSsDgrY7WUYRoAZBDtEttGo
PsykosyntesForum,ChIJofR0yCRvWUYRPEQeq2p4Klw
Psykologdialog Gudrun Österling AB,ChIJxxUclZlrWUYRdMEaSv9vwWQ
The Horse & Hound,ChIJMf6OtyRvWUYRcu-fO9zrQPc
Cromwell House,ChIJZVsXTzU6WUYRdTdYdCYF5ME
Ljungs Slottskällare,ChIJB2_RzGdhWUYRmcO2HO0dGhw
Backen Ölcafé,ChIJVyAotyRvWUYRo172wZ37cYg
SQ - Pulverlackering & Blästring,ChIJhdMv2inDW0YRD30u6Hftgpc
Telfa AB,ChIJ_____-8lWkYR_1rhLNCsh8A
Fnyk,ChIJB5Tc8oOwg4cRj8a4Zk1We4E
Mantorp Park,ChIJ1XUZyS99WUYR2GUpJEG_dck
MOTORKLUBB 5100,ChIJ9yoAyYx9WUYRudlG2Pv3rHM
Gotland Ring AB,ChIJPSq0KCuv90YRhNlgF3VCM88
Sveriges Radio Östergötland,ChIJVfpmxCRvWUYRenDOaJ7sQ8Q
RAMmakaren Städservice,ChIJdy1mSgjhW0YRTHa1ItSaziQ
BGA Fotobutik,ChIJx4OwP006WUYR-Y8M8Ioco_A
Vadstena Konstinramning,ChIJ_yK8_aDFW0YRrMkWLKH8whE
Vånga ram och konst,ChIJO7rEf1RDWUYR-7olI9rTUoo
CTEK,ChIJXdnbG6A7WUYRGzQlKSsuJq0
Hammarlyck Rehab Team,ChIJ____DyJvWUYR2MgVH_BiXLc
Eleonora-Gruppen AB,ChIJPw9VcS9vWUYRyFTvC6XBIv0
The Drawing Room,ChIJoxQ_wKI_WUYRwLU5jX0v3_k
Alphaohm AB,ChIJVVVVVR46WUYR9SsEM9NtOc4
The 41st story,ChIJabxCAYpvWUYRBJDUKrBEBeo
Vildblomman,ChIJQz3E2GcnmkcRw5Uc772KYM8
Enjoy Life,ChIJo-RzsRM7WUYR3FEAOcaisuk
Fluid Reklambyrå,ChIJGSV7Y_FvWUYRc333DnZpDYc
Advertising Space Sweden AB,ChIJR4ay6yNvWUYRIL1uBfD4NZU
Twizzly,ChIJldFTStJtWUYRjXUihMymWw4
Markus Reklambyrå AB,ChIJ84Gp9C9vWUYRZLEPdue6vUI
Totalmedia,ChIJ18tpy5BPWUYRbof9JGxzf8A
Mediapartner Produktion i Vimmerby AB,ChIJp6Xn6VvJWUYRZJaT9QoZALI
Linkin,ChIJ5zV-8S9vWUYRKYsR0eZrZCw
Lars Jenå Reklam AB,ChIJXc1AOLVoWUYR49-12qxJXKI
Identx,ChIJHc3QtiRvWUYR9kFWjL2ejqk
Björn Rallare Ab,ChIJLQk9sTtvWUYRDy67efX_xPk
"Fri kommunikation, Österlen AB",ChIJ6UJXmAlcVEYRmA4FQTWiylw
Mediahavet AB,ChIJYZvnnuTtWEYRLrouYxZkS90
Stratwools AB,ChIJ97plt1ZDWEYRCt8N1APoaMg
Din Marketing Coach - Isabel Azcárate,ChIJY6fu4xkLXEYRsv5qRrJSh0Y
Pdesign,ChIJ8eyhwKxRWEYRrKa2tJ202BU
Everday,ChIJu0rHQUBCWEYRwbEAya-lbNc
Kreativ Kraft i Linköping AB,ChIJZctN-iZvWUYRGkrsyp4EtpE
CG Station AB,ChIJj4f3z0w6WUYRcEPj64UyD8U
AR2 Reklambyrå,ChIJPSeP5yVvWUYRLBb4Z18BG3w
ProfilPartner AB,ChIJ1dDsuspoWUYReHrwO7zd9TM
Svensk Direktreklam,ChIJVVVVFSo6WUYRm0IQpqT0bHc
Byrån Kommunikation,ChIJQb5l_XQoWkYRFqND-osJHIE
Webdom,ChIJR2npFSVvWUYRVEO3DuBNX4c
Lin & Halm AB,ChIJUWe7NTNvWUYRKkcCohPFI7s
Visual React,ChIJ5WdgpbaYHCcRGngUwgCbXYo
Taloj Kommunikation AB,ChIJdSLGJq4VWUYRAQtBilI3wtg
In The Cold AB,ChIJuyAKCvp3X0YRqWF4DqAj97U
Gothia Management,ChIJR5zzuoOlLUcRMGVII1nOXnQ
Getonnet Webbyrå,ChIJozjK4zdvWUYRFd0iHIi_bJY
Goody Sweden AB,ChIJ36GU2E1pWUYRVZMLCPV2dWY
J:son Jönköping AB,ChIJIZahSBFtWkYRCoOWas2o-iM
Marknadsbyrån,ChIJsbcTSTpvWUYRLe0U7mLWKog
Skeppsbron Reklam AB,ChIJrzcCIDZCWEYRjrIttBM9n60
Industri Support Värmland AB,ChIJEdV9SLc7WUYRUaVEnlDyqd8
Professionals Nord,ChIJ0bXQEiJvWUYR90IhfbVOOhI
Centric Professionals AB,ChIJ2Yoa9yRvWUYRn0aifMLKW18
OnePartnerGroup Linköping | Rekrytering och Bemanning,ChIJU3Dm1QRvWUYRzPzp1kkFtks
A-hub Östergötland,ChIJ9TqgSpRvWUYRiV4mFJiUXrg
Remoted Nordic AB,ChIJ21EiEbU7WUYRdG1yIsjcZX0
Randstad Norrköping - Rekryteringsföretag,ChIJ0VmeW8o7WUYRDTh_Y1-tRu0
Skill,ChIJxfKKvffdW0YRIIniOR_2ooQ
Empower Executive Search Scandinavia AB,ChIJh7OpmZlvWUYRnY0hwfud8YI
Jefferson Wells Linköping,ChIJpXbi9I9vWUYRgHiyE3txqcI
Studentwork Linköping,ChIJe3VwQiRvWUYRfFiimnjkT6A
APW Rekrytering,ChIJfxd8sisVhG8RdbXHaXOSkg4
Städshoppen.se,ChIJ20ODhMNvWUYR-8h1IHHWT3k
Swetex Städprodukter Linköping,ChIJbS_65IxpWUYRLC9f3wfcN-4
Rejmyre reningsverk,ChIJa0HHxABNWUYRdddD6mYBODk
Berndtssons Byggservice i Linköping AB,ChIJ____L-5uWUYRNC5i8Xu5s9Q
IP servicepartner AB,ChIJp41FUYojWUYR6VdyyBYOnII
Kyla & Fordonsinstallationer i Linköping AB,ChIJ08bsW81uWUYRzMiud4SMtKU
Pumptjänst i Vadstena AB,ChIJJeycM5zFW0YREsaFoZTyDX4
ColorGlo Linköping,ChIJfbSQMy1tWUYRHghda02PIOA
Kylarspecialisten i Östergötland AB,ChIJbyJWFDQ3WUYRovOFoHkKZlM
BlackBox Rehearsal Studio,ChIJM9FlNABtWUYRvILyBzbAba8
Gryts skärgård,ChIJx_N1tr_rWEYRGdCJRMN7F1E
Skärgårdskompaniet,ChIJZ4dGa7_tWEYRpLxGwmWW5d4
Exodus Resor,ChIJL2ORnXm9U0YRbog_ZlSmM0k
Your Gotland Tours,ChIJNbo33ywb90YRzeMMG7ZAiUw
Anderson's African Adventures,ChIJ72SDN9snWkYRkY4s3ameOqE
TEMA,ChIJlSuwB6p5X0YRdeFhBaoSy5o
Drivers Club,ChIJQcCVsSEXRU0Rsqkce4vPQmM
AB Resebyrå Vikingbuss,ChIJU89UYSRvWUYRBDCFPh5mPJ8
Lingmerths Resebyrå AB,ChIJn0N89yRvWUYRXTp1nXP3hyc
Grand Travel Group Sweden AB,ChIJbfSzPyVvWUYRxLlsbFiXC0w
American Express Business Travel AB,ChIJj8Up7yRvWUYRAm-eJQQT0wY
France och Scotland Tours,ChIJAXYpr7M7WUYRKDO3S1X0dzE
Norrköpings Resebyrå,ChIJKx4F77Q7WUYRoLltrUoYtvY
Buss-Åke Karlsson AB,ChIJT_zj3NknWUYRSPYCR34L7ro
Tigris Resor,ChIJYbvEhzU6WUYRY3Yz6Fge3No
King Tours,ChIJEYq0jrwqUkYRmcPKoDNfaQk
Hagströms Safari,ChIJQ1hueocnWkYRmJ_PKw-xMxA
Norwegian Air Shuttle Asa,ChIJb7sjfXC-X0YRwNPsSBN7DIQ
Ticket Resebyrå,ChIJ60bP9KxoWUYR5gbiNSSuLjo
Travel & More Norden AB,ChIJDf-Gz6Kv90YR1D4uwZ0_ucg
Kanalkrogen i Bergs slussar,ChIJj0EEZPxnWUYRTVsEZdjsH-U
Väderstad Centralkrog AB,ChIJAQAAAMDNW0YRfcvogNZ6SjE
S:t Annagården,ChIJ-XeCARvoWEYR4t5Z0t35Gv8
Pizzeria Rhodos,ChIJW0yTwpdrWUYRcr4Fjgtnt6A
68ans Pizzeria och Restaurang,ChIJtSbf2JxvWUYRfo_HVLryrM4
Massimo,ChIJsQOC37FvWUYRIJWDENzXmws
Pizzeria Venedig,ChIJ-9bm8OduWUYROleZ8xZyar0
Venezia Rest. & Pizzeria,ChIJp5m09DBvWUYRw_QtK_mNhe0
BESTIA,ChIJ9xny3FlvWUYRhxppFAVtjug
Pizzeria VENUS,ChIJS1sOeT9nWUYRHkA9cePoyfQ
Hörnet Restaurang & Kvarterskrog,ChIJOxkr1hFnWUYRrjUcSUrKWRY
Pizzeria Dacke AB,ChIJOzcIwvTWW0YRiNv7axJ2dUg
Valentino Mjölby,ChIJLbqwCV7WW0YRu89qUZBM-K0
Yamyam pizzeria,ChIJ3Zdti7I7WUYRSZPsHESnN08
Ali Baba resturang & Pizzaria,ChIJsVKy6DM6WUYR9cpsS2nrYzM
Västanå Grillen & pizzeria,ChIJXYdAeKnQW0YRzGy10ZtQPdg
Grekiska grill och bar,ChIJIy-Xua0jWUYR9_RxgYNixPc
Pizzeria tre kronor,ChIJS0nyCQvFW0YRKqjJ6RttsgA
Bondens kök & mjölkbar,ChIJz5jyccIuWUYRJKEg_EFSHY0
Brasserie Storan,ChIJu4kr5SRvWUYRnIXj9OHEJmI
Brödernas Kök,ChIJg-Uo9HtvWUYRPanA26mNQR0
Charles Emils,ChIJy1bbD85vWUYRD87I_t15Baw
Ganymeden,ChIJbfCDZjNvWUYRf_fKvq4IOf0
ÖK Smak & Tak,ChIJzW1-fb9vWUYRwW-StU564_E
Torn1,ChIJ7U16CTRvWUYRnCxVbAP59TA
Brasserie Grand,ChIJ-3tcfeFvWUYRGb2D6DN30Dc
Kårallen,ChIJ7yXRH29vWUYRd_zySHVQCTA
Restaurang Jord,ChIJhZDlNDJvWUYRsqVQVNJcOnY
Sam´s Noodles Mantorp,ChIJV1AHuNN9WUYRVTF1Lpa-K8E
Bistro Serrano - Restaurang Mjölby,ChIJY12e8l7WW0YRZtik3EyiBO4
Mat & Café 71:an,ChIJYRjK-iTDW0YRqUM_BGIUJSA
Tapas & Cava,ChIJw8wO2qrdW0YR-O4pvJkMZ40
Restaurang Balkan,ChIJOzDb-tDcW0YRLAOsGOio2VI
Vättershall,ChIJ67_5DyfDW0YRpuUAGzZ6y7E
Cafe LA - Husmanskost & Thaimat Norrköping,ChIJCzGQXTQ6WUYRdiWQwo-7j3o
Brasserie Lounge Dinner Coffee- Café Norrköping,ChIJ5xN3yrQ7WUYRSjMYWm8v46A
Paus kök & cafe - Restaurang Norrköping,ChIJm1vjU7M7WUYRgbNdaGvXgDw
Norells Mat,ChIJ_Te0uzU6WUYRE65Q0OgdCg8
Kårhuset Trappan,ChIJifq2rDI7WUYRUq-d4GuCH_k
Lingonfabriken,ChIJAQAAZLM7WUYRQJG_Ith60u8
Trädgår'n Norrköping,ChIJNdauWGs7WUYRlpLkrbn1qPk
IFK Norrköping Konferens & Restaurang,ChIJW8RAiMk7WUYREAbyRW1NN7o
Urbane Goat,ChIJP4sSf7M7WUYRnAW_FJha8Jo
Brasserie Tullhuset,ChIJ2f1vGJo7WUYRGwpND17lCN8
Kvarterskrogen Asken,ChIJEys9yrQ7WUYRVYu_tR6xNmM
Härlig Pasta,ChIJLyePaks6WUYRxHgPJJkAyic
Restaurang Villa Flora,ChIJgVTgzBI5WUYRCMUXmLAIqWs
Skänninge restaurang,ChIJlS__SqrQW0YR4YL1av6fiwc
Lilla Blå Café & Restaurang,ChIJcyYCUtL6WEYROIuXTTcGMAE
Bakfickan Valdemarsvik,ChIJhVo6_e_7WEYRso11Psblvx0
Stegeborgsgården,ChIJ-WrsCQXfWEYRf6HW1tuX6FQ
Åtvidabergs Hotell & Restaurang,ChIJmWmLkeYPWUYRAGzN5Qw4bNw
Vätterhästen Restaurang & Café AB,ChIJe2VhatjKW0YR-gZUSWoeNU8
Made by Emma,ChIJu0SIyJGTWUYRzxUsyMM393o
Finspong conference centre,ChIJcWSePOhPWUYRfH_kpaFl7lo
KFC,ChIJl6nBP1TXW0YR2FJrv8PqF1U
Kyckling Kebaben,ChIJEeGtbrM7WUYReUtR4ktUPpQ
Restaurang Vindruvan,ChIJJej6C5c7WUYRG8rEeMQ3Fk0
Siam Thaifood,ChIJSUZDuK0jWUYR8UsPcSs6F2o
Bakfickan,ChIJCwMN8bIjWUYRRLGrSZLkz_s
Joan's Finspång,ChIJl1gPQelPWUYRKwAqmMVN8W0
HälsoFreak,ChIJT2ab_SRvWUYR-R5-2tbgu3w
Rådhuskällaren,ChIJE_8JXKDFW0YRTTPBZSxC2gQ
Restaurang Wasa,ChIJLSDjtaHFW0YRxX7TeeINVq0
Grekiskt & Gott,ChIJp5m09DBvWUYRvqOiNkp1D9c
Överste Mörner,ChIJkd885CRvWUYR7snVhS7eFkg
TK Burgers,ChIJHVpGz-JnWUYR-OnZyMZxOY8
Elsas Bar & Kök,ChIJeXVLxRTXW0YRS4IntutQKAc
Kings Corner,ChIJuS-JNY_WW0YRFFSybMO5wAE
Skrymslet under trappan,ChIJ54a6LvA7WUYR4mkfwufmuT0
Sahara Restaurang & Lounge Norrköping,ChIJwW2Uljc6WUYRH5k1_5uf4yE
Restaurang Perssons Pojkar AB,ChIJLUFsjsXcW0YRY36fm9BgfhY
Östgöta Kök Linköping,ChIJTcwBDaZvWUYRojhBdCweMmA
Drottningbaren,ChIJ79anSSNvWUYRf3e0RQXG6Gw
Oscars Catering i Linköping AB,ChIJDxz0JDNvWUYRZnYjxVlpiR4
Stångs Mjärdevi,ChIJjaUQhwpvWUYR8VBXQUdvplo
Bistron Restaurang & Catering,ChIJrZc1jAE9WUYRlJcdjwjE6ik
H&K Husmanochkök,ChIJnf7SgEs6WUYRfbmxDYPi3iE
Restaurang Mariebergsgården,ChIJub5Ab58tX0YRwJoMkFktQ78
Viktors Depå - Lunchrestaurang Linköping,ChIJncHQIcttWUYRrE4H83zQLtk
Restaurang Svinneriet,ChIJK7JXpZtvWUYRV1Rq9CdzvkI
Matverkstan,ChIJeU9xCyxvWUYR3gwCN-ZnASc
Bistro Mejeriet,ChIJ4fQpJdFvWUYRXdo994_w-KM
Mickes Lunchrestaurang,ChIJ4WMYKypvWUYRdgbgGxIT3qQ
Pegs & Tails,ChIJwXdT4C5vWUYR8gw7yiqE5VE
Restaurang Skyline,ChIJUdKBytpuWUYR-27uo9FsfOo
Lilla Aska Gård,ChIJq6qqqvZvWUYRknZ-ulntE80
Nya Restaurang PS,ChIJPbrlOk86WUYRj1shud0-RU0
Restaurang Krubbstugan,ChIJ_____8xuWUYRsx0BAX0eDP8
Vadstena Golfrestaurang,ChIJV-DHxPDFW0YR3iPIow5ied0
Restaurang Husman,ChIJpQWVl3tvWUYR2tX7LCVnrkI
Malak kolgrill Restaurang & Event,ChIJx9eaGndpWUYR8YUV0X2g0Ac
Marinettes mat & cafe,ChIJIdDP8GsBWUYRPNtHTYgPqeY
Hanna's Kök,ChIJkx8QrOg4WkYR3Pf5uEYa6PM
Kitchen & Cocktails,ChIJRWP7YY47WUYRyyzr0GvKTNk
Wokastic,ChIJxbFWwjk7WUYRGfyynG7XLxM
Stadsvakten,ChIJoX-jmUs6WUYRGymKtj8fweE
Mr Wok,ChIJN6CgJtrdW0YRX30ZAYJlZxg
The Lamp Restaurant,ChIJ7fnwa0s6WUYR_I5hH6eDii4
Aya sushi,ChIJlzLuyv5nWUYRlXxcW3mYpk8
Tao Noi,ChIJAU4VbYI7WUYRoqHC33StMpg
Azia wok & sushi,ChIJkb-k0mtvWUYRjMsvr91Qgwc
Stegeborgs Hamnkrog,ChIJ8cwJTf_eWEYRXGAhJIStRvE
Forsmans på Aspöja,ChIJ9yLQ04LDWEYRMxVTy7yb_4c
Restaurang Loftet,ChIJG2FPa1LrWEYRwDBcwtLmd0k
Brasserie du Sud,ChIJzT6nYcR9VEYRn7qmWor1PCY
Gotland Gastronomy,ChIJq6r1MdSu90YRjhmUpruipCs
Djupvik Restaurang,ChIJEcEIoaed90YRCsAzusFALRo
Mel's Diner Hamnen,ChIJB17hjsSv90YRnGSwfU95vXw
Vila Bar/Kök,ChIJ-boLbko6WUYRu37aHvI6Q3o
Titans Sportbar,ChIJndRMukw6WUYRygKlTRUdxjk
Hugo Stekhus Klubb & Bowling,ChIJ725k9zU6WUYRM8b0OE64t-c
Hamnkrogen Lindö,ChIJSVd2YUw7WUYR_g7YIqT0gAI
Pigeon street,ChIJcxoS2cI7WUYRqT9-h7dBkkM
Ölhaket,ChIJX0dWd85vWUYRDqXWl83tjys
Pizzamakarna,ChIJyyEZ7ylTWUYR10pH-yQam7Y
Sushi Mjölby,ChIJQ25r-5bXW0YRjSPOGUkGjYA
Ölstugan Tullen Linköping,ChIJ_Y8K1hFvWUYRPLYiGKALTpE
Foodtruckar,ChIJ6Q9hk05vWUYRz47MrLFy6NM
Vasa kolgrill,ChIJ13HMLjdvWUYRrqp1hElppwY
Bierhaus,ChIJH31ZKPtvWUYRTgwgCnHZHf4
Innergården Linköping,ChIJd2sqyCRvWUYRFom2SAvayAM
Tornby's Pasta Kök,ChIJGZs4TGhpWUYRNJZ1sFurjoo
Opa restaurang,ChIJxWTEXzRvWUYRG3fSzY7YdF0
Matluckan,ChIJAbH1VPXFW0YRJVwBHOS2RFM
Vikens Thai Chilli,ChIJOXpCU5H7WEYRbQSqn1pLUig
Flamingotrucken,ChIJvQQJdUBvWUYR0MmIkIogtSk
Don Luigi Linköping,ChIJ8YLYEvFvWUYRoJVxydCNq-E
Paradis Du Liban,ChIJO0QTfso7WUYRO9nX2NidpWo
Dahlboms Mat & Bar,ChIJbZ6ZDtRvWUYRkHs6dsR8LQ8
Restaurang Remmaren,ChIJdUK1aUk6WUYRTyLGRfr8z7o
Vy,ChIJvQ1V2U87WUYRDNkSVD2KXWI
The Knife,ChIJm9hdPiY7WUYRRwT62dPht6I
Bistro Le Bon,ChIJ8yuPcAA7WUYRMO7YsFht3Fg
Vingården,ChIJWRj3R-J3X0YRvzKCf9AVwY0
Kinda Restaurang,ChIJc8jd-1d1WUYRCy7xcFUZtYE
Jason’s Matstugan,ChIJo6I6e8tuWUYRhtXv5rl5b5o
Turbulens Bistro,ChIJUe7kxENvWUYRNYdH83XSneQ
Musteriet,ChIJ_Xxkn3K3WUYR_i_rJzANtLE
Sunhults Gästgiveri Hotel & Restaurang,ChIJWeFDpdUhWkYRvaAvq9PzUOs
Nysjöns fiske,ChIJczzxC9WpWUYRg0_ES90yedE
Lunchcafé Pelargonen AB,ChIJMVNqxGAoWkYRtBfASU-avYY
Shake sushi,ChIJLbqIUehvWUYRYcyhBJFrtw4
Bistro Belle,ChIJI_omK6EjWUYRBWiRJJqL18o
Petri,ChIJsVkOdlKdX0YRewVcEbG_XuU
Citat Vin & Mat Linköping,ChIJwx3t-ElvWUYRpPHp0u-4Hwg
Picoteo,ChIJxb1aA55vWUYRoKxwyeMg0nI
Vi2 Fresh Food and Breakfast,ChIJ6anX6uhpWUYRGft8jKH1xJE
Efendys foodcourt,ChIJI3Vbrm87WUYR05Y1MpUAnXA
Open New Doors Bahnhof,ChIJJ8blkLh9WUYR8KJrgRSkD9A
Kärleks restaurang,ChIJocguVNL6WEYRzt_D8RK3Gds
Cioccolata Bistro,ChIJX87b4iRvWUYRJ4yRgxiQQdg
Steve's,ChIJUWOLXMFvWUYRhqj5rB4kGq0
La Patrona Sportbar & Restaurang,ChIJH7Ww2A0PWUYRymdMm4IdWFk
Hugo,ChIJBbYZOe9PWUYRPkMUL3zaItM
Tyrni Restaurang,ChIJ34KX27f6WEYRZ86KAfnsBS8
Palatset,ChIJXyEXGyRvWUYRkziso4rlwqA
Biljardbaren,ChIJHUhPK006WUYRYEHLjYPRxfM
Harrys,ChIJK95UGxY7WUYRA9pgAPbuKN4
Durkslaget,ChIJyZe5Z8o7WUYR2NxdcDANtd8
Hörnan Bar & Käk,ChIJZb9qSTtvWUYRsvBsu1KbWRg
Ströget Café & Bistro,ChIJuZp_4dDcW0YRsLck3Lmp08Q
Quality Hotel Ekoxen,ChIJaXDu0yNvWUYR98v4JTQGVDA
Restaurang Tre Bröder,ChIJVRlgm0BnWUYRCDXPSzkGdeY
Brasserie Bouquet,ChIJb2VXXyRvWUYRSz4HUMM3ymk
Oliver Twist,ChIJIX55UUw6WUYR5WEldfNQhcM
Restaurang Port,ChIJJUPEClZjVEYRevPWw_UXv2Y
"Frimis Festvåningar (Frimurarsalen, Pelarsalen, Vintergatan, Innergården, Nattklubb Metropol)",ChIJgfOxj21vWUYR4Hm4a6micH4
Hamnkrogen,ChIJsdFBS8XcW0YRebJpE29xHR8
Vilbergen Bowling Center AB,ChIJZ_7GGr87WUYR9XQ1EsF1bfs
"Lock, Hop & Barrel Brewery Restaurant",ChIJrbJ55q0jWUYRqO-9wSdrPDQ
Uvmarö Hamn,ChIJLV97i6TnWEYRHaKyH9a465M
Kockduon Lunch & Catering,ChIJPTV-XElvWUYRGd8fKia2IzU
Ryds Herrgård,ChIJGacfd2BvWUYRv__rShgukX4
Matkultur,ChIJTencfJRpWUYR7zEBAIKhLQg
Restaurang Skepparpinan,ChIJewRlptHcW0YRURDAD9bXvM8
Rasta Ödeshög,ChIJl2uBppY0WkYRK5m7Px7SOLE
Flott Gatukök,ChIJ3a8u8SRvWUYRoQUZwi66cpM
Frasses - Restaurang Söderköping,ChIJy6Xox0oiWUYRsc3KfvHyT3o
Restaurang Vänner & Vin i Motala,ChIJLdhyfNDcW0YRq_vpiRxJjkQ
Le Borgate,ChIJ0U742DZvWUYRl25y0fpkuNk
Calle C - Restaurang och café,ChIJ068zwpVlWUYRkY7q4iHF8xE
Food & Family Tornby,ChIJu0bP9KxoWUYR_tVKPYcOb4g
M&ML | Norsholm SlussCafé,ChIJS7SCUQA_WUYRUgJMdjF-H30
Hotell Vik,ChIJrQQciRTfW0YRS1vOKFfyQpo
Tindered Lantkök,ChIJeT9uTnBXWEYRyjzhF-7IxHo
"Kapten Bille s Restaurang, Logi & Ställplatser",ChIJi3XxUrw_WUYRl6usUL1y6us
Dynamo Deli,ChIJbRMVKoA7WUYRsIJpMYUsPnw
Skövde Kulturhus,ChIJhfmkpDACW0YRXGWtH2Oek0I
Max Burgers,ChIJXVEpfZ83WUYR4omKcIDHSa8
La Beirut,ChIJKT5clfLdW0YRwPry9gAQ-rY
Berlin Döner,ChIJW3AgZyRvWUYR5AV3xE2tLWs
Sörgårdens Gästgiveri,ChIJ9b-bXlVwWUYR73uXQe6E6Mg
Brostorps Gårdsmejeri,ChIJp6KYjsqLWUYRA7ac3lrYZiM
Scandic Norrköping Nord,ChIJzS5OpR86WUYRxKsyv74VqZ0
Kårhuset Kollektivet,ChIJbxdL2CRvWUYRUjh28p4GdiA
Strandgatan två,ChIJd6H3VSZvWUYRC1UtEAZF0a0
Sjökullen Farm,ChIJ1VGNsnKNWUYRTJ6vMPHPcGU
Restaurang Piccolo Mondo,ChIJA9fbACw6WUYRnUWV0mJXQQU
The Black Lion Inn,ChIJH9qCGUs6WUYRMrUlQ4ehI9c
Mitropa,ChIJt3Uevko6WUYRljCH9-QctoA
Farsans Streetfood Linköping,ChIJVyPqU2NpWUYREvC2yHO9BYw
Cok Najs,ChIJgSxa3yRvWUYRGBaxA20Kh2U
First Camp Kolmården - Norrköping,ChIJO0qQ_00uWUYRaoMKOUc-DP0
A&M Sushi Bar Sjöbo,ChIJG9di9_6JU0YRhaF58F-jzwM
Värdshuset 1 i Motala AB,ChIJUeA7iO_dW0YRCi0xseSUv-c
BIG STORE SYRUP AB,ChIJA98t2B9sWUYRbJxiWrMoE2c
Serveringsbricka,ChIJR9PrXs1uWUYRwrkNSH11N_Y
Snabbgross - Linköping,ChIJwf2-Ak1vWUYRqdKuwD9l5ec
LR Revision & Redovisning Östergyllen AB,ChIJcdtpNvjfW0YRoz1R89P3eoY
Lars-Eric Nilssons Redovisningsbyrå AB,ChIJ0UwHVF7WW0YRSqD19lRxJ9k
Sandbergs Redovisning & revision AB,ChIJAQAcedrcW0YRvwgoU5LUHhU
Theorell Revision,ChIJ6ZFGOjcPWUYR0N7iRC3gQZg
lundbergs ekonomikontor,ChIJZ55lLmiTWUYR5UQT0sJ9yG0
Ulf Sundin Revisionsbyrå AB,ChIJM2hnhyRvWUYRYPI2YlOvnHk
Furlands Revisionsbyrå AB,ChIJYymLC17WW0YRaZxdGxg5xbE
Asklöfs Affärs- & Revisionsbyrå AB,ChIJ4fjA9ydvWUYR4HCGtdUQa8A
Ackes Bokföring,ChIJ0xclqzFvWUYR0iMhm3b14r0
Revisionsbyrån Effektiv,ChIJj8Up7yRvWUYRa72G9ATGtX4
Kolsbo Redovisning AB,ChIJky5opwjWW0YRxiY6fi2dZGM
Propola AB,ChIJq6qqakVvWUYRIO-EqaGclks
Skedevi Torpa revision & ekonomikonsult AB,ChIJ0csBrX6vXkYR7SjkSVLn0yE
Effektiv AB,ChIJQzo3ZyxvWUYRgX9TQvQDnCQ
Hanko Redovisning,ChIJL8VriDU6WUYRFvQwb7El9tE
Rendirkonsult i Norrköping AB,ChIJgxhPi847WUYR0KWJpYF8KH0
Sudrets Redovisningsbyrå AB,ChIJzQybQzGv90YRXmS8mRfyf8s
Proffek Ekonomikonsulter HB,ChIJ48q92TJvWUYRq-bHi0jzElY
Deloitte Linköping,ChIJ74av1SVvWUYRcSY5RJY46uk
KPMG Norrköping,ChIJc1Ps_LI7WUYRRyNWWo5ALHA
Söderköpings Revisionsbyrå,ChIJAQAAAM8jWUYRpTWBK9wFdrU
Emmishopen,ChIJcY2JcXNkX0YR51ZFlc52xmQ
Islandshästbutiken,ChIJO0zQGBZhWUYRwvBrLyKIk6E
Dressyrhoppet AB,ChIJI19dBUk_WUYRhCK3jGntE-k
Söderköpings Ryttarsällskap,ChIJ45aatE8iWUYRAZ2AkPssdP0
Boxholms Ridklubb,ChIJaVRiYt8qWkYRwxUQmWnIpWc
Stall Bommedal & Ekblad Stables,ChIJjezMUwEjWUYRMsX_4mtwGDc
Kvarngården,ChIJLfiKwKVwWUYRvR5qvUswJIs
Tingetorps Islandshästar,ChIJgQyIXfIBWUYRUW-tr4BMa7A
Ängstugans Hästcenter,ChIJwRGEyDNwWUYRLTa_IFQTVgY
Sjöberga Islandshästgård,ChIJ_TxS5JETWUYRkVtAxqlZ9w4
Bärbäcks Lillgård,ChIJOwsH9VTUW0YRTbVGEnG-u_c
Hovero AB,ChIJJYl3IzjRW0YRYPy_UDEtNLg
Stall Roempke,ChIJ49sZqTRGWkYRuMYUFsDOalg
Heda Ridklubb,ChIJJ2aMMgpnWUYRNpTepX0-Mec
NORF,ChIJG58mN2Q5WUYRz0mJc8GebAw
Mjölby Ridskola,ChIJ53AiBg3WW0YR3Y5B6RjO644
Motala Ryttarförening,ChIJS9aAgNrCW0YRIY_zuFIXwec
Rappestad Ridskola,ChIJ5zW8uIRkWUYRNbWmlMQxQWk
Ydre Ridklubb,ChIJb5lu1NeSWUYRasYnG58dVx4
Kolsbro Häst och Fritid,ChIJVQIBtBbPW0YRl2yJqm-HPtI
Ödegårdens Islandshästar AB,ChIJwwP3hulkWUYRr7OUEagjhxA
Smedstad Ridsportcenter,ChIJf6dq6A1vWUYRQpv_O9amDlE
Stenholmen islandshästcenter,ChIJzxTq_9llWUYRzaniU2qiPcA
Buildility AB,ChIJ93T2qZxvWUYRetErKG8ys3I
AKON Service I Norrköping,ChIJBwubNT8jWUYR7qAtFrFb6LI
Demox AB,ChIJ5VgG_JU7WUYRjQVJVYVoMbA
Sundmans Riv & Byggservice Ab,ChIJ_6N-TizlWEYRCUTHUNBFIe4
NEXO AB,ChIJ67zTLXo7WUYR50RL29LFWP4
Holy Greens,ChIJnZR_l5xvWUYRrMLyq2uK4yY
Servicoating AB,ChIJt7AkiwllWUYRjMEmIYd9eTA
Bläster Akuten,ChIJh0kWPotmWUYRfPA7etIdO8o
"Sanero AB - Sanering, Torrsugning, Högtrycksspolning",ChIJw0bQ_046WUYRpc-JVQKsxjE
Haga R.O.T Service AB,ChIJcwpvCPo6WUYRLHVNaeOR9EQ
Östgöta Sanering AB,ChIJTyN8fx46WUYRncPlDWCnpJs
Sofab Sanering & Färg AB,ChIJk0h8tFXXW0YRzL53lt9ITFg
FREJAE AB,ChIJHR1XMojxWEYRusITzyKKMKE
Folkparken Produktion,ChIJJWnz4uBvWUYRLm0h3DKeyt8
SMA infrastruktur Öst,ChIJQz2v8_E7WUYRdDTUyQ55230
Säters Gård KB,ChIJpTaw0AbVWEYR3yXFTsgPWlI
Linghems Scoutkår,ChIJ9fMCZKNrWUYR4CkPvEfV_kI
Vikingstad scoutkår,ChIJjVv7NOBlWUYRrOQNUoJA6aY
Telge EFS scoutkår,ChIJ2QgeQ1MTX0YROVCAirnKa2g
Moa Pyssel,ChIJacUN8SF9WUYRrudAVBnKn6k
Rozzanscrap,ChIJxVq4L5TXW0YR2eWHNADfKG8
Minor Screen AB,ChIJcQpiRTJvWUYRfz7cSQKjisA
Vänner emellan,ChIJPwqXI5QrWkYRT3MrltQ6_O4
Myrorna,ChIJ5dgCHEs6WUYRPYb8AdiBWW8
LiU Student Secondhand,ChIJQ4o5REhvWUYRN3qXOIcG4ew
Magasinet- Second hand,ChIJVVVxN7trWUYRQ9kCAcPvijo
Bohaget,ChIJM_MOhDhvWUYRxFzAgkaQO14
Fashion PWR,ChIJ1QmFzFZvWUYRIaXPFiqHTTg
Asbyloppan,ChIJPSZRq8ONWUYRpNafRQDg-gY
BoIS-loppan,ChIJWcNAttsnWkYRDc9X4yU8YVQ
"MQ MARQET Linköping, Gränden",ChIJ4TP7HSRvWUYREKfCOQzpimI
Röda Korset Second Hand,ChIJ66BdoaHFW0YRyzkR_4NYod8
Röda Korset,ChIJ03QuSDcPWUYRtdRX8i6bhzs
Kupan Röda Korset,ChIJtYWV1SmTWUYRJM5a9h-QCUI
Hela Människan Secondhand Norrköping,ChIJO9R4GYE5WUYRK5yieA5uQ6c
Röda Korsets Second Hand Berga,ChIJ_7fJceVuWUYR90t2p-zZLJY
Loppis - Ideella föreningen Sri Lanka,ChIJKRvYIEsPWUYRpyPPG1iNGJs
Bergslagen secondhand Hällabrottet,ChIJT3iYUtoNXEYRB2_yGp4zIEw
Överskottsmarknaden,ChIJw9DW7JO3XkYRt-G3ogm3g_0
Alpha & Omega Secondhandbutik och hjälporganisation,ChIJxecZUvhvWUYRAh_U7OZsdPg
Erikshjälpen Etiopienhjälpen,ChIJGxs6ui1HWUYRIlClxf_X_vY
Motala Segelsällskap,ChIJv1BKjqrDW0YRIGggZc4RI6g
Bredal Nybygget,ChIJnfSxv3_-WEYRQg5gAEQBIcg
Sjögården Vadstena,ChIJAVBwHcLFW0YR6Du9o0RpBo4
Lodge Christineholm,ChIJY796slMpX0YR1dIvfeXVIYI
Villa Kolmården,ChIJ_4Kab4cvWUYRuc2H1u3hNfc
Seriebörsen,ChIJMU2d6ydvWUYRNtl-cxj4-GA
Mats Olsson i Linköping Support AB,ChIJL7aY1qNuWUYR_m1fTyXzagM
Intima,ChIJ6REG9bI7WUYRYYTfvSGMHd4
Lustfull,ChIJRSGEii03WUYRULp5vqdh03A
Syns på Haga,ChIJ-3u35bk_WkYR1_36p0Qpjws
Himnabadet,ChIJx1atMrxrWUYRj_Ii2__Ccaw
Duva Pool & Motion AB,ChIJ3aAfxCZvWUYRkyl3gVwW6E0
Ljungsbro fritidscenter,ChIJ6Y3-jjtnWUYRG_QO1dNaQjk
Linköpings Allmänna Simsällskap,ChIJL7GB_KVvWUYRG1N5pMo32lc
O.M.T kliniken World Class,ChIJWxKchbE7WUYRzgsAt13snH4
Institutet för Sjukgymnastik och BeteendeMedicin,ChIJpWy1UCRvWUYRmMjV22-Uslc
Måbra Rehab AB Motala,ChIJ56ZNedDcW0YRzHWwqqsccoQ
Nordantill i Norrköping AB,ChIJsVA6aTU6WUYRnNBT7ld1hMY
Fysiorehab,ChIJKxAGeV7WW0YRldjhfbyz9Hw
Sjukhuskyrkan Vrinnevisjukhuset,ChIJ3xLUY5Y7WUYRkmrq5zFY01A
Scandinavian Hospital Services AB,ChIJz5gyQRpvWUYRCXxMrrX5Dzg
Adventkyrkan,ChIJmRK2pCJvWUYRAYdyYdwhg38
Adventkyrkan,ChIJH5qBFDY7WUYR3V5OydUoszs
Anticimex Linköping,ChIJYV86ac1uWUYRPcJoHoQBw5k
Skatteverket,ChIJ54moKJvdW0YR6OE3jlfP5as
Jockes Alpinservice i Mjölby AB,ChIJ5ejBdV7WW0YRInb_rd7VBRM
Skidboden,ChIJo1GJolajWUYRQLSPaQhHlXU
Alpinbutiken Norrköping,ChIJC-Jp5Cs6WUYRhqk4hzzUmo0
Sya Skidklubb,ChIJzwvgJYF9WUYRQwgbJ4cMhCY
Asby Alpina,ChIJmbFlyOeNWUYRRkmTZ0hOIYE
Ombergsliden skidbacke,ChIJHwjgmYHJW0YR7ScuI3I8HnA
Yxbacken,ChIJB6Ta8RI3WUYRfaA-eshRx9s
AB Tranås Skinnberedning,ChIJi2wMjNsnWkYRbXj--jdJhVs
Sakis Päls & Mode,ChIJybg0udgnWkYRr--TxiCuqJ0
Bengans skivbutik,ChIJo5wiEiRvWUYRUHbAbE1TWm4
Vinyl Pussycat Records,ChIJTY5A7-UVWUYRSfOxUokFlkU
Borensbergs Skjutbana,ChIJ6Q_OcXLgW0YRPiHrvsjQObo
Boxholms jaktskytteförening Skeetbana,ChIJ_8k4QUYrWkYRc1nF_snAg1E
Mjölby Jaktvårdsförening,ChIJZ6A1VvjXW0YROSDay-xtr2o
Åby Skytteklubb,ChIJNRbMZRg3WUYRn4zlKqxjdTc
Åtvidabergs Pistolskytteförening,ChIJsZOoAd4OWUYRm95SewvWdjE
Bergqvist Skor,ChIJBXWOdV_WW0YR4m0FjiILL3w
DinSko,ChIJ3eKbPdHcW0YRKxz4CM1u2vg
Joe Nimble,ChIJtf0zeQxvWUYRpNJ-XidqyA4
Mister Minit,ChIJU5-QQfU5WUYRDmHa43vLhi8
Skopunkten,ChIJB3Zj_PQ5WUYRv054wrXpj50
DinSko,ChIJT-zEGPU5WUYRlojVd2zPP_Q
Ecco,ChIJp2o8bPU5WUYR6_qRoGT8lYM
Sköna Skon,ChIJF5sVqbQ7WUYR4MS2-_-Z3mA
Foten i Linköping,ChIJI0RkvyRvWUYRkd6cpCBzx6I
Vagabond Store,ChIJJxyIOyRvWUYRt1EW-cIeR_s
Deichmann,ChIJAWuvISRvWUYRyZM3nHtrvvY
Deichmann,ChIJD7t8Ewg7WUYRXFV_KbSWdh4
Ecco,ChIJm40lJQg7WUYRngjh50_YBN4
Scorett Motala,ChIJKRCebNHcW0YRVts18S5DKww
Graninge,ChIJO-DGV-NwX0YR3JuhIdCP_HU
Rimforsa Skog AB,ChIJBb3vk5OiWUYRZhHyKgy9cvQ
Berggren Skog Fastighet Utemiljö,ChIJifOkknsXWUYRgQdhik-xAyI
Fälth Öst Skog AB,ChIJEaovNeffW0YRhkzhGZMWgxY
Tjuls Skogsplantor,ChIJWaJ6baqh90YRgdjQtfZyTWA
Skogstjänsten i Åtvidaberg,ChIJKx4rbjYPWUYR_yQgjYGFgiE
Linköpings Skogstjänst,ChIJFZhLhhdvWUYRoS5PyDdrClo
Häradsmarken AB,ChIJFZhLhhdvWUYRCAKBaOcCLNA
Motala Miniskog AB,ChIJbVFEWdncW0YRQOf5BTMs_dc
Rimforest AB,ChIJrciXhouiWUYRqucrKFA0sxY
Skogssällskapets Förvaltning AB,ChIJZfZPHDNvWUYR6MRhgnxZQx0
Nynäs trädfällning AB,ChIJ6U6nLHRpX0YRoQGvXoNsmPo
MarkskoningsGruppen AB,ChIJGUuUmE8iWUYRNSf0C-dOG0Y
Svensk Skogsvård AB,ChIJ0Q8WJfUrWkYRPAF4XYC5TKQ
D.A Mark och Träd AB | Trädfällning Stubbfräsning Linköping,ChIJeS9lWbJmWUYRm530IXDqwjg
Svenska Skogsplantor AB Sya Plantskola,ChIJGUIhjVvWW0YRxxugJ679DJ8
MASURBJÖRK,ChIJGZzZXtkrWkYRbyJwgitXcGk
Bildningscentrum Facetten,ChIJswegJUgPWUYR5O9Gy5x5k2g
TUC Sweden Linköping,ChIJA4_R63tvWUYR9Un-qGQ8VcM
Eraskolan,ChIJS2PQvz9nWUYR6Uad-Tjq73k
Småskolan,ChIJVXOXHD9nWUYR2yjM4oH92kI
Joyvoice Vocal Center,ChIJ3bjD1zdvWUYRDqIuOSqO4As
Manöverbana,ChIJVaCBXzup90YRhLXnWB83jYM
Lilla Karin Boye-Skolan,ChIJtby-ECfdW0YRi41ALik1jhw
Bojo Utbildningar i Mjölby AB,ChIJGxzVOI_WW0YRYM0-HwDuVpo
Lysingskolan,ChIJb1_yUI00WkYRCwgdtz4Muqc
KF-Utbildning,ChIJhYIKTjU6WUYRzsWAtkNxT6k
Jönsbergska Idrottsskolan Norrköping AB,ChIJ573m9bw7WUYRFQmtsLrlxuQ
Råsslaskolan,ChIJ26pVmDYuWUYREHByUoscEOo
Stegehus Waldorfskola,ChIJacmpTf7eWEYRKBCXSQh7POU
Boets Skola,ChIJnyGH5icxWkYRSmXj3T2vqlI
Tryserums Friskola,ChIJcyYCUtL6WEYRuOICNLnUo3U
East Sweden Business School AB (ESBS),ChIJh4Q2QVI6WUYRPKbeFBkuZEA
Kvarsebo Skola,ChIJPxPe88IpWUYRVGs1M_t2LJI
Kungsgårdsgymnasiet Språkintroduktion,ChIJpRVA1bU7WUYRYCpJvyERXbs
Mölk Utbildning,ChIJQ3QoWHxvWUYR9xiituZ0LUk
"Bilda, Gårdshuset",ChIJEZIXMd5vWUYRuzcL9DYiWeo
Mottagningsenheten Adjunkten - Brunnsgatan 10,ChIJDYTNsxpvWUYRG4lysln43Gs
LBS Linköping,ChIJscDLoyVvWUYR924tUMNyQaU
L Kjellberg Teknik och Utbildning,ChIJL2gfLjlnWUYRaPVsjm9I2Co
Motala Fontänhus,ChIJ8SHszC3DW0YRWMqYD_BPXCQ
Göte Nymans Stiftelse,ChIJq92ePLQ7WUYR5X_vNY1onuQ
Lärande i Sverige AB,ChIJld3ghlI6WUYR3RA2u1sfcFM
Floristola AB,ChIJhRvx17I7WUYRUlgogRLCS94
Lillgårdsskolan,ChIJy4p9MvJuWUYR7qC9Htpjvtk
Montessoriförskolan Kotten,ChIJKRvYIEsPWUYRftK9BBD68os
I Ur & Skur Kollikok AB,ChIJDRKH5kU3WUYR1NxqotwLH8E
Prolympia,ChIJuVEqGMs7WUYRys9QviSijoo
Kulturskolan,ChIJK3kz5kiV60MRb4ffR1WR4HA
HERMODS AB,ChIJfyc3NyPdW0YRHFj4hiPgtXI
Shoe:Remake,ChIJj8Up7yRvWUYRU_ZN-teuUNQ
LMT Arena,ChIJIybQTt_cW0YR7Z0UsA9n0SA
Östgöta Metall & Skrot AB,ChIJk3j2EzsPWUYRNiqAdxUCft4
Kisa Återvinning,ChIJAS5btMaiWUYRK63SgJxk_Ew
SkrotEmil AB,ChIJA-lkdkE6WUYRTZOClN_nCe4
Skrot Anders AB,ChIJyzmK3DjdW0YRlMKCePfDzZ4
bilskrot,ChIJl6nU462JWUYRa0uIMOSl24M
Jorida AB,ChIJqTk9oPXWW0YRsFxE0v3DxcU
Jerns Reklam AB,ChIJidd97yV9WUYRyIEw5H4zrCg
Small Image System AB,ChIJEQodmLbdW0YRdvw2wrDsoiQ
Östgöta Neon AB,ChIJ-_28SQE7WUYRNYpTn-JSSDM
Skyltgruppen,ChIJ39CpBzY3WUYROEtdGB367_g
Visuell Partner HGN AB,ChIJc_p-Nfg6WUYRyY_dIhAq1xA
JP Skylt & Design i Östergötland AB,ChIJ-_28SQE7WUYR8-kytIl0u_o
Lindströms Skylt,ChIJA9sQpr9lWUYRZZwfhbC2XQc
Skyltidé Sverige AB,ChIJK1fTojtvWUYRhOLTGD0K16U
Skyltstället Norrköping,ChIJuQtD2xw7WUYRvbXvsgPA_Ec
Skyltdepån i Norrköping AB,ChIJVXGTWjY6WUYRKI9OYn_WChg
Dekorreklam i Linköping AB,ChIJpyqw7vRvWUYR2iOvi88eQC4
"Svenska Maskinskyltfabriken, AB SMF-Skylt",ChIJUbIpcNJuWUYRhbtHa1JqENk
Skyltpoolen Region Öst,ChIJr1XXzfQ5WUYRT-thK_YHdjc
House of Beauty Sweden AB,ChIJ0QY7U7M7WUYRkUkzgkHOD_c
Faxma Natural Care AB,ChIJ7S64yA8fWkYRA_3K939Iei4
Crearome,ChIJ-1mbsxBQWEYRPdF9vtWI3ao
Tvålmakaren - Gamla Linköping,ChIJ72wUimpvWUYRncZv14qMxjM
Askaristore AB,ChIJDbS9ATvzXkYRfRPZP4n7RDo
NC Beautypro,ChIJlfb8AEMGkW8Rwtrh2meixo0
RDP skincare,ChIJ4QvJ5AJ3X0YRZCvHfSlqp2E
Kbrows & beauty,ChIJtcOIfdHcW0YRIpju7LYMRHA
Timeless by Lena AB,ChIJY72TJ9xvWUYRYujvZthwqpE
7of9 Ink&Beauty,ChIJaQ-k-nxvWUYRrmlRLBjhyxM
Bauer Clinic Linköping,ChIJu0qewSZvWUYRSt6VTCE51cc
Hudvården i Mjölby AB,ChIJZ8q9W17WW0YR4GqjPWvLXsA
Swed-Mansir AB,ChIJUS9O5GDWW0YRcWYK10IQaF4
"Beaux Visages,Sweden",ChIJt-FQx7vdW0YRMTGyNHGFowo
Studio Sofie Motala,ChIJ6RuPgJfdW0YRpElzHj8Bi-I
Lazokia Beauty Zone - Skönhetssalong Motala,ChIJIXACDuLcW0YRNmllcprAEpk
"Dr AM Klinik - Fillers, Rynkbehandling, Estetisk behandling i Linköping",ChIJ07EfDg5vWUYRnSsWJKrz4gE
River Spa Hud & Massage Klinik,ChIJSzmzvxtvWUYR5AwS6ehRWAg
Solbackens Helhetshälsa AB,ChIJterNlZtuWUYR-ezxABb6N6o
DeeDee Beauty & Massage,ChIJWYSdX35vWUYR736g9P9_2KE
Salong Evas Hudvård,ChIJK8sLjaDFW0YRAljmnvGWzzQ
Skinclinic NKPG,ChIJiwWoc0s6WUYRfFwcYIKAdsg
High End Beauty AB,ChIJV80YWwpvWUYRtYPlu78QSus
Salong EGhO,ChIJ3wAfPU06WUYRA5mw20q2_Mg
Beauty Nails,ChIJt6Nfnz9nWUYRxk1HqKq5pO8
Menemii Botox-Fillers Ab,ChIJtVFeLTFvWUYRS6cTWwX57JQ
MD Beauty,ChIJHZ7Grew7WUYRVGbGed69-DI
Studio Hudvård Elegant,ChIJ2wXR73R9VEYRAXt1QmMP27U
LC Skönhet & Laser Klinik,ChIJcQN4uQBvWUYRsjhiL-oz-ng
Hagdahls & Co,ChIJz7LB3SRvWUYRJbhnMrqjANw
beauty by shakila,ChIJXZ3bdutvWUYR0jVoo6jVk2E
"Allure N&R Clinic - Botox, Fillers, Laser, Hårborttagning Linköping",ChIJn0N89yRvWUYRgxcLSvB5rYc
Body & Beauty Laser Clinic,ChIJO6e-KTFvWUYRMn49UopyFts
Microblading | Norrköping,ChIJa3EDQUs6WUYRIuIn6A557Xk
Anette Hambalek AB,ChIJLYFkmiRvWUYRGhG42sO_13w
Nagelbiten,ChIJL_4fpCRvWUYRT7-9nsgvgeA
Casa Maria Hud & Makeup,ChIJe8kBVEo6WUYRC6SbfbaGhb4
Faceboost Klinik Botox|Fillers|Laser,ChIJ3a8u8SRvWUYRieN0BHm0Wto
Skönhetskällan,ChIJAQBMIyk6WUYRwff-h37gbRw
Carinas hud & Skönhetssalong,ChIJqXAp9iRvWUYRRPcPeKv68mM
Lyko Gränden,ChIJFXtgJCRvWUYRemrHqnQAkTk
Skinpunks,ChIJ0Tai3B3JWUYRHirp_K_wU9A
Lux Treatments,ChIJDxmHKDhvWUYRX_4OHuFlwoY
Johansson & Lundström Medical,ChIJrX1Z03hvWUYRRm2tCmZRHPA
Shosha salong Linköping,ChIJF42gYoYDZ44RjZqnTVTZiuM
Skönhetspalatset,ChIJDRKHKDhvWUYRLRxvXIa9Tcc
Salong Matilda,ChIJdZ4oETU6WUYRy0CRx5OXCsg
Bjursunds Slakteri AB,ChIJ7d974rfkWEYRbGRGOMsSPKw
Köttgross i Linköping AB,ChIJl1EvTs1uWUYRRdk5mLcEydw
Kniverik,ChIJy7T3BJlHWUYRNzcxMCwgwJY
Slipboden,ChIJVc4D7oDdW0YRP2p2pAoaXAI
Gamla Slottet Bjärka-Säby,ChIJC4GTsvpzWUYRcWIfh2lVOPc
"Stensöborg, ruin",ChIJF5RnEw_XWEYRSSz-TOeb_cs
Freetrailer släputhyrning - Byggmax Arlanda,ChIJMenRWMO9X0YRYiGJCFpKaic
Rentr Hyrsläp,ChIJUx4TW6YvWUYRiheQWWIfogk
Maskin- & Släpvagnsuthyrning Östergötland Ab,ChIJG30wB_E3WUYRVjhfGPzxmLQ
Rejmyre Smedja,ChIJbTYBV-hMWUYRz-AJkAPNfq0
Hultafors AB,ChIJXwIG_xk3WUYRfpEuWFGMh7M
"Hami Plåt, Vent & Smide AB",ChIJbQBHNMpoWUYRf9yyzVuxfC8
Asp & Karlsson Smidesverkstad AB,ChIJUwR1eVTXW0YR3iipfbdZ9Dc
Rituals,ChIJ_epJ_KxoWUYRsWOi4Y-kaXM
The Body Shop,ChIJL4Om9SRvWUYRoyRCVGHi-3o
The Body Shop,ChIJy3uHQrM7WUYRP7q76pqDqcU
KICKS,ChIJAzFnEtHcW0YR5MNsCBLNrUk
Guldfynd,ChIJKRCebNHcW0YRf0oD8Wq1hPQ
Skänninge Ur & Guld,ChIJ2wgVHqvQW0YR7ssG9ZhLXwA
Design Viktor Lenper,ChIJc3Z_4AX7WEYRjAi7GJop2Ag
"Holmbergs Guld, Ur & Gravyr AB",ChIJ6wt4oV_WW0YRsrYe0LRbLDk
Esa Products,ChIJGUIhjVvWW0YR2uIZMQb7n24
Vigsel Och Design I Linköping Ab,ChIJVVUZAi5sWUYRj2GoxKdZkEQ
Klockia Gotland Ur,ChIJDxBKsyqp90YRCNh8R6NqXpY
Guldverksta'N i Habo AB,ChIJP6d2gIhoWkYR0Eu1EjsQ-yc
Veronica Åberg Design,ChIJwef0an5DWEYRcTcMA2WUdk0
Wissings Guld AB,ChIJOePfzCVvWUYR_uevRo_6ndk
Hallbergs Guld,ChIJ4TP7HSRvWUYR408qTjBN6Y8
Klocktorget i Norrköping AB,ChIJA1xpT847WUYRCO3EN8q1cPU
Albrekts Guld,ChIJE9kCMAg7WUYRjhVyD6b0ej0
Motala båtklubb Tegelviken,ChIJZebp2DDDW0YRZlnKzD2lT4c
Norsholm gästhamn,ChIJx2ZwC3Q_WUYRcqNwo_eSM2o
Finspångs MotorBåtsKlubb,ChIJjUmP8rxPWUYRMAOauZiyHso
Kolmårdens båtklubb,ChIJ-eBLoVYuWUYRg_uZ6PJnJG8
Hamn Munkeboda båtklubb,ChIJU2HKSTY_WUYRPlWMpJQzOBk
Söderköpings Båtklubb,ChIJ5Vy_JMojWUYRA1BtskxSq3I
Borenshultsområdets Båt och Strandförening,ChIJJ9731uLdW0YRUDhmoTiTwFs
Vadstena Marin,ChIJob8_DtbFW0YRsj1SzI3vvRw
Podiart AB,ChIJI4O5tjFvWUYRq5hco9W4eQY
Subway Motala,ChIJMX5u5dDcW0YRG4mqfLeLRg0
Stingray,ChIJkbN04hEvWUYRF4pwvwDO4MQ
Lingon Food & Friends,ChIJ1f7waLM7WUYRO_SeB6uyzTo
Burger King Stora Torget,ChIJ-WQp5iRvWUYR8puOnFzmoz8
Trucken Streetfood,ChIJ5wqm8XFpWUYRbS2OuXipmSI
Nåttarö Bryggkiosk,ChIJlYOYYoX19UYRCCXqoZC5tTk
Sibylla,ChIJmQA0msqo90YRnc1ZlP-Gfco
Pastavagnen Maxi och stenkumlaväg,ChIJ0SfIpjSv90YRp31Dcyf8lO4
Northern Craftman Bygg & Snickeri,ChIJpWTw8ZkPWUYRbSinCpMbogU
Kolmårdens Snickeri AB,ChIJ2c1csS8uWUYRK--8UEh2Di4
Åby Snickeri i Norrköping AB,ChIJhzF8MjY6WUYRZzy3UEcNIRE
Ödeshögs Inredningssnickeri AB,ChIJhaN5lpI0WkYR1BfehKCaPTA
Motala Ströms Snickerifabrik AB,ChIJvWNzQH7gW0YRlQoUJen-p0Y
Albin lundbergs bygg ab,ChIJEd1C7L1XWUYRgpnCH2DHtzQ
Evarsta Bygg Ab,ChIJJwlUNKjjWEYRYwKU9lhTVmM
Fröding Bygg & Fix AB,ChIJ26NXvup9WUYRclaGOxw_9us
snickerit ab,ChIJoyvYqsg7WUYRve8W46QqNTk
Håkanssons Bygg,ChIJ5XzNvWYjWUYRN3wUz3JeGcQ
Ekbygg,ChIJlxs6govzWUYRYPcWS9yD3II
Lilla Rå Snickeri AB,ChIJvyEbNDLfW0YRKRLURiSxX2A
Kinda Snickeri AB,ChIJld9zBP2fWUYRXlPNQiwVtkA
E-S. Snickeri AB,ChIJrR6dvMxoWUYR41VmDBdDMMw
Strandbergs Snickeri AB,ChIJdXNN7XJsWUYRlg-qVySZulc
Folkessons Snickeri AB,ChIJh2LZ-F3WW0YRx2writDo2TQ
MS Finsnickeri | Finsnickare Norrköping,ChIJL0tZCPo6WUYRPU09KZ7UlRQ
Ammor Snickerier AB,ChIJTVr0r_Wg90YRaO2Plc6GfuQ
Linus Pettersson Bygg Ab,ChIJfWg_UPNuWUYRqwfMD6-bchc
Björkhaga inredningssnickeri,ChIJU3LrdSLPW0YRgownXqkXSbI
JN Montage AB,ChIJoWA6NcLCW0YRenE8Dl7HCCQ
Mawa Bygg AB,ChIJ3b77hfBtWUYRJuF6RDRygxs
Form Speciasnickeri,ChIJMWqUOxK9X0YR-Hbz5e7MM14
Gomér Snickeri AB,ChIJhSu7GKSf90YRE3UHjg9bZHA
Sverigest Stilbyggare AB,ChIJr3kE18poWUYRclWczqf-ECk
Linkbygg Linköping AB,ChIJMROa9v6buW4RZsrQiJdwo_I
Byggare D AB,ChIJzZxU_S46CS8RTtR-o44FZ4I
Björknäs Bygg & Finsnickeri AB,ChIJuSN0gObfW0YR6qe6DE2qdNg
LCE I Linköping AB,ChIJxbzb3CdvWUYRxMOrqpfLS6Q
Pensionärsbyrån i Linköping AB,ChIJjYuWqDNvWUYR9zZdLMn87_4
Evertsholms Plåt och Bygg AB,ChIJJ8OtPJsjWUYR6RhevUCapkU
Klaragården | Väderstad,ChIJoxiPEhjSW0YRLZ8WaXtFRtk
Portalen i Hageby,ChIJkYZewqc7WUYRS4DRI8Byak8
Inspirera Assistans AB Linköping,ChIJuW2SpjFvWUYR-NyoEfXD2R8
Rix Omsorg,ChIJ_860hSVvWUYRInp6SDVw-68
Azalea Care AB Personlig Assistans,ChIJL-_mtVU7WUYRxiyVtlkadvM
Särnmark Personlig Assistans,ChIJR2npFSVvWUYRqTuPjnZ0wCg
Humana – Nygårds Vård AB,ChIJ6R1ymaVt90YRflS88BwhFxA
Godemän i Linköping AB,ChIJiax1tNHBJKgR0YWPMshw3RQ
Socialtjänsten Barn- och ungdomsenheten,ChIJ35orsCwTW0YRPHppw0H1qu0
Frösunda LSS AB Eget Boende Ulrika Gruppbostad,ChIJW1xjsh2dWUYRlHXVzT6YcO8
Katrineholms Kommun Socialförvaltningen,ChIJpWgQLby3XkYRDY3cQ3cEqZk
Servicekontoret Norrköping - Försäkringskassan Skatteverket Pensionsmyndigheten,ChIJH8GShkw6WUYRGW19snZ8rBI
TanExpress Linköping,ChIJCQxJ-1NvWUYRNoP-ibIoGaY
Uvasol AB,ChIJE3bakNhuWUYRAG2up60a6ds
Solaflex Solarium,ChIJAaniWn6jWUYRYW3abanj7Io
StrandTek AB,ChIJM7Kbj0Y_LkIRC_P4TQrQVNM
Sun4Energy Motala,ChIJTzjP_EXdW0YRINbSdb_wLrs
Idola Solkraft AB,ChIJZZWFsfM7WUYRVs5lrxTPP3Q
Windon,ChIJFchPiY_NW0YRih1mYwzkp-w
Division Bygg Östergötland AB,ChIJ9SzLDhvdW0YRAu0mosWbuFI
Solarco AB,ChIJcdIO_FuYCG8RpOBGdqWTG_4
Linköping Solcellsfirma - Installera Solpaneler i Östergötland,ChIJtV6MGU9vWUYRbvsE-I1fMBI
IBC SOLAR,ChIJySGsAMFvWUYRqYECYy6c4mg
Smart Solar Norden AB Åtvidaberg,ChIJlwWjd8sPWUYR_7V6sb1ocw4
Sesol Norrköping,ChIJL5Pw0uI7WUYRb5KrXuEGR6Y
PLW Energihus,ChIJucjT2DVvWUYR_esRRnAVzNw
ECOKRAFT Norrköping,ChIJo3NAMkw7WUYRwZbqYCCEAP0
LUMA Energy,ChIJ0yBsvww7WUYRrRe-MXA4E3I
Mariebergs Brasvärme & Solenergi Gotland,ChIJx41mKzXj9kYRwaEqnwUzpeY
Terawatt AB,ChIJt8ZgeT5jdgMRCQiu1IHT37Y
Smart Solkraft i Sverige AB,ChIJ16xngxhrWUYR97eZoXqFbc4
Solortus AB,ChIJ0W8C1z9XWEYRuC1H18ONxlg
Tekniska Verken Linköping,ChIJs6uZiidpWUYRa-HBZohrYsg
Kinda Sotnings & Ventilationsservice AB,ChIJaf9nzZOiWUYRoeh8h8FAoDE
Sotaren i Mjölby/Boxholm AB,ChIJq6qqqpfWW0YRy1Kov7MDNKo
Rovent AB,ChIJo2J1ksXcW0YRjRTx5Wf-GZI
Spa Relaxcenter,ChIJ0ckArks6WUYRnQx21dKQg1k
Naturlogi AB,ChIJFaHP7ZV3WUYR-fvNj2qWbfg
Best Western Plus Västerviks Stadshotell,ChIJN8hr1W7TWUYRKLjht4EphhE
Rustik Pool & Spabad,ChIJX7NoL7lDWEYROxFRGpQ6tjs
Aioli Tapasbar,ChIJX87b4iRvWUYRhsrT9KqR-RI
produktkonsulterna i Sverige AB,ChIJLydTQ9w7WUYRBNVD83TEQHM
Vård Access Sverige AB,ChIJqU_tisZvWUYRbq5x899d6Kc
Käkkirurg Henefalk,ChIJ8UVwGL1vWUYRjR0SDOozGQY
Sonstorps Åkeri AB,ChIJw3rGBYxaWUYR4l3IsXt6vu0
ATG Butik,ChIJCcDdyiUuWUYRJsRr4Ch31sQ
Svenska Spel AB,ChIJ_fZ1SfIH90YRs9XL2Coc6f8
Innebandyarenan,ChIJMXsnxUQ3WUYRJAD7KQxH_ag
Ugglans Discgolf Linköping,ChIJf62cAh9vWUYRK8_rY6ILNkk
Sportringen,ChIJkQHDUdL6WEYR0VggkVKOqOM
Combisport AB,ChIJX4ukyibdW0YRdRkfDTztN34
Kona Sports,ChIJdzklm9jCW0YR42ky31VKCeE
Sportbytarbutiken,ChIJQa8GFCdvWUYR6VVzDFxXdOc
Bowery Sports,ChIJsxVzHR9vWUYRUwUcWxaFeBE
Skoj på Hoj - Trosta Gård,ChIJkUk5XI6VX0YRgif8EaR-egM
XXL,ChIJy77N27NoWUYRz2-vkNIKHEE
Stadium Outlet Motala,ChIJxXlyjzLdW0YRcB2UmXqdSvE
Intersport,ChIJE7_eHCRvWUYRU--j6Rlmk98
Pitcher's,ChIJKU321CRvWUYRgZGt8J7_UW4
O'Learys Linköping,ChIJiRXNmfVvWUYRIunft09iuis
Olstorps motionscentrum,ChIJubzn525nWUYRawPz7YHlwdI
Finspångs Motorsällskap,ChIJLZatnptPWUYRM1nNIMlwb6E
Connectbase Norrköping - Rusta och matcha,ChIJlW3UdCc7WUYRwwvc4eWgoq4
SMK Östgöta MC-förening,ChIJmx3Lh-86WUYRIrojD_7w-eU
Sweden Indoor Golf AB,ChIJiYoEnVhvWUYRY459CFBCx24
Sjöstorps Fotbollsgolf,ChIJP58ByW81WkYRaS-1dUZbxSw
Hangaren,ChIJ_7JkHYtlWUYRGLmq1HyDmOw
Arena Öst,ChIJS4KHK2BPWUYRHaid5djcSxU
Hultins Sportfiske,ChIJr8ccvydvWUYRGXyOyc8ESt0
Borensbergs GF - Gymnastik,ChIJwy_ACH_gW0YRr3nESCZJ_JU
Linköping Sportcenter,ChIJpzrFZylvWUYRQoQX2pqKvP4
Racketstadion Norrköping,ChIJWad3NXw5WUYRc1HBAetZASs
"Nybrostrands TK, Tennis och Padel",ChIJ017813ljVEYRDygDsGi535I
Mk Blårök,ChIJAQAsvEsPWUYRlgHdTXBJvcE
IFK Motala Bandyklubb,ChIJD-DjTt_cW0YRovIBS8qb3S8
Finspong Trial Club,ChIJsSva791PWUYRnd5HYk1UFEU
Finspångs Kampsport,ChIJcxfN9DRPWUYRGlSvdViMLrA
Tallboda IF,ChIJoRnE-jdpWUYRKk_5oEkXhPg
SVARTÅ PADEL ARENA MJÖLBY,ChIJyauQhVTXW0YRQ73TvUjl4BM
Motala Bågskytteklubb,ChIJb-SVKLbcW0YRm7-jxesAje8
Motala Hundsällskap,ChIJ6TdesX3dW0YRRQYCRuDhsug
Vita Hästen Ishockey AB,ChIJhRvx17I7WUYRjUyxLPT3yU0
Söderköping Padel Club,ChIJNTiSk6cjWUYR2yj6DRLIlL8
Lillsjöstugan,ChIJXTByAGo3WUYR_bG0YQSKRzg
Gotland Enduro Cross Motorsällskap,ChIJZ50K3tWo90YRkB7ux9n1lSA
Motala Golfklubb,ChIJX_zY1pbcW0YR48zGGtlYfc0
Quality Movement Parkour,ChIJO6UODsd5X0YRfcoerVPsS88
FLXS,ChIJpZxRav__KyQRJ_q9WGY13s4
Sparta Shin Guard,ChIJb71TRKB7X0YReJ8xiOAHG9A
Team Sportia Outlet,ChIJ5QFJWyl9WUYRsYGcvW4yr54
CELT AB,ChIJQ8LKUztvWUYRgkVwmj9cygM
AMT Communication,ChIJyRFJjko6WUYRSIHlC0JzewU
Linköping Squashcenter,ChIJg8AzLiVvWUYRIEOCOdkqkg4
Linköpings Squashklubb,ChIJ__8PLiVvWUYRqSfZs844nWc
Place Promotion Sweden AB,ChIJ7_lqltDcW0YRXHBXCPKg9Jg
MH STAKET AB,ChIJAwG4OxbdW0YROA6ZSQBE9Cw
"gångband, travband, galoppband, vattenband, rundstall, boxar",ChIJn8CaNbHfW0YRnNPoTEEho2s
Jordbruksverket Växtskyddscentralen,ChIJXwpBjDtvWUYRYWTet99zVzY
"Riksarkivet, Vadstena",ChIJVVVVlZjFW0YRob3_D_onDAI
"Statens geotekniska institut, SGI",ChIJK_JnQHBvWUYRtE2hHKza340
Texas Longhorn,ChIJT5hmTiRvWUYRC5t4IACNSzA
Högby Bergtäkt / Teknikentreprenad,ChIJZbdbOYLgW0YRjhjTvz95klY
Vikingsten,ChIJPeiZjOtkWUYRkF7pvUDCOFE
Norrköpings Stenindustri AB,ChIJmVxr8MU7WUYR3YwNUE5jnz8
Sten & Marmor i Linköping AB,ChIJq6qqqrVoWUYRe_LpyyxuHak
Granit & Marmor i Östergötland AB,ChIJ_____5w5WUYRWIYemtdeYCM
Borghamns Stenförädling AB,ChIJt5bt1qvJW0YRPZEuN4EggyI
Jr Mark & Sten AB,ChIJJTWGhhZvWUYRYwz2qT7-VqM
Norrköping Markarbeten & Trädgårdsanläggning i Östergötland,ChIJLyePaks6WUYRjc4uBpqO0j4
Strandbergs Stensättning AB,ChIJhXQtjKZlWUYRR4aOVGOCNAo
Mjölby Stenhuggeri,ChIJ6wnUIkzWW0YR3TMj3sLhWkA
BRL Norrköping,ChIJDcxWgO07WUYRmXAXyM1edSo
Stiftelsen Kindahus,ChIJaUGH8ZOiWUYRSWCoHX5rg-Q
Birgittastiftelsen,ChIJDWtzaKfFW0YR-tmySn2xZqk
Östgötamusiken,ChIJP8-aQzpvWUYR4I6MagbviVI
Mo Gård AB,ChIJg1TU4NWQ60MRMsWTY6ae0aM
Linköpings Läkaresällskap,ChIJtU_b7iNvWUYRSB41v24cz-Y
Magnus Ragnvid Insamlingsstiftelse,ChIJ1c5a1BZGO0ERGuDzzAo_ZkM
Hemköp,ChIJITKo25OiWUYRSlUpuOKkIw4
City Gross Mantorp,ChIJ7z_4SSl9WUYRLPJBEnb-8tU
EKO:- Norrköping,ChIJ7zgHmTk5WUYR9jq3EsOTh9E
Nybrostrand,ChIJrS8wBl1iVEYRh4EJQwoduLA
Ystad Beach,ChIJq0S-wKxiVEYRWLi55ud1XG4
Studentbo i Norrköping AB,ChIJCeX4zso7WUYRnklFWdSE45w
LiU Formula Student,ChIJPzZEJntvWUYRf6Z7pbkmXWc
Studieförbundet Vuxenskolan,ChIJ8eUq4tL6WEYRZuKuSPrpRzg
Studiefrämjandet,ChIJPYhUpK0jWUYR16VQJRqPKKQ
Linköpings Senioruniversitet,ChIJx3f7ayVvWUYRdCxvQm9Hl5g
ParsCapere Utbildningar AB,ChIJWf4850w6WUYRMWLbhCiRFCo
Amundebo Södergård / Äventyrsgården,ChIJiVhtZgKdWUYR8oU_Uxxo-ag
Västervik Resort,ChIJB-Np_A5CWEYRsQu65F8OcRE
Ämtöstugorna,ChIJs5CosnTsWEYRbjo6cZ8baMo
Vikarebo Gård,ChIJa8X6CkrjWEYRP4LVn-QdAao
Linderyd Gård,ChIJYZcsAJGWWUYRgwCaR9jn7cM
Mormor Gretas Stuga,ChIJjwe-F2BBWUYRPSHA11e_TNo
Björkekrog Naturevent,ChIJb_FV59cNWUYRN2xpyh7WKm4
Harstena Turistservice,ChIJsfrBzt1sWUYRd39g_677F-c
Smidsko11,ChIJCe5oqRKj90YRQDWh-ldlDDk
Ovako Boxholm,ChIJyxb3aiArWkYRZdIWnfcJ-50
Mjölby Handelsstål AB,ChIJFZpcheXWW0YRiY4WV6AhdUI
BE Group Sverige AB,ChIJQ3asS4s6WUYRHrMVJPHaeGo
Norrköpings Handelsstål AB,ChIJ57IQs0Y6WUYR2-azYYVRqmM
Linköpings Stål,ChIJ_8w7Ks1uWUYRveImQ0usRus
Mjölby Stål & Metall AB,ChIJS9bLOTrXW0YR1kcffYKlRhM
Tranås Byggsvets,ChIJg_tzH3woWkYRj_9r9VWZcHA
RBL Städservice AB,ChIJaeZdf5SiWUYROL0WOhdTLcc
Servicekungen.se,ChIJ7U9c_qduWUYRLacgZx8MZ6c
Stegstad,ChIJucaQoIE5WUYRXgvlZ3KY--g
E-städ i Norrköping - Flyttstädning Norrköping,ChIJUbpL3Rw7WUYRNtXYUg49Dcs
Rainbow städ,ChIJEUq_xIJvWUYRehzGSSO1hK4
Deluxia AB Linköping,ChIJk9OCZplvWUYRnUr8DSXijE4
Carina Städservice Eko AB,ChIJmbAYTz9lWUYRGn0FqPY0Qvg
Husmyran Städservice,ChIJsV9ruQ1vWUYRSi0u-GtUy2w
Linköpings Finstäd AB,ChIJL0ZIZyRvWUYRzRi3pGd9mRQ
Traditionell Städ Tjänst i Östergötland AB,ChIJV-1XTb5lWUYRgtgvRTQTs-w
Mörby Städ,ChIJB-0Yd93PW0YRw0C7ujn5FEs
Norrköping Allstäd AB,ChIJ1YVem4Y5WUYRuGeHRyEOmS4
Innovativ Service Partner Ab,ChIJEXpulzRpWUYRNNkDUW0emls
Ivana städservice Östergötland,ChIJZSLUdM05WUYRpz0FTwP2ECY
Donna's Städbolag Ab,ChIJ29iRqqvQW0YR8Od-5Cl_VVQ
Valkebo Hemservice AB - Hemstäd,ChIJYe4qWqt8WUYRE11QplAplE0
Aneta Hemstädning I Tranås,ChIJfaRKqgooWkYRQhSO6JA-5z8
Des Städ,ChIJ____v0PWW0YR_zq0OEH3JNk
Städalliansen Norrköping,ChIJS1UnwfI7WUYRQwhILsLTAYM
Komplett Städ,ChIJPVhOpsI7WUYRVUt3o7E5g8w
Studentstäd Norrköping,ChIJC4mn9587WUYRfrhD1IOU7RY
Flytt & Städjouren Sverige AB,ChIJAfQPPq07WUYRpDeSDB700YM
StädHäxan | Städtjänst i Linköping,ChIJAQCvfR5vWUYRF4drkB6838A
Veteranpoolen Linköping,ChIJv-Xm1CBvWUYRHAI1hjfMJiE
Saavs,ChIJH7vDwzt3U6kRZD7Wa1e4GdA
Städ & Service,ChIJNZ3ZTgYLYkkReQOSDn-dWFA
Hå-Kå:s Allservice I Kinda AB,ChIJ770aYpqiWUYROwI73AN0G0Q
Stormtrivs i Linköping AB,ChIJ-yeQZj1vWUYR1QkjSR_GfZ8
Samhall AB,ChIJ9TxZMsrcW0YRfGORmvat54Q
Borago,ChIJR7XrWzZvWUYRcT9p0ALEEk8
Fräscht och Fint i Linköping,ChIJ25sDRlJvWUYRO_LSpF3T1V8
Stångå Städservice Östergötland,ChIJewZ_YllvWUYRZ4zE776K0vM
Städ & Fastighetsskötsel AB,ChIJOWa4qSEPWUYRs3Eh3SfY7eY
Asteri Facility Solutions,ChIJd6VZpP5pWUYRgYizOxRPW1I
Baltiva Städservice,ChIJLS5zJa5vWUYR0fjm7ywyB20
K2 Comfort AB,ChIJkWGVWn1oWkYRpiKyiIEe-NM
Salomon städ AB,ChIJi6NvziA7WUYR0XzFW_pQmrI
Rozen Clean AB i Nyköping,ChIJJXpuRl4tX0YR91rBIoSqDDY
Wonabee Städ Nyköping,ChIJJedgR9ctX0YRJ7Ic2fk4yDc
FACILA Linköping,ChIJv1h_gSdvWUYRhelH2WE_48s
Mellansvenska Städ AB,ChIJrc4rXpRpWUYRg6mS1Y0PE6M
Ekströms Fastighetsstäd,ChIJsVA6aTU6WUYR-kgL1MTiaO0
AC Hem & Flyttstäd AB,ChIJEY7uzShVWEYR32oT8SqHRK8
Städbolaget Sydost Ab,ChIJRd9h4BnTWUYR6gke7bXtrkY
Städproffsen i Skåne AB Lund,ChIJFfC6LZmXU0YRiFq19uBJOSk
Småländska Städ AB,ChIJL7MvHqApWkYRFBHVDXc6iPg
Cayab AB,ChIJ5Zor4_6fWUYRsfPcjPxGao4
Finde Allservice AB,ChIJG_u2xW-xWUYRzgCwePTkWEw
TTH´s Städ & Entreprenad AB,ChIJOVLTeso7WUYREq7yWWMBATg
lilja Flytt och städning AB,ChIJj8kXDWs7WUYR1PqgbRN_cPE
Call4care AB,ChIJDZYF2nJzWkYRmKcT3lpeaw8
Hemfrid/Städarna i Motala AB,ChIJRQcwHtPcW0YRWzoEpu9NtP8
Ekbergs Fönsterputs & Städ AB,ChIJRwX7rJKFWkYRoaJEtqtw_F8
55Plus Norrköping,ChIJHTYxBlY6WUYROlCH2YRrgHw
HC Proclean AB,ChIJ_YuKBspoWUYR4mXXkpvb9r4
Boxholmshus,ChIJa4F3_bQrWkYRHSYWG-FO1zQ
Flyttstädgruppen Sverige AB - Flyttstädning Linköping,ChIJK_nxPpFgXkYRSELm1XQC7yc
GM Fastighetsservice & Sanering,ChIJyzehzXw7WUYRiAGYPWnRMJA
Damm Di Damm Sång & Städ AB,ChIJb2tRk5o5WUYRLg_ERtyZOzU
Dreamclean i Linköping AB,ChIJZ7GgJnNvWUYRtzBqSWx97XE
Ackord Städ AB,ChIJxfCcFRefXgwRnoV2d_E737g
Flyttstädspecialisten i Blekinge,ChIJsfqXVIvghmAREuDD-LctDdA
Norrköping Flytt & Hemstäd,ChIJ-zrEZEwy-EMRH-B8TzPbzKk
StädLink AB,ChIJ5eE-6AX8yCYR2YB-gqE1auE
RoThum Entreprenad,ChIJI6cHLUo-WUYRYEAhozjZZk8
Rena Rama Städ AB,ChIJ1wwaeYluWUYR9kJK5ZgfOoY
Städ och Allservice i Norrköping AB,ChIJTxofioE5WUYRdDvsip4Sw_c
Städcentralen Västervik AB,ChIJJYLT4DVCWEYR63DH3vj9eZY
Top Städ Service i Sverige AB,ChIJVVVVVVY6WUYR7IjE9uBk10c
Städteknik i Linköping AB,ChIJ44PQRKBuWUYRaLryiSXV2Iw
4 Er Städ AB,ChIJrT2aPuCoo0ARg5KKhcjFVGs
HS Service & Support AB,ChIJa6KNyLVDWEYR7cc_tkMwpWY
Cyklande Städarna i Linköping AB,ChIJQ5hgyuZuWUYR_Mgr654VThg
Lyckohem,ChIJReS1e607WUYRxNeIpemFHkw
Norrköping Ställverksbyggare i Östergötland,ChIJHUbF3TA6WUYRRQ0w3-Rcr00
Stattum Ab,ChIJ11ge7Gc7WUYRZndnN3hzJUE
AB John Fröberg,ChIJC6t55E1OWUYRZQe_CrfhQek
Kolmårdens Personliga Assistans Ab,ChIJ79OMZII7WUYRnXjDKCQKUxA
Poppelstaden Omsorgsförvaltning AB,ChIJC-ZFe9DcW0YRR4-MEXgzHts
Unik Musik I Östergötland AB,ChIJie6WeC1vWUYRxtA6huJ56rM
Conexi AB,ChIJyTeyPt93X0YRVrufTgwIRDo
Olivia Personlig Assistans | Linköping,ChIJeUloKTBvWUYRjkGxJ0L-IGc
Subaru at Stenbergs Bil AB,ChIJC1evpxktX0YRRX7rPA_pLxA
Surfstore East AB,ChIJGezDhiNvWUYR5XAtZw5QY3Y
Surfcultureweek,ChIJZ8rGP3i_kK8Rnp1ntUnWy5g
Kikkosan,ChIJ7UbvHXZvWUYRpZG-RyhKb2w
Natu Sushi,ChIJEWoXwy8VXEYR9ZDOx5Cg4ZU
Street sushi,ChIJWSvVoakVXEYRSXj08TVVHfc
Hultsfred Sushi,ChIJ7SS9UtvTWUYRCq4UV9J_dSw
Sushi Natu,ChIJlWV_64RvWUYR8gRaBD761GY
Sushi Yama,ChIJOU2BcrM7WUYR_btqpap-3wE
Gimme Sushi Valla,ChIJpU9C8qxvWUYRJV96LDbbcFw
Sushimaki,ChIJV82MOCNvWUYRc5F-ctTD9RM
Restaurang Lingon & dill,ChIJARgpTyxHWUYRf9i4dqhYxBU
Mons Båthus,ChIJh2s7z53CWEYRujD7TLN1GhA
Smaksak,ChIJJ9-rN21vWUYRyVSEDeWzhgA
Aluminiumsvets i Östergötland AB,ChIJH0twtTTXW0YRsvHh7F0QzDI
ConWeld,ChIJkSgeGvBPWUYRnfD8Cpb0eEs
NIBAB Industriservice,ChIJ579TtS8uWUYRLJbTynjnrwg
Vikon AB,ChIJwwP3hulkWUYRiDov47Db82U
Linköpings Smidesservice AB,ChIJCbWcH09pWUYRLGXERTWGifE
Plåt & Maskin i Norrköping AB,ChIJiSRIyv46WUYRplXvfW_ltqo
Systemsvets AB,ChIJr2z8jjg6WUYR0uBctYy26DI
SvetsAkuten Östergötland AB,ChIJ__9PdMncW0YREEonk_zDUqE
Lottendals Industriservice AB,ChIJ-wbP_5OiWUYR01X2ibzwfMk
JJ Rörsvets AB,ChIJYd6h2ih9WUYRAXP911e1mqQ
Bultsvetsteknik AB,ChIJ17nO56FuWUYRhq32krAQdEs
allsvets,ChIJ4b1TSzNpWUYR8blNriMvsGI
Quod Svets & Smide AB,ChIJ-WiUii6fWUYRra-DSJDS-4U
Pontus svets & smide AB,ChIJ4_3CemBj-CUR61Pku1blIOY
Licenssvetsarna Öst AB,ChIJE0L-aEc5WUYR6E-kh1WREd4
ASPTEC AB,ChIJQ8EY97E5pkcR3PdyjAFkIJo
Giddes Maskin AB,ChIJH2WUdB13FqMRoWOKn4HUj-k
SEN Street Kitchen i-Huset,ChIJ2VA0oN9pWUYRdlUFhoDUWeU
Österbymo Hardwood AB,ChIJjy2E6ymTWUYRPvprjRMrUe4
Holmen Wood Products Linghems sågverk,ChIJbQRmfLdrWUYRH_HsfwPl_dU
Södras Wood Kinda,ChIJI1m8dfWiWUYRmEiTBOLvOnE
Ölmstad Träförädling AB,ChIJf2L8_O8_WkYRzDCjGlDJZWM
Sandåsa Timber AB Forssjö Bruk,ChIJ4SFWAAXJXkYR57VZWc2I2hA
MicroDri,ChIJQUklk01vWUYRnpqkeU3Q6Is
FRÖDINGE Hällerum Timber AB,ChIJT9TQHrrKWUYRtyxysBxHulY
Wallnäs Timber AB,ChIJQ10m-unEWUYRRhSs0xFUSts
Nors Wood AB,ChIJjwPR0DFYMY0RFuGr-CGkxyA
Care of beds - Norrköping,ChIJnTuE_qs5WUYRfooKZpCJkf4
KungSängen Linköping,ChIJe0VHUq1oWUYR5mtH7yvbIVo
Sängvaruhuset SOVA - Motala,ChIJddziXjLdW0YR7oS6OTyf12c
Sängjätten,ChIJi5piWLJoWUYRVJUh4TncJ6U
SENG Linköping,ChIJeYQ3tSxpWUYR8kJYmAhbKQI
Lya Lin,ChIJ3Q-whIA5WUYR3wbpq_4QhE8
Melodys textil och Hantverk,ChIJfc79h87bW0YRCvS8eiD5o1U
Vinterstrand,ChIJ3S8RH8g7WUYR3DHrmLFZ0Ks
CL's Syfabrik,ChIJOX0srsZWQaURpOSTqzw_zd4
Yong-gi taekwondo sportcenter,ChIJc1mpa-A7WUYRIkgGZLggZC0
Kolmården Takläggning i Östergötland,ChIJUwQBtjYuWUYR1lk3OOfphJQ
Mantorp Tak,ChIJW8UuWR59WUYRMUKJYvAbcyM
E-Tak i Östergötland AB,ChIJiSRIyv46WUYRWHT4uBnDJ8E
Östgöta Tak AB,ChIJZVeWKLbsaq8R2x5lpYDXfIQ
Västra Götalands Tak AB,ChIJ_zJbazA6WUYRIjKMYKEQy0c
Berland Tak AB,ChIJI5RRVcpoWUYRDXPhvNoD_5Y
Takgruppen Sverige,ChIJ62NGd_I6WUYR3TiZDVoFn70
Sörmland Takarbeten i Vagnhärad,ChIJtaiNZk0_X0YRUMh-UbhQWbE
Ystad Takfirma - Takrenovering Skåne,ChIJAQDAukd9VEYR35RZes_nPQY
Beddingestrand Takläggare i Trelleborg,ChIJhUnGfg18U0YR9iG0nmbrokI
Ulricehamn Takläggning i Västgötland,ChIJAQBwANSEWkYRbu5VEaPi7W0
"Trosa Takrenovering & Plåtslageri - Takläggare i Vagnhärad, Sörmland",ChIJU1WVGYtGX0YRv22BBTiEtVA
VH Tak AB,ChIJ5fn_71o4fKgRf5Yg8ocyucE
BD:s Mobilsåg AB,ChIJxXnGBK5GWUYRdQa9lJGx0gw
Pettersson Tak Projekt,ChIJ0U6JUSw7WUYRGp-y6ABGHg8
Derome Träteknik AB,ChIJU0bjPp_XW0YRpek19iL15zs
Din tandhygienist i Linköping AB,ChIJdXmtVBxvWUYRZBa3sZ_8Cuw
Dentalhygienisten,ChIJY9TF6kWdX0YRWTWL6vnFvJU
Smile tandvård Linköping,ChIJW7JA2i9vWUYR9Qwxjpa_0O8
Folktandvården Ljungsbro,ChIJvcIUNT5nWUYRZL30_6YZH1k
Bright Tandhälsa,ChIJrRESTCRvWUYR90lP_7qXQu4
Ljungsbro tandklinik,ChIJI27SdddnWUYRpyHg2p_hyMA
Tandläkare Linköping | Linköpings tandvårdscentrum,ChIJlcoNRSRvWUYREUSD5Wpsmis
Folktandvården Skåne,ChIJv8gzK2h9VEYRaZGhuUjMICs
Tandvård Österlen,ChIJDQ7t1h1lVEYRH7HGc6E2nug
Life Tandvård,ChIJF1gffnzhW0YROKgtrHnCm8M
Akademitandvården AB,ChIJrThDn3LDW0YRMWaTctSvyqw
Vadstena Tandvård,ChIJ66t4RaDFW0YRSKmeOYmDmR4
Boxholm Dental AB,ChIJrTNnud0qWkYRBUfhvhLDGH0
Finspång Tandvård AB,ChIJOeBzMaZPWUYRxau1J_hp6hc
Dentikulum Ab,ChIJYc2fg9HcW0YRnizQJiPz9ag
Min Tandläkare Valdemarsvik,ChIJY7-ap0OtwCYR1IXPar1LqM4
Care Clinic och till mig Leg.Se,ChIJ0fAaE9L6WEYRoMbhjl0nEVk
Tandläkarna Maria och Erik Henefalk AB,ChIJT3FQ7ntvWUYRmufgy5hYkik
SDM Dental Center,ChIJtW2RFVk7WUYRVxsrW88v_Eg
Dental Forum i Jönköping AB,ChIJ4XQVHuhtWkYRZGxHQ2d7ukM
Tandläkarna Jansson,ChIJCY8QCrM7WUYRnh_bfr3f7qg
Tandläkare Norrköping,ChIJFQROK6Y7WUYRCNc5vkVGstI
De Geerkliniken AB,ChIJU2IfhZE6WUYRpjCstYdR5qs
Taga Tandvård,ChIJb5sTVVI6WUYRD4rt2ECTiJ8
Citytandläkarna Maria Paldanius,ChIJ74SHVbM7WUYRZ92raplS-Xc
Tandläkarna Mirum,ChIJ0WBa3qo7WUYRaZubKreCPNY
Hel & Fin Tand Linköping AB,ChIJzxqxHSVvWUYRqPlJw_oZXUA
Diamond Smile Dental,ChIJt7a1xeRvWUYR77Yi2vDxpHA
Tandläkargruppen Norrköping,ChIJe8kBVEo6WUYR3BCtzGqxRe0
Citykliniken Tandvård I Linköping AB,ChIJpWy1UCRvWUYRiR_LEtVtfmk
Stångå Tandklinik AB,ChIJTeWp9SZvWUYRLnBmo7IZOIQ
Tandvårdsteam Sylwia AB,ChIJU3sWSpyjWUYR5mS8zXLgnTw
Specialistcentrum för Endodonti,ChIJH5v9jZs7WUYRqJoWUTUX86Q
Vasa Tandvård,ChIJR1aRBldvWUYRW2EKwJB-DGg
Tandvårdsteam Solmell,ChIJj8Up7yRvWUYRv5D76y3p0WE
Tandläkare Patric Renström,ChIJl0aPyCRvWUYRWdA3S-hWZV4
Pro Team Tandvård i Linköping,ChIJVcHhHz1vWUYRn9r-AiW09RY
Mantorp Tandklinik AB,ChIJJT2ITyB9WUYRhEvpO4k7gkY
Tandvårdsgruppen Motala AB,ChIJuRCFGdXcW0YRnVTpDwlqOn4
Nya Ulmbrants Dentallaboratorium AB,ChIJa3pxINknWkYRFXWnoqvbVtI
Anneli's Tandhälsa i Linköping AB,ChIJPdJ29yRvWUYRt8bLFCObXSw
Tandvårdsgruppen i Linköping,ChIJ1fcACCVvWUYRNIYyEpwLxVc
Valdemarsvik Dental,ChIJJW6jItXkWEYRJ8YeQMTybuk
XDENTAL (tidigare Studio Dental) Ljungsbro,ChIJK4dIP25nWUYR9Q39QJpqDCg
Tandläkare Jeff Sultan,ChIJYxBTQZVtWkYR9UnNjdQXCoU
Linköpings Tandvårdsteam,ChIJ__8DwiZvWUYR9qJ37aH5lvA
Amdenta Specialistkliniken i Linköping,ChIJJTsD8YxvWUYRn6XgfxIzlRQ
Jönköpings tandvård,ChIJJz-ygj9tWkYR-m9vea7zNwE
Svensk Tandreglering AB,ChIJccgDEa87WUYRkswCefyGdf8
Svensk Biogas AB / Qstar,ChIJq5uB95TWW0YRs4VK6WOJg08
Pinchos,ChIJ-bvVh9DcW0YR9RwiJ4tuJZA
Fasadfog AB,ChIJHZtdZWc7WUYRTTW3p20KxXM
Åtvid Ink Tattoo & Piercing,ChIJz384gDgPWUYR7eCTkdmIvBE
Three Monkey Tattoo,ChIJ6ce5w-1PWUYRv188Mg3JLS4
OnePunch Tattoo,ChIJv7DuWdxvWUYRzmYlEVXeYUI
Sacred Ink - Tatuering & piercing Norrköping,ChIJoeHKbD07WUYRpAkUSvJwN7w
Redtail Tattoo,ChIJUZ06i007WUYRQEoQkHQrZQU
Taxibil i Östergötland AB,ChIJF5lC3zw6WUYRa2KuJeze2KE
Linköping 013 Taxi,ChIJ27F1Ja5pWUYR6EmvwL7HB6U
Linköping Taxi Point,ChIJvcCGth9lWUYR-f-Yr9QcrcY
STNTAXI LINKÖPING,ChIJe4_uL71vWUYRkHDvF8LBtqA
Stn taxi Kalmar,ChIJ81X5lps0NSwR7iKWvGcnAow
Bankekinds Buss & Taxi AB,ChIJr_iiGMRsWUYRR07wwkXW0HU
Automat Center AB,ChIJk8N_YTZvWUYRbpZdT588qko
Teboden,ChIJLYFkmiRvWUYR1cE3bQwWU9Q
TheaCoffea AB,ChIJZ8Aza0s6WUYRINvNsC6Tt34
JOBmeal Norrköping,ChIJc_p-Nfg6WUYRgh2o3Ee_RlA
Stora Teatern i Linköping,ChIJg6-YsDpvWUYRvo_eFV5fhDk
Kulturakademin i Motala,ChIJMXjxdNHcW0YRw3VSMam48Jo
Teater Fenix,ChIJSSj2ErA7WUYRxPjeOl1AC-s
Scenkonst Öst Ab,ChIJmUj-BzU6WUYRq_I5lG-25Yk
Shakespearefabriken,ChIJISiWd4rFW0YReSFZLlDMQI4
Ung Scen Öst,ChIJw0RByTxvWUYR4lkVoylbTzY
Teaterns Hus,ChIJx1ifaC9vWUYRN489mQUjG2o
Tebladet Trädgårdstorget AB,ChIJl7G_QiRvWUYRFFwiXFXtmGw
Sten Alsö,ChIJCZJAb-tuWUYRQikEsBTWB9w
DA Säljkompetens AB,ChIJh9kL3HCiMI0RsPC26Tb5cWw
TeleProffs Sverige AB,ChIJ_ynn_apvWUYRkoJIs3lNzAo
SOS Alarm,ChIJyZGCA7Y7WUYR7BIXKQACCj8
Offshore-IT,ChIJl7NRURlvWUYR2ksK0jNnhNM
Crashed Phone Investigation,ChIJP9BLKp_XW0YR42cSRfQxj6g
Redovisningsbyrå Norrköping,ChIJ1-F3RUs6WUYRDUpR1odxHic
Seranda Ab,ChIJLWwnafRoWUYRrckXGjexcGo
Transtema,ChIJdT2jtpRvWUYRJjBUnj2IJFM
Mötesbokning - Phonecall,ChIJPeKZnYc7WUYRA7G5nPWQOFE
Kneippbyn Resort,ChIJgQZWRkOv90YRBicjwGOdk9Q
Holmen tennispark,ChIJHX9jRNI7WUYRhwmTS60Wtdo
Racketboden,ChIJk-NPIhNvWUYRIv8EVcufleI
Mjölby Tennisklubb,ChIJh2LZ-F3WW0YRYm8mY6pfVBQ
Motala Tennisklubb,ChIJR4DojtnCW0YREG4u6XkF53o
Svensk Tennis Öst,ChIJ1alg_i_DW0YRYJMIl4pKG-8
Tennisklubb Åby,ChIJiSY6EEk3WUYRnwoAY-aLOaw
Kolmårdens Tennisklubb,ChIJ6yClfCIuWUYRcl27RiF3tAU
Linköping Tennisakademi,ChIJAQAAQC1sWUYRrYN1iKRuCQE
Östergötlands Ullspinneri AB,ChIJVVthnUIzWkYRJO7NkadRk-U
Linköpings Bil & Marintextil AB,ChIJsWRG4KBuWUYRBdZ_sGlEW6Q
Vallawok,ChIJ0bEI9j9vWUYRSFyACGkfb6c
Spicy Hot Kungsgatan,ChIJPeFoEzU6WUYRzFkivSE95RM
Taste of Thai,ChIJQ8cPTyRvWUYRo97LT5i2758
Sawasdee Thaimassage i Finspång,ChIJ-6PxKlRPWUYRp2V7ilX1mhg
Ratchanee Thaimassage,ChIJbQ6IQTpvWUYRo7-k5cxCazo
Siam Massage & Hälsospa,ChIJ8d3GCDBvWUYR_Jrdv5abpDs
Sunshine Spa Thaimassage,ChIJZ2JD_V3WW0YRs_SzSJdoFSE
Rungs hälsoland thaimassage,ChIJW046DlzWW0YR42lRIfbXpWY
Thai Hälsan,ChIJX8_w4TQ6WUYRvmPRpz-ccOM
Chopp Event AB,ChIJm1t2mBFOQ00RusnELLH8mzM
Tidningstorget AB,ChIJowGtFqbTWUYRymne5AW2TQU
Valla Morötter AB,ChIJH9gwwtrIW0YR_2BgjSZpUfc
ElektroTermo,ChIJKT5PfCEPWUYRcMNCCtPWiHQ
Scanfil Åtvidaberg AB,ChIJM1VuNzcPWUYRBUxvToHg3rE
Borensbergs Mekaniska AB,ChIJBRuX_SzfW0YR5-t0LL8Jvis
Steeltec Boxholm AB,ChIJX4vj8iErWkYRgqllphBgn7U
Finspångs Verktygsmaskiner AB,ChIJxaVCOZFPWUYRiKaLpG0cWes
Lantmännen Unibake Sweden AB,ChIJAQAAQBZ9WUYRJjKRLSHCUAk
Glada Bonden mejeri,ChIJTcSo9y4rWkYRl5kQbbs3Xc4
Scandinavian Manufacturing Scama AB,ChIJTxgrBhnSW0YRs7SVkeKAUro
Hallins,ChIJbcZHLO40WkYRl_Fj2F0eXXw
Arla Plast AB,ChIJIdbSgNffW0YRjVUPmRVDDxs
Snickarglädje i Sverige AB,ChIJfe53oKDFW0YRkeRJpqg-X-4
Teknova Byggsystem AB,ChIJtS4Zf3LFW0YRKi3jPAf1INM
BTT Plåt AB,ChIJy4_tZ7iiWUYRlqIS10x-ZMs
Galleriet NRG AB,ChIJK6Scl00iWUYR_aJ7er9LqcQ
Swed Handling AB,ChIJXel632c6WUYRtnrKiiI_4AU
Hejla Skärteknik AB,ChIJoxiPEhjSW0YRYaImRBMFhVU
H Folke Sandelin AB,ChIJC40BazrdW0YRPBEVVdhkN7g
KL Industri AB,ChIJc1NwuHRPWUYRyAJG7Gv56Tc
Impact Coatings AB,ChIJyQoy9RZvWUYR1Bd5edXUkSg
Joh Sjö Industri AB,ChIJv4R_BPY5WUYRbvIf2QW8tl4
NordiQ Motala,ChIJh6pvRDLDW0YRA0I5KDGwo5E
Wagnfabriken Motala AB,ChIJUewMnsknWkYRMJUOrQvyFhM
Specialverktyg i Norrköping AB,ChIJ77gYOgA7WUYRWXdn-h9L8sM
UCS Industrial IT,ChIJzy7k-npvWUYRqRsXMlyxcS0
Sweeptech AB,ChIJSSfZ-VLXW0YRBs9a5RS2zXM
Bofab Conveyor AB,ChIJ3eBBqJnFW0YRFMpF2k7ZbsI
Pacego Stanseri & Packningar AB,ChIJM6QwOtLkWEYRRDYaXzhGX6M
Åtvidabergshus,ChIJFdbznO8OWUYReyIrktZZ7Gw
Östgöta Gourmetsenap AB,ChIJ39mery8uWUYR_0LQq5EFSt4
Holms Industri,ChIJ4fqc9ebcW0YROgAMSwFtXQQ
OPA Energy AB,ChIJyS8sACuHWUYRJF0IHMOA2z8
Stora Enso Packaging AB,ChIJwwP3hulkWUYRIJAHnYyxMAM
Hannäs Smide & Montage AB,ChIJ0W9cZP79WEYR5uEhqxMB2LE
Minec Produktion AB,ChIJx5xHnuQOWUYRO7auLy84NPI
Grytek Ab,ChIJjaXP49xWWUYRl8R45EelbXw
ASSALUB AB,ChIJC1FLRDoPWUYRXyFDNzVcfp0
Ocean Modules Sweden AB,ChIJx5xHnuQOWUYRCOPELWvdWfA
Mark Up Scandinavia AB,ChIJVwIF9ZI0WkYRtRuLb1zN4zU
Mjölby Släp & Trailer AB,ChIJFZpcheXWW0YR9S-ktYnEYLk
Hjulsbro steel AB,ChIJFxD_-S9sWUYRPnrRfHZ5dsw
Linköpings Tekniska Fabrik AB,ChIJyW5YGE9vWUYRzGufSaF85lw
AB Arex,ChIJcyYCUtL6WEYRcSAif-fVW7I
Linköpings Maskinteknik AB,ChIJxShnfqZtWUYRa6Fe-25RrD4
Andritz,ChIJa5ECZlo6WUYRBeYhUDLE06Q
Swedex AB,ChIJlRxcG4_WW0YR-3UlimwZbFg
Ydre-Grinden AB,ChIJ5YVexpHyWUYRLy9hghANAPg
Polyproject Environment AB,ChIJ_____y8yWUYRrOXSJv7CJwI
Korroterm AB,ChIJAWB4VaRrWUYRVdhkn09Z9To
Norrköpings Verkstadstekniska,ChIJaUoRAk86WUYRn2eWwb4g83Y
Ekholm Vision AB,ChIJAQAAABEtRUYRjI6vKw5BDAg
Raws,ChIJxQPxH5w7WUYRPfzgfalTSEI
Albecom Sweden AB,ChIJVVVVVVoPWUYRkFL8K8tCRsE
Ettiketto AB,ChIJ_____x4PWUYR-eDy0TSyL88
Konprod,ChIJMWArS0kPWUYRlZzAjvm9Pp0
Rimaster AB,ChIJ2zOP8PyfWUYR49v4l70iPss
Xylem Water Solutions Sweden AB,ChIJAQAAAGQ3WUYRK5NzULd2nPM
Kängsta musteri,ChIJeWpSbftnX0YR2f8SBqnQ7GY
ieasysystem North AB,ChIJoxli3Ta8X0YRDVvoZsZEGEo
Carbex,ChIJCXNrBW3FW0YR9R6JGHGNI7k
Tranfoten AB,ChIJvyhrqyZWWUYRacj9xdbYWBU
DTN Dorstener Tråd Norden AB,ChIJESyoKu9PWUYRz6Mqwr4yvug
Bia Bed,ChIJlXoMhdTkWEYRuMdbDqgJA-g
Hyvelkompaniet AB,ChIJJS85L-yiWUYR0A-T-ZiT4FM
On Q AB,ChIJDY4DAzNpWUYRmlXxbOpGyu4
Tielman Group,ChIJFQkTtDZvWUYRmPC_cWS7eQ4
Metizo Dezign AB,ChIJVVVVxTtvWUYR1t7vfQ9sHro
3Dialog AB,ChIJ-628ljh9WUYRjivMTmpW5TE
Bröderna Carlsson i Motala AB,ChIJW8DlyS3DW0YRk52AZ07ENpA
Ramson AB,ChIJYwCw59jcW0YRKC0Fh8S_ahc
Anatomic Sitt i Norrköping AB,ChIJiYM_X6o7WUYRsU1zlKpjKVw
Limgrossen i Norrköping AB,ChIJKx9NOzY6WUYRWlB72y39G1Q
IV Produkt AB,ChIJx5pRHb47WUYR6EG9QckvYeg
Sura Magnets AB,ChIJhxeA4koiWUYR5gR4pB76ZuE
VVP Trävaror AB,ChIJI7afUzEiWUYRxXmpUUMYy8g
Hovdelikatesser AB,ChIJOSa9_yjQW0YRNKTXB4meva8
Vadstena Konstgjuteri,ChIJwV4Rks_FW0YRqQLBfXxPjaw
Comfortzone AB Motala,ChIJI8EXOEbdW0YR9Rdxj2Q2m0M
Viking Beds Of Sweden AB,ChIJJy4chJFQV0YRdqOaxTGas70
K-drums,ChIJiTSRIz9PWUYRRibDCkvi438
Hardford AB,ChIJ4Yc6RrJoWUYRYH0LD3FxPhA
Absorbest AB,ChIJOQDGuo6jWUYRNT5sVLG9Se0
Fks Rostfritt & Smide AB,ChIJQwadpsxoWUYRB-YLK_PLThQ
Stone Ship,ChIJr0EzlFqj90YRkX0pwhFiu-4
Freudenberg Home and Cleaning Solutions AB,ChIJraRkYsQ7WUYR02O_GnP0jGc
Fitesa Sweden,ChIJLcMGP4gwWUYRiGSwxAx_lCA
RHEL-VENTILATION,ChIJU5TEa4NvWUYRg3J9_LEqYd4
Valles Maskinservice AB,ChIJ5eCQfeXWW0YRz0Wrcg1tUeI
Åtvidabergs Takvåningar AB,ChIJ_____x4PWUYRlbjaTwAYXto
Jolla Chokladmakarna,ChIJu_NJLDU6WUYRZix-Oq04xzw
NordArom AB,ChIJ0X_KKmI5WUYRdkM9ncOHbB0
Wematter,ChIJR4RwUlTXW0YRvZ6Ls0bKmuI
Lalmek Hydraulics AB,ChIJU4J-Seg_WkYRiNKDujwz3fQ
"Gränges Finspång AB, Reception",ChIJES9dgsJPWUYRoqCfgqIufWE
Cocosbollsfabriken,ChIJHxx8OvM6WUYRnoNUwLuNLGY
Väderstad AB,ChIJjbO4YSLSW0YRABiKQedW73g
Stokvis Tapes Sverige AB,ChIJQdmt-B06WUYRRUgVMuTmNsU
TRIAX Svenska AB,ChIJNVIxS8toWUYRBay4vkKkiqc
Hamex Precision Tools,ChIJRY_CmzNvWUYRFiR7u5lhz_E
Hogstad Svets AB,ChIJ6w9TyuXWW0YR7T6TH7WsHt4
Grehns Plåt AB,ChIJ-fNOY_c6WUYRgFRrrOj3SyM
Edlund Smide,ChIJ1a3kVvB3X0YRiaQrR-PS7gM
Tupac AB,ChIJ_923n_g6WUYR7G2UtPC63_4
Great Group,ChIJTzD0JBo9WUYRTbb1DOOGUoc
[i.o.h] Organisationsutveckling,ChIJZz3ln1plf0YRzAstd842-4Y
Paragera AB,ChIJ0XpsXCRvWUYRaB-8GJVFn7k
Sententia Management AB,ChIJS2CG7IpvWUYRJ_4AmBtShIo
Funktionsrätt Östergötland,ChIJac3UbDxvWUYR0Q1af7pgrnE
Vilbergens Konfektyr & Tobak Handelsbolag,ChIJVVWVB787WUYRnMhjX8viYtY
"SweToner (Bläck, Toner & Reklam)",ChIJe3dcTv5vWUYREtPkGPRuohM
Tomas Monells Trafikskolor AB,ChIJ11RPd5SiWUYRtvngDr0cty0
En Annan Trafikskola i Sverige AB,ChIJy8s7xehPWUYRfOWyu9QH9Kg
Rudolfsons Trafikskola (AB AGR:s Trafik & Vägutbildning),ChIJzXgXjTU6WUYRG3ideRPZeYk
Helens för körkort AB,ChIJZ3SscTQ6WUYRNzrCc3oMlZs
Vadstena trafikskola,ChIJywRMGyjFW0YRo_DB8E_E-GE
Kör Eco trafikskola i Åtvidaberg,ChIJb7NyOzcPWUYRl-0c02OWbcA
Linköpings Tungutbildning AB,ChIJo59v_DRpWUYRRASgCp12A_M
Mårtenssons Trafikskola,ChIJAc_Z01p9VEYRTirrDC-w-oA
Tranås Trafikskola AB,ChIJbSGG9t4nWkYRY6fvOUbrdus
Fransson & Israelson Trafikskola AB,ChIJfTJKnCRvWUYROX970_rCbeU
Magnusons Trafikskola AB,ChIJuXZyGjpvWUYRiEF5Rz4rozg
Linköpings Trafikskola,ChIJtWsLojpvWUYRTzoEY4sC3G8
Wasén-Wandestam Trafikskola AB,ChIJUxFI3iZvWUYRso1LdYKSBN0
Eliassons Trafikskola,ChIJ7UpzLypvWUYRAIRQczGRtUU
Ingelas För Körkort AB,ChIJn6OPdjBvWUYRY92UPLUeE94
Trafiko Handledarkurs & Riskettan Linköping,ChIJxwcv3hdvWUYRvzFpvD6fQf4
Körkortspartners,ChIJpVo7b1cpWkYRaUzG9AoAorY
Körkortsintensiven,ChIJxUMTW-huWUYR018ZdUcEMeg
Thores Trafikskola i Linköping AB,ChIJ5SUnlcNpWUYRY8RWK0nnDHw
Axelhed Förarutveckling,ChIJlVZEqM47WUYR9JIlxDlmCnk
Arres Trafikskola i Norrköping AB,ChIJvUsOr7M7WUYRvbiEEVRC7zQ
City Trafikskola Linköping,ChIJH7N_ALBvWUYRYdyUVR03ihk
Haga Nya Trafikskola,ChIJZY8kjTc5WUYRGtykXmeXP74
Körkortscenter Trafikskola/Halkbana,ChIJo1EraW4tX0YR7_uqaTb3VG0
Yakouts Trafikskola,ChIJNXfbMJdvWUYRu1ptGljwL5E
Magnusons Trafikskola,ChIJSUY2GdTcW0YRdTw2HgjkW5A
Basses Trafikskola,ChIJdX24gLU7WUYREdi40FC-TFo
Åhmans Traktorcentrum AB,ChIJ1ZjTaoBlWUYRdI1ZjvcyUMA
AximaHäggbergs AB,ChIJW6KzDn87WUYRgj2W-5zIy1c
VTI,ChIJJb12ZXBvWUYRXS983ZzQF38
Online Limousine,ChIJbTV66LZpWUYRMKEhtGj_SM4
Mantorp Transport,ChIJB8R-bxR9WUYReFSr4xJfhdA
Ringarums Linjetrafik AB,ChIJ__Hm2_rhWEYR5YLwwmSvgEY
Green Cargo AB,ChIJVVVVVUh9VEYRo0XfpqzHwic
Wettern Logistik AB,ChIJXw3Ay_M7WkYRLZ0xgfWahlg
Alltransport Östergötland,ChIJSexv-ipvWUYRLlbBbMr5YJQ
G:sons Budbilar i Östergötland AB,ChIJ5XFaxxg7WUYRhfD9SEf5MzY
Linköping Transportkonsult AB,ChIJ_Qsp-y9rWUYRr3n5aWHTAME
Davids Godstransport,ChIJowCxVKtvWUYRDjayOHm8Dnw
Arne Anderssons Åkeri AB,ChIJ55fXlTzdW0YR6bYYtHjVWDs
Ög Transport AB,ChIJVbrdTjcPWUYRiOT-It4dzLU
Taxi Wish AB,ChIJL7EvKjFqsWQRAz4Bd0JbtKI
Lbc Norrköping AB,ChIJ6cAIW8UjWUYR_nTwRSkdd-I
Ntex Inrikes - Norrköping,ChIJLxP7x5c7WUYR2WkAOjLJu40
Norrvidinge & Sortab,ChIJtUK14MN9VEYRCsEOgR9wVlk
Keolis Sverige AB,ChIJWXGQ3ptPWUYRSBI8vvDHTCs
Östgöta Bårtransport & Service AB,ChIJ_____29mWUYRA70tyZfgLYk
Foria AB,ChIJsWIilDs6WUYRkLy3KxnxHUw
Dydab AB,ChIJjwC2jehuWUYRiwUOw-nGNRo
Flyttmar Norrköpings Express AB,ChIJG_fK4r27RUYRXhRQBm6x0Yw
Use4Free Släputhyrning,ChIJzwmzYC5pWUYR_4rATGSqipY
Stoltze & Company,ChIJidgR88M4WkYR61YIJ28Wr9s
DC Biltransport,ChIJCSC_c447WUYRzd52aeHk77Q
Hjertstedts Åkeri Ab,ChIJJcumtaZuWUYRldEs3tLU4S0
TROLLERISAKER.SE,ChIJQ2wxrA4RWUYRhRLgDUgTQzo
Brunnsparkskyrkan,ChIJQcgY1dsnWkYRkB2NfLhL5mg
Tryck & Media,ChIJL654UDJvWUYRU4DJ2iOtD0c
Linköpings Stämpelfabrik AB,ChIJQ43SY607WUYR-vd90F7VmE0
Profilerna.se,ChIJe_L-IaxvWUYRFHLZYPo7oRs
Otema Grafisk Servicebyrå AB,ChIJO3q4nGvdW0YRhiwqZ-jidy8
Atlas Industrial Print i Motala AB,ChIJufQP4y7DW0YROkl_LuZI5n0
Tellogruppen AB,ChIJS9F55zUiWUYRUX1BeI0-SFA
Tryckeriet Valdemarsvik AB,ChIJcdpG7836WEYRDs4-PjB-8I4
Gigantprint,ChIJsYz9sSA6WUYRcyWZGWrxDBA
Pressgrannar AB,ChIJgS_SaTVpWUYRLHQ8yboEIjk
Närtryck Alltrycksaker I Norrköping,ChIJAZICSkw6WUYRJb73aybZVMs
Larsson Offsettryck AB,ChIJDf7atTJpWUYR5WVffsFkyWc
Alatryck,ChIJsaX_qxLFW0YRzgiTwFPTeeo
Åbergs Tryckeri,ChIJtemoqEd9VEYR7BqiuhM86-c
Adall Grafiska AB,ChIJL2ud3i9vWUYRm7ZM1UM5X3k
BPT-Tryck AB,ChIJ9bB1AcBuWUYRppatZEMd72I
Ete-Tryckeriet AB,ChIJFWFIDk86WUYRrQ0rIRec940
Green Lite AB,ChIJDad8lmk6WUYR9agec2f1nNc
Ringqvists Tryckeri i Norrköping AB,ChIJyUnL0VU6WUYRtTtg_v3a7DU
Åtta.45 Tryckeri AB,ChIJ--1oVFE7WUYR6t4tzeZtXT4
Arkitektkopia,ChIJf9AEXrU7WUYRKNDaq1WO6rQ
Tryckeri JustNu Skövde,ChIJwa4-3coDW0YRVj5TTgap7Yc
Dinprint.se,ChIJH0HUsyA6WUYRw_PXxrborVk
LTAB Linköpings Tryckeri AB,ChIJJx2CL0hvWUYRH-LmwQ51y8U
Screen Print AB,ChIJSUqHvnVPWUYRadeFmqdaR8I
Storbildsfabriken,ChIJZYDNaUlpWUYRfl3W3NhF30M
PrintPoint (Tryckeri - Digital Design & Print Solution),ChIJk5XyPPBvWUYRat9gu8ghkKU
Skyltreklam AB,ChIJtXHKT4A5WUYRZcjMSfxcFM4
Yakobs Ram & Reklam,ChIJl-GZbDQ6WUYRqfrKwexhV3Y
ThomasTryckare,ChIJN3BVXaMnuEcRUgxDiAzEhUw
Mjölby Tryckeri & Reklam AB,ChIJu7lPyojWW0YRmglLyIoWxr4
Sturefors slott,ChIJC3mZ5s9tWUYRD1Fd-PcXAy4
Fornåsa Gräs AB,ChIJY3ZkVCbfW0YRmz4jCf64Cds
Omberg Kitchen,ChIJJwKiyF7XW0YRIS-egNqxoYo
Växthuset Rökinge gård,ChIJTaOMle1mWUYRnQNgNdAa9zY
Jannes Trädgårdsservice,ChIJ_2sLf9zcW0YRFJWP_eI1MtY
Habblarps Trädgårdar,ChIJ28ZR0qrXW0YRpa1ImJ89yYo
Örtagården i Söderköping,ChIJ9XTgAbMjWUYRyrGhLUgjCUQ
Linköpings Koloniträdgårdar,ChIJPfmntd5uWUYREPYZU7WYnBw
MBM-Utemiljö,ChIJT0xsM77hW0YRvxg4IVch-Is
Lundby Trädgård AB,ChIJgU8Op8AkWUYRb89b0VGphGE
Koloniträdgårdsföreningen Kaprifolen-Steningedalen,ChIJwyDW8Yq9X0YRTEI_YEYVh0k
Koloniträdgårdsföreningen Anemonen i Märsta,ChIJU0OT-0y9X0YR14RQYYgI_s4
Kungsträdgårdens handelsträdgård,ChIJ3RXaffMlWUYR0BJtcKFj1SU
Thujaplantor.se,ChIJNbvlY2HpW0YRImnZnf8Ceow
Ateljé Spaljé Trädgårdsarkitektur AB,ChIJbw_KHvhvWUYRFtnRsm0hXF4
Konungsunds Trädgårdsservice AB,ChIJzzKfKrYlWUYR1XLYPSiUhV0
Connys Skog & Trädgård,ChIJtQdov8XcW0YR4iYsMvSr49U
Botanicus Gårdsbutik,ChIJX57SH4DXW0YRLhWHaavXzoU
Ingemarsdotter,ChIJ9yPd8BbfW0YRHPSul1gyGbw
Mårdsmålens Handelsträdgård,ChIJZfc__dgnWkYR__hfzElbnA4
Linköpings Trädgårdshandel,ChIJpRLDmCNvWUYRvpw8UhlExCo
Cykel & Trädgård i Motala,ChIJJWYqtCPdW0YRJpovI3HbgMo
AB Kisa Motorservice,ChIJZVXmgpSiWUYRrOkvJvJeDNY
Nya Askeby Trädgård,ChIJsWU2_i5rWUYR5PGICTD-ZKc
Älvan trädgårdsmästeri,ChIJp2Ym0bXfW0YRupABshxnwbw
Alsätters Trädgårdar,ChIJB3Aw2-09WUYRpOuGn_KLB7w
Elton Mills AB,ChIJbwpcM_hvWUYRtYvKt16CSFA
Mannes Trädgård AB,ChIJu2ANvTLzWEYRumq39ZcSsQ8
Green Östergötland AB,ChIJDwSIdxZvWUYRIFGYIAK9LLU
Werner Trädgård Och Fastighetservice,ChIJD9X4bHtvWUYRlJ_j-PWG39E
DW Trädservice AB,ChIJ____Pz4PWUYRbQpG4BwwiS4
Vånga Trädgårdstjänst,ChIJ7xWdTRlDWUYREbKSvko69mo
Kuddby Trädfällning,ChIJw6mjuJA7WUYReOB7I16i9YU
Trädgårdsfix & Design Linköping,ChIJExS0vKNpWUYRcTXEovT048M
Habitat landskap & trädgård,ChIJs6eZU1WnWUYR6kisnuJVVVs
Solmark Trädgårdsservice AB,ChIJa0pMUfJvWUYRsPqtHxC_wa4
Tesåb Fastighetsservice,ChIJyQU13rdvWUYRI_2PWyckNkk
Finspångs Trädgårdsskötsel AB,ChIJAWvQRVBOWUYRpS-G7KiKq1E
Kullerstad Trädgårdsservice Skärblacka HB,ChIJac8Ep4GA0WgRqsRsVOTNXmk
PTS Trädgårdsteknik AB,ChIJwaGtPAznj6oRGujATzBeGzw
LinkGardening,ChIJKYy1526A52QRpZzzRfCL1qs
House of Zen i Söderköping AB,ChIJuQ9n2DUiWUYRJqUCR7fugm8
OurFitness,ChIJNTuktRZvWUYR8qxxJdqL7iI
Camillas AloeHälsa Västervik,ChIJgaEEDvpDWEYRAkkE6GvwQE8
Firma Juha Takkinen,ChIJqdOG31BvWUYRqeixfZi8M94
Vallaskogen parkrun,ChIJw9WHihNvWUYRN86U2MM0qJk
MiVano,ChIJ8wcwLxndW0YR9QndlgM6nuQ
Fyskliniken i Linköping AB,ChIJ____P3BvWUYR3NdEofIkpWA
Aktivitus Linköping,ChIJ_QSFdDRtWUYRZr9u1bpnzYs
Remmalagen,ChIJUy6d-VdHWkYRtZ6Tsf4YpEU
Naturum Sommen,ChIJR8rWHtSHWUYRK9-ehzUV6hw
Lassemajas Deckarhus,ChIJlfasW-xvWUYR2wV5rItn3sk
Lindö äventyrsgolf,ChIJ83KxP407WUYR_A5HuLi-UzI
BP Nostalgimacken,ChIJWeNM6wumWUYRwNWGcCnfeRI
Målarmusslan,ChIJI226x6VvWUYRlZS9RksTJio
Observatoriet,ChIJBfeprUNtWUYRiqCfD0SLFHw
Linköping Kajak AB,ChIJj8Up7yRvWUYR9igfvqRA3uQ
Solkanonen,ChIJrfsf9MoIWUYRfXFCtKo-CkA
Tropicarium Kolmården,ChIJrf5NlMEuWUYRgiZJevmGdpI
Häradskärs fyr,ChIJkUZXnWaNWEYRun23W6otPVc
Drottens ruin,ChIJU-J2WtSu90YRZIneVj1ZG24
Affären Svalsjö med Pers mekaniska kabinett,ChIJD-WBp0eaWUYR3LNP4xB93tc
Gusums Bruksmuseum,ChIJsT2d2rDjWEYRLUazH6AaEmw
Åtvidabergs turistinformation,ChIJS8d4KTYPWUYR0fwVIIbao10
Visit Söderköping,ChIJL9AijLEjWUYRW0G1GLoWO98
Visit Ödeshög,ChIJNS-usMI1WkYRlWugbl0WuQ0
Barnens Turistguide,ChIJSTyM11xjWUYRw2xnVKdW03A
VisitGrebbestad,ChIJxwFRCH7VFGYRqqoa4n4tmbk
Yemek,ChIJDYqFBKc7WUYRX9kXqG5Ml4w
Sveriges Television AB SVT Norrköping,ChIJE1HhVNo7WUYRa1JGVtGrrqI
DMC Production Norway AS,ChIJOyyKAjYjImERjha538j3MHA
Tvno Textilservice AB,ChIJUfZQd4s5WUYRqc4jB7q1y5c
Elis Textil Service AB (tidigare Berendsen Textil Service AB),ChIJVVVVVR46WUYRMyca1_h5P70
TVÄTT-Stället Söderköping,ChIJ_ZGeOr8jWUYRS0ufeaqQEp4
CWS Sweden AB,ChIJ3Xp-Acg7WUYR7FJ7HJZOZIs
Norrköpings Industritvätt AB,ChIJ9RqZHTo6WUYR1p0wpsQuIfA
Trosa Båtbottentvätt,ChIJaW4oAepHX0YRG8JTuIznRIU
Ohlssons Tyger,ChIJj8Up7yRvWUYRElL4UTeXAC0
Tygladan Linköping,ChIJca3UNyNvWUYR_68jhQ5LPdA
Jofotex Tyger AB,ChIJE8HZIEsiWUYRISL-WUkh40k
Ostkustens Markis & Solskydd,ChIJCZ7SQtPkWEYRiwJhAr6DhMQ
Tygbiten,ChIJ2Zf8rYVuWUYRog4xh_fG1aQ
Syster Kanin Fabrics AB,ChIJKeKAjmwKXaURxCfeqU9Mpao
Alstom Transport AB,ChIJVwNOfz7dW0YRUHkzUuBkNbE
evntsverige,ChIJqV8E7BdnWUYREIEiK7v_Nqo
Sofi Ek - låtskrivare artist,ChIJu1t_jOo7WUYRGJK2OttjPbE
Ana Imraa Dance,ChIJK7Tm3y_dW0YR7VnK5pbCBbs
Aktiv Ungdom I Linköping,ChIJ10_3hyRvWUYRm-4Y6MQbfVg
Kalmendal HR AB,ChIJAaRQ56h2WUYRst7j-27mvM4
Fritidsgården Dojan,ChIJDy7_L0OpW0YR-qBdn2mxkTE
Brukets fritidsgård,ChIJWYtH3LsoW0YRx8Gn6DQLjcQ
KFUM Breviks Kurs- och Lägergård,ChIJI5-XTJ_ZWEYRsWrm_sw5dpw
Studentkåren StuFF,ChIJp6YlIG9vWUYRmvRoYVNXArU
Olles Ur,ChIJgc7VidDcW0YR2kmGF36ji5c
Larssons Ur och Finmekanik,ChIJ___7AqHFW0YRhMbEODlBAoI
Stjärnurmakarna Linköping HM-huset,ChIJYXI-PCRvWUYRkYbgpMUpDqo
Gothia Logistics AB,ChIJH49aUbM7WUYRllIeIEeXpUM
Ung Företagsamhet Gotland,ChIJVVVVlSmv90YRxvUeydfyl7A
Mattecentrum,ChIJi99Fqoo7WUYRDAr3vW3WINQ
Watma Education,ChIJXUxenTE7WUYRjKhT4payfpc
Astar AB,ChIJixSJe7g7WUYRC1FZl8SX9HU
Multimedic Östergötland AB,ChIJ8UhXW4xvWUYRYYw9MTrUzUc
Kunskapscompaniet,ChIJKz0qFYQ7WUYRyd1wg01YBDY
Great Safe - Great Business Group Safe AB,ChIJQUbEaNw9WUYRvmkU-7AC91I
Arena Matchning,ChIJV7mcScU7WUYRoHzUBhJOTNU
MoA Lärcentrum Linköping,ChIJLygsqTlvWUYRvSq-7Yp2hoI
Stångåutbildning,ChIJdQnMyhFvWUYR2CyeXKRRz1k
Truckutbildarna Linköping,ChIJdY71-XJvWUYRw18rEa1MezI
Wikby Transport & Utbildning AB - WTUAB,ChIJaSrxDV7XW0YRxhnlfu6_S4o
Lokförarskolan/ProTrain,ChIJW4JkUFnWW0YRQSnJPvqYwb0
Truckexperten Truckkort & Truckutbildning Norrköping,ChIJKznIKeNpWkYRJlPqhraBzoM
Truckproffsen,ChIJ62NGd_I6WUYR5YltW5SSuns
Travtränare Oskar Svanberg,ChIJYXMkKzRjWUYRbDeAsrFtOhM
KWT Utbildning AB,ChIJy6XVHuM_WkYRYKrJNz8HGhk
Physics Visions,ChIJPcSvPmFvWUYRHtBKi6bCUF0
Norrköping HLR-utbildningar AB,ChIJGQvylM5JWUYRBaQAqX3eW3Q
Vinkällan Dryckesutbildning AB,ChIJk6rW6613X0YRq97K-vx-wMs
JOS eXperience AB,ChIJvZ_-6nNTWUYRFO8ITk4_VHs
Akut Total AB,ChIJ8c96IshlWUYRDXe_s-sGs5o
Northern Shield,ChIJlxUUvKcPWUYRW8Qj6KRN_cA
ABF Österlen,ChIJTfze41x9VEYRTlNjXXT5C8s
YWAM Transform,ChIJv7JuTC9vWUYRIGQ7LqmNYfs
Rundgrens Utbildning & Konsult AB,ChIJE08fTuo7WUYRhkhZOh1OE8M
ShareMusic & Performing Arts,ChIJ752MF8Q4WkYRFYkbeSqxOgA
HLR Proffsen,ChIJm4h_PNHcW0YRuxmrs-J9z0M
Keramiktorget,ChIJZbf0VdbfW0YRmSPYO19pEKo
PE Sustainable Consulting,ChIJ5eyizjrSW0YRJoFj22Xewtw
HLR Linköping AB,ChIJVzY990Qm440R9K1fcb3-Zps
B,ChIJF1P1bcBD8m8RUKSoa4Y3q1o
CoachCompaniet,ChIJbcxMaEzWrmwR7JWG2powYe0
BeeSpeaker AB,ChIJe43EXxP9hSARZC1xyLd869w
Truckproffs Maskin & yrkesutbildningar i Linköping AB,ChIJmRseweRvWUYRUDnd0sW7B6Q
Trafiksäkerhetsinstitutet Gotland AB,ChIJdbTFDj2p90YRgfpIDzshmyI
Leico truckutbildningar,ChIJb_yiDm_dW0YR_TFsMjiUqlQ
LiU DO,ChIJe9iiyiRvWUYRl9R23AfkVU4
Balkongskydd Svenska AB,ChIJjUDxpB5vWUYRXALjhGyCgOw
S:t Anna Våffleri,ChIJvR-_7iXpWEYRrjpw7BTAiH4
zerzir,ChIJUznsJ-Qq3SYR_4HvP8MKRMk
Visby Hyrcykel,ChIJlYfn1Siv90YRiw33GQGTGXM
Hyra Toa,ChIJTd9VpOnFW0YRATpogtrAkrU
TelloPrint,ChIJuUJFFZVvWUYRwpnGAWDhZcs
Usely,ChIJefSCrHlJHWAR7YTSaQf8KQs
Linghems Företagspark,ChIJCflBP5drWUYRYqbeGz6LFYw
Spektrum,ChIJn4SZ3Q5vWUYR7-TRSxgPIBc
Hemsö Fastighets AB,ChIJG2WrwTxvWUYRGCA9mi2T1eA
Provejo Maskinindustri AB,ChIJq6qqar5rWUYROL_Zucpb0Qo
24Rental,ChIJ9zBzm1UPWUYR1ieiTHQU_Os
TBM byggmaskiner i Mjölby AB,ChIJjSJEDurXW0YRHtHMyokY9hs
Vernum Maskin i Linköping AB,ChIJJdZCqYxvWUYRG7XNoU2SAfQ
Adapt Equipment,ChIJ1c56WzNvWUYR33J9MaYaTb4
Villamaskinisten Norrköping,ChIJ0V7c7XA7WUYRt1tdY4evWn4
KulturTeknik AB,ChIJ-xviOkxvWUYRM7QswfY-MlQ
hyrb96.com,ChIJVRC0nnTqj4AR9f-OP4bkcFE
Barnmorska Cecilia Brüggemann,ChIJ6eZ3urIVWUYRokz4Oc70Nsg
Tofta Strand,ChIJR6CL_Eqj90YRiNRAVLYc7T8
Ystad Nybrostrandsbadet,ChIJSdnvLEJiVEYROgMEVxgDkow
Förädlarbutiken,ChIJH2bDz6afWUYRqwxKc1vSod4
Priebe-ScanRig AB,ChIJ2VqCCBk6WUYRKnyNehShx0I
Tofta Skjutfält,ChIJJ9fH0e-k90YRh_uDXBNjZuI
Eckerud True Quality AB,ChIJt_9UmTJvWUYRa0O96lBqgQ8
Mässupport,ChIJaS4y9TRpWUYR4YfWn8Rq8Io
Bematrix Scandinavia AB,ChIJ5yP3nJBpWUYRX3_obxkvFSM
Nordic Exhibitions & Events Ab,ChIJLyePaks6WUYR7uMG2GXvlBo
Healing Cottage,ChIJ_QHfAlmn90YRskDavPzr6GE
Briljant Energi,ChIJH_14emE7WUYRut6N-6Ixe60
Ryggkliniken,ChIJ1TW8hLE7WUYR_0-mAdmvJ94
iGong hälsa och utveckling,ChIJx2rIDUlvWUYRfMOj2ahHfrA
Din Naturläkare,ChIJoSWGBeLLWUYRRQI9PfA9iQ4
Vårt Alternativ - Massage Norrköping,ChIJtcVC6ko6WUYRQRQWWOvvOOw
Naprapatakuten i Norrköping,ChIJhRvx17I7WUYR53LvcYdySFE
Larmassistans Östergötland,ChIJVVVVuDk6WUYR7WiIrcmAu9E
Securitas,ChIJXwpBjDtvWUYRftx7Ot5MOco
Safe Reaction,ChIJCVS5fg41iaERPvFULKLqPOI
Bergs Slussar Hostel,ChIJFarWmyGqW0YRxnvupo8sXYo
27ans Nattlogi,ChIJG-iTkaDFW0YRjPKGKSl6NCg
Vadstena Vandrarhem AB,ChIJR8rQEgvFW0YRjL8BcWNlZTk
Vandrarhemmet Freja,ChIJezHtGrpmWUYRLr4zELl9pTQ
Valla Vandrarhem,ChIJcYwXuhxvWUYR_G6m3PYxJf4
Varamon vandrarhem,ChIJIfuxBTnDW0YRhzTkC04IF34
Yxnevallens vandrarhem & camping,ChIJH7iahSYbWUYRI7eQd781rXQ
Liljeholmen Herrgård,ChIJ8SdxlKoKWUYRzVIJy-3jJO4
Lakvik Log AB,ChIJq_IiTMoRWUYRT7TOqShZ5sQ
Solviken vid Sommen,ChIJSY1jT9COWUYRPLP5DEVXt-0
STF Borensberg/ Göta Kanal - Glasbruket,ChIJ6TtxYHXgW0YRzTkd2G2jJUA
Tallbackens Gård & Vandrarhem,ChIJuQs6oxg4WUYR8Fv4L_dD5Xs
SL4 Österlen,ChIJ_RhQClx9VEYReZg8w-OQ_5g
Granviksleden,ChIJ28VFXxa9W0YRpImHE38nQNM
Stensjö skogsbad,ChIJ4X32l0SHWUYRj5xu6OJJuDM
Pustaleden,ChIJCWBezixtWkYR4ZVl_YwA83U
Snorkelled Gränsö Udde,ChIJg-tpZsJpWEYRl7p8joawLpE
"Gamleby OK, Motionsspår Heda",ChIJqVz9f1pRWEYRrUEz6oPBzW4
Snogeholms Strövområde,ChIJ40d7Nft4VEYR8nE6Uf1xibo
Skurugata,ChIJA6VVbLXxWUYRWMXjWrc48rg
Trollparken Garpes Vänner,ChIJ7TNe6_dQWEYR5Nnt0WJaSMQ
ÖoB,ChIJDbI_sFPXW0YRS4o4z_FGHsY
Åhléns,ChIJBY9pN7M7WUYRowI6o1H2I0A
Biltema Visby,ChIJxaOOrTgIUEYRFxAbvRcbCNo
Emendo AB,ChIJ5UPa3S3DW0YRwYv88sZUFG4
FS Saneringsteknik AB | Saneringsföretag | Fastighetsservice | Asbestsanering | Linköping,ChIJMwC9bb5vWUYRDZAjEWkf8LY
Fukt & Saneringsteknik i Norrköping AB,ChIJb7zeeAE7WUYRNwtNepHXn94
Polygon Sverige AB,ChIJ-_28SQE7WUYRaGW5QaT_xx8
Froggy Vattensport Linköping,ChIJ2SjZBRZvWUYRARh1G1fjsAA
Mjölby Vattenskärning AB,ChIJ8ae5VFnWW0YRrfZw6_IS9X8
VA-Ingenjörerna Renare Vatten RV AB,ChIJz6lCeixvWUYRqNLA86Gcv68
Sandviks Ved,ChIJZwTzH7D6WEYRb9PGzfHG_yQ
Vedhög.se,ChIJI-axXtU3WkYRgY7Lr3wcNDQ
Vedkungen,ChIJd6j09_bZW0YR8vW2ZHpYM2A
Brunneby Ved,ChIJyeFiFsFwWUYRiFx94kM3I1g
Valdemarsvik Sotning & Ventilationservice AB,ChIJBWdKyeXlWEYRmnFYHO3XJB0
Norrköpings Sotning & Ventilation AB,ChIJDUL-sIo5WUYRbjpMne3S0kw
H.M. Bergsten Ventures AB,ChIJkdToTv1vWUYRe79J0FDr3pw
Dockson Arkitekter,ChIJLU0AGMTpW0YRyUdDH8JDkLM
Gealing AB,ChIJHXUTRyU7WUYRPLdDkkogcOw
Chikara Advanced Electronics AB,ChIJr53za2sPWUYRiIJS-jEL-fw
Ahlsell,ChIJpT5Zj2RvWUYRkRE3Oc0YczQ
Toolbox Sweden AB,ChIJFXffvkkPWUYRYhFHxWZt7Ps
Hilti Svenska,ChIJGcelxcxoWUYRjL3oLk5VvaM
Abtrax Verktygsmaskiner AB,ChIJ42ZK3FrWW0YRXDEVOSWeKQI
Seco Tools AB,ChIJnZYCqMg7WUYR2B4TYDY3UoE
Bimex Verktyg AB,ChIJBXGU_jrdW0YRuYSa8yuZNr0
AB Borensbergs Verktygsservice,ChIJK8XtBtbfW0YRI_-hNcEA6PU
Tomas CAD & Verktyg,ChIJR6NBXdzvWEYRYu9eQKcUMU4
Tholmarks Uthyrning AB,ChIJ46Zfgp5PWUYR-AuWYKWIjg4
JG Verktygsmaskiner AB,ChIJoUqoMaFuWUYRRzin6KhHbSU
Skanska Rental,ChIJ0ZxVksxoWUYRHBPRv655MRY
VVS Rental Norrköping,ChIJwXWT_7c7WUYRd3eytOPQolw
AniCura Djurdoktorn i Linköping,ChIJiYvczidvWUYRinFLpzA8bR8
Distriktsveterinärerna Väderstad,ChIJkTQhOw7SW0YRT_FSuT9JWxo
Mantorps Smådjursklinik AB,ChIJERWguyV9WUYRDhBId4PngYA
Smådjursveterinärerna i Finspång,ChIJQ9e9Yj9PWUYRXYwzq-G_RxE
Åbykliniken för Sällskapsdjur,ChIJt8rJ3WM3WUYRwIniu991Qq0
Smådjurskliniken Tranås AB,ChIJE_atbdonWkYR182IfEq5EAk
ML Häst & Veterinärservice,ChIJy4iSqoEnWkYRnfiLQwjdXR8
Veterinärkliniken Tusen och en katt Eksjö,ChIJU5w02KvwWUYRaBi6B8mYsak
Mälaren Hästklinik Linköping,ChIJUVkZaDtpWUYRCT9DXeJb0Uc
Höglandets Veterinärpraktik AB,ChIJOa4hyajwWUYRh3JEWEUtXRE
Gård & Djurhälsan Linköping,ChIJcX7NMOthWUYRumaQxLa4M-Y
Evidensia Hästkliniken Mantorp,ChIJzz9lWCZ9WUYRgSWS34bsztM
ER VETERINÄR,ChIJT7y5QupuWUYRVuUi7XvCW2U
BGA Videoproduktion AB,ChIJx4OwP006WUYRtNbBdzObeOM
Gryt Film AB,ChIJg-NAajRvWUYRBOE_DzjrcDg
BiggerFeat Productions,ChIJuVDwb3hlWUYRrDKbZhz09_Q
Hermod Creation Agency,ChIJIQK8u9tuWUYROr3iXLaxdvs
Eatnam,ChIJA1cmJghvWUYRePW3uOAh3G8
Viet-Thai,ChIJE16qSNHcW0YR0ily9g1bnkM
ViktVäktarna,ChIJV5ghgfQtX0YRvOOShtz-BQ0
H Perssons Villa Mark & Trädgård AB,ChIJYZXkTppPWUYRurQRPFSJZAY
Naturvinsbar,ChIJNcY60Zp3X0YR3u_mssfBi7M
Meetly Storgatan,ChIJH5tqax5vWUYRA3hFz7DR4k0
Mat och Vinbaren,ChIJOcNnnpd9VEYRZwLDZwoYPKI
VineaLink,ChIJw6J8NcY7WUYRR6Gf2ssOgbw
Cavarosa,ChIJKRcdfiRvWUYR1gKnOeMPx60
VKS Vindkraft Sverige AB,ChIJWbYfKxndW0YRwsFmgQPTR4k
Fields Wine Company Ab,ChIJnwDAdPl3X0YRUw3xFstKraE
Intermondi AB,ChIJr0bnrFydX0YRIxtDrfbmg0E
Särtshöga Vingård,ChIJobOI5cvNW0YReBYvXpxvJo8
Linköping Wine Club,ChIJN7in9W1vWUYRynntLlqhakg
Quercia Interior,ChIJlRludSVvWUYRtAFs9B9oUgo
Vin & Spirituosa källaren i Norrköping,ChIJ56LKGGQ7WUYRt_hChQhbL_U
Vinkällaren Grappe AB,ChIJn0hwkVCdX0YROBy2B2-7S2I
Rauber Musik,ChIJg27xMaHdW0YRqXDHKtnbZbk
JKE VALDEMARSVIK | ELECTROLUX HOME,ChIJ8yAqA7n7WEYRLS-qGGqdt90
IPinium Sales AB,ChIJVVVVFcPCW0YREIHck5wRhnQ
Kolmårdskök AB,ChIJr8ccvydvWUYRDkifS8UFVDI
Elon Kisa,ChIJEf3U7ZOiWUYRURlSzBIQCuw
HTH Köksforum Linköping,ChIJhVTJv01vWUYRtDE3BZypZAY
Electrolux Home Valdemarsvik,ChIJa7Vg2dL6WEYRFNGPij9Iu5E
Alséns Tranås,ChIJReyvLIsmWkYRE5UPS2AQfqE
Michelsens Bil - Volkswagen,ChIJTR469259VEYRt2zqiwb1WII
Södermalms Volleybollklubb,ChIJj480qfat7kkRg2tEgYGQPB4
Volvo at Tage Rejmes i Linköping Bil AB,ChIJVVUB3TkPWUYRfFs1MRb_CDw
Eductus Arbetsmarknadstjänster,ChIJzeFoOelPWUYRmqmtm4aFc58
InfoKomp Vuxenutbildning - Linköping,ChIJz30lbzFvWUYR1uqNJ_UpOYY
Consensum VUX,ChIJDQwjrEJvWUYRtmAaEsSKZEE
Offensiv folkbildning,ChIJAQDNRZFuWUYRO_FYGSc776Y
Agila Institutet VUX - Linköping,ChIJ59Jx0CFvWUYRiAb1jQ9F0Ns
Angela Tischbein-Madsen,ChIJfZa9i5DjW0YR_OLX2XBbkIU
Everyday Toastmasters,ChIJ54XFTHhYl6wRrY_gtDfs-OQ
"Medlearn Linköping - Utbildning Hälsa, Vård & Omsorg",ChIJm00YhPhvWUYRABZBFczq0ZE
"Iris Hadar Linköping - Utbildning, Omställning, Bemanning & Lediga Jobb",ChIJZdZ3lyRvWUYR9rkalFILSRQ
Komvux,ChIJfTcvZgg7WUYR8ygY3tRaCds
Sandbäckens Rör i Linköping AB,ChIJOa5PcH1pWUYRPasktSlaT10
Lundstedts Rör Motala AB,ChIJo79Why3DW0YRxEz5MJIX4Hc
M-VVS i Östergötland AB,ChIJ99zaC-XcW0YRoLh4Ag5W8P4
Rör & Fastighet Östergötland AB,ChIJOyfrsSQjWUYRMiSxSalUDzI
VentPartner,ChIJSfA1F0xvWUYRgEMMYZCc6Ao
Rörteknik Östergötland AB,ChIJN-OshvxvWUYROfZpiBsBPdk
Spångberg & Blom VVS AB,ChIJA9sOxwBnWUYR18wkDRYjKfg
El & Teknikservice i Östergötland AB,ChIJVwQhfDg6WUYRWi8FtTuWenQ
Rörrevision Kjell Söder AB,ChIJx0vV3K0jWUYR75wy8zH7tLE
Rörtema i Linköping AB,ChIJdZlRqDRvWUYR0Ows0e1cDkI
Ventilationsteknik i Linköping AB,ChIJAQAAAKNuWUYRNS8BncJEhp0
Rörkrökarn i Motala AB,ChIJI8QfjyzDW0YRp5S9iFZyBe4
Ostkusten Rör AB,ChIJjaxFzLM7WUYRF7TGXEM4rPM
Repipe Sverige AB Östergötland,ChIJR_-mVGk7WUYRo3TZzrW2SbQ
Svärtinge Rör & VVS AB,ChIJGd-owsU7WUYRDwxuwTDaDzw
Björns Vatten & Värme,ChIJP0EKde5vWUYR6QPpkc_WMmw
Ventvision,ChIJg3IlQABtWUYRAayDTCGnM5I
Bogrens VVS Isolering AB,ChIJAQAAAIVlWUYRthzKELVKWG0
Norrköpings Rörtjänst AB,ChIJuxwA5Uc5WUYRnzmtKS3vTG4
Jec Fastighetsutveckling AB,ChIJd-KoVRc9WUYR_X89zCEePuU
Gunnar Karlsen Sverige AB,ChIJsWIilDs6WUYRCOYVJdlcblI
Bad & Värmebutiken i Motala,ChIJLwNAfdrCW0YROm0dxw5k-7g
NGL Teknik i Linköping AB,ChIJZ2IDjfNrWUYRTezDAonttio
MF Rörteknik AB,ChIJbQAkScpoWUYRh1hNBVvkO7c
Spolbil Västervik,ChIJMzCAHziE_wYRFWkHoZ_bg3M
Rörakuten Ystad,ChIJNaaw9wsyHqsR7_L3u-0yxXk
Vått & Torrt i Linköping AB,ChIJM_ZkwMtoWUYRs38UKwA-qv0
Rörmokarna i Vadstena AB,ChIJp1oofQnFW0YRaqst6zUa-pk
"Värme & Vatten Nyköping AB, Br Lundqvist",ChIJfU_H7WQtX0YREoqe-xzkOIs
Petter Jonssons Rör & Elbyrå AB,ChIJcyYCUtL6WEYRMBLM0eZ20eE
Rörmokaren i Kolmården AB,ChIJKx9NOzY6WUYRw0KU0LFYSnc
Hjulsbro Rörservice AB,ChIJXRwJ_UhvWUYRwDrvpVgPDms
Total VS i linköping AB,ChIJNa2a2TJvWUYRuNIc07vQ72c
Värmefixarna Öst AB,ChIJ_cadWDYPWUYRqVAz9ib-Ah4
Rörservice I Åtvidaberg AB,ChIJT8qpwiVvWUYR13LHds33X48
TG:s Rör AB,ChIJSUqHvnVPWUYRHzR-QVT9_A4
Arne Karlssons Rör AB,ChIJFfoE2Hx9WUYRA5R1B-irERk
Månsson Rör & Värmepumpar,ChIJealL2gA7WUYRWDUsVmzkZOE
Rör och Kylteknik Norrköping AB,ChIJ5cKrq_88WUYRTo8-FFwYgG0
Wilssons,ChIJ0TfCWv07WUYRlL47tBmxvXY
Rörproduktion i Linköping AB,ChIJAQAAAGw6WUYRLZv1fiaxzZs
Östgöta VVS i Linköping AB,ChIJPdpbF0dpWUYR-WtBvrw9v5U
Erik J A Nilsson Rörlednings AB,ChIJV803Zqs7WUYRochY1pt1Hzk
Lagnströms Rör AB,ChIJSUZMs5HgWEYRhj2OQre1DkM
Tannefors Rör AB,ChIJC9TDcMtoWUYRP7MfRdrtVds
Korskrogs VVS AB,ChIJfSanN4PfW0YRVF4uPUjhB14
"Anders Olofsson, Bil & VVS-service",ChIJyxwGSFqrWUYREQzftp1UGOE
Ternstedt Invent Linköping,ChIJwUakDkFpWUYRTiqoRDrvRKA
Mjölby VVS AB,ChIJ50KTwInWW0YRJNsXGfgfHEI
Valkebo Rör AB,ChIJ97Qj1upkWUYR4GaQodGjhpQ
Harstad VVS AB,ChIJaXqJBDIVWUYROK5Bwc1a36I
BCT Schaktfri Teknik AB,ChIJFQ2kNyEPWUYRThgGjdIDq9M
Kernell Rörservice AB,ChIJ3YESjGCgbmoRgglrmCvcd9Q
036 VVS,ChIJ6TS3zdO4IgMRpM6TG8-51us
Spolbil Mjölby,ChIJaW5laULXW0YR9prxd4btV6s
"Habo Rör, AB",ChIJLTLQH4doWkYRwK6mx8vnVCQ
Vardaga,ChIJwwP3hulkWUYRrD50AVedaDA
Familjeläkarna Mjölby,ChIJ4-6IC5HXW0YRxPg21npgC5g
Vårdcentralen Åtvidaberg,ChIJQa-81rIIWUYRJzu3UfPs1Os
Vårdcentralen Vikbolandet,ChIJCzBB0ecnWUYR8LCAd12biZw
Geria Vårdcentral I Söderköping,ChIJb6E2sLMjWUYR2gDeeyTrcH8
Kry Vårdcentral Östertull,ChIJo6qquqw7WUYR92ueqKJM1WU
Active Omsorg i Linköping AB,ChIJz7P82NhuWUYRnQ6IxaHLsoM
Trygg omsorg i Linköping,ChIJ__97AElvWUYRL0EQeO6T6nw
"Ätstörningsmottagningen, region Östergötland",ChIJRUdv7IlvWUYRg3pNCGZ8xng
BON Östergötland,ChIJhWpx9iA7WUYRUysczuvr_aw
Ortomed Linköping,ChIJcwfBGf9vWUYRM9w9QutNG74
Ryttarvretens kennel,ChIJq6pOECpcX0YRmlhFKzUaYDE
Remröds Kennel,ChIJxYnniLv6WEYRvhRCr1qM5pE
SiS ungdomshem Folåsa,ChIJq6qqqrpjWUYRG06EjdGGC0s
stormglass.io - Weather API,ChIJDVhF6g53X0YRupnbKjEyhP0
Eva Flood OPEN HEART Communication,ChIJ0TBPoTFvWUYRibpi1RfN6Dc
Solveig Berg,ChIJpYPYlSbhWEYRc4ArZXT6S-c
RentSafe Sverige AB,ChIJ0ZB2C3g7WUYRBnZ5N24RaA8
Tappra Barn,ChIJicWkUUJvWUYR9K9bAuVO2Sc
Vision For All,ChIJs4HygTpvWUYRpdXV2WCDqjY
Övernattningsrum Vallastaden,ChIJT5mCAHNvWUYRZCoHvHTHF4E
Energi & Värmeteknik AB,ChIJsfEnETdvWUYRZ9uADYp2gVs
"Energi- och Miljöteknik, Rolf Qvist AB",ChIJ-zpkL8VlWUYRGHIrxdZIqpY
Energihuset Försäljnings AB Hardy Hollingworth,ChIJBeZq11U6WUYRg1GvuAX2X6Y
Arsite Ab,ChIJaXMO7-w0WkYRxUjoRdzGWF4
Energikontroll i Valdemarsvik,ChIJ-9AtaMojWUYRBTHBKK9k_iw
Östgöta Värmepumpsteknik,ChIJE-owmesJWUYRmxesJ1jnNtE
Waleijs Kyla & Värme,ChIJ5aROt79PWUYReZvyjw-l8ME
Kyla Värme i Linköping,ChIJ8e902D-IAk8RBLvqg79xc28
"IVT Center/ Miljö-, VVS- & Energicenter AB",ChIJe2Ybly3DW0YRx4wrTTGd_yI
ETV Elteknik AB,ChIJY_3LaU_WW0YRqlBTRj1x-So
Ventilationsprojekt i Sverige AB,ChIJVY4wCcY7WUYRUSisb1hamLE
Didriksons Brasvärme,ChIJNWuEXzJvWUYRraaulzo7boQ
Adven Sverige AB,ChIJ8ePKB-IqWkYRcLN_zsg46-0
Ömangruppen,ChIJA32-8DVCWEYRc1ibM7XKL3A
MOGG Service & Entreprenad AB,ChIJB97MS7knWkYRzFEYvmAs71Y
Värmekällan i Sverige AB,ChIJ_____-AnWkYRjTqxzJcJCNA
Vatten & Värme Marcus AB,ChIJidgR88M4WkYRyelSdTF_vY0
Norrköpings kakelugnsmakeri Ab,ChIJF145Ud0xWUYRZvQnk8Wj0WU
Linds & Källmans AB,ChIJI9X2trAnWkYRgK5_40V6m-U
Hargassner Sverige AB,ChIJXesQMI3dW0YRxfXEN8ib-oI
KVOne,ChIJ7eydi2dtWUYR3ij6XhJnsjI
Caverion,ChIJVVVVVYRPWUYRMaRxJWBtKjg
Assemblin,ChIJv4R_BPY5WUYRPIZ_u7Q7D3g
Klimat & Värmeservice Öst,ChIJ9fQMLF5uWUYRi_TP973O_JE
FastighetsTeknik,ChIJh4WzakyV60MR5uHCmcqG-tE
Rydell & Lembke Kyl & Värmeteknik AB,ChIJeTTnJr0_WUYRu28CV5G0kWk
Radiator VVS Tranås,ChIJkVmyss8nWkYR-Ed5U3qscZg
Stångå Rörservice,ChIJAQCEyO6iWUYRGuT3rYASwi4
Rizzo,ChIJdWwRDbM7WUYR_FihQnmxvtw
Asplunden Maskin & Trädgård Ab,ChIJl0M7X_kxWUYRUy5XGixf79w
Drivbänk,ChIJyafvvTpnWUYRUVfIim4-lrA
VARA PÅ PLUS AB,ChIJvf6LeSPyWEYRHmJBf9sOpN4
Bishop Media Webbyrå Norrköping | Hemsidor för företag,ChIJEzXA-so7WUYRmZn6p9_Y04I
Merlins Creative,ChIJ1zkGMDuleUMRhlJuuL0Yb8w
Lemonlime.se & Webbhosting.nu,ChIJQ7wsP3pvWUYRpIjd23AIqGE
JGL Webbyrå,ChIJN51YjiNvWUYR-ea0NGM2rLk
Kinda Webb & Design,ChIJiS1fHPGfWUYRFbdglmmRXZc
Teamweb Sweden AB,ChIJU0feFjlvWUYRl062QGBDBPc
DarexWebdesign,ChIJIW3tKfB7Qm0RtFYBbbsXYgQ
Mindbite AB,ChIJn0vu9INvWUYRKO59wy64hkY
Da Capo Design,ChIJ56_PG1FvWUYRgwuQOpbO2rk
Vong Design,ChIJn1iR4SRvWUYRMo4EgUJ7eIM
Carlj Webbyrå AB,ChIJkbL7qUs6WUYRhMEWV9NYkBk
Webstrap AB - För Webbsidor & Applikationer,ChIJnVoO2XxvWUYRz-wDdXLlYxk
Hollywood Hills,ChIJBclennNvWUYRVzVgIrgZRh4
Vallagruppen,ChIJEV2oPOpvWUYR0OyAmuSlIyM
Webmastery Nordic Ab,ChIJywEcfzhCWEYRRMmWurNxDSI
Sund Support,ChIJm3oOx5dbWEYRklTxgx0ggr8
Realdesign,ChIJc1KDDwhDWEYR-aJo95YlYxw
Ipvik AB,ChIJk4YK3JaIwaER8agcTG1xwTc
Rainy Days,ChIJu3et7AoDWkYREO3aWIJkv-g
Chiliberry - app utvecklingsföretag,ChIJH1ExOqD7WUYReilUyN-CMFw
Bardic Design,ChIJEW48sWgmWEYRRMQigT-HaRQ
Linköping it service,ChIJKWBMn_xvWUYRy2FfTMJXWVk
Arcsin AB,ChIJUZpIWhxvWUYRLnpaGMejFa0
Ryda Form & Funktion,ChIJ49wRu1R1WUYRAip_uZgXeMs
Keylab AB,ChIJzS32PiRvWUYR8xE0k8cFoBg
SkyMaker AB,ChIJsRnJwntvWUYRccohTQ91Cpk
Mediakonsulterna,ChIJ3Z9ULzBvWUYRQz16vxhd6pY
Webking,ChIJRRw0_ZI_XEYROugwOzh1lTE
Hyperlab AB,ChIJq6qqqo-PT0YRB8uy0T8P_ic
Fecani,ChIJ1X6fJeTLWUYRvzBXoWL3SM8
Polder Solutions AB,ChIJMxaI5BESWUYR7uUvljQF_IA
"EC Media, Västervik",ChIJN_bTDVpGeqYRVueS0rswSFc
Advertico Media,ChIJ3VBu0PiRgYERsSb2xXil3GI
Webbma AB,ChIJXYw5pouphSAR6KcaALfozNs
NetNest.tech,ChIJ-9Q3r6ATWkYR_06kFnNFrn0
Ship Media,ChIJg4Z8oPJSOKsRfEpRmpwOuZ0
JonHosting,ChIJH8dKADZPWUYRWg9MUGpv2mM
ANX.SE,ChIJhyaHTzJsWUYRNPzV-oCDehQ
Hosttechno,ChIJLXutLhu8X0YRHzBoZI6wY2E
Yoga Med Marie-Christine,ChIJj9p4t85GWUYRZcD1hbA8QKI
Lilla Yogastudion,ChIJtWsLojpvWUYRvUapNvXIh_g
Framgångspraktiken - Pia Hidenius,ChIJ66_3srQ7WUYRIoAxEvWIY2w
YogaHuset,ChIJJ5EWziZvWUYR8eyDpughgf8
Yoga Shastra,ChIJhXzTOBhvWUYRnk_ik49S6iY
Yogavana,ChIJcd9A3D9vWUYREIYBJ8PE834
Everglow Yoga & Naturkraft,ChIJjwV4lqdvWUYRmMUS7k9Bh9w
Vayu yoga,ChIJvdLVnFM6WUYR1E37zqGwfZM
Yoga Living,ChIJeVEtn0w6WUYRfLOBGcAw2tQ
Yogadax,ChIJqV8gv7E7WUYRXP_CTLc6Ecs
ÅMC Yoga&Massage Kraft,ChIJDxWruy46WUYR1qo0HqrayRo
RinYoga,ChIJVVVAuR9vWUYRLZSKDRT19Lc
Coachadittliv,ChIJc87jaF47WUYRdcK3ysI0CeY
Yogarina,ChIJ1cEbRsQ7WUYR_PDZy-HM7-0
mayu yoga & hälsa,ChIJt4tdr5lvWUYRx7j_nSB19RY
Hitta Hälsa,ChIJJfDr-bEpWkYRtANQvBXsiKg
Yogacompaniet / VANA Studio & Utbildning,ChIJD1hPUtonWkYRuWxar825-I4
Själscoachen,ChIJVVXFwzlvWUYRY6J3lWskT4I
Yoga för mig,ChIJhxHCveA7WUYR7Pn6gvW61sA
Yogaenergi,ChIJuascNBpvWUYRoV31DcvLDCo
Yoga Monastery,ChIJ45Dj2k6_WUYRzXr74GN4eXg
Teknikhögskolan,ChIJqwdGBiRvWUYRko4i27zDm-0
Yrkeshögskolan Logistikprogrammet,ChIJBQusaks6WUYRV8gZVaDzjic
IHU Urmakarskolan,ChIJd2YWwSnDW0YRJh8B3vjQxIA
Östsvenska Yrkeshögskolan AB,ChIJ1e-RwCVvWUYRTy5c47wafAU
KompetensUtvecklingsInstitutet (KUI) - LINKÖPING,ChIJL4Om9SRvWUYRul217NJpDIA
Bergmans Zonterapi,ChIJAQCwDk06WUYRF0Q6fozKZvA
Norrköping Master Massage AB,ChIJ6YWDT8I5WUYR5T2vju4Zohc
Linghems Åkeri AB,ChIJ078bMaRrWUYRQ110m85ai-o
Kranbilsåkarna Östergötland AB,ChIJvW9HzsxuWUYR-SW-EV85nx4
Sture Gustafssons Åkeri AB,ChIJh1za3S-TWUYRxgQhCDCH5ro
Fröjds Åkeri i Kisa AB,ChIJ-wbP_5OiWUYR3MgkHV6G0E0
Fågelsta Transport AB,ChIJ6-iD2ZXWW0YRMPjfcV-bk6Q
Aron Carlssons Åkeri AB,ChIJi1sWNDg6WUYRfRazKVSbsNA
EB Road Cargo,ChIJ5RIKLU86WUYRoC8bsk61O-I
Mahrs Åkeri AB,ChIJqcfRchtsWUYRQBu5jv24eVo
Hultmarks Åkeri AB,ChIJD9TrYCMPWUYRJ1_3JSAXZ3M
Gripenbergs Åkeri AB,ChIJR1PEHJ0mWkYRnX0dLSodbZY
Betongfrakt i Linköping AB,ChIJs2k-GXBsWUYRoMJ3UyZ6sAw
Tranås Åkeri AB,ChIJO8KrLLYnWkYRQdIXw8wul9k
Curt Rahms Åkeri,ChIJfZZIzsxuWUYRcZ1yzqd-tMI
Stratomta Åkeri AB,ChIJZQzBtWtrWUYR6Iss9YqQg4U
Mantorp Släp,ChIJSRoAXOd9WUYRD680BkkebiQ
TK trailer AB,ChIJyTzq2BsrWkYR8_D7R3lGPKo
Specialteknik i Linköping,ChIJGyeKmJVvWUYR3Uqe-jEU_Vs
Driving Event Sweden AB,ChIJq6qqqtpsWUYRNNjzWFEcgrY
Fritidsfordon Öst AB,ChIJL2u9rk5vWUYRJ1O-OZQIUEo
Mantorps Husbilscenter,ChIJ__8_2x59WUYRLqabvyvlxyM
Dags Husvagnscenter AB,ChIJr1XXzfQ5WUYRaQ0XgJ1kpD8
American Motorhomes.,ChIJfa_dVDEiWUYR7hJBPsE-qZA
Östgöta Husbilsuthyrning,ChIJqfvGZZFnWUYRISlyyJUZWDc
Kvillingebil.se,ChIJndgCEItJWUYRlDgjgW9uJ2s
Kombispel,ChIJVVVVDGedX0YRmcfq7l9KPnM
Kia Service,ChIJZyjPDlPXW0YRF0KORahdYMw
Torvinge Bil,ChIJoZtlnUlpWUYRsOfDzbGfWQw
Chevrolet,ChIJq6rqLCpvWUYRj8BtFFwyDS4
Ag Bilar,ChIJBaP4li3DW0YRjCDpgYHXaIY
Assarssons Bil,ChIJxy9Wp11pWUYRJ7pR50eVjUs
Dynamic Management AB,ChIJq6qONAM7WUYRFVr6TSoX6l0
Lema bil,ChIJT23t3tluWUYR2LIk539TyeY
Am Trailer,ChIJT7-N3U7WW0YRvj28jBkBpuw
Elegant Elscooter,ChIJnb8g3SLdW0YRYuh13gP2QN0
Bilcenter i Hallsberg AB,ChIJXeEJwo4MXEYRy5NVdNfkLhM
Återvinningscentral Valdemarsvik,ChIJM4yUnCjlWEYR794wgTm0DoI
Returpunkt Skärblacka Nodra AB,ChIJH36njDFHWUYRJ1_quCY-2dA
Remondis Norrköping,ChIJW7AeViSijA8RfDFaEzllJQo
"Hedeskoga återvinningscentral, Ystad, Sysav",ChIJayiWJq59VEYRMiKcybwBu5Y
SkrotSmart Linköping,ChIJaYjA__lvWUYRq4DrsefSClw
Pantmottagning Norrköping,ChIJyVejBXQ7WUYRPVKg4sGDEVQ
Finspångs Tekniska Verk AB,ChIJLy4xDJtPWUYRoDAtzddYukA
Sånart Boxholm,ChIJ-TfRyOgqWkYRRjQdLnSPbz0
Stjärnägg AB,ChIJ_____8xuWUYRC2BxzOsgMOs
Swedegg AB,ChIJ_yfD1lppWUYRO-M0hVNGXGU
Attendo Vikingstad,ChIJU1S6L5NkWUYRATlanDQvExU
Vifolkagården Äldreboende,ChIJ1__ZPCF9WUYRxvH5GhUvW4o
Dalgården Äldreboende,ChIJFbGBxksiWUYRCnPbg25J56Y
Kastanjen äldreboende,ChIJK9rd2OpuWUYRabzwXitu7xM
Hagagården,ChIJB8EoEp_FW0YRMy9dRiKejaY
Rödingen,ChIJYSL63KyyW0YRjGmYznyHk08
Linköpings Fallskärmsklubb,ChIJlQQbuHbcW0YRYdvbK0CRo8Y
Lilo Wingfoil Center,ChIJOzLWtzij90YR7RVRyJthNbY
JumpYard Norrköping,ChIJ_0VYFFc7WUYRSEk3UPRl61c
Sörsjöns Äventyrspark,ChIJ4QAvvRk2WUYRpx28uw6Nk6U
Linköpings Höghöjdsbana,ChIJv6UYu15uWUYRSinJGpxSFw4
Capio Ögon Linköping,ChIJhRQm6jRvWUYR3RHwZDZ7Hog
Ögonlasern Linköping,ChIJlwcGeSZvWUYRBPY943CulRc
Synoptik,ChIJv3J3bfjXW0YR2BT-8VcW22A
Memira Linköping,ChIJbfdTyyVvWUYRohJ8qthYdn4
Direkt Optik,ChIJE9WIUSRvWUYR7t0MZ4l555Q
In-sikt Kunskap & terapipartner,ChIJ2_MnI847WUYRCMg70wy37CI
Lasarettet i Ystad,ChIJh3CmI2h9VEYRqNflgNh0W0E
Språkservice Ingela Dellby,ChIJwWUVRjxvWUYR_8gfIk9OK2A
Gallnäs Gård,ChIJo9tRLZXdWEYRpbsUX1Glyys
Komatsu Forest AB,ChIJGUxaKe-iWUYRH3En6Uw1Hqs
Langner Horsetec AB,ChIJh9TtS6EVWUYRP4PWHVXUZdc
Lögenäs Maskin AB,ChIJ__Hm2_rhWEYRvkfGPDNEt94
LBM,ChIJIfJglzFHWUYRxQbEF-2PmCI
Jernhest,ChIJczrH6zhvWUYRuTXmnG_6cgY
Blå Kustens i Östergötland,ChIJc6MHNXg7WUYRDoNN43qvj1c
Ryds scoutkår Skövde,ChIJoYSjgO4DW0YRw868ZhftO40
Åtvidabergs Motorklubb,ChIJuyuAzjcPWUYRGRO-O7Ex6yc
Albatross Marine Chartering AB,ChIJtZpD3tL6WEYRGPFRPqZSjfQ
Valterstens El & Lantbruk AB,ChIJI5-XTJ_ZWEYRzSut9KuYcSs
Östergötlands Pulverlackering AB,ChIJO-cOw3LFW0YR9mgu8cn7dfA
MediaFokus,ChIJ__8vpT1vWUYRizcy2NZdGgM
Sångarbröderna,ChIJZ2qiLd8qWkYRD2bZqUGVghE
Linköpings Symfoniorkester,ChIJF6ShZT9nWUYRNf0LTfWYd70
BoCare Boendestöd,ChIJq6q2QT06WUYR5wo8S2-7mf8
Spf Seniorerna Finspång,ChIJSY710aFPWUYRx_0gCagxIDo
Design Construction Production,ChIJT8YjKutPWUYRZp8TD-Vhj-A
Kolmården Design HB,ChIJkzjwjTMuWUYRa5j7QEzB970
Instabox,ChIJi81XBJ47WUYRJH5CClBdeiE
Scandflow AB,ChIJJQmBAS7DW0YRX3j1t6aOYno
AB Motala Verkstad,ChIJF6Ed0T3dW0YRXbalWjImREI
AB Linköpings Brandservice,ChIJywR-AitvWUYROugGUVD11Ig
MWS Ventilservice AB,ChIJjQNZhNncW0YRE9nMW7TA6Eo
Probity Ab,ChIJ1dnhwDc3WUYR06P9BaxFXuQ
Ömek / Cag One Service AB,ChIJVbrdTjcPWUYRSLsPzTHxaRI
AB Wallmans Smidesverkstad,ChIJZ5fMJDoPWUYRYQl6VMqyYfM
FR Irrblosset,ChIJJ6g-qhVvWUYRP9VEl1yTRbM
Unplugged,ChIJ55E6_JJMWUYR4j3axibvjtI
klaskalas,ChIJt9NkIak7WUYR5vR0V70jynw
Byggcontroll i Finspång AB,ChIJVVVVVYRPWUYRJ3M7Rs9Eigo
Fangol,ChIJEecYFPx9VEYRhuKCgt_fukM
Trucking Festival,ChIJVVVB9CxvWUYRVfd4dG14n1M
Forskraftstiftelsen,ChIJo7mRLkgPWUYRgSsqjOtHaVg
Borensbergs Emballageindustri AB,ChIJk7lsmXjgW0YRI8_A_r5jASc
Jernbro Industrial Services AB,ChIJWyjvzudPWUYR0DSllOpIvrI
Friborgs Maskinslip,ChIJqX4yjU4uWUYR4cI9u3RyMjw
Mjölby Industriteknik AB,ChIJq6qqqpfWW0YRX5rZNO3kGMk
Alinox Ab,ChIJ9c8HS4nWW0YR6WoAViWXdtQ
Koop M,ChIJr-MbxQzFW0YRMUhJ0CoPLGs
All-Print i Linköping AB,ChIJ____P3BvWUYRYG8kql9QM8s
Söderstaden I Östergötland Ab,ChIJSdUc_VE6WUYRUy3szs_tzoE
HTC Cleaning Technology AB,ChIJSdRzTgkjWUYRX_7IxIYIjLc
Forsnäs Form AB,ChIJNb08rFiNWUYRAnkKzzP71_g
Tåkerngrönt AB,ChIJqQeSrJLRW0YRgec8R3FmdXg
Jarmyrs Rundslip & Mekaniska AB,ChIJUcYmDsXcW0YRpXVYWSn6uHU
Motala Design & Dekor AB,ChIJJZ0_RCnDW0YR0BryJbb3FNY
Såneby Vik AB,ChIJI5-XTJ_ZWEYRhD7NlDta4gU
Norrköping Science Park AB,ChIJwYLKjso7WUYR3zM3IEP8_Ow
Yara AB,ChIJdcO-SkE6WUYRuxKXyyN3BMk
Spring Systems AB,ChIJu7iIITlvWUYRRu_6owPVDhA
IGF Biogas,ChIJ5X7neadvWUYROAmf_hywU1I
Spiromec AB,ChIJCdvbOaBuWUYRoyefUlZvs5g
Endokrinologdirekt,ChIJAQDsUjp2X0YRou5tsiRXUp0
Ivm Industriverktyg & Maskiner AB,ChIJge41QUtvWUYRZGRpS6BpYYw
Industriell Laststyrning i Linköping,ChIJawQ9zEThW0YRkn_gH-NdfU8
Lovanggruppens Handelshus AB,ChIJJc3Rf-xkWUYRycGTDpfx-3A
Pauser Media AB,ChIJy6WZfiZ4X0YRB3sYFc8E5Og
Inflight Media Sweden AB,ChIJKa_Lvjm8X0YRs6Ml5XoHSxc
Mediakommunikation,ChIJ9RK68Mo7WUYRL7b7x_IaFho
PI Tjänst,ChIJ1eWzWlBOWUYRpyOyabD0tnU
Nordic Aircraft AB,ChIJAWj9z6bJW0YRZu5LaL_ZQf4
Flexmac Industri,ChIJN4GUCcnkWEYRK5-kAHcAHvc
"Sissi Stahli, skulptur",ChIJAWCqSLIRWUYREYTv-rk6aIc
Vadstena Pingstförsamling,ChIJyQKCcQzFW0YRc4PRqhfwR_Q
Falketorp Missionsgård,ChIJS4HEa2TXWEYRsWk662YKDnA
Möbelmontage AS AB,ChIJx1gr8xi8X0YRMP12_J80NEY
Redakliniken AB,ChIJg8AzLiVvWUYRuRerZ0Vcbec
Motala Touring Club,ChIJAQDcMCTdW0YRx8xpmOzAS2k
Htt- Hus & Trädgårdsteknik Ab,ChIJk1fwJtLkWEYRYMRZXWbpV-E
Plantins & Co AB,ChIJbYgE8OhPWUYRwHBX6Dj_9qk
Turnmill AB,ChIJGzhDZ1fVWEYRvk4Nv4AExUQ
Virtual Manufacturing,ChIJ9dFYujFvWUYRHXswraqmm0M
Liveklubben,ChIJm2QjGyRvWUYRaoF2bIxoCd4
Sonstorps Mekaniska AB,ChIJfXsZTVtXWUYRLbXlsi1tMvM
Design by H AB,ChIJq6qqaihsWUYRCoTpvRcl5EI
EASweden,ChIJOXMvTi5vWUYR1_RUtELjguk
Elkonstruktion i Östergötland AB,ChIJW3aLTz1vWUYR7uxjcMoCp2U
Motalagalan,ChIJUURhFNfCW0YRVYX52enV2YY
Nordic Performance,ChIJq6q6hoA5WUYRcvSi7kpdav0
CONDITION FOR GREAT DESIGN,ChIJSyec3rM7WUYR7ZTiaTIm1pE
Elitröj AB,ChIJyQM5NuxmWUYRw1EorHRdmMI
Ljudgunnar,ChIJfy5atKZrWUYRbC9hoFMBDTU
Boardic,ChIJxxoffFc6WUYRLprZ4T9fPT0
